     shots,    errors,  discards, seconds,decoder,strong_id,json_metadata,custom_counts
         1,         1,         0,   0.014,correlated_pymatching,c2ee825deafe783a462ac9c8fed7664cafe09b3434eb74c5b130babf22b5dc81,"{""d"":3.0,""p"":0.01,""r"":3.0}","{""obs_mistake_mask=E"":1}"
         1,         1,         0,   0.014,correlated_pymatching,c7ade3d0ca81f581a79a44e386edf28b21bfc66103ac2ac7d8e4fee170dba66f,"{""d"":3.0,""p"":0.004641588833612777,""r"":3.0}","{""obs_mistake_mask=E"":1}"
         1,         0,         0,   0.016,correlated_pymatching,f989af7d8757b7b1dc4b7c5ccb305775f8abd78056b05ce6b6ff616bd0cd1e6f,"{""d"":3.0,""p"":0.0001,""r"":3.0}",
         1,         0,         0,   0.019,correlated_pymatching,1d92e2c778b67ce655b89e4b9df1092099d3d8da8d65658c9bc5e7b6f14f6e1f,"{""d"":3.0,""p"":0.001,""r"":3.0}",
         1,         1,         0,   0.020,correlated_pymatching,f20b04760bf06c73cb5345c8a6f711489b821d87c95d8f6e70f358df96900a1e,"{""d"":3.0,""p"":0.021544346900318822,""r"":3.0}","{""obs_mistake_mask=E"":1}"
         1,         0,         0,   0.020,correlated_pymatching,82d4625cd258701e8a7fb9579967149923f58366fdafb54fc33e0ab2ef56f22e,"{""d"":3.0,""p"":0.00021544346900318845,""r"":3.0}",
         1,         1,         0,   0.020,correlated_pymatching,7b489410955c7ac27a1d9a60a81af6aad4844733edd6ccf2f417fb0011e43405,"{""d"":3.0,""p"":0.1,""r"":3.0}","{""obs_mistake_mask=E"":1}"
         1,         0,         0,   0.015,correlated_pymatching,4468f5c016be5488f1b5f3ffea14971e50e389c05de360d892a92d2e3c88c46c,"{""d"":3.0,""p"":0.002154434690031882,""r"":3.0}",
         1,         0,         0,   0.019,correlated_pymatching,c2c15e3406a1fc2fec9f6ffa5afa2a4a4872108563a5d9df529b9e4188cc3bd1,"{""d"":3.0,""p"":0.00046415888336127773,""r"":3.0}",
        16,         0,         0,   0.014,correlated_pymatching,1d92e2c778b67ce655b89e4b9df1092099d3d8da8d65658c9bc5e7b6f14f6e1f,"{""d"":3.0,""p"":0.001,""r"":3.0}",
        16,         0,         0,   0.016,correlated_pymatching,82d4625cd258701e8a7fb9579967149923f58366fdafb54fc33e0ab2ef56f22e,"{""d"":3.0,""p"":0.00021544346900318845,""r"":3.0}",
        16,        10,         0,   0.016,correlated_pymatching,7b489410955c7ac27a1d9a60a81af6aad4844733edd6ccf2f417fb0011e43405,"{""d"":3.0,""p"":0.1,""r"":3.0}","{""obs_mistake_mask=E"":10}"
         1,         1,         0,   0.032,correlated_pymatching,9639084745e39b725e8cc79fbf0e271be79fd3f87259600c0188ec95b222fd30,"{""d"":3.0,""p"":0.046415888336127774,""r"":3.0}","{""obs_mistake_mask=E"":1}"
        16,         7,         0,   0.019,correlated_pymatching,f20b04760bf06c73cb5345c8a6f711489b821d87c95d8f6e70f358df96900a1e,"{""d"":3.0,""p"":0.021544346900318822,""r"":3.0}","{""obs_mistake_mask=E"":7}"
        16,         2,         0,   0.024,correlated_pymatching,c7ade3d0ca81f581a79a44e386edf28b21bfc66103ac2ac7d8e4fee170dba66f,"{""d"":3.0,""p"":0.004641588833612777,""r"":3.0}","{""obs_mistake_mask=E"":2}"
        16,         1,         0,   0.023,correlated_pymatching,4468f5c016be5488f1b5f3ffea14971e50e389c05de360d892a92d2e3c88c46c,"{""d"":3.0,""p"":0.002154434690031882,""r"":3.0}","{""obs_mistake_mask=E"":1}"
       272,         0,         0,   0.028,correlated_pymatching,f989af7d8757b7b1dc4b7c5ccb305775f8abd78056b05ce6b6ff616bd0cd1e6f,"{""d"":3.0,""p"":0.0001,""r"":3.0}",
       272,       113,         0,   0.033,correlated_pymatching,c2ee825deafe783a462ac9c8fed7664cafe09b3434eb74c5b130babf22b5dc81,"{""d"":3.0,""p"":0.01,""r"":3.0}","{""obs_mistake_mask=E"":113}"
       256,         0,         0,   0.020,correlated_pymatching,82d4625cd258701e8a7fb9579967149923f58366fdafb54fc33e0ab2ef56f22e,"{""d"":3.0,""p"":0.00021544346900318845,""r"":3.0}",
       256,         1,         0,   0.023,correlated_pymatching,1d92e2c778b67ce655b89e4b9df1092099d3d8da8d65658c9bc5e7b6f14f6e1f,"{""d"":3.0,""p"":0.001,""r"":3.0}","{""obs_mistake_mask=E"":1}"
       272,         1,         0,   0.036,correlated_pymatching,c2c15e3406a1fc2fec9f6ffa5afa2a4a4872108563a5d9df529b9e4188cc3bd1,"{""d"":3.0,""p"":0.00046415888336127773,""r"":3.0}","{""obs_mistake_mask=E"":1}"
       256,        37,         0,   0.024,correlated_pymatching,c7ade3d0ca81f581a79a44e386edf28b21bfc66103ac2ac7d8e4fee170dba66f,"{""d"":3.0,""p"":0.004641588833612777,""r"":3.0}","{""obs_mistake_mask=E"":37}"
        16,        11,         0,   0.028,correlated_pymatching,9639084745e39b725e8cc79fbf0e271be79fd3f87259600c0188ec95b222fd30,"{""d"":3.0,""p"":0.046415888336127774,""r"":3.0}","{""obs_mistake_mask=E"":11}"
      1024,         1,         0,   0.021,correlated_pymatching,c2c15e3406a1fc2fec9f6ffa5afa2a4a4872108563a5d9df529b9e4188cc3bd1,"{""d"":3.0,""p"":0.00046415888336127773,""r"":3.0}","{""obs_mistake_mask=E"":1}"
       256,       124,         0,   0.042,correlated_pymatching,f20b04760bf06c73cb5345c8a6f711489b821d87c95d8f6e70f358df96900a1e,"{""d"":3.0,""p"":0.021544346900318822,""r"":3.0}","{""obs_mistake_mask=E"":124}"
      2048,         0,         0,   0.036,correlated_pymatching,f989af7d8757b7b1dc4b7c5ccb305775f8abd78056b05ce6b6ff616bd0cd1e6f,"{""d"":3.0,""p"":0.0001,""r"":3.0}",
      1280,        63,         0,   0.045,correlated_pymatching,4468f5c016be5488f1b5f3ffea14971e50e389c05de360d892a92d2e3c88c46c,"{""d"":3.0,""p"":0.002154434690031882,""r"":3.0}","{""obs_mistake_mask=E"":63}"
      2048,         3,         0,   0.040,correlated_pymatching,82d4625cd258701e8a7fb9579967149923f58366fdafb54fc33e0ab2ef56f22e,"{""d"":3.0,""p"":0.00021544346900318845,""r"":3.0}","{""obs_mistake_mask=E"":3}"
       256,       144,         0,   0.062,correlated_pymatching,7b489410955c7ac27a1d9a60a81af6aad4844733edd6ccf2f417fb0011e43405,"{""d"":3.0,""p"":0.1,""r"":3.0}","{""obs_mistake_mask=E"":144}"
      2048,        24,         0,   0.048,correlated_pymatching,1d92e2c778b67ce655b89e4b9df1092099d3d8da8d65658c9bc5e7b6f14f6e1f,"{""d"":3.0,""p"":0.001,""r"":3.0}","{""obs_mistake_mask=E"":24}"
      1024,       178,         0,   0.044,correlated_pymatching,c7ade3d0ca81f581a79a44e386edf28b21bfc66103ac2ac7d8e4fee170dba66f,"{""d"":3.0,""p"":0.004641588833612777,""r"":3.0}","{""obs_mistake_mask=E"":178}"
      2048,        10,         0,   0.036,correlated_pymatching,c2c15e3406a1fc2fec9f6ffa5afa2a4a4872108563a5d9df529b9e4188cc3bd1,"{""d"":3.0,""p"":0.00046415888336127773,""r"":3.0}","{""obs_mistake_mask=E"":10}"
      1024,       423,         0,   0.071,correlated_pymatching,c2ee825deafe783a462ac9c8fed7664cafe09b3434eb74c5b130babf22b5dc81,"{""d"":3.0,""p"":0.01,""r"":3.0}","{""obs_mistake_mask=E"":423}"
      2048,         2,         0,   0.037,correlated_pymatching,f989af7d8757b7b1dc4b7c5ccb305775f8abd78056b05ce6b6ff616bd0cd1e6f,"{""d"":3.0,""p"":0.0001,""r"":3.0}","{""obs_mistake_mask=E"":2}"
      1024,        44,         0,   0.037,correlated_pymatching,4468f5c016be5488f1b5f3ffea14971e50e389c05de360d892a92d2e3c88c46c,"{""d"":3.0,""p"":0.002154434690031882,""r"":3.0}","{""obs_mistake_mask=E"":44}"
         1,         0,         0,   0.084,correlated_pymatching,4552da301c33225537c328b309766b9a9b6f35af4935d2f0ae1b8498bbcb8ce2,"{""d"":5.0,""p"":0.0001,""r"":5.0}",
         1,         0,         0,   0.079,correlated_pymatching,af75a492d271f83bdcd6e53be32ae73191e0724a0738399a0513164420804e12,"{""d"":5.0,""p"":0.002154434690031882,""r"":5.0}",
         1,         1,         0,   0.086,correlated_pymatching,8339d129c465dbc7f9992ec22e21a9bdcb5ebf45e9a7c66724d5a5e50029c657,"{""d"":5.0,""p"":0.01,""r"":5.0}","{""obs_mistake_mask=E"":1}"
      1024,       158,         0,   0.039,correlated_pymatching,c7ade3d0ca81f581a79a44e386edf28b21bfc66103ac2ac7d8e4fee170dba66f,"{""d"":3.0,""p"":0.004641588833612777,""r"":3.0}","{""obs_mistake_mask=E"":158}"
       256,       121,         0,   0.084,correlated_pymatching,9639084745e39b725e8cc79fbf0e271be79fd3f87259600c0188ec95b222fd30,"{""d"":3.0,""p"":0.046415888336127774,""r"":3.0}","{""obs_mistake_mask=E"":121}"
      2048,        22,         0,   0.047,correlated_pymatching,1d92e2c778b67ce655b89e4b9df1092099d3d8da8d65658c9bc5e7b6f14f6e1f,"{""d"":3.0,""p"":0.001,""r"":3.0}","{""obs_mistake_mask=E"":22}"
         1,         0,         0,   0.088,correlated_pymatching,6b6bb4514f276642b7df7ca2e983dd4b9ddfd909fe7add7202b9f6e1afa45f74,"{""d"":5.0,""p"":0.00046415888336127773,""r"":5.0}",
      3072,         3,         0,   0.060,correlated_pymatching,82d4625cd258701e8a7fb9579967149923f58366fdafb54fc33e0ab2ef56f22e,"{""d"":3.0,""p"":0.00021544346900318845,""r"":3.0}","{""obs_mistake_mask=E"":3}"
         1,         0,         0,   0.088,correlated_pymatching,46a4ae31e021033e623c40f8502053fa7f370dc03c0b20216af84e083ec4f664,"{""d"":5.0,""p"":0.001,""r"":5.0}",
      2048,         0,         0,   0.038,correlated_pymatching,f989af7d8757b7b1dc4b7c5ccb305775f8abd78056b05ce6b6ff616bd0cd1e6f,"{""d"":3.0,""p"":0.0001,""r"":3.0}",
         1,         0,         0,   0.095,correlated_pymatching,e11d85a23de5eeb551ef6741a0f0439ab3117190165e3520581ee138633e39c0,"{""d"":5.0,""p"":0.00021544346900318845,""r"":5.0}",
      2048,         8,         0,   0.045,correlated_pymatching,c2c15e3406a1fc2fec9f6ffa5afa2a4a4872108563a5d9df529b9e4188cc3bd1,"{""d"":3.0,""p"":0.00046415888336127773,""r"":3.0}","{""obs_mistake_mask=E"":8}"
         1,         1,         0,   0.099,correlated_pymatching,8759b7b3a2ac8bb79955a6c49b97d43d795f382a85ef542190f0cc4b05e04269,"{""d"":5.0,""p"":0.004641588833612777,""r"":5.0}","{""obs_mistake_mask=E"":1}"
         1,         1,         0,   0.085,correlated_pymatching,4446995abc68c99fcc7fcf24db276cdb299b9f9cdcc0d4a9a419b7597a3b65a1,"{""d"":5.0,""p"":0.1,""r"":5.0}","{""obs_mistake_mask=E"":1}"
         1,         0,         0,   0.098,correlated_pymatching,cf0e7404836dbd1d1e96df6633c4ffebab3e6f2067d3ce8acc3752a77a9fa340,"{""d"":5.0,""p"":0.046415888336127774,""r"":5.0}",
         1,         0,         0,   0.089,correlated_pymatching,a2bf2ba04056c5158dca046f3e9cc1ebf705a21ba2368d4e98f3f1642d2d2810,"{""d"":5.0,""p"":0.021544346900318822,""r"":5.0}",
         1,         0,         0,   0.018,correlated_pymatching,f989af7d8757b7b1dc4b7c5ccb305775f8abd78056b05ce6b6ff616bd0cd1e6f,"{""d"":3.0,""p"":0.0001,""r"":3.0}",
      2048,        79,         0,   0.065,correlated_pymatching,4468f5c016be5488f1b5f3ffea14971e50e389c05de360d892a92d2e3c88c46c,"{""d"":3.0,""p"":0.002154434690031882,""r"":3.0}","{""obs_mistake_mask=E"":79}"
      1024,       501,         0,   0.114,correlated_pymatching,f20b04760bf06c73cb5345c8a6f711489b821d87c95d8f6e70f358df96900a1e,"{""d"":3.0,""p"":0.021544346900318822,""r"":3.0}","{""obs_mistake_mask=E"":501}"
      1024,       156,         0,   0.048,correlated_pymatching,c7ade3d0ca81f581a79a44e386edf28b21bfc66103ac2ac7d8e4fee170dba66f,"{""d"":3.0,""p"":0.004641588833612777,""r"":3.0}","{""obs_mistake_mask=E"":156}"
        16,         0,         0,   0.016,correlated_pymatching,f989af7d8757b7b1dc4b7c5ccb305775f8abd78056b05ce6b6ff616bd0cd1e6f,"{""d"":3.0,""p"":0.0001,""r"":3.0}",
      3072,         2,         0,   0.054,correlated_pymatching,f989af7d8757b7b1dc4b7c5ccb305775f8abd78056b05ce6b6ff616bd0cd1e6f,"{""d"":3.0,""p"":0.0001,""r"":3.0}","{""obs_mistake_mask=E"":2}"
      3072,        34,         0,   0.062,correlated_pymatching,1d92e2c778b67ce655b89e4b9df1092099d3d8da8d65658c9bc5e7b6f14f6e1f,"{""d"":3.0,""p"":0.001,""r"":3.0}","{""obs_mistake_mask=E"":34}"
         4,         0,         0,   0.078,correlated_pymatching,4552da301c33225537c328b309766b9a9b6f35af4935d2f0ae1b8498bbcb8ce2,"{""d"":5.0,""p"":0.0001,""r"":5.0}",
      3072,         0,         0,   0.059,correlated_pymatching,82d4625cd258701e8a7fb9579967149923f58366fdafb54fc33e0ab2ef56f22e,"{""d"":3.0,""p"":0.00021544346900318845,""r"":3.0}",
         4,         0,         0,   0.074,correlated_pymatching,af75a492d271f83bdcd6e53be32ae73191e0724a0738399a0513164420804e12,"{""d"":5.0,""p"":0.002154434690031882,""r"":5.0}",
         4,         0,         0,   0.060,correlated_pymatching,e11d85a23de5eeb551ef6741a0f0439ab3117190165e3520581ee138633e39c0,"{""d"":5.0,""p"":0.00021544346900318845,""r"":5.0}",
         4,         1,         0,   0.079,correlated_pymatching,8339d129c465dbc7f9992ec22e21a9bdcb5ebf45e9a7c66724d5a5e50029c657,"{""d"":5.0,""p"":0.01,""r"":5.0}","{""obs_mistake_mask=E"":1}"
      3072,        12,         0,   0.072,correlated_pymatching,c2c15e3406a1fc2fec9f6ffa5afa2a4a4872108563a5d9df529b9e4188cc3bd1,"{""d"":3.0,""p"":0.00046415888336127773,""r"":3.0}","{""obs_mistake_mask=E"":12}"
         4,         0,         0,   0.078,correlated_pymatching,6b6bb4514f276642b7df7ca2e983dd4b9ddfd909fe7add7202b9f6e1afa45f74,"{""d"":5.0,""p"":0.00046415888336127773,""r"":5.0}",
         4,         0,         0,   0.079,correlated_pymatching,46a4ae31e021033e623c40f8502053fa7f370dc03c0b20216af84e083ec4f664,"{""d"":5.0,""p"":0.001,""r"":5.0}",
      1280,         0,         0,   0.036,correlated_pymatching,f989af7d8757b7b1dc4b7c5ccb305775f8abd78056b05ce6b6ff616bd0cd1e6f,"{""d"":3.0,""p"":0.0001,""r"":3.0}",
         4,         4,         0,   0.066,correlated_pymatching,cf0e7404836dbd1d1e96df6633c4ffebab3e6f2067d3ce8acc3752a77a9fa340,"{""d"":5.0,""p"":0.046415888336127774,""r"":5.0}","{""obs_mistake_mask=E"":4}"
      2048,       107,         0,   0.060,correlated_pymatching,4468f5c016be5488f1b5f3ffea14971e50e389c05de360d892a92d2e3c88c46c,"{""d"":3.0,""p"":0.002154434690031882,""r"":3.0}","{""obs_mistake_mask=E"":107}"
         4,         1,         0,   0.083,correlated_pymatching,8759b7b3a2ac8bb79955a6c49b97d43d795f382a85ef542190f0cc4b05e04269,"{""d"":5.0,""p"":0.004641588833612777,""r"":5.0}","{""obs_mistake_mask=E"":1}"
         4,         2,         0,   0.090,correlated_pymatching,4446995abc68c99fcc7fcf24db276cdb299b9f9cdcc0d4a9a419b7597a3b65a1,"{""d"":5.0,""p"":0.1,""r"":5.0}","{""obs_mistake_mask=E"":2}"
         4,         2,         0,   0.083,correlated_pymatching,a2bf2ba04056c5158dca046f3e9cc1ebf705a21ba2368d4e98f3f1642d2d2810,"{""d"":5.0,""p"":0.021544346900318822,""r"":5.0}","{""obs_mistake_mask=E"":2}"
         1,         0,         0,   0.019,correlated_pymatching,c2c15e3406a1fc2fec9f6ffa5afa2a4a4872108563a5d9df529b9e4188cc3bd1,"{""d"":3.0,""p"":0.00046415888336127773,""r"":3.0}",
         1,         0,         0,   0.017,correlated_pymatching,82d4625cd258701e8a7fb9579967149923f58366fdafb54fc33e0ab2ef56f22e,"{""d"":3.0,""p"":0.00021544346900318845,""r"":3.0}",
        16,         0,         0,   0.047,correlated_pymatching,6b6bb4514f276642b7df7ca2e983dd4b9ddfd909fe7add7202b9f6e1afa45f74,"{""d"":5.0,""p"":0.00046415888336127773,""r"":5.0}",
        16,         7,         0,   0.060,correlated_pymatching,8339d129c465dbc7f9992ec22e21a9bdcb5ebf45e9a7c66724d5a5e50029c657,"{""d"":5.0,""p"":0.01,""r"":5.0}","{""obs_mistake_mask=E"":7}"
      2048,         0,         0,   0.046,correlated_pymatching,f989af7d8757b7b1dc4b7c5ccb305775f8abd78056b05ce6b6ff616bd0cd1e6f,"{""d"":3.0,""p"":0.0001,""r"":3.0}",
        16,         0,         0,   0.022,correlated_pymatching,82d4625cd258701e8a7fb9579967149923f58366fdafb54fc33e0ab2ef56f22e,"{""d"":3.0,""p"":0.00021544346900318845,""r"":3.0}",
      1024,       519,         0,   0.189,correlated_pymatching,7b489410955c7ac27a1d9a60a81af6aad4844733edd6ccf2f417fb0011e43405,"{""d"":3.0,""p"":0.1,""r"":3.0}","{""obs_mistake_mask=E"":519}"
        16,         0,         0,   0.076,correlated_pymatching,4552da301c33225537c328b309766b9a9b6f35af4935d2f0ae1b8498bbcb8ce2,"{""d"":5.0,""p"":0.0001,""r"":5.0}",
        32,         0,         0,   0.077,correlated_pymatching,af75a492d271f83bdcd6e53be32ae73191e0724a0738399a0513164420804e12,"{""d"":5.0,""p"":0.002154434690031882,""r"":5.0}",
        16,         0,         0,   0.034,correlated_pymatching,c2c15e3406a1fc2fec9f6ffa5afa2a4a4872108563a5d9df529b9e4188cc3bd1,"{""d"":3.0,""p"":0.00046415888336127773,""r"":3.0}",
        32,         0,         0,   0.080,correlated_pymatching,e11d85a23de5eeb551ef6741a0f0439ab3117190165e3520581ee138633e39c0,"{""d"":5.0,""p"":0.00021544346900318845,""r"":5.0}",
      4096,         7,         0,   0.090,correlated_pymatching,82d4625cd258701e8a7fb9579967149923f58366fdafb54fc33e0ab2ef56f22e,"{""d"":3.0,""p"":0.00021544346900318845,""r"":3.0}","{""obs_mistake_mask=E"":7}"
      4096,         3,         0,   0.094,correlated_pymatching,f989af7d8757b7b1dc4b7c5ccb305775f8abd78056b05ce6b6ff616bd0cd1e6f,"{""d"":3.0,""p"":0.0001,""r"":3.0}","{""obs_mistake_mask=E"":3}"
       256,         1,         0,   0.022,correlated_pymatching,c2c15e3406a1fc2fec9f6ffa5afa2a4a4872108563a5d9df529b9e4188cc3bd1,"{""d"":3.0,""p"":0.00046415888336127773,""r"":3.0}","{""obs_mistake_mask=E"":1}"
      4096,        44,         0,   0.105,correlated_pymatching,1d92e2c778b67ce655b89e4b9df1092099d3d8da8d65658c9bc5e7b6f14f6e1f,"{""d"":3.0,""p"":0.001,""r"":3.0}","{""obs_mistake_mask=E"":44}"
      1280,         2,         0,   0.035,correlated_pymatching,82d4625cd258701e8a7fb9579967149923f58366fdafb54fc33e0ab2ef56f22e,"{""d"":3.0,""p"":0.00021544346900318845,""r"":3.0}","{""obs_mistake_mask=E"":2}"
      4096,        21,         0,   0.095,correlated_pymatching,c2c15e3406a1fc2fec9f6ffa5afa2a4a4872108563a5d9df529b9e4188cc3bd1,"{""d"":3.0,""p"":0.00046415888336127773,""r"":3.0}","{""obs_mistake_mask=E"":21}"
        16,         2,         0,   0.076,correlated_pymatching,8759b7b3a2ac8bb79955a6c49b97d43d795f382a85ef542190f0cc4b05e04269,"{""d"":5.0,""p"":0.004641588833612777,""r"":5.0}","{""obs_mistake_mask=E"":2}"
      2048,         0,         0,   0.048,correlated_pymatching,f989af7d8757b7b1dc4b7c5ccb305775f8abd78056b05ce6b6ff616bd0cd1e6f,"{""d"":3.0,""p"":0.0001,""r"":3.0}",
        16,         0,         0,   0.097,correlated_pymatching,46a4ae31e021033e623c40f8502053fa7f370dc03c0b20216af84e083ec4f664,"{""d"":5.0,""p"":0.001,""r"":5.0}",
        16,        10,         0,   0.082,correlated_pymatching,a2bf2ba04056c5158dca046f3e9cc1ebf705a21ba2368d4e98f3f1642d2d2810,"{""d"":5.0,""p"":0.021544346900318822,""r"":5.0}","{""obs_mistake_mask=E"":10}"
      3072,       154,         0,   0.104,correlated_pymatching,4468f5c016be5488f1b5f3ffea14971e50e389c05de360d892a92d2e3c88c46c,"{""d"":3.0,""p"":0.002154434690031882,""r"":3.0}","{""obs_mistake_mask=E"":154}"
      2048,         8,         0,   0.039,correlated_pymatching,c2c15e3406a1fc2fec9f6ffa5afa2a4a4872108563a5d9df529b9e4188cc3bd1,"{""d"":3.0,""p"":0.00046415888336127773,""r"":3.0}","{""obs_mistake_mask=E"":8}"
        16,         7,         0,   0.101,correlated_pymatching,4446995abc68c99fcc7fcf24db276cdb299b9f9cdcc0d4a9a419b7597a3b65a1,"{""d"":5.0,""p"":0.1,""r"":5.0}","{""obs_mistake_mask=E"":7}"
         1,         0,         0,   0.024,correlated_pymatching,1d92e2c778b67ce655b89e4b9df1092099d3d8da8d65658c9bc5e7b6f14f6e1f,"{""d"":3.0,""p"":0.001,""r"":3.0}",
       128,         0,         0,   0.083,correlated_pymatching,6b6bb4514f276642b7df7ca2e983dd4b9ddfd909fe7add7202b9f6e1afa45f74,"{""d"":5.0,""p"":0.00046415888336127773,""r"":5.0}",
      2048,         4,         0,   0.047,correlated_pymatching,82d4625cd258701e8a7fb9579967149923f58366fdafb54fc33e0ab2ef56f22e,"{""d"":3.0,""p"":0.00021544346900318845,""r"":3.0}","{""obs_mistake_mask=E"":4}"
        32,        14,         0,   0.128,correlated_pymatching,cf0e7404836dbd1d1e96df6633c4ffebab3e6f2067d3ce8acc3752a77a9fa340,"{""d"":5.0,""p"":0.046415888336127774,""r"":5.0}","{""obs_mistake_mask=E"":14}"
        64,         0,         0,   0.080,correlated_pymatching,4552da301c33225537c328b309766b9a9b6f35af4935d2f0ae1b8498bbcb8ce2,"{""d"":5.0,""p"":0.0001,""r"":5.0}",
       128,         0,         0,   0.079,correlated_pymatching,e11d85a23de5eeb551ef6741a0f0439ab3117190165e3520581ee138633e39c0,"{""d"":5.0,""p"":0.00021544346900318845,""r"":5.0}",
        64,        15,         0,   0.051,correlated_pymatching,8759b7b3a2ac8bb79955a6c49b97d43d795f382a85ef542190f0cc4b05e04269,"{""d"":5.0,""p"":0.004641588833612777,""r"":5.0}","{""obs_mistake_mask=E"":15}"
      1024,       539,         0,   0.232,correlated_pymatching,9639084745e39b725e8cc79fbf0e271be79fd3f87259600c0188ec95b222fd30,"{""d"":3.0,""p"":0.046415888336127774,""r"":3.0}","{""obs_mistake_mask=E"":539}"
       128,         2,         0,   0.088,correlated_pymatching,af75a492d271f83bdcd6e53be32ae73191e0724a0738399a0513164420804e12,"{""d"":5.0,""p"":0.002154434690031882,""r"":5.0}","{""obs_mistake_mask=E"":2}"
      3072,         2,         0,   0.056,correlated_pymatching,f989af7d8757b7b1dc4b7c5ccb305775f8abd78056b05ce6b6ff616bd0cd1e6f,"{""d"":3.0,""p"":0.0001,""r"":3.0}","{""obs_mistake_mask=E"":2}"
       272,         5,         0,   0.036,correlated_pymatching,1d92e2c778b67ce655b89e4b9df1092099d3d8da8d65658c9bc5e7b6f14f6e1f,"{""d"":3.0,""p"":0.001,""r"":3.0}","{""obs_mistake_mask=E"":5}"
         1,         0,         0,   0.233,correlated_pymatching,1509a84aeb6ac83267b1b34c71ca72e451a2b8acb9bfa6d777a03604438236af,"{""d"":7.0,""p"":0.046415888336127774,""r"":7.0}",
      2048,         7,         0,   0.045,correlated_pymatching,c2c15e3406a1fc2fec9f6ffa5afa2a4a4872108563a5d9df529b9e4188cc3bd1,"{""d"":3.0,""p"":0.00046415888336127773,""r"":3.0}","{""obs_mistake_mask=E"":7}"
        64,         0,         0,   0.072,correlated_pymatching,46a4ae31e021033e623c40f8502053fa7f370dc03c0b20216af84e083ec4f664,"{""d"":5.0,""p"":0.001,""r"":5.0}",
      2048,         2,         0,   0.044,correlated_pymatching,82d4625cd258701e8a7fb9579967149923f58366fdafb54fc33e0ab2ef56f22e,"{""d"":3.0,""p"":0.00021544346900318845,""r"":3.0}","{""obs_mistake_mask=E"":2}"
       128,        49,         0,   0.133,correlated_pymatching,8339d129c465dbc7f9992ec22e21a9bdcb5ebf45e9a7c66724d5a5e50029c657,"{""d"":5.0,""p"":0.01,""r"":5.0}","{""obs_mistake_mask=E"":49}"
      6144,         1,         0,   0.111,correlated_pymatching,f989af7d8757b7b1dc4b7c5ccb305775f8abd78056b05ce6b6ff616bd0cd1e6f,"{""d"":3.0,""p"":0.0001,""r"":3.0}","{""obs_mistake_mask=E"":1}"
      1024,        13,         0,   0.025,correlated_pymatching,1d92e2c778b67ce655b89e4b9df1092099d3d8da8d65658c9bc5e7b6f14f6e1f,"{""d"":3.0,""p"":0.001,""r"":3.0}","{""obs_mistake_mask=E"":13}"
      6144,         7,         0,   0.120,correlated_pymatching,82d4625cd258701e8a7fb9579967149923f58366fdafb54fc33e0ab2ef56f22e,"{""d"":3.0,""p"":0.00021544346900318845,""r"":3.0}","{""obs_mistake_mask=E"":7}"
      7168,        95,         0,   0.119,correlated_pymatching,1d92e2c778b67ce655b89e4b9df1092099d3d8da8d65658c9bc5e7b6f14f6e1f,"{""d"":3.0,""p"":0.001,""r"":3.0}","{""obs_mistake_mask=E"":95}"
         1,         0,         0,   0.231,correlated_pymatching,4077425ea94fe2ada1838775a281d21b75bcde95ad9ec1f005d27d9752f9f883,"{""d"":7.0,""p"":0.004641588833612777,""r"":7.0}",
      5120,        11,         0,   0.119,correlated_pymatching,c2c15e3406a1fc2fec9f6ffa5afa2a4a4872108563a5d9df529b9e4188cc3bd1,"{""d"":3.0,""p"":0.00046415888336127773,""r"":3.0}","{""obs_mistake_mask=E"":11}"
       256,         0,         0,   0.079,correlated_pymatching,4552da301c33225537c328b309766b9a9b6f35af4935d2f0ae1b8498bbcb8ce2,"{""d"":5.0,""p"":0.0001,""r"":5.0}",
         1,         0,         0,   0.230,correlated_pymatching,f3aeef2556c82844f7e09dca2f007455d33bb5a1704a53de87599ee998bf8408,"{""d"":7.0,""p"":0.0001,""r"":7.0}",
       512,         0,         0,   0.088,correlated_pymatching,6b6bb4514f276642b7df7ca2e983dd4b9ddfd909fe7add7202b9f6e1afa45f74,"{""d"":5.0,""p"":0.00046415888336127773,""r"":5.0}",
         1,         0,         0,   0.225,correlated_pymatching,36d2c32a16ae1484f4ce556f02edcde754aef238fde2adbd58da928d1dea009c,"{""d"":7.0,""p"":0.00021544346900318845,""r"":7.0}",
         1,         0,         0,   0.215,correlated_pymatching,1e7aede6d6aae8b3f7ebc3aabc0732d42764703aa6fed4d1f959fb598f2c49c3,"{""d"":7.0,""p"":0.1,""r"":7.0}",
         1,         1,         0,   0.215,correlated_pymatching,1509a84aeb6ac83267b1b34c71ca72e451a2b8acb9bfa6d777a03604438236af,"{""d"":7.0,""p"":0.046415888336127774,""r"":7.0}","{""obs_mistake_mask=E"":1}"
       512,         0,         0,   0.084,correlated_pymatching,e11d85a23de5eeb551ef6741a0f0439ab3117190165e3520581ee138633e39c0,"{""d"":5.0,""p"":0.00021544346900318845,""r"":5.0}",
         1,         0,         0,   0.224,correlated_pymatching,b296b1e82a2e96c853ed55118124f370f20f7552855d6c11bbd2675432a5c92b,"{""d"":7.0,""p"":0.00046415888336127773,""r"":7.0}",
      2048,        26,         0,   0.041,correlated_pymatching,1d92e2c778b67ce655b89e4b9df1092099d3d8da8d65658c9bc5e7b6f14f6e1f,"{""d"":3.0,""p"":0.001,""r"":3.0}","{""obs_mistake_mask=E"":26}"
      3072,        11,         0,   0.064,correlated_pymatching,c2c15e3406a1fc2fec9f6ffa5afa2a4a4872108563a5d9df529b9e4188cc3bd1,"{""d"":3.0,""p"":0.00046415888336127773,""r"":3.0}","{""obs_mistake_mask=E"":11}"
         1,         0,         0,   0.225,correlated_pymatching,f6813f7947c76a04961f6e290f1cdc463c85d1f987d2889426ac843305300561,"{""d"":7.0,""p"":0.002154434690031882,""r"":7.0}",
      3072,         4,         0,   0.059,correlated_pymatching,82d4625cd258701e8a7fb9579967149923f58366fdafb54fc33e0ab2ef56f22e,"{""d"":3.0,""p"":0.00021544346900318845,""r"":3.0}","{""obs_mistake_mask=E"":4}"
         1,         1,         0,   0.231,correlated_pymatching,1e7aede6d6aae8b3f7ebc3aabc0732d42764703aa6fed4d1f959fb598f2c49c3,"{""d"":7.0,""p"":0.1,""r"":7.0}","{""obs_mistake_mask=E"":1}"
         1,         0,         0,   0.228,correlated_pymatching,89c9ab2eedf43f492da6e9fe60af7d4777cb2642a7f97e9665765bf4d8a66727,"{""d"":7.0,""p"":0.01,""r"":7.0}",
      5120,         2,         0,   0.093,correlated_pymatching,f989af7d8757b7b1dc4b7c5ccb305775f8abd78056b05ce6b6ff616bd0cd1e6f,"{""d"":3.0,""p"":0.0001,""r"":3.0}","{""obs_mistake_mask=E"":2}"
         1,         0,         0,   0.212,correlated_pymatching,760671fe0c95fded9da57d0cc53c6ee70c714e8a2ad47f1b38f6fdd7550fa000,"{""d"":7.0,""p"":0.001,""r"":7.0}",
         1,         1,         0,   0.231,correlated_pymatching,6e14b7f0f262cc6bca11c7bac7a30078dd408da7d92850ecde9ecacf75be81a5,"{""d"":7.0,""p"":0.021544346900318822,""r"":7.0}","{""obs_mistake_mask=E"":1}"
        64,        26,         0,   0.143,correlated_pymatching,a2bf2ba04056c5158dca046f3e9cc1ebf705a21ba2368d4e98f3f1642d2d2810,"{""d"":5.0,""p"":0.021544346900318822,""r"":5.0}","{""obs_mistake_mask=E"":26}"
       512,        84,         0,   0.112,correlated_pymatching,8759b7b3a2ac8bb79955a6c49b97d43d795f382a85ef542190f0cc4b05e04269,"{""d"":5.0,""p"":0.004641588833612777,""r"":5.0}","{""obs_mistake_mask=E"":84}"
       512,         8,         0,   0.122,correlated_pymatching,af75a492d271f83bdcd6e53be32ae73191e0724a0738399a0513164420804e12,"{""d"":5.0,""p"":0.002154434690031882,""r"":5.0}","{""obs_mistake_mask=E"":8}"
       512,         3,         0,   0.106,correlated_pymatching,46a4ae31e021033e623c40f8502053fa7f370dc03c0b20216af84e083ec4f664,"{""d"":5.0,""p"":0.001,""r"":5.0}","{""obs_mistake_mask=E"":3}"
        64,        36,         0,   0.156,correlated_pymatching,4446995abc68c99fcc7fcf24db276cdb299b9f9cdcc0d4a9a419b7597a3b65a1,"{""d"":5.0,""p"":0.1,""r"":5.0}","{""obs_mistake_mask=E"":36}"
      2048,        21,         0,   0.054,correlated_pymatching,1d92e2c778b67ce655b89e4b9df1092099d3d8da8d65658c9bc5e7b6f14f6e1f,"{""d"":3.0,""p"":0.001,""r"":3.0}","{""obs_mistake_mask=E"":21}"
      1024,         0,         0,   0.083,correlated_pymatching,4552da301c33225537c328b309766b9a9b6f35af4935d2f0ae1b8498bbcb8ce2,"{""d"":5.0,""p"":0.0001,""r"":5.0}",
      4096,         8,         0,   0.076,correlated_pymatching,82d4625cd258701e8a7fb9579967149923f58366fdafb54fc33e0ab2ef56f22e,"{""d"":3.0,""p"":0.00021544346900318845,""r"":3.0}","{""obs_mistake_mask=E"":8}"
      1024,         0,         0,   0.097,correlated_pymatching,6b6bb4514f276642b7df7ca2e983dd4b9ddfd909fe7add7202b9f6e1afa45f74,"{""d"":5.0,""p"":0.00046415888336127773,""r"":5.0}",
      1024,         0,         0,   0.087,correlated_pymatching,e11d85a23de5eeb551ef6741a0f0439ab3117190165e3520581ee138633e39c0,"{""d"":5.0,""p"":0.00021544346900318845,""r"":5.0}",
      4096,        11,         0,   0.095,correlated_pymatching,c2c15e3406a1fc2fec9f6ffa5afa2a4a4872108563a5d9df529b9e4188cc3bd1,"{""d"":3.0,""p"":0.00046415888336127773,""r"":3.0}","{""obs_mistake_mask=E"":11}"
      8192,         6,         0,   0.147,correlated_pymatching,f989af7d8757b7b1dc4b7c5ccb305775f8abd78056b05ce6b6ff616bd0cd1e6f,"{""d"":3.0,""p"":0.0001,""r"":3.0}","{""obs_mistake_mask=E"":6}"
      8192,        11,         0,   0.155,correlated_pymatching,82d4625cd258701e8a7fb9579967149923f58366fdafb54fc33e0ab2ef56f22e,"{""d"":3.0,""p"":0.00021544346900318845,""r"":3.0}","{""obs_mistake_mask=E"":11}"
      3072,        34,         0,   0.068,correlated_pymatching,1d92e2c778b67ce655b89e4b9df1092099d3d8da8d65658c9bc5e7b6f14f6e1f,"{""d"":3.0,""p"":0.001,""r"":3.0}","{""obs_mistake_mask=E"":34}"
      6144,         5,         0,   0.113,correlated_pymatching,f989af7d8757b7b1dc4b7c5ccb305775f8abd78056b05ce6b6ff616bd0cd1e6f,"{""d"":3.0,""p"":0.0001,""r"":3.0}","{""obs_mistake_mask=E"":5}"
       128,        51,         0,   0.228,correlated_pymatching,cf0e7404836dbd1d1e96df6633c4ffebab3e6f2067d3ce8acc3752a77a9fa340,"{""d"":5.0,""p"":0.046415888336127774,""r"":5.0}","{""obs_mistake_mask=E"":51}"
      7168,        28,         0,   0.155,correlated_pymatching,c2c15e3406a1fc2fec9f6ffa5afa2a4a4872108563a5d9df529b9e4188cc3bd1,"{""d"":3.0,""p"":0.00046415888336127773,""r"":3.0}","{""obs_mistake_mask=E"":28}"
         2,         1,         0,   0.201,correlated_pymatching,1509a84aeb6ac83267b1b34c71ca72e451a2b8acb9bfa6d777a03604438236af,"{""d"":7.0,""p"":0.046415888336127774,""r"":7.0}","{""obs_mistake_mask=E"":1}"
      7168,        76,         0,   0.167,correlated_pymatching,1d92e2c778b67ce655b89e4b9df1092099d3d8da8d65658c9bc5e7b6f14f6e1f,"{""d"":3.0,""p"":0.001,""r"":3.0}","{""obs_mistake_mask=E"":76}"
      1024,         0,         0,   0.083,correlated_pymatching,4552da301c33225537c328b309766b9a9b6f35af4935d2f0ae1b8498bbcb8ce2,"{""d"":5.0,""p"":0.0001,""r"":5.0}",
         1,         0,         0,   0.089,correlated_pymatching,4552da301c33225537c328b309766b9a9b6f35af4935d2f0ae1b8498bbcb8ce2,"{""d"":5.0,""p"":0.0001,""r"":5.0}",
      1024,         4,         0,   0.112,correlated_pymatching,46a4ae31e021033e623c40f8502053fa7f370dc03c0b20216af84e083ec4f664,"{""d"":5.0,""p"":0.001,""r"":5.0}","{""obs_mistake_mask=E"":4}"
      1024,         0,         0,   0.087,correlated_pymatching,e11d85a23de5eeb551ef6741a0f0439ab3117190165e3520581ee138633e39c0,"{""d"":5.0,""p"":0.00021544346900318845,""r"":5.0}",
      1024,         0,         0,   0.094,correlated_pymatching,6b6bb4514f276642b7df7ca2e983dd4b9ddfd909fe7add7202b9f6e1afa45f74,"{""d"":5.0,""p"":0.00046415888336127773,""r"":5.0}",
         2,         0,         0,   0.198,correlated_pymatching,4077425ea94fe2ada1838775a281d21b75bcde95ad9ec1f005d27d9752f9f883,"{""d"":7.0,""p"":0.004641588833612777,""r"":7.0}",
         2,         0,         0,   0.203,correlated_pymatching,36d2c32a16ae1484f4ce556f02edcde754aef238fde2adbd58da928d1dea009c,"{""d"":7.0,""p"":0.00021544346900318845,""r"":7.0}",
      1024,        17,         0,   0.152,correlated_pymatching,af75a492d271f83bdcd6e53be32ae73191e0724a0738399a0513164420804e12,"{""d"":5.0,""p"":0.002154434690031882,""r"":5.0}","{""obs_mistake_mask=E"":17}"
         2,         0,         0,   0.210,correlated_pymatching,f3aeef2556c82844f7e09dca2f007455d33bb5a1704a53de87599ee998bf8408,"{""d"":7.0,""p"":0.0001,""r"":7.0}",
      6144,         6,         0,   0.119,correlated_pymatching,82d4625cd258701e8a7fb9579967149923f58366fdafb54fc33e0ab2ef56f22e,"{""d"":3.0,""p"":0.00021544346900318845,""r"":3.0}","{""obs_mistake_mask=E"":6}"
         2,         0,         0,   0.204,correlated_pymatching,f6813f7947c76a04961f6e290f1cdc463c85d1f987d2889426ac843305300561,"{""d"":7.0,""p"":0.002154434690031882,""r"":7.0}",
         2,         0,         0,   0.209,correlated_pymatching,b296b1e82a2e96c853ed55118124f370f20f7552855d6c11bbd2675432a5c92b,"{""d"":7.0,""p"":0.00046415888336127773,""r"":7.0}",
         2,         1,         0,   0.221,correlated_pymatching,1509a84aeb6ac83267b1b34c71ca72e451a2b8acb9bfa6d777a03604438236af,"{""d"":7.0,""p"":0.046415888336127774,""r"":7.0}","{""obs_mistake_mask=E"":1}"
         2,         2,         0,   0.228,correlated_pymatching,1e7aede6d6aae8b3f7ebc3aabc0732d42764703aa6fed4d1f959fb598f2c49c3,"{""d"":7.0,""p"":0.1,""r"":7.0}","{""obs_mistake_mask=E"":2}"
         2,         1,         0,   0.204,correlated_pymatching,89c9ab2eedf43f492da6e9fe60af7d4777cb2642a7f97e9665765bf4d8a66727,"{""d"":7.0,""p"":0.01,""r"":7.0}","{""obs_mistake_mask=E"":1}"
      4096,        44,         0,   0.095,correlated_pymatching,1d92e2c778b67ce655b89e4b9df1092099d3d8da8d65658c9bc5e7b6f14f6e1f,"{""d"":3.0,""p"":0.001,""r"":3.0}","{""obs_mistake_mask=E"":44}"
         2,         0,         0,   0.204,correlated_pymatching,760671fe0c95fded9da57d0cc53c6ee70c714e8a2ad47f1b38f6fdd7550fa000,"{""d"":7.0,""p"":0.001,""r"":7.0}",
      6144,        24,         0,   0.123,correlated_pymatching,c2c15e3406a1fc2fec9f6ffa5afa2a4a4872108563a5d9df529b9e4188cc3bd1,"{""d"":3.0,""p"":0.00046415888336127773,""r"":3.0}","{""obs_mistake_mask=E"":24}"
         4,         0,         0,   0.078,correlated_pymatching,4552da301c33225537c328b309766b9a9b6f35af4935d2f0ae1b8498bbcb8ce2,"{""d"":5.0,""p"":0.0001,""r"":5.0}",
         2,         0,         0,   0.216,correlated_pymatching,6e14b7f0f262cc6bca11c7bac7a30078dd408da7d92850ecde9ecacf75be81a5,"{""d"":7.0,""p"":0.021544346900318822,""r"":7.0}",
      4096,        53,         0,   0.091,correlated_pymatching,1d92e2c778b67ce655b89e4b9df1092099d3d8da8d65658c9bc5e7b6f14f6e1f,"{""d"":3.0,""p"":0.001,""r"":3.0}","{""obs_mistake_mask=E"":53}"
         2,         1,         0,   0.223,correlated_pymatching,1e7aede6d6aae8b3f7ebc3aabc0732d42764703aa6fed4d1f959fb598f2c49c3,"{""d"":7.0,""p"":0.1,""r"":7.0}","{""obs_mistake_mask=E"":1}"
      1024,        11,         0,   0.024,correlated_pymatching,1d92e2c778b67ce655b89e4b9df1092099d3d8da8d65658c9bc5e7b6f14f6e1f,"{""d"":3.0,""p"":0.001,""r"":3.0}","{""obs_mistake_mask=E"":11}"
       512,       252,         0,   0.301,correlated_pymatching,8339d129c465dbc7f9992ec22e21a9bdcb5ebf45e9a7c66724d5a5e50029c657,"{""d"":5.0,""p"":0.01,""r"":5.0}","{""obs_mistake_mask=E"":252}"
      1024,         2,         0,   0.107,correlated_pymatching,46a4ae31e021033e623c40f8502053fa7f370dc03c0b20216af84e083ec4f664,"{""d"":5.0,""p"":0.001,""r"":5.0}","{""obs_mistake_mask=E"":2}"
         1,         0,         0,   0.150,correlated_pymatching,e11d85a23de5eeb551ef6741a0f0439ab3117190165e3520581ee138633e39c0,"{""d"":5.0,""p"":0.00021544346900318845,""r"":5.0}",
      8192,         6,         0,   0.150,correlated_pymatching,f989af7d8757b7b1dc4b7c5ccb305775f8abd78056b05ce6b6ff616bd0cd1e6f,"{""d"":3.0,""p"":0.0001,""r"":3.0}","{""obs_mistake_mask=E"":6}"
       128,        70,         0,   0.240,correlated_pymatching,4446995abc68c99fcc7fcf24db276cdb299b9f9cdcc0d4a9a419b7597a3b65a1,"{""d"":5.0,""p"":0.1,""r"":5.0}","{""obs_mistake_mask=E"":70}"
      1024,       177,         0,   0.277,correlated_pymatching,8759b7b3a2ac8bb79955a6c49b97d43d795f382a85ef542190f0cc4b05e04269,"{""d"":5.0,""p"":0.004641588833612777,""r"":5.0}","{""obs_mistake_mask=E"":177}"
        16,         0,         0,   0.076,correlated_pymatching,4552da301c33225537c328b309766b9a9b6f35af4935d2f0ae1b8498bbcb8ce2,"{""d"":5.0,""p"":0.0001,""r"":5.0}",
       256,       124,         0,   0.287,correlated_pymatching,a2bf2ba04056c5158dca046f3e9cc1ebf705a21ba2368d4e98f3f1642d2d2810,"{""d"":5.0,""p"":0.021544346900318822,""r"":5.0}","{""obs_mistake_mask=E"":124}"
     11264,         8,         0,   0.206,correlated_pymatching,f989af7d8757b7b1dc4b7c5ccb305775f8abd78056b05ce6b6ff616bd0cd1e6f,"{""d"":3.0,""p"":0.0001,""r"":3.0}","{""obs_mistake_mask=E"":8}"
      2048,         0,         0,   0.165,correlated_pymatching,4552da301c33225537c328b309766b9a9b6f35af4935d2f0ae1b8498bbcb8ce2,"{""d"":5.0,""p"":0.0001,""r"":5.0}",
     10240,         8,         0,   0.210,correlated_pymatching,82d4625cd258701e8a7fb9579967149923f58366fdafb54fc33e0ab2ef56f22e,"{""d"":3.0,""p"":0.00021544346900318845,""r"":3.0}","{""obs_mistake_mask=E"":8}"
      2048,         0,         0,   0.175,correlated_pymatching,e11d85a23de5eeb551ef6741a0f0439ab3117190165e3520581ee138633e39c0,"{""d"":5.0,""p"":0.00021544346900318845,""r"":5.0}",
      1024,        21,         0,   0.158,correlated_pymatching,af75a492d271f83bdcd6e53be32ae73191e0724a0738399a0513164420804e12,"{""d"":5.0,""p"":0.002154434690031882,""r"":5.0}","{""obs_mistake_mask=E"":21}"
      9216,        24,         0,   0.215,correlated_pymatching,c2c15e3406a1fc2fec9f6ffa5afa2a4a4872108563a5d9df529b9e4188cc3bd1,"{""d"":3.0,""p"":0.00046415888336127773,""r"":3.0}","{""obs_mistake_mask=E"":24}"
      8192,         9,         0,   0.163,correlated_pymatching,82d4625cd258701e8a7fb9579967149923f58366fdafb54fc33e0ab2ef56f22e,"{""d"":3.0,""p"":0.00021544346900318845,""r"":3.0}","{""obs_mistake_mask=E"":9}"
      2048,         0,         0,   0.189,correlated_pymatching,6b6bb4514f276642b7df7ca2e983dd4b9ddfd909fe7add7202b9f6e1afa45f74,"{""d"":5.0,""p"":0.00046415888336127773,""r"":5.0}",
         4,         1,         0,   0.231,correlated_pymatching,1509a84aeb6ac83267b1b34c71ca72e451a2b8acb9bfa6d777a03604438236af,"{""d"":7.0,""p"":0.046415888336127774,""r"":7.0}","{""obs_mistake_mask=E"":1}"
      7168,        29,         0,   0.156,correlated_pymatching,c2c15e3406a1fc2fec9f6ffa5afa2a4a4872108563a5d9df529b9e4188cc3bd1,"{""d"":3.0,""p"":0.00046415888336127773,""r"":3.0}","{""obs_mistake_mask=E"":29}"
         4,         1,         0,   0.204,correlated_pymatching,4077425ea94fe2ada1838775a281d21b75bcde95ad9ec1f005d27d9752f9f883,"{""d"":7.0,""p"":0.004641588833612777,""r"":7.0}","{""obs_mistake_mask=E"":1}"
      1024,         2,         0,   0.118,correlated_pymatching,46a4ae31e021033e623c40f8502053fa7f370dc03c0b20216af84e083ec4f664,"{""d"":5.0,""p"":0.001,""r"":5.0}","{""obs_mistake_mask=E"":2}"
        64,         0,         0,   0.081,correlated_pymatching,4552da301c33225537c328b309766b9a9b6f35af4935d2f0ae1b8498bbcb8ce2,"{""d"":5.0,""p"":0.0001,""r"":5.0}",
         4,         0,         0,   0.210,correlated_pymatching,36d2c32a16ae1484f4ce556f02edcde754aef238fde2adbd58da928d1dea009c,"{""d"":7.0,""p"":0.00021544346900318845,""r"":7.0}",
         4,         0,         0,   0.209,correlated_pymatching,f3aeef2556c82844f7e09dca2f007455d33bb5a1704a53de87599ee998bf8408,"{""d"":7.0,""p"":0.0001,""r"":7.0}",
         4,         0,         0,   0.204,correlated_pymatching,b296b1e82a2e96c853ed55118124f370f20f7552855d6c11bbd2675432a5c92b,"{""d"":7.0,""p"":0.00046415888336127773,""r"":7.0}",
         2,         0,         0,   0.134,correlated_pymatching,e11d85a23de5eeb551ef6741a0f0439ab3117190165e3520581ee138633e39c0,"{""d"":5.0,""p"":0.00021544346900318845,""r"":5.0}",
         4,         0,         0,   0.210,correlated_pymatching,f6813f7947c76a04961f6e290f1cdc463c85d1f987d2889426ac843305300561,"{""d"":7.0,""p"":0.002154434690031882,""r"":7.0}",
         4,         4,         0,   0.202,correlated_pymatching,1509a84aeb6ac83267b1b34c71ca72e451a2b8acb9bfa6d777a03604438236af,"{""d"":7.0,""p"":0.046415888336127774,""r"":7.0}","{""obs_mistake_mask=E"":4}"
         4,         3,         0,   0.206,correlated_pymatching,89c9ab2eedf43f492da6e9fe60af7d4777cb2642a7f97e9665765bf4d8a66727,"{""d"":7.0,""p"":0.01,""r"":7.0}","{""obs_mistake_mask=E"":3}"
         4,         0,         0,   0.204,correlated_pymatching,760671fe0c95fded9da57d0cc53c6ee70c714e8a2ad47f1b38f6fdd7550fa000,"{""d"":7.0,""p"":0.001,""r"":7.0}",
         4,         1,         0,   0.224,correlated_pymatching,1e7aede6d6aae8b3f7ebc3aabc0732d42764703aa6fed4d1f959fb598f2c49c3,"{""d"":7.0,""p"":0.1,""r"":7.0}","{""obs_mistake_mask=E"":1}"
         1,         0,         0,   0.086,correlated_pymatching,6b6bb4514f276642b7df7ca2e983dd4b9ddfd909fe7add7202b9f6e1afa45f74,"{""d"":5.0,""p"":0.00046415888336127773,""r"":5.0}",
         4,         4,         0,   0.216,correlated_pymatching,6e14b7f0f262cc6bca11c7bac7a30078dd408da7d92850ecde9ecacf75be81a5,"{""d"":7.0,""p"":0.021544346900318822,""r"":7.0}","{""obs_mistake_mask=E"":4}"
         4,         2,         0,   0.215,correlated_pymatching,1e7aede6d6aae8b3f7ebc3aabc0732d42764703aa6fed4d1f959fb598f2c49c3,"{""d"":7.0,""p"":0.1,""r"":7.0}","{""obs_mistake_mask=E"":2}"
         1,         0,         0,   0.088,correlated_pymatching,46a4ae31e021033e623c40f8502053fa7f370dc03c0b20216af84e083ec4f664,"{""d"":5.0,""p"":0.001,""r"":5.0}",
       256,         0,         0,   0.074,correlated_pymatching,4552da301c33225537c328b309766b9a9b6f35af4935d2f0ae1b8498bbcb8ce2,"{""d"":5.0,""p"":0.0001,""r"":5.0}",
      2048,         0,         0,   0.165,correlated_pymatching,4552da301c33225537c328b309766b9a9b6f35af4935d2f0ae1b8498bbcb8ce2,"{""d"":5.0,""p"":0.0001,""r"":5.0}",
     11264,         4,         0,   0.210,correlated_pymatching,f989af7d8757b7b1dc4b7c5ccb305775f8abd78056b05ce6b6ff616bd0cd1e6f,"{""d"":3.0,""p"":0.0001,""r"":3.0}","{""obs_mistake_mask=E"":4}"
       256,       134,         0,   0.370,correlated_pymatching,cf0e7404836dbd1d1e96df6633c4ffebab3e6f2067d3ce8acc3752a77a9fa340,"{""d"":5.0,""p"":0.046415888336127774,""r"":5.0}","{""obs_mistake_mask=E"":134}"
      1024,        24,         0,   0.152,correlated_pymatching,af75a492d271f83bdcd6e53be32ae73191e0724a0738399a0513164420804e12,"{""d"":5.0,""p"":0.002154434690031882,""r"":5.0}","{""obs_mistake_mask=E"":24}"
         4,         0,         0,   0.060,correlated_pymatching,46a4ae31e021033e623c40f8502053fa7f370dc03c0b20216af84e083ec4f664,"{""d"":5.0,""p"":0.001,""r"":5.0}",
      2048,         0,         0,   0.174,correlated_pymatching,e11d85a23de5eeb551ef6741a0f0439ab3117190165e3520581ee138633e39c0,"{""d"":5.0,""p"":0.00021544346900318845,""r"":5.0}",
         4,         0,         0,   0.081,correlated_pymatching,6b6bb4514f276642b7df7ca2e983dd4b9ddfd909fe7add7202b9f6e1afa45f74,"{""d"":5.0,""p"":0.00046415888336127773,""r"":5.0}",
      1024,         0,         0,   0.084,correlated_pymatching,4552da301c33225537c328b309766b9a9b6f35af4935d2f0ae1b8498bbcb8ce2,"{""d"":5.0,""p"":0.0001,""r"":5.0}",
         8,         0,         0,   0.133,correlated_pymatching,e11d85a23de5eeb551ef6741a0f0439ab3117190165e3520581ee138633e39c0,"{""d"":5.0,""p"":0.00021544346900318845,""r"":5.0}",
       512,       260,         0,   0.298,correlated_pymatching,8339d129c465dbc7f9992ec22e21a9bdcb5ebf45e9a7c66724d5a5e50029c657,"{""d"":5.0,""p"":0.01,""r"":5.0}","{""obs_mistake_mask=E"":260}"
      2048,         0,         0,   0.189,correlated_pymatching,6b6bb4514f276642b7df7ca2e983dd4b9ddfd909fe7add7202b9f6e1afa45f74,"{""d"":5.0,""p"":0.00046415888336127773,""r"":5.0}",
     11264,         6,         0,   0.219,correlated_pymatching,82d4625cd258701e8a7fb9579967149923f58366fdafb54fc33e0ab2ef56f22e,"{""d"":3.0,""p"":0.00021544346900318845,""r"":3.0}","{""obs_mistake_mask=E"":6}"
      9216,        22,         0,   0.210,correlated_pymatching,c2c15e3406a1fc2fec9f6ffa5afa2a4a4872108563a5d9df529b9e4188cc3bd1,"{""d"":3.0,""p"":0.00046415888336127773,""r"":3.0}","{""obs_mistake_mask=E"":22}"
      1024,       178,         0,   0.285,correlated_pymatching,8759b7b3a2ac8bb79955a6c49b97d43d795f382a85ef542190f0cc4b05e04269,"{""d"":5.0,""p"":0.004641588833612777,""r"":5.0}","{""obs_mistake_mask=E"":178}"
         8,         3,         0,   0.209,correlated_pymatching,4077425ea94fe2ada1838775a281d21b75bcde95ad9ec1f005d27d9752f9f883,"{""d"":7.0,""p"":0.004641588833612777,""r"":7.0}","{""obs_mistake_mask=E"":3}"
         8,         0,         0,   0.190,correlated_pymatching,f3aeef2556c82844f7e09dca2f007455d33bb5a1704a53de87599ee998bf8408,"{""d"":7.0,""p"":0.0001,""r"":7.0}",
         8,         5,         0,   0.228,correlated_pymatching,1509a84aeb6ac83267b1b34c71ca72e451a2b8acb9bfa6d777a03604438236af,"{""d"":7.0,""p"":0.046415888336127774,""r"":7.0}","{""obs_mistake_mask=E"":5}"
     15360,         6,         0,   0.288,correlated_pymatching,f989af7d8757b7b1dc4b7c5ccb305775f8abd78056b05ce6b6ff616bd0cd1e6f,"{""d"":3.0,""p"":0.0001,""r"":3.0}","{""obs_mistake_mask=E"":6}"
        32,         0,         0,   0.079,correlated_pymatching,46a4ae31e021033e623c40f8502053fa7f370dc03c0b20216af84e083ec4f664,"{""d"":5.0,""p"":0.001,""r"":5.0}",
         8,         0,         0,   0.198,correlated_pymatching,36d2c32a16ae1484f4ce556f02edcde754aef238fde2adbd58da928d1dea009c,"{""d"":7.0,""p"":0.00021544346900318845,""r"":7.0}",
         8,         0,         0,   0.198,correlated_pymatching,b296b1e82a2e96c853ed55118124f370f20f7552855d6c11bbd2675432a5c92b,"{""d"":7.0,""p"":0.00046415888336127773,""r"":7.0}",
        16,         0,         0,   0.085,correlated_pymatching,6b6bb4514f276642b7df7ca2e983dd4b9ddfd909fe7add7202b9f6e1afa45f74,"{""d"":5.0,""p"":0.00046415888336127773,""r"":5.0}",
      2048,         6,         0,   0.229,correlated_pymatching,46a4ae31e021033e623c40f8502053fa7f370dc03c0b20216af84e083ec4f664,"{""d"":5.0,""p"":0.001,""r"":5.0}","{""obs_mistake_mask=E"":6}"
         8,         0,         0,   0.192,correlated_pymatching,760671fe0c95fded9da57d0cc53c6ee70c714e8a2ad47f1b38f6fdd7550fa000,"{""d"":7.0,""p"":0.001,""r"":7.0}",
         8,         0,         0,   0.204,correlated_pymatching,f6813f7947c76a04961f6e290f1cdc463c85d1f987d2889426ac843305300561,"{""d"":7.0,""p"":0.002154434690031882,""r"":7.0}",
     15360,        15,         0,   0.299,correlated_pymatching,82d4625cd258701e8a7fb9579967149923f58366fdafb54fc33e0ab2ef56f22e,"{""d"":3.0,""p"":0.00021544346900318845,""r"":3.0}","{""obs_mistake_mask=E"":15}"
      1024,         0,         0,   0.083,correlated_pymatching,4552da301c33225537c328b309766b9a9b6f35af4935d2f0ae1b8498bbcb8ce2,"{""d"":5.0,""p"":0.0001,""r"":5.0}",
         8,         6,         0,   0.220,correlated_pymatching,89c9ab2eedf43f492da6e9fe60af7d4777cb2642a7f97e9665765bf4d8a66727,"{""d"":7.0,""p"":0.01,""r"":7.0}","{""obs_mistake_mask=E"":6}"
     13312,        45,         0,   0.295,correlated_pymatching,c2c15e3406a1fc2fec9f6ffa5afa2a4a4872108563a5d9df529b9e4188cc3bd1,"{""d"":3.0,""p"":0.00046415888336127773,""r"":3.0}","{""obs_mistake_mask=E"":45}"
         8,         6,         0,   0.240,correlated_pymatching,1509a84aeb6ac83267b1b34c71ca72e451a2b8acb9bfa6d777a03604438236af,"{""d"":7.0,""p"":0.046415888336127774,""r"":7.0}","{""obs_mistake_mask=E"":6}"
      1024,        23,         0,   0.159,correlated_pymatching,af75a492d271f83bdcd6e53be32ae73191e0724a0738399a0513164420804e12,"{""d"":5.0,""p"":0.002154434690031882,""r"":5.0}","{""obs_mistake_mask=E"":23}"
         8,         4,         0,   0.224,correlated_pymatching,6e14b7f0f262cc6bca11c7bac7a30078dd408da7d92850ecde9ecacf75be81a5,"{""d"":7.0,""p"":0.021544346900318822,""r"":7.0}","{""obs_mistake_mask=E"":4}"
       128,         0,         0,   0.083,correlated_pymatching,46a4ae31e021033e623c40f8502053fa7f370dc03c0b20216af84e083ec4f664,"{""d"":5.0,""p"":0.001,""r"":5.0}",
         8,         4,         0,   0.243,correlated_pymatching,1e7aede6d6aae8b3f7ebc3aabc0732d42764703aa6fed4d1f959fb598f2c49c3,"{""d"":7.0,""p"":0.1,""r"":7.0}","{""obs_mistake_mask=E"":4}"
        32,         0,         0,   0.140,correlated_pymatching,e11d85a23de5eeb551ef6741a0f0439ab3117190165e3520581ee138633e39c0,"{""d"":5.0,""p"":0.00021544346900318845,""r"":5.0}",
        64,         0,         0,   0.078,correlated_pymatching,6b6bb4514f276642b7df7ca2e983dd4b9ddfd909fe7add7202b9f6e1afa45f74,"{""d"":5.0,""p"":0.00046415888336127773,""r"":5.0}",
         8,         3,         0,   0.246,correlated_pymatching,1e7aede6d6aae8b3f7ebc3aabc0732d42764703aa6fed4d1f959fb598f2c49c3,"{""d"":7.0,""p"":0.1,""r"":7.0}","{""obs_mistake_mask=E"":3}"
       256,       130,         0,   0.405,correlated_pymatching,4446995abc68c99fcc7fcf24db276cdb299b9f9cdcc0d4a9a419b7597a3b65a1,"{""d"":5.0,""p"":0.1,""r"":5.0}","{""obs_mistake_mask=E"":130}"
      3072,         0,         0,   0.247,correlated_pymatching,4552da301c33225537c328b309766b9a9b6f35af4935d2f0ae1b8498bbcb8ce2,"{""d"":5.0,""p"":0.0001,""r"":5.0}",
         1,         0,         0,   0.075,correlated_pymatching,af75a492d271f83bdcd6e53be32ae73191e0724a0738399a0513164420804e12,"{""d"":5.0,""p"":0.002154434690031882,""r"":5.0}",
       256,         0,         0,   0.080,correlated_pymatching,6b6bb4514f276642b7df7ca2e983dd4b9ddfd909fe7add7202b9f6e1afa45f74,"{""d"":5.0,""p"":0.00046415888336127773,""r"":5.0}",
       512,         1,         0,   0.092,correlated_pymatching,46a4ae31e021033e623c40f8502053fa7f370dc03c0b20216af84e083ec4f664,"{""d"":5.0,""p"":0.001,""r"":5.0}","{""obs_mistake_mask=E"":1}"
      3072,         0,         0,   0.260,correlated_pymatching,e11d85a23de5eeb551ef6741a0f0439ab3117190165e3520581ee138633e39c0,"{""d"":5.0,""p"":0.00021544346900318845,""r"":5.0}",
     16384,         7,         0,   0.298,correlated_pymatching,f989af7d8757b7b1dc4b7c5ccb305775f8abd78056b05ce6b6ff616bd0cd1e6f,"{""d"":3.0,""p"":0.0001,""r"":3.0}","{""obs_mistake_mask=E"":7}"
        16,         0,         0,   0.209,correlated_pymatching,f3aeef2556c82844f7e09dca2f007455d33bb5a1704a53de87599ee998bf8408,"{""d"":7.0,""p"":0.0001,""r"":7.0}",
      2048,         0,         0,   0.176,correlated_pymatching,4552da301c33225537c328b309766b9a9b6f35af4935d2f0ae1b8498bbcb8ce2,"{""d"":5.0,""p"":0.0001,""r"":5.0}",
        16,         0,         0,   0.209,correlated_pymatching,36d2c32a16ae1484f4ce556f02edcde754aef238fde2adbd58da928d1dea009c,"{""d"":7.0,""p"":0.00021544346900318845,""r"":7.0}",
        16,         1,         0,   0.216,correlated_pymatching,4077425ea94fe2ada1838775a281d21b75bcde95ad9ec1f005d27d9752f9f883,"{""d"":7.0,""p"":0.004641588833612777,""r"":7.0}","{""obs_mistake_mask=E"":1}"
       512,       251,         0,   0.501,correlated_pymatching,a2bf2ba04056c5158dca046f3e9cc1ebf705a21ba2368d4e98f3f1642d2d2810,"{""d"":5.0,""p"":0.021544346900318822,""r"":5.0}","{""obs_mistake_mask=E"":251}"
        16,         0,         0,   0.210,correlated_pymatching,b296b1e82a2e96c853ed55118124f370f20f7552855d6c11bbd2675432a5c92b,"{""d"":7.0,""p"":0.00046415888336127773,""r"":7.0}",
       128,         0,         0,   0.136,correlated_pymatching,e11d85a23de5eeb551ef6741a0f0439ab3117190165e3520581ee138633e39c0,"{""d"":5.0,""p"":0.00021544346900318845,""r"":5.0}",
        16,         1,         0,   0.206,correlated_pymatching,f6813f7947c76a04961f6e290f1cdc463c85d1f987d2889426ac843305300561,"{""d"":7.0,""p"":0.002154434690031882,""r"":7.0}","{""obs_mistake_mask=E"":1}"
         4,         0,         0,   0.075,correlated_pymatching,af75a492d271f83bdcd6e53be32ae73191e0724a0738399a0513164420804e12,"{""d"":5.0,""p"":0.002154434690031882,""r"":5.0}",
      2048,         8,         0,   0.229,correlated_pymatching,46a4ae31e021033e623c40f8502053fa7f370dc03c0b20216af84e083ec4f664,"{""d"":5.0,""p"":0.001,""r"":5.0}","{""obs_mistake_mask=E"":8}"
        16,         0,         0,   0.227,correlated_pymatching,760671fe0c95fded9da57d0cc53c6ee70c714e8a2ad47f1b38f6fdd7550fa000,"{""d"":7.0,""p"":0.001,""r"":7.0}",
      3072,         2,         0,   0.304,correlated_pymatching,6b6bb4514f276642b7df7ca2e983dd4b9ddfd909fe7add7202b9f6e1afa45f74,"{""d"":5.0,""p"":0.00046415888336127773,""r"":5.0}","{""obs_mistake_mask=E"":2}"
      1024,         0,         0,   0.097,correlated_pymatching,6b6bb4514f276642b7df7ca2e983dd4b9ddfd909fe7add7202b9f6e1afa45f74,"{""d"":5.0,""p"":0.00046415888336127773,""r"":5.0}",
        16,        10,         0,   0.276,correlated_pymatching,1509a84aeb6ac83267b1b34c71ca72e451a2b8acb9bfa6d777a03604438236af,"{""d"":7.0,""p"":0.046415888336127774,""r"":7.0}","{""obs_mistake_mask=E"":10}"
       256,       131,         0,   0.373,correlated_pymatching,cf0e7404836dbd1d1e96df6633c4ffebab3e6f2067d3ce8acc3752a77a9fa340,"{""d"":5.0,""p"":0.046415888336127774,""r"":5.0}","{""obs_mistake_mask=E"":131}"
        16,         7,         0,   0.233,correlated_pymatching,89c9ab2eedf43f492da6e9fe60af7d4777cb2642a7f97e9665765bf4d8a66727,"{""d"":7.0,""p"":0.01,""r"":7.0}","{""obs_mistake_mask=E"":7}"
     15360,        16,         0,   0.294,correlated_pymatching,82d4625cd258701e8a7fb9579967149923f58366fdafb54fc33e0ab2ef56f22e,"{""d"":3.0,""p"":0.00021544346900318845,""r"":3.0}","{""obs_mistake_mask=E"":16}"
     13312,        50,         0,   0.293,correlated_pymatching,c2c15e3406a1fc2fec9f6ffa5afa2a4a4872108563a5d9df529b9e4188cc3bd1,"{""d"":3.0,""p"":0.00046415888336127773,""r"":3.0}","{""obs_mistake_mask=E"":50}"
      1024,         1,         0,   0.132,correlated_pymatching,46a4ae31e021033e623c40f8502053fa7f370dc03c0b20216af84e083ec4f664,"{""d"":5.0,""p"":0.001,""r"":5.0}","{""obs_mistake_mask=E"":1}"
        16,         8,         0,   0.240,correlated_pymatching,6e14b7f0f262cc6bca11c7bac7a30078dd408da7d92850ecde9ecacf75be81a5,"{""d"":7.0,""p"":0.021544346900318822,""r"":7.0}","{""obs_mistake_mask=E"":8}"
        16,         9,         0,   0.260,correlated_pymatching,1509a84aeb6ac83267b1b34c71ca72e451a2b8acb9bfa6d777a03604438236af,"{""d"":7.0,""p"":0.046415888336127774,""r"":7.0}","{""obs_mistake_mask=E"":9}"
        16,         0,         0,   0.076,correlated_pymatching,af75a492d271f83bdcd6e53be32ae73191e0724a0738399a0513164420804e12,"{""d"":5.0,""p"":0.002154434690031882,""r"":5.0}",
        32,         4,         0,   0.132,correlated_pymatching,4077425ea94fe2ada1838775a281d21b75bcde95ad9ec1f005d27d9752f9f883,"{""d"":7.0,""p"":0.004641588833612777,""r"":7.0}","{""obs_mistake_mask=E"":4}"
        16,        10,         0,   0.264,correlated_pymatching,1e7aede6d6aae8b3f7ebc3aabc0732d42764703aa6fed4d1f959fb598f2c49c3,"{""d"":7.0,""p"":0.1,""r"":7.0}","{""obs_mistake_mask=E"":10}"
      2048,        42,         0,   0.301,correlated_pymatching,af75a492d271f83bdcd6e53be32ae73191e0724a0738399a0513164420804e12,"{""d"":5.0,""p"":0.002154434690031882,""r"":5.0}","{""obs_mistake_mask=E"":42}"
      1024,         0,         0,   0.098,correlated_pymatching,6b6bb4514f276642b7df7ca2e983dd4b9ddfd909fe7add7202b9f6e1afa45f74,"{""d"":5.0,""p"":0.00046415888336127773,""r"":5.0}",
        16,         8,         0,   0.276,correlated_pymatching,1e7aede6d6aae8b3f7ebc3aabc0732d42764703aa6fed4d1f959fb598f2c49c3,"{""d"":7.0,""p"":0.1,""r"":7.0}","{""obs_mistake_mask=E"":8}"
       512,         0,         0,   0.152,correlated_pymatching,e11d85a23de5eeb551ef6741a0f0439ab3117190165e3520581ee138633e39c0,"{""d"":5.0,""p"":0.00021544346900318845,""r"":5.0}",
      2048,         0,         0,   0.172,correlated_pymatching,4552da301c33225537c328b309766b9a9b6f35af4935d2f0ae1b8498bbcb8ce2,"{""d"":5.0,""p"":0.0001,""r"":5.0}",
        32,         0,         0,   0.184,correlated_pymatching,36d2c32a16ae1484f4ce556f02edcde754aef238fde2adbd58da928d1dea009c,"{""d"":7.0,""p"":0.00021544346900318845,""r"":7.0}",
        64,         1,         0,   0.078,correlated_pymatching,af75a492d271f83bdcd6e53be32ae73191e0724a0738399a0513164420804e12,"{""d"":5.0,""p"":0.002154434690031882,""r"":5.0}","{""obs_mistake_mask=E"":1}"
        32,         0,         0,   0.208,correlated_pymatching,f3aeef2556c82844f7e09dca2f007455d33bb5a1704a53de87599ee998bf8408,"{""d"":7.0,""p"":0.0001,""r"":7.0}",
      1024,         2,         0,   0.106,correlated_pymatching,46a4ae31e021033e623c40f8502053fa7f370dc03c0b20216af84e083ec4f664,"{""d"":5.0,""p"":0.001,""r"":5.0}","{""obs_mistake_mask=E"":2}"
     22528,         7,         0,   0.415,correlated_pymatching,f989af7d8757b7b1dc4b7c5ccb305775f8abd78056b05ce6b6ff616bd0cd1e6f,"{""d"":3.0,""p"":0.0001,""r"":3.0}","{""obs_mistake_mask=E"":7}"
        32,         0,         0,   0.204,correlated_pymatching,b296b1e82a2e96c853ed55118124f370f20f7552855d6c11bbd2675432a5c92b,"{""d"":7.0,""p"":0.00046415888336127773,""r"":7.0}",
     19456,        21,         0,   0.406,correlated_pymatching,82d4625cd258701e8a7fb9579967149923f58366fdafb54fc33e0ab2ef56f22e,"{""d"":3.0,""p"":0.00021544346900318845,""r"":3.0}","{""obs_mistake_mask=E"":21}"
         1,         0,         0,   0.089,correlated_pymatching,cf0e7404836dbd1d1e96df6633c4ffebab3e6f2067d3ce8acc3752a77a9fa340,"{""d"":5.0,""p"":0.046415888336127774,""r"":5.0}",
        32,         1,         0,   0.213,correlated_pymatching,f6813f7947c76a04961f6e290f1cdc463c85d1f987d2889426ac843305300561,"{""d"":7.0,""p"":0.002154434690031882,""r"":7.0}","{""obs_mistake_mask=E"":1}"
        32,         0,         0,   0.206,correlated_pymatching,760671fe0c95fded9da57d0cc53c6ee70c714e8a2ad47f1b38f6fdd7550fa000,"{""d"":7.0,""p"":0.001,""r"":7.0}",
      4096,         0,         0,   0.333,correlated_pymatching,4552da301c33225537c328b309766b9a9b6f35af4935d2f0ae1b8498bbcb8ce2,"{""d"":5.0,""p"":0.0001,""r"":5.0}",
     18432,        66,         0,   0.425,correlated_pymatching,c2c15e3406a1fc2fec9f6ffa5afa2a4a4872108563a5d9df529b9e4188cc3bd1,"{""d"":3.0,""p"":0.00046415888336127773,""r"":3.0}","{""obs_mistake_mask=E"":66}"
       256,         7,         0,   0.095,correlated_pymatching,af75a492d271f83bdcd6e53be32ae73191e0724a0738399a0513164420804e12,"{""d"":5.0,""p"":0.002154434690031882,""r"":5.0}","{""obs_mistake_mask=E"":7}"
       256,       129,         0,   0.412,correlated_pymatching,4446995abc68c99fcc7fcf24db276cdb299b9f9cdcc0d4a9a419b7597a3b65a1,"{""d"":5.0,""p"":0.1,""r"":5.0}","{""obs_mistake_mask=E"":129}"
         4,         1,         0,   0.077,correlated_pymatching,cf0e7404836dbd1d1e96df6633c4ffebab3e6f2067d3ce8acc3752a77a9fa340,"{""d"":5.0,""p"":0.046415888336127774,""r"":5.0}","{""obs_mistake_mask=E"":1}"
       128,        21,         0,   0.180,correlated_pymatching,4077425ea94fe2ada1838775a281d21b75bcde95ad9ec1f005d27d9752f9f883,"{""d"":7.0,""p"":0.004641588833612777,""r"":7.0}","{""obs_mistake_mask=E"":21}"
        32,        14,         0,   0.252,correlated_pymatching,89c9ab2eedf43f492da6e9fe60af7d4777cb2642a7f97e9665765bf4d8a66727,"{""d"":7.0,""p"":0.01,""r"":7.0}","{""obs_mistake_mask=E"":14}"
      1024,         0,         0,   0.156,correlated_pymatching,e11d85a23de5eeb551ef6741a0f0439ab3117190165e3520581ee138633e39c0,"{""d"":5.0,""p"":0.00021544346900318845,""r"":5.0}",
      4096,         0,         0,   0.358,correlated_pymatching,e11d85a23de5eeb551ef6741a0f0439ab3117190165e3520581ee138633e39c0,"{""d"":5.0,""p"":0.00021544346900318845,""r"":5.0}",
      3072,         0,         0,   0.290,correlated_pymatching,6b6bb4514f276642b7df7ca2e983dd4b9ddfd909fe7add7202b9f6e1afa45f74,"{""d"":5.0,""p"":0.00046415888336127773,""r"":5.0}",
      2048,         1,         0,   0.191,correlated_pymatching,6b6bb4514f276642b7df7ca2e983dd4b9ddfd909fe7add7202b9f6e1afa45f74,"{""d"":5.0,""p"":0.00046415888336127773,""r"":5.0}","{""obs_mistake_mask=E"":1}"
      3072,         7,         0,   0.318,correlated_pymatching,46a4ae31e021033e623c40f8502053fa7f370dc03c0b20216af84e083ec4f664,"{""d"":5.0,""p"":0.001,""r"":5.0}","{""obs_mistake_mask=E"":7}"
        32,        17,         0,   0.309,correlated_pymatching,1509a84aeb6ac83267b1b34c71ca72e451a2b8acb9bfa6d777a03604438236af,"{""d"":7.0,""p"":0.046415888336127774,""r"":7.0}","{""obs_mistake_mask=E"":17}"
       256,       133,         0,   0.311,correlated_pymatching,cf0e7404836dbd1d1e96df6633c4ffebab3e6f2067d3ce8acc3752a77a9fa340,"{""d"":5.0,""p"":0.046415888336127774,""r"":5.0}","{""obs_mistake_mask=E"":133}"
         1,         1,         0,   0.078,correlated_pymatching,4446995abc68c99fcc7fcf24db276cdb299b9f9cdcc0d4a9a419b7597a3b65a1,"{""d"":5.0,""p"":0.1,""r"":5.0}","{""obs_mistake_mask=E"":1}"
     21504,         9,         0,   0.404,correlated_pymatching,f989af7d8757b7b1dc4b7c5ccb305775f8abd78056b05ce6b6ff616bd0cd1e6f,"{""d"":3.0,""p"":0.0001,""r"":3.0}","{""obs_mistake_mask=E"":9}"
        16,         8,         0,   0.093,correlated_pymatching,cf0e7404836dbd1d1e96df6633c4ffebab3e6f2067d3ce8acc3752a77a9fa340,"{""d"":5.0,""p"":0.046415888336127774,""r"":5.0}","{""obs_mistake_mask=E"":8}"
        64,         0,         0,   0.220,correlated_pymatching,36d2c32a16ae1484f4ce556f02edcde754aef238fde2adbd58da928d1dea009c,"{""d"":7.0,""p"":0.00021544346900318845,""r"":7.0}",
        64,         0,         0,   0.208,correlated_pymatching,f3aeef2556c82844f7e09dca2f007455d33bb5a1704a53de87599ee998bf8408,"{""d"":7.0,""p"":0.0001,""r"":7.0}",
        32,        14,         0,   0.308,correlated_pymatching,6e14b7f0f262cc6bca11c7bac7a30078dd408da7d92850ecde9ecacf75be81a5,"{""d"":7.0,""p"":0.021544346900318822,""r"":7.0}","{""obs_mistake_mask=E"":14}"
        64,         0,         0,   0.206,correlated_pymatching,b296b1e82a2e96c853ed55118124f370f20f7552855d6c11bbd2675432a5c92b,"{""d"":7.0,""p"":0.00046415888336127773,""r"":7.0}",
      3072,         0,         0,   0.252,correlated_pymatching,4552da301c33225537c328b309766b9a9b6f35af4935d2f0ae1b8498bbcb8ce2,"{""d"":5.0,""p"":0.0001,""r"":5.0}",
      2048,        10,         0,   0.224,correlated_pymatching,46a4ae31e021033e623c40f8502053fa7f370dc03c0b20216af84e083ec4f664,"{""d"":5.0,""p"":0.001,""r"":5.0}","{""obs_mistake_mask=E"":10}"
      1024,        22,         0,   0.151,correlated_pymatching,af75a492d271f83bdcd6e53be32ae73191e0724a0738399a0513164420804e12,"{""d"":5.0,""p"":0.002154434690031882,""r"":5.0}","{""obs_mistake_mask=E"":22}"
        32,        18,         0,   0.327,correlated_pymatching,1509a84aeb6ac83267b1b34c71ca72e451a2b8acb9bfa6d777a03604438236af,"{""d"":7.0,""p"":0.046415888336127774,""r"":7.0}","{""obs_mistake_mask=E"":18}"
        64,         0,         0,   0.216,correlated_pymatching,f6813f7947c76a04961f6e290f1cdc463c85d1f987d2889426ac843305300561,"{""d"":7.0,""p"":0.002154434690031882,""r"":7.0}",
        64,         0,         0,   0.213,correlated_pymatching,760671fe0c95fded9da57d0cc53c6ee70c714e8a2ad47f1b38f6fdd7550fa000,"{""d"":7.0,""p"":0.001,""r"":7.0}",
         4,         2,         0,   0.074,correlated_pymatching,4446995abc68c99fcc7fcf24db276cdb299b9f9cdcc0d4a9a419b7597a3b65a1,"{""d"":5.0,""p"":0.1,""r"":5.0}","{""obs_mistake_mask=E"":2}"
      1024,         0,         0,   0.156,correlated_pymatching,e11d85a23de5eeb551ef6741a0f0439ab3117190165e3520581ee138633e39c0,"{""d"":5.0,""p"":0.00021544346900318845,""r"":5.0}",
     20480,        20,         0,   0.409,correlated_pymatching,82d4625cd258701e8a7fb9579967149923f58366fdafb54fc33e0ab2ef56f22e,"{""d"":3.0,""p"":0.00021544346900318845,""r"":3.0}","{""obs_mistake_mask=E"":20}"
     18432,        58,         0,   0.407,correlated_pymatching,c2c15e3406a1fc2fec9f6ffa5afa2a4a4872108563a5d9df529b9e4188cc3bd1,"{""d"":3.0,""p"":0.00046415888336127773,""r"":3.0}","{""obs_mistake_mask=E"":58}"
        32,        15,         0,   0.346,correlated_pymatching,1e7aede6d6aae8b3f7ebc3aabc0732d42764703aa6fed4d1f959fb598f2c49c3,"{""d"":7.0,""p"":0.1,""r"":7.0}","{""obs_mistake_mask=E"":15}"
        32,        12,         0,   0.328,correlated_pymatching,1e7aede6d6aae8b3f7ebc3aabc0732d42764703aa6fed4d1f959fb598f2c49c3,"{""d"":7.0,""p"":0.1,""r"":7.0}","{""obs_mistake_mask=E"":12}"
     10240,        39,         0,   0.227,correlated_pymatching,c2c15e3406a1fc2fec9f6ffa5afa2a4a4872108563a5d9df529b9e4188cc3bd1,"{""d"":3.0,""p"":0.00046415888336127773,""r"":3.0}","{""obs_mistake_mask=E"":39}"
      1024,         3,         0,   0.020,correlated_pymatching,c2c15e3406a1fc2fec9f6ffa5afa2a4a4872108563a5d9df529b9e4188cc3bd1,"{""d"":3.0,""p"":0.00046415888336127773,""r"":3.0}","{""obs_mistake_mask=E"":3}"
      2048,         0,         0,   0.191,correlated_pymatching,6b6bb4514f276642b7df7ca2e983dd4b9ddfd909fe7add7202b9f6e1afa45f74,"{""d"":5.0,""p"":0.00046415888336127773,""r"":5.0}",
        32,        19,         0,   0.125,correlated_pymatching,4446995abc68c99fcc7fcf24db276cdb299b9f9cdcc0d4a9a419b7597a3b65a1,"{""d"":5.0,""p"":0.1,""r"":5.0}","{""obs_mistake_mask=E"":19}"
      1024,        15,         0,   0.153,correlated_pymatching,af75a492d271f83bdcd6e53be32ae73191e0724a0738399a0513164420804e12,"{""d"":5.0,""p"":0.002154434690031882,""r"":5.0}","{""obs_mistake_mask=E"":15}"
      3072,        58,         0,   0.435,correlated_pymatching,af75a492d271f83bdcd6e53be32ae73191e0724a0738399a0513164420804e12,"{""d"":5.0,""p"":0.002154434690031882,""r"":5.0}","{""obs_mistake_mask=E"":58}"
       128,         0,         0,   0.212,correlated_pymatching,36d2c32a16ae1484f4ce556f02edcde754aef238fde2adbd58da928d1dea009c,"{""d"":7.0,""p"":0.00021544346900318845,""r"":7.0}",
        64,        27,         0,   0.297,correlated_pymatching,89c9ab2eedf43f492da6e9fe60af7d4777cb2642a7f97e9665765bf4d8a66727,"{""d"":7.0,""p"":0.01,""r"":7.0}","{""obs_mistake_mask=E"":27}"
       128,         0,         0,   0.206,correlated_pymatching,f3aeef2556c82844f7e09dca2f007455d33bb5a1704a53de87599ee998bf8408,"{""d"":7.0,""p"":0.0001,""r"":7.0}",
       128,         0,         0,   0.216,correlated_pymatching,b296b1e82a2e96c853ed55118124f370f20f7552855d6c11bbd2675432a5c92b,"{""d"":7.0,""p"":0.00046415888336127773,""r"":7.0}",
      1024,         0,         0,   0.159,correlated_pymatching,e11d85a23de5eeb551ef6741a0f0439ab3117190165e3520581ee138633e39c0,"{""d"":5.0,""p"":0.00021544346900318845,""r"":5.0}",
      2048,         4,         0,   0.216,correlated_pymatching,46a4ae31e021033e623c40f8502053fa7f370dc03c0b20216af84e083ec4f664,"{""d"":5.0,""p"":0.001,""r"":5.0}","{""obs_mistake_mask=E"":4}"
       128,         0,         0,   0.216,correlated_pymatching,760671fe0c95fded9da57d0cc53c6ee70c714e8a2ad47f1b38f6fdd7550fa000,"{""d"":7.0,""p"":0.001,""r"":7.0}",
      5120,         0,         0,   0.430,correlated_pymatching,4552da301c33225537c328b309766b9a9b6f35af4935d2f0ae1b8498bbcb8ce2,"{""d"":5.0,""p"":0.0001,""r"":5.0}",
       256,        33,         0,   0.372,correlated_pymatching,4077425ea94fe2ada1838775a281d21b75bcde95ad9ec1f005d27d9752f9f883,"{""d"":7.0,""p"":0.004641588833612777,""r"":7.0}","{""obs_mistake_mask=E"":33}"
       128,         3,         0,   0.240,correlated_pymatching,f6813f7947c76a04961f6e290f1cdc463c85d1f987d2889426ac843305300561,"{""d"":7.0,""p"":0.002154434690031882,""r"":7.0}","{""obs_mistake_mask=E"":3}"
       256,       149,         0,   0.406,correlated_pymatching,4446995abc68c99fcc7fcf24db276cdb299b9f9cdcc0d4a9a419b7597a3b65a1,"{""d"":5.0,""p"":0.1,""r"":5.0}","{""obs_mistake_mask=E"":149}"
        32,        12,         0,   0.298,correlated_pymatching,6e14b7f0f262cc6bca11c7bac7a30078dd408da7d92850ecde9ecacf75be81a5,"{""d"":7.0,""p"":0.021544346900318822,""r"":7.0}","{""obs_mistake_mask=E"":12}"
        32,        16,         0,   0.338,correlated_pymatching,1509a84aeb6ac83267b1b34c71ca72e451a2b8acb9bfa6d777a03604438236af,"{""d"":7.0,""p"":0.046415888336127774,""r"":7.0}","{""obs_mistake_mask=E"":16}"
      1024,        30,         0,   0.142,correlated_pymatching,af75a492d271f83bdcd6e53be32ae73191e0724a0738399a0513164420804e12,"{""d"":5.0,""p"":0.002154434690031882,""r"":5.0}","{""obs_mistake_mask=E"":30}"
      4096,         0,         0,   0.336,correlated_pymatching,4552da301c33225537c328b309766b9a9b6f35af4935d2f0ae1b8498bbcb8ce2,"{""d"":5.0,""p"":0.0001,""r"":5.0}",
        32,        14,         0,   0.333,correlated_pymatching,1509a84aeb6ac83267b1b34c71ca72e451a2b8acb9bfa6d777a03604438236af,"{""d"":7.0,""p"":0.046415888336127774,""r"":7.0}","{""obs_mistake_mask=E"":14}"
      5120,         0,         0,   0.448,correlated_pymatching,e11d85a23de5eeb551ef6741a0f0439ab3117190165e3520581ee138633e39c0,"{""d"":5.0,""p"":0.00021544346900318845,""r"":5.0}",
     30720,        11,         0,   0.574,correlated_pymatching,f989af7d8757b7b1dc4b7c5ccb305775f8abd78056b05ce6b6ff616bd0cd1e6f,"{""d"":3.0,""p"":0.0001,""r"":3.0}","{""obs_mistake_mask=E"":11}"
     28672,        36,         0,   0.572,correlated_pymatching,82d4625cd258701e8a7fb9579967149923f58366fdafb54fc33e0ab2ef56f22e,"{""d"":3.0,""p"":0.00021544346900318845,""r"":3.0}","{""obs_mistake_mask=E"":36}"
      4096,        10,         0,   0.462,correlated_pymatching,46a4ae31e021033e623c40f8502053fa7f370dc03c0b20216af84e083ec4f664,"{""d"":5.0,""p"":0.001,""r"":5.0}","{""obs_mistake_mask=E"":10}"
       256,         0,         0,   0.204,correlated_pymatching,f3aeef2556c82844f7e09dca2f007455d33bb5a1704a53de87599ee998bf8408,"{""d"":7.0,""p"":0.0001,""r"":7.0}",
      5120,         1,         0,   0.479,correlated_pymatching,6b6bb4514f276642b7df7ca2e983dd4b9ddfd909fe7add7202b9f6e1afa45f74,"{""d"":5.0,""p"":0.00046415888336127773,""r"":5.0}","{""obs_mistake_mask=E"":1}"
       256,         0,         0,   0.208,correlated_pymatching,36d2c32a16ae1484f4ce556f02edcde754aef238fde2adbd58da928d1dea009c,"{""d"":7.0,""p"":0.00021544346900318845,""r"":7.0}",
       128,        60,         0,   0.244,correlated_pymatching,4446995abc68c99fcc7fcf24db276cdb299b9f9cdcc0d4a9a419b7597a3b65a1,"{""d"":5.0,""p"":0.1,""r"":5.0}","{""obs_mistake_mask=E"":60}"
      3072,         1,         0,   0.285,correlated_pymatching,6b6bb4514f276642b7df7ca2e983dd4b9ddfd909fe7add7202b9f6e1afa45f74,"{""d"":5.0,""p"":0.00046415888336127773,""r"":5.0}","{""obs_mistake_mask=E"":1}"
        32,        15,         0,   0.362,correlated_pymatching,1e7aede6d6aae8b3f7ebc3aabc0732d42764703aa6fed4d1f959fb598f2c49c3,"{""d"":7.0,""p"":0.1,""r"":7.0}","{""obs_mistake_mask=E"":15}"
       256,         0,         0,   0.211,correlated_pymatching,b296b1e82a2e96c853ed55118124f370f20f7552855d6c11bbd2675432a5c92b,"{""d"":7.0,""p"":0.00046415888336127773,""r"":7.0}",
        32,        15,         0,   0.358,correlated_pymatching,1e7aede6d6aae8b3f7ebc3aabc0732d42764703aa6fed4d1f959fb598f2c49c3,"{""d"":7.0,""p"":0.1,""r"":7.0}","{""obs_mistake_mask=E"":15}"
      2048,         6,         0,   0.225,correlated_pymatching,46a4ae31e021033e623c40f8502053fa7f370dc03c0b20216af84e083ec4f664,"{""d"":5.0,""p"":0.001,""r"":5.0}","{""obs_mistake_mask=E"":6}"
         1,         0,         0,   0.218,correlated_pymatching,f3aeef2556c82844f7e09dca2f007455d33bb5a1704a53de87599ee998bf8408,"{""d"":7.0,""p"":0.0001,""r"":7.0}",
      1024,        17,         0,   0.153,correlated_pymatching,af75a492d271f83bdcd6e53be32ae73191e0724a0738399a0513164420804e12,"{""d"":5.0,""p"":0.002154434690031882,""r"":5.0}","{""obs_mistake_mask=E"":17}"
         1,         0,         0,   0.219,correlated_pymatching,36d2c32a16ae1484f4ce556f02edcde754aef238fde2adbd58da928d1dea009c,"{""d"":7.0,""p"":0.00021544346900318845,""r"":7.0}",
       256,         0,         0,   0.240,correlated_pymatching,760671fe0c95fded9da57d0cc53c6ee70c714e8a2ad47f1b38f6fdd7550fa000,"{""d"":7.0,""p"":0.001,""r"":7.0}",
       256,         2,         0,   0.264,correlated_pymatching,f6813f7947c76a04961f6e290f1cdc463c85d1f987d2889426ac843305300561,"{""d"":7.0,""p"":0.002154434690031882,""r"":7.0}","{""obs_mistake_mask=E"":2}"
      2048,         0,         0,   0.320,correlated_pymatching,e11d85a23de5eeb551ef6741a0f0439ab3117190165e3520581ee138633e39c0,"{""d"":5.0,""p"":0.00021544346900318845,""r"":5.0}",
     31744,         9,         0,   0.572,correlated_pymatching,f989af7d8757b7b1dc4b7c5ccb305775f8abd78056b05ce6b6ff616bd0cd1e6f,"{""d"":3.0,""p"":0.0001,""r"":3.0}","{""obs_mistake_mask=E"":9}"
         1,         0,         0,   0.210,correlated_pymatching,b296b1e82a2e96c853ed55118124f370f20f7552855d6c11bbd2675432a5c92b,"{""d"":7.0,""p"":0.00046415888336127773,""r"":7.0}",
         1,         0,         0,   0.221,correlated_pymatching,760671fe0c95fded9da57d0cc53c6ee70c714e8a2ad47f1b38f6fdd7550fa000,"{""d"":7.0,""p"":0.001,""r"":7.0}",
       512,         0,         0,   0.214,correlated_pymatching,f3aeef2556c82844f7e09dca2f007455d33bb5a1704a53de87599ee998bf8408,"{""d"":7.0,""p"":0.0001,""r"":7.0}",
       128,        65,         0,   0.424,correlated_pymatching,89c9ab2eedf43f492da6e9fe60af7d4777cb2642a7f97e9665765bf4d8a66727,"{""d"":7.0,""p"":0.01,""r"":7.0}","{""obs_mistake_mask=E"":65}"
      3072,        60,         0,   0.459,correlated_pymatching,af75a492d271f83bdcd6e53be32ae73191e0724a0738399a0513164420804e12,"{""d"":5.0,""p"":0.002154434690031882,""r"":5.0}","{""obs_mistake_mask=E"":60}"
        32,        13,         0,   0.339,correlated_pymatching,1509a84aeb6ac83267b1b34c71ca72e451a2b8acb9bfa6d777a03604438236af,"{""d"":7.0,""p"":0.046415888336127774,""r"":7.0}","{""obs_mistake_mask=E"":13}"
     28672,        22,         0,   0.565,correlated_pymatching,82d4625cd258701e8a7fb9579967149923f58366fdafb54fc33e0ab2ef56f22e,"{""d"":3.0,""p"":0.00021544346900318845,""r"":3.0}","{""obs_mistake_mask=E"":22}"
       512,         0,         0,   0.240,correlated_pymatching,36d2c32a16ae1484f4ce556f02edcde754aef238fde2adbd58da928d1dea009c,"{""d"":7.0,""p"":0.00021544346900318845,""r"":7.0}",
         2,         0,         0,   0.201,correlated_pymatching,f3aeef2556c82844f7e09dca2f007455d33bb5a1704a53de87599ee998bf8408,"{""d"":7.0,""p"":0.0001,""r"":7.0}",
       256,        34,         0,   0.396,correlated_pymatching,4077425ea94fe2ada1838775a281d21b75bcde95ad9ec1f005d27d9752f9f883,"{""d"":7.0,""p"":0.004641588833612777,""r"":7.0}","{""obs_mistake_mask=E"":34}"
         2,         0,         0,   0.191,correlated_pymatching,36d2c32a16ae1484f4ce556f02edcde754aef238fde2adbd58da928d1dea009c,"{""d"":7.0,""p"":0.00021544346900318845,""r"":7.0}",
       512,         0,         0,   0.245,correlated_pymatching,b296b1e82a2e96c853ed55118124f370f20f7552855d6c11bbd2675432a5c92b,"{""d"":7.0,""p"":0.00046415888336127773,""r"":7.0}",
        32,        15,         0,   0.329,correlated_pymatching,1509a84aeb6ac83267b1b34c71ca72e451a2b8acb9bfa6d777a03604438236af,"{""d"":7.0,""p"":0.046415888336127774,""r"":7.0}","{""obs_mistake_mask=E"":15}"
        64,        35,         0,   0.390,correlated_pymatching,6e14b7f0f262cc6bca11c7bac7a30078dd408da7d92850ecde9ecacf75be81a5,"{""d"":7.0,""p"":0.021544346900318822,""r"":7.0}","{""obs_mistake_mask=E"":35}"
       512,         0,         0,   0.264,correlated_pymatching,760671fe0c95fded9da57d0cc53c6ee70c714e8a2ad47f1b38f6fdd7550fa000,"{""d"":7.0,""p"":0.001,""r"":7.0}",
      5120,         0,         0,   0.425,correlated_pymatching,4552da301c33225537c328b309766b9a9b6f35af4935d2f0ae1b8498bbcb8ce2,"{""d"":5.0,""p"":0.0001,""r"":5.0}",
         2,         0,         0,   0.204,correlated_pymatching,b296b1e82a2e96c853ed55118124f370f20f7552855d6c11bbd2675432a5c92b,"{""d"":7.0,""p"":0.00046415888336127773,""r"":7.0}",
         2,         0,         0,   0.201,correlated_pymatching,760671fe0c95fded9da57d0cc53c6ee70c714e8a2ad47f1b38f6fdd7550fa000,"{""d"":7.0,""p"":0.001,""r"":7.0}",
      4096,         1,         0,   0.372,correlated_pymatching,6b6bb4514f276642b7df7ca2e983dd4b9ddfd909fe7add7202b9f6e1afa45f74,"{""d"":5.0,""p"":0.00046415888336127773,""r"":5.0}","{""obs_mistake_mask=E"":1}"
      2048,        32,         0,   0.325,correlated_pymatching,af75a492d271f83bdcd6e53be32ae73191e0724a0738399a0513164420804e12,"{""d"":5.0,""p"":0.002154434690031882,""r"":5.0}","{""obs_mistake_mask=E"":32}"
      3072,         6,         0,   0.343,correlated_pymatching,46a4ae31e021033e623c40f8502053fa7f370dc03c0b20216af84e083ec4f664,"{""d"":5.0,""p"":0.001,""r"":5.0}","{""obs_mistake_mask=E"":6}"
        32,        18,         0,   0.370,correlated_pymatching,1e7aede6d6aae8b3f7ebc3aabc0732d42764703aa6fed4d1f959fb598f2c49c3,"{""d"":7.0,""p"":0.1,""r"":7.0}","{""obs_mistake_mask=E"":18}"
        32,        15,         0,   0.371,correlated_pymatching,1e7aede6d6aae8b3f7ebc3aabc0732d42764703aa6fed4d1f959fb598f2c49c3,"{""d"":7.0,""p"":0.1,""r"":7.0}","{""obs_mistake_mask=E"":15}"
      2048,         0,         0,   0.315,correlated_pymatching,e11d85a23de5eeb551ef6741a0f0439ab3117190165e3520581ee138633e39c0,"{""d"":5.0,""p"":0.00021544346900318845,""r"":5.0}",
      7168,         0,         0,   0.602,correlated_pymatching,4552da301c33225537c328b309766b9a9b6f35af4935d2f0ae1b8498bbcb8ce2,"{""d"":5.0,""p"":0.0001,""r"":5.0}",
       512,         4,         0,   0.348,correlated_pymatching,f6813f7947c76a04961f6e290f1cdc463c85d1f987d2889426ac843305300561,"{""d"":7.0,""p"":0.002154434690031882,""r"":7.0}","{""obs_mistake_mask=E"":4}"
         4,         0,         0,   0.225,correlated_pymatching,36d2c32a16ae1484f4ce556f02edcde754aef238fde2adbd58da928d1dea009c,"{""d"":7.0,""p"":0.00021544346900318845,""r"":7.0}",
         4,         0,         0,   0.231,correlated_pymatching,f3aeef2556c82844f7e09dca2f007455d33bb5a1704a53de87599ee998bf8408,"{""d"":7.0,""p"":0.0001,""r"":7.0}",
         1,         0,         0,   0.227,correlated_pymatching,4077425ea94fe2ada1838775a281d21b75bcde95ad9ec1f005d27d9752f9f883,"{""d"":7.0,""p"":0.004641588833612777,""r"":7.0}",
         1,         0,         0,   0.221,correlated_pymatching,f6813f7947c76a04961f6e290f1cdc463c85d1f987d2889426ac843305300561,"{""d"":7.0,""p"":0.002154434690031882,""r"":7.0}",
      5120,        12,         0,   0.569,correlated_pymatching,46a4ae31e021033e623c40f8502053fa7f370dc03c0b20216af84e083ec4f664,"{""d"":5.0,""p"":0.001,""r"":5.0}","{""obs_mistake_mask=E"":12}"
         4,         0,         0,   0.204,correlated_pymatching,b296b1e82a2e96c853ed55118124f370f20f7552855d6c11bbd2675432a5c92b,"{""d"":7.0,""p"":0.00046415888336127773,""r"":7.0}",
         4,         0,         0,   0.204,correlated_pymatching,760671fe0c95fded9da57d0cc53c6ee70c714e8a2ad47f1b38f6fdd7550fa000,"{""d"":7.0,""p"":0.001,""r"":7.0}",
        32,        23,         0,   0.344,correlated_pymatching,1509a84aeb6ac83267b1b34c71ca72e451a2b8acb9bfa6d777a03604438236af,"{""d"":7.0,""p"":0.046415888336127774,""r"":7.0}","{""obs_mistake_mask=E"":23}"
      7168,         0,         0,   0.638,correlated_pymatching,e11d85a23de5eeb551ef6741a0f0439ab3117190165e3520581ee138633e39c0,"{""d"":5.0,""p"":0.00021544346900318845,""r"":5.0}",
        32,        18,         0,   0.343,correlated_pymatching,1509a84aeb6ac83267b1b34c71ca72e451a2b8acb9bfa6d777a03604438236af,"{""d"":7.0,""p"":0.046415888336127774,""r"":7.0}","{""obs_mistake_mask=E"":18}"
       256,        56,         0,   0.371,correlated_pymatching,4077425ea94fe2ada1838775a281d21b75bcde95ad9ec1f005d27d9752f9f883,"{""d"":7.0,""p"":0.004641588833612777,""r"":7.0}","{""obs_mistake_mask=E"":56}"
      6144,         1,         0,   0.635,correlated_pymatching,6b6bb4514f276642b7df7ca2e983dd4b9ddfd909fe7add7202b9f6e1afa45f74,"{""d"":5.0,""p"":0.00046415888336127773,""r"":5.0}","{""obs_mistake_mask=E"":1}"
       128,        72,         0,   0.435,correlated_pymatching,89c9ab2eedf43f492da6e9fe60af7d4777cb2642a7f97e9665765bf4d8a66727,"{""d"":7.0,""p"":0.01,""r"":7.0}","{""obs_mistake_mask=E"":72}"
      1024,         0,         0,   0.311,correlated_pymatching,760671fe0c95fded9da57d0cc53c6ee70c714e8a2ad47f1b38f6fdd7550fa000,"{""d"":7.0,""p"":0.001,""r"":7.0}",
      2048,         0,         0,   0.467,correlated_pymatching,f3aeef2556c82844f7e09dca2f007455d33bb5a1704a53de87599ee998bf8408,"{""d"":7.0,""p"":0.0001,""r"":7.0}",
      2048,        40,         0,   0.296,correlated_pymatching,af75a492d271f83bdcd6e53be32ae73191e0724a0738399a0513164420804e12,"{""d"":5.0,""p"":0.002154434690031882,""r"":5.0}","{""obs_mistake_mask=E"":40}"
         8,         0,         0,   0.203,correlated_pymatching,f3aeef2556c82844f7e09dca2f007455d33bb5a1704a53de87599ee998bf8408,"{""d"":7.0,""p"":0.0001,""r"":7.0}",
        64,        31,         0,   0.416,correlated_pymatching,6e14b7f0f262cc6bca11c7bac7a30078dd408da7d92850ecde9ecacf75be81a5,"{""d"":7.0,""p"":0.021544346900318822,""r"":7.0}","{""obs_mistake_mask=E"":31}"
         8,         0,         0,   0.210,correlated_pymatching,36d2c32a16ae1484f4ce556f02edcde754aef238fde2adbd58da928d1dea009c,"{""d"":7.0,""p"":0.00021544346900318845,""r"":7.0}",
      3072,        62,         0,   0.477,correlated_pymatching,af75a492d271f83bdcd6e53be32ae73191e0724a0738399a0513164420804e12,"{""d"":5.0,""p"":0.002154434690031882,""r"":5.0}","{""obs_mistake_mask=E"":62}"
         2,         0,         0,   0.220,correlated_pymatching,4077425ea94fe2ada1838775a281d21b75bcde95ad9ec1f005d27d9752f9f883,"{""d"":7.0,""p"":0.004641588833612777,""r"":7.0}",
         2,         0,         0,   0.221,correlated_pymatching,f6813f7947c76a04961f6e290f1cdc463c85d1f987d2889426ac843305300561,"{""d"":7.0,""p"":0.002154434690031882,""r"":7.0}",
      2048,         0,         0,   0.488,correlated_pymatching,36d2c32a16ae1484f4ce556f02edcde754aef238fde2adbd58da928d1dea009c,"{""d"":7.0,""p"":0.00021544346900318845,""r"":7.0}",
        32,        19,         0,   0.344,correlated_pymatching,1e7aede6d6aae8b3f7ebc3aabc0732d42764703aa6fed4d1f959fb598f2c49c3,"{""d"":7.0,""p"":0.1,""r"":7.0}","{""obs_mistake_mask=E"":19}"
        32,        17,         0,   0.357,correlated_pymatching,1e7aede6d6aae8b3f7ebc3aabc0732d42764703aa6fed4d1f959fb598f2c49c3,"{""d"":7.0,""p"":0.1,""r"":7.0}","{""obs_mistake_mask=E"":17}"
     41984,        16,         0,   0.798,correlated_pymatching,f989af7d8757b7b1dc4b7c5ccb305775f8abd78056b05ce6b6ff616bd0cd1e6f,"{""d"":3.0,""p"":0.0001,""r"":3.0}","{""obs_mistake_mask=E"":16}"
         8,         0,         0,   0.220,correlated_pymatching,b296b1e82a2e96c853ed55118124f370f20f7552855d6c11bbd2675432a5c92b,"{""d"":7.0,""p"":0.00046415888336127773,""r"":7.0}",
         8,         0,         0,   0.228,correlated_pymatching,760671fe0c95fded9da57d0cc53c6ee70c714e8a2ad47f1b38f6fdd7550fa000,"{""d"":7.0,""p"":0.001,""r"":7.0}",
      4096,         6,         0,   0.422,correlated_pymatching,46a4ae31e021033e623c40f8502053fa7f370dc03c0b20216af84e083ec4f664,"{""d"":5.0,""p"":0.001,""r"":5.0}","{""obs_mistake_mask=E"":6}"
       512,         4,         0,   0.341,correlated_pymatching,f6813f7947c76a04961f6e290f1cdc463c85d1f987d2889426ac843305300561,"{""d"":7.0,""p"":0.002154434690031882,""r"":7.0}","{""obs_mistake_mask=E"":4}"
     40960,        39,         0,   0.834,correlated_pymatching,82d4625cd258701e8a7fb9579967149923f58366fdafb54fc33e0ab2ef56f22e,"{""d"":3.0,""p"":0.00021544346900318845,""r"":3.0}","{""obs_mistake_mask=E"":39}"
      2048,         0,         0,   0.556,correlated_pymatching,b296b1e82a2e96c853ed55118124f370f20f7552855d6c11bbd2675432a5c92b,"{""d"":7.0,""p"":0.00046415888336127773,""r"":7.0}",
      1024,        17,         0,   0.151,correlated_pymatching,af75a492d271f83bdcd6e53be32ae73191e0724a0738399a0513164420804e12,"{""d"":5.0,""p"":0.002154434690031882,""r"":5.0}","{""obs_mistake_mask=E"":17}"
      5120,         2,         0,   0.493,correlated_pymatching,6b6bb4514f276642b7df7ca2e983dd4b9ddfd909fe7add7202b9f6e1afa45f74,"{""d"":5.0,""p"":0.00046415888336127773,""r"":5.0}","{""obs_mistake_mask=E"":2}"
        32,        19,         0,   0.332,correlated_pymatching,1509a84aeb6ac83267b1b34c71ca72e451a2b8acb9bfa6d777a03604438236af,"{""d"":7.0,""p"":0.046415888336127774,""r"":7.0}","{""obs_mistake_mask=E"":19}"
        16,         0,         0,   0.214,correlated_pymatching,36d2c32a16ae1484f4ce556f02edcde754aef238fde2adbd58da928d1dea009c,"{""d"":7.0,""p"":0.00021544346900318845,""r"":7.0}",
         4,         0,         0,   0.203,correlated_pymatching,4077425ea94fe2ada1838775a281d21b75bcde95ad9ec1f005d27d9752f9f883,"{""d"":7.0,""p"":0.004641588833612777,""r"":7.0}",
        16,         0,         0,   0.228,correlated_pymatching,f3aeef2556c82844f7e09dca2f007455d33bb5a1704a53de87599ee998bf8408,"{""d"":7.0,""p"":0.0001,""r"":7.0}",
         4,         0,         0,   0.211,correlated_pymatching,f6813f7947c76a04961f6e290f1cdc463c85d1f987d2889426ac843305300561,"{""d"":7.0,""p"":0.002154434690031882,""r"":7.0}",
        32,        12,         0,   0.324,correlated_pymatching,1509a84aeb6ac83267b1b34c71ca72e451a2b8acb9bfa6d777a03604438236af,"{""d"":7.0,""p"":0.046415888336127774,""r"":7.0}","{""obs_mistake_mask=E"":12}"
     41984,        12,         0,   0.802,correlated_pymatching,f989af7d8757b7b1dc4b7c5ccb305775f8abd78056b05ce6b6ff616bd0cd1e6f,"{""d"":3.0,""p"":0.0001,""r"":3.0}","{""obs_mistake_mask=E"":12}"
      3072,         0,         0,   0.514,correlated_pymatching,e11d85a23de5eeb551ef6741a0f0439ab3117190165e3520581ee138633e39c0,"{""d"":5.0,""p"":0.00021544346900318845,""r"":5.0}",
      7168,         0,         0,   0.619,correlated_pymatching,4552da301c33225537c328b309766b9a9b6f35af4935d2f0ae1b8498bbcb8ce2,"{""d"":5.0,""p"":0.0001,""r"":5.0}",
       256,        36,         0,   0.372,correlated_pymatching,4077425ea94fe2ada1838775a281d21b75bcde95ad9ec1f005d27d9752f9f883,"{""d"":7.0,""p"":0.004641588833612777,""r"":7.0}","{""obs_mistake_mask=E"":36}"
        16,         0,         0,   0.223,correlated_pymatching,b296b1e82a2e96c853ed55118124f370f20f7552855d6c11bbd2675432a5c92b,"{""d"":7.0,""p"":0.00046415888336127773,""r"":7.0}",
        16,         0,         0,   0.223,correlated_pymatching,760671fe0c95fded9da57d0cc53c6ee70c714e8a2ad47f1b38f6fdd7550fa000,"{""d"":7.0,""p"":0.001,""r"":7.0}",
     37888,        34,         0,   0.791,correlated_pymatching,82d4625cd258701e8a7fb9579967149923f58366fdafb54fc33e0ab2ef56f22e,"{""d"":3.0,""p"":0.00021544346900318845,""r"":3.0}","{""obs_mistake_mask=E"":34}"
       128,        62,         0,   0.405,correlated_pymatching,89c9ab2eedf43f492da6e9fe60af7d4777cb2642a7f97e9665765bf4d8a66727,"{""d"":7.0,""p"":0.01,""r"":7.0}","{""obs_mistake_mask=E"":62}"
        32,        13,         0,   0.331,correlated_pymatching,1e7aede6d6aae8b3f7ebc3aabc0732d42764703aa6fed4d1f959fb598f2c49c3,"{""d"":7.0,""p"":0.1,""r"":7.0}","{""obs_mistake_mask=E"":13}"
        32,        16,         0,   0.318,correlated_pymatching,1e7aede6d6aae8b3f7ebc3aabc0732d42764703aa6fed4d1f959fb598f2c49c3,"{""d"":7.0,""p"":0.1,""r"":7.0}","{""obs_mistake_mask=E"":16}"
        64,        31,         0,   0.398,correlated_pymatching,6e14b7f0f262cc6bca11c7bac7a30078dd408da7d92850ecde9ecacf75be81a5,"{""d"":7.0,""p"":0.021544346900318822,""r"":7.0}","{""obs_mistake_mask=E"":31}"
        32,         0,         0,   0.208,correlated_pymatching,36d2c32a16ae1484f4ce556f02edcde754aef238fde2adbd58da928d1dea009c,"{""d"":7.0,""p"":0.00021544346900318845,""r"":7.0}",
      2048,         0,         0,   0.443,correlated_pymatching,f3aeef2556c82844f7e09dca2f007455d33bb5a1704a53de87599ee998bf8408,"{""d"":7.0,""p"":0.0001,""r"":7.0}",
        32,         0,         0,   0.212,correlated_pymatching,f3aeef2556c82844f7e09dca2f007455d33bb5a1704a53de87599ee998bf8408,"{""d"":7.0,""p"":0.0001,""r"":7.0}",
         8,         2,         0,   0.212,correlated_pymatching,4077425ea94fe2ada1838775a281d21b75bcde95ad9ec1f005d27d9752f9f883,"{""d"":7.0,""p"":0.004641588833612777,""r"":7.0}","{""obs_mistake_mask=E"":2}"
         8,         0,         0,   0.202,correlated_pymatching,f6813f7947c76a04961f6e290f1cdc463c85d1f987d2889426ac843305300561,"{""d"":7.0,""p"":0.002154434690031882,""r"":7.0}",
      2048,         0,         0,   0.449,correlated_pymatching,36d2c32a16ae1484f4ce556f02edcde754aef238fde2adbd58da928d1dea009c,"{""d"":7.0,""p"":0.00021544346900318845,""r"":7.0}",
        32,         0,         0,   0.198,correlated_pymatching,b296b1e82a2e96c853ed55118124f370f20f7552855d6c11bbd2675432a5c92b,"{""d"":7.0,""p"":0.00046415888336127773,""r"":7.0}",
        32,         0,         0,   0.194,correlated_pymatching,760671fe0c95fded9da57d0cc53c6ee70c714e8a2ad47f1b38f6fdd7550fa000,"{""d"":7.0,""p"":0.001,""r"":7.0}",
        32,        17,         0,   0.324,correlated_pymatching,1509a84aeb6ac83267b1b34c71ca72e451a2b8acb9bfa6d777a03604438236af,"{""d"":7.0,""p"":0.046415888336127774,""r"":7.0}","{""obs_mistake_mask=E"":17}"
        32,        18,         0,   0.328,correlated_pymatching,1509a84aeb6ac83267b1b34c71ca72e451a2b8acb9bfa6d777a03604438236af,"{""d"":7.0,""p"":0.046415888336127774,""r"":7.0}","{""obs_mistake_mask=E"":18}"
      2048,         2,         0,   0.624,correlated_pymatching,760671fe0c95fded9da57d0cc53c6ee70c714e8a2ad47f1b38f6fdd7550fa000,"{""d"":7.0,""p"":0.001,""r"":7.0}","{""obs_mistake_mask=E"":2}"
         1,         0,         0,   0.206,correlated_pymatching,89c9ab2eedf43f492da6e9fe60af7d4777cb2642a7f97e9665765bf4d8a66727,"{""d"":7.0,""p"":0.01,""r"":7.0}",
         1,         1,         0,   0.210,correlated_pymatching,6e14b7f0f262cc6bca11c7bac7a30078dd408da7d92850ecde9ecacf75be81a5,"{""d"":7.0,""p"":0.021544346900318822,""r"":7.0}","{""obs_mistake_mask=E"":1}"
        64,         0,         0,   0.190,correlated_pymatching,f3aeef2556c82844f7e09dca2f007455d33bb5a1704a53de87599ee998bf8408,"{""d"":7.0,""p"":0.0001,""r"":7.0}",
        64,         0,         0,   0.204,correlated_pymatching,36d2c32a16ae1484f4ce556f02edcde754aef238fde2adbd58da928d1dea009c,"{""d"":7.0,""p"":0.00021544346900318845,""r"":7.0}",
      2048,         0,         0,   0.496,correlated_pymatching,b296b1e82a2e96c853ed55118124f370f20f7552855d6c11bbd2675432a5c92b,"{""d"":7.0,""p"":0.00046415888336127773,""r"":7.0}",
     10240,         0,         0,   0.874,correlated_pymatching,4552da301c33225537c328b309766b9a9b6f35af4935d2f0ae1b8498bbcb8ce2,"{""d"":5.0,""p"":0.0001,""r"":5.0}",
        16,         0,         0,   0.210,correlated_pymatching,f6813f7947c76a04961f6e290f1cdc463c85d1f987d2889426ac843305300561,"{""d"":7.0,""p"":0.002154434690031882,""r"":7.0}",
        16,         1,         0,   0.220,correlated_pymatching,4077425ea94fe2ada1838775a281d21b75bcde95ad9ec1f005d27d9752f9f883,"{""d"":7.0,""p"":0.004641588833612777,""r"":7.0}","{""obs_mistake_mask=E"":1}"
      5120,        16,         0,   0.579,correlated_pymatching,46a4ae31e021033e623c40f8502053fa7f370dc03c0b20216af84e083ec4f664,"{""d"":5.0,""p"":0.001,""r"":5.0}","{""obs_mistake_mask=E"":16}"
        32,        16,         0,   0.347,correlated_pymatching,1e7aede6d6aae8b3f7ebc3aabc0732d42764703aa6fed4d1f959fb598f2c49c3,"{""d"":7.0,""p"":0.1,""r"":7.0}","{""obs_mistake_mask=E"":16}"
        32,        16,         0,   0.350,correlated_pymatching,1e7aede6d6aae8b3f7ebc3aabc0732d42764703aa6fed4d1f959fb598f2c49c3,"{""d"":7.0,""p"":0.1,""r"":7.0}","{""obs_mistake_mask=E"":16}"
        64,         0,         0,   0.211,correlated_pymatching,760671fe0c95fded9da57d0cc53c6ee70c714e8a2ad47f1b38f6fdd7550fa000,"{""d"":7.0,""p"":0.001,""r"":7.0}",
      7168,        14,         0,   0.887,correlated_pymatching,46a4ae31e021033e623c40f8502053fa7f370dc03c0b20216af84e083ec4f664,"{""d"":5.0,""p"":0.001,""r"":5.0}","{""obs_mistake_mask=E"":14}"
      1024,         9,         0,   0.641,correlated_pymatching,f6813f7947c76a04961f6e290f1cdc463c85d1f987d2889426ac843305300561,"{""d"":7.0,""p"":0.002154434690031882,""r"":7.0}","{""obs_mistake_mask=E"":9}"
     10240,         1,         0,   0.865,correlated_pymatching,e11d85a23de5eeb551ef6741a0f0439ab3117190165e3520581ee138633e39c0,"{""d"":5.0,""p"":0.00021544346900318845,""r"":5.0}","{""obs_mistake_mask=E"":1}"
       128,        63,         0,   0.407,correlated_pymatching,89c9ab2eedf43f492da6e9fe60af7d4777cb2642a7f97e9665765bf4d8a66727,"{""d"":7.0,""p"":0.01,""r"":7.0}","{""obs_mistake_mask=E"":63}"
        64,        32,         0,   0.393,correlated_pymatching,6e14b7f0f262cc6bca11c7bac7a30078dd408da7d92850ecde9ecacf75be81a5,"{""d"":7.0,""p"":0.021544346900318822,""r"":7.0}","{""obs_mistake_mask=E"":32}"
      9216,         1,         0,   0.863,correlated_pymatching,6b6bb4514f276642b7df7ca2e983dd4b9ddfd909fe7add7202b9f6e1afa45f74,"{""d"":5.0,""p"":0.00046415888336127773,""r"":5.0}","{""obs_mistake_mask=E"":1}"
         2,         1,         0,   0.204,correlated_pymatching,89c9ab2eedf43f492da6e9fe60af7d4777cb2642a7f97e9665765bf4d8a66727,"{""d"":7.0,""p"":0.01,""r"":7.0}","{""obs_mistake_mask=E"":1}"
        64,         0,         0,   0.306,correlated_pymatching,b296b1e82a2e96c853ed55118124f370f20f7552855d6c11bbd2675432a5c92b,"{""d"":7.0,""p"":0.00046415888336127773,""r"":7.0}",
      7168,         3,         0,   0.647,correlated_pymatching,6b6bb4514f276642b7df7ca2e983dd4b9ddfd909fe7add7202b9f6e1afa45f74,"{""d"":5.0,""p"":0.00046415888336127773,""r"":5.0}","{""obs_mistake_mask=E"":3}"
         2,         2,         0,   0.208,correlated_pymatching,6e14b7f0f262cc6bca11c7bac7a30078dd408da7d92850ecde9ecacf75be81a5,"{""d"":7.0,""p"":0.021544346900318822,""r"":7.0}","{""obs_mistake_mask=E"":2}"
       128,         0,         0,   0.210,correlated_pymatching,36d2c32a16ae1484f4ce556f02edcde754aef238fde2adbd58da928d1dea009c,"{""d"":7.0,""p"":0.00021544346900318845,""r"":7.0}",
       128,         0,         0,   0.220,correlated_pymatching,f3aeef2556c82844f7e09dca2f007455d33bb5a1704a53de87599ee998bf8408,"{""d"":7.0,""p"":0.0001,""r"":7.0}",
        32,         0,         0,   0.216,correlated_pymatching,f6813f7947c76a04961f6e290f1cdc463c85d1f987d2889426ac843305300561,"{""d"":7.0,""p"":0.002154434690031882,""r"":7.0}",
        32,         7,         0,   0.228,correlated_pymatching,4077425ea94fe2ada1838775a281d21b75bcde95ad9ec1f005d27d9752f9f883,"{""d"":7.0,""p"":0.004641588833612777,""r"":7.0}","{""obs_mistake_mask=E"":7}"
      4096,         0,         0,   0.626,correlated_pymatching,e11d85a23de5eeb551ef6741a0f0439ab3117190165e3520581ee138633e39c0,"{""d"":5.0,""p"":0.00021544346900318845,""r"":5.0}",
       128,         0,         0,   0.212,correlated_pymatching,760671fe0c95fded9da57d0cc53c6ee70c714e8a2ad47f1b38f6fdd7550fa000,"{""d"":7.0,""p"":0.001,""r"":7.0}",
         4,         3,         0,   0.206,correlated_pymatching,89c9ab2eedf43f492da6e9fe60af7d4777cb2642a7f97e9665765bf4d8a66727,"{""d"":7.0,""p"":0.01,""r"":7.0}","{""obs_mistake_mask=E"":3}"
         4,         2,         0,   0.200,correlated_pymatching,6e14b7f0f262cc6bca11c7bac7a30078dd408da7d92850ecde9ecacf75be81a5,"{""d"":7.0,""p"":0.021544346900318822,""r"":7.0}","{""obs_mistake_mask=E"":2}"
       512,        72,         0,   0.728,correlated_pymatching,4077425ea94fe2ada1838775a281d21b75bcde95ad9ec1f005d27d9752f9f883,"{""d"":7.0,""p"":0.004641588833612777,""r"":7.0}","{""obs_mistake_mask=E"":72}"
        64,         0,         0,   0.219,correlated_pymatching,b296b1e82a2e96c853ed55118124f370f20f7552855d6c11bbd2675432a5c92b,"{""d"":7.0,""p"":0.00046415888336127773,""r"":7.0}",
        32,        16,         0,   0.522,correlated_pymatching,1509a84aeb6ac83267b1b34c71ca72e451a2b8acb9bfa6d777a03604438236af,"{""d"":7.0,""p"":0.046415888336127774,""r"":7.0}","{""obs_mistake_mask=E"":16}"
       256,         0,         0,   0.212,correlated_pymatching,f3aeef2556c82844f7e09dca2f007455d33bb5a1704a53de87599ee998bf8408,"{""d"":7.0,""p"":0.0001,""r"":7.0}",
       256,         0,         0,   0.221,correlated_pymatching,36d2c32a16ae1484f4ce556f02edcde754aef238fde2adbd58da928d1dea009c,"{""d"":7.0,""p"":0.00021544346900318845,""r"":7.0}",
        64,         2,         0,   0.233,correlated_pymatching,f6813f7947c76a04961f6e290f1cdc463c85d1f987d2889426ac843305300561,"{""d"":7.0,""p"":0.002154434690031882,""r"":7.0}","{""obs_mistake_mask=E"":2}"
      3072,         0,         0,   0.672,correlated_pymatching,f3aeef2556c82844f7e09dca2f007455d33bb5a1704a53de87599ee998bf8408,"{""d"":7.0,""p"":0.0001,""r"":7.0}",
     10240,         0,         0,   0.823,correlated_pymatching,4552da301c33225537c328b309766b9a9b6f35af4935d2f0ae1b8498bbcb8ce2,"{""d"":5.0,""p"":0.0001,""r"":5.0}",
        64,        10,         0,   0.240,correlated_pymatching,4077425ea94fe2ada1838775a281d21b75bcde95ad9ec1f005d27d9752f9f883,"{""d"":7.0,""p"":0.004641588833612777,""r"":7.0}","{""obs_mistake_mask=E"":10}"
      3072,         0,         0,   0.694,correlated_pymatching,36d2c32a16ae1484f4ce556f02edcde754aef238fde2adbd58da928d1dea009c,"{""d"":7.0,""p"":0.00021544346900318845,""r"":7.0}",
     59392,        21,         0,    1.10,correlated_pymatching,f989af7d8757b7b1dc4b7c5ccb305775f8abd78056b05ce6b6ff616bd0cd1e6f,"{""d"":3.0,""p"":0.0001,""r"":3.0}","{""obs_mistake_mask=E"":21}"
       256,         0,         0,   0.238,correlated_pymatching,760671fe0c95fded9da57d0cc53c6ee70c714e8a2ad47f1b38f6fdd7550fa000,"{""d"":7.0,""p"":0.001,""r"":7.0}",
       128,        63,         0,   0.414,correlated_pymatching,89c9ab2eedf43f492da6e9fe60af7d4777cb2642a7f97e9665765bf4d8a66727,"{""d"":7.0,""p"":0.01,""r"":7.0}","{""obs_mistake_mask=E"":63}"
      2048,         0,         0,   0.624,correlated_pymatching,760671fe0c95fded9da57d0cc53c6ee70c714e8a2ad47f1b38f6fdd7550fa000,"{""d"":7.0,""p"":0.001,""r"":7.0}",
         8,         4,         0,   0.214,correlated_pymatching,89c9ab2eedf43f492da6e9fe60af7d4777cb2642a7f97e9665765bf4d8a66727,"{""d"":7.0,""p"":0.01,""r"":7.0}","{""obs_mistake_mask=E"":4}"
     56320,        56,         0,    1.11,correlated_pymatching,82d4625cd258701e8a7fb9579967149923f58366fdafb54fc33e0ab2ef56f22e,"{""d"":3.0,""p"":0.00021544346900318845,""r"":3.0}","{""obs_mistake_mask=E"":56}"
        64,        30,         0,   0.672,correlated_pymatching,1509a84aeb6ac83267b1b34c71ca72e451a2b8acb9bfa6d777a03604438236af,"{""d"":7.0,""p"":0.046415888336127774,""r"":7.0}","{""obs_mistake_mask=E"":30}"
         8,         6,         0,   0.226,correlated_pymatching,6e14b7f0f262cc6bca11c7bac7a30078dd408da7d92850ecde9ecacf75be81a5,"{""d"":7.0,""p"":0.021544346900318822,""r"":7.0}","{""obs_mistake_mask=E"":6}"
       128,         0,         0,   0.223,correlated_pymatching,b296b1e82a2e96c853ed55118124f370f20f7552855d6c11bbd2675432a5c92b,"{""d"":7.0,""p"":0.00046415888336127773,""r"":7.0}",
       512,         0,         0,   0.209,correlated_pymatching,f3aeef2556c82844f7e09dca2f007455d33bb5a1704a53de87599ee998bf8408,"{""d"":7.0,""p"":0.0001,""r"":7.0}",
       512,         0,         0,   0.224,correlated_pymatching,36d2c32a16ae1484f4ce556f02edcde754aef238fde2adbd58da928d1dea009c,"{""d"":7.0,""p"":0.00021544346900318845,""r"":7.0}",
       128,         0,         0,   0.234,correlated_pymatching,f6813f7947c76a04961f6e290f1cdc463c85d1f987d2889426ac843305300561,"{""d"":7.0,""p"":0.002154434690031882,""r"":7.0}",
     61440,        37,         0,    1.12,correlated_pymatching,f989af7d8757b7b1dc4b7c5ccb305775f8abd78056b05ce6b6ff616bd0cd1e6f,"{""d"":3.0,""p"":0.0001,""r"":3.0}","{""obs_mistake_mask=E"":37}"
        64,        22,         0,   0.661,correlated_pymatching,1e7aede6d6aae8b3f7ebc3aabc0732d42764703aa6fed4d1f959fb598f2c49c3,"{""d"":7.0,""p"":0.1,""r"":7.0}","{""obs_mistake_mask=E"":22}"
      3072,         0,         0,   0.773,correlated_pymatching,b296b1e82a2e96c853ed55118124f370f20f7552855d6c11bbd2675432a5c92b,"{""d"":7.0,""p"":0.00046415888336127773,""r"":7.0}",
        64,        28,         0,   0.674,correlated_pymatching,1e7aede6d6aae8b3f7ebc3aabc0732d42764703aa6fed4d1f959fb598f2c49c3,"{""d"":7.0,""p"":0.1,""r"":7.0}","{""obs_mistake_mask=E"":28}"
       128,        17,         0,   0.288,correlated_pymatching,4077425ea94fe2ada1838775a281d21b75bcde95ad9ec1f005d27d9752f9f883,"{""d"":7.0,""p"":0.004641588833612777,""r"":7.0}","{""obs_mistake_mask=E"":17}"
      1024,         6,         0,   0.660,correlated_pymatching,f6813f7947c76a04961f6e290f1cdc463c85d1f987d2889426ac843305300561,"{""d"":7.0,""p"":0.002154434690031882,""r"":7.0}","{""obs_mistake_mask=E"":6}"
       512,         1,         0,   0.264,correlated_pymatching,760671fe0c95fded9da57d0cc53c6ee70c714e8a2ad47f1b38f6fdd7550fa000,"{""d"":7.0,""p"":0.001,""r"":7.0}","{""obs_mistake_mask=E"":1}"
     59392,        61,         0,    1.11,correlated_pymatching,82d4625cd258701e8a7fb9579967149923f58366fdafb54fc33e0ab2ef56f22e,"{""d"":3.0,""p"":0.00021544346900318845,""r"":3.0}","{""obs_mistake_mask=E"":61}"
     10240,        16,         0,   0.209,correlated_pymatching,82d4625cd258701e8a7fb9579967149923f58366fdafb54fc33e0ab2ef56f22e,"{""d"":3.0,""p"":0.00021544346900318845,""r"":3.0}","{""obs_mistake_mask=E"":16}"
      1024,         2,         0,   0.018,correlated_pymatching,82d4625cd258701e8a7fb9579967149923f58366fdafb54fc33e0ab2ef56f22e,"{""d"":3.0,""p"":0.00021544346900318845,""r"":3.0}","{""obs_mistake_mask=E"":2}"
        16,        11,         0,   0.245,correlated_pymatching,89c9ab2eedf43f492da6e9fe60af7d4777cb2642a7f97e9665765bf4d8a66727,"{""d"":7.0,""p"":0.01,""r"":7.0}","{""obs_mistake_mask=E"":11}"
       256,         0,         0,   0.216,correlated_pymatching,b296b1e82a2e96c853ed55118124f370f20f7552855d6c11bbd2675432a5c92b,"{""d"":7.0,""p"":0.00046415888336127773,""r"":7.0}",
      7168,        14,         0,   0.796,correlated_pymatching,46a4ae31e021033e623c40f8502053fa7f370dc03c0b20216af84e083ec4f664,"{""d"":5.0,""p"":0.001,""r"":5.0}","{""obs_mistake_mask=E"":14}"
        16,        11,         0,   0.247,correlated_pymatching,6e14b7f0f262cc6bca11c7bac7a30078dd408da7d92850ecde9ecacf75be81a5,"{""d"":7.0,""p"":0.021544346900318822,""r"":7.0}","{""obs_mistake_mask=E"":11}"
         1,         0,         0,   0.019,correlated_pymatching,f989af7d8757b7b1dc4b7c5ccb305775f8abd78056b05ce6b6ff616bd0cd1e6f,"{""d"":3.0,""p"":0.0001,""r"":3.0}",
        16,         0,         0,   0.022,correlated_pymatching,f989af7d8757b7b1dc4b7c5ccb305775f8abd78056b05ce6b6ff616bd0cd1e6f,"{""d"":3.0,""p"":0.0001,""r"":3.0}",
       256,         0,         0,   0.020,correlated_pymatching,f989af7d8757b7b1dc4b7c5ccb305775f8abd78056b05ce6b6ff616bd0cd1e6f,"{""d"":3.0,""p"":0.0001,""r"":3.0}",
       128,        67,         0,   0.778,correlated_pymatching,6e14b7f0f262cc6bca11c7bac7a30078dd408da7d92850ecde9ecacf75be81a5,"{""d"":7.0,""p"":0.021544346900318822,""r"":7.0}","{""obs_mistake_mask=E"":67}"
       128,        68,         0,   0.410,correlated_pymatching,89c9ab2eedf43f492da6e9fe60af7d4777cb2642a7f97e9665765bf4d8a66727,"{""d"":7.0,""p"":0.01,""r"":7.0}","{""obs_mistake_mask=E"":68}"
       256,         3,         0,   0.264,correlated_pymatching,f6813f7947c76a04961f6e290f1cdc463c85d1f987d2889426ac843305300561,"{""d"":7.0,""p"":0.002154434690031882,""r"":7.0}","{""obs_mistake_mask=E"":3}"
      2048,         0,         0,   0.032,correlated_pymatching,f989af7d8757b7b1dc4b7c5ccb305775f8abd78056b05ce6b6ff616bd0cd1e6f,"{""d"":3.0,""p"":0.0001,""r"":3.0}",
      3072,         0,         0,   0.055,correlated_pymatching,f989af7d8757b7b1dc4b7c5ccb305775f8abd78056b05ce6b6ff616bd0cd1e6f,"{""d"":3.0,""p"":0.0001,""r"":3.0}",
      9216,         2,         0,   0.843,correlated_pymatching,6b6bb4514f276642b7df7ca2e983dd4b9ddfd909fe7add7202b9f6e1afa45f74,"{""d"":5.0,""p"":0.00046415888336127773,""r"":5.0}","{""obs_mistake_mask=E"":2}"
         1,         0,         0,   0.097,correlated_pymatching,4552da301c33225537c328b309766b9a9b6f35af4935d2f0ae1b8498bbcb8ce2,"{""d"":5.0,""p"":0.0001,""r"":5.0}",
      3072,         0,         0,   0.060,correlated_pymatching,f989af7d8757b7b1dc4b7c5ccb305775f8abd78056b05ce6b6ff616bd0cd1e6f,"{""d"":3.0,""p"":0.0001,""r"":3.0}",
        64,        35,         0,   0.662,correlated_pymatching,1509a84aeb6ac83267b1b34c71ca72e451a2b8acb9bfa6d777a03604438236af,"{""d"":7.0,""p"":0.046415888336127774,""r"":7.0}","{""obs_mistake_mask=E"":35}"
        32,        14,         0,   0.249,correlated_pymatching,89c9ab2eedf43f492da6e9fe60af7d4777cb2642a7f97e9665765bf4d8a66727,"{""d"":7.0,""p"":0.01,""r"":7.0}","{""obs_mistake_mask=E"":14}"
      2048,         0,         0,   0.480,correlated_pymatching,f3aeef2556c82844f7e09dca2f007455d33bb5a1704a53de87599ee998bf8408,"{""d"":7.0,""p"":0.0001,""r"":7.0}",
       512,        93,         0,   0.724,correlated_pymatching,4077425ea94fe2ada1838775a281d21b75bcde95ad9ec1f005d27d9752f9f883,"{""d"":7.0,""p"":0.004641588833612777,""r"":7.0}","{""obs_mistake_mask=E"":93}"
        32,        14,         0,   0.261,correlated_pymatching,6e14b7f0f262cc6bca11c7bac7a30078dd408da7d92850ecde9ecacf75be81a5,"{""d"":7.0,""p"":0.021544346900318822,""r"":7.0}","{""obs_mistake_mask=E"":14}"
      2048,         0,         0,   0.484,correlated_pymatching,36d2c32a16ae1484f4ce556f02edcde754aef238fde2adbd58da928d1dea009c,"{""d"":7.0,""p"":0.00021544346900318845,""r"":7.0}",
      1024,         0,         0,   0.325,correlated_pymatching,760671fe0c95fded9da57d0cc53c6ee70c714e8a2ad47f1b38f6fdd7550fa000,"{""d"":7.0,""p"":0.001,""r"":7.0}",
         4,         0,         0,   0.098,correlated_pymatching,4552da301c33225537c328b309766b9a9b6f35af4935d2f0ae1b8498bbcb8ce2,"{""d"":5.0,""p"":0.0001,""r"":5.0}",
       256,        34,         0,   0.374,correlated_pymatching,4077425ea94fe2ada1838775a281d21b75bcde95ad9ec1f005d27d9752f9f883,"{""d"":7.0,""p"":0.004641588833612777,""r"":7.0}","{""obs_mistake_mask=E"":34}"
      4096,         1,         0,   0.083,correlated_pymatching,f989af7d8757b7b1dc4b7c5ccb305775f8abd78056b05ce6b6ff616bd0cd1e6f,"{""d"":3.0,""p"":0.0001,""r"":3.0}","{""obs_mistake_mask=E"":1}"
     14336,         0,         0,    1.18,correlated_pymatching,4552da301c33225537c328b309766b9a9b6f35af4935d2f0ae1b8498bbcb8ce2,"{""d"":5.0,""p"":0.0001,""r"":5.0}",
      6144,         0,         0,   0.931,correlated_pymatching,e11d85a23de5eeb551ef6741a0f0439ab3117190165e3520581ee138633e39c0,"{""d"":5.0,""p"":0.00021544346900318845,""r"":5.0}",
        16,         0,         0,   0.077,correlated_pymatching,4552da301c33225537c328b309766b9a9b6f35af4935d2f0ae1b8498bbcb8ce2,"{""d"":5.0,""p"":0.0001,""r"":5.0}",
     13312,         1,         0,    1.12,correlated_pymatching,e11d85a23de5eeb551ef6741a0f0439ab3117190165e3520581ee138633e39c0,"{""d"":5.0,""p"":0.00021544346900318845,""r"":5.0}","{""obs_mistake_mask=E"":1}"
     10240,        22,         0,    1.14,correlated_pymatching,46a4ae31e021033e623c40f8502053fa7f370dc03c0b20216af84e083ec4f664,"{""d"":5.0,""p"":0.001,""r"":5.0}","{""obs_mistake_mask=E"":22}"
      6144,         2,         0,   0.108,correlated_pymatching,f989af7d8757b7b1dc4b7c5ccb305775f8abd78056b05ce6b6ff616bd0cd1e6f,"{""d"":3.0,""p"":0.0001,""r"":3.0}","{""obs_mistake_mask=E"":2}"
         1,         0,         0,   0.075,correlated_pymatching,e11d85a23de5eeb551ef6741a0f0439ab3117190165e3520581ee138633e39c0,"{""d"":5.0,""p"":0.00021544346900318845,""r"":5.0}",
        64,         0,         0,   0.074,correlated_pymatching,4552da301c33225537c328b309766b9a9b6f35af4935d2f0ae1b8498bbcb8ce2,"{""d"":5.0,""p"":0.0001,""r"":5.0}",
         1,         0,         0,   0.095,correlated_pymatching,6b6bb4514f276642b7df7ca2e983dd4b9ddfd909fe7add7202b9f6e1afa45f74,"{""d"":5.0,""p"":0.00046415888336127773,""r"":5.0}",
     12288,         1,         0,    1.14,correlated_pymatching,6b6bb4514f276642b7df7ca2e983dd4b9ddfd909fe7add7202b9f6e1afa45f74,"{""d"":5.0,""p"":0.00046415888336127773,""r"":5.0}","{""obs_mistake_mask=E"":1}"
       512,         1,         0,   0.360,correlated_pymatching,f6813f7947c76a04961f6e290f1cdc463c85d1f987d2889426ac843305300561,"{""d"":7.0,""p"":0.002154434690031882,""r"":7.0}","{""obs_mistake_mask=E"":1}"
      4096,         0,         0,   0.876,correlated_pymatching,f3aeef2556c82844f7e09dca2f007455d33bb5a1704a53de87599ee998bf8408,"{""d"":7.0,""p"":0.0001,""r"":7.0}",
      1536,         0,         0,   0.505,correlated_pymatching,b296b1e82a2e96c853ed55118124f370f20f7552855d6c11bbd2675432a5c92b,"{""d"":7.0,""p"":0.00046415888336127773,""r"":7.0}",
         4,         0,         0,   0.074,correlated_pymatching,e11d85a23de5eeb551ef6741a0f0439ab3117190165e3520581ee138633e39c0,"{""d"":5.0,""p"":0.00021544346900318845,""r"":5.0}",
       512,         0,         0,   0.076,correlated_pymatching,4552da301c33225537c328b309766b9a9b6f35af4935d2f0ae1b8498bbcb8ce2,"{""d"":5.0,""p"":0.0001,""r"":5.0}",
         4,         0,         0,   0.076,correlated_pymatching,6b6bb4514f276642b7df7ca2e983dd4b9ddfd909fe7add7202b9f6e1afa45f74,"{""d"":5.0,""p"":0.00046415888336127773,""r"":5.0}",
      8192,         3,         0,   0.155,correlated_pymatching,f989af7d8757b7b1dc4b7c5ccb305775f8abd78056b05ce6b6ff616bd0cd1e6f,"{""d"":3.0,""p"":0.0001,""r"":3.0}","{""obs_mistake_mask=E"":3}"
        32,         0,         0,   0.074,correlated_pymatching,e11d85a23de5eeb551ef6741a0f0439ab3117190165e3520581ee138633e39c0,"{""d"":5.0,""p"":0.00021544346900318845,""r"":5.0}",
        16,         0,         0,   0.058,correlated_pymatching,6b6bb4514f276642b7df7ca2e983dd4b9ddfd909fe7add7202b9f6e1afa45f74,"{""d"":5.0,""p"":0.00046415888336127773,""r"":5.0}",
        64,        36,         0,   0.708,correlated_pymatching,1e7aede6d6aae8b3f7ebc3aabc0732d42764703aa6fed4d1f959fb598f2c49c3,"{""d"":7.0,""p"":0.1,""r"":7.0}","{""obs_mistake_mask=E"":36}"
      1024,         0,         0,   0.084,correlated_pymatching,4552da301c33225537c328b309766b9a9b6f35af4935d2f0ae1b8498bbcb8ce2,"{""d"":5.0,""p"":0.0001,""r"":5.0}",
      4096,         0,         0,   0.923,correlated_pymatching,36d2c32a16ae1484f4ce556f02edcde754aef238fde2adbd58da928d1dea009c,"{""d"":7.0,""p"":0.00021544346900318845,""r"":7.0}",
        64,        31,         0,   0.698,correlated_pymatching,1e7aede6d6aae8b3f7ebc3aabc0732d42764703aa6fed4d1f959fb598f2c49c3,"{""d"":7.0,""p"":0.1,""r"":7.0}","{""obs_mistake_mask=E"":31}"
       256,        35,         0,   0.346,correlated_pymatching,4077425ea94fe2ada1838775a281d21b75bcde95ad9ec1f005d27d9752f9f883,"{""d"":7.0,""p"":0.004641588833612777,""r"":7.0}","{""obs_mistake_mask=E"":35}"
       256,         0,         0,   0.049,correlated_pymatching,e11d85a23de5eeb551ef6741a0f0439ab3117190165e3520581ee138633e39c0,"{""d"":5.0,""p"":0.00021544346900318845,""r"":5.0}",
      3072,         0,         0,   0.929,correlated_pymatching,760671fe0c95fded9da57d0cc53c6ee70c714e8a2ad47f1b38f6fdd7550fa000,"{""d"":7.0,""p"":0.001,""r"":7.0}",
        64,        31,         0,   0.405,correlated_pymatching,6e14b7f0f262cc6bca11c7bac7a30078dd408da7d92850ecde9ecacf75be81a5,"{""d"":7.0,""p"":0.021544346900318822,""r"":7.0}","{""obs_mistake_mask=E"":31}"
       256,        31,         0,   0.381,correlated_pymatching,4077425ea94fe2ada1838775a281d21b75bcde95ad9ec1f005d27d9752f9f883,"{""d"":7.0,""p"":0.004641588833612777,""r"":7.0}","{""obs_mistake_mask=E"":31}"
       128,         0,         0,   0.093,correlated_pymatching,6b6bb4514f276642b7df7ca2e983dd4b9ddfd909fe7add7202b9f6e1afa45f74,"{""d"":5.0,""p"":0.00046415888336127773,""r"":5.0}",
       128,        66,         0,   0.925,correlated_pymatching,1509a84aeb6ac83267b1b34c71ca72e451a2b8acb9bfa6d777a03604438236af,"{""d"":7.0,""p"":0.046415888336127774,""r"":7.0}","{""obs_mistake_mask=E"":66}"
      1024,         0,         0,   0.084,correlated_pymatching,4552da301c33225537c328b309766b9a9b6f35af4935d2f0ae1b8498bbcb8ce2,"{""d"":5.0,""p"":0.0001,""r"":5.0}",
      2048,         0,         0,   0.443,correlated_pymatching,f3aeef2556c82844f7e09dca2f007455d33bb5a1704a53de87599ee998bf8408,"{""d"":7.0,""p"":0.0001,""r"":7.0}",
      1024,         0,         0,   0.082,correlated_pymatching,e11d85a23de5eeb551ef6741a0f0439ab3117190165e3520581ee138633e39c0,"{""d"":5.0,""p"":0.00021544346900318845,""r"":5.0}",
      2048,         0,         0,   0.475,correlated_pymatching,36d2c32a16ae1484f4ce556f02edcde754aef238fde2adbd58da928d1dea009c,"{""d"":7.0,""p"":0.00021544346900318845,""r"":7.0}",
       512,         0,         0,   0.084,correlated_pymatching,6b6bb4514f276642b7df7ca2e983dd4b9ddfd909fe7add7202b9f6e1afa45f74,"{""d"":5.0,""p"":0.00046415888336127773,""r"":5.0}",
     11264,         3,         0,   0.211,correlated_pymatching,f989af7d8757b7b1dc4b7c5ccb305775f8abd78056b05ce6b6ff616bd0cd1e6f,"{""d"":3.0,""p"":0.0001,""r"":3.0}","{""obs_mistake_mask=E"":3}"
       512,         4,         0,   0.332,correlated_pymatching,f6813f7947c76a04961f6e290f1cdc463c85d1f987d2889426ac843305300561,"{""d"":7.0,""p"":0.002154434690031882,""r"":7.0}","{""obs_mistake_mask=E"":4}"
      1024,         0,         0,   0.090,correlated_pymatching,e11d85a23de5eeb551ef6741a0f0439ab3117190165e3520581ee138633e39c0,"{""d"":5.0,""p"":0.00021544346900318845,""r"":5.0}",
     14336,         0,         0,    1.19,correlated_pymatching,4552da301c33225537c328b309766b9a9b6f35af4935d2f0ae1b8498bbcb8ce2,"{""d"":5.0,""p"":0.0001,""r"":5.0}",
      2048,         0,         0,   0.168,correlated_pymatching,4552da301c33225537c328b309766b9a9b6f35af4935d2f0ae1b8498bbcb8ce2,"{""d"":5.0,""p"":0.0001,""r"":5.0}",
      1024,         0,         0,   0.096,correlated_pymatching,6b6bb4514f276642b7df7ca2e983dd4b9ddfd909fe7add7202b9f6e1afa45f74,"{""d"":5.0,""p"":0.00046415888336127773,""r"":5.0}",
       128,        62,         0,   0.789,correlated_pymatching,6e14b7f0f262cc6bca11c7bac7a30078dd408da7d92850ecde9ecacf75be81a5,"{""d"":7.0,""p"":0.021544346900318822,""r"":7.0}","{""obs_mistake_mask=E"":62}"
         1,         0,         0,   0.092,correlated_pymatching,46a4ae31e021033e623c40f8502053fa7f370dc03c0b20216af84e083ec4f664,"{""d"":5.0,""p"":0.001,""r"":5.0}",
      1024,         0,         0,   0.089,correlated_pymatching,e11d85a23de5eeb551ef6741a0f0439ab3117190165e3520581ee138633e39c0,"{""d"":5.0,""p"":0.00021544346900318845,""r"":5.0}",
      2048,         0,         0,   0.624,correlated_pymatching,760671fe0c95fded9da57d0cc53c6ee70c714e8a2ad47f1b38f6fdd7550fa000,"{""d"":7.0,""p"":0.001,""r"":7.0}",
      1536,        17,         0,   0.984,correlated_pymatching,f6813f7947c76a04961f6e290f1cdc463c85d1f987d2889426ac843305300561,"{""d"":7.0,""p"":0.002154434690031882,""r"":7.0}","{""obs_mistake_mask=E"":17}"
      4096,         0,         0,    1.02,correlated_pymatching,b296b1e82a2e96c853ed55118124f370f20f7552855d6c11bbd2675432a5c92b,"{""d"":7.0,""p"":0.00046415888336127773,""r"":7.0}",
      1024,         2,         0,   0.096,correlated_pymatching,6b6bb4514f276642b7df7ca2e983dd4b9ddfd909fe7add7202b9f6e1afa45f74,"{""d"":5.0,""p"":0.00046415888336127773,""r"":5.0}","{""obs_mistake_mask=E"":2}"
         4,         0,         0,   0.076,correlated_pymatching,46a4ae31e021033e623c40f8502053fa7f370dc03c0b20216af84e083ec4f664,"{""d"":5.0,""p"":0.001,""r"":5.0}",
      2048,         0,         0,   0.524,correlated_pymatching,b296b1e82a2e96c853ed55118124f370f20f7552855d6c11bbd2675432a5c92b,"{""d"":7.0,""p"":0.00046415888336127773,""r"":7.0}",
      2048,         0,         0,   0.167,correlated_pymatching,4552da301c33225537c328b309766b9a9b6f35af4935d2f0ae1b8498bbcb8ce2,"{""d"":5.0,""p"":0.0001,""r"":5.0}",
        16,         0,         0,   0.073,correlated_pymatching,46a4ae31e021033e623c40f8502053fa7f370dc03c0b20216af84e083ec4f664,"{""d"":5.0,""p"":0.001,""r"":5.0}",
      2048,         0,         0,   0.152,correlated_pymatching,e11d85a23de5eeb551ef6741a0f0439ab3117190165e3520581ee138633e39c0,"{""d"":5.0,""p"":0.00021544346900318845,""r"":5.0}",
      1024,         0,         0,   0.109,correlated_pymatching,6b6bb4514f276642b7df7ca2e983dd4b9ddfd909fe7add7202b9f6e1afa45f74,"{""d"":5.0,""p"":0.00046415888336127773,""r"":5.0}",
        64,        26,         0,   0.394,correlated_pymatching,6e14b7f0f262cc6bca11c7bac7a30078dd408da7d92850ecde9ecacf75be81a5,"{""d"":7.0,""p"":0.021544346900318822,""r"":7.0}","{""obs_mistake_mask=E"":26}"
     15360,         5,         0,   0.298,correlated_pymatching,f989af7d8757b7b1dc4b7c5ccb305775f8abd78056b05ce6b6ff616bd0cd1e6f,"{""d"":3.0,""p"":0.0001,""r"":3.0}","{""obs_mistake_mask=E"":5}"
       128,         0,         0,   0.092,correlated_pymatching,46a4ae31e021033e623c40f8502053fa7f370dc03c0b20216af84e083ec4f664,"{""d"":5.0,""p"":0.001,""r"":5.0}",
     10240,        24,         0,    1.14,correlated_pymatching,46a4ae31e021033e623c40f8502053fa7f370dc03c0b20216af84e083ec4f664,"{""d"":5.0,""p"":0.001,""r"":5.0}","{""obs_mistake_mask=E"":24}"
         1,         0,         0,   0.218,correlated_pymatching,f3aeef2556c82844f7e09dca2f007455d33bb5a1704a53de87599ee998bf8408,"{""d"":7.0,""p"":0.0001,""r"":7.0}",
        96,        44,         0,    1.00,correlated_pymatching,1509a84aeb6ac83267b1b34c71ca72e451a2b8acb9bfa6d777a03604438236af,"{""d"":7.0,""p"":0.046415888336127774,""r"":7.0}","{""obs_mistake_mask=E"":44}"
      2048,         0,         0,   0.195,correlated_pymatching,e11d85a23de5eeb551ef6741a0f0439ab3117190165e3520581ee138633e39c0,"{""d"":5.0,""p"":0.00021544346900318845,""r"":5.0}",
       512,         4,         0,   0.122,correlated_pymatching,46a4ae31e021033e623c40f8502053fa7f370dc03c0b20216af84e083ec4f664,"{""d"":5.0,""p"":0.001,""r"":5.0}","{""obs_mistake_mask=E"":4}"
         2,         0,         0,   0.132,correlated_pymatching,f3aeef2556c82844f7e09dca2f007455d33bb5a1704a53de87599ee998bf8408,"{""d"":7.0,""p"":0.0001,""r"":7.0}",
     81920,        26,         0,    1.59,correlated_pymatching,f989af7d8757b7b1dc4b7c5ccb305775f8abd78056b05ce6b6ff616bd0cd1e6f,"{""d"":3.0,""p"":0.0001,""r"":3.0}","{""obs_mistake_mask=E"":26}"
      2048,         2,         0,   0.227,correlated_pymatching,6b6bb4514f276642b7df7ca2e983dd4b9ddfd909fe7add7202b9f6e1afa45f74,"{""d"":5.0,""p"":0.00046415888336127773,""r"":5.0}","{""obs_mistake_mask=E"":2}"
      3072,         0,         0,   0.635,correlated_pymatching,f3aeef2556c82844f7e09dca2f007455d33bb5a1704a53de87599ee998bf8408,"{""d"":7.0,""p"":0.0001,""r"":7.0}",
      3072,         0,         0,   0.336,correlated_pymatching,4552da301c33225537c328b309766b9a9b6f35af4935d2f0ae1b8498bbcb8ce2,"{""d"":5.0,""p"":0.0001,""r"":5.0}",
     11264,         6,         0,    1.19,correlated_pymatching,6b6bb4514f276642b7df7ca2e983dd4b9ddfd909fe7add7202b9f6e1afa45f74,"{""d"":5.0,""p"":0.00046415888336127773,""r"":5.0}","{""obs_mistake_mask=E"":6}"
      1024,         2,         0,   0.117,correlated_pymatching,46a4ae31e021033e623c40f8502053fa7f370dc03c0b20216af84e083ec4f664,"{""d"":5.0,""p"":0.001,""r"":5.0}","{""obs_mistake_mask=E"":2}"
     80896,        33,         0,    1.55,correlated_pymatching,f989af7d8757b7b1dc4b7c5ccb305775f8abd78056b05ce6b6ff616bd0cd1e6f,"{""d"":3.0,""p"":0.0001,""r"":3.0}","{""obs_mistake_mask=E"":33}"
      1024,         2,         0,   0.103,correlated_pymatching,46a4ae31e021033e623c40f8502053fa7f370dc03c0b20216af84e083ec4f664,"{""d"":5.0,""p"":0.001,""r"":5.0}","{""obs_mistake_mask=E"":2}"
      1024,         5,         0,   0.684,correlated_pymatching,f6813f7947c76a04961f6e290f1cdc463c85d1f987d2889426ac843305300561,"{""d"":7.0,""p"":0.002154434690031882,""r"":7.0}","{""obs_mistake_mask=E"":5}"
         8,         0,         0,   0.204,correlated_pymatching,f3aeef2556c82844f7e09dca2f007455d33bb5a1704a53de87599ee998bf8408,"{""d"":7.0,""p"":0.0001,""r"":7.0}",
      7168,         0,         0,    1.15,correlated_pymatching,e11d85a23de5eeb551ef6741a0f0439ab3117190165e3520581ee138633e39c0,"{""d"":5.0,""p"":0.00021544346900318845,""r"":5.0}",
     21504,        10,         0,   0.409,correlated_pymatching,f989af7d8757b7b1dc4b7c5ccb305775f8abd78056b05ce6b6ff616bd0cd1e6f,"{""d"":3.0,""p"":0.0001,""r"":3.0}","{""obs_mistake_mask=E"":10}"
        64,        21,         0,   0.427,correlated_pymatching,6e14b7f0f262cc6bca11c7bac7a30078dd408da7d92850ecde9ecacf75be81a5,"{""d"":7.0,""p"":0.021544346900318822,""r"":7.0}","{""obs_mistake_mask=E"":21}"
      3072,         0,         0,   0.253,correlated_pymatching,e11d85a23de5eeb551ef6741a0f0439ab3117190165e3520581ee138633e39c0,"{""d"":5.0,""p"":0.00021544346900318845,""r"":5.0}",
      3072,         0,         0,   0.760,correlated_pymatching,36d2c32a16ae1484f4ce556f02edcde754aef238fde2adbd58da928d1dea009c,"{""d"":7.0,""p"":0.00021544346900318845,""r"":7.0}",
      2048,         1,         0,   0.644,correlated_pymatching,760671fe0c95fded9da57d0cc53c6ee70c714e8a2ad47f1b38f6fdd7550fa000,"{""d"":7.0,""p"":0.001,""r"":7.0}","{""obs_mistake_mask=E"":1}"
       128,        62,         0,   0.876,correlated_pymatching,1509a84aeb6ac83267b1b34c71ca72e451a2b8acb9bfa6d777a03604438236af,"{""d"":7.0,""p"":0.046415888336127774,""r"":7.0}","{""obs_mistake_mask=E"":62}"
        32,        21,         0,   0.337,correlated_pymatching,1509a84aeb6ac83267b1b34c71ca72e451a2b8acb9bfa6d777a03604438236af,"{""d"":7.0,""p"":0.046415888336127774,""r"":7.0}","{""obs_mistake_mask=E"":21}"
      3072,         1,         0,   0.294,correlated_pymatching,6b6bb4514f276642b7df7ca2e983dd4b9ddfd909fe7add7202b9f6e1afa45f74,"{""d"":5.0,""p"":0.00046415888336127773,""r"":5.0}","{""obs_mistake_mask=E"":1}"
      1024,         1,         0,   0.117,correlated_pymatching,46a4ae31e021033e623c40f8502053fa7f370dc03c0b20216af84e083ec4f664,"{""d"":5.0,""p"":0.001,""r"":5.0}","{""obs_mistake_mask=E"":1}"
        96,        51,         0,    1.04,correlated_pymatching,1e7aede6d6aae8b3f7ebc3aabc0732d42764703aa6fed4d1f959fb598f2c49c3,"{""d"":7.0,""p"":0.1,""r"":7.0}","{""obs_mistake_mask=E"":51}"
       128,        64,         0,   0.782,correlated_pymatching,6e14b7f0f262cc6bca11c7bac7a30078dd408da7d92850ecde9ecacf75be81a5,"{""d"":7.0,""p"":0.021544346900318822,""r"":7.0}","{""obs_mistake_mask=E"":64}"
        16,         0,         0,   0.193,correlated_pymatching,f3aeef2556c82844f7e09dca2f007455d33bb5a1704a53de87599ee998bf8408,"{""d"":7.0,""p"":0.0001,""r"":7.0}",
      4096,         0,         0,   0.328,correlated_pymatching,4552da301c33225537c328b309766b9a9b6f35af4935d2f0ae1b8498bbcb8ce2,"{""d"":5.0,""p"":0.0001,""r"":5.0}",
      3072,         0,         0,   0.716,correlated_pymatching,b296b1e82a2e96c853ed55118124f370f20f7552855d6c11bbd2675432a5c92b,"{""d"":7.0,""p"":0.00046415888336127773,""r"":7.0}",
       128,        64,         0,    1.15,correlated_pymatching,1e7aede6d6aae8b3f7ebc3aabc0732d42764703aa6fed4d1f959fb598f2c49c3,"{""d"":7.0,""p"":0.1,""r"":7.0}","{""obs_mistake_mask=E"":64}"
      6144,         0,         0,    1.31,correlated_pymatching,f3aeef2556c82844f7e09dca2f007455d33bb5a1704a53de87599ee998bf8408,"{""d"":7.0,""p"":0.0001,""r"":7.0}",
      5120,         0,         0,    1.19,correlated_pymatching,36d2c32a16ae1484f4ce556f02edcde754aef238fde2adbd58da928d1dea009c,"{""d"":7.0,""p"":0.00021544346900318845,""r"":7.0}",
      4096,         0,         0,   0.304,correlated_pymatching,e11d85a23de5eeb551ef6741a0f0439ab3117190165e3520581ee138633e39c0,"{""d"":5.0,""p"":0.00021544346900318845,""r"":5.0}",
      2048,         4,         0,   0.225,correlated_pymatching,46a4ae31e021033e623c40f8502053fa7f370dc03c0b20216af84e083ec4f664,"{""d"":5.0,""p"":0.001,""r"":5.0}","{""obs_mistake_mask=E"":4}"
        32,         0,         0,   0.180,correlated_pymatching,f3aeef2556c82844f7e09dca2f007455d33bb5a1704a53de87599ee998bf8408,"{""d"":7.0,""p"":0.0001,""r"":7.0}",
      3072,         1,         0,   0.298,correlated_pymatching,6b6bb4514f276642b7df7ca2e983dd4b9ddfd909fe7add7202b9f6e1afa45f74,"{""d"":5.0,""p"":0.00046415888336127773,""r"":5.0}","{""obs_mistake_mask=E"":1}"
      4096,         0,         0,    1.24,correlated_pymatching,760671fe0c95fded9da57d0cc53c6ee70c714e8a2ad47f1b38f6fdd7550fa000,"{""d"":7.0,""p"":0.001,""r"":7.0}",
        64,        37,         0,   0.401,correlated_pymatching,6e14b7f0f262cc6bca11c7bac7a30078dd408da7d92850ecde9ecacf75be81a5,"{""d"":7.0,""p"":0.021544346900318822,""r"":7.0}","{""obs_mistake_mask=E"":37}"
     18432,         0,         0,    1.57,correlated_pymatching,4552da301c33225537c328b309766b9a9b6f35af4935d2f0ae1b8498bbcb8ce2,"{""d"":5.0,""p"":0.0001,""r"":5.0}",
        32,        16,         0,   0.327,correlated_pymatching,1e7aede6d6aae8b3f7ebc3aabc0732d42764703aa6fed4d1f959fb598f2c49c3,"{""d"":7.0,""p"":0.1,""r"":7.0}","{""obs_mistake_mask=E"":16}"
     16384,         0,         0,    1.60,correlated_pymatching,e11d85a23de5eeb551ef6741a0f0439ab3117190165e3520581ee138633e39c0,"{""d"":5.0,""p"":0.00021544346900318845,""r"":5.0}",
     14336,        30,         0,    1.61,correlated_pymatching,46a4ae31e021033e623c40f8502053fa7f370dc03c0b20216af84e083ec4f664,"{""d"":5.0,""p"":0.001,""r"":5.0}","{""obs_mistake_mask=E"":30}"
         1,         0,         0,   0.191,correlated_pymatching,b296b1e82a2e96c853ed55118124f370f20f7552855d6c11bbd2675432a5c92b,"{""d"":7.0,""p"":0.00046415888336127773,""r"":7.0}",
     16384,         4,         0,    1.58,correlated_pymatching,6b6bb4514f276642b7df7ca2e983dd4b9ddfd909fe7add7202b9f6e1afa45f74,"{""d"":5.0,""p"":0.00046415888336127773,""r"":5.0}","{""obs_mistake_mask=E"":4}"
         1,         0,         0,   0.210,correlated_pymatching,36d2c32a16ae1484f4ce556f02edcde754aef238fde2adbd58da928d1dea009c,"{""d"":7.0,""p"":0.00021544346900318845,""r"":7.0}",
      2048,         4,         0,   0.225,correlated_pymatching,46a4ae31e021033e623c40f8502053fa7f370dc03c0b20216af84e083ec4f664,"{""d"":5.0,""p"":0.001,""r"":5.0}","{""obs_mistake_mask=E"":4}"
     29696,         5,         0,   0.565,correlated_pymatching,f989af7d8757b7b1dc4b7c5ccb305775f8abd78056b05ce6b6ff616bd0cd1e6f,"{""d"":3.0,""p"":0.0001,""r"":3.0}","{""obs_mistake_mask=E"":5}"
        64,         0,         0,   0.240,correlated_pymatching,f3aeef2556c82844f7e09dca2f007455d33bb5a1704a53de87599ee998bf8408,"{""d"":7.0,""p"":0.0001,""r"":7.0}",
      5120,         0,         0,   0.419,correlated_pymatching,4552da301c33225537c328b309766b9a9b6f35af4935d2f0ae1b8498bbcb8ce2,"{""d"":5.0,""p"":0.0001,""r"":5.0}",
      1024,         8,         0,   0.650,correlated_pymatching,f6813f7947c76a04961f6e290f1cdc463c85d1f987d2889426ac843305300561,"{""d"":7.0,""p"":0.002154434690031882,""r"":7.0}","{""obs_mistake_mask=E"":8}"
      4096,         0,         0,   0.887,correlated_pymatching,f3aeef2556c82844f7e09dca2f007455d33bb5a1704a53de87599ee998bf8408,"{""d"":7.0,""p"":0.0001,""r"":7.0}",
         2,         0,         0,   0.212,correlated_pymatching,b296b1e82a2e96c853ed55118124f370f20f7552855d6c11bbd2675432a5c92b,"{""d"":7.0,""p"":0.00046415888336127773,""r"":7.0}",
         2,         0,         0,   0.201,correlated_pymatching,36d2c32a16ae1484f4ce556f02edcde754aef238fde2adbd58da928d1dea009c,"{""d"":7.0,""p"":0.00021544346900318845,""r"":7.0}",
      2048,        16,         0,    1.33,correlated_pymatching,f6813f7947c76a04961f6e290f1cdc463c85d1f987d2889426ac843305300561,"{""d"":7.0,""p"":0.002154434690031882,""r"":7.0}","{""obs_mistake_mask=E"":16}"
      5120,         0,         0,   0.425,correlated_pymatching,e11d85a23de5eeb551ef6741a0f0439ab3117190165e3520581ee138633e39c0,"{""d"":5.0,""p"":0.00021544346900318845,""r"":5.0}",
        64,        26,         0,   0.493,correlated_pymatching,1e7aede6d6aae8b3f7ebc3aabc0732d42764703aa6fed4d1f959fb598f2c49c3,"{""d"":7.0,""p"":0.1,""r"":7.0}","{""obs_mistake_mask=E"":26}"
      5120,         0,         0,    1.35,correlated_pymatching,b296b1e82a2e96c853ed55118124f370f20f7552855d6c11bbd2675432a5c92b,"{""d"":7.0,""p"":0.00046415888336127773,""r"":7.0}",
       128,         0,         0,   0.201,correlated_pymatching,f3aeef2556c82844f7e09dca2f007455d33bb5a1704a53de87599ee998bf8408,"{""d"":7.0,""p"":0.0001,""r"":7.0}",
         1,         0,         0,   0.016,correlated_pymatching,f989af7d8757b7b1dc4b7c5ccb305775f8abd78056b05ce6b6ff616bd0cd1e6f,"{""d"":3.0,""p"":0.0001,""r"":3.0}",
        16,         0,         0,   0.020,correlated_pymatching,f989af7d8757b7b1dc4b7c5ccb305775f8abd78056b05ce6b6ff616bd0cd1e6f,"{""d"":3.0,""p"":0.0001,""r"":3.0}",
      5120,         1,         0,   0.472,correlated_pymatching,6b6bb4514f276642b7df7ca2e983dd4b9ddfd909fe7add7202b9f6e1afa45f74,"{""d"":5.0,""p"":0.00046415888336127773,""r"":5.0}","{""obs_mistake_mask=E"":1}"
         1,         0,         0,   0.183,correlated_pymatching,f6813f7947c76a04961f6e290f1cdc463c85d1f987d2889426ac843305300561,"{""d"":7.0,""p"":0.002154434690031882,""r"":7.0}",
      1280,         0,         0,   0.040,correlated_pymatching,f989af7d8757b7b1dc4b7c5ccb305775f8abd78056b05ce6b6ff616bd0cd1e6f,"{""d"":3.0,""p"":0.0001,""r"":3.0}",
      3072,         9,         0,   0.336,correlated_pymatching,46a4ae31e021033e623c40f8502053fa7f370dc03c0b20216af84e083ec4f664,"{""d"":5.0,""p"":0.001,""r"":5.0}","{""obs_mistake_mask=E"":9}"
         1,         0,         0,   0.198,correlated_pymatching,760671fe0c95fded9da57d0cc53c6ee70c714e8a2ad47f1b38f6fdd7550fa000,"{""d"":7.0,""p"":0.001,""r"":7.0}",
      2048,         0,         0,   0.036,correlated_pymatching,f989af7d8757b7b1dc4b7c5ccb305775f8abd78056b05ce6b6ff616bd0cd1e6f,"{""d"":3.0,""p"":0.0001,""r"":3.0}",
         4,         0,         0,   0.192,correlated_pymatching,b296b1e82a2e96c853ed55118124f370f20f7552855d6c11bbd2675432a5c92b,"{""d"":7.0,""p"":0.00046415888336127773,""r"":7.0}",
         4,         0,         0,   0.190,correlated_pymatching,36d2c32a16ae1484f4ce556f02edcde754aef238fde2adbd58da928d1dea009c,"{""d"":7.0,""p"":0.00021544346900318845,""r"":7.0}",
     18432,         0,         0,    1.62,correlated_pymatching,4552da301c33225537c328b309766b9a9b6f35af4935d2f0ae1b8498bbcb8ce2,"{""d"":5.0,""p"":0.0001,""r"":5.0}",
         1,         0,         0,   0.071,correlated_pymatching,4552da301c33225537c328b309766b9a9b6f35af4935d2f0ae1b8498bbcb8ce2,"{""d"":5.0,""p"":0.0001,""r"":5.0}",
      3072,         2,         0,   0.059,correlated_pymatching,f989af7d8757b7b1dc4b7c5ccb305775f8abd78056b05ce6b6ff616bd0cd1e6f,"{""d"":3.0,""p"":0.0001,""r"":3.0}","{""obs_mistake_mask=E"":2}"
      4096,         0,         0,   0.979,correlated_pymatching,36d2c32a16ae1484f4ce556f02edcde754aef238fde2adbd58da928d1dea009c,"{""d"":7.0,""p"":0.00021544346900318845,""r"":7.0}",
      3072,         0,         0,   0.953,correlated_pymatching,760671fe0c95fded9da57d0cc53c6ee70c714e8a2ad47f1b38f6fdd7550fa000,"{""d"":7.0,""p"":0.001,""r"":7.0}",
       256,         0,         0,   0.206,correlated_pymatching,f3aeef2556c82844f7e09dca2f007455d33bb5a1704a53de87599ee998bf8408,"{""d"":7.0,""p"":0.0001,""r"":7.0}",
         8,         0,         0,   0.081,correlated_pymatching,4552da301c33225537c328b309766b9a9b6f35af4935d2f0ae1b8498bbcb8ce2,"{""d"":5.0,""p"":0.0001,""r"":5.0}",
      4096,         2,         0,   0.071,correlated_pymatching,f989af7d8757b7b1dc4b7c5ccb305775f8abd78056b05ce6b6ff616bd0cd1e6f,"{""d"":3.0,""p"":0.0001,""r"":3.0}","{""obs_mistake_mask=E"":2}"
         2,         0,         0,   0.208,correlated_pymatching,f6813f7947c76a04961f6e290f1cdc463c85d1f987d2889426ac843305300561,"{""d"":7.0,""p"":0.002154434690031882,""r"":7.0}",
         2,         0,         0,   0.192,correlated_pymatching,760671fe0c95fded9da57d0cc53c6ee70c714e8a2ad47f1b38f6fdd7550fa000,"{""d"":7.0,""p"":0.001,""r"":7.0}",
        32,         0,         0,   0.082,correlated_pymatching,4552da301c33225537c328b309766b9a9b6f35af4935d2f0ae1b8498bbcb8ce2,"{""d"":5.0,""p"":0.0001,""r"":5.0}",
         8,         0,         0,   0.192,correlated_pymatching,b296b1e82a2e96c853ed55118124f370f20f7552855d6c11bbd2675432a5c92b,"{""d"":7.0,""p"":0.00046415888336127773,""r"":7.0}",
      5120,         1,         0,   0.095,correlated_pymatching,f989af7d8757b7b1dc4b7c5ccb305775f8abd78056b05ce6b6ff616bd0cd1e6f,"{""d"":3.0,""p"":0.0001,""r"":3.0}","{""obs_mistake_mask=E"":1}"
         8,         0,         0,   0.214,correlated_pymatching,36d2c32a16ae1484f4ce556f02edcde754aef238fde2adbd58da928d1dea009c,"{""d"":7.0,""p"":0.00021544346900318845,""r"":7.0}",
      7168,         0,         0,   0.575,correlated_pymatching,4552da301c33225537c328b309766b9a9b6f35af4935d2f0ae1b8498bbcb8ce2,"{""d"":5.0,""p"":0.0001,""r"":5.0}",
       128,         0,         0,   0.089,correlated_pymatching,4552da301c33225537c328b309766b9a9b6f35af4935d2f0ae1b8498bbcb8ce2,"{""d"":5.0,""p"":0.0001,""r"":5.0}",
       512,         0,         0,   0.210,correlated_pymatching,f3aeef2556c82844f7e09dca2f007455d33bb5a1704a53de87599ee998bf8408,"{""d"":7.0,""p"":0.0001,""r"":7.0}",
      6144,         6,         0,   0.120,correlated_pymatching,f989af7d8757b7b1dc4b7c5ccb305775f8abd78056b05ce6b6ff616bd0cd1e6f,"{""d"":3.0,""p"":0.0001,""r"":3.0}","{""obs_mistake_mask=E"":6}"
     14336,        35,         0,    1.62,correlated_pymatching,46a4ae31e021033e623c40f8502053fa7f370dc03c0b20216af84e083ec4f664,"{""d"":5.0,""p"":0.001,""r"":5.0}","{""obs_mistake_mask=E"":35}"
         4,         0,         0,   0.195,correlated_pymatching,f6813f7947c76a04961f6e290f1cdc463c85d1f987d2889426ac843305300561,"{""d"":7.0,""p"":0.002154434690031882,""r"":7.0}",
      4096,         0,         0,    1.04,correlated_pymatching,b296b1e82a2e96c853ed55118124f370f20f7552855d6c11bbd2675432a5c92b,"{""d"":7.0,""p"":0.00046415888336127773,""r"":7.0}",
       512,         0,         0,   0.080,correlated_pymatching,4552da301c33225537c328b309766b9a9b6f35af4935d2f0ae1b8498bbcb8ce2,"{""d"":5.0,""p"":0.0001,""r"":5.0}",
         4,         0,         0,   0.203,correlated_pymatching,760671fe0c95fded9da57d0cc53c6ee70c714e8a2ad47f1b38f6fdd7550fa000,"{""d"":7.0,""p"":0.001,""r"":7.0}",
        16,         0,         0,   0.188,correlated_pymatching,b296b1e82a2e96c853ed55118124f370f20f7552855d6c11bbd2675432a5c92b,"{""d"":7.0,""p"":0.00046415888336127773,""r"":7.0}",
        16,         0,         0,   0.194,correlated_pymatching,36d2c32a16ae1484f4ce556f02edcde754aef238fde2adbd58da928d1dea009c,"{""d"":7.0,""p"":0.00021544346900318845,""r"":7.0}",
      4096,        12,         0,   0.455,correlated_pymatching,46a4ae31e021033e623c40f8502053fa7f370dc03c0b20216af84e083ec4f664,"{""d"":5.0,""p"":0.001,""r"":5.0}","{""obs_mistake_mask=E"":12}"
      7168,         0,         0,   0.605,correlated_pymatching,e11d85a23de5eeb551ef6741a0f0439ab3117190165e3520581ee138633e39c0,"{""d"":5.0,""p"":0.00021544346900318845,""r"":5.0}",
     43008,        14,         0,   0.799,correlated_pymatching,f989af7d8757b7b1dc4b7c5ccb305775f8abd78056b05ce6b6ff616bd0cd1e6f,"{""d"":3.0,""p"":0.0001,""r"":3.0}","{""obs_mistake_mask=E"":14}"
      1024,         0,         0,   0.085,correlated_pymatching,4552da301c33225537c328b309766b9a9b6f35af4935d2f0ae1b8498bbcb8ce2,"{""d"":5.0,""p"":0.0001,""r"":5.0}",
      8192,         4,         0,   0.155,correlated_pymatching,f989af7d8757b7b1dc4b7c5ccb305775f8abd78056b05ce6b6ff616bd0cd1e6f,"{""d"":3.0,""p"":0.0001,""r"":3.0}","{""obs_mistake_mask=E"":4}"
      1024,         0,         0,   0.218,correlated_pymatching,f3aeef2556c82844f7e09dca2f007455d33bb5a1704a53de87599ee998bf8408,"{""d"":7.0,""p"":0.0001,""r"":7.0}",
      1024,         0,         0,   0.082,correlated_pymatching,4552da301c33225537c328b309766b9a9b6f35af4935d2f0ae1b8498bbcb8ce2,"{""d"":5.0,""p"":0.0001,""r"":5.0}",
     17408,         2,         0,    1.59,correlated_pymatching,6b6bb4514f276642b7df7ca2e983dd4b9ddfd909fe7add7202b9f6e1afa45f74,"{""d"":5.0,""p"":0.00046415888336127773,""r"":5.0}","{""obs_mistake_mask=E"":2}"
         8,         0,         0,   0.204,correlated_pymatching,f6813f7947c76a04961f6e290f1cdc463c85d1f987d2889426ac843305300561,"{""d"":7.0,""p"":0.002154434690031882,""r"":7.0}",
         8,         0,         0,   0.210,correlated_pymatching,760671fe0c95fded9da57d0cc53c6ee70c714e8a2ad47f1b38f6fdd7550fa000,"{""d"":7.0,""p"":0.001,""r"":7.0}",
      7168,         1,         0,   0.654,correlated_pymatching,6b6bb4514f276642b7df7ca2e983dd4b9ddfd909fe7add7202b9f6e1afa45f74,"{""d"":5.0,""p"":0.00046415888336127773,""r"":5.0}","{""obs_mistake_mask=E"":1}"
        32,         0,         0,   0.212,correlated_pymatching,b296b1e82a2e96c853ed55118124f370f20f7552855d6c11bbd2675432a5c92b,"{""d"":7.0,""p"":0.00046415888336127773,""r"":7.0}",
        32,         0,         0,   0.207,correlated_pymatching,36d2c32a16ae1484f4ce556f02edcde754aef238fde2adbd58da928d1dea009c,"{""d"":7.0,""p"":0.00021544346900318845,""r"":7.0}",
     10240,         0,         0,    1.57,correlated_pymatching,e11d85a23de5eeb551ef6741a0f0439ab3117190165e3520581ee138633e39c0,"{""d"":5.0,""p"":0.00021544346900318845,""r"":5.0}",
     11264,         5,         0,   0.211,correlated_pymatching,f989af7d8757b7b1dc4b7c5ccb305775f8abd78056b05ce6b6ff616bd0cd1e6f,"{""d"":3.0,""p"":0.0001,""r"":3.0}","{""obs_mistake_mask=E"":5}"
      2048,         0,         0,   0.169,correlated_pymatching,4552da301c33225537c328b309766b9a9b6f35af4935d2f0ae1b8498bbcb8ce2,"{""d"":5.0,""p"":0.0001,""r"":5.0}",
      1536,        18,         0,    1.00,correlated_pymatching,f6813f7947c76a04961f6e290f1cdc463c85d1f987d2889426ac843305300561,"{""d"":7.0,""p"":0.002154434690031882,""r"":7.0}","{""obs_mistake_mask=E"":18}"
        16,         0,         0,   0.204,correlated_pymatching,f6813f7947c76a04961f6e290f1cdc463c85d1f987d2889426ac843305300561,"{""d"":7.0,""p"":0.002154434690031882,""r"":7.0}",
        16,         0,         0,   0.198,correlated_pymatching,760671fe0c95fded9da57d0cc53c6ee70c714e8a2ad47f1b38f6fdd7550fa000,"{""d"":7.0,""p"":0.001,""r"":7.0}",
        64,         0,         0,   0.192,correlated_pymatching,b296b1e82a2e96c853ed55118124f370f20f7552855d6c11bbd2675432a5c92b,"{""d"":7.0,""p"":0.00046415888336127773,""r"":7.0}",
        64,         0,         0,   0.203,correlated_pymatching,36d2c32a16ae1484f4ce556f02edcde754aef238fde2adbd58da928d1dea009c,"{""d"":7.0,""p"":0.00021544346900318845,""r"":7.0}",
      2048,         0,         0,   0.150,correlated_pymatching,4552da301c33225537c328b309766b9a9b6f35af4935d2f0ae1b8498bbcb8ce2,"{""d"":5.0,""p"":0.0001,""r"":5.0}",
      5120,         0,         0,    1.11,correlated_pymatching,f3aeef2556c82844f7e09dca2f007455d33bb5a1704a53de87599ee998bf8408,"{""d"":7.0,""p"":0.0001,""r"":7.0}",
      7168,         0,         0,    1.56,correlated_pymatching,f3aeef2556c82844f7e09dca2f007455d33bb5a1704a53de87599ee998bf8408,"{""d"":7.0,""p"":0.0001,""r"":7.0}",
      2048,         0,         0,   0.433,correlated_pymatching,f3aeef2556c82844f7e09dca2f007455d33bb5a1704a53de87599ee998bf8408,"{""d"":7.0,""p"":0.0001,""r"":7.0}",
        32,         1,         0,   0.204,correlated_pymatching,f6813f7947c76a04961f6e290f1cdc463c85d1f987d2889426ac843305300561,"{""d"":7.0,""p"":0.002154434690031882,""r"":7.0}","{""obs_mistake_mask=E"":1}"
        32,         0,         0,   0.210,correlated_pymatching,760671fe0c95fded9da57d0cc53c6ee70c714e8a2ad47f1b38f6fdd7550fa000,"{""d"":7.0,""p"":0.001,""r"":7.0}",
      7168,         0,         0,    1.62,correlated_pymatching,36d2c32a16ae1484f4ce556f02edcde754aef238fde2adbd58da928d1dea009c,"{""d"":7.0,""p"":0.00021544346900318845,""r"":7.0}",
     16384,         5,         0,   0.300,correlated_pymatching,f989af7d8757b7b1dc4b7c5ccb305775f8abd78056b05ce6b6ff616bd0cd1e6f,"{""d"":3.0,""p"":0.0001,""r"":3.0}","{""obs_mistake_mask=E"":5}"
       128,         0,         0,   0.190,correlated_pymatching,b296b1e82a2e96c853ed55118124f370f20f7552855d6c11bbd2675432a5c92b,"{""d"":7.0,""p"":0.00046415888336127773,""r"":7.0}",
       128,         0,         0,   0.205,correlated_pymatching,36d2c32a16ae1484f4ce556f02edcde754aef238fde2adbd58da928d1dea009c,"{""d"":7.0,""p"":0.00021544346900318845,""r"":7.0}",
    119808,        43,         0,    2.17,correlated_pymatching,f989af7d8757b7b1dc4b7c5ccb305775f8abd78056b05ce6b6ff616bd0cd1e6f,"{""d"":3.0,""p"":0.0001,""r"":3.0}","{""obs_mistake_mask=E"":43}"
      5120,         1,         0,    1.59,correlated_pymatching,760671fe0c95fded9da57d0cc53c6ee70c714e8a2ad47f1b38f6fdd7550fa000,"{""d"":7.0,""p"":0.001,""r"":7.0}","{""obs_mistake_mask=E"":1}"
     10240,         0,         0,   0.828,correlated_pymatching,4552da301c33225537c328b309766b9a9b6f35af4935d2f0ae1b8498bbcb8ce2,"{""d"":5.0,""p"":0.0001,""r"":5.0}",
      6144,        16,         0,   0.675,correlated_pymatching,46a4ae31e021033e623c40f8502053fa7f370dc03c0b20216af84e083ec4f664,"{""d"":5.0,""p"":0.001,""r"":5.0}","{""obs_mistake_mask=E"":16}"
      3072,         0,         0,   0.257,correlated_pymatching,4552da301c33225537c328b309766b9a9b6f35af4935d2f0ae1b8498bbcb8ce2,"{""d"":5.0,""p"":0.0001,""r"":5.0}",
        64,         0,         0,   0.216,correlated_pymatching,f6813f7947c76a04961f6e290f1cdc463c85d1f987d2889426ac843305300561,"{""d"":7.0,""p"":0.002154434690031882,""r"":7.0}",
        64,         0,         0,   0.212,correlated_pymatching,760671fe0c95fded9da57d0cc53c6ee70c714e8a2ad47f1b38f6fdd7550fa000,"{""d"":7.0,""p"":0.001,""r"":7.0}",
    119808,        49,         0,    2.18,correlated_pymatching,f989af7d8757b7b1dc4b7c5ccb305775f8abd78056b05ce6b6ff616bd0cd1e6f,"{""d"":3.0,""p"":0.0001,""r"":3.0}","{""obs_mistake_mask=E"":49}"
       256,         0,         0,   0.216,correlated_pymatching,b296b1e82a2e96c853ed55118124f370f20f7552855d6c11bbd2675432a5c92b,"{""d"":7.0,""p"":0.00046415888336127773,""r"":7.0}",
       256,         0,         0,   0.213,correlated_pymatching,36d2c32a16ae1484f4ce556f02edcde754aef238fde2adbd58da928d1dea009c,"{""d"":7.0,""p"":0.00021544346900318845,""r"":7.0}",
      5120,         0,         0,    1.20,correlated_pymatching,36d2c32a16ae1484f4ce556f02edcde754aef238fde2adbd58da928d1dea009c,"{""d"":7.0,""p"":0.00021544346900318845,""r"":7.0}",
     10240,         0,         0,   0.886,correlated_pymatching,e11d85a23de5eeb551ef6741a0f0439ab3117190165e3520581ee138633e39c0,"{""d"":5.0,""p"":0.00021544346900318845,""r"":5.0}",
      4096,         1,         0,    1.25,correlated_pymatching,760671fe0c95fded9da57d0cc53c6ee70c714e8a2ad47f1b38f6fdd7550fa000,"{""d"":7.0,""p"":0.001,""r"":7.0}","{""obs_mistake_mask=E"":1}"
       128,         0,         0,   0.228,correlated_pymatching,f6813f7947c76a04961f6e290f1cdc463c85d1f987d2889426ac843305300561,"{""d"":7.0,""p"":0.002154434690031882,""r"":7.0}",
     21504,         4,         0,   0.408,correlated_pymatching,f989af7d8757b7b1dc4b7c5ccb305775f8abd78056b05ce6b6ff616bd0cd1e6f,"{""d"":3.0,""p"":0.0001,""r"":3.0}","{""obs_mistake_mask=E"":4}"
      2048,         0,         0,   0.464,correlated_pymatching,f3aeef2556c82844f7e09dca2f007455d33bb5a1704a53de87599ee998bf8408,"{""d"":7.0,""p"":0.0001,""r"":7.0}",
       128,         0,         0,   0.220,correlated_pymatching,760671fe0c95fded9da57d0cc53c6ee70c714e8a2ad47f1b38f6fdd7550fa000,"{""d"":7.0,""p"":0.001,""r"":7.0}",
      4096,         0,         0,   0.313,correlated_pymatching,4552da301c33225537c328b309766b9a9b6f35af4935d2f0ae1b8498bbcb8ce2,"{""d"":5.0,""p"":0.0001,""r"":5.0}",
      9216,         2,         0,   0.850,correlated_pymatching,6b6bb4514f276642b7df7ca2e983dd4b9ddfd909fe7add7202b9f6e1afa45f74,"{""d"":5.0,""p"":0.00046415888336127773,""r"":5.0}","{""obs_mistake_mask=E"":2}"
       512,         0,         0,   0.228,correlated_pymatching,b296b1e82a2e96c853ed55118124f370f20f7552855d6c11bbd2675432a5c92b,"{""d"":7.0,""p"":0.00046415888336127773,""r"":7.0}",
       512,         0,         0,   0.219,correlated_pymatching,36d2c32a16ae1484f4ce556f02edcde754aef238fde2adbd58da928d1dea009c,"{""d"":7.0,""p"":0.00021544346900318845,""r"":7.0}",
      2560,        20,         0,    1.70,correlated_pymatching,f6813f7947c76a04961f6e290f1cdc463c85d1f987d2889426ac843305300561,"{""d"":7.0,""p"":0.002154434690031882,""r"":7.0}","{""obs_mistake_mask=E"":20}"
     58368,        23,         0,    1.11,correlated_pymatching,f989af7d8757b7b1dc4b7c5ccb305775f8abd78056b05ce6b6ff616bd0cd1e6f,"{""d"":3.0,""p"":0.0001,""r"":3.0}","{""obs_mistake_mask=E"":23}"
     19456,         2,         0,   0.354,correlated_pymatching,f989af7d8757b7b1dc4b7c5ccb305775f8abd78056b05ce6b6ff616bd0cd1e6f,"{""d"":3.0,""p"":0.0001,""r"":3.0}","{""obs_mistake_mask=E"":2}"
     28672,         8,         0,   0.528,correlated_pymatching,f989af7d8757b7b1dc4b7c5ccb305775f8abd78056b05ce6b6ff616bd0cd1e6f,"{""d"":3.0,""p"":0.0001,""r"":3.0}","{""obs_mistake_mask=E"":8}"
      1024,         0,         0,   0.016,correlated_pymatching,f989af7d8757b7b1dc4b7c5ccb305775f8abd78056b05ce6b6ff616bd0cd1e6f,"{""d"":3.0,""p"":0.0001,""r"":3.0}",
      9216,         4,         0,   0.175,correlated_pymatching,f989af7d8757b7b1dc4b7c5ccb305775f8abd78056b05ce6b6ff616bd0cd1e6f,"{""d"":3.0,""p"":0.0001,""r"":3.0}","{""obs_mistake_mask=E"":4}"
      7168,         0,         0,    1.78,correlated_pymatching,b296b1e82a2e96c853ed55118124f370f20f7552855d6c11bbd2675432a5c92b,"{""d"":7.0,""p"":0.00046415888336127773,""r"":7.0}",
       256,         0,         0,   0.228,correlated_pymatching,760671fe0c95fded9da57d0cc53c6ee70c714e8a2ad47f1b38f6fdd7550fa000,"{""d"":7.0,""p"":0.001,""r"":7.0}",
      5120,         0,         0,    1.30,correlated_pymatching,b296b1e82a2e96c853ed55118124f370f20f7552855d6c11bbd2675432a5c92b,"{""d"":7.0,""p"":0.00046415888336127773,""r"":7.0}",
     26624,         0,         0,    2.18,correlated_pymatching,4552da301c33225537c328b309766b9a9b6f35af4935d2f0ae1b8498bbcb8ce2,"{""d"":5.0,""p"":0.0001,""r"":5.0}",
       256,         3,         0,   0.272,correlated_pymatching,f6813f7947c76a04961f6e290f1cdc463c85d1f987d2889426ac843305300561,"{""d"":7.0,""p"":0.002154434690031882,""r"":7.0}","{""obs_mistake_mask=E"":3}"
     25600,         0,         0,    2.19,correlated_pymatching,e11d85a23de5eeb551ef6741a0f0439ab3117190165e3520581ee138633e39c0,"{""d"":5.0,""p"":0.00021544346900318845,""r"":5.0}",
         1,         0,         0,   0.082,correlated_pymatching,46a4ae31e021033e623c40f8502053fa7f370dc03c0b20216af84e083ec4f664,"{""d"":5.0,""p"":0.001,""r"":5.0}",
         1,         0,         0,   0.091,correlated_pymatching,e11d85a23de5eeb551ef6741a0f0439ab3117190165e3520581ee138633e39c0,"{""d"":5.0,""p"":0.00021544346900318845,""r"":5.0}",
     23552,         2,         0,    2.18,correlated_pymatching,6b6bb4514f276642b7df7ca2e983dd4b9ddfd909fe7add7202b9f6e1afa45f74,"{""d"":5.0,""p"":0.00046415888336127773,""r"":5.0}","{""obs_mistake_mask=E"":2}"
         1,         0,         0,   0.081,correlated_pymatching,6b6bb4514f276642b7df7ca2e983dd4b9ddfd909fe7add7202b9f6e1afa45f74,"{""d"":5.0,""p"":0.00046415888336127773,""r"":5.0}",
     20480,        55,         0,    2.24,correlated_pymatching,46a4ae31e021033e623c40f8502053fa7f370dc03c0b20216af84e083ec4f664,"{""d"":5.0,""p"":0.001,""r"":5.0}","{""obs_mistake_mask=E"":55}"
      5120,         0,         0,   0.432,correlated_pymatching,4552da301c33225537c328b309766b9a9b6f35af4935d2f0ae1b8498bbcb8ce2,"{""d"":5.0,""p"":0.0001,""r"":5.0}",
         4,         0,         0,   0.068,correlated_pymatching,e11d85a23de5eeb551ef6741a0f0439ab3117190165e3520581ee138633e39c0,"{""d"":5.0,""p"":0.00021544346900318845,""r"":5.0}",
         4,         0,         0,   0.079,correlated_pymatching,46a4ae31e021033e623c40f8502053fa7f370dc03c0b20216af84e083ec4f664,"{""d"":5.0,""p"":0.001,""r"":5.0}",
         4,         0,         0,   0.078,correlated_pymatching,6b6bb4514f276642b7df7ca2e983dd4b9ddfd909fe7add7202b9f6e1afa45f74,"{""d"":5.0,""p"":0.00046415888336127773,""r"":5.0}",
      7168,        17,         0,   0.795,correlated_pymatching,46a4ae31e021033e623c40f8502053fa7f370dc03c0b20216af84e083ec4f664,"{""d"":5.0,""p"":0.001,""r"":5.0}","{""obs_mistake_mask=E"":17}"
       512,         0,         0,   0.257,correlated_pymatching,760671fe0c95fded9da57d0cc53c6ee70c714e8a2ad47f1b38f6fdd7550fa000,"{""d"":7.0,""p"":0.001,""r"":7.0}",
      2048,         0,         0,   0.460,correlated_pymatching,36d2c32a16ae1484f4ce556f02edcde754aef238fde2adbd58da928d1dea009c,"{""d"":7.0,""p"":0.00021544346900318845,""r"":7.0}",
        32,         0,         0,   0.076,correlated_pymatching,e11d85a23de5eeb551ef6741a0f0439ab3117190165e3520581ee138633e39c0,"{""d"":5.0,""p"":0.00021544346900318845,""r"":5.0}",
      2048,         0,         0,   0.483,correlated_pymatching,b296b1e82a2e96c853ed55118124f370f20f7552855d6c11bbd2675432a5c92b,"{""d"":7.0,""p"":0.00046415888336127773,""r"":7.0}",
        16,         0,         0,   0.082,correlated_pymatching,46a4ae31e021033e623c40f8502053fa7f370dc03c0b20216af84e083ec4f664,"{""d"":5.0,""p"":0.001,""r"":5.0}",
        16,         0,         0,   0.076,correlated_pymatching,6b6bb4514f276642b7df7ca2e983dd4b9ddfd909fe7add7202b9f6e1afa45f74,"{""d"":5.0,""p"":0.00046415888336127773,""r"":5.0}",
       512,         2,         0,   0.322,correlated_pymatching,f6813f7947c76a04961f6e290f1cdc463c85d1f987d2889426ac843305300561,"{""d"":7.0,""p"":0.002154434690031882,""r"":7.0}","{""obs_mistake_mask=E"":2}"
       128,         0,         0,   0.082,correlated_pymatching,e11d85a23de5eeb551ef6741a0f0439ab3117190165e3520581ee138633e39c0,"{""d"":5.0,""p"":0.00021544346900318845,""r"":5.0}",
        64,         0,         0,   0.080,correlated_pymatching,46a4ae31e021033e623c40f8502053fa7f370dc03c0b20216af84e083ec4f664,"{""d"":5.0,""p"":0.001,""r"":5.0}",
        64,         0,         0,   0.078,correlated_pymatching,6b6bb4514f276642b7df7ca2e983dd4b9ddfd909fe7add7202b9f6e1afa45f74,"{""d"":5.0,""p"":0.00046415888336127773,""r"":5.0}",
         1,         0,         0,   0.216,correlated_pymatching,f3aeef2556c82844f7e09dca2f007455d33bb5a1704a53de87599ee998bf8408,"{""d"":7.0,""p"":0.0001,""r"":7.0}",
      2048,        11,         0,    1.33,correlated_pymatching,f6813f7947c76a04961f6e290f1cdc463c85d1f987d2889426ac843305300561,"{""d"":7.0,""p"":0.002154434690031882,""r"":7.0}","{""obs_mistake_mask=E"":11}"
      3072,         0,         0,   0.659,correlated_pymatching,f3aeef2556c82844f7e09dca2f007455d33bb5a1704a53de87599ee998bf8408,"{""d"":7.0,""p"":0.0001,""r"":7.0}",
       512,         0,         0,   0.082,correlated_pymatching,e11d85a23de5eeb551ef6741a0f0439ab3117190165e3520581ee138633e39c0,"{""d"":5.0,""p"":0.00021544346900318845,""r"":5.0}",
       256,         1,         0,   0.085,correlated_pymatching,46a4ae31e021033e623c40f8502053fa7f370dc03c0b20216af84e083ec4f664,"{""d"":5.0,""p"":0.001,""r"":5.0}","{""obs_mistake_mask=E"":1}"
       256,         0,         0,   0.083,correlated_pymatching,6b6bb4514f276642b7df7ca2e983dd4b9ddfd909fe7add7202b9f6e1afa45f74,"{""d"":5.0,""p"":0.00046415888336127773,""r"":5.0}",
      1024,         0,         0,   0.085,correlated_pymatching,e11d85a23de5eeb551ef6741a0f0439ab3117190165e3520581ee138633e39c0,"{""d"":5.0,""p"":0.00021544346900318845,""r"":5.0}",
      1024,         0,         0,   0.093,correlated_pymatching,6b6bb4514f276642b7df7ca2e983dd4b9ddfd909fe7add7202b9f6e1afa45f74,"{""d"":5.0,""p"":0.00046415888336127773,""r"":5.0}",
      1024,         2,         0,   0.102,correlated_pymatching,46a4ae31e021033e623c40f8502053fa7f370dc03c0b20216af84e083ec4f664,"{""d"":5.0,""p"":0.001,""r"":5.0}","{""obs_mistake_mask=E"":2}"
      1024,         0,         0,   0.319,correlated_pymatching,760671fe0c95fded9da57d0cc53c6ee70c714e8a2ad47f1b38f6fdd7550fa000,"{""d"":7.0,""p"":0.001,""r"":7.0}",
         2,         0,         0,   0.200,correlated_pymatching,f3aeef2556c82844f7e09dca2f007455d33bb5a1704a53de87599ee998bf8408,"{""d"":7.0,""p"":0.0001,""r"":7.0}",
     14336,         0,         0,    1.17,correlated_pymatching,4552da301c33225537c328b309766b9a9b6f35af4935d2f0ae1b8498bbcb8ce2,"{""d"":5.0,""p"":0.0001,""r"":5.0}",
      1024,         0,         0,   0.085,correlated_pymatching,e11d85a23de5eeb551ef6741a0f0439ab3117190165e3520581ee138633e39c0,"{""d"":5.0,""p"":0.00021544346900318845,""r"":5.0}",
     27648,         1,         0,    2.25,correlated_pymatching,4552da301c33225537c328b309766b9a9b6f35af4935d2f0ae1b8498bbcb8ce2,"{""d"":5.0,""p"":0.0001,""r"":5.0}","{""obs_mistake_mask=E"":1}"
      1024,         0,         0,   0.093,correlated_pymatching,6b6bb4514f276642b7df7ca2e983dd4b9ddfd909fe7add7202b9f6e1afa45f74,"{""d"":5.0,""p"":0.00046415888336127773,""r"":5.0}",
      1024,         1,         0,   0.101,correlated_pymatching,46a4ae31e021033e623c40f8502053fa7f370dc03c0b20216af84e083ec4f664,"{""d"":5.0,""p"":0.001,""r"":5.0}","{""obs_mistake_mask=E"":1}"
       512,         1,         0,   0.324,correlated_pymatching,f6813f7947c76a04961f6e290f1cdc463c85d1f987d2889426ac843305300561,"{""d"":7.0,""p"":0.002154434690031882,""r"":7.0}","{""obs_mistake_mask=E"":1}"
      2048,         0,         0,   0.475,correlated_pymatching,36d2c32a16ae1484f4ce556f02edcde754aef238fde2adbd58da928d1dea009c,"{""d"":7.0,""p"":0.00021544346900318845,""r"":7.0}",
      7168,         0,         0,   0.579,correlated_pymatching,4552da301c33225537c328b309766b9a9b6f35af4935d2f0ae1b8498bbcb8ce2,"{""d"":5.0,""p"":0.0001,""r"":5.0}",
      1024,         3,         0,   0.120,correlated_pymatching,46a4ae31e021033e623c40f8502053fa7f370dc03c0b20216af84e083ec4f664,"{""d"":5.0,""p"":0.001,""r"":5.0}","{""obs_mistake_mask=E"":3}"
         4,         0,         0,   0.196,correlated_pymatching,f3aeef2556c82844f7e09dca2f007455d33bb5a1704a53de87599ee998bf8408,"{""d"":7.0,""p"":0.0001,""r"":7.0}",
     13312,         1,         0,    1.13,correlated_pymatching,e11d85a23de5eeb551ef6741a0f0439ab3117190165e3520581ee138633e39c0,"{""d"":5.0,""p"":0.00021544346900318845,""r"":5.0}","{""obs_mistake_mask=E"":1}"
      2048,         0,         0,   0.513,correlated_pymatching,b296b1e82a2e96c853ed55118124f370f20f7552855d6c11bbd2675432a5c92b,"{""d"":7.0,""p"":0.00046415888336127773,""r"":7.0}",
      2048,         0,         0,   0.192,correlated_pymatching,e11d85a23de5eeb551ef6741a0f0439ab3117190165e3520581ee138633e39c0,"{""d"":5.0,""p"":0.00021544346900318845,""r"":5.0}",
      2048,         0,         0,   0.192,correlated_pymatching,6b6bb4514f276642b7df7ca2e983dd4b9ddfd909fe7add7202b9f6e1afa45f74,"{""d"":5.0,""p"":0.00046415888336127773,""r"":5.0}",
      7168,         0,         0,    1.61,correlated_pymatching,f3aeef2556c82844f7e09dca2f007455d33bb5a1704a53de87599ee998bf8408,"{""d"":7.0,""p"":0.0001,""r"":7.0}",
     12288,         2,         0,    1.13,correlated_pymatching,6b6bb4514f276642b7df7ca2e983dd4b9ddfd909fe7add7202b9f6e1afa45f74,"{""d"":5.0,""p"":0.00046415888336127773,""r"":5.0}","{""obs_mistake_mask=E"":2}"
     20480,        37,         0,    2.23,correlated_pymatching,46a4ae31e021033e623c40f8502053fa7f370dc03c0b20216af84e083ec4f664,"{""d"":5.0,""p"":0.001,""r"":5.0}","{""obs_mistake_mask=E"":37}"
      7168,        15,         0,   0.783,correlated_pymatching,46a4ae31e021033e623c40f8502053fa7f370dc03c0b20216af84e083ec4f664,"{""d"":5.0,""p"":0.001,""r"":5.0}","{""obs_mistake_mask=E"":15}"
      2048,         0,         0,   0.168,correlated_pymatching,e11d85a23de5eeb551ef6741a0f0439ab3117190165e3520581ee138633e39c0,"{""d"":5.0,""p"":0.00021544346900318845,""r"":5.0}",
         8,         0,         0,   0.198,correlated_pymatching,f3aeef2556c82844f7e09dca2f007455d33bb5a1704a53de87599ee998bf8408,"{""d"":7.0,""p"":0.0001,""r"":7.0}",
      2048,         8,         0,   0.218,correlated_pymatching,46a4ae31e021033e623c40f8502053fa7f370dc03c0b20216af84e083ec4f664,"{""d"":5.0,""p"":0.001,""r"":5.0}","{""obs_mistake_mask=E"":8}"
      2048,         1,         0,   0.177,correlated_pymatching,6b6bb4514f276642b7df7ca2e983dd4b9ddfd909fe7add7202b9f6e1afa45f74,"{""d"":5.0,""p"":0.00046415888336127773,""r"":5.0}","{""obs_mistake_mask=E"":1}"
      7168,        13,         0,   0.797,correlated_pymatching,46a4ae31e021033e623c40f8502053fa7f370dc03c0b20216af84e083ec4f664,"{""d"":5.0,""p"":0.001,""r"":5.0}","{""obs_mistake_mask=E"":13}"
      1024,         4,         0,   0.110,correlated_pymatching,46a4ae31e021033e623c40f8502053fa7f370dc03c0b20216af84e083ec4f664,"{""d"":5.0,""p"":0.001,""r"":5.0}","{""obs_mistake_mask=E"":4}"
      2048,         0,         0,   0.222,correlated_pymatching,e11d85a23de5eeb551ef6741a0f0439ab3117190165e3520581ee138633e39c0,"{""d"":5.0,""p"":0.00021544346900318845,""r"":5.0}",
     24576,         5,         0,    2.32,correlated_pymatching,6b6bb4514f276642b7df7ca2e983dd4b9ddfd909fe7add7202b9f6e1afa45f74,"{""d"":5.0,""p"":0.00046415888336127773,""r"":5.0}","{""obs_mistake_mask=E"":5}"
      2048,         1,         0,   0.642,correlated_pymatching,760671fe0c95fded9da57d0cc53c6ee70c714e8a2ad47f1b38f6fdd7550fa000,"{""d"":7.0,""p"":0.001,""r"":7.0}","{""obs_mistake_mask=E"":1}"
     14336,         0,         0,    2.24,correlated_pymatching,e11d85a23de5eeb551ef6741a0f0439ab3117190165e3520581ee138633e39c0,"{""d"":5.0,""p"":0.00021544346900318845,""r"":5.0}",
        16,         0,         0,   0.257,correlated_pymatching,f3aeef2556c82844f7e09dca2f007455d33bb5a1704a53de87599ee998bf8408,"{""d"":7.0,""p"":0.0001,""r"":7.0}",
      5120,         2,         0,    1.57,correlated_pymatching,760671fe0c95fded9da57d0cc53c6ee70c714e8a2ad47f1b38f6fdd7550fa000,"{""d"":7.0,""p"":0.001,""r"":7.0}","{""obs_mistake_mask=E"":2}"
      2048,         1,         0,   0.263,correlated_pymatching,6b6bb4514f276642b7df7ca2e983dd4b9ddfd909fe7add7202b9f6e1afa45f74,"{""d"":5.0,""p"":0.00046415888336127773,""r"":5.0}","{""obs_mistake_mask=E"":1}"
      7168,         0,         0,    1.67,correlated_pymatching,36d2c32a16ae1484f4ce556f02edcde754aef238fde2adbd58da928d1dea009c,"{""d"":7.0,""p"":0.00021544346900318845,""r"":7.0}",
      1024,         8,         0,   0.685,correlated_pymatching,f6813f7947c76a04961f6e290f1cdc463c85d1f987d2889426ac843305300561,"{""d"":7.0,""p"":0.002154434690031882,""r"":7.0}","{""obs_mistake_mask=E"":8}"
      4096,         0,         0,   0.941,correlated_pymatching,f3aeef2556c82844f7e09dca2f007455d33bb5a1704a53de87599ee998bf8408,"{""d"":7.0,""p"":0.0001,""r"":7.0}",
        32,         0,         0,   0.191,correlated_pymatching,f3aeef2556c82844f7e09dca2f007455d33bb5a1704a53de87599ee998bf8408,"{""d"":7.0,""p"":0.0001,""r"":7.0}",
         1,         0,         0,   0.203,correlated_pymatching,b296b1e82a2e96c853ed55118124f370f20f7552855d6c11bbd2675432a5c92b,"{""d"":7.0,""p"":0.00046415888336127773,""r"":7.0}",
         1,         0,         0,   0.209,correlated_pymatching,36d2c32a16ae1484f4ce556f02edcde754aef238fde2adbd58da928d1dea009c,"{""d"":7.0,""p"":0.00021544346900318845,""r"":7.0}",
         1,         0,         0,   0.207,correlated_pymatching,760671fe0c95fded9da57d0cc53c6ee70c714e8a2ad47f1b38f6fdd7550fa000,"{""d"":7.0,""p"":0.001,""r"":7.0}",
         1,         0,         0,   0.226,correlated_pymatching,f6813f7947c76a04961f6e290f1cdc463c85d1f987d2889426ac843305300561,"{""d"":7.0,""p"":0.002154434690031882,""r"":7.0}",
      3072,         0,         0,   0.747,correlated_pymatching,36d2c32a16ae1484f4ce556f02edcde754aef238fde2adbd58da928d1dea009c,"{""d"":7.0,""p"":0.00021544346900318845,""r"":7.0}",
     10240,         0,         0,    2.23,correlated_pymatching,f3aeef2556c82844f7e09dca2f007455d33bb5a1704a53de87599ee998bf8408,"{""d"":7.0,""p"":0.0001,""r"":7.0}",
      3072,         0,         0,   0.721,correlated_pymatching,b296b1e82a2e96c853ed55118124f370f20f7552855d6c11bbd2675432a5c92b,"{""d"":7.0,""p"":0.00046415888336127773,""r"":7.0}",
      4096,         0,         0,   0.348,correlated_pymatching,e11d85a23de5eeb551ef6741a0f0439ab3117190165e3520581ee138633e39c0,"{""d"":5.0,""p"":0.00021544346900318845,""r"":5.0}",
      3072,         0,         0,   0.292,correlated_pymatching,6b6bb4514f276642b7df7ca2e983dd4b9ddfd909fe7add7202b9f6e1afa45f74,"{""d"":5.0,""p"":0.00046415888336127773,""r"":5.0}",
        64,         0,         0,   0.205,correlated_pymatching,f3aeef2556c82844f7e09dca2f007455d33bb5a1704a53de87599ee998bf8408,"{""d"":7.0,""p"":0.0001,""r"":7.0}",
     10240,         0,         0,   0.870,correlated_pymatching,4552da301c33225537c328b309766b9a9b6f35af4935d2f0ae1b8498bbcb8ce2,"{""d"":5.0,""p"":0.0001,""r"":5.0}",
         2,         0,         0,   0.194,correlated_pymatching,760671fe0c95fded9da57d0cc53c6ee70c714e8a2ad47f1b38f6fdd7550fa000,"{""d"":7.0,""p"":0.001,""r"":7.0}",
         2,         0,         0,   0.215,correlated_pymatching,b296b1e82a2e96c853ed55118124f370f20f7552855d6c11bbd2675432a5c92b,"{""d"":7.0,""p"":0.00046415888336127773,""r"":7.0}",
         2,         0,         0,   0.199,correlated_pymatching,f6813f7947c76a04961f6e290f1cdc463c85d1f987d2889426ac843305300561,"{""d"":7.0,""p"":0.002154434690031882,""r"":7.0}",
         2,         0,         0,   0.221,correlated_pymatching,36d2c32a16ae1484f4ce556f02edcde754aef238fde2adbd58da928d1dea009c,"{""d"":7.0,""p"":0.00021544346900318845,""r"":7.0}",
     10240,         0,         0,    2.37,correlated_pymatching,36d2c32a16ae1484f4ce556f02edcde754aef238fde2adbd58da928d1dea009c,"{""d"":7.0,""p"":0.00021544346900318845,""r"":7.0}",
      7168,         0,         0,    1.76,correlated_pymatching,b296b1e82a2e96c853ed55118124f370f20f7552855d6c11bbd2675432a5c92b,"{""d"":7.0,""p"":0.00046415888336127773,""r"":7.0}",
      8192,         3,         0,    2.40,correlated_pymatching,760671fe0c95fded9da57d0cc53c6ee70c714e8a2ad47f1b38f6fdd7550fa000,"{""d"":7.0,""p"":0.001,""r"":7.0}","{""obs_mistake_mask=E"":3}"
      2048,         1,         0,   0.641,correlated_pymatching,760671fe0c95fded9da57d0cc53c6ee70c714e8a2ad47f1b38f6fdd7550fa000,"{""d"":7.0,""p"":0.001,""r"":7.0}","{""obs_mistake_mask=E"":1}"
       128,         0,         0,   0.216,correlated_pymatching,f3aeef2556c82844f7e09dca2f007455d33bb5a1704a53de87599ee998bf8408,"{""d"":7.0,""p"":0.0001,""r"":7.0}",
         4,         0,         0,   0.214,correlated_pymatching,760671fe0c95fded9da57d0cc53c6ee70c714e8a2ad47f1b38f6fdd7550fa000,"{""d"":7.0,""p"":0.001,""r"":7.0}",
         4,         0,         0,   0.204,correlated_pymatching,b296b1e82a2e96c853ed55118124f370f20f7552855d6c11bbd2675432a5c92b,"{""d"":7.0,""p"":0.00046415888336127773,""r"":7.0}",
         4,         0,         0,   0.196,correlated_pymatching,36d2c32a16ae1484f4ce556f02edcde754aef238fde2adbd58da928d1dea009c,"{""d"":7.0,""p"":0.00021544346900318845,""r"":7.0}",
         4,         0,         0,   0.213,correlated_pymatching,f6813f7947c76a04961f6e290f1cdc463c85d1f987d2889426ac843305300561,"{""d"":7.0,""p"":0.002154434690031882,""r"":7.0}",
      5120,         0,         0,   0.431,correlated_pymatching,e11d85a23de5eeb551ef6741a0f0439ab3117190165e3520581ee138633e39c0,"{""d"":5.0,""p"":0.00021544346900318845,""r"":5.0}",
      1024,        10,         0,   0.651,correlated_pymatching,f6813f7947c76a04961f6e290f1cdc463c85d1f987d2889426ac843305300561,"{""d"":7.0,""p"":0.002154434690031882,""r"":7.0}","{""obs_mistake_mask=E"":10}"
         8,         0,         0,   0.151,correlated_pymatching,36d2c32a16ae1484f4ce556f02edcde754aef238fde2adbd58da928d1dea009c,"{""d"":7.0,""p"":0.00021544346900318845,""r"":7.0}",
      5120,         1,         0,   0.467,correlated_pymatching,6b6bb4514f276642b7df7ca2e983dd4b9ddfd909fe7add7202b9f6e1afa45f74,"{""d"":5.0,""p"":0.00046415888336127773,""r"":5.0}","{""obs_mistake_mask=E"":1}"
       256,         0,         0,   0.204,correlated_pymatching,f3aeef2556c82844f7e09dca2f007455d33bb5a1704a53de87599ee998bf8408,"{""d"":7.0,""p"":0.0001,""r"":7.0}",
      2560,        17,         0,    1.67,correlated_pymatching,f6813f7947c76a04961f6e290f1cdc463c85d1f987d2889426ac843305300561,"{""d"":7.0,""p"":0.002154434690031882,""r"":7.0}","{""obs_mistake_mask=E"":17}"
         8,         0,         0,   0.198,correlated_pymatching,b296b1e82a2e96c853ed55118124f370f20f7552855d6c11bbd2675432a5c92b,"{""d"":7.0,""p"":0.00046415888336127773,""r"":7.0}",
         8,         0,         0,   0.205,correlated_pymatching,760671fe0c95fded9da57d0cc53c6ee70c714e8a2ad47f1b38f6fdd7550fa000,"{""d"":7.0,""p"":0.001,""r"":7.0}",
         8,         0,         0,   0.212,correlated_pymatching,f6813f7947c76a04961f6e290f1cdc463c85d1f987d2889426ac843305300561,"{""d"":7.0,""p"":0.002154434690031882,""r"":7.0}",
      3584,        29,         0,    2.23,correlated_pymatching,f6813f7947c76a04961f6e290f1cdc463c85d1f987d2889426ac843305300561,"{""d"":7.0,""p"":0.002154434690031882,""r"":7.0}","{""obs_mistake_mask=E"":29}"
        16,         0,         0,   0.187,correlated_pymatching,36d2c32a16ae1484f4ce556f02edcde754aef238fde2adbd58da928d1dea009c,"{""d"":7.0,""p"":0.00021544346900318845,""r"":7.0}",
     19456,         0,         0,    1.63,correlated_pymatching,4552da301c33225537c328b309766b9a9b6f35af4935d2f0ae1b8498bbcb8ce2,"{""d"":5.0,""p"":0.0001,""r"":5.0}",
        16,         0,         0,   0.195,correlated_pymatching,760671fe0c95fded9da57d0cc53c6ee70c714e8a2ad47f1b38f6fdd7550fa000,"{""d"":7.0,""p"":0.001,""r"":7.0}",
        16,         0,         0,   0.222,correlated_pymatching,b296b1e82a2e96c853ed55118124f370f20f7552855d6c11bbd2675432a5c92b,"{""d"":7.0,""p"":0.00046415888336127773,""r"":7.0}",
        16,         1,         0,   0.208,correlated_pymatching,f6813f7947c76a04961f6e290f1cdc463c85d1f987d2889426ac843305300561,"{""d"":7.0,""p"":0.002154434690031882,""r"":7.0}","{""obs_mistake_mask=E"":1}"
      9216,         0,         0,    2.35,correlated_pymatching,b296b1e82a2e96c853ed55118124f370f20f7552855d6c11bbd2675432a5c92b,"{""d"":7.0,""p"":0.00046415888336127773,""r"":7.0}",
        32,         0,         0,   0.193,correlated_pymatching,36d2c32a16ae1484f4ce556f02edcde754aef238fde2adbd58da928d1dea009c,"{""d"":7.0,""p"":0.00021544346900318845,""r"":7.0}",
      4096,         0,         0,   0.928,correlated_pymatching,36d2c32a16ae1484f4ce556f02edcde754aef238fde2adbd58da928d1dea009c,"{""d"":7.0,""p"":0.00021544346900318845,""r"":7.0}",
     18432,         0,         0,    1.63,correlated_pymatching,e11d85a23de5eeb551ef6741a0f0439ab3117190165e3520581ee138633e39c0,"{""d"":5.0,""p"":0.00021544346900318845,""r"":5.0}",
      1536,         0,         0,   0.406,correlated_pymatching,f3aeef2556c82844f7e09dca2f007455d33bb5a1704a53de87599ee998bf8408,"{""d"":7.0,""p"":0.0001,""r"":7.0}",
        32,         0,         0,   0.203,correlated_pymatching,b296b1e82a2e96c853ed55118124f370f20f7552855d6c11bbd2675432a5c92b,"{""d"":7.0,""p"":0.00046415888336127773,""r"":7.0}",
        32,         0,         0,   0.223,correlated_pymatching,760671fe0c95fded9da57d0cc53c6ee70c714e8a2ad47f1b38f6fdd7550fa000,"{""d"":7.0,""p"":0.001,""r"":7.0}",
     16384,         5,         0,    1.59,correlated_pymatching,6b6bb4514f276642b7df7ca2e983dd4b9ddfd909fe7add7202b9f6e1afa45f74,"{""d"":5.0,""p"":0.00046415888336127773,""r"":5.0}","{""obs_mistake_mask=E"":5}"
        32,         1,         0,   0.216,correlated_pymatching,f6813f7947c76a04961f6e290f1cdc463c85d1f987d2889426ac843305300561,"{""d"":7.0,""p"":0.002154434690031882,""r"":7.0}","{""obs_mistake_mask=E"":1}"
      4096,         0,         0,    1.02,correlated_pymatching,b296b1e82a2e96c853ed55118124f370f20f7552855d6c11bbd2675432a5c92b,"{""d"":7.0,""p"":0.00046415888336127773,""r"":7.0}",
      7168,         0,         0,   0.601,correlated_pymatching,e11d85a23de5eeb551ef6741a0f0439ab3117190165e3520581ee138633e39c0,"{""d"":5.0,""p"":0.00021544346900318845,""r"":5.0}",
        64,         0,         0,   0.223,correlated_pymatching,36d2c32a16ae1484f4ce556f02edcde754aef238fde2adbd58da928d1dea009c,"{""d"":7.0,""p"":0.00021544346900318845,""r"":7.0}",
      6144,         0,         0,    1.33,correlated_pymatching,f3aeef2556c82844f7e09dca2f007455d33bb5a1704a53de87599ee998bf8408,"{""d"":7.0,""p"":0.0001,""r"":7.0}",
        64,         0,         0,   0.203,correlated_pymatching,760671fe0c95fded9da57d0cc53c6ee70c714e8a2ad47f1b38f6fdd7550fa000,"{""d"":7.0,""p"":0.001,""r"":7.0}",
      7168,         3,         0,   0.660,correlated_pymatching,6b6bb4514f276642b7df7ca2e983dd4b9ddfd909fe7add7202b9f6e1afa45f74,"{""d"":5.0,""p"":0.00046415888336127773,""r"":5.0}","{""obs_mistake_mask=E"":3}"
        64,         0,         0,   0.217,correlated_pymatching,b296b1e82a2e96c853ed55118124f370f20f7552855d6c11bbd2675432a5c92b,"{""d"":7.0,""p"":0.00046415888336127773,""r"":7.0}",
        64,         0,         0,   0.207,correlated_pymatching,f6813f7947c76a04961f6e290f1cdc463c85d1f987d2889426ac843305300561,"{""d"":7.0,""p"":0.002154434690031882,""r"":7.0}",
      3072,         1,         0,   0.940,correlated_pymatching,760671fe0c95fded9da57d0cc53c6ee70c714e8a2ad47f1b38f6fdd7550fa000,"{""d"":7.0,""p"":0.001,""r"":7.0}","{""obs_mistake_mask=E"":1}"
     14336,         0,         0,    1.14,correlated_pymatching,4552da301c33225537c328b309766b9a9b6f35af4935d2f0ae1b8498bbcb8ce2,"{""d"":5.0,""p"":0.0001,""r"":5.0}",
       128,         0,         0,   0.199,correlated_pymatching,36d2c32a16ae1484f4ce556f02edcde754aef238fde2adbd58da928d1dea009c,"{""d"":7.0,""p"":0.00021544346900318845,""r"":7.0}",
       128,         0,         0,   0.192,correlated_pymatching,760671fe0c95fded9da57d0cc53c6ee70c714e8a2ad47f1b38f6fdd7550fa000,"{""d"":7.0,""p"":0.001,""r"":7.0}",
      2048,         0,         0,   0.453,correlated_pymatching,f3aeef2556c82844f7e09dca2f007455d33bb5a1704a53de87599ee998bf8408,"{""d"":7.0,""p"":0.0001,""r"":7.0}",
       128,         0,         0,   0.210,correlated_pymatching,b296b1e82a2e96c853ed55118124f370f20f7552855d6c11bbd2675432a5c92b,"{""d"":7.0,""p"":0.00046415888336127773,""r"":7.0}",
       128,         0,         0,   0.240,correlated_pymatching,f6813f7947c76a04961f6e290f1cdc463c85d1f987d2889426ac843305300561,"{""d"":7.0,""p"":0.002154434690031882,""r"":7.0}",
      1536,         5,         0,   0.999,correlated_pymatching,f6813f7947c76a04961f6e290f1cdc463c85d1f987d2889426ac843305300561,"{""d"":7.0,""p"":0.002154434690031882,""r"":7.0}","{""obs_mistake_mask=E"":5}"
       256,         0,         0,   0.196,correlated_pymatching,36d2c32a16ae1484f4ce556f02edcde754aef238fde2adbd58da928d1dea009c,"{""d"":7.0,""p"":0.00021544346900318845,""r"":7.0}",
     36864,         0,         0,    3.06,correlated_pymatching,4552da301c33225537c328b309766b9a9b6f35af4935d2f0ae1b8498bbcb8ce2,"{""d"":5.0,""p"":0.0001,""r"":5.0}",
       256,         0,         0,   0.203,correlated_pymatching,b296b1e82a2e96c853ed55118124f370f20f7552855d6c11bbd2675432a5c92b,"{""d"":7.0,""p"":0.00046415888336127773,""r"":7.0}",
       256,         0,         0,   0.248,correlated_pymatching,760671fe0c95fded9da57d0cc53c6ee70c714e8a2ad47f1b38f6fdd7550fa000,"{""d"":7.0,""p"":0.001,""r"":7.0}",
     10240,         0,         0,    2.31,correlated_pymatching,f3aeef2556c82844f7e09dca2f007455d33bb5a1704a53de87599ee998bf8408,"{""d"":7.0,""p"":0.0001,""r"":7.0}",
     34816,         1,         0,    3.07,correlated_pymatching,e11d85a23de5eeb551ef6741a0f0439ab3117190165e3520581ee138633e39c0,"{""d"":5.0,""p"":0.00021544346900318845,""r"":5.0}","{""obs_mistake_mask=E"":1}"
     32768,         4,         0,    3.10,correlated_pymatching,6b6bb4514f276642b7df7ca2e983dd4b9ddfd909fe7add7202b9f6e1afa45f74,"{""d"":5.0,""p"":0.00046415888336127773,""r"":5.0}","{""obs_mistake_mask=E"":4}"
       256,         4,         0,   0.284,correlated_pymatching,f6813f7947c76a04961f6e290f1cdc463c85d1f987d2889426ac843305300561,"{""d"":7.0,""p"":0.002154434690031882,""r"":7.0}","{""obs_mistake_mask=E"":4}"
       512,         0,         0,   0.226,correlated_pymatching,36d2c32a16ae1484f4ce556f02edcde754aef238fde2adbd58da928d1dea009c,"{""d"":7.0,""p"":0.00021544346900318845,""r"":7.0}",
      2048,         0,         0,   0.448,correlated_pymatching,f3aeef2556c82844f7e09dca2f007455d33bb5a1704a53de87599ee998bf8408,"{""d"":7.0,""p"":0.0001,""r"":7.0}",
       512,         0,         0,   0.246,correlated_pymatching,b296b1e82a2e96c853ed55118124f370f20f7552855d6c11bbd2675432a5c92b,"{""d"":7.0,""p"":0.00046415888336127773,""r"":7.0}",
       512,         0,         0,   0.261,correlated_pymatching,760671fe0c95fded9da57d0cc53c6ee70c714e8a2ad47f1b38f6fdd7550fa000,"{""d"":7.0,""p"":0.001,""r"":7.0}",
     10240,         0,         0,   0.845,correlated_pymatching,e11d85a23de5eeb551ef6741a0f0439ab3117190165e3520581ee138633e39c0,"{""d"":5.0,""p"":0.00021544346900318845,""r"":5.0}",
      7168,         1,         0,    2.20,correlated_pymatching,760671fe0c95fded9da57d0cc53c6ee70c714e8a2ad47f1b38f6fdd7550fa000,"{""d"":7.0,""p"":0.001,""r"":7.0}","{""obs_mistake_mask=E"":1}"
      9216,         2,         0,   0.861,correlated_pymatching,6b6bb4514f276642b7df7ca2e983dd4b9ddfd909fe7add7202b9f6e1afa45f74,"{""d"":5.0,""p"":0.00046415888336127773,""r"":5.0}","{""obs_mistake_mask=E"":2}"
      5120,         0,         0,    1.17,correlated_pymatching,36d2c32a16ae1484f4ce556f02edcde754aef238fde2adbd58da928d1dea009c,"{""d"":7.0,""p"":0.00021544346900318845,""r"":7.0}",
       512,         8,         0,   0.336,correlated_pymatching,f6813f7947c76a04961f6e290f1cdc463c85d1f987d2889426ac843305300561,"{""d"":7.0,""p"":0.002154434690031882,""r"":7.0}","{""obs_mistake_mask=E"":8}"
     36864,         0,         0,    3.08,correlated_pymatching,4552da301c33225537c328b309766b9a9b6f35af4935d2f0ae1b8498bbcb8ce2,"{""d"":5.0,""p"":0.0001,""r"":5.0}",
     10240,         0,         0,    2.41,correlated_pymatching,36d2c32a16ae1484f4ce556f02edcde754aef238fde2adbd58da928d1dea009c,"{""d"":7.0,""p"":0.00021544346900318845,""r"":7.0}",
      1024,         0,         0,   0.319,correlated_pymatching,760671fe0c95fded9da57d0cc53c6ee70c714e8a2ad47f1b38f6fdd7550fa000,"{""d"":7.0,""p"":0.001,""r"":7.0}",
      2048,         0,         0,   0.498,correlated_pymatching,36d2c32a16ae1484f4ce556f02edcde754aef238fde2adbd58da928d1dea009c,"{""d"":7.0,""p"":0.00021544346900318845,""r"":7.0}",
      5120,         0,         0,    1.26,correlated_pymatching,b296b1e82a2e96c853ed55118124f370f20f7552855d6c11bbd2675432a5c92b,"{""d"":7.0,""p"":0.00046415888336127773,""r"":7.0}",
      2048,         0,         0,   0.530,correlated_pymatching,b296b1e82a2e96c853ed55118124f370f20f7552855d6c11bbd2675432a5c92b,"{""d"":7.0,""p"":0.00046415888336127773,""r"":7.0}",
       512,         3,         0,   0.335,correlated_pymatching,f6813f7947c76a04961f6e290f1cdc463c85d1f987d2889426ac843305300561,"{""d"":7.0,""p"":0.002154434690031882,""r"":7.0}","{""obs_mistake_mask=E"":3}"
      3072,         0,         0,   0.666,correlated_pymatching,f3aeef2556c82844f7e09dca2f007455d33bb5a1704a53de87599ee998bf8408,"{""d"":7.0,""p"":0.0001,""r"":7.0}",
      4096,         1,         0,    1.27,correlated_pymatching,760671fe0c95fded9da57d0cc53c6ee70c714e8a2ad47f1b38f6fdd7550fa000,"{""d"":7.0,""p"":0.001,""r"":7.0}","{""obs_mistake_mask=E"":1}"
      9216,         0,         0,    2.35,correlated_pymatching,b296b1e82a2e96c853ed55118124f370f20f7552855d6c11bbd2675432a5c92b,"{""d"":7.0,""p"":0.00046415888336127773,""r"":7.0}",
      2048,         0,         0,   0.474,correlated_pymatching,36d2c32a16ae1484f4ce556f02edcde754aef238fde2adbd58da928d1dea009c,"{""d"":7.0,""p"":0.00021544346900318845,""r"":7.0}",
     33792,         5,         0,    3.10,correlated_pymatching,6b6bb4514f276642b7df7ca2e983dd4b9ddfd909fe7add7202b9f6e1afa45f74,"{""d"":5.0,""p"":0.00046415888336127773,""r"":5.0}","{""obs_mistake_mask=E"":5}"
      2048,        24,         0,    1.32,correlated_pymatching,f6813f7947c76a04961f6e290f1cdc463c85d1f987d2889426ac843305300561,"{""d"":7.0,""p"":0.002154434690031882,""r"":7.0}","{""obs_mistake_mask=E"":24}"
     20480,         0,         0,    3.10,correlated_pymatching,e11d85a23de5eeb551ef6741a0f0439ab3117190165e3520581ee138633e39c0,"{""d"":5.0,""p"":0.00021544346900318845,""r"":5.0}",
      2048,         0,         0,   0.624,correlated_pymatching,760671fe0c95fded9da57d0cc53c6ee70c714e8a2ad47f1b38f6fdd7550fa000,"{""d"":7.0,""p"":0.001,""r"":7.0}",
     19456,         0,         0,    1.60,correlated_pymatching,4552da301c33225537c328b309766b9a9b6f35af4935d2f0ae1b8498bbcb8ce2,"{""d"":5.0,""p"":0.0001,""r"":5.0}",
      3584,        33,         0,    2.34,correlated_pymatching,f6813f7947c76a04961f6e290f1cdc463c85d1f987d2889426ac843305300561,"{""d"":7.0,""p"":0.002154434690031882,""r"":7.0}","{""obs_mistake_mask=E"":33}"
     26624,         0,         0,    2.18,correlated_pymatching,4552da301c33225537c328b309766b9a9b6f35af4935d2f0ae1b8498bbcb8ce2,"{""d"":5.0,""p"":0.0001,""r"":5.0}",
      2048,         0,         0,   0.525,correlated_pymatching,b296b1e82a2e96c853ed55118124f370f20f7552855d6c11bbd2675432a5c92b,"{""d"":7.0,""p"":0.00046415888336127773,""r"":7.0}",
      8192,         0,         0,    1.78,correlated_pymatching,f3aeef2556c82844f7e09dca2f007455d33bb5a1704a53de87599ee998bf8408,"{""d"":7.0,""p"":0.0001,""r"":7.0}",
      1024,         3,         0,   0.663,correlated_pymatching,f6813f7947c76a04961f6e290f1cdc463c85d1f987d2889426ac843305300561,"{""d"":7.0,""p"":0.002154434690031882,""r"":7.0}","{""obs_mistake_mask=E"":3}"
     14336,         0,         0,    3.09,correlated_pymatching,f3aeef2556c82844f7e09dca2f007455d33bb5a1704a53de87599ee998bf8408,"{""d"":7.0,""p"":0.0001,""r"":7.0}",
     14336,         0,         0,    1.20,correlated_pymatching,e11d85a23de5eeb551ef6741a0f0439ab3117190165e3520581ee138633e39c0,"{""d"":5.0,""p"":0.00021544346900318845,""r"":5.0}",
     26624,         3,         0,    2.22,correlated_pymatching,e11d85a23de5eeb551ef6741a0f0439ab3117190165e3520581ee138633e39c0,"{""d"":5.0,""p"":0.00021544346900318845,""r"":5.0}","{""obs_mistake_mask=E"":3}"
     12288,         4,         0,    1.15,correlated_pymatching,6b6bb4514f276642b7df7ca2e983dd4b9ddfd909fe7add7202b9f6e1afa45f74,"{""d"":5.0,""p"":0.00046415888336127773,""r"":5.0}","{""obs_mistake_mask=E"":4}"
     23552,         3,         0,    2.21,correlated_pymatching,6b6bb4514f276642b7df7ca2e983dd4b9ddfd909fe7add7202b9f6e1afa45f74,"{""d"":5.0,""p"":0.00046415888336127773,""r"":5.0}","{""obs_mistake_mask=E"":3}"
      4096,         0,         0,   0.879,correlated_pymatching,f3aeef2556c82844f7e09dca2f007455d33bb5a1704a53de87599ee998bf8408,"{""d"":7.0,""p"":0.0001,""r"":7.0}",
     10240,         3,         0,    3.11,correlated_pymatching,760671fe0c95fded9da57d0cc53c6ee70c714e8a2ad47f1b38f6fdd7550fa000,"{""d"":7.0,""p"":0.001,""r"":7.0}","{""obs_mistake_mask=E"":3}"
     14336,         0,         0,    3.24,correlated_pymatching,36d2c32a16ae1484f4ce556f02edcde754aef238fde2adbd58da928d1dea009c,"{""d"":7.0,""p"":0.00021544346900318845,""r"":7.0}",
      3072,         0,         0,   0.718,correlated_pymatching,36d2c32a16ae1484f4ce556f02edcde754aef238fde2adbd58da928d1dea009c,"{""d"":7.0,""p"":0.00021544346900318845,""r"":7.0}",
      2048,         1,         0,   0.624,correlated_pymatching,760671fe0c95fded9da57d0cc53c6ee70c714e8a2ad47f1b38f6fdd7550fa000,"{""d"":7.0,""p"":0.001,""r"":7.0}","{""obs_mistake_mask=E"":1}"
      3072,         0,         0,   0.788,correlated_pymatching,b296b1e82a2e96c853ed55118124f370f20f7552855d6c11bbd2675432a5c92b,"{""d"":7.0,""p"":0.00046415888336127773,""r"":7.0}",
      7168,         0,         0,    1.64,correlated_pymatching,36d2c32a16ae1484f4ce556f02edcde754aef238fde2adbd58da928d1dea009c,"{""d"":7.0,""p"":0.00021544346900318845,""r"":7.0}",
      1024,         9,         0,   0.665,correlated_pymatching,f6813f7947c76a04961f6e290f1cdc463c85d1f987d2889426ac843305300561,"{""d"":7.0,""p"":0.002154434690031882,""r"":7.0}","{""obs_mistake_mask=E"":9}"
      7168,        60,         0,    3.17,correlated_pymatching,f6813f7947c76a04961f6e290f1cdc463c85d1f987d2889426ac843305300561,"{""d"":7.0,""p"":0.002154434690031882,""r"":7.0}","{""obs_mistake_mask=E"":60}"
      7168,         0,         0,    1.78,correlated_pymatching,b296b1e82a2e96c853ed55118124f370f20f7552855d6c11bbd2675432a5c92b,"{""d"":7.0,""p"":0.00046415888336127773,""r"":7.0}",
     13312,         0,         0,    3.29,correlated_pymatching,b296b1e82a2e96c853ed55118124f370f20f7552855d6c11bbd2675432a5c92b,"{""d"":7.0,""p"":0.00046415888336127773,""r"":7.0}",
      5120,         1,         0,    1.59,correlated_pymatching,760671fe0c95fded9da57d0cc53c6ee70c714e8a2ad47f1b38f6fdd7550fa000,"{""d"":7.0,""p"":0.001,""r"":7.0}","{""obs_mistake_mask=E"":1}"
      3072,         0,         0,   0.937,correlated_pymatching,760671fe0c95fded9da57d0cc53c6ee70c714e8a2ad47f1b38f6fdd7550fa000,"{""d"":7.0,""p"":0.001,""r"":7.0}",
      2560,        19,         0,    1.62,correlated_pymatching,f6813f7947c76a04961f6e290f1cdc463c85d1f987d2889426ac843305300561,"{""d"":7.0,""p"":0.002154434690031882,""r"":7.0}","{""obs_mistake_mask=E"":19}"
      3072,         0,         0,    1.00,correlated_pymatching,36d2c32a16ae1484f4ce556f02edcde754aef238fde2adbd58da928d1dea009c,"{""d"":7.0,""p"":0.00021544346900318845,""r"":7.0}",
      6144,         0,         0,    1.30,correlated_pymatching,f3aeef2556c82844f7e09dca2f007455d33bb5a1704a53de87599ee998bf8408,"{""d"":7.0,""p"":0.0001,""r"":7.0}",
     18432,         1,         0,    1.60,correlated_pymatching,e11d85a23de5eeb551ef6741a0f0439ab3117190165e3520581ee138633e39c0,"{""d"":5.0,""p"":0.00021544346900318845,""r"":5.0}","{""obs_mistake_mask=E"":1}"
      4096,         0,         0,    1.05,correlated_pymatching,b296b1e82a2e96c853ed55118124f370f20f7552855d6c11bbd2675432a5c92b,"{""d"":7.0,""p"":0.00046415888336127773,""r"":7.0}",
      1536,         9,         0,    1.02,correlated_pymatching,f6813f7947c76a04961f6e290f1cdc463c85d1f987d2889426ac843305300561,"{""d"":7.0,""p"":0.002154434690031882,""r"":7.0}","{""obs_mistake_mask=E"":9}"
     17408,         4,         0,    1.62,correlated_pymatching,6b6bb4514f276642b7df7ca2e983dd4b9ddfd909fe7add7202b9f6e1afa45f74,"{""d"":5.0,""p"":0.00046415888336127773,""r"":5.0}","{""obs_mistake_mask=E"":4}"
     14336,         0,         0,    3.21,correlated_pymatching,f3aeef2556c82844f7e09dca2f007455d33bb5a1704a53de87599ee998bf8408,"{""d"":7.0,""p"":0.0001,""r"":7.0}",
     26624,         0,         0,    2.18,correlated_pymatching,4552da301c33225537c328b309766b9a9b6f35af4935d2f0ae1b8498bbcb8ce2,"{""d"":5.0,""p"":0.0001,""r"":5.0}",
     10240,         6,         0,    3.15,correlated_pymatching,760671fe0c95fded9da57d0cc53c6ee70c714e8a2ad47f1b38f6fdd7550fa000,"{""d"":7.0,""p"":0.001,""r"":7.0}","{""obs_mistake_mask=E"":6}"
     10240,         0,         0,    2.22,correlated_pymatching,f3aeef2556c82844f7e09dca2f007455d33bb5a1704a53de87599ee998bf8408,"{""d"":7.0,""p"":0.0001,""r"":7.0}",
     13312,         0,         0,    3.15,correlated_pymatching,36d2c32a16ae1484f4ce556f02edcde754aef238fde2adbd58da928d1dea009c,"{""d"":7.0,""p"":0.00021544346900318845,""r"":7.0}",
      4096,         2,         0,    1.27,correlated_pymatching,760671fe0c95fded9da57d0cc53c6ee70c714e8a2ad47f1b38f6fdd7550fa000,"{""d"":7.0,""p"":0.001,""r"":7.0}","{""obs_mistake_mask=E"":2}"
      3072,         0,         0,    1.24,correlated_pymatching,36d2c32a16ae1484f4ce556f02edcde754aef238fde2adbd58da928d1dea009c,"{""d"":7.0,""p"":0.00021544346900318845,""r"":7.0}",
     12288,         0,         0,    3.14,correlated_pymatching,b296b1e82a2e96c853ed55118124f370f20f7552855d6c11bbd2675432a5c92b,"{""d"":7.0,""p"":0.00046415888336127773,""r"":7.0}",
     52224,         0,         0,    4.29,correlated_pymatching,4552da301c33225537c328b309766b9a9b6f35af4935d2f0ae1b8498bbcb8ce2,"{""d"":5.0,""p"":0.0001,""r"":5.0}",
     50176,         0,         0,    4.28,correlated_pymatching,e11d85a23de5eeb551ef6741a0f0439ab3117190165e3520581ee138633e39c0,"{""d"":5.0,""p"":0.00021544346900318845,""r"":5.0}",
     10240,         0,         0,    2.30,correlated_pymatching,36d2c32a16ae1484f4ce556f02edcde754aef238fde2adbd58da928d1dea009c,"{""d"":7.0,""p"":0.00021544346900318845,""r"":7.0}",
     46080,        12,         0,    4.30,correlated_pymatching,6b6bb4514f276642b7df7ca2e983dd4b9ddfd909fe7add7202b9f6e1afa45f74,"{""d"":5.0,""p"":0.00046415888336127773,""r"":5.0}","{""obs_mistake_mask=E"":12}"
     37888,         0,         0,    3.13,correlated_pymatching,4552da301c33225537c328b309766b9a9b6f35af4935d2f0ae1b8498bbcb8ce2,"{""d"":5.0,""p"":0.0001,""r"":5.0}",
      5120,         0,         0,    1.31,correlated_pymatching,b296b1e82a2e96c853ed55118124f370f20f7552855d6c11bbd2675432a5c92b,"{""d"":7.0,""p"":0.00046415888336127773,""r"":7.0}",
      2048,        12,         0,    1.34,correlated_pymatching,f6813f7947c76a04961f6e290f1cdc463c85d1f987d2889426ac843305300561,"{""d"":7.0,""p"":0.002154434690031882,""r"":7.0}","{""obs_mistake_mask=E"":12}"
      5120,        30,         0,    3.33,correlated_pymatching,f6813f7947c76a04961f6e290f1cdc463c85d1f987d2889426ac843305300561,"{""d"":7.0,""p"":0.002154434690031882,""r"":7.0}","{""obs_mistake_mask=E"":30}"
     35840,         0,         0,    3.10,correlated_pymatching,e11d85a23de5eeb551ef6741a0f0439ab3117190165e3520581ee138633e39c0,"{""d"":5.0,""p"":0.00021544346900318845,""r"":5.0}",
      7168,         0,         0,    1.55,correlated_pymatching,f3aeef2556c82844f7e09dca2f007455d33bb5a1704a53de87599ee998bf8408,"{""d"":7.0,""p"":0.0001,""r"":7.0}",
     33792,        10,         0,    3.10,correlated_pymatching,6b6bb4514f276642b7df7ca2e983dd4b9ddfd909fe7add7202b9f6e1afa45f74,"{""d"":5.0,""p"":0.00046415888336127773,""r"":5.0}","{""obs_mistake_mask=E"":10}"
      7168,         1,         0,    2.20,correlated_pymatching,760671fe0c95fded9da57d0cc53c6ee70c714e8a2ad47f1b38f6fdd7550fa000,"{""d"":7.0,""p"":0.001,""r"":7.0}","{""obs_mistake_mask=E"":1}"
      9216,         0,         0,    2.27,correlated_pymatching,b296b1e82a2e96c853ed55118124f370f20f7552855d6c11bbd2675432a5c92b,"{""d"":7.0,""p"":0.00046415888336127773,""r"":7.0}",
      3072,        20,         0,    1.97,correlated_pymatching,f6813f7947c76a04961f6e290f1cdc463c85d1f987d2889426ac843305300561,"{""d"":7.0,""p"":0.002154434690031882,""r"":7.0}","{""obs_mistake_mask=E"":20}"
       512,         1,         0,   0.336,correlated_pymatching,f6813f7947c76a04961f6e290f1cdc463c85d1f987d2889426ac843305300561,"{""d"":7.0,""p"":0.002154434690031882,""r"":7.0}","{""obs_mistake_mask=E"":1}"
     52224,         0,         0,    4.27,correlated_pymatching,4552da301c33225537c328b309766b9a9b6f35af4935d2f0ae1b8498bbcb8ce2,"{""d"":5.0,""p"":0.0001,""r"":5.0}",
      6144,        41,         0,    2.74,correlated_pymatching,f6813f7947c76a04961f6e290f1cdc463c85d1f987d2889426ac843305300561,"{""d"":7.0,""p"":0.002154434690031882,""r"":7.0}","{""obs_mistake_mask=E"":41}"
       512,         3,         0,   0.330,correlated_pymatching,f6813f7947c76a04961f6e290f1cdc463c85d1f987d2889426ac843305300561,"{""d"":7.0,""p"":0.002154434690031882,""r"":7.0}","{""obs_mistake_mask=E"":3}"
         1,         0,         0,   0.080,correlated_pymatching,e11d85a23de5eeb551ef6741a0f0439ab3117190165e3520581ee138633e39c0,"{""d"":5.0,""p"":0.00021544346900318845,""r"":5.0}",
         1,         0,         0,   0.090,correlated_pymatching,4552da301c33225537c328b309766b9a9b6f35af4935d2f0ae1b8498bbcb8ce2,"{""d"":5.0,""p"":0.0001,""r"":5.0}",
         1,         0,         0,   0.087,correlated_pymatching,6b6bb4514f276642b7df7ca2e983dd4b9ddfd909fe7add7202b9f6e1afa45f74,"{""d"":5.0,""p"":0.00046415888336127773,""r"":5.0}",
         4,         0,         0,   0.081,correlated_pymatching,e11d85a23de5eeb551ef6741a0f0439ab3117190165e3520581ee138633e39c0,"{""d"":5.0,""p"":0.00021544346900318845,""r"":5.0}",
         4,         0,         0,   0.077,correlated_pymatching,4552da301c33225537c328b309766b9a9b6f35af4935d2f0ae1b8498bbcb8ce2,"{""d"":5.0,""p"":0.0001,""r"":5.0}",
         4,         0,         0,   0.071,correlated_pymatching,6b6bb4514f276642b7df7ca2e983dd4b9ddfd909fe7add7202b9f6e1afa45f74,"{""d"":5.0,""p"":0.00046415888336127773,""r"":5.0}",
        16,         0,         0,   0.062,correlated_pymatching,e11d85a23de5eeb551ef6741a0f0439ab3117190165e3520581ee138633e39c0,"{""d"":5.0,""p"":0.00021544346900318845,""r"":5.0}",
        16,         0,         0,   0.076,correlated_pymatching,4552da301c33225537c328b309766b9a9b6f35af4935d2f0ae1b8498bbcb8ce2,"{""d"":5.0,""p"":0.0001,""r"":5.0}",
        32,         0,         0,   0.082,correlated_pymatching,6b6bb4514f276642b7df7ca2e983dd4b9ddfd909fe7add7202b9f6e1afa45f74,"{""d"":5.0,""p"":0.00046415888336127773,""r"":5.0}",
     26624,         1,         0,    2.25,correlated_pymatching,e11d85a23de5eeb551ef6741a0f0439ab3117190165e3520581ee138633e39c0,"{""d"":5.0,""p"":0.00021544346900318845,""r"":5.0}","{""obs_mistake_mask=E"":1}"
       128,         0,         0,   0.092,correlated_pymatching,e11d85a23de5eeb551ef6741a0f0439ab3117190165e3520581ee138633e39c0,"{""d"":5.0,""p"":0.00021544346900318845,""r"":5.0}",
        64,         0,         0,   0.082,correlated_pymatching,4552da301c33225537c328b309766b9a9b6f35af4935d2f0ae1b8498bbcb8ce2,"{""d"":5.0,""p"":0.0001,""r"":5.0}",
       128,         0,         0,   0.074,correlated_pymatching,6b6bb4514f276642b7df7ca2e983dd4b9ddfd909fe7add7202b9f6e1afa45f74,"{""d"":5.0,""p"":0.00046415888336127773,""r"":5.0}",
         1,         0,         0,   0.207,correlated_pymatching,f3aeef2556c82844f7e09dca2f007455d33bb5a1704a53de87599ee998bf8408,"{""d"":7.0,""p"":0.0001,""r"":7.0}",
     23552,         7,         0,    2.22,correlated_pymatching,6b6bb4514f276642b7df7ca2e983dd4b9ddfd909fe7add7202b9f6e1afa45f74,"{""d"":5.0,""p"":0.00046415888336127773,""r"":5.0}","{""obs_mistake_mask=E"":7}"
       512,         0,         0,   0.077,correlated_pymatching,e11d85a23de5eeb551ef6741a0f0439ab3117190165e3520581ee138633e39c0,"{""d"":5.0,""p"":0.00021544346900318845,""r"":5.0}",
       256,         0,         0,   0.072,correlated_pymatching,4552da301c33225537c328b309766b9a9b6f35af4935d2f0ae1b8498bbcb8ce2,"{""d"":5.0,""p"":0.0001,""r"":5.0}",
      1024,         1,         0,   0.096,correlated_pymatching,6b6bb4514f276642b7df7ca2e983dd4b9ddfd909fe7add7202b9f6e1afa45f74,"{""d"":5.0,""p"":0.00046415888336127773,""r"":5.0}","{""obs_mistake_mask=E"":1}"
     46080,         3,         0,    4.31,correlated_pymatching,e11d85a23de5eeb551ef6741a0f0439ab3117190165e3520581ee138633e39c0,"{""d"":5.0,""p"":0.00021544346900318845,""r"":5.0}","{""obs_mistake_mask=E"":3}"
     47104,         9,         0,    4.35,correlated_pymatching,6b6bb4514f276642b7df7ca2e983dd4b9ddfd909fe7add7202b9f6e1afa45f74,"{""d"":5.0,""p"":0.00046415888336127773,""r"":5.0}","{""obs_mistake_mask=E"":9}"
      1024,         0,         0,   0.075,correlated_pymatching,e11d85a23de5eeb551ef6741a0f0439ab3117190165e3520581ee138633e39c0,"{""d"":5.0,""p"":0.00021544346900318845,""r"":5.0}",
      1024,         0,         0,   0.086,correlated_pymatching,4552da301c33225537c328b309766b9a9b6f35af4935d2f0ae1b8498bbcb8ce2,"{""d"":5.0,""p"":0.0001,""r"":5.0}",
      1024,         1,         0,   0.087,correlated_pymatching,6b6bb4514f276642b7df7ca2e983dd4b9ddfd909fe7add7202b9f6e1afa45f74,"{""d"":5.0,""p"":0.00046415888336127773,""r"":5.0}","{""obs_mistake_mask=E"":1}"
         2,         0,         0,   0.194,correlated_pymatching,f3aeef2556c82844f7e09dca2f007455d33bb5a1704a53de87599ee998bf8408,"{""d"":7.0,""p"":0.0001,""r"":7.0}",
      5120,         2,         0,    1.57,correlated_pymatching,760671fe0c95fded9da57d0cc53c6ee70c714e8a2ad47f1b38f6fdd7550fa000,"{""d"":7.0,""p"":0.001,""r"":7.0}","{""obs_mistake_mask=E"":2}"
      1024,         0,         0,   0.084,correlated_pymatching,4552da301c33225537c328b309766b9a9b6f35af4935d2f0ae1b8498bbcb8ce2,"{""d"":5.0,""p"":0.0001,""r"":5.0}",
      1024,         0,         0,   0.103,correlated_pymatching,e11d85a23de5eeb551ef6741a0f0439ab3117190165e3520581ee138633e39c0,"{""d"":5.0,""p"":0.00021544346900318845,""r"":5.0}",
      1024,         0,         0,   0.101,correlated_pymatching,6b6bb4514f276642b7df7ca2e983dd4b9ddfd909fe7add7202b9f6e1afa45f74,"{""d"":5.0,""p"":0.00046415888336127773,""r"":5.0}",
      4096,         0,         0,    1.68,correlated_pymatching,36d2c32a16ae1484f4ce556f02edcde754aef238fde2adbd58da928d1dea009c,"{""d"":7.0,""p"":0.00021544346900318845,""r"":7.0}",
      2048,         0,         0,   0.160,correlated_pymatching,4552da301c33225537c328b309766b9a9b6f35af4935d2f0ae1b8498bbcb8ce2,"{""d"":5.0,""p"":0.0001,""r"":5.0}",
         4,         0,         0,   0.198,correlated_pymatching,f3aeef2556c82844f7e09dca2f007455d33bb5a1704a53de87599ee998bf8408,"{""d"":7.0,""p"":0.0001,""r"":7.0}",
      2048,         0,         0,   0.180,correlated_pymatching,e11d85a23de5eeb551ef6741a0f0439ab3117190165e3520581ee138633e39c0,"{""d"":5.0,""p"":0.00021544346900318845,""r"":5.0}",
      2048,         0,         0,   0.184,correlated_pymatching,6b6bb4514f276642b7df7ca2e983dd4b9ddfd909fe7add7202b9f6e1afa45f74,"{""d"":5.0,""p"":0.00046415888336127773,""r"":5.0}",
     20480,         0,         0,    4.40,correlated_pymatching,f3aeef2556c82844f7e09dca2f007455d33bb5a1704a53de87599ee998bf8408,"{""d"":7.0,""p"":0.0001,""r"":7.0}",
      2048,         0,         0,   0.176,correlated_pymatching,4552da301c33225537c328b309766b9a9b6f35af4935d2f0ae1b8498bbcb8ce2,"{""d"":5.0,""p"":0.0001,""r"":5.0}",
      2048,         0,         0,   0.177,correlated_pymatching,e11d85a23de5eeb551ef6741a0f0439ab3117190165e3520581ee138633e39c0,"{""d"":5.0,""p"":0.00021544346900318845,""r"":5.0}",
         8,         0,         0,   0.198,correlated_pymatching,f3aeef2556c82844f7e09dca2f007455d33bb5a1704a53de87599ee998bf8408,"{""d"":7.0,""p"":0.0001,""r"":7.0}",
      6144,         0,         0,    1.57,correlated_pymatching,b296b1e82a2e96c853ed55118124f370f20f7552855d6c11bbd2675432a5c92b,"{""d"":7.0,""p"":0.00046415888336127773,""r"":7.0}",
      2048,         0,         0,   0.196,correlated_pymatching,6b6bb4514f276642b7df7ca2e983dd4b9ddfd909fe7add7202b9f6e1afa45f74,"{""d"":5.0,""p"":0.00046415888336127773,""r"":5.0}",
     14336,         4,         0,    4.32,correlated_pymatching,760671fe0c95fded9da57d0cc53c6ee70c714e8a2ad47f1b38f6fdd7550fa000,"{""d"":7.0,""p"":0.001,""r"":7.0}","{""obs_mistake_mask=E"":4}"
        16,         0,         0,   0.198,correlated_pymatching,f3aeef2556c82844f7e09dca2f007455d33bb5a1704a53de87599ee998bf8408,"{""d"":7.0,""p"":0.0001,""r"":7.0}",
     19456,         0,         0,    4.39,correlated_pymatching,36d2c32a16ae1484f4ce556f02edcde754aef238fde2adbd58da928d1dea009c,"{""d"":7.0,""p"":0.00021544346900318845,""r"":7.0}",
      3072,         0,         0,   0.252,correlated_pymatching,4552da301c33225537c328b309766b9a9b6f35af4935d2f0ae1b8498bbcb8ce2,"{""d"":5.0,""p"":0.0001,""r"":5.0}",
      3072,         0,         0,   0.276,correlated_pymatching,e11d85a23de5eeb551ef6741a0f0439ab3117190165e3520581ee138633e39c0,"{""d"":5.0,""p"":0.00021544346900318845,""r"":5.0}",
      3072,         0,         0,   0.285,correlated_pymatching,6b6bb4514f276642b7df7ca2e983dd4b9ddfd909fe7add7202b9f6e1afa45f74,"{""d"":5.0,""p"":0.00046415888336127773,""r"":5.0}",
        32,         0,         0,   0.210,correlated_pymatching,f3aeef2556c82844f7e09dca2f007455d33bb5a1704a53de87599ee998bf8408,"{""d"":7.0,""p"":0.0001,""r"":7.0}",
     37888,         0,         0,    3.06,correlated_pymatching,4552da301c33225537c328b309766b9a9b6f35af4935d2f0ae1b8498bbcb8ce2,"{""d"":5.0,""p"":0.0001,""r"":5.0}",
      4096,         0,         0,   0.335,correlated_pymatching,4552da301c33225537c328b309766b9a9b6f35af4935d2f0ae1b8498bbcb8ce2,"{""d"":5.0,""p"":0.0001,""r"":5.0}",
        64,         0,         0,   0.187,correlated_pymatching,f3aeef2556c82844f7e09dca2f007455d33bb5a1704a53de87599ee998bf8408,"{""d"":7.0,""p"":0.0001,""r"":7.0}",
      4096,         0,         0,   0.347,correlated_pymatching,e11d85a23de5eeb551ef6741a0f0439ab3117190165e3520581ee138633e39c0,"{""d"":5.0,""p"":0.00021544346900318845,""r"":5.0}",
     14336,         0,         0,    3.09,correlated_pymatching,f3aeef2556c82844f7e09dca2f007455d33bb5a1704a53de87599ee998bf8408,"{""d"":7.0,""p"":0.0001,""r"":7.0}",
      4096,         2,         0,   0.374,correlated_pymatching,6b6bb4514f276642b7df7ca2e983dd4b9ddfd909fe7add7202b9f6e1afa45f74,"{""d"":5.0,""p"":0.00046415888336127773,""r"":5.0}","{""obs_mistake_mask=E"":2}"
       128,         0,         0,   0.218,correlated_pymatching,f3aeef2556c82844f7e09dca2f007455d33bb5a1704a53de87599ee998bf8408,"{""d"":7.0,""p"":0.0001,""r"":7.0}",
     17408,         0,         0,    4.32,correlated_pymatching,b296b1e82a2e96c853ed55118124f370f20f7552855d6c11bbd2675432a5c92b,"{""d"":7.0,""p"":0.00046415888336127773,""r"":7.0}",
     10240,         0,         0,    2.18,correlated_pymatching,f3aeef2556c82844f7e09dca2f007455d33bb5a1704a53de87599ee998bf8408,"{""d"":7.0,""p"":0.0001,""r"":7.0}",
      5120,         0,         0,   0.419,correlated_pymatching,4552da301c33225537c328b309766b9a9b6f35af4935d2f0ae1b8498bbcb8ce2,"{""d"":5.0,""p"":0.0001,""r"":5.0}",
       256,         0,         0,   0.206,correlated_pymatching,f3aeef2556c82844f7e09dca2f007455d33bb5a1704a53de87599ee998bf8408,"{""d"":7.0,""p"":0.0001,""r"":7.0}",
      5120,         0,         0,   0.434,correlated_pymatching,e11d85a23de5eeb551ef6741a0f0439ab3117190165e3520581ee138633e39c0,"{""d"":5.0,""p"":0.00021544346900318845,""r"":5.0}",
      5120,         2,         0,   0.467,correlated_pymatching,6b6bb4514f276642b7df7ca2e983dd4b9ddfd909fe7add7202b9f6e1afa45f74,"{""d"":5.0,""p"":0.00046415888336127773,""r"":5.0}","{""obs_mistake_mask=E"":2}"
      1536,         0,         0,   0.421,correlated_pymatching,f3aeef2556c82844f7e09dca2f007455d33bb5a1704a53de87599ee998bf8408,"{""d"":7.0,""p"":0.0001,""r"":7.0}",
      7168,         0,         0,   0.587,correlated_pymatching,4552da301c33225537c328b309766b9a9b6f35af4935d2f0ae1b8498bbcb8ce2,"{""d"":5.0,""p"":0.0001,""r"":5.0}",
     19456,         0,         0,    4.31,correlated_pymatching,f3aeef2556c82844f7e09dca2f007455d33bb5a1704a53de87599ee998bf8408,"{""d"":7.0,""p"":0.0001,""r"":7.0}",
     14336,         0,         0,    3.22,correlated_pymatching,36d2c32a16ae1484f4ce556f02edcde754aef238fde2adbd58da928d1dea009c,"{""d"":7.0,""p"":0.00021544346900318845,""r"":7.0}",
      7168,         0,         0,   0.620,correlated_pymatching,e11d85a23de5eeb551ef6741a0f0439ab3117190165e3520581ee138633e39c0,"{""d"":5.0,""p"":0.00021544346900318845,""r"":5.0}",
      6144,         4,         0,   0.569,correlated_pymatching,6b6bb4514f276642b7df7ca2e983dd4b9ddfd909fe7add7202b9f6e1afa45f74,"{""d"":5.0,""p"":0.00046415888336127773,""r"":5.0}","{""obs_mistake_mask=E"":4}"
      7168,         1,         0,    2.17,correlated_pymatching,760671fe0c95fded9da57d0cc53c6ee70c714e8a2ad47f1b38f6fdd7550fa000,"{""d"":7.0,""p"":0.001,""r"":7.0}","{""obs_mistake_mask=E"":1}"
     10240,         6,         0,    3.13,correlated_pymatching,760671fe0c95fded9da57d0cc53c6ee70c714e8a2ad47f1b38f6fdd7550fa000,"{""d"":7.0,""p"":0.001,""r"":7.0}","{""obs_mistake_mask=E"":6}"
     14336,         4,         0,    4.40,correlated_pymatching,760671fe0c95fded9da57d0cc53c6ee70c714e8a2ad47f1b38f6fdd7550fa000,"{""d"":7.0,""p"":0.001,""r"":7.0}","{""obs_mistake_mask=E"":4}"
      2048,         0,         0,   0.442,correlated_pymatching,f3aeef2556c82844f7e09dca2f007455d33bb5a1704a53de87599ee998bf8408,"{""d"":7.0,""p"":0.0001,""r"":7.0}",
     13312,         0,         0,    3.28,correlated_pymatching,b296b1e82a2e96c853ed55118124f370f20f7552855d6c11bbd2675432a5c92b,"{""d"":7.0,""p"":0.00046415888336127773,""r"":7.0}",
     18432,         0,         0,    4.32,correlated_pymatching,36d2c32a16ae1484f4ce556f02edcde754aef238fde2adbd58da928d1dea009c,"{""d"":7.0,""p"":0.00021544346900318845,""r"":7.0}",
      6144,         0,         0,    2.50,correlated_pymatching,36d2c32a16ae1484f4ce556f02edcde754aef238fde2adbd58da928d1dea009c,"{""d"":7.0,""p"":0.00021544346900318845,""r"":7.0}",
      2048,         0,         0,   0.452,correlated_pymatching,f3aeef2556c82844f7e09dca2f007455d33bb5a1704a53de87599ee998bf8408,"{""d"":7.0,""p"":0.0001,""r"":7.0}",
      9216,         1,         0,    2.34,correlated_pymatching,b296b1e82a2e96c853ed55118124f370f20f7552855d6c11bbd2675432a5c92b,"{""d"":7.0,""p"":0.00046415888336127773,""r"":7.0}","{""obs_mistake_mask=E"":1}"
     10240,         0,         0,   0.851,correlated_pymatching,4552da301c33225537c328b309766b9a9b6f35af4935d2f0ae1b8498bbcb8ce2,"{""d"":5.0,""p"":0.0001,""r"":5.0}",
     35840,         1,         0,    3.06,correlated_pymatching,e11d85a23de5eeb551ef6741a0f0439ab3117190165e3520581ee138633e39c0,"{""d"":5.0,""p"":0.00021544346900318845,""r"":5.0}","{""obs_mistake_mask=E"":1}"
      9216,         0,         0,   0.837,correlated_pymatching,e11d85a23de5eeb551ef6741a0f0439ab3117190165e3520581ee138633e39c0,"{""d"":5.0,""p"":0.00021544346900318845,""r"":5.0}",
     33792,        13,         0,    3.14,correlated_pymatching,6b6bb4514f276642b7df7ca2e983dd4b9ddfd909fe7add7202b9f6e1afa45f74,"{""d"":5.0,""p"":0.00046415888336127773,""r"":5.0}","{""obs_mistake_mask=E"":13}"
     17408,         0,         0,    4.45,correlated_pymatching,b296b1e82a2e96c853ed55118124f370f20f7552855d6c11bbd2675432a5c92b,"{""d"":7.0,""p"":0.00046415888336127773,""r"":7.0}",
      9216,         4,         0,   0.849,correlated_pymatching,6b6bb4514f276642b7df7ca2e983dd4b9ddfd909fe7add7202b9f6e1afa45f74,"{""d"":5.0,""p"":0.00046415888336127773,""r"":5.0}","{""obs_mistake_mask=E"":4}"
     52224,         0,         0,    4.26,correlated_pymatching,4552da301c33225537c328b309766b9a9b6f35af4935d2f0ae1b8498bbcb8ce2,"{""d"":5.0,""p"":0.0001,""r"":5.0}",
     50176,         1,         0,    4.29,correlated_pymatching,e11d85a23de5eeb551ef6741a0f0439ab3117190165e3520581ee138633e39c0,"{""d"":5.0,""p"":0.00021544346900318845,""r"":5.0}","{""obs_mistake_mask=E"":1}"
      3072,         0,         0,   0.666,correlated_pymatching,f3aeef2556c82844f7e09dca2f007455d33bb5a1704a53de87599ee998bf8408,"{""d"":7.0,""p"":0.0001,""r"":7.0}",
     47104,        15,         0,    4.33,correlated_pymatching,6b6bb4514f276642b7df7ca2e983dd4b9ddfd909fe7add7202b9f6e1afa45f74,"{""d"":5.0,""p"":0.00046415888336127773,""r"":5.0}","{""obs_mistake_mask=E"":15}"
     14336,         0,         0,    1.19,correlated_pymatching,4552da301c33225537c328b309766b9a9b6f35af4935d2f0ae1b8498bbcb8ce2,"{""d"":5.0,""p"":0.0001,""r"":5.0}",
     13312,         0,         0,    1.16,correlated_pymatching,e11d85a23de5eeb551ef6741a0f0439ab3117190165e3520581ee138633e39c0,"{""d"":5.0,""p"":0.00021544346900318845,""r"":5.0}",
     12288,         3,         0,    1.13,correlated_pymatching,6b6bb4514f276642b7df7ca2e983dd4b9ddfd909fe7add7202b9f6e1afa45f74,"{""d"":5.0,""p"":0.00046415888336127773,""r"":5.0}","{""obs_mistake_mask=E"":3}"
      4096,         0,         0,   0.885,correlated_pymatching,f3aeef2556c82844f7e09dca2f007455d33bb5a1704a53de87599ee998bf8408,"{""d"":7.0,""p"":0.0001,""r"":7.0}",
     14336,         0,         0,    3.11,correlated_pymatching,f3aeef2556c82844f7e09dca2f007455d33bb5a1704a53de87599ee998bf8408,"{""d"":7.0,""p"":0.0001,""r"":7.0}",
     73728,         0,         0,    6.01,correlated_pymatching,4552da301c33225537c328b309766b9a9b6f35af4935d2f0ae1b8498bbcb8ce2,"{""d"":5.0,""p"":0.0001,""r"":5.0}",
     70656,         5,         0,    6.03,correlated_pymatching,e11d85a23de5eeb551ef6741a0f0439ab3117190165e3520581ee138633e39c0,"{""d"":5.0,""p"":0.00021544346900318845,""r"":5.0}","{""obs_mistake_mask=E"":5}"
     64512,        13,         0,    6.00,correlated_pymatching,6b6bb4514f276642b7df7ca2e983dd4b9ddfd909fe7add7202b9f6e1afa45f74,"{""d"":5.0,""p"":0.00046415888336127773,""r"":5.0}","{""obs_mistake_mask=E"":13}"
     72704,         2,         0,    5.97,correlated_pymatching,4552da301c33225537c328b309766b9a9b6f35af4935d2f0ae1b8498bbcb8ce2,"{""d"":5.0,""p"":0.0001,""r"":5.0}","{""obs_mistake_mask=E"":2}"
     53248,         1,         0,    4.32,correlated_pymatching,4552da301c33225537c328b309766b9a9b6f35af4935d2f0ae1b8498bbcb8ce2,"{""d"":5.0,""p"":0.0001,""r"":5.0}","{""obs_mistake_mask=E"":1}"
     10240,         3,         0,    3.20,correlated_pymatching,760671fe0c95fded9da57d0cc53c6ee70c714e8a2ad47f1b38f6fdd7550fa000,"{""d"":7.0,""p"":0.001,""r"":7.0}","{""obs_mistake_mask=E"":3}"
     20480,         0,         0,    4.43,correlated_pymatching,f3aeef2556c82844f7e09dca2f007455d33bb5a1704a53de87599ee998bf8408,"{""d"":7.0,""p"":0.0001,""r"":7.0}",
     19456,         0,         0,    1.60,correlated_pymatching,4552da301c33225537c328b309766b9a9b6f35af4935d2f0ae1b8498bbcb8ce2,"{""d"":5.0,""p"":0.0001,""r"":5.0}",
      6144,         0,         0,    1.31,correlated_pymatching,f3aeef2556c82844f7e09dca2f007455d33bb5a1704a53de87599ee998bf8408,"{""d"":7.0,""p"":0.0001,""r"":7.0}",
     18432,         0,         0,    1.57,correlated_pymatching,e11d85a23de5eeb551ef6741a0f0439ab3117190165e3520581ee138633e39c0,"{""d"":5.0,""p"":0.00021544346900318845,""r"":5.0}",
     17408,         2,         0,    1.61,correlated_pymatching,6b6bb4514f276642b7df7ca2e983dd4b9ddfd909fe7add7202b9f6e1afa45f74,"{""d"":5.0,""p"":0.00046415888336127773,""r"":5.0}","{""obs_mistake_mask=E"":2}"
     12288,         0,         0,    3.14,correlated_pymatching,b296b1e82a2e96c853ed55118124f370f20f7552855d6c11bbd2675432a5c92b,"{""d"":7.0,""p"":0.00046415888336127773,""r"":7.0}",
     69632,         1,         0,    5.98,correlated_pymatching,e11d85a23de5eeb551ef6741a0f0439ab3117190165e3520581ee138633e39c0,"{""d"":5.0,""p"":0.00021544346900318845,""r"":5.0}","{""obs_mistake_mask=E"":1}"
      8192,         0,         0,    3.34,correlated_pymatching,36d2c32a16ae1484f4ce556f02edcde754aef238fde2adbd58da928d1dea009c,"{""d"":7.0,""p"":0.00021544346900318845,""r"":7.0}",
     65536,        16,         0,    6.05,correlated_pymatching,6b6bb4514f276642b7df7ca2e983dd4b9ddfd909fe7add7202b9f6e1afa45f74,"{""d"":5.0,""p"":0.00046415888336127773,""r"":5.0}","{""obs_mistake_mask=E"":16}"
     28672,         0,         0,    6.14,correlated_pymatching,f3aeef2556c82844f7e09dca2f007455d33bb5a1704a53de87599ee998bf8408,"{""d"":7.0,""p"":0.0001,""r"":7.0}",
     19456,         0,         0,    4.44,correlated_pymatching,36d2c32a16ae1484f4ce556f02edcde754aef238fde2adbd58da928d1dea009c,"{""d"":7.0,""p"":0.00021544346900318845,""r"":7.0}",
     14336,         2,         0,    4.35,correlated_pymatching,760671fe0c95fded9da57d0cc53c6ee70c714e8a2ad47f1b38f6fdd7550fa000,"{""d"":7.0,""p"":0.001,""r"":7.0}","{""obs_mistake_mask=E"":2}"
     26624,         0,         0,    6.07,correlated_pymatching,36d2c32a16ae1484f4ce556f02edcde754aef238fde2adbd58da928d1dea009c,"{""d"":7.0,""p"":0.00021544346900318845,""r"":7.0}",
     20480,         7,         0,    6.21,correlated_pymatching,760671fe0c95fded9da57d0cc53c6ee70c714e8a2ad47f1b38f6fdd7550fa000,"{""d"":7.0,""p"":0.001,""r"":7.0}","{""obs_mistake_mask=E"":7}"
     18432,         0,         0,    4.52,correlated_pymatching,b296b1e82a2e96c853ed55118124f370f20f7552855d6c11bbd2675432a5c92b,"{""d"":7.0,""p"":0.00046415888336127773,""r"":7.0}",
     50176,         1,         0,    4.28,correlated_pymatching,e11d85a23de5eeb551ef6741a0f0439ab3117190165e3520581ee138633e39c0,"{""d"":5.0,""p"":0.00021544346900318845,""r"":5.0}","{""obs_mistake_mask=E"":1}"
      7168,         0,         0,    1.56,correlated_pymatching,f3aeef2556c82844f7e09dca2f007455d33bb5a1704a53de87599ee998bf8408,"{""d"":7.0,""p"":0.0001,""r"":7.0}",
     46080,        13,         0,    4.27,correlated_pymatching,6b6bb4514f276642b7df7ca2e983dd4b9ddfd909fe7add7202b9f6e1afa45f74,"{""d"":5.0,""p"":0.00046415888336127773,""r"":5.0}","{""obs_mistake_mask=E"":13}"
     24576,         0,         0,    6.09,correlated_pymatching,b296b1e82a2e96c853ed55118124f370f20f7552855d6c11bbd2675432a5c92b,"{""d"":7.0,""p"":0.00046415888336127773,""r"":7.0}",
     26624,         0,         0,    2.19,correlated_pymatching,4552da301c33225537c328b309766b9a9b6f35af4935d2f0ae1b8498bbcb8ce2,"{""d"":5.0,""p"":0.0001,""r"":5.0}",
     25600,         0,         0,    2.21,correlated_pymatching,e11d85a23de5eeb551ef6741a0f0439ab3117190165e3520581ee138633e39c0,"{""d"":5.0,""p"":0.00021544346900318845,""r"":5.0}",
     24576,         6,         0,    2.27,correlated_pymatching,6b6bb4514f276642b7df7ca2e983dd4b9ddfd909fe7add7202b9f6e1afa45f74,"{""d"":5.0,""p"":0.00046415888336127773,""r"":5.0}","{""obs_mistake_mask=E"":6}"
     27648,         0,         0,    6.17,correlated_pymatching,f3aeef2556c82844f7e09dca2f007455d33bb5a1704a53de87599ee998bf8408,"{""d"":7.0,""p"":0.0001,""r"":7.0}",
     19456,         5,         0,    5.98,correlated_pymatching,760671fe0c95fded9da57d0cc53c6ee70c714e8a2ad47f1b38f6fdd7550fa000,"{""d"":7.0,""p"":0.001,""r"":7.0}","{""obs_mistake_mask=E"":5}"
     25600,         0,         0,    6.00,correlated_pymatching,36d2c32a16ae1484f4ce556f02edcde754aef238fde2adbd58da928d1dea009c,"{""d"":7.0,""p"":0.00021544346900318845,""r"":7.0}",
     20480,         0,         0,    4.42,correlated_pymatching,f3aeef2556c82844f7e09dca2f007455d33bb5a1704a53de87599ee998bf8408,"{""d"":7.0,""p"":0.0001,""r"":7.0}",
     23552,         0,         0,    6.02,correlated_pymatching,b296b1e82a2e96c853ed55118124f370f20f7552855d6c11bbd2675432a5c92b,"{""d"":7.0,""p"":0.00046415888336127773,""r"":7.0}",
     72704,         0,         0,    6.00,correlated_pymatching,4552da301c33225537c328b309766b9a9b6f35af4935d2f0ae1b8498bbcb8ce2,"{""d"":5.0,""p"":0.0001,""r"":5.0}",
     70656,         0,         0,    6.04,correlated_pymatching,e11d85a23de5eeb551ef6741a0f0439ab3117190165e3520581ee138633e39c0,"{""d"":5.0,""p"":0.00021544346900318845,""r"":5.0}",
     10240,         0,         0,    2.24,correlated_pymatching,f3aeef2556c82844f7e09dca2f007455d33bb5a1704a53de87599ee998bf8408,"{""d"":7.0,""p"":0.0001,""r"":7.0}",
     65536,        18,         0,    6.03,correlated_pymatching,6b6bb4514f276642b7df7ca2e983dd4b9ddfd909fe7add7202b9f6e1afa45f74,"{""d"":5.0,""p"":0.00046415888336127773,""r"":5.0}","{""obs_mistake_mask=E"":18}"
     14336,         2,         0,    4.43,correlated_pymatching,760671fe0c95fded9da57d0cc53c6ee70c714e8a2ad47f1b38f6fdd7550fa000,"{""d"":7.0,""p"":0.001,""r"":7.0}","{""obs_mistake_mask=E"":2}"
     17408,         0,         0,    4.46,correlated_pymatching,b296b1e82a2e96c853ed55118124f370f20f7552855d6c11bbd2675432a5c92b,"{""d"":7.0,""p"":0.00046415888336127773,""r"":7.0}",
     11264,         0,         0,    4.56,correlated_pymatching,36d2c32a16ae1484f4ce556f02edcde754aef238fde2adbd58da928d1dea009c,"{""d"":7.0,""p"":0.00021544346900318845,""r"":7.0}",
     36864,         0,         0,    3.06,correlated_pymatching,4552da301c33225537c328b309766b9a9b6f35af4935d2f0ae1b8498bbcb8ce2,"{""d"":5.0,""p"":0.0001,""r"":5.0}",
     34816,         2,         0,    3.05,correlated_pymatching,e11d85a23de5eeb551ef6741a0f0439ab3117190165e3520581ee138633e39c0,"{""d"":5.0,""p"":0.00021544346900318845,""r"":5.0}","{""obs_mistake_mask=E"":2}"
     33792,        14,         0,    3.13,correlated_pymatching,6b6bb4514f276642b7df7ca2e983dd4b9ddfd909fe7add7202b9f6e1afa45f74,"{""d"":5.0,""p"":0.00046415888336127773,""r"":5.0}","{""obs_mistake_mask=E"":14}"
     73728,         0,         0,    5.97,correlated_pymatching,4552da301c33225537c328b309766b9a9b6f35af4935d2f0ae1b8498bbcb8ce2,"{""d"":5.0,""p"":0.0001,""r"":5.0}",
     27648,         0,         0,    6.03,correlated_pymatching,f3aeef2556c82844f7e09dca2f007455d33bb5a1704a53de87599ee998bf8408,"{""d"":7.0,""p"":0.0001,""r"":7.0}",
     14336,         0,         0,    3.08,correlated_pymatching,f3aeef2556c82844f7e09dca2f007455d33bb5a1704a53de87599ee998bf8408,"{""d"":7.0,""p"":0.0001,""r"":7.0}",
     26624,         0,         0,    6.07,correlated_pymatching,36d2c32a16ae1484f4ce556f02edcde754aef238fde2adbd58da928d1dea009c,"{""d"":7.0,""p"":0.00021544346900318845,""r"":7.0}",
     19456,         3,         0,    6.01,correlated_pymatching,760671fe0c95fded9da57d0cc53c6ee70c714e8a2ad47f1b38f6fdd7550fa000,"{""d"":7.0,""p"":0.001,""r"":7.0}","{""obs_mistake_mask=E"":3}"
     24576,         1,         0,    6.05,correlated_pymatching,b296b1e82a2e96c853ed55118124f370f20f7552855d6c11bbd2675432a5c92b,"{""d"":7.0,""p"":0.00046415888336127773,""r"":7.0}","{""obs_mistake_mask=E"":1}"
    101376,         0,         0,    8.42,correlated_pymatching,4552da301c33225537c328b309766b9a9b6f35af4935d2f0ae1b8498bbcb8ce2,"{""d"":5.0,""p"":0.0001,""r"":5.0}",
     69632,         4,         0,    6.00,correlated_pymatching,e11d85a23de5eeb551ef6741a0f0439ab3117190165e3520581ee138633e39c0,"{""d"":5.0,""p"":0.00021544346900318845,""r"":5.0}","{""obs_mistake_mask=E"":4}"
     97280,         3,         0,    8.38,correlated_pymatching,e11d85a23de5eeb551ef6741a0f0439ab3117190165e3520581ee138633e39c0,"{""d"":5.0,""p"":0.00021544346900318845,""r"":5.0}","{""obs_mistake_mask=E"":3}"
     90112,        32,         0,    8.38,correlated_pymatching,6b6bb4514f276642b7df7ca2e983dd4b9ddfd909fe7add7202b9f6e1afa45f74,"{""d"":5.0,""p"":0.00046415888336127773,""r"":5.0}","{""obs_mistake_mask=E"":32}"
     63488,        21,         0,    5.98,correlated_pymatching,6b6bb4514f276642b7df7ca2e983dd4b9ddfd909fe7add7202b9f6e1afa45f74,"{""d"":5.0,""p"":0.00046415888336127773,""r"":5.0}","{""obs_mistake_mask=E"":21}"
    102400,         0,         0,    8.38,correlated_pymatching,4552da301c33225537c328b309766b9a9b6f35af4935d2f0ae1b8498bbcb8ce2,"{""d"":5.0,""p"":0.0001,""r"":5.0}",
     97280,         3,         0,    8.36,correlated_pymatching,e11d85a23de5eeb551ef6741a0f0439ab3117190165e3520581ee138633e39c0,"{""d"":5.0,""p"":0.00021544346900318845,""r"":5.0}","{""obs_mistake_mask=E"":3}"
     90112,        27,         0,    8.38,correlated_pymatching,6b6bb4514f276642b7df7ca2e983dd4b9ddfd909fe7add7202b9f6e1afa45f74,"{""d"":5.0,""p"":0.00046415888336127773,""r"":5.0}","{""obs_mistake_mask=E"":27}"
     27648,         0,         0,    6.00,correlated_pymatching,f3aeef2556c82844f7e09dca2f007455d33bb5a1704a53de87599ee998bf8408,"{""d"":7.0,""p"":0.0001,""r"":7.0}",
     39936,         0,         0,    8.52,correlated_pymatching,f3aeef2556c82844f7e09dca2f007455d33bb5a1704a53de87599ee998bf8408,"{""d"":7.0,""p"":0.0001,""r"":7.0}",
     36864,         0,         0,    8.41,correlated_pymatching,36d2c32a16ae1484f4ce556f02edcde754aef238fde2adbd58da928d1dea009c,"{""d"":7.0,""p"":0.00021544346900318845,""r"":7.0}",
     27648,         7,         0,    8.39,correlated_pymatching,760671fe0c95fded9da57d0cc53c6ee70c714e8a2ad47f1b38f6fdd7550fa000,"{""d"":7.0,""p"":0.001,""r"":7.0}","{""obs_mistake_mask=E"":7}"
     52224,         0,         0,    4.33,correlated_pymatching,4552da301c33225537c328b309766b9a9b6f35af4935d2f0ae1b8498bbcb8ce2,"{""d"":5.0,""p"":0.0001,""r"":5.0}",
     49152,         0,         0,    4.32,correlated_pymatching,e11d85a23de5eeb551ef6741a0f0439ab3117190165e3520581ee138633e39c0,"{""d"":5.0,""p"":0.00021544346900318845,""r"":5.0}",
     46080,         7,         0,    4.31,correlated_pymatching,6b6bb4514f276642b7df7ca2e983dd4b9ddfd909fe7add7202b9f6e1afa45f74,"{""d"":5.0,""p"":0.00046415888336127773,""r"":5.0}","{""obs_mistake_mask=E"":7}"
     33792,         0,         0,    8.48,correlated_pymatching,b296b1e82a2e96c853ed55118124f370f20f7552855d6c11bbd2675432a5c92b,"{""d"":7.0,""p"":0.00046415888336127773,""r"":7.0}",
     20480,         7,         0,    6.25,correlated_pymatching,760671fe0c95fded9da57d0cc53c6ee70c714e8a2ad47f1b38f6fdd7550fa000,"{""d"":7.0,""p"":0.001,""r"":7.0}","{""obs_mistake_mask=E"":7}"
     23552,         0,         0,    6.02,correlated_pymatching,b296b1e82a2e96c853ed55118124f370f20f7552855d6c11bbd2675432a5c92b,"{""d"":7.0,""p"":0.00046415888336127773,""r"":7.0}",
     37888,         0,         0,    8.44,correlated_pymatching,f3aeef2556c82844f7e09dca2f007455d33bb5a1704a53de87599ee998bf8408,"{""d"":7.0,""p"":0.0001,""r"":7.0}",
     19456,         0,         0,    4.27,correlated_pymatching,f3aeef2556c82844f7e09dca2f007455d33bb5a1704a53de87599ee998bf8408,"{""d"":7.0,""p"":0.0001,""r"":7.0}",
     27648,         8,         0,    8.53,correlated_pymatching,760671fe0c95fded9da57d0cc53c6ee70c714e8a2ad47f1b38f6fdd7550fa000,"{""d"":7.0,""p"":0.001,""r"":7.0}","{""obs_mistake_mask=E"":8}"
     15360,         0,         0,    6.25,correlated_pymatching,36d2c32a16ae1484f4ce556f02edcde754aef238fde2adbd58da928d1dea009c,"{""d"":7.0,""p"":0.00021544346900318845,""r"":7.0}",
     35840,         0,         0,    8.38,correlated_pymatching,36d2c32a16ae1484f4ce556f02edcde754aef238fde2adbd58da928d1dea009c,"{""d"":7.0,""p"":0.00021544346900318845,""r"":7.0}",
     32768,         0,         0,    8.38,correlated_pymatching,b296b1e82a2e96c853ed55118124f370f20f7552855d6c11bbd2675432a5c92b,"{""d"":7.0,""p"":0.00046415888336127773,""r"":7.0}",
    102400,         3,         0,    8.45,correlated_pymatching,4552da301c33225537c328b309766b9a9b6f35af4935d2f0ae1b8498bbcb8ce2,"{""d"":5.0,""p"":0.0001,""r"":5.0}","{""obs_mistake_mask=E"":3}"
     96256,         2,         0,    8.38,correlated_pymatching,e11d85a23de5eeb551ef6741a0f0439ab3117190165e3520581ee138633e39c0,"{""d"":5.0,""p"":0.00021544346900318845,""r"":5.0}","{""obs_mistake_mask=E"":2}"
     90112,        19,         0,    8.38,correlated_pymatching,6b6bb4514f276642b7df7ca2e983dd4b9ddfd909fe7add7202b9f6e1afa45f74,"{""d"":5.0,""p"":0.00046415888336127773,""r"":5.0}","{""obs_mistake_mask=E"":19}"
    102400,         0,         0,    8.43,correlated_pymatching,4552da301c33225537c328b309766b9a9b6f35af4935d2f0ae1b8498bbcb8ce2,"{""d"":5.0,""p"":0.0001,""r"":5.0}",
     38912,         0,         0,    8.39,correlated_pymatching,f3aeef2556c82844f7e09dca2f007455d33bb5a1704a53de87599ee998bf8408,"{""d"":7.0,""p"":0.0001,""r"":7.0}",
     36864,         0,         0,    8.40,correlated_pymatching,36d2c32a16ae1484f4ce556f02edcde754aef238fde2adbd58da928d1dea009c,"{""d"":7.0,""p"":0.00021544346900318845,""r"":7.0}",
     27648,         7,         0,    8.60,correlated_pymatching,760671fe0c95fded9da57d0cc53c6ee70c714e8a2ad47f1b38f6fdd7550fa000,"{""d"":7.0,""p"":0.001,""r"":7.0}","{""obs_mistake_mask=E"":7}"
     72704,         1,         0,    6.03,correlated_pymatching,4552da301c33225537c328b309766b9a9b6f35af4935d2f0ae1b8498bbcb8ce2,"{""d"":5.0,""p"":0.0001,""r"":5.0}","{""obs_mistake_mask=E"":1}"
     69632,         5,         0,    6.05,correlated_pymatching,e11d85a23de5eeb551ef6741a0f0439ab3117190165e3520581ee138633e39c0,"{""d"":5.0,""p"":0.00021544346900318845,""r"":5.0}","{""obs_mistake_mask=E"":5}"
     64512,        19,         0,    5.99,correlated_pymatching,6b6bb4514f276642b7df7ca2e983dd4b9ddfd909fe7add7202b9f6e1afa45f74,"{""d"":5.0,""p"":0.00046415888336127773,""r"":5.0}","{""obs_mistake_mask=E"":19}"
     90112,         2,         0,    8.46,correlated_pymatching,e11d85a23de5eeb551ef6741a0f0439ab3117190165e3520581ee138633e39c0,"{""d"":5.0,""p"":0.00021544346900318845,""r"":5.0}","{""obs_mistake_mask=E"":2}"
     34816,         1,         0,    8.57,correlated_pymatching,b296b1e82a2e96c853ed55118124f370f20f7552855d6c11bbd2675432a5c92b,"{""d"":7.0,""p"":0.00046415888336127773,""r"":7.0}","{""obs_mistake_mask=E"":1}"
     81920,        14,         0,    8.47,correlated_pymatching,6b6bb4514f276642b7df7ca2e983dd4b9ddfd909fe7add7202b9f6e1afa45f74,"{""d"":5.0,""p"":0.00046415888336127773,""r"":5.0}","{""obs_mistake_mask=E"":14}"
     27648,         0,         0,    6.12,correlated_pymatching,f3aeef2556c82844f7e09dca2f007455d33bb5a1704a53de87599ee998bf8408,"{""d"":7.0,""p"":0.0001,""r"":7.0}",
     39936,         0,         0,    8.56,correlated_pymatching,f3aeef2556c82844f7e09dca2f007455d33bb5a1704a53de87599ee998bf8408,"{""d"":7.0,""p"":0.0001,""r"":7.0}",
     21504,         8,         0,    8.56,correlated_pymatching,760671fe0c95fded9da57d0cc53c6ee70c714e8a2ad47f1b38f6fdd7550fa000,"{""d"":7.0,""p"":0.001,""r"":7.0}","{""obs_mistake_mask=E"":8}"
    115712,         1,         0,    11.7,correlated_pymatching,4552da301c33225537c328b309766b9a9b6f35af4935d2f0ae1b8498bbcb8ce2,"{""d"":5.0,""p"":0.0001,""r"":5.0}","{""obs_mistake_mask=E"":1}"
     24576,         1,         0,    8.47,correlated_pymatching,b296b1e82a2e96c853ed55118124f370f20f7552855d6c11bbd2675432a5c92b,"{""d"":7.0,""p"":0.00046415888336127773,""r"":7.0}","{""obs_mistake_mask=E"":1}"
    110592,         3,         0,    11.8,correlated_pymatching,e11d85a23de5eeb551ef6741a0f0439ab3117190165e3520581ee138633e39c0,"{""d"":5.0,""p"":0.00021544346900318845,""r"":5.0}","{""obs_mistake_mask=E"":3}"
    102400,        32,         0,    11.8,correlated_pymatching,6b6bb4514f276642b7df7ca2e983dd4b9ddfd909fe7add7202b9f6e1afa45f74,"{""d"":5.0,""p"":0.00046415888336127773,""r"":5.0}","{""obs_mistake_mask=E"":32}"
     92160,        30,         0,    10.7,correlated_pymatching,6b6bb4514f276642b7df7ca2e983dd4b9ddfd909fe7add7202b9f6e1afa45f74,"{""d"":5.0,""p"":0.00046415888336127773,""r"":5.0}","{""obs_mistake_mask=E"":30}"
     38912,        15,         0,    3.65,correlated_pymatching,6b6bb4514f276642b7df7ca2e983dd4b9ddfd909fe7add7202b9f6e1afa45f74,"{""d"":5.0,""p"":0.00046415888336127773,""r"":5.0}","{""obs_mistake_mask=E"":15}"
     77824,        23,         0,    7.33,correlated_pymatching,6b6bb4514f276642b7df7ca2e983dd4b9ddfd909fe7add7202b9f6e1afa45f74,"{""d"":5.0,""p"":0.00046415888336127773,""r"":5.0}","{""obs_mistake_mask=E"":23}"
     22528,         5,         0,    3.50,correlated_pymatching,6b6bb4514f276642b7df7ca2e983dd4b9ddfd909fe7add7202b9f6e1afa45f74,"{""d"":5.0,""p"":0.00046415888336127773,""r"":5.0}","{""obs_mistake_mask=E"":5}"
      1024,         1,         0,   0.152,correlated_pymatching,6b6bb4514f276642b7df7ca2e983dd4b9ddfd909fe7add7202b9f6e1afa45f74,"{""d"":5.0,""p"":0.00046415888336127773,""r"":5.0}","{""obs_mistake_mask=E"":1}"
     22528,         0,         0,    8.54,correlated_pymatching,36d2c32a16ae1484f4ce556f02edcde754aef238fde2adbd58da928d1dea009c,"{""d"":7.0,""p"":0.00021544346900318845,""r"":7.0}",
    114688,         1,         0,    11.8,correlated_pymatching,4552da301c33225537c328b309766b9a9b6f35af4935d2f0ae1b8498bbcb8ce2,"{""d"":5.0,""p"":0.0001,""r"":5.0}","{""obs_mistake_mask=E"":1}"
         1,         0,         0,   0.216,correlated_pymatching,36d2c32a16ae1484f4ce556f02edcde754aef238fde2adbd58da928d1dea009c,"{""d"":7.0,""p"":0.00021544346900318845,""r"":7.0}",
         1,         0,         0,   0.227,correlated_pymatching,b296b1e82a2e96c853ed55118124f370f20f7552855d6c11bbd2675432a5c92b,"{""d"":7.0,""p"":0.00046415888336127773,""r"":7.0}",
         1,         0,         0,   0.282,correlated_pymatching,760671fe0c95fded9da57d0cc53c6ee70c714e8a2ad47f1b38f6fdd7550fa000,"{""d"":7.0,""p"":0.001,""r"":7.0}",
         1,         0,         0,   0.314,correlated_pymatching,760671fe0c95fded9da57d0cc53c6ee70c714e8a2ad47f1b38f6fdd7550fa000,"{""d"":7.0,""p"":0.001,""r"":7.0}",
         1,         0,         0,   0.327,correlated_pymatching,b296b1e82a2e96c853ed55118124f370f20f7552855d6c11bbd2675432a5c92b,"{""d"":7.0,""p"":0.00046415888336127773,""r"":7.0}",
         2,         0,         0,   0.214,correlated_pymatching,36d2c32a16ae1484f4ce556f02edcde754aef238fde2adbd58da928d1dea009c,"{""d"":7.0,""p"":0.00021544346900318845,""r"":7.0}",
         2,         0,         0,   0.206,correlated_pymatching,b296b1e82a2e96c853ed55118124f370f20f7552855d6c11bbd2675432a5c92b,"{""d"":7.0,""p"":0.00046415888336127773,""r"":7.0}",
    110592,         1,         0,    11.7,correlated_pymatching,e11d85a23de5eeb551ef6741a0f0439ab3117190165e3520581ee138633e39c0,"{""d"":5.0,""p"":0.00021544346900318845,""r"":5.0}","{""obs_mistake_mask=E"":1}"
         1,         0,         0,   0.202,correlated_pymatching,760671fe0c95fded9da57d0cc53c6ee70c714e8a2ad47f1b38f6fdd7550fa000,"{""d"":7.0,""p"":0.001,""r"":7.0}",
         4,         0,         0,   0.203,correlated_pymatching,b296b1e82a2e96c853ed55118124f370f20f7552855d6c11bbd2675432a5c92b,"{""d"":7.0,""p"":0.00046415888336127773,""r"":7.0}",
         4,         0,         0,   0.214,correlated_pymatching,36d2c32a16ae1484f4ce556f02edcde754aef238fde2adbd58da928d1dea009c,"{""d"":7.0,""p"":0.00021544346900318845,""r"":7.0}",
         2,         0,         0,   0.288,correlated_pymatching,760671fe0c95fded9da57d0cc53c6ee70c714e8a2ad47f1b38f6fdd7550fa000,"{""d"":7.0,""p"":0.001,""r"":7.0}",
         1,         0,         0,   0.300,correlated_pymatching,b296b1e82a2e96c853ed55118124f370f20f7552855d6c11bbd2675432a5c92b,"{""d"":7.0,""p"":0.00046415888336127773,""r"":7.0}",
         2,         0,         0,   0.196,correlated_pymatching,760671fe0c95fded9da57d0cc53c6ee70c714e8a2ad47f1b38f6fdd7550fa000,"{""d"":7.0,""p"":0.001,""r"":7.0}",
         8,         0,         0,   0.203,correlated_pymatching,b296b1e82a2e96c853ed55118124f370f20f7552855d6c11bbd2675432a5c92b,"{""d"":7.0,""p"":0.00046415888336127773,""r"":7.0}",
         8,         0,         0,   0.207,correlated_pymatching,36d2c32a16ae1484f4ce556f02edcde754aef238fde2adbd58da928d1dea009c,"{""d"":7.0,""p"":0.00021544346900318845,""r"":7.0}",
         2,         0,         0,   0.206,correlated_pymatching,b296b1e82a2e96c853ed55118124f370f20f7552855d6c11bbd2675432a5c92b,"{""d"":7.0,""p"":0.00046415888336127773,""r"":7.0}",
         4,         0,         0,   0.307,correlated_pymatching,760671fe0c95fded9da57d0cc53c6ee70c714e8a2ad47f1b38f6fdd7550fa000,"{""d"":7.0,""p"":0.001,""r"":7.0}",
         4,         0,         0,   0.224,correlated_pymatching,760671fe0c95fded9da57d0cc53c6ee70c714e8a2ad47f1b38f6fdd7550fa000,"{""d"":7.0,""p"":0.001,""r"":7.0}",
        16,         0,         0,   0.213,correlated_pymatching,36d2c32a16ae1484f4ce556f02edcde754aef238fde2adbd58da928d1dea009c,"{""d"":7.0,""p"":0.00021544346900318845,""r"":7.0}",
        16,         0,         0,   0.224,correlated_pymatching,b296b1e82a2e96c853ed55118124f370f20f7552855d6c11bbd2675432a5c92b,"{""d"":7.0,""p"":0.00046415888336127773,""r"":7.0}",
         4,         0,         0,   0.202,correlated_pymatching,b296b1e82a2e96c853ed55118124f370f20f7552855d6c11bbd2675432a5c92b,"{""d"":7.0,""p"":0.00046415888336127773,""r"":7.0}",
         8,         0,         0,   0.202,correlated_pymatching,760671fe0c95fded9da57d0cc53c6ee70c714e8a2ad47f1b38f6fdd7550fa000,"{""d"":7.0,""p"":0.001,""r"":7.0}",
         4,         0,         0,   0.304,correlated_pymatching,760671fe0c95fded9da57d0cc53c6ee70c714e8a2ad47f1b38f6fdd7550fa000,"{""d"":7.0,""p"":0.001,""r"":7.0}",
        32,         0,         0,   0.207,correlated_pymatching,b296b1e82a2e96c853ed55118124f370f20f7552855d6c11bbd2675432a5c92b,"{""d"":7.0,""p"":0.00046415888336127773,""r"":7.0}",
        32,         0,         0,   0.208,correlated_pymatching,36d2c32a16ae1484f4ce556f02edcde754aef238fde2adbd58da928d1dea009c,"{""d"":7.0,""p"":0.00021544346900318845,""r"":7.0}",
         8,         0,         0,   0.191,correlated_pymatching,b296b1e82a2e96c853ed55118124f370f20f7552855d6c11bbd2675432a5c92b,"{""d"":7.0,""p"":0.00046415888336127773,""r"":7.0}",
     54272,         0,         0,    11.9,correlated_pymatching,f3aeef2556c82844f7e09dca2f007455d33bb5a1704a53de87599ee998bf8408,"{""d"":7.0,""p"":0.0001,""r"":7.0}",
     51200,         0,         0,    11.8,correlated_pymatching,36d2c32a16ae1484f4ce556f02edcde754aef238fde2adbd58da928d1dea009c,"{""d"":7.0,""p"":0.00021544346900318845,""r"":7.0}",
        16,         0,         0,   0.209,correlated_pymatching,760671fe0c95fded9da57d0cc53c6ee70c714e8a2ad47f1b38f6fdd7550fa000,"{""d"":7.0,""p"":0.001,""r"":7.0}",
         4,         0,         0,   0.249,correlated_pymatching,760671fe0c95fded9da57d0cc53c6ee70c714e8a2ad47f1b38f6fdd7550fa000,"{""d"":7.0,""p"":0.001,""r"":7.0}",
        16,         0,         0,   0.208,correlated_pymatching,b296b1e82a2e96c853ed55118124f370f20f7552855d6c11bbd2675432a5c92b,"{""d"":7.0,""p"":0.00046415888336127773,""r"":7.0}",
        64,         0,         0,   0.257,correlated_pymatching,b296b1e82a2e96c853ed55118124f370f20f7552855d6c11bbd2675432a5c92b,"{""d"":7.0,""p"":0.00046415888336127773,""r"":7.0}",
        64,         0,         0,   0.260,correlated_pymatching,36d2c32a16ae1484f4ce556f02edcde754aef238fde2adbd58da928d1dea009c,"{""d"":7.0,""p"":0.00021544346900318845,""r"":7.0}",
     37888,        11,         0,    12.0,correlated_pymatching,760671fe0c95fded9da57d0cc53c6ee70c714e8a2ad47f1b38f6fdd7550fa000,"{""d"":7.0,""p"":0.001,""r"":7.0}","{""obs_mistake_mask=E"":11}"
        32,         0,         0,   0.296,correlated_pymatching,760671fe0c95fded9da57d0cc53c6ee70c714e8a2ad47f1b38f6fdd7550fa000,"{""d"":7.0,""p"":0.001,""r"":7.0}",
         8,         0,         0,   0.246,correlated_pymatching,760671fe0c95fded9da57d0cc53c6ee70c714e8a2ad47f1b38f6fdd7550fa000,"{""d"":7.0,""p"":0.001,""r"":7.0}",
        32,         0,         0,   0.252,correlated_pymatching,b296b1e82a2e96c853ed55118124f370f20f7552855d6c11bbd2675432a5c92b,"{""d"":7.0,""p"":0.00046415888336127773,""r"":7.0}",
       128,         0,         0,   0.316,correlated_pymatching,b296b1e82a2e96c853ed55118124f370f20f7552855d6c11bbd2675432a5c92b,"{""d"":7.0,""p"":0.00046415888336127773,""r"":7.0}",
       128,         0,         0,   0.312,correlated_pymatching,36d2c32a16ae1484f4ce556f02edcde754aef238fde2adbd58da928d1dea009c,"{""d"":7.0,""p"":0.00021544346900318845,""r"":7.0}",
        64,         0,         0,   0.302,correlated_pymatching,760671fe0c95fded9da57d0cc53c6ee70c714e8a2ad47f1b38f6fdd7550fa000,"{""d"":7.0,""p"":0.001,""r"":7.0}",
        16,         0,         0,   0.308,correlated_pymatching,760671fe0c95fded9da57d0cc53c6ee70c714e8a2ad47f1b38f6fdd7550fa000,"{""d"":7.0,""p"":0.001,""r"":7.0}",
        64,         0,         0,   0.308,correlated_pymatching,b296b1e82a2e96c853ed55118124f370f20f7552855d6c11bbd2675432a5c92b,"{""d"":7.0,""p"":0.00046415888336127773,""r"":7.0}",
       128,         0,         0,   0.312,correlated_pymatching,36d2c32a16ae1484f4ce556f02edcde754aef238fde2adbd58da928d1dea009c,"{""d"":7.0,""p"":0.00021544346900318845,""r"":7.0}",
       128,         0,         0,   0.318,correlated_pymatching,b296b1e82a2e96c853ed55118124f370f20f7552855d6c11bbd2675432a5c92b,"{""d"":7.0,""p"":0.00046415888336127773,""r"":7.0}",
     45056,         1,         0,    12.0,correlated_pymatching,b296b1e82a2e96c853ed55118124f370f20f7552855d6c11bbd2675432a5c92b,"{""d"":7.0,""p"":0.00046415888336127773,""r"":7.0}","{""obs_mistake_mask=E"":1}"
        64,         0,         0,   0.302,correlated_pymatching,760671fe0c95fded9da57d0cc53c6ee70c714e8a2ad47f1b38f6fdd7550fa000,"{""d"":7.0,""p"":0.001,""r"":7.0}",
        16,         0,         0,   0.303,correlated_pymatching,760671fe0c95fded9da57d0cc53c6ee70c714e8a2ad47f1b38f6fdd7550fa000,"{""d"":7.0,""p"":0.001,""r"":7.0}",
        64,         0,         0,   0.308,correlated_pymatching,b296b1e82a2e96c853ed55118124f370f20f7552855d6c11bbd2675432a5c92b,"{""d"":7.0,""p"":0.00046415888336127773,""r"":7.0}",
       128,         0,         0,   0.304,correlated_pymatching,36d2c32a16ae1484f4ce556f02edcde754aef238fde2adbd58da928d1dea009c,"{""d"":7.0,""p"":0.00021544346900318845,""r"":7.0}",
       128,         0,         0,   0.314,correlated_pymatching,b296b1e82a2e96c853ed55118124f370f20f7552855d6c11bbd2675432a5c92b,"{""d"":7.0,""p"":0.00046415888336127773,""r"":7.0}",
        64,         0,         0,   0.324,correlated_pymatching,760671fe0c95fded9da57d0cc53c6ee70c714e8a2ad47f1b38f6fdd7550fa000,"{""d"":7.0,""p"":0.001,""r"":7.0}",
        16,         0,         0,   0.301,correlated_pymatching,760671fe0c95fded9da57d0cc53c6ee70c714e8a2ad47f1b38f6fdd7550fa000,"{""d"":7.0,""p"":0.001,""r"":7.0}",
        64,         0,         0,   0.300,correlated_pymatching,b296b1e82a2e96c853ed55118124f370f20f7552855d6c11bbd2675432a5c92b,"{""d"":7.0,""p"":0.00046415888336127773,""r"":7.0}",
       128,         0,         0,   0.332,correlated_pymatching,36d2c32a16ae1484f4ce556f02edcde754aef238fde2adbd58da928d1dea009c,"{""d"":7.0,""p"":0.00021544346900318845,""r"":7.0}",
       128,         0,         0,   0.320,correlated_pymatching,b296b1e82a2e96c853ed55118124f370f20f7552855d6c11bbd2675432a5c92b,"{""d"":7.0,""p"":0.00046415888336127773,""r"":7.0}",
        64,         0,         0,   0.300,correlated_pymatching,760671fe0c95fded9da57d0cc53c6ee70c714e8a2ad47f1b38f6fdd7550fa000,"{""d"":7.0,""p"":0.001,""r"":7.0}",
        16,         0,         0,   0.300,correlated_pymatching,760671fe0c95fded9da57d0cc53c6ee70c714e8a2ad47f1b38f6fdd7550fa000,"{""d"":7.0,""p"":0.001,""r"":7.0}",
       128,         0,         0,   0.312,correlated_pymatching,b296b1e82a2e96c853ed55118124f370f20f7552855d6c11bbd2675432a5c92b,"{""d"":7.0,""p"":0.00046415888336127773,""r"":7.0}",
     39936,         0,         0,    12.0,correlated_pymatching,f3aeef2556c82844f7e09dca2f007455d33bb5a1704a53de87599ee998bf8408,"{""d"":7.0,""p"":0.0001,""r"":7.0}",
     47104,         0,         0,    11.9,correlated_pymatching,36d2c32a16ae1484f4ce556f02edcde754aef238fde2adbd58da928d1dea009c,"{""d"":7.0,""p"":0.00021544346900318845,""r"":7.0}",
     29696,        10,         0,    12.0,correlated_pymatching,760671fe0c95fded9da57d0cc53c6ee70c714e8a2ad47f1b38f6fdd7550fa000,"{""d"":7.0,""p"":0.001,""r"":7.0}","{""obs_mistake_mask=E"":10}"
        32,         0,         0,   0.300,correlated_pymatching,760671fe0c95fded9da57d0cc53c6ee70c714e8a2ad47f1b38f6fdd7550fa000,"{""d"":7.0,""p"":0.001,""r"":7.0}",
       256,         0,         0,   0.624,correlated_pymatching,b296b1e82a2e96c853ed55118124f370f20f7552855d6c11bbd2675432a5c92b,"{""d"":7.0,""p"":0.00046415888336127773,""r"":7.0}",
       256,         0,         0,   0.639,correlated_pymatching,36d2c32a16ae1484f4ce556f02edcde754aef238fde2adbd58da928d1dea009c,"{""d"":7.0,""p"":0.00021544346900318845,""r"":7.0}",
       256,         0,         0,   0.636,correlated_pymatching,760671fe0c95fded9da57d0cc53c6ee70c714e8a2ad47f1b38f6fdd7550fa000,"{""d"":7.0,""p"":0.001,""r"":7.0}",
       256,         0,         0,   0.620,correlated_pymatching,b296b1e82a2e96c853ed55118124f370f20f7552855d6c11bbd2675432a5c92b,"{""d"":7.0,""p"":0.00046415888336127773,""r"":7.0}",
    105472,         2,         0,    11.7,correlated_pymatching,4552da301c33225537c328b309766b9a9b6f35af4935d2f0ae1b8498bbcb8ce2,"{""d"":5.0,""p"":0.0001,""r"":5.0}","{""obs_mistake_mask=E"":2}"
        64,         0,         0,   0.607,correlated_pymatching,760671fe0c95fded9da57d0cc53c6ee70c714e8a2ad47f1b38f6fdd7550fa000,"{""d"":7.0,""p"":0.001,""r"":7.0}",
     35840,         1,         0,    12.1,correlated_pymatching,b296b1e82a2e96c853ed55118124f370f20f7552855d6c11bbd2675432a5c92b,"{""d"":7.0,""p"":0.00046415888336127773,""r"":7.0}","{""obs_mistake_mask=E"":1}"
       256,         0,         0,   0.619,correlated_pymatching,b296b1e82a2e96c853ed55118124f370f20f7552855d6c11bbd2675432a5c92b,"{""d"":7.0,""p"":0.00046415888336127773,""r"":7.0}",
       256,         0,         0,   0.616,correlated_pymatching,36d2c32a16ae1484f4ce556f02edcde754aef238fde2adbd58da928d1dea009c,"{""d"":7.0,""p"":0.00021544346900318845,""r"":7.0}",
     97280,         2,         0,    11.8,correlated_pymatching,e11d85a23de5eeb551ef6741a0f0439ab3117190165e3520581ee138633e39c0,"{""d"":5.0,""p"":0.00021544346900318845,""r"":5.0}","{""obs_mistake_mask=E"":2}"
       256,         0,         0,   0.648,correlated_pymatching,760671fe0c95fded9da57d0cc53c6ee70c714e8a2ad47f1b38f6fdd7550fa000,"{""d"":7.0,""p"":0.001,""r"":7.0}",
       256,         0,         0,   0.624,correlated_pymatching,b296b1e82a2e96c853ed55118124f370f20f7552855d6c11bbd2675432a5c92b,"{""d"":7.0,""p"":0.00046415888336127773,""r"":7.0}",
     89088,         0,         0,    8.51,correlated_pymatching,4552da301c33225537c328b309766b9a9b6f35af4935d2f0ae1b8498bbcb8ce2,"{""d"":5.0,""p"":0.0001,""r"":5.0}",
     83968,         2,         0,    8.47,correlated_pymatching,e11d85a23de5eeb551ef6741a0f0439ab3117190165e3520581ee138633e39c0,"{""d"":5.0,""p"":0.00021544346900318845,""r"":5.0}","{""obs_mistake_mask=E"":2}"
        64,         0,         0,   0.652,correlated_pymatching,760671fe0c95fded9da57d0cc53c6ee70c714e8a2ad47f1b38f6fdd7550fa000,"{""d"":7.0,""p"":0.001,""r"":7.0}",
       640,         0,         0,   0.912,correlated_pymatching,36d2c32a16ae1484f4ce556f02edcde754aef238fde2adbd58da928d1dea009c,"{""d"":7.0,""p"":0.00021544346900318845,""r"":7.0}",
       640,         0,         0,   0.936,correlated_pymatching,b296b1e82a2e96c853ed55118124f370f20f7552855d6c11bbd2675432a5c92b,"{""d"":7.0,""p"":0.00046415888336127773,""r"":7.0}",
       384,         0,         0,   0.923,correlated_pymatching,b296b1e82a2e96c853ed55118124f370f20f7552855d6c11bbd2675432a5c92b,"{""d"":7.0,""p"":0.00046415888336127773,""r"":7.0}",
       384,         0,         0,   0.952,correlated_pymatching,760671fe0c95fded9da57d0cc53c6ee70c714e8a2ad47f1b38f6fdd7550fa000,"{""d"":7.0,""p"":0.001,""r"":7.0}",
       128,         0,         0,   0.916,correlated_pymatching,760671fe0c95fded9da57d0cc53c6ee70c714e8a2ad47f1b38f6fdd7550fa000,"{""d"":7.0,""p"":0.001,""r"":7.0}",
    120832,         1,         0,    11.8,correlated_pymatching,4552da301c33225537c328b309766b9a9b6f35af4935d2f0ae1b8498bbcb8ce2,"{""d"":5.0,""p"":0.0001,""r"":5.0}","{""obs_mistake_mask=E"":1}"
     30720,         0,         0,    8.66,correlated_pymatching,f3aeef2556c82844f7e09dca2f007455d33bb5a1704a53de87599ee998bf8408,"{""d"":7.0,""p"":0.0001,""r"":7.0}",
     45056,         0,         0,    11.8,correlated_pymatching,f3aeef2556c82844f7e09dca2f007455d33bb5a1704a53de87599ee998bf8408,"{""d"":7.0,""p"":0.0001,""r"":7.0}",
      1024,         0,         0,    1.26,correlated_pymatching,36d2c32a16ae1484f4ce556f02edcde754aef238fde2adbd58da928d1dea009c,"{""d"":7.0,""p"":0.00021544346900318845,""r"":7.0}",
      1024,         0,         0,    1.37,correlated_pymatching,b296b1e82a2e96c853ed55118124f370f20f7552855d6c11bbd2675432a5c92b,"{""d"":7.0,""p"":0.00046415888336127773,""r"":7.0}",
       512,         0,         0,    1.28,correlated_pymatching,b296b1e82a2e96c853ed55118124f370f20f7552855d6c11bbd2675432a5c92b,"{""d"":7.0,""p"":0.00046415888336127773,""r"":7.0}",
       512,         0,         0,    1.29,correlated_pymatching,760671fe0c95fded9da57d0cc53c6ee70c714e8a2ad47f1b38f6fdd7550fa000,"{""d"":7.0,""p"":0.001,""r"":7.0}",
       256,         0,         0,    1.30,correlated_pymatching,760671fe0c95fded9da57d0cc53c6ee70c714e8a2ad47f1b38f6fdd7550fa000,"{""d"":7.0,""p"":0.001,""r"":7.0}",
     41984,         0,         0,    12.0,correlated_pymatching,36d2c32a16ae1484f4ce556f02edcde754aef238fde2adbd58da928d1dea009c,"{""d"":7.0,""p"":0.00021544346900318845,""r"":7.0}",
     30720,        11,         0,    11.9,correlated_pymatching,760671fe0c95fded9da57d0cc53c6ee70c714e8a2ad47f1b38f6fdd7550fa000,"{""d"":7.0,""p"":0.001,""r"":7.0}","{""obs_mistake_mask=E"":11}"
     92160,         1,         0,    11.7,correlated_pymatching,e11d85a23de5eeb551ef6741a0f0439ab3117190165e3520581ee138633e39c0,"{""d"":5.0,""p"":0.00021544346900318845,""r"":5.0}","{""obs_mistake_mask=E"":1}"
      1280,         0,         0,    1.59,correlated_pymatching,36d2c32a16ae1484f4ce556f02edcde754aef238fde2adbd58da928d1dea009c,"{""d"":7.0,""p"":0.00021544346900318845,""r"":7.0}",
      1280,         0,         0,    1.60,correlated_pymatching,b296b1e82a2e96c853ed55118124f370f20f7552855d6c11bbd2675432a5c92b,"{""d"":7.0,""p"":0.00046415888336127773,""r"":7.0}",
       640,         0,         0,    1.59,correlated_pymatching,760671fe0c95fded9da57d0cc53c6ee70c714e8a2ad47f1b38f6fdd7550fa000,"{""d"":7.0,""p"":0.001,""r"":7.0}",
     37888,         0,         0,    12.1,correlated_pymatching,b296b1e82a2e96c853ed55118124f370f20f7552855d6c11bbd2675432a5c92b,"{""d"":7.0,""p"":0.00046415888336127773,""r"":7.0}",
       768,         0,         0,    1.85,correlated_pymatching,b296b1e82a2e96c853ed55118124f370f20f7552855d6c11bbd2675432a5c92b,"{""d"":7.0,""p"":0.00046415888336127773,""r"":7.0}",
       384,         0,         0,    1.85,correlated_pymatching,760671fe0c95fded9da57d0cc53c6ee70c714e8a2ad47f1b38f6fdd7550fa000,"{""d"":7.0,""p"":0.001,""r"":7.0}",
     39936,         0,         0,    12.0,correlated_pymatching,f3aeef2556c82844f7e09dca2f007455d33bb5a1704a53de87599ee998bf8408,"{""d"":7.0,""p"":0.0001,""r"":7.0}",
      1792,         0,         0,    2.32,correlated_pymatching,36d2c32a16ae1484f4ce556f02edcde754aef238fde2adbd58da928d1dea009c,"{""d"":7.0,""p"":0.00021544346900318845,""r"":7.0}",
      1792,         0,         0,    2.32,correlated_pymatching,b296b1e82a2e96c853ed55118124f370f20f7552855d6c11bbd2675432a5c92b,"{""d"":7.0,""p"":0.00046415888336127773,""r"":7.0}",
       896,         0,         0,    2.35,correlated_pymatching,760671fe0c95fded9da57d0cc53c6ee70c714e8a2ad47f1b38f6fdd7550fa000,"{""d"":7.0,""p"":0.001,""r"":7.0}",
       896,         0,         0,    2.21,correlated_pymatching,b296b1e82a2e96c853ed55118124f370f20f7552855d6c11bbd2675432a5c92b,"{""d"":7.0,""p"":0.00046415888336127773,""r"":7.0}",
       448,         0,         0,    2.22,correlated_pymatching,760671fe0c95fded9da57d0cc53c6ee70c714e8a2ad47f1b38f6fdd7550fa000,"{""d"":7.0,""p"":0.001,""r"":7.0}",
     26624,         4,         0,    11.8,correlated_pymatching,760671fe0c95fded9da57d0cc53c6ee70c714e8a2ad47f1b38f6fdd7550fa000,"{""d"":7.0,""p"":0.001,""r"":7.0}","{""obs_mistake_mask=E"":4}"
     32768,         0,         0,    11.9,correlated_pymatching,b296b1e82a2e96c853ed55118124f370f20f7552855d6c11bbd2675432a5c92b,"{""d"":7.0,""p"":0.00046415888336127773,""r"":7.0}",
     35840,         0,         0,    12.0,correlated_pymatching,36d2c32a16ae1484f4ce556f02edcde754aef238fde2adbd58da928d1dea009c,"{""d"":7.0,""p"":0.00021544346900318845,""r"":7.0}",
      2304,         0,         0,    3.07,correlated_pymatching,b296b1e82a2e96c853ed55118124f370f20f7552855d6c11bbd2675432a5c92b,"{""d"":7.0,""p"":0.00046415888336127773,""r"":7.0}",
      2560,         0,         0,    3.34,correlated_pymatching,36d2c32a16ae1484f4ce556f02edcde754aef238fde2adbd58da928d1dea009c,"{""d"":7.0,""p"":0.00021544346900318845,""r"":7.0}",
      1408,         0,         0,    3.24,correlated_pymatching,b296b1e82a2e96c853ed55118124f370f20f7552855d6c11bbd2675432a5c92b,"{""d"":7.0,""p"":0.00046415888336127773,""r"":7.0}",
      1280,         1,         0,    3.38,correlated_pymatching,760671fe0c95fded9da57d0cc53c6ee70c714e8a2ad47f1b38f6fdd7550fa000,"{""d"":7.0,""p"":0.001,""r"":7.0}","{""obs_mistake_mask=E"":1}"
       640,         0,         0,    3.32,correlated_pymatching,760671fe0c95fded9da57d0cc53c6ee70c714e8a2ad47f1b38f6fdd7550fa000,"{""d"":7.0,""p"":0.001,""r"":7.0}",
    136192,         1,         0,    16.4,correlated_pymatching,4552da301c33225537c328b309766b9a9b6f35af4935d2f0ae1b8498bbcb8ce2,"{""d"":5.0,""p"":0.0001,""r"":5.0}","{""obs_mistake_mask=E"":1}"
    132096,         3,         0,    16.5,correlated_pymatching,e11d85a23de5eeb551ef6741a0f0439ab3117190165e3520581ee138633e39c0,"{""d"":5.0,""p"":0.00021544346900318845,""r"":5.0}","{""obs_mistake_mask=E"":3}"
     87040,         4,         0,    11.7,correlated_pymatching,e11d85a23de5eeb551ef6741a0f0439ab3117190165e3520581ee138633e39c0,"{""d"":5.0,""p"":0.00021544346900318845,""r"":5.0}","{""obs_mistake_mask=E"":4}"
     91136,         0,         0,    11.8,correlated_pymatching,4552da301c33225537c328b309766b9a9b6f35af4935d2f0ae1b8498bbcb8ce2,"{""d"":5.0,""p"":0.0001,""r"":5.0}",
    135168,         1,         0,    16.5,correlated_pymatching,4552da301c33225537c328b309766b9a9b6f35af4935d2f0ae1b8498bbcb8ce2,"{""d"":5.0,""p"":0.0001,""r"":5.0}","{""obs_mistake_mask=E"":1}"
    125952,         2,         0,    16.4,correlated_pymatching,e11d85a23de5eeb551ef6741a0f0439ab3117190165e3520581ee138633e39c0,"{""d"":5.0,""p"":0.00021544346900318845,""r"":5.0}","{""obs_mistake_mask=E"":2}"
      3328,         0,         0,    4.31,correlated_pymatching,36d2c32a16ae1484f4ce556f02edcde754aef238fde2adbd58da928d1dea009c,"{""d"":7.0,""p"":0.00021544346900318845,""r"":7.0}",
      3328,         0,         0,    4.48,correlated_pymatching,b296b1e82a2e96c853ed55118124f370f20f7552855d6c11bbd2675432a5c92b,"{""d"":7.0,""p"":0.00046415888336127773,""r"":7.0}",
     50176,         0,         0,    16.5,correlated_pymatching,f3aeef2556c82844f7e09dca2f007455d33bb5a1704a53de87599ee998bf8408,"{""d"":7.0,""p"":0.0001,""r"":7.0}",
     48128,         0,         0,    16.5,correlated_pymatching,36d2c32a16ae1484f4ce556f02edcde754aef238fde2adbd58da928d1dea009c,"{""d"":7.0,""p"":0.00021544346900318845,""r"":7.0}",
     35840,         0,         0,    12.0,correlated_pymatching,f3aeef2556c82844f7e09dca2f007455d33bb5a1704a53de87599ee998bf8408,"{""d"":7.0,""p"":0.0001,""r"":7.0}",
      1664,         0,         0,    4.33,correlated_pymatching,760671fe0c95fded9da57d0cc53c6ee70c714e8a2ad47f1b38f6fdd7550fa000,"{""d"":7.0,""p"":0.001,""r"":7.0}",
      3328,         0,         0,    4.42,correlated_pymatching,b296b1e82a2e96c853ed55118124f370f20f7552855d6c11bbd2675432a5c92b,"{""d"":7.0,""p"":0.00046415888336127773,""r"":7.0}",
     36864,        11,         0,    16.7,correlated_pymatching,760671fe0c95fded9da57d0cc53c6ee70c714e8a2ad47f1b38f6fdd7550fa000,"{""d"":7.0,""p"":0.001,""r"":7.0}","{""obs_mistake_mask=E"":11}"
       832,         0,         0,    4.30,correlated_pymatching,760671fe0c95fded9da57d0cc53c6ee70c714e8a2ad47f1b38f6fdd7550fa000,"{""d"":7.0,""p"":0.001,""r"":7.0}",
     43008,         2,         0,    16.5,correlated_pymatching,b296b1e82a2e96c853ed55118124f370f20f7552855d6c11bbd2675432a5c92b,"{""d"":7.0,""p"":0.00046415888336127773,""r"":7.0}","{""obs_mistake_mask=E"":2}"
     49152,         0,         0,    16.6,correlated_pymatching,f3aeef2556c82844f7e09dca2f007455d33bb5a1704a53de87599ee998bf8408,"{""d"":7.0,""p"":0.0001,""r"":7.0}",
     35840,         6,         0,    16.5,correlated_pymatching,760671fe0c95fded9da57d0cc53c6ee70c714e8a2ad47f1b38f6fdd7550fa000,"{""d"":7.0,""p"":0.001,""r"":7.0}","{""obs_mistake_mask=E"":6}"
     46080,         0,         0,    16.6,correlated_pymatching,36d2c32a16ae1484f4ce556f02edcde754aef238fde2adbd58da928d1dea009c,"{""d"":7.0,""p"":0.00021544346900318845,""r"":7.0}",
    129024,         0,         0,    16.5,correlated_pymatching,4552da301c33225537c328b309766b9a9b6f35af4935d2f0ae1b8498bbcb8ce2,"{""d"":5.0,""p"":0.0001,""r"":5.0}",
    122880,         1,         0,    16.4,correlated_pymatching,e11d85a23de5eeb551ef6741a0f0439ab3117190165e3520581ee138633e39c0,"{""d"":5.0,""p"":0.00021544346900318845,""r"":5.0}","{""obs_mistake_mask=E"":1}"
     44032,         0,         0,    16.8,correlated_pymatching,b296b1e82a2e96c853ed55118124f370f20f7552855d6c11bbd2675432a5c92b,"{""d"":7.0,""p"":0.00046415888336127773,""r"":7.0}",
    130048,         2,         0,    16.4,correlated_pymatching,4552da301c33225537c328b309766b9a9b6f35af4935d2f0ae1b8498bbcb8ce2,"{""d"":5.0,""p"":0.0001,""r"":5.0}","{""obs_mistake_mask=E"":2}"
     50176,         0,         0,    16.6,correlated_pymatching,f3aeef2556c82844f7e09dca2f007455d33bb5a1704a53de87599ee998bf8408,"{""d"":7.0,""p"":0.0001,""r"":7.0}",
      4864,         0,         0,    6.18,correlated_pymatching,36d2c32a16ae1484f4ce556f02edcde754aef238fde2adbd58da928d1dea009c,"{""d"":7.0,""p"":0.00021544346900318845,""r"":7.0}",
      8704,         0,         0,    6.18,correlated_pymatching,b296b1e82a2e96c853ed55118124f370f20f7552855d6c11bbd2675432a5c92b,"{""d"":7.0,""p"":0.00046415888336127773,""r"":7.0}",
     47104,         0,         0,    16.5,correlated_pymatching,36d2c32a16ae1484f4ce556f02edcde754aef238fde2adbd58da928d1dea009c,"{""d"":7.0,""p"":0.00021544346900318845,""r"":7.0}",
     34816,        10,         0,    16.4,correlated_pymatching,760671fe0c95fded9da57d0cc53c6ee70c714e8a2ad47f1b38f6fdd7550fa000,"{""d"":7.0,""p"":0.001,""r"":7.0}","{""obs_mistake_mask=E"":10}"
    121856,         5,         0,    16.5,correlated_pymatching,e11d85a23de5eeb551ef6741a0f0439ab3117190165e3520581ee138633e39c0,"{""d"":5.0,""p"":0.00021544346900318845,""r"":5.0}","{""obs_mistake_mask=E"":5}"
      2432,         1,         0,    6.19,correlated_pymatching,760671fe0c95fded9da57d0cc53c6ee70c714e8a2ad47f1b38f6fdd7550fa000,"{""d"":7.0,""p"":0.001,""r"":7.0}","{""obs_mistake_mask=E"":1}"
      4864,         0,         0,    6.18,correlated_pymatching,b296b1e82a2e96c853ed55118124f370f20f7552855d6c11bbd2675432a5c92b,"{""d"":7.0,""p"":0.00046415888336127773,""r"":7.0}",
      2560,         1,         0,    6.21,correlated_pymatching,760671fe0c95fded9da57d0cc53c6ee70c714e8a2ad47f1b38f6fdd7550fa000,"{""d"":7.0,""p"":0.001,""r"":7.0}","{""obs_mistake_mask=E"":1}"
     43008,         2,         0,    16.5,correlated_pymatching,b296b1e82a2e96c853ed55118124f370f20f7552855d6c11bbd2675432a5c92b,"{""d"":7.0,""p"":0.00046415888336127773,""r"":7.0}","{""obs_mistake_mask=E"":2}"
     50176,         0,         0,    16.6,correlated_pymatching,f3aeef2556c82844f7e09dca2f007455d33bb5a1704a53de87599ee998bf8408,"{""d"":7.0,""p"":0.0001,""r"":7.0}",
     35840,        19,         0,    16.8,correlated_pymatching,760671fe0c95fded9da57d0cc53c6ee70c714e8a2ad47f1b38f6fdd7550fa000,"{""d"":7.0,""p"":0.001,""r"":7.0}","{""obs_mistake_mask=E"":19}"
     43008,         2,         0,    16.6,correlated_pymatching,b296b1e82a2e96c853ed55118124f370f20f7552855d6c11bbd2675432a5c92b,"{""d"":7.0,""p"":0.00046415888336127773,""r"":7.0}","{""obs_mistake_mask=E"":2}"
     46080,         0,         0,    16.5,correlated_pymatching,36d2c32a16ae1484f4ce556f02edcde754aef238fde2adbd58da928d1dea009c,"{""d"":7.0,""p"":0.00021544346900318845,""r"":7.0}",
    123904,         5,         0,    16.4,correlated_pymatching,e11d85a23de5eeb551ef6741a0f0439ab3117190165e3520581ee138633e39c0,"{""d"":5.0,""p"":0.00021544346900318845,""r"":5.0}","{""obs_mistake_mask=E"":5}"
    130048,         0,         0,    16.4,correlated_pymatching,4552da301c33225537c328b309766b9a9b6f35af4935d2f0ae1b8498bbcb8ce2,"{""d"":5.0,""p"":0.0001,""r"":5.0}",
      7680,         0,         0,    8.57,correlated_pymatching,36d2c32a16ae1484f4ce556f02edcde754aef238fde2adbd58da928d1dea009c,"{""d"":7.0,""p"":0.00021544346900318845,""r"":7.0}",
     14848,         0,         0,    8.65,correlated_pymatching,b296b1e82a2e96c853ed55118124f370f20f7552855d6c11bbd2675432a5c92b,"{""d"":7.0,""p"":0.00046415888336127773,""r"":7.0}",
      3328,         0,         0,    8.41,correlated_pymatching,760671fe0c95fded9da57d0cc53c6ee70c714e8a2ad47f1b38f6fdd7550fa000,"{""d"":7.0,""p"":0.001,""r"":7.0}",
      6656,         0,         0,    8.40,correlated_pymatching,b296b1e82a2e96c853ed55118124f370f20f7552855d6c11bbd2675432a5c92b,"{""d"":7.0,""p"":0.00046415888336127773,""r"":7.0}",
      6400,         1,         0,    8.56,correlated_pymatching,760671fe0c95fded9da57d0cc53c6ee70c714e8a2ad47f1b38f6fdd7550fa000,"{""d"":7.0,""p"":0.001,""r"":7.0}","{""obs_mistake_mask=E"":1}"
     50176,         0,         0,    16.4,correlated_pymatching,f3aeef2556c82844f7e09dca2f007455d33bb5a1704a53de87599ee998bf8408,"{""d"":7.0,""p"":0.0001,""r"":7.0}",
    185344,         0,         0,    23.0,correlated_pymatching,4552da301c33225537c328b309766b9a9b6f35af4935d2f0ae1b8498bbcb8ce2,"{""d"":5.0,""p"":0.0001,""r"":5.0}",
    176128,         2,         0,    23.0,correlated_pymatching,e11d85a23de5eeb551ef6741a0f0439ab3117190165e3520581ee138633e39c0,"{""d"":5.0,""p"":0.00021544346900318845,""r"":5.0}","{""obs_mistake_mask=E"":2}"
    184320,         0,         0,    23.0,correlated_pymatching,4552da301c33225537c328b309766b9a9b6f35af4935d2f0ae1b8498bbcb8ce2,"{""d"":5.0,""p"":0.0001,""r"":5.0}",
    176128,         4,         0,    23.0,correlated_pymatching,e11d85a23de5eeb551ef6741a0f0439ab3117190165e3520581ee138633e39c0,"{""d"":5.0,""p"":0.00021544346900318845,""r"":5.0}","{""obs_mistake_mask=E"":4}"
     67584,         0,         0,    23.2,correlated_pymatching,36d2c32a16ae1484f4ce556f02edcde754aef238fde2adbd58da928d1dea009c,"{""d"":7.0,""p"":0.00021544346900318845,""r"":7.0}",
     71680,         0,         0,    23.3,correlated_pymatching,f3aeef2556c82844f7e09dca2f007455d33bb5a1704a53de87599ee998bf8408,"{""d"":7.0,""p"":0.0001,""r"":7.0}",
     51200,        16,         0,    23.4,correlated_pymatching,760671fe0c95fded9da57d0cc53c6ee70c714e8a2ad47f1b38f6fdd7550fa000,"{""d"":7.0,""p"":0.001,""r"":7.0}","{""obs_mistake_mask=E"":16}"
     62464,         0,         0,    23.2,correlated_pymatching,b296b1e82a2e96c853ed55118124f370f20f7552855d6c11bbd2675432a5c92b,"{""d"":7.0,""p"":0.00046415888336127773,""r"":7.0}",
    161452,         0,         0,    20.0,correlated_pymatching,4552da301c33225537c328b309766b9a9b6f35af4935d2f0ae1b8498bbcb8ce2,"{""d"":5.0,""p"":0.0001,""r"":5.0}",
    179200,         0,         0,    22.1,correlated_pymatching,4552da301c33225537c328b309766b9a9b6f35af4935d2f0ae1b8498bbcb8ce2,"{""d"":5.0,""p"":0.0001,""r"":5.0}",
     68608,         0,         0,    23.1,correlated_pymatching,f3aeef2556c82844f7e09dca2f007455d33bb5a1704a53de87599ee998bf8408,"{""d"":7.0,""p"":0.0001,""r"":7.0}",
     50176,        13,         0,    23.2,correlated_pymatching,760671fe0c95fded9da57d0cc53c6ee70c714e8a2ad47f1b38f6fdd7550fa000,"{""d"":7.0,""p"":0.001,""r"":7.0}","{""obs_mistake_mask=E"":13}"
     65536,         0,         0,    23.2,correlated_pymatching,36d2c32a16ae1484f4ce556f02edcde754aef238fde2adbd58da928d1dea009c,"{""d"":7.0,""p"":0.00021544346900318845,""r"":7.0}",
    176128,         4,         0,    23.0,correlated_pymatching,e11d85a23de5eeb551ef6741a0f0439ab3117190165e3520581ee138633e39c0,"{""d"":5.0,""p"":0.00021544346900318845,""r"":5.0}","{""obs_mistake_mask=E"":4}"
     60416,         2,         0,    23.0,correlated_pymatching,b296b1e82a2e96c853ed55118124f370f20f7552855d6c11bbd2675432a5c92b,"{""d"":7.0,""p"":0.00046415888336127773,""r"":7.0}","{""obs_mistake_mask=E"":2}"
     93253,         2,         0,    11.6,correlated_pymatching,4552da301c33225537c328b309766b9a9b6f35af4935d2f0ae1b8498bbcb8ce2,"{""d"":5.0,""p"":0.0001,""r"":5.0}","{""obs_mistake_mask=E"":2}"
     43008,         0,         0,    5.33,correlated_pymatching,4552da301c33225537c328b309766b9a9b6f35af4935d2f0ae1b8498bbcb8ce2,"{""d"":5.0,""p"":0.0001,""r"":5.0}",
     38762,         0,         0,    4.84,correlated_pymatching,4552da301c33225537c328b309766b9a9b6f35af4935d2f0ae1b8498bbcb8ce2,"{""d"":5.0,""p"":0.0001,""r"":5.0}",
     18432,         0,         0,    11.9,correlated_pymatching,36d2c32a16ae1484f4ce556f02edcde754aef238fde2adbd58da928d1dea009c,"{""d"":7.0,""p"":0.00021544346900318845,""r"":7.0}",
     13056,         1,         0,    11.9,correlated_pymatching,b296b1e82a2e96c853ed55118124f370f20f7552855d6c11bbd2675432a5c92b,"{""d"":7.0,""p"":0.00046415888336127773,""r"":7.0}","{""obs_mistake_mask=E"":1}"
      4736,         1,         0,    11.9,correlated_pymatching,760671fe0c95fded9da57d0cc53c6ee70c714e8a2ad47f1b38f6fdd7550fa000,"{""d"":7.0,""p"":0.001,""r"":7.0}","{""obs_mistake_mask=E"":1}"
     31744,         0,         0,    12.0,correlated_pymatching,b296b1e82a2e96c853ed55118124f370f20f7552855d6c11bbd2675432a5c92b,"{""d"":7.0,""p"":0.00046415888336127773,""r"":7.0}",
     22408,         0,         0,    2.72,correlated_pymatching,4552da301c33225537c328b309766b9a9b6f35af4935d2f0ae1b8498bbcb8ce2,"{""d"":5.0,""p"":0.0001,""r"":5.0}",
     22408,         0,         0,    2.73,correlated_pymatching,4552da301c33225537c328b309766b9a9b6f35af4935d2f0ae1b8498bbcb8ce2,"{""d"":5.0,""p"":0.0001,""r"":5.0}",
      8960,         5,         0,    12.0,correlated_pymatching,760671fe0c95fded9da57d0cc53c6ee70c714e8a2ad47f1b38f6fdd7550fa000,"{""d"":7.0,""p"":0.001,""r"":7.0}","{""obs_mistake_mask=E"":5}"
     13445,         0,         0,    1.74,correlated_pymatching,4552da301c33225537c328b309766b9a9b6f35af4935d2f0ae1b8498bbcb8ce2,"{""d"":5.0,""p"":0.0001,""r"":5.0}",
     13312,         0,         0,    1.63,correlated_pymatching,4552da301c33225537c328b309766b9a9b6f35af4935d2f0ae1b8498bbcb8ce2,"{""d"":5.0,""p"":0.0001,""r"":5.0}",
     70656,         0,         0,    23.2,correlated_pymatching,f3aeef2556c82844f7e09dca2f007455d33bb5a1704a53de87599ee998bf8408,"{""d"":7.0,""p"":0.0001,""r"":7.0}",
     15360,         0,         0,    1.87,correlated_pymatching,4552da301c33225537c328b309766b9a9b6f35af4935d2f0ae1b8498bbcb8ce2,"{""d"":5.0,""p"":0.0001,""r"":5.0}",
       133,         0,         0,   0.102,correlated_pymatching,4552da301c33225537c328b309766b9a9b6f35af4935d2f0ae1b8498bbcb8ce2,"{""d"":5.0,""p"":0.0001,""r"":5.0}",
       869,         0,         0,   0.114,correlated_pymatching,4552da301c33225537c328b309766b9a9b6f35af4935d2f0ae1b8498bbcb8ce2,"{""d"":5.0,""p"":0.0001,""r"":5.0}",
      7168,         0,         0,   0.859,correlated_pymatching,4552da301c33225537c328b309766b9a9b6f35af4935d2f0ae1b8498bbcb8ce2,"{""d"":5.0,""p"":0.0001,""r"":5.0}",
      8192,         0,         0,   0.986,correlated_pymatching,4552da301c33225537c328b309766b9a9b6f35af4935d2f0ae1b8498bbcb8ce2,"{""d"":5.0,""p"":0.0001,""r"":5.0}",
       926,         0,         0,   0.115,correlated_pymatching,4552da301c33225537c328b309766b9a9b6f35af4935d2f0ae1b8498bbcb8ce2,"{""d"":5.0,""p"":0.0001,""r"":5.0}",
      2048,         0,         0,   0.237,correlated_pymatching,4552da301c33225537c328b309766b9a9b6f35af4935d2f0ae1b8498bbcb8ce2,"{""d"":5.0,""p"":0.0001,""r"":5.0}",
       815,         0,         0,   0.113,correlated_pymatching,4552da301c33225537c328b309766b9a9b6f35af4935d2f0ae1b8498bbcb8ce2,"{""d"":5.0,""p"":0.0001,""r"":5.0}",
      1749,         0,         0,   0.252,correlated_pymatching,4552da301c33225537c328b309766b9a9b6f35af4935d2f0ae1b8498bbcb8ce2,"{""d"":5.0,""p"":0.0001,""r"":5.0}",
         5,         0,         0,   0.108,correlated_pymatching,4552da301c33225537c328b309766b9a9b6f35af4935d2f0ae1b8498bbcb8ce2,"{""d"":5.0,""p"":0.0001,""r"":5.0}",
       519,         0,         0,   0.112,correlated_pymatching,4552da301c33225537c328b309766b9a9b6f35af4935d2f0ae1b8498bbcb8ce2,"{""d"":5.0,""p"":0.0001,""r"":5.0}",
       934,         0,         0,   0.120,correlated_pymatching,4552da301c33225537c328b309766b9a9b6f35af4935d2f0ae1b8498bbcb8ce2,"{""d"":5.0,""p"":0.0001,""r"":5.0}",
      1749,         0,         0,   0.233,correlated_pymatching,4552da301c33225537c328b309766b9a9b6f35af4935d2f0ae1b8498bbcb8ce2,"{""d"":5.0,""p"":0.0001,""r"":5.0}",
    173056,         6,         0,    22.1,correlated_pymatching,e11d85a23de5eeb551ef6741a0f0439ab3117190165e3520581ee138633e39c0,"{""d"":5.0,""p"":0.00021544346900318845,""r"":5.0}","{""obs_mistake_mask=E"":6}"
         1,         0,         0,   0.145,correlated_pymatching,e11d85a23de5eeb551ef6741a0f0439ab3117190165e3520581ee138633e39c0,"{""d"":5.0,""p"":0.00021544346900318845,""r"":5.0}",
         4,         0,         0,   0.107,correlated_pymatching,e11d85a23de5eeb551ef6741a0f0439ab3117190165e3520581ee138633e39c0,"{""d"":5.0,""p"":0.00021544346900318845,""r"":5.0}",
        16,         0,         0,   0.120,correlated_pymatching,e11d85a23de5eeb551ef6741a0f0439ab3117190165e3520581ee138633e39c0,"{""d"":5.0,""p"":0.00021544346900318845,""r"":5.0}",
        64,         0,         0,   0.112,correlated_pymatching,e11d85a23de5eeb551ef6741a0f0439ab3117190165e3520581ee138633e39c0,"{""d"":5.0,""p"":0.00021544346900318845,""r"":5.0}",
     67584,         0,         0,    23.1,correlated_pymatching,36d2c32a16ae1484f4ce556f02edcde754aef238fde2adbd58da928d1dea009c,"{""d"":7.0,""p"":0.00021544346900318845,""r"":7.0}",
         1,         0,         0,   0.327,correlated_pymatching,36d2c32a16ae1484f4ce556f02edcde754aef238fde2adbd58da928d1dea009c,"{""d"":7.0,""p"":0.00021544346900318845,""r"":7.0}",
         1,         0,         0,   0.323,correlated_pymatching,f3aeef2556c82844f7e09dca2f007455d33bb5a1704a53de87599ee998bf8408,"{""d"":7.0,""p"":0.0001,""r"":7.0}",
         1,         0,         0,   0.326,correlated_pymatching,f3aeef2556c82844f7e09dca2f007455d33bb5a1704a53de87599ee998bf8408,"{""d"":7.0,""p"":0.0001,""r"":7.0}",
         1,         0,         0,   0.334,correlated_pymatching,36d2c32a16ae1484f4ce556f02edcde754aef238fde2adbd58da928d1dea009c,"{""d"":7.0,""p"":0.00021544346900318845,""r"":7.0}",
       256,         0,         0,   0.112,correlated_pymatching,e11d85a23de5eeb551ef6741a0f0439ab3117190165e3520581ee138633e39c0,"{""d"":5.0,""p"":0.00021544346900318845,""r"":5.0}",
      1024,         1,         0,   0.140,correlated_pymatching,e11d85a23de5eeb551ef6741a0f0439ab3117190165e3520581ee138633e39c0,"{""d"":5.0,""p"":0.00021544346900318845,""r"":5.0}","{""obs_mistake_mask=E"":1}"
         1,         0,         0,   0.300,correlated_pymatching,f3aeef2556c82844f7e09dca2f007455d33bb5a1704a53de87599ee998bf8408,"{""d"":7.0,""p"":0.0001,""r"":7.0}",
         1,         0,         0,   0.308,correlated_pymatching,36d2c32a16ae1484f4ce556f02edcde754aef238fde2adbd58da928d1dea009c,"{""d"":7.0,""p"":0.00021544346900318845,""r"":7.0}",
         1,         0,         0,   0.304,correlated_pymatching,36d2c32a16ae1484f4ce556f02edcde754aef238fde2adbd58da928d1dea009c,"{""d"":7.0,""p"":0.00021544346900318845,""r"":7.0}",
         1,         0,         0,   0.308,correlated_pymatching,f3aeef2556c82844f7e09dca2f007455d33bb5a1704a53de87599ee998bf8408,"{""d"":7.0,""p"":0.0001,""r"":7.0}",
      1024,         0,         0,   0.132,correlated_pymatching,e11d85a23de5eeb551ef6741a0f0439ab3117190165e3520581ee138633e39c0,"{""d"":5.0,""p"":0.00021544346900318845,""r"":5.0}",
     50176,        17,         0,    23.4,correlated_pymatching,760671fe0c95fded9da57d0cc53c6ee70c714e8a2ad47f1b38f6fdd7550fa000,"{""d"":7.0,""p"":0.001,""r"":7.0}","{""obs_mistake_mask=E"":17}"
    116110,         5,         0,    15.1,correlated_pymatching,e11d85a23de5eeb551ef6741a0f0439ab3117190165e3520581ee138633e39c0,"{""d"":5.0,""p"":0.00021544346900318845,""r"":5.0}","{""obs_mistake_mask=E"":5}"
      1024,         0,         0,   0.132,correlated_pymatching,e11d85a23de5eeb551ef6741a0f0439ab3117190165e3520581ee138633e39c0,"{""d"":5.0,""p"":0.00021544346900318845,""r"":5.0}",
         2,         0,         0,   0.294,correlated_pymatching,f3aeef2556c82844f7e09dca2f007455d33bb5a1704a53de87599ee998bf8408,"{""d"":7.0,""p"":0.0001,""r"":7.0}",
         1,         0,         0,   0.300,correlated_pymatching,36d2c32a16ae1484f4ce556f02edcde754aef238fde2adbd58da928d1dea009c,"{""d"":7.0,""p"":0.00021544346900318845,""r"":7.0}",
         1,         0,         0,   0.300,correlated_pymatching,f3aeef2556c82844f7e09dca2f007455d33bb5a1704a53de87599ee998bf8408,"{""d"":7.0,""p"":0.0001,""r"":7.0}",
         1,         0,         0,   0.304,correlated_pymatching,36d2c32a16ae1484f4ce556f02edcde754aef238fde2adbd58da928d1dea009c,"{""d"":7.0,""p"":0.00021544346900318845,""r"":7.0}",
     67517,         5,         0,    8.75,correlated_pymatching,e11d85a23de5eeb551ef6741a0f0439ab3117190165e3520581ee138633e39c0,"{""d"":5.0,""p"":0.00021544346900318845,""r"":5.0}","{""obs_mistake_mask=E"":5}"
     61440,         1,         0,    23.1,correlated_pymatching,b296b1e82a2e96c853ed55118124f370f20f7552855d6c11bbd2675432a5c92b,"{""d"":7.0,""p"":0.00046415888336127773,""r"":7.0}","{""obs_mistake_mask=E"":1}"
      2048,         0,         0,   0.258,correlated_pymatching,e11d85a23de5eeb551ef6741a0f0439ab3117190165e3520581ee138633e39c0,"{""d"":5.0,""p"":0.00021544346900318845,""r"":5.0}",
     60416,         2,         0,    7.78,correlated_pymatching,e11d85a23de5eeb551ef6741a0f0439ab3117190165e3520581ee138633e39c0,"{""d"":5.0,""p"":0.00021544346900318845,""r"":5.0}","{""obs_mistake_mask=E"":2}"
         4,         0,         0,   0.303,correlated_pymatching,f3aeef2556c82844f7e09dca2f007455d33bb5a1704a53de87599ee998bf8408,"{""d"":7.0,""p"":0.0001,""r"":7.0}",
         2,         0,         0,   0.304,correlated_pymatching,36d2c32a16ae1484f4ce556f02edcde754aef238fde2adbd58da928d1dea009c,"{""d"":7.0,""p"":0.00021544346900318845,""r"":7.0}",
         1,         0,         0,   0.300,correlated_pymatching,36d2c32a16ae1484f4ce556f02edcde754aef238fde2adbd58da928d1dea009c,"{""d"":7.0,""p"":0.00021544346900318845,""r"":7.0}",
         1,         0,         0,   0.308,correlated_pymatching,f3aeef2556c82844f7e09dca2f007455d33bb5a1704a53de87599ee998bf8408,"{""d"":7.0,""p"":0.0001,""r"":7.0}",
      2048,         0,         0,   0.265,correlated_pymatching,e11d85a23de5eeb551ef6741a0f0439ab3117190165e3520581ee138633e39c0,"{""d"":5.0,""p"":0.00021544346900318845,""r"":5.0}",
         4,         0,         0,   0.294,correlated_pymatching,f3aeef2556c82844f7e09dca2f007455d33bb5a1704a53de87599ee998bf8408,"{""d"":7.0,""p"":0.0001,""r"":7.0}",
         2,         0,         0,   0.304,correlated_pymatching,36d2c32a16ae1484f4ce556f02edcde754aef238fde2adbd58da928d1dea009c,"{""d"":7.0,""p"":0.00021544346900318845,""r"":7.0}",
         2,         0,         0,   0.300,correlated_pymatching,36d2c32a16ae1484f4ce556f02edcde754aef238fde2adbd58da928d1dea009c,"{""d"":7.0,""p"":0.00021544346900318845,""r"":7.0}",
         1,         0,         0,   0.300,correlated_pymatching,f3aeef2556c82844f7e09dca2f007455d33bb5a1704a53de87599ee998bf8408,"{""d"":7.0,""p"":0.0001,""r"":7.0}",
      3072,         0,         0,   0.386,correlated_pymatching,e11d85a23de5eeb551ef6741a0f0439ab3117190165e3520581ee138633e39c0,"{""d"":5.0,""p"":0.00021544346900318845,""r"":5.0}",
         8,         0,         0,   0.300,correlated_pymatching,f3aeef2556c82844f7e09dca2f007455d33bb5a1704a53de87599ee998bf8408,"{""d"":7.0,""p"":0.0001,""r"":7.0}",
         2,         0,         0,   0.300,correlated_pymatching,36d2c32a16ae1484f4ce556f02edcde754aef238fde2adbd58da928d1dea009c,"{""d"":7.0,""p"":0.00021544346900318845,""r"":7.0}",
         4,         0,         0,   0.304,correlated_pymatching,36d2c32a16ae1484f4ce556f02edcde754aef238fde2adbd58da928d1dea009c,"{""d"":7.0,""p"":0.00021544346900318845,""r"":7.0}",
         2,         0,         0,   0.300,correlated_pymatching,f3aeef2556c82844f7e09dca2f007455d33bb5a1704a53de87599ee998bf8408,"{""d"":7.0,""p"":0.0001,""r"":7.0}",
        16,         0,         0,   0.296,correlated_pymatching,f3aeef2556c82844f7e09dca2f007455d33bb5a1704a53de87599ee998bf8408,"{""d"":7.0,""p"":0.0001,""r"":7.0}",
         4,         0,         0,   0.300,correlated_pymatching,36d2c32a16ae1484f4ce556f02edcde754aef238fde2adbd58da928d1dea009c,"{""d"":7.0,""p"":0.00021544346900318845,""r"":7.0}",
         4,         0,         0,   0.304,correlated_pymatching,36d2c32a16ae1484f4ce556f02edcde754aef238fde2adbd58da928d1dea009c,"{""d"":7.0,""p"":0.00021544346900318845,""r"":7.0}",
         4,         0,         0,   0.304,correlated_pymatching,f3aeef2556c82844f7e09dca2f007455d33bb5a1704a53de87599ee998bf8408,"{""d"":7.0,""p"":0.0001,""r"":7.0}",
      4096,         0,         0,   0.561,correlated_pymatching,e11d85a23de5eeb551ef6741a0f0439ab3117190165e3520581ee138633e39c0,"{""d"":5.0,""p"":0.00021544346900318845,""r"":5.0}",
        32,         0,         0,   0.300,correlated_pymatching,f3aeef2556c82844f7e09dca2f007455d33bb5a1704a53de87599ee998bf8408,"{""d"":7.0,""p"":0.0001,""r"":7.0}",
         8,         0,         0,   0.305,correlated_pymatching,36d2c32a16ae1484f4ce556f02edcde754aef238fde2adbd58da928d1dea009c,"{""d"":7.0,""p"":0.00021544346900318845,""r"":7.0}",
         4,         0,         0,   0.304,correlated_pymatching,36d2c32a16ae1484f4ce556f02edcde754aef238fde2adbd58da928d1dea009c,"{""d"":7.0,""p"":0.00021544346900318845,""r"":7.0}",
         4,         0,         0,   0.300,correlated_pymatching,f3aeef2556c82844f7e09dca2f007455d33bb5a1704a53de87599ee998bf8408,"{""d"":7.0,""p"":0.0001,""r"":7.0}",
     70656,         0,         0,    23.0,correlated_pymatching,f3aeef2556c82844f7e09dca2f007455d33bb5a1704a53de87599ee998bf8408,"{""d"":7.0,""p"":0.0001,""r"":7.0}",
        64,         0,         0,   0.304,correlated_pymatching,f3aeef2556c82844f7e09dca2f007455d33bb5a1704a53de87599ee998bf8408,"{""d"":7.0,""p"":0.0001,""r"":7.0}",
         8,         0,         0,   0.352,correlated_pymatching,f3aeef2556c82844f7e09dca2f007455d33bb5a1704a53de87599ee998bf8408,"{""d"":7.0,""p"":0.0001,""r"":7.0}",
         8,         0,         0,   0.367,correlated_pymatching,36d2c32a16ae1484f4ce556f02edcde754aef238fde2adbd58da928d1dea009c,"{""d"":7.0,""p"":0.00021544346900318845,""r"":7.0}",
         4,         0,         0,   0.364,correlated_pymatching,36d2c32a16ae1484f4ce556f02edcde754aef238fde2adbd58da928d1dea009c,"{""d"":7.0,""p"":0.00021544346900318845,""r"":7.0}",
      5120,         0,         0,   0.695,correlated_pymatching,e11d85a23de5eeb551ef6741a0f0439ab3117190165e3520581ee138633e39c0,"{""d"":5.0,""p"":0.00021544346900318845,""r"":5.0}",
        64,         0,         0,   0.300,correlated_pymatching,f3aeef2556c82844f7e09dca2f007455d33bb5a1704a53de87599ee998bf8408,"{""d"":7.0,""p"":0.0001,""r"":7.0}",
         8,         0,         0,   0.299,correlated_pymatching,f3aeef2556c82844f7e09dca2f007455d33bb5a1704a53de87599ee998bf8408,"{""d"":7.0,""p"":0.0001,""r"":7.0}",
         8,         0,         0,   0.308,correlated_pymatching,36d2c32a16ae1484f4ce556f02edcde754aef238fde2adbd58da928d1dea009c,"{""d"":7.0,""p"":0.00021544346900318845,""r"":7.0}",
         4,         0,         0,   0.304,correlated_pymatching,36d2c32a16ae1484f4ce556f02edcde754aef238fde2adbd58da928d1dea009c,"{""d"":7.0,""p"":0.00021544346900318845,""r"":7.0}",
       128,         0,         0,   0.308,correlated_pymatching,f3aeef2556c82844f7e09dca2f007455d33bb5a1704a53de87599ee998bf8408,"{""d"":7.0,""p"":0.0001,""r"":7.0}",
        16,         0,         0,   0.304,correlated_pymatching,f3aeef2556c82844f7e09dca2f007455d33bb5a1704a53de87599ee998bf8408,"{""d"":7.0,""p"":0.0001,""r"":7.0}",
         8,         0,         0,   0.298,correlated_pymatching,36d2c32a16ae1484f4ce556f02edcde754aef238fde2adbd58da928d1dea009c,"{""d"":7.0,""p"":0.00021544346900318845,""r"":7.0}",
         4,         0,         0,   0.308,correlated_pymatching,36d2c32a16ae1484f4ce556f02edcde754aef238fde2adbd58da928d1dea009c,"{""d"":7.0,""p"":0.00021544346900318845,""r"":7.0}",
     18354,         0,         0,    2.41,correlated_pymatching,e11d85a23de5eeb551ef6741a0f0439ab3117190165e3520581ee138633e39c0,"{""d"":5.0,""p"":0.00021544346900318845,""r"":5.0}",
     52224,         1,         0,    6.72,correlated_pymatching,e11d85a23de5eeb551ef6741a0f0439ab3117190165e3520581ee138633e39c0,"{""d"":5.0,""p"":0.00021544346900318845,""r"":5.0}","{""obs_mistake_mask=E"":1}"
      7168,         0,         0,   0.919,correlated_pymatching,e11d85a23de5eeb551ef6741a0f0439ab3117190165e3520581ee138633e39c0,"{""d"":5.0,""p"":0.00021544346900318845,""r"":5.0}",
       256,         0,         0,   0.600,correlated_pymatching,f3aeef2556c82844f7e09dca2f007455d33bb5a1704a53de87599ee998bf8408,"{""d"":7.0,""p"":0.0001,""r"":7.0}",
        32,         0,         0,   0.608,correlated_pymatching,f3aeef2556c82844f7e09dca2f007455d33bb5a1704a53de87599ee998bf8408,"{""d"":7.0,""p"":0.0001,""r"":7.0}",
         8,         0,         0,   0.601,correlated_pymatching,36d2c32a16ae1484f4ce556f02edcde754aef238fde2adbd58da928d1dea009c,"{""d"":7.0,""p"":0.00021544346900318845,""r"":7.0}",
        32,         0,         0,   0.622,correlated_pymatching,36d2c32a16ae1484f4ce556f02edcde754aef238fde2adbd58da928d1dea009c,"{""d"":7.0,""p"":0.00021544346900318845,""r"":7.0}",
     51200,        18,         0,    23.4,correlated_pymatching,760671fe0c95fded9da57d0cc53c6ee70c714e8a2ad47f1b38f6fdd7550fa000,"{""d"":7.0,""p"":0.001,""r"":7.0}","{""obs_mistake_mask=E"":18}"
     60416,         2,         0,    23.2,correlated_pymatching,b296b1e82a2e96c853ed55118124f370f20f7552855d6c11bbd2675432a5c92b,"{""d"":7.0,""p"":0.00046415888336127773,""r"":7.0}","{""obs_mistake_mask=E"":2}"
     65536,         0,         0,    23.0,correlated_pymatching,36d2c32a16ae1484f4ce556f02edcde754aef238fde2adbd58da928d1dea009c,"{""d"":7.0,""p"":0.00021544346900318845,""r"":7.0}",
       512,         0,         0,   0.614,correlated_pymatching,f3aeef2556c82844f7e09dca2f007455d33bb5a1704a53de87599ee998bf8408,"{""d"":7.0,""p"":0.0001,""r"":7.0}",
        32,         0,         0,   0.608,correlated_pymatching,f3aeef2556c82844f7e09dca2f007455d33bb5a1704a53de87599ee998bf8408,"{""d"":7.0,""p"":0.0001,""r"":7.0}",
        24,         0,         0,   0.602,correlated_pymatching,36d2c32a16ae1484f4ce556f02edcde754aef238fde2adbd58da928d1dea009c,"{""d"":7.0,""p"":0.00021544346900318845,""r"":7.0}",
        64,         0,         0,   0.612,correlated_pymatching,36d2c32a16ae1484f4ce556f02edcde754aef238fde2adbd58da928d1dea009c,"{""d"":7.0,""p"":0.00021544346900318845,""r"":7.0}",
     40235,         0,         0,    5.24,correlated_pymatching,e11d85a23de5eeb551ef6741a0f0439ab3117190165e3520581ee138633e39c0,"{""d"":5.0,""p"":0.00021544346900318845,""r"":5.0}",
     31744,         0,         0,    4.15,correlated_pymatching,e11d85a23de5eeb551ef6741a0f0439ab3117190165e3520581ee138633e39c0,"{""d"":5.0,""p"":0.00021544346900318845,""r"":5.0}",
     30720,         0,         0,    3.96,correlated_pymatching,e11d85a23de5eeb551ef6741a0f0439ab3117190165e3520581ee138633e39c0,"{""d"":5.0,""p"":0.00021544346900318845,""r"":5.0}",
      9216,         0,         0,    1.18,correlated_pymatching,e11d85a23de5eeb551ef6741a0f0439ab3117190165e3520581ee138633e39c0,"{""d"":5.0,""p"":0.00021544346900318845,""r"":5.0}",
      2695,         0,         0,   0.381,correlated_pymatching,e11d85a23de5eeb551ef6741a0f0439ab3117190165e3520581ee138633e39c0,"{""d"":5.0,""p"":0.00021544346900318845,""r"":5.0}",
     14336,         0,         0,    1.87,correlated_pymatching,e11d85a23de5eeb551ef6741a0f0439ab3117190165e3520581ee138633e39c0,"{""d"":5.0,""p"":0.00021544346900318845,""r"":5.0}",
     14336,         0,         0,    1.82,correlated_pymatching,e11d85a23de5eeb551ef6741a0f0439ab3117190165e3520581ee138633e39c0,"{""d"":5.0,""p"":0.00021544346900318845,""r"":5.0}",
      1024,         0,         0,   0.926,correlated_pymatching,f3aeef2556c82844f7e09dca2f007455d33bb5a1704a53de87599ee998bf8408,"{""d"":7.0,""p"":0.0001,""r"":7.0}",
        48,         0,         0,   0.920,correlated_pymatching,f3aeef2556c82844f7e09dca2f007455d33bb5a1704a53de87599ee998bf8408,"{""d"":7.0,""p"":0.0001,""r"":7.0}",
        67,         0,         0,   0.105,correlated_pymatching,e11d85a23de5eeb551ef6741a0f0439ab3117190165e3520581ee138633e39c0,"{""d"":5.0,""p"":0.00021544346900318845,""r"":5.0}",
        48,         0,         0,   0.920,correlated_pymatching,36d2c32a16ae1484f4ce556f02edcde754aef238fde2adbd58da928d1dea009c,"{""d"":7.0,""p"":0.00021544346900318845,""r"":7.0}",
        96,         0,         0,   0.911,correlated_pymatching,36d2c32a16ae1484f4ce556f02edcde754aef238fde2adbd58da928d1dea009c,"{""d"":7.0,""p"":0.00021544346900318845,""r"":7.0}",
      1523,         0,         0,   0.236,correlated_pymatching,e11d85a23de5eeb551ef6741a0f0439ab3117190165e3520581ee138633e39c0,"{""d"":5.0,""p"":0.00021544346900318845,""r"":5.0}",
      6456,         0,         0,   0.903,correlated_pymatching,e11d85a23de5eeb551ef6741a0f0439ab3117190165e3520581ee138633e39c0,"{""d"":5.0,""p"":0.00021544346900318845,""r"":5.0}",
      2035,         0,         0,   0.264,correlated_pymatching,e11d85a23de5eeb551ef6741a0f0439ab3117190165e3520581ee138633e39c0,"{""d"":5.0,""p"":0.00021544346900318845,""r"":5.0}",
      8192,         0,         0,    1.04,correlated_pymatching,e11d85a23de5eeb551ef6741a0f0439ab3117190165e3520581ee138633e39c0,"{""d"":5.0,""p"":0.00021544346900318845,""r"":5.0}",
      7168,         0,         0,   0.917,correlated_pymatching,e11d85a23de5eeb551ef6741a0f0439ab3117190165e3520581ee138633e39c0,"{""d"":5.0,""p"":0.00021544346900318845,""r"":5.0}",
       278,         0,         0,   0.113,correlated_pymatching,e11d85a23de5eeb551ef6741a0f0439ab3117190165e3520581ee138633e39c0,"{""d"":5.0,""p"":0.00021544346900318845,""r"":5.0}",
      5115,         0,         0,   0.645,correlated_pymatching,e11d85a23de5eeb551ef6741a0f0439ab3117190165e3520581ee138633e39c0,"{""d"":5.0,""p"":0.00021544346900318845,""r"":5.0}",
      3179,         0,         0,   0.502,correlated_pymatching,e11d85a23de5eeb551ef6741a0f0439ab3117190165e3520581ee138633e39c0,"{""d"":5.0,""p"":0.00021544346900318845,""r"":5.0}",
       653,         0,         0,   0.103,correlated_pymatching,e11d85a23de5eeb551ef6741a0f0439ab3117190165e3520581ee138633e39c0,"{""d"":5.0,""p"":0.00021544346900318845,""r"":5.0}",
       534,         0,         0,   0.107,correlated_pymatching,e11d85a23de5eeb551ef6741a0f0439ab3117190165e3520581ee138633e39c0,"{""d"":5.0,""p"":0.00021544346900318845,""r"":5.0}",
        47,         0,         0,   0.114,correlated_pymatching,e11d85a23de5eeb551ef6741a0f0439ab3117190165e3520581ee138633e39c0,"{""d"":5.0,""p"":0.00021544346900318845,""r"":5.0}",
      1317,         0,         0,   0.241,correlated_pymatching,e11d85a23de5eeb551ef6741a0f0439ab3117190165e3520581ee138633e39c0,"{""d"":5.0,""p"":0.00021544346900318845,""r"":5.0}",
      2048,         0,         0,   0.262,correlated_pymatching,e11d85a23de5eeb551ef6741a0f0439ab3117190165e3520581ee138633e39c0,"{""d"":5.0,""p"":0.00021544346900318845,""r"":5.0}",
        21,         0,         0,   0.096,correlated_pymatching,e11d85a23de5eeb551ef6741a0f0439ab3117190165e3520581ee138633e39c0,"{""d"":5.0,""p"":0.00021544346900318845,""r"":5.0}",
        21,         0,         0,   0.097,correlated_pymatching,e11d85a23de5eeb551ef6741a0f0439ab3117190165e3520581ee138633e39c0,"{""d"":5.0,""p"":0.00021544346900318845,""r"":5.0}",
        21,         0,         0,   0.108,correlated_pymatching,e11d85a23de5eeb551ef6741a0f0439ab3117190165e3520581ee138633e39c0,"{""d"":5.0,""p"":0.00021544346900318845,""r"":5.0}",
        21,         0,         0,   0.105,correlated_pymatching,e11d85a23de5eeb551ef6741a0f0439ab3117190165e3520581ee138633e39c0,"{""d"":5.0,""p"":0.00021544346900318845,""r"":5.0}",
        16,         0,         0,   0.107,correlated_pymatching,e11d85a23de5eeb551ef6741a0f0439ab3117190165e3520581ee138633e39c0,"{""d"":5.0,""p"":0.00021544346900318845,""r"":5.0}",
        21,         0,         0,   0.109,correlated_pymatching,e11d85a23de5eeb551ef6741a0f0439ab3117190165e3520581ee138633e39c0,"{""d"":5.0,""p"":0.00021544346900318845,""r"":5.0}",
      2048,         0,         0,    1.26,correlated_pymatching,f3aeef2556c82844f7e09dca2f007455d33bb5a1704a53de87599ee998bf8408,"{""d"":7.0,""p"":0.0001,""r"":7.0}",
       144,         0,         0,    1.22,correlated_pymatching,f3aeef2556c82844f7e09dca2f007455d33bb5a1704a53de87599ee998bf8408,"{""d"":7.0,""p"":0.0001,""r"":7.0}",
        64,         0,         0,    1.22,correlated_pymatching,36d2c32a16ae1484f4ce556f02edcde754aef238fde2adbd58da928d1dea009c,"{""d"":7.0,""p"":0.00021544346900318845,""r"":7.0}",
       128,         0,         0,    1.23,correlated_pymatching,36d2c32a16ae1484f4ce556f02edcde754aef238fde2adbd58da928d1dea009c,"{""d"":7.0,""p"":0.00021544346900318845,""r"":7.0}",
         1,         0,         0,   0.330,correlated_pymatching,b296b1e82a2e96c853ed55118124f370f20f7552855d6c11bbd2675432a5c92b,"{""d"":7.0,""p"":0.00046415888336127773,""r"":7.0}",
         1,         0,         0,   0.338,correlated_pymatching,760671fe0c95fded9da57d0cc53c6ee70c714e8a2ad47f1b38f6fdd7550fa000,"{""d"":7.0,""p"":0.001,""r"":7.0}",
         1,         0,         0,   0.327,correlated_pymatching,f3aeef2556c82844f7e09dca2f007455d33bb5a1704a53de87599ee998bf8408,"{""d"":7.0,""p"":0.0001,""r"":7.0}",
         1,         0,         0,   0.346,correlated_pymatching,b296b1e82a2e96c853ed55118124f370f20f7552855d6c11bbd2675432a5c92b,"{""d"":7.0,""p"":0.00046415888336127773,""r"":7.0}",
         1,         0,         0,   0.331,correlated_pymatching,36d2c32a16ae1484f4ce556f02edcde754aef238fde2adbd58da928d1dea009c,"{""d"":7.0,""p"":0.00021544346900318845,""r"":7.0}",
         1,         0,         0,   0.339,correlated_pymatching,760671fe0c95fded9da57d0cc53c6ee70c714e8a2ad47f1b38f6fdd7550fa000,"{""d"":7.0,""p"":0.001,""r"":7.0}",
         1,         0,         0,   0.300,correlated_pymatching,b296b1e82a2e96c853ed55118124f370f20f7552855d6c11bbd2675432a5c92b,"{""d"":7.0,""p"":0.00046415888336127773,""r"":7.0}",
         1,         0,         0,   0.308,correlated_pymatching,760671fe0c95fded9da57d0cc53c6ee70c714e8a2ad47f1b38f6fdd7550fa000,"{""d"":7.0,""p"":0.001,""r"":7.0}",
         1,         0,         0,   0.308,correlated_pymatching,b296b1e82a2e96c853ed55118124f370f20f7552855d6c11bbd2675432a5c92b,"{""d"":7.0,""p"":0.00046415888336127773,""r"":7.0}",
         1,         0,         0,   0.308,correlated_pymatching,f3aeef2556c82844f7e09dca2f007455d33bb5a1704a53de87599ee998bf8408,"{""d"":7.0,""p"":0.0001,""r"":7.0}",
         1,         0,         0,   0.314,correlated_pymatching,36d2c32a16ae1484f4ce556f02edcde754aef238fde2adbd58da928d1dea009c,"{""d"":7.0,""p"":0.00021544346900318845,""r"":7.0}",
         1,         0,         0,   0.312,correlated_pymatching,760671fe0c95fded9da57d0cc53c6ee70c714e8a2ad47f1b38f6fdd7550fa000,"{""d"":7.0,""p"":0.001,""r"":7.0}",
         2,         0,         0,   0.312,correlated_pymatching,b296b1e82a2e96c853ed55118124f370f20f7552855d6c11bbd2675432a5c92b,"{""d"":7.0,""p"":0.00046415888336127773,""r"":7.0}",
         1,         0,         0,   0.304,correlated_pymatching,b296b1e82a2e96c853ed55118124f370f20f7552855d6c11bbd2675432a5c92b,"{""d"":7.0,""p"":0.00046415888336127773,""r"":7.0}",
         1,         0,         0,   0.312,correlated_pymatching,760671fe0c95fded9da57d0cc53c6ee70c714e8a2ad47f1b38f6fdd7550fa000,"{""d"":7.0,""p"":0.001,""r"":7.0}",
         1,         0,         0,   0.308,correlated_pymatching,f3aeef2556c82844f7e09dca2f007455d33bb5a1704a53de87599ee998bf8408,"{""d"":7.0,""p"":0.0001,""r"":7.0}",
         1,         0,         0,   0.308,correlated_pymatching,760671fe0c95fded9da57d0cc53c6ee70c714e8a2ad47f1b38f6fdd7550fa000,"{""d"":7.0,""p"":0.001,""r"":7.0}",
         1,         0,         0,   0.308,correlated_pymatching,36d2c32a16ae1484f4ce556f02edcde754aef238fde2adbd58da928d1dea009c,"{""d"":7.0,""p"":0.00021544346900318845,""r"":7.0}",
         1,         0,         0,   0.321,correlated_pymatching,760671fe0c95fded9da57d0cc53c6ee70c714e8a2ad47f1b38f6fdd7550fa000,"{""d"":7.0,""p"":0.001,""r"":7.0}",
         1,         0,         0,   0.317,correlated_pymatching,760671fe0c95fded9da57d0cc53c6ee70c714e8a2ad47f1b38f6fdd7550fa000,"{""d"":7.0,""p"":0.001,""r"":7.0}",
         1,         0,         0,   0.344,correlated_pymatching,b296b1e82a2e96c853ed55118124f370f20f7552855d6c11bbd2675432a5c92b,"{""d"":7.0,""p"":0.00046415888336127773,""r"":7.0}",
         2,         0,         0,   0.364,correlated_pymatching,b296b1e82a2e96c853ed55118124f370f20f7552855d6c11bbd2675432a5c92b,"{""d"":7.0,""p"":0.00046415888336127773,""r"":7.0}",
         1,         0,         0,   0.347,correlated_pymatching,f3aeef2556c82844f7e09dca2f007455d33bb5a1704a53de87599ee998bf8408,"{""d"":7.0,""p"":0.0001,""r"":7.0}",
         1,         0,         0,   0.336,correlated_pymatching,36d2c32a16ae1484f4ce556f02edcde754aef238fde2adbd58da928d1dea009c,"{""d"":7.0,""p"":0.00021544346900318845,""r"":7.0}",
         1,         0,         0,   0.303,correlated_pymatching,760671fe0c95fded9da57d0cc53c6ee70c714e8a2ad47f1b38f6fdd7550fa000,"{""d"":7.0,""p"":0.001,""r"":7.0}",
         2,         0,         0,   0.300,correlated_pymatching,b296b1e82a2e96c853ed55118124f370f20f7552855d6c11bbd2675432a5c92b,"{""d"":7.0,""p"":0.00046415888336127773,""r"":7.0}",
         1,         0,         0,   0.317,correlated_pymatching,760671fe0c95fded9da57d0cc53c6ee70c714e8a2ad47f1b38f6fdd7550fa000,"{""d"":7.0,""p"":0.001,""r"":7.0}",
        80,         0,         0,    1.56,correlated_pymatching,36d2c32a16ae1484f4ce556f02edcde754aef238fde2adbd58da928d1dea009c,"{""d"":7.0,""p"":0.00021544346900318845,""r"":7.0}",
         1,         0,         0,   0.308,correlated_pymatching,b296b1e82a2e96c853ed55118124f370f20f7552855d6c11bbd2675432a5c92b,"{""d"":7.0,""p"":0.00046415888336127773,""r"":7.0}",
         1,         0,         0,   0.304,correlated_pymatching,36d2c32a16ae1484f4ce556f02edcde754aef238fde2adbd58da928d1dea009c,"{""d"":7.0,""p"":0.00021544346900318845,""r"":7.0}",
      2560,         0,         0,    1.60,correlated_pymatching,f3aeef2556c82844f7e09dca2f007455d33bb5a1704a53de87599ee998bf8408,"{""d"":7.0,""p"":0.0001,""r"":7.0}",
         1,         0,         0,   0.309,correlated_pymatching,f3aeef2556c82844f7e09dca2f007455d33bb5a1704a53de87599ee998bf8408,"{""d"":7.0,""p"":0.0001,""r"":7.0}",
       512,         0,         0,    1.58,correlated_pymatching,f3aeef2556c82844f7e09dca2f007455d33bb5a1704a53de87599ee998bf8408,"{""d"":7.0,""p"":0.0001,""r"":7.0}",
       160,         0,         0,    1.64,correlated_pymatching,36d2c32a16ae1484f4ce556f02edcde754aef238fde2adbd58da928d1dea009c,"{""d"":7.0,""p"":0.00021544346900318845,""r"":7.0}",
         1,         0,         0,   0.308,correlated_pymatching,760671fe0c95fded9da57d0cc53c6ee70c714e8a2ad47f1b38f6fdd7550fa000,"{""d"":7.0,""p"":0.001,""r"":7.0}",
         4,         0,         0,   0.304,correlated_pymatching,b296b1e82a2e96c853ed55118124f370f20f7552855d6c11bbd2675432a5c92b,"{""d"":7.0,""p"":0.00046415888336127773,""r"":7.0}",
         1,         0,         0,   0.306,correlated_pymatching,760671fe0c95fded9da57d0cc53c6ee70c714e8a2ad47f1b38f6fdd7550fa000,"{""d"":7.0,""p"":0.001,""r"":7.0}",
         1,         0,         0,   0.304,correlated_pymatching,36d2c32a16ae1484f4ce556f02edcde754aef238fde2adbd58da928d1dea009c,"{""d"":7.0,""p"":0.00021544346900318845,""r"":7.0}",
         1,         0,         0,   0.308,correlated_pymatching,b296b1e82a2e96c853ed55118124f370f20f7552855d6c11bbd2675432a5c92b,"{""d"":7.0,""p"":0.00046415888336127773,""r"":7.0}",
         1,         0,         0,   0.304,correlated_pymatching,f3aeef2556c82844f7e09dca2f007455d33bb5a1704a53de87599ee998bf8408,"{""d"":7.0,""p"":0.0001,""r"":7.0}",
         1,         0,         0,   0.304,correlated_pymatching,760671fe0c95fded9da57d0cc53c6ee70c714e8a2ad47f1b38f6fdd7550fa000,"{""d"":7.0,""p"":0.001,""r"":7.0}",
         1,         0,         0,   0.304,correlated_pymatching,760671fe0c95fded9da57d0cc53c6ee70c714e8a2ad47f1b38f6fdd7550fa000,"{""d"":7.0,""p"":0.001,""r"":7.0}",
         1,         0,         0,   0.304,correlated_pymatching,b296b1e82a2e96c853ed55118124f370f20f7552855d6c11bbd2675432a5c92b,"{""d"":7.0,""p"":0.00046415888336127773,""r"":7.0}",
         1,         0,         0,   0.300,correlated_pymatching,f3aeef2556c82844f7e09dca2f007455d33bb5a1704a53de87599ee998bf8408,"{""d"":7.0,""p"":0.0001,""r"":7.0}",
         4,         0,         0,   0.312,correlated_pymatching,b296b1e82a2e96c853ed55118124f370f20f7552855d6c11bbd2675432a5c92b,"{""d"":7.0,""p"":0.00046415888336127773,""r"":7.0}",
         1,         0,         0,   0.308,correlated_pymatching,36d2c32a16ae1484f4ce556f02edcde754aef238fde2adbd58da928d1dea009c,"{""d"":7.0,""p"":0.00021544346900318845,""r"":7.0}",
         1,         0,         0,   0.304,correlated_pymatching,760671fe0c95fded9da57d0cc53c6ee70c714e8a2ad47f1b38f6fdd7550fa000,"{""d"":7.0,""p"":0.001,""r"":7.0}",
         1,         0,         0,   0.296,correlated_pymatching,36d2c32a16ae1484f4ce556f02edcde754aef238fde2adbd58da928d1dea009c,"{""d"":7.0,""p"":0.00021544346900318845,""r"":7.0}",
         1,         0,         0,   0.308,correlated_pymatching,760671fe0c95fded9da57d0cc53c6ee70c714e8a2ad47f1b38f6fdd7550fa000,"{""d"":7.0,""p"":0.001,""r"":7.0}",
         4,         0,         0,   0.308,correlated_pymatching,b296b1e82a2e96c853ed55118124f370f20f7552855d6c11bbd2675432a5c92b,"{""d"":7.0,""p"":0.00046415888336127773,""r"":7.0}",
         2,         0,         0,   0.308,correlated_pymatching,f3aeef2556c82844f7e09dca2f007455d33bb5a1704a53de87599ee998bf8408,"{""d"":7.0,""p"":0.0001,""r"":7.0}",
         1,         0,         0,   0.308,correlated_pymatching,b296b1e82a2e96c853ed55118124f370f20f7552855d6c11bbd2675432a5c92b,"{""d"":7.0,""p"":0.00046415888336127773,""r"":7.0}",
         1,         0,         0,   0.312,correlated_pymatching,760671fe0c95fded9da57d0cc53c6ee70c714e8a2ad47f1b38f6fdd7550fa000,"{""d"":7.0,""p"":0.001,""r"":7.0}",
         1,         0,         0,   0.304,correlated_pymatching,760671fe0c95fded9da57d0cc53c6ee70c714e8a2ad47f1b38f6fdd7550fa000,"{""d"":7.0,""p"":0.001,""r"":7.0}",
         4,         0,         0,   0.302,correlated_pymatching,b296b1e82a2e96c853ed55118124f370f20f7552855d6c11bbd2675432a5c92b,"{""d"":7.0,""p"":0.00046415888336127773,""r"":7.0}",
         1,         0,         0,   0.304,correlated_pymatching,b296b1e82a2e96c853ed55118124f370f20f7552855d6c11bbd2675432a5c92b,"{""d"":7.0,""p"":0.00046415888336127773,""r"":7.0}",
         2,         0,         0,   0.316,correlated_pymatching,36d2c32a16ae1484f4ce556f02edcde754aef238fde2adbd58da928d1dea009c,"{""d"":7.0,""p"":0.00021544346900318845,""r"":7.0}",
         2,         0,         0,   0.308,correlated_pymatching,f3aeef2556c82844f7e09dca2f007455d33bb5a1704a53de87599ee998bf8408,"{""d"":7.0,""p"":0.0001,""r"":7.0}",
         2,         0,         0,   0.292,correlated_pymatching,f3aeef2556c82844f7e09dca2f007455d33bb5a1704a53de87599ee998bf8408,"{""d"":7.0,""p"":0.0001,""r"":7.0}",
         4,         0,         0,   0.305,correlated_pymatching,b296b1e82a2e96c853ed55118124f370f20f7552855d6c11bbd2675432a5c92b,"{""d"":7.0,""p"":0.00046415888336127773,""r"":7.0}",
         1,         0,         0,   0.320,correlated_pymatching,760671fe0c95fded9da57d0cc53c6ee70c714e8a2ad47f1b38f6fdd7550fa000,"{""d"":7.0,""p"":0.001,""r"":7.0}",
         1,         0,         0,   0.320,correlated_pymatching,b296b1e82a2e96c853ed55118124f370f20f7552855d6c11bbd2675432a5c92b,"{""d"":7.0,""p"":0.00046415888336127773,""r"":7.0}",
         2,         0,         0,   0.328,correlated_pymatching,36d2c32a16ae1484f4ce556f02edcde754aef238fde2adbd58da928d1dea009c,"{""d"":7.0,""p"":0.00021544346900318845,""r"":7.0}",
         1,         0,         0,   0.356,correlated_pymatching,760671fe0c95fded9da57d0cc53c6ee70c714e8a2ad47f1b38f6fdd7550fa000,"{""d"":7.0,""p"":0.001,""r"":7.0}",
         4,         0,         0,   0.304,correlated_pymatching,f3aeef2556c82844f7e09dca2f007455d33bb5a1704a53de87599ee998bf8408,"{""d"":7.0,""p"":0.0001,""r"":7.0}",
         4,         0,         0,   0.312,correlated_pymatching,b296b1e82a2e96c853ed55118124f370f20f7552855d6c11bbd2675432a5c92b,"{""d"":7.0,""p"":0.00046415888336127773,""r"":7.0}",
         1,         0,         0,   0.304,correlated_pymatching,760671fe0c95fded9da57d0cc53c6ee70c714e8a2ad47f1b38f6fdd7550fa000,"{""d"":7.0,""p"":0.001,""r"":7.0}",
         1,         0,         0,   0.312,correlated_pymatching,b296b1e82a2e96c853ed55118124f370f20f7552855d6c11bbd2675432a5c92b,"{""d"":7.0,""p"":0.00046415888336127773,""r"":7.0}",
         1,         0,         0,   0.304,correlated_pymatching,760671fe0c95fded9da57d0cc53c6ee70c714e8a2ad47f1b38f6fdd7550fa000,"{""d"":7.0,""p"":0.001,""r"":7.0}",
         2,         0,         0,   0.308,correlated_pymatching,36d2c32a16ae1484f4ce556f02edcde754aef238fde2adbd58da928d1dea009c,"{""d"":7.0,""p"":0.00021544346900318845,""r"":7.0}",
      1536,         0,         0,    2.32,correlated_pymatching,f3aeef2556c82844f7e09dca2f007455d33bb5a1704a53de87599ee998bf8408,"{""d"":7.0,""p"":0.0001,""r"":7.0}",
      3584,         0,         0,    2.34,correlated_pymatching,f3aeef2556c82844f7e09dca2f007455d33bb5a1704a53de87599ee998bf8408,"{""d"":7.0,""p"":0.0001,""r"":7.0}",
       416,         0,         0,    2.26,correlated_pymatching,36d2c32a16ae1484f4ce556f02edcde754aef238fde2adbd58da928d1dea009c,"{""d"":7.0,""p"":0.00021544346900318845,""r"":7.0}",
         8,         0,         0,   0.612,correlated_pymatching,f3aeef2556c82844f7e09dca2f007455d33bb5a1704a53de87599ee998bf8408,"{""d"":7.0,""p"":0.0001,""r"":7.0}",
         8,         0,         0,   0.624,correlated_pymatching,b296b1e82a2e96c853ed55118124f370f20f7552855d6c11bbd2675432a5c92b,"{""d"":7.0,""p"":0.00046415888336127773,""r"":7.0}",
         2,         0,         0,   0.624,correlated_pymatching,760671fe0c95fded9da57d0cc53c6ee70c714e8a2ad47f1b38f6fdd7550fa000,"{""d"":7.0,""p"":0.001,""r"":7.0}",
         2,         0,         0,   0.616,correlated_pymatching,b296b1e82a2e96c853ed55118124f370f20f7552855d6c11bbd2675432a5c92b,"{""d"":7.0,""p"":0.00046415888336127773,""r"":7.0}",
       128,         0,         0,    2.47,correlated_pymatching,36d2c32a16ae1484f4ce556f02edcde754aef238fde2adbd58da928d1dea009c,"{""d"":7.0,""p"":0.00021544346900318845,""r"":7.0}",
         2,         0,         0,   0.616,correlated_pymatching,760671fe0c95fded9da57d0cc53c6ee70c714e8a2ad47f1b38f6fdd7550fa000,"{""d"":7.0,""p"":0.001,""r"":7.0}",
         4,         0,         0,   0.622,correlated_pymatching,36d2c32a16ae1484f4ce556f02edcde754aef238fde2adbd58da928d1dea009c,"{""d"":7.0,""p"":0.00021544346900318845,""r"":7.0}",
     70656,         0,         0,    23.2,correlated_pymatching,f3aeef2556c82844f7e09dca2f007455d33bb5a1704a53de87599ee998bf8408,"{""d"":7.0,""p"":0.0001,""r"":7.0}",
        24,         0,         0,   0.604,correlated_pymatching,f3aeef2556c82844f7e09dca2f007455d33bb5a1704a53de87599ee998bf8408,"{""d"":7.0,""p"":0.0001,""r"":7.0}",
        12,         0,         0,   0.604,correlated_pymatching,b296b1e82a2e96c853ed55118124f370f20f7552855d6c11bbd2675432a5c92b,"{""d"":7.0,""p"":0.00046415888336127773,""r"":7.0}",
         3,         0,         0,   0.604,correlated_pymatching,b296b1e82a2e96c853ed55118124f370f20f7552855d6c11bbd2675432a5c92b,"{""d"":7.0,""p"":0.00046415888336127773,""r"":7.0}",
         2,         0,         0,   0.604,correlated_pymatching,760671fe0c95fded9da57d0cc53c6ee70c714e8a2ad47f1b38f6fdd7550fa000,"{""d"":7.0,""p"":0.001,""r"":7.0}",
         4,         0,         0,   0.613,correlated_pymatching,36d2c32a16ae1484f4ce556f02edcde754aef238fde2adbd58da928d1dea009c,"{""d"":7.0,""p"":0.00021544346900318845,""r"":7.0}",
         2,         0,         0,   0.664,correlated_pymatching,760671fe0c95fded9da57d0cc53c6ee70c714e8a2ad47f1b38f6fdd7550fa000,"{""d"":7.0,""p"":0.001,""r"":7.0}",
         6,         0,         0,    1.06,correlated_pymatching,b296b1e82a2e96c853ed55118124f370f20f7552855d6c11bbd2675432a5c92b,"{""d"":7.0,""p"":0.00046415888336127773,""r"":7.0}",
        48,         0,         0,    1.09,correlated_pymatching,f3aeef2556c82844f7e09dca2f007455d33bb5a1704a53de87599ee998bf8408,"{""d"":7.0,""p"":0.0001,""r"":7.0}",
        40,         0,         0,    1.07,correlated_pymatching,b296b1e82a2e96c853ed55118124f370f20f7552855d6c11bbd2675432a5c92b,"{""d"":7.0,""p"":0.00046415888336127773,""r"":7.0}",
         3,         0,         0,    1.06,correlated_pymatching,760671fe0c95fded9da57d0cc53c6ee70c714e8a2ad47f1b38f6fdd7550fa000,"{""d"":7.0,""p"":0.001,""r"":7.0}",
         3,         0,         0,    1.02,correlated_pymatching,760671fe0c95fded9da57d0cc53c6ee70c714e8a2ad47f1b38f6fdd7550fa000,"{""d"":7.0,""p"":0.001,""r"":7.0}",
         6,         0,         0,    1.05,correlated_pymatching,36d2c32a16ae1484f4ce556f02edcde754aef238fde2adbd58da928d1dea009c,"{""d"":7.0,""p"":0.00021544346900318845,""r"":7.0}",
         5,         0,         0,    1.22,correlated_pymatching,760671fe0c95fded9da57d0cc53c6ee70c714e8a2ad47f1b38f6fdd7550fa000,"{""d"":7.0,""p"":0.001,""r"":7.0}",
        64,         0,         0,    1.24,correlated_pymatching,b296b1e82a2e96c853ed55118124f370f20f7552855d6c11bbd2675432a5c92b,"{""d"":7.0,""p"":0.00046415888336127773,""r"":7.0}",
         8,         0,         0,    1.25,correlated_pymatching,b296b1e82a2e96c853ed55118124f370f20f7552855d6c11bbd2675432a5c92b,"{""d"":7.0,""p"":0.00046415888336127773,""r"":7.0}",
         4,         0,         0,    1.26,correlated_pymatching,760671fe0c95fded9da57d0cc53c6ee70c714e8a2ad47f1b38f6fdd7550fa000,"{""d"":7.0,""p"":0.001,""r"":7.0}",
         8,         0,         0,    1.26,correlated_pymatching,36d2c32a16ae1484f4ce556f02edcde754aef238fde2adbd58da928d1dea009c,"{""d"":7.0,""p"":0.00021544346900318845,""r"":7.0}",
      4352,         0,         0,    3.09,correlated_pymatching,f3aeef2556c82844f7e09dca2f007455d33bb5a1704a53de87599ee998bf8408,"{""d"":7.0,""p"":0.0001,""r"":7.0}",
        64,         0,         0,    1.30,correlated_pymatching,f3aeef2556c82844f7e09dca2f007455d33bb5a1704a53de87599ee998bf8408,"{""d"":7.0,""p"":0.0001,""r"":7.0}",
      1792,         0,         0,    3.22,correlated_pymatching,36d2c32a16ae1484f4ce556f02edcde754aef238fde2adbd58da928d1dea009c,"{""d"":7.0,""p"":0.00021544346900318845,""r"":7.0}",
       160,         0,         0,    3.18,correlated_pymatching,36d2c32a16ae1484f4ce556f02edcde754aef238fde2adbd58da928d1dea009c,"{""d"":7.0,""p"":0.00021544346900318845,""r"":7.0}",
      5120,         0,         0,    3.34,correlated_pymatching,f3aeef2556c82844f7e09dca2f007455d33bb5a1704a53de87599ee998bf8408,"{""d"":7.0,""p"":0.0001,""r"":7.0}",
     25088,         0,         0,    16.5,correlated_pymatching,36d2c32a16ae1484f4ce556f02edcde754aef238fde2adbd58da928d1dea009c,"{""d"":7.0,""p"":0.00021544346900318845,""r"":7.0}",
     43008,         1,         0,    16.6,correlated_pymatching,b296b1e82a2e96c853ed55118124f370f20f7552855d6c11bbd2675432a5c92b,"{""d"":7.0,""p"":0.00046415888336127773,""r"":7.0}","{""obs_mistake_mask=E"":1}"
     24576,         0,         0,    16.7,correlated_pymatching,b296b1e82a2e96c853ed55118124f370f20f7552855d6c11bbd2675432a5c92b,"{""d"":7.0,""p"":0.00046415888336127773,""r"":7.0}",
      8704,         1,         0,    16.7,correlated_pymatching,760671fe0c95fded9da57d0cc53c6ee70c714e8a2ad47f1b38f6fdd7550fa000,"{""d"":7.0,""p"":0.001,""r"":7.0}","{""obs_mistake_mask=E"":1}"
     12032,         4,         0,    16.5,correlated_pymatching,760671fe0c95fded9da57d0cc53c6ee70c714e8a2ad47f1b38f6fdd7550fa000,"{""d"":7.0,""p"":0.001,""r"":7.0}","{""obs_mistake_mask=E"":4}"
        38,         0,         0,    1.83,correlated_pymatching,b296b1e82a2e96c853ed55118124f370f20f7552855d6c11bbd2675432a5c92b,"{""d"":7.0,""p"":0.00046415888336127773,""r"":7.0}",
        40,         0,         0,    1.84,correlated_pymatching,760671fe0c95fded9da57d0cc53c6ee70c714e8a2ad47f1b38f6fdd7550fa000,"{""d"":7.0,""p"":0.001,""r"":7.0}",
       272,         0,         0,    1.84,correlated_pymatching,b296b1e82a2e96c853ed55118124f370f20f7552855d6c11bbd2675432a5c92b,"{""d"":7.0,""p"":0.00046415888336127773,""r"":7.0}",
        14,         0,         0,    1.83,correlated_pymatching,760671fe0c95fded9da57d0cc53c6ee70c714e8a2ad47f1b38f6fdd7550fa000,"{""d"":7.0,""p"":0.001,""r"":7.0}",
        18,         0,         0,    1.86,correlated_pymatching,36d2c32a16ae1484f4ce556f02edcde754aef238fde2adbd58da928d1dea009c,"{""d"":7.0,""p"":0.00021544346900318845,""r"":7.0}",
       256,         0,         0,    1.84,correlated_pymatching,f3aeef2556c82844f7e09dca2f007455d33bb5a1704a53de87599ee998bf8408,"{""d"":7.0,""p"":0.0001,""r"":7.0}",
       192,         0,         0,    2.46,correlated_pymatching,b296b1e82a2e96c853ed55118124f370f20f7552855d6c11bbd2675432a5c92b,"{""d"":7.0,""p"":0.00046415888336127773,""r"":7.0}",
       176,         0,         0,    2.47,correlated_pymatching,760671fe0c95fded9da57d0cc53c6ee70c714e8a2ad47f1b38f6fdd7550fa000,"{""d"":7.0,""p"":0.001,""r"":7.0}",
        64,         0,         0,    2.46,correlated_pymatching,760671fe0c95fded9da57d0cc53c6ee70c714e8a2ad47f1b38f6fdd7550fa000,"{""d"":7.0,""p"":0.001,""r"":7.0}",
       512,         0,         0,    2.48,correlated_pymatching,b296b1e82a2e96c853ed55118124f370f20f7552855d6c11bbd2675432a5c92b,"{""d"":7.0,""p"":0.00046415888336127773,""r"":7.0}",
       704,         0,         0,    2.46,correlated_pymatching,f3aeef2556c82844f7e09dca2f007455d33bb5a1704a53de87599ee998bf8408,"{""d"":7.0,""p"":0.0001,""r"":7.0}",
        32,         0,         0,    2.47,correlated_pymatching,36d2c32a16ae1484f4ce556f02edcde754aef238fde2adbd58da928d1dea009c,"{""d"":7.0,""p"":0.00021544346900318845,""r"":7.0}",
      7168,         0,         0,    4.50,correlated_pymatching,f3aeef2556c82844f7e09dca2f007455d33bb5a1704a53de87599ee998bf8408,"{""d"":7.0,""p"":0.0001,""r"":7.0}",
       480,         0,         0,    4.28,correlated_pymatching,36d2c32a16ae1484f4ce556f02edcde754aef238fde2adbd58da928d1dea009c,"{""d"":7.0,""p"":0.00021544346900318845,""r"":7.0}",
      3584,         0,         0,    4.46,correlated_pymatching,36d2c32a16ae1484f4ce556f02edcde754aef238fde2adbd58da928d1dea009c,"{""d"":7.0,""p"":0.00021544346900318845,""r"":7.0}",
      7168,         0,         0,    4.40,correlated_pymatching,f3aeef2556c82844f7e09dca2f007455d33bb5a1704a53de87599ee998bf8408,"{""d"":7.0,""p"":0.0001,""r"":7.0}",
       320,         0,         0,    3.08,correlated_pymatching,b296b1e82a2e96c853ed55118124f370f20f7552855d6c11bbd2675432a5c92b,"{""d"":7.0,""p"":0.00046415888336127773,""r"":7.0}",
       192,         0,         0,    3.10,correlated_pymatching,760671fe0c95fded9da57d0cc53c6ee70c714e8a2ad47f1b38f6fdd7550fa000,"{""d"":7.0,""p"":0.001,""r"":7.0}",
       640,         0,         0,    3.11,correlated_pymatching,b296b1e82a2e96c853ed55118124f370f20f7552855d6c11bbd2675432a5c92b,"{""d"":7.0,""p"":0.00046415888336127773,""r"":7.0}",
        40,         0,         0,    3.09,correlated_pymatching,36d2c32a16ae1484f4ce556f02edcde754aef238fde2adbd58da928d1dea009c,"{""d"":7.0,""p"":0.00021544346900318845,""r"":7.0}",
      2048,         0,         0,    3.10,correlated_pymatching,f3aeef2556c82844f7e09dca2f007455d33bb5a1704a53de87599ee998bf8408,"{""d"":7.0,""p"":0.0001,""r"":7.0}",
       640,         0,         0,    3.15,correlated_pymatching,760671fe0c95fded9da57d0cc53c6ee70c714e8a2ad47f1b38f6fdd7550fa000,"{""d"":7.0,""p"":0.001,""r"":7.0}",
      9728,         0,         0,    6.12,correlated_pymatching,f3aeef2556c82844f7e09dca2f007455d33bb5a1704a53de87599ee998bf8408,"{""d"":7.0,""p"":0.0001,""r"":7.0}",
      4864,         0,         0,    6.01,correlated_pymatching,36d2c32a16ae1484f4ce556f02edcde754aef238fde2adbd58da928d1dea009c,"{""d"":7.0,""p"":0.00021544346900318845,""r"":7.0}",
      9728,         0,         0,    5.98,correlated_pymatching,f3aeef2556c82844f7e09dca2f007455d33bb5a1704a53de87599ee998bf8408,"{""d"":7.0,""p"":0.0001,""r"":7.0}",
      2496,         0,         0,    6.20,correlated_pymatching,36d2c32a16ae1484f4ce556f02edcde754aef238fde2adbd58da928d1dea009c,"{""d"":7.0,""p"":0.00021544346900318845,""r"":7.0}",
       896,         0,         0,    4.35,correlated_pymatching,b296b1e82a2e96c853ed55118124f370f20f7552855d6c11bbd2675432a5c92b,"{""d"":7.0,""p"":0.00046415888336127773,""r"":7.0}",
       960,         1,         0,    4.36,correlated_pymatching,760671fe0c95fded9da57d0cc53c6ee70c714e8a2ad47f1b38f6fdd7550fa000,"{""d"":7.0,""p"":0.001,""r"":7.0}","{""obs_mistake_mask=E"":1}"
      4352,         0,         0,    4.40,correlated_pymatching,f3aeef2556c82844f7e09dca2f007455d33bb5a1704a53de87599ee998bf8408,"{""d"":7.0,""p"":0.0001,""r"":7.0}",
       448,         0,         0,    4.43,correlated_pymatching,760671fe0c95fded9da57d0cc53c6ee70c714e8a2ad47f1b38f6fdd7550fa000,"{""d"":7.0,""p"":0.001,""r"":7.0}",
        84,         0,         0,    4.42,correlated_pymatching,36d2c32a16ae1484f4ce556f02edcde754aef238fde2adbd58da928d1dea009c,"{""d"":7.0,""p"":0.00021544346900318845,""r"":7.0}",
       800,         0,         0,    4.50,correlated_pymatching,b296b1e82a2e96c853ed55118124f370f20f7552855d6c11bbd2675432a5c92b,"{""d"":7.0,""p"":0.00046415888336127773,""r"":7.0}",
     93184,         0,         0,    32.2,correlated_pymatching,36d2c32a16ae1484f4ce556f02edcde754aef238fde2adbd58da928d1dea009c,"{""d"":7.0,""p"":0.00021544346900318845,""r"":7.0}",
     98304,         0,         0,    32.2,correlated_pymatching,f3aeef2556c82844f7e09dca2f007455d33bb5a1704a53de87599ee998bf8408,"{""d"":7.0,""p"":0.0001,""r"":7.0}",
     70656,        21,         0,    32.3,correlated_pymatching,760671fe0c95fded9da57d0cc53c6ee70c714e8a2ad47f1b38f6fdd7550fa000,"{""d"":7.0,""p"":0.001,""r"":7.0}","{""obs_mistake_mask=E"":21}"
     86016,         2,         0,    32.4,correlated_pymatching,b296b1e82a2e96c853ed55118124f370f20f7552855d6c11bbd2675432a5c92b,"{""d"":7.0,""p"":0.00046415888336127773,""r"":7.0}","{""obs_mistake_mask=E"":2}"
     96256,         0,         0,    32.3,correlated_pymatching,f3aeef2556c82844f7e09dca2f007455d33bb5a1704a53de87599ee998bf8408,"{""d"":7.0,""p"":0.0001,""r"":7.0}",
     69632,        22,         0,    32.3,correlated_pymatching,760671fe0c95fded9da57d0cc53c6ee70c714e8a2ad47f1b38f6fdd7550fa000,"{""d"":7.0,""p"":0.001,""r"":7.0}","{""obs_mistake_mask=E"":22}"
     91136,         0,         0,    32.5,correlated_pymatching,36d2c32a16ae1484f4ce556f02edcde754aef238fde2adbd58da928d1dea009c,"{""d"":7.0,""p"":0.00021544346900318845,""r"":7.0}",
     83968,         0,         0,    32.2,correlated_pymatching,b296b1e82a2e96c853ed55118124f370f20f7552855d6c11bbd2675432a5c92b,"{""d"":7.0,""p"":0.00046415888336127773,""r"":7.0}",
     98304,         0,         0,    32.2,correlated_pymatching,f3aeef2556c82844f7e09dca2f007455d33bb5a1704a53de87599ee998bf8408,"{""d"":7.0,""p"":0.0001,""r"":7.0}",
       608,         0,         0,    6.03,correlated_pymatching,760671fe0c95fded9da57d0cc53c6ee70c714e8a2ad47f1b38f6fdd7550fa000,"{""d"":7.0,""p"":0.001,""r"":7.0}",
       288,         0,         0,    6.06,correlated_pymatching,36d2c32a16ae1484f4ce556f02edcde754aef238fde2adbd58da928d1dea009c,"{""d"":7.0,""p"":0.00021544346900318845,""r"":7.0}",
      2496,         0,         0,    6.09,correlated_pymatching,b296b1e82a2e96c853ed55118124f370f20f7552855d6c11bbd2675432a5c92b,"{""d"":7.0,""p"":0.00046415888336127773,""r"":7.0}",
      2304,         0,         0,    6.25,correlated_pymatching,b296b1e82a2e96c853ed55118124f370f20f7552855d6c11bbd2675432a5c92b,"{""d"":7.0,""p"":0.00046415888336127773,""r"":7.0}",
      9728,         0,         0,    6.22,correlated_pymatching,f3aeef2556c82844f7e09dca2f007455d33bb5a1704a53de87599ee998bf8408,"{""d"":7.0,""p"":0.0001,""r"":7.0}",
      2432,         2,         0,    6.28,correlated_pymatching,760671fe0c95fded9da57d0cc53c6ee70c714e8a2ad47f1b38f6fdd7550fa000,"{""d"":7.0,""p"":0.001,""r"":7.0}","{""obs_mistake_mask=E"":2}"
     93184,         0,         0,    32.3,correlated_pymatching,36d2c32a16ae1484f4ce556f02edcde754aef238fde2adbd58da928d1dea009c,"{""d"":7.0,""p"":0.00021544346900318845,""r"":7.0}",
     12800,         0,         0,    8.37,correlated_pymatching,f3aeef2556c82844f7e09dca2f007455d33bb5a1704a53de87599ee998bf8408,"{""d"":7.0,""p"":0.0001,""r"":7.0}",
     68608,        27,         0,    32.2,correlated_pymatching,760671fe0c95fded9da57d0cc53c6ee70c714e8a2ad47f1b38f6fdd7550fa000,"{""d"":7.0,""p"":0.001,""r"":7.0}","{""obs_mistake_mask=E"":27}"
     13312,         0,         0,    8.51,correlated_pymatching,f3aeef2556c82844f7e09dca2f007455d33bb5a1704a53de87599ee998bf8408,"{""d"":7.0,""p"":0.0001,""r"":7.0}",
      6656,         0,         0,    8.43,correlated_pymatching,36d2c32a16ae1484f4ce556f02edcde754aef238fde2adbd58da928d1dea009c,"{""d"":7.0,""p"":0.00021544346900318845,""r"":7.0}",
      6656,         0,         0,    8.53,correlated_pymatching,36d2c32a16ae1484f4ce556f02edcde754aef238fde2adbd58da928d1dea009c,"{""d"":7.0,""p"":0.00021544346900318845,""r"":7.0}",
     83968,         0,         0,    32.1,correlated_pymatching,b296b1e82a2e96c853ed55118124f370f20f7552855d6c11bbd2675432a5c92b,"{""d"":7.0,""p"":0.00046415888336127773,""r"":7.0}",
     98304,         0,         0,    32.2,correlated_pymatching,f3aeef2556c82844f7e09dca2f007455d33bb5a1704a53de87599ee998bf8408,"{""d"":7.0,""p"":0.0001,""r"":7.0}",
     81920,         1,         0,    32.1,correlated_pymatching,b296b1e82a2e96c853ed55118124f370f20f7552855d6c11bbd2675432a5c92b,"{""d"":7.0,""p"":0.00046415888336127773,""r"":7.0}","{""obs_mistake_mask=E"":1}"
     69632,        22,         0,    32.4,correlated_pymatching,760671fe0c95fded9da57d0cc53c6ee70c714e8a2ad47f1b38f6fdd7550fa000,"{""d"":7.0,""p"":0.001,""r"":7.0}","{""obs_mistake_mask=E"":22}"
     90112,         0,         0,    32.4,correlated_pymatching,36d2c32a16ae1484f4ce556f02edcde754aef238fde2adbd58da928d1dea009c,"{""d"":7.0,""p"":0.00021544346900318845,""r"":7.0}",
     44032,         0,         0,    23.2,correlated_pymatching,36d2c32a16ae1484f4ce556f02edcde754aef238fde2adbd58da928d1dea009c,"{""d"":7.0,""p"":0.00021544346900318845,""r"":7.0}",
     59392,         1,         0,    23.1,correlated_pymatching,b296b1e82a2e96c853ed55118124f370f20f7552855d6c11bbd2675432a5c92b,"{""d"":7.0,""p"":0.00046415888336127773,""r"":7.0}","{""obs_mistake_mask=E"":1}"
     34304,         1,         0,    23.2,correlated_pymatching,b296b1e82a2e96c853ed55118124f370f20f7552855d6c11bbd2675432a5c92b,"{""d"":7.0,""p"":0.00046415888336127773,""r"":7.0}","{""obs_mistake_mask=E"":1}"
     19456,         4,         0,    23.2,correlated_pymatching,760671fe0c95fded9da57d0cc53c6ee70c714e8a2ad47f1b38f6fdd7550fa000,"{""d"":7.0,""p"":0.001,""r"":7.0}","{""obs_mistake_mask=E"":4}"
     17152,         8,         0,    23.2,correlated_pymatching,760671fe0c95fded9da57d0cc53c6ee70c714e8a2ad47f1b38f6fdd7550fa000,"{""d"":7.0,""p"":0.001,""r"":7.0}","{""obs_mistake_mask=E"":8}"
      1280,         0,         0,    8.55,correlated_pymatching,760671fe0c95fded9da57d0cc53c6ee70c714e8a2ad47f1b38f6fdd7550fa000,"{""d"":7.0,""p"":0.001,""r"":7.0}",
     12800,         0,         0,    8.39,correlated_pymatching,f3aeef2556c82844f7e09dca2f007455d33bb5a1704a53de87599ee998bf8408,"{""d"":7.0,""p"":0.0001,""r"":7.0}",
       864,         0,         0,    8.60,correlated_pymatching,36d2c32a16ae1484f4ce556f02edcde754aef238fde2adbd58da928d1dea009c,"{""d"":7.0,""p"":0.00021544346900318845,""r"":7.0}",
      6656,         0,         0,    8.59,correlated_pymatching,b296b1e82a2e96c853ed55118124f370f20f7552855d6c11bbd2675432a5c92b,"{""d"":7.0,""p"":0.00046415888336127773,""r"":7.0}",
      5888,         0,         0,    8.53,correlated_pymatching,b296b1e82a2e96c853ed55118124f370f20f7552855d6c11bbd2675432a5c92b,"{""d"":7.0,""p"":0.00046415888336127773,""r"":7.0}",
      3328,         1,         0,    8.68,correlated_pymatching,760671fe0c95fded9da57d0cc53c6ee70c714e8a2ad47f1b38f6fdd7550fa000,"{""d"":7.0,""p"":0.001,""r"":7.0}","{""obs_mistake_mask=E"":1}"
     96256,         0,         0,    32.3,correlated_pymatching,f3aeef2556c82844f7e09dca2f007455d33bb5a1704a53de87599ee998bf8408,"{""d"":7.0,""p"":0.0001,""r"":7.0}",
      9216,         0,         0,    11.7,correlated_pymatching,36d2c32a16ae1484f4ce556f02edcde754aef238fde2adbd58da928d1dea009c,"{""d"":7.0,""p"":0.00021544346900318845,""r"":7.0}",
     18432,         0,         0,    11.9,correlated_pymatching,f3aeef2556c82844f7e09dca2f007455d33bb5a1704a53de87599ee998bf8408,"{""d"":7.0,""p"":0.0001,""r"":7.0}",
     26624,         0,         0,    11.9,correlated_pymatching,f3aeef2556c82844f7e09dca2f007455d33bb5a1704a53de87599ee998bf8408,"{""d"":7.0,""p"":0.0001,""r"":7.0}",
      9472,         0,         0,    12.0,correlated_pymatching,36d2c32a16ae1484f4ce556f02edcde754aef238fde2adbd58da928d1dea009c,"{""d"":7.0,""p"":0.00021544346900318845,""r"":7.0}",
      2624,         1,         0,    11.8,correlated_pymatching,760671fe0c95fded9da57d0cc53c6ee70c714e8a2ad47f1b38f6fdd7550fa000,"{""d"":7.0,""p"":0.001,""r"":7.0}","{""obs_mistake_mask=E"":1}"
      1696,         0,         0,    11.8,correlated_pymatching,36d2c32a16ae1484f4ce556f02edcde754aef238fde2adbd58da928d1dea009c,"{""d"":7.0,""p"":0.00021544346900318845,""r"":7.0}",
      8960,         1,         0,    11.8,correlated_pymatching,b296b1e82a2e96c853ed55118124f370f20f7552855d6c11bbd2675432a5c92b,"{""d"":7.0,""p"":0.00046415888336127773,""r"":7.0}","{""obs_mistake_mask=E"":1}"
     23040,         0,         0,    11.9,correlated_pymatching,f3aeef2556c82844f7e09dca2f007455d33bb5a1704a53de87599ee998bf8408,"{""d"":7.0,""p"":0.0001,""r"":7.0}",
      9216,         0,         0,    12.0,correlated_pymatching,b296b1e82a2e96c853ed55118124f370f20f7552855d6c11bbd2675432a5c92b,"{""d"":7.0,""p"":0.00046415888336127773,""r"":7.0}",
      6272,         2,         0,    11.9,correlated_pymatching,760671fe0c95fded9da57d0cc53c6ee70c714e8a2ad47f1b38f6fdd7550fa000,"{""d"":7.0,""p"":0.001,""r"":7.0}","{""obs_mistake_mask=E"":2}"
     25600,         0,         0,    16.6,correlated_pymatching,f3aeef2556c82844f7e09dca2f007455d33bb5a1704a53de87599ee998bf8408,"{""d"":7.0,""p"":0.0001,""r"":7.0}",
     13056,         0,         0,    16.6,correlated_pymatching,36d2c32a16ae1484f4ce556f02edcde754aef238fde2adbd58da928d1dea009c,"{""d"":7.0,""p"":0.00021544346900318845,""r"":7.0}",
     49152,         0,         0,    16.5,correlated_pymatching,f3aeef2556c82844f7e09dca2f007455d33bb5a1704a53de87599ee998bf8408,"{""d"":7.0,""p"":0.0001,""r"":7.0}",
     23808,         0,         0,    16.6,correlated_pymatching,36d2c32a16ae1484f4ce556f02edcde754aef238fde2adbd58da928d1dea009c,"{""d"":7.0,""p"":0.00021544346900318845,""r"":7.0}",
      6272,         1,         0,    16.4,correlated_pymatching,760671fe0c95fded9da57d0cc53c6ee70c714e8a2ad47f1b38f6fdd7550fa000,"{""d"":7.0,""p"":0.001,""r"":7.0}","{""obs_mistake_mask=E"":1}"
      3648,         0,         0,    16.4,correlated_pymatching,36d2c32a16ae1484f4ce556f02edcde754aef238fde2adbd58da928d1dea009c,"{""d"":7.0,""p"":0.00021544346900318845,""r"":7.0}",
     12800,         0,         0,    16.5,correlated_pymatching,b296b1e82a2e96c853ed55118124f370f20f7552855d6c11bbd2675432a5c92b,"{""d"":7.0,""p"":0.00046415888336127773,""r"":7.0}",
     49152,         0,         0,    16.5,correlated_pymatching,f3aeef2556c82844f7e09dca2f007455d33bb5a1704a53de87599ee998bf8408,"{""d"":7.0,""p"":0.0001,""r"":7.0}",
     12544,         1,         0,    16.4,correlated_pymatching,b296b1e82a2e96c853ed55118124f370f20f7552855d6c11bbd2675432a5c92b,"{""d"":7.0,""p"":0.00046415888336127773,""r"":7.0}","{""obs_mistake_mask=E"":1}"
     12032,         2,         0,    16.5,correlated_pymatching,760671fe0c95fded9da57d0cc53c6ee70c714e8a2ad47f1b38f6fdd7550fa000,"{""d"":7.0,""p"":0.001,""r"":7.0}","{""obs_mistake_mask=E"":2}"
     91136,         0,         0,    32.3,correlated_pymatching,36d2c32a16ae1484f4ce556f02edcde754aef238fde2adbd58da928d1dea009c,"{""d"":7.0,""p"":0.00021544346900318845,""r"":7.0}",
     41472,        20,         0,    32.3,correlated_pymatching,760671fe0c95fded9da57d0cc53c6ee70c714e8a2ad47f1b38f6fdd7550fa000,"{""d"":7.0,""p"":0.001,""r"":7.0}","{""obs_mistake_mask=E"":20}"
     81920,         1,         0,    32.5,correlated_pymatching,b296b1e82a2e96c853ed55118124f370f20f7552855d6c11bbd2675432a5c92b,"{""d"":7.0,""p"":0.00046415888336127773,""r"":7.0}","{""obs_mistake_mask=E"":1}"
     78848,        27,         0,    37.2,correlated_pymatching,760671fe0c95fded9da57d0cc53c6ee70c714e8a2ad47f1b38f6fdd7550fa000,"{""d"":7.0,""p"":0.001,""r"":7.0}","{""obs_mistake_mask=E"":27}"
     23296,         7,         0,    32.2,correlated_pymatching,760671fe0c95fded9da57d0cc53c6ee70c714e8a2ad47f1b38f6fdd7550fa000,"{""d"":7.0,""p"":0.001,""r"":7.0}","{""obs_mistake_mask=E"":7}"
     47616,         0,         0,    32.5,correlated_pymatching,b296b1e82a2e96c853ed55118124f370f20f7552855d6c11bbd2675432a5c92b,"{""d"":7.0,""p"":0.00046415888336127773,""r"":7.0}",
      1024,         0,         0,    1.41,correlated_pymatching,760671fe0c95fded9da57d0cc53c6ee70c714e8a2ad47f1b38f6fdd7550fa000,"{""d"":7.0,""p"":0.001,""r"":7.0}",
       768,         1,         0,    2.02,correlated_pymatching,760671fe0c95fded9da57d0cc53c6ee70c714e8a2ad47f1b38f6fdd7550fa000,"{""d"":7.0,""p"":0.001,""r"":7.0}","{""obs_mistake_mask=E"":1}"
     90112,        31,         0,    41.9,correlated_pymatching,760671fe0c95fded9da57d0cc53c6ee70c714e8a2ad47f1b38f6fdd7550fa000,"{""d"":7.0,""p"":0.001,""r"":7.0}","{""obs_mistake_mask=E"":31}"
     71680,        15,         0,    33.6,correlated_pymatching,760671fe0c95fded9da57d0cc53c6ee70c714e8a2ad47f1b38f6fdd7550fa000,"{""d"":7.0,""p"":0.001,""r"":7.0}","{""obs_mistake_mask=E"":15}"
     94208,        30,         0,    43.2,correlated_pymatching,760671fe0c95fded9da57d0cc53c6ee70c714e8a2ad47f1b38f6fdd7550fa000,"{""d"":7.0,""p"":0.001,""r"":7.0}","{""obs_mistake_mask=E"":30}"
       512,         1,         0,   0.392,correlated_pymatching,760671fe0c95fded9da57d0cc53c6ee70c714e8a2ad47f1b38f6fdd7550fa000,"{""d"":7.0,""p"":0.001,""r"":7.0}","{""obs_mistake_mask=E"":1}"
         1,         0,         0,   0.323,correlated_pymatching,f3aeef2556c82844f7e09dca2f007455d33bb5a1704a53de87599ee998bf8408,"{""d"":7.0,""p"":0.0001,""r"":7.0}",
         1,         0,         0,   0.315,correlated_pymatching,b296b1e82a2e96c853ed55118124f370f20f7552855d6c11bbd2675432a5c92b,"{""d"":7.0,""p"":0.00046415888336127773,""r"":7.0}",
         1,         0,         0,   0.308,correlated_pymatching,36d2c32a16ae1484f4ce556f02edcde754aef238fde2adbd58da928d1dea009c,"{""d"":7.0,""p"":0.00021544346900318845,""r"":7.0}",
         1,         0,         0,   0.315,correlated_pymatching,f3aeef2556c82844f7e09dca2f007455d33bb5a1704a53de87599ee998bf8408,"{""d"":7.0,""p"":0.0001,""r"":7.0}",
         1,         0,         0,   0.316,correlated_pymatching,b296b1e82a2e96c853ed55118124f370f20f7552855d6c11bbd2675432a5c92b,"{""d"":7.0,""p"":0.00046415888336127773,""r"":7.0}",
         1,         0,         0,   0.331,correlated_pymatching,f3aeef2556c82844f7e09dca2f007455d33bb5a1704a53de87599ee998bf8408,"{""d"":7.0,""p"":0.0001,""r"":7.0}",
         1,         0,         0,   0.331,correlated_pymatching,36d2c32a16ae1484f4ce556f02edcde754aef238fde2adbd58da928d1dea009c,"{""d"":7.0,""p"":0.00021544346900318845,""r"":7.0}",
         1,         0,         0,   0.306,correlated_pymatching,36d2c32a16ae1484f4ce556f02edcde754aef238fde2adbd58da928d1dea009c,"{""d"":7.0,""p"":0.00021544346900318845,""r"":7.0}",
         1,         0,         0,   0.304,correlated_pymatching,f3aeef2556c82844f7e09dca2f007455d33bb5a1704a53de87599ee998bf8408,"{""d"":7.0,""p"":0.0001,""r"":7.0}",
         1,         0,         0,   0.316,correlated_pymatching,b296b1e82a2e96c853ed55118124f370f20f7552855d6c11bbd2675432a5c92b,"{""d"":7.0,""p"":0.00046415888336127773,""r"":7.0}",
         1,         0,         0,   0.304,correlated_pymatching,36d2c32a16ae1484f4ce556f02edcde754aef238fde2adbd58da928d1dea009c,"{""d"":7.0,""p"":0.00021544346900318845,""r"":7.0}",
         1,         0,         0,   0.300,correlated_pymatching,f3aeef2556c82844f7e09dca2f007455d33bb5a1704a53de87599ee998bf8408,"{""d"":7.0,""p"":0.0001,""r"":7.0}",
         1,         0,         0,   0.300,correlated_pymatching,36d2c32a16ae1484f4ce556f02edcde754aef238fde2adbd58da928d1dea009c,"{""d"":7.0,""p"":0.00021544346900318845,""r"":7.0}",
         1,         0,         0,   0.308,correlated_pymatching,b296b1e82a2e96c853ed55118124f370f20f7552855d6c11bbd2675432a5c92b,"{""d"":7.0,""p"":0.00046415888336127773,""r"":7.0}",
         1,         0,         0,   0.316,correlated_pymatching,f3aeef2556c82844f7e09dca2f007455d33bb5a1704a53de87599ee998bf8408,"{""d"":7.0,""p"":0.0001,""r"":7.0}",
         1,         0,         0,   0.312,correlated_pymatching,36d2c32a16ae1484f4ce556f02edcde754aef238fde2adbd58da928d1dea009c,"{""d"":7.0,""p"":0.00021544346900318845,""r"":7.0}",
    135168,         0,         0,    45.0,correlated_pymatching,f3aeef2556c82844f7e09dca2f007455d33bb5a1704a53de87599ee998bf8408,"{""d"":7.0,""p"":0.0001,""r"":7.0}",
    130048,         0,         0,    45.1,correlated_pymatching,36d2c32a16ae1484f4ce556f02edcde754aef238fde2adbd58da928d1dea009c,"{""d"":7.0,""p"":0.00021544346900318845,""r"":7.0}",
         1,         0,         0,   0.304,correlated_pymatching,f3aeef2556c82844f7e09dca2f007455d33bb5a1704a53de87599ee998bf8408,"{""d"":7.0,""p"":0.0001,""r"":7.0}",
         1,         0,         0,   0.300,correlated_pymatching,36d2c32a16ae1484f4ce556f02edcde754aef238fde2adbd58da928d1dea009c,"{""d"":7.0,""p"":0.00021544346900318845,""r"":7.0}",
         1,         0,         0,   0.304,correlated_pymatching,b296b1e82a2e96c853ed55118124f370f20f7552855d6c11bbd2675432a5c92b,"{""d"":7.0,""p"":0.00046415888336127773,""r"":7.0}",
         1,         0,         0,   0.304,correlated_pymatching,f3aeef2556c82844f7e09dca2f007455d33bb5a1704a53de87599ee998bf8408,"{""d"":7.0,""p"":0.0001,""r"":7.0}",
         1,         0,         0,   0.300,correlated_pymatching,b296b1e82a2e96c853ed55118124f370f20f7552855d6c11bbd2675432a5c92b,"{""d"":7.0,""p"":0.00046415888336127773,""r"":7.0}",
         2,         0,         0,   0.304,correlated_pymatching,36d2c32a16ae1484f4ce556f02edcde754aef238fde2adbd58da928d1dea009c,"{""d"":7.0,""p"":0.00021544346900318845,""r"":7.0}",
         1,         0,         0,   0.292,correlated_pymatching,36d2c32a16ae1484f4ce556f02edcde754aef238fde2adbd58da928d1dea009c,"{""d"":7.0,""p"":0.00021544346900318845,""r"":7.0}",
         1,         0,         0,   0.302,correlated_pymatching,f3aeef2556c82844f7e09dca2f007455d33bb5a1704a53de87599ee998bf8408,"{""d"":7.0,""p"":0.0001,""r"":7.0}",
         1,         0,         0,   0.296,correlated_pymatching,f3aeef2556c82844f7e09dca2f007455d33bb5a1704a53de87599ee998bf8408,"{""d"":7.0,""p"":0.0001,""r"":7.0}",
         1,         0,         0,   0.288,correlated_pymatching,f3aeef2556c82844f7e09dca2f007455d33bb5a1704a53de87599ee998bf8408,"{""d"":7.0,""p"":0.0001,""r"":7.0}",
         2,         0,         0,   0.300,correlated_pymatching,36d2c32a16ae1484f4ce556f02edcde754aef238fde2adbd58da928d1dea009c,"{""d"":7.0,""p"":0.00021544346900318845,""r"":7.0}",
         2,         0,         0,   0.304,correlated_pymatching,b296b1e82a2e96c853ed55118124f370f20f7552855d6c11bbd2675432a5c92b,"{""d"":7.0,""p"":0.00046415888336127773,""r"":7.0}",
         1,         0,         0,   0.312,correlated_pymatching,b296b1e82a2e96c853ed55118124f370f20f7552855d6c11bbd2675432a5c92b,"{""d"":7.0,""p"":0.00046415888336127773,""r"":7.0}",
         2,         0,         0,   0.305,correlated_pymatching,36d2c32a16ae1484f4ce556f02edcde754aef238fde2adbd58da928d1dea009c,"{""d"":7.0,""p"":0.00021544346900318845,""r"":7.0}",
         2,         0,         0,   0.308,correlated_pymatching,36d2c32a16ae1484f4ce556f02edcde754aef238fde2adbd58da928d1dea009c,"{""d"":7.0,""p"":0.00021544346900318845,""r"":7.0}",
         1,         0,         0,   0.308,correlated_pymatching,f3aeef2556c82844f7e09dca2f007455d33bb5a1704a53de87599ee998bf8408,"{""d"":7.0,""p"":0.0001,""r"":7.0}",
         4,         0,         0,   0.292,correlated_pymatching,36d2c32a16ae1484f4ce556f02edcde754aef238fde2adbd58da928d1dea009c,"{""d"":7.0,""p"":0.00021544346900318845,""r"":7.0}",
         2,         0,         0,   0.300,correlated_pymatching,f3aeef2556c82844f7e09dca2f007455d33bb5a1704a53de87599ee998bf8408,"{""d"":7.0,""p"":0.0001,""r"":7.0}",
         2,         0,         0,   0.316,correlated_pymatching,f3aeef2556c82844f7e09dca2f007455d33bb5a1704a53de87599ee998bf8408,"{""d"":7.0,""p"":0.0001,""r"":7.0}",
         1,         0,         0,   0.292,correlated_pymatching,b296b1e82a2e96c853ed55118124f370f20f7552855d6c11bbd2675432a5c92b,"{""d"":7.0,""p"":0.00046415888336127773,""r"":7.0}",
         2,         0,         0,   0.299,correlated_pymatching,36d2c32a16ae1484f4ce556f02edcde754aef238fde2adbd58da928d1dea009c,"{""d"":7.0,""p"":0.00021544346900318845,""r"":7.0}",
         2,         0,         0,   0.304,correlated_pymatching,b296b1e82a2e96c853ed55118124f370f20f7552855d6c11bbd2675432a5c92b,"{""d"":7.0,""p"":0.00046415888336127773,""r"":7.0}",
         2,         0,         0,   0.304,correlated_pymatching,36d2c32a16ae1484f4ce556f02edcde754aef238fde2adbd58da928d1dea009c,"{""d"":7.0,""p"":0.00021544346900318845,""r"":7.0}",
         1,         0,         0,   0.308,correlated_pymatching,f3aeef2556c82844f7e09dca2f007455d33bb5a1704a53de87599ee998bf8408,"{""d"":7.0,""p"":0.0001,""r"":7.0}",
    118784,         4,         0,    45.0,correlated_pymatching,b296b1e82a2e96c853ed55118124f370f20f7552855d6c11bbd2675432a5c92b,"{""d"":7.0,""p"":0.00046415888336127773,""r"":7.0}","{""obs_mistake_mask=E"":4}"
         4,         0,         0,   0.296,correlated_pymatching,f3aeef2556c82844f7e09dca2f007455d33bb5a1704a53de87599ee998bf8408,"{""d"":7.0,""p"":0.0001,""r"":7.0}",
         8,         0,         0,   0.304,correlated_pymatching,36d2c32a16ae1484f4ce556f02edcde754aef238fde2adbd58da928d1dea009c,"{""d"":7.0,""p"":0.00021544346900318845,""r"":7.0}",
         2,         0,         0,   0.308,correlated_pymatching,f3aeef2556c82844f7e09dca2f007455d33bb5a1704a53de87599ee998bf8408,"{""d"":7.0,""p"":0.0001,""r"":7.0}",
         4,         0,         0,   0.304,correlated_pymatching,36d2c32a16ae1484f4ce556f02edcde754aef238fde2adbd58da928d1dea009c,"{""d"":7.0,""p"":0.00021544346900318845,""r"":7.0}",
         2,         0,         0,   0.324,correlated_pymatching,b296b1e82a2e96c853ed55118124f370f20f7552855d6c11bbd2675432a5c92b,"{""d"":7.0,""p"":0.00046415888336127773,""r"":7.0}",
         2,         0,         0,   0.312,correlated_pymatching,b296b1e82a2e96c853ed55118124f370f20f7552855d6c11bbd2675432a5c92b,"{""d"":7.0,""p"":0.00046415888336127773,""r"":7.0}",
         2,         0,         0,   0.302,correlated_pymatching,36d2c32a16ae1484f4ce556f02edcde754aef238fde2adbd58da928d1dea009c,"{""d"":7.0,""p"":0.00021544346900318845,""r"":7.0}",
         1,         0,         0,   0.308,correlated_pymatching,f3aeef2556c82844f7e09dca2f007455d33bb5a1704a53de87599ee998bf8408,"{""d"":7.0,""p"":0.0001,""r"":7.0}",
         8,         0,         0,   0.300,correlated_pymatching,f3aeef2556c82844f7e09dca2f007455d33bb5a1704a53de87599ee998bf8408,"{""d"":7.0,""p"":0.0001,""r"":7.0}",
         8,         0,         0,   0.304,correlated_pymatching,36d2c32a16ae1484f4ce556f02edcde754aef238fde2adbd58da928d1dea009c,"{""d"":7.0,""p"":0.00021544346900318845,""r"":7.0}",
         2,         0,         0,   0.304,correlated_pymatching,f3aeef2556c82844f7e09dca2f007455d33bb5a1704a53de87599ee998bf8408,"{""d"":7.0,""p"":0.0001,""r"":7.0}",
         4,         0,         0,   0.304,correlated_pymatching,36d2c32a16ae1484f4ce556f02edcde754aef238fde2adbd58da928d1dea009c,"{""d"":7.0,""p"":0.00021544346900318845,""r"":7.0}",
         2,         0,         0,   0.304,correlated_pymatching,b296b1e82a2e96c853ed55118124f370f20f7552855d6c11bbd2675432a5c92b,"{""d"":7.0,""p"":0.00046415888336127773,""r"":7.0}",
         2,         0,         0,   0.304,correlated_pymatching,b296b1e82a2e96c853ed55118124f370f20f7552855d6c11bbd2675432a5c92b,"{""d"":7.0,""p"":0.00046415888336127773,""r"":7.0}",
         2,         0,         0,   0.309,correlated_pymatching,36d2c32a16ae1484f4ce556f02edcde754aef238fde2adbd58da928d1dea009c,"{""d"":7.0,""p"":0.00021544346900318845,""r"":7.0}",
         1,         0,         0,   0.300,correlated_pymatching,f3aeef2556c82844f7e09dca2f007455d33bb5a1704a53de87599ee998bf8408,"{""d"":7.0,""p"":0.0001,""r"":7.0}",
        16,         0,         0,   0.304,correlated_pymatching,f3aeef2556c82844f7e09dca2f007455d33bb5a1704a53de87599ee998bf8408,"{""d"":7.0,""p"":0.0001,""r"":7.0}",
         8,         0,         0,   0.308,correlated_pymatching,36d2c32a16ae1484f4ce556f02edcde754aef238fde2adbd58da928d1dea009c,"{""d"":7.0,""p"":0.00021544346900318845,""r"":7.0}",
         2,         0,         0,   0.300,correlated_pymatching,f3aeef2556c82844f7e09dca2f007455d33bb5a1704a53de87599ee998bf8408,"{""d"":7.0,""p"":0.0001,""r"":7.0}",
         4,         0,         0,   0.304,correlated_pymatching,36d2c32a16ae1484f4ce556f02edcde754aef238fde2adbd58da928d1dea009c,"{""d"":7.0,""p"":0.00021544346900318845,""r"":7.0}",
         2,         0,         0,   0.300,correlated_pymatching,b296b1e82a2e96c853ed55118124f370f20f7552855d6c11bbd2675432a5c92b,"{""d"":7.0,""p"":0.00046415888336127773,""r"":7.0}",
         2,         0,         0,   0.304,correlated_pymatching,b296b1e82a2e96c853ed55118124f370f20f7552855d6c11bbd2675432a5c92b,"{""d"":7.0,""p"":0.00046415888336127773,""r"":7.0}",
         2,         0,         0,   0.300,correlated_pymatching,36d2c32a16ae1484f4ce556f02edcde754aef238fde2adbd58da928d1dea009c,"{""d"":7.0,""p"":0.00021544346900318845,""r"":7.0}",
         2,         0,         0,   0.300,correlated_pymatching,f3aeef2556c82844f7e09dca2f007455d33bb5a1704a53de87599ee998bf8408,"{""d"":7.0,""p"":0.0001,""r"":7.0}",
    132096,         0,         0,    45.1,correlated_pymatching,f3aeef2556c82844f7e09dca2f007455d33bb5a1704a53de87599ee998bf8408,"{""d"":7.0,""p"":0.0001,""r"":7.0}",
        16,         0,         0,   0.300,correlated_pymatching,f3aeef2556c82844f7e09dca2f007455d33bb5a1704a53de87599ee998bf8408,"{""d"":7.0,""p"":0.0001,""r"":7.0}",
         8,         0,         0,   0.300,correlated_pymatching,36d2c32a16ae1484f4ce556f02edcde754aef238fde2adbd58da928d1dea009c,"{""d"":7.0,""p"":0.00021544346900318845,""r"":7.0}",
         4,         0,         0,   0.304,correlated_pymatching,f3aeef2556c82844f7e09dca2f007455d33bb5a1704a53de87599ee998bf8408,"{""d"":7.0,""p"":0.0001,""r"":7.0}",
         4,         0,         0,   0.296,correlated_pymatching,b296b1e82a2e96c853ed55118124f370f20f7552855d6c11bbd2675432a5c92b,"{""d"":7.0,""p"":0.00046415888336127773,""r"":7.0}",
         4,         0,         0,   0.308,correlated_pymatching,36d2c32a16ae1484f4ce556f02edcde754aef238fde2adbd58da928d1dea009c,"{""d"":7.0,""p"":0.00021544346900318845,""r"":7.0}",
         2,         0,         0,   0.312,correlated_pymatching,b296b1e82a2e96c853ed55118124f370f20f7552855d6c11bbd2675432a5c92b,"{""d"":7.0,""p"":0.00046415888336127773,""r"":7.0}",
         4,         0,         0,   0.308,correlated_pymatching,36d2c32a16ae1484f4ce556f02edcde754aef238fde2adbd58da928d1dea009c,"{""d"":7.0,""p"":0.00021544346900318845,""r"":7.0}",
         4,         0,         0,   0.308,correlated_pymatching,f3aeef2556c82844f7e09dca2f007455d33bb5a1704a53de87599ee998bf8408,"{""d"":7.0,""p"":0.0001,""r"":7.0}",
        32,         0,         0,   0.300,correlated_pymatching,f3aeef2556c82844f7e09dca2f007455d33bb5a1704a53de87599ee998bf8408,"{""d"":7.0,""p"":0.0001,""r"":7.0}",
        16,         0,         0,   0.300,correlated_pymatching,36d2c32a16ae1484f4ce556f02edcde754aef238fde2adbd58da928d1dea009c,"{""d"":7.0,""p"":0.00021544346900318845,""r"":7.0}",
         4,         0,         0,   0.308,correlated_pymatching,f3aeef2556c82844f7e09dca2f007455d33bb5a1704a53de87599ee998bf8408,"{""d"":7.0,""p"":0.0001,""r"":7.0}",
         4,         0,         0,   0.304,correlated_pymatching,36d2c32a16ae1484f4ce556f02edcde754aef238fde2adbd58da928d1dea009c,"{""d"":7.0,""p"":0.00021544346900318845,""r"":7.0}",
         8,         0,         0,   0.312,correlated_pymatching,b296b1e82a2e96c853ed55118124f370f20f7552855d6c11bbd2675432a5c92b,"{""d"":7.0,""p"":0.00046415888336127773,""r"":7.0}",
         2,         0,         0,   0.300,correlated_pymatching,b296b1e82a2e96c853ed55118124f370f20f7552855d6c11bbd2675432a5c92b,"{""d"":7.0,""p"":0.00046415888336127773,""r"":7.0}",
         4,         0,         0,   0.304,correlated_pymatching,36d2c32a16ae1484f4ce556f02edcde754aef238fde2adbd58da928d1dea009c,"{""d"":7.0,""p"":0.00021544346900318845,""r"":7.0}",
         4,         0,         0,   0.308,correlated_pymatching,f3aeef2556c82844f7e09dca2f007455d33bb5a1704a53de87599ee998bf8408,"{""d"":7.0,""p"":0.0001,""r"":7.0}",
    124928,         0,         0,    45.2,correlated_pymatching,36d2c32a16ae1484f4ce556f02edcde754aef238fde2adbd58da928d1dea009c,"{""d"":7.0,""p"":0.00021544346900318845,""r"":7.0}",
        64,         0,         0,   0.296,correlated_pymatching,f3aeef2556c82844f7e09dca2f007455d33bb5a1704a53de87599ee998bf8408,"{""d"":7.0,""p"":0.0001,""r"":7.0}",
        32,         0,         0,   0.300,correlated_pymatching,36d2c32a16ae1484f4ce556f02edcde754aef238fde2adbd58da928d1dea009c,"{""d"":7.0,""p"":0.00021544346900318845,""r"":7.0}",
         4,         0,         0,   0.308,correlated_pymatching,f3aeef2556c82844f7e09dca2f007455d33bb5a1704a53de87599ee998bf8408,"{""d"":7.0,""p"":0.0001,""r"":7.0}",
         4,         0,         0,   0.308,correlated_pymatching,36d2c32a16ae1484f4ce556f02edcde754aef238fde2adbd58da928d1dea009c,"{""d"":7.0,""p"":0.00021544346900318845,""r"":7.0}",
         8,         0,         0,   0.304,correlated_pymatching,b296b1e82a2e96c853ed55118124f370f20f7552855d6c11bbd2675432a5c92b,"{""d"":7.0,""p"":0.00046415888336127773,""r"":7.0}",
         4,         0,         0,   0.300,correlated_pymatching,f3aeef2556c82844f7e09dca2f007455d33bb5a1704a53de87599ee998bf8408,"{""d"":7.0,""p"":0.0001,""r"":7.0}",
         4,         0,         0,   0.312,correlated_pymatching,36d2c32a16ae1484f4ce556f02edcde754aef238fde2adbd58da928d1dea009c,"{""d"":7.0,""p"":0.00021544346900318845,""r"":7.0}",
         4,         0,         0,   0.316,correlated_pymatching,b296b1e82a2e96c853ed55118124f370f20f7552855d6c11bbd2675432a5c92b,"{""d"":7.0,""p"":0.00046415888336127773,""r"":7.0}",
    116736,         0,         0,    45.3,correlated_pymatching,b296b1e82a2e96c853ed55118124f370f20f7552855d6c11bbd2675432a5c92b,"{""d"":7.0,""p"":0.00046415888336127773,""r"":7.0}",
       128,         0,         0,   0.628,correlated_pymatching,36d2c32a16ae1484f4ce556f02edcde754aef238fde2adbd58da928d1dea009c,"{""d"":7.0,""p"":0.00021544346900318845,""r"":7.0}",
       384,         0,         0,   0.652,correlated_pymatching,f3aeef2556c82844f7e09dca2f007455d33bb5a1704a53de87599ee998bf8408,"{""d"":7.0,""p"":0.0001,""r"":7.0}",
        16,         0,         0,   0.668,correlated_pymatching,b296b1e82a2e96c853ed55118124f370f20f7552855d6c11bbd2675432a5c92b,"{""d"":7.0,""p"":0.00046415888336127773,""r"":7.0}",
        16,         0,         0,   0.663,correlated_pymatching,f3aeef2556c82844f7e09dca2f007455d33bb5a1704a53de87599ee998bf8408,"{""d"":7.0,""p"":0.0001,""r"":7.0}",
         8,         0,         0,   0.660,correlated_pymatching,36d2c32a16ae1484f4ce556f02edcde754aef238fde2adbd58da928d1dea009c,"{""d"":7.0,""p"":0.00021544346900318845,""r"":7.0}",
         8,         0,         0,   0.660,correlated_pymatching,b296b1e82a2e96c853ed55118124f370f20f7552855d6c11bbd2675432a5c92b,"{""d"":7.0,""p"":0.00046415888336127773,""r"":7.0}",
         8,         0,         0,   0.692,correlated_pymatching,f3aeef2556c82844f7e09dca2f007455d33bb5a1704a53de87599ee998bf8408,"{""d"":7.0,""p"":0.0001,""r"":7.0}",
         8,         0,         0,   0.692,correlated_pymatching,36d2c32a16ae1484f4ce556f02edcde754aef238fde2adbd58da928d1dea009c,"{""d"":7.0,""p"":0.00021544346900318845,""r"":7.0}",
       192,         0,         0,   0.603,correlated_pymatching,36d2c32a16ae1484f4ce556f02edcde754aef238fde2adbd58da928d1dea009c,"{""d"":7.0,""p"":0.00021544346900318845,""r"":7.0}",
       512,         0,         0,   0.608,correlated_pymatching,f3aeef2556c82844f7e09dca2f007455d33bb5a1704a53de87599ee998bf8408,"{""d"":7.0,""p"":0.0001,""r"":7.0}",
        12,         0,         0,   0.604,correlated_pymatching,36d2c32a16ae1484f4ce556f02edcde754aef238fde2adbd58da928d1dea009c,"{""d"":7.0,""p"":0.00021544346900318845,""r"":7.0}",
        16,         0,         0,   0.616,correlated_pymatching,b296b1e82a2e96c853ed55118124f370f20f7552855d6c11bbd2675432a5c92b,"{""d"":7.0,""p"":0.00046415888336127773,""r"":7.0}",
        12,         0,         0,   0.620,correlated_pymatching,b296b1e82a2e96c853ed55118124f370f20f7552855d6c11bbd2675432a5c92b,"{""d"":7.0,""p"":0.00046415888336127773,""r"":7.0}",
         8,         0,         0,   0.610,correlated_pymatching,36d2c32a16ae1484f4ce556f02edcde754aef238fde2adbd58da928d1dea009c,"{""d"":7.0,""p"":0.00021544346900318845,""r"":7.0}",
        16,         0,         0,   0.632,correlated_pymatching,f3aeef2556c82844f7e09dca2f007455d33bb5a1704a53de87599ee998bf8408,"{""d"":7.0,""p"":0.0001,""r"":7.0}",
        12,         0,         0,   0.640,correlated_pymatching,f3aeef2556c82844f7e09dca2f007455d33bb5a1704a53de87599ee998bf8408,"{""d"":7.0,""p"":0.0001,""r"":7.0}",
       384,         0,         0,   0.928,correlated_pymatching,36d2c32a16ae1484f4ce556f02edcde754aef238fde2adbd58da928d1dea009c,"{""d"":7.0,""p"":0.00021544346900318845,""r"":7.0}",
       768,         0,         0,   0.924,correlated_pymatching,f3aeef2556c82844f7e09dca2f007455d33bb5a1704a53de87599ee998bf8408,"{""d"":7.0,""p"":0.0001,""r"":7.0}",
        40,         0,         0,   0.903,correlated_pymatching,36d2c32a16ae1484f4ce556f02edcde754aef238fde2adbd58da928d1dea009c,"{""d"":7.0,""p"":0.00021544346900318845,""r"":7.0}",
        40,         0,         0,   0.903,correlated_pymatching,b296b1e82a2e96c853ed55118124f370f20f7552855d6c11bbd2675432a5c92b,"{""d"":7.0,""p"":0.00046415888336127773,""r"":7.0}",
        40,         0,         0,   0.900,correlated_pymatching,b296b1e82a2e96c853ed55118124f370f20f7552855d6c11bbd2675432a5c92b,"{""d"":7.0,""p"":0.00046415888336127773,""r"":7.0}",
        40,         0,         0,   0.892,correlated_pymatching,f3aeef2556c82844f7e09dca2f007455d33bb5a1704a53de87599ee998bf8408,"{""d"":7.0,""p"":0.0001,""r"":7.0}",
        20,         0,         0,   0.905,correlated_pymatching,36d2c32a16ae1484f4ce556f02edcde754aef238fde2adbd58da928d1dea009c,"{""d"":7.0,""p"":0.00021544346900318845,""r"":7.0}",
        56,         0,         0,   0.904,correlated_pymatching,f3aeef2556c82844f7e09dca2f007455d33bb5a1704a53de87599ee998bf8408,"{""d"":7.0,""p"":0.0001,""r"":7.0}",
    135168,         0,         0,    45.2,correlated_pymatching,f3aeef2556c82844f7e09dca2f007455d33bb5a1704a53de87599ee998bf8408,"{""d"":7.0,""p"":0.0001,""r"":7.0}",
       512,         0,         0,    1.24,correlated_pymatching,36d2c32a16ae1484f4ce556f02edcde754aef238fde2adbd58da928d1dea009c,"{""d"":7.0,""p"":0.00021544346900318845,""r"":7.0}",
    129024,         0,         0,    45.0,correlated_pymatching,36d2c32a16ae1484f4ce556f02edcde754aef238fde2adbd58da928d1dea009c,"{""d"":7.0,""p"":0.00021544346900318845,""r"":7.0}",
      2048,         0,         0,    1.27,correlated_pymatching,f3aeef2556c82844f7e09dca2f007455d33bb5a1704a53de87599ee998bf8408,"{""d"":7.0,""p"":0.0001,""r"":7.0}",
        96,         0,         0,    1.21,correlated_pymatching,b296b1e82a2e96c853ed55118124f370f20f7552855d6c11bbd2675432a5c92b,"{""d"":7.0,""p"":0.00046415888336127773,""r"":7.0}",
        96,         0,         0,    1.22,correlated_pymatching,36d2c32a16ae1484f4ce556f02edcde754aef238fde2adbd58da928d1dea009c,"{""d"":7.0,""p"":0.00021544346900318845,""r"":7.0}",
        48,         0,         0,    1.22,correlated_pymatching,36d2c32a16ae1484f4ce556f02edcde754aef238fde2adbd58da928d1dea009c,"{""d"":7.0,""p"":0.00021544346900318845,""r"":7.0}",
       128,         0,         0,    1.23,correlated_pymatching,f3aeef2556c82844f7e09dca2f007455d33bb5a1704a53de87599ee998bf8408,"{""d"":7.0,""p"":0.0001,""r"":7.0}",
       224,         0,         0,    1.22,correlated_pymatching,f3aeef2556c82844f7e09dca2f007455d33bb5a1704a53de87599ee998bf8408,"{""d"":7.0,""p"":0.0001,""r"":7.0}",
       128,         0,         0,    1.25,correlated_pymatching,b296b1e82a2e96c853ed55118124f370f20f7552855d6c11bbd2675432a5c92b,"{""d"":7.0,""p"":0.00046415888336127773,""r"":7.0}",
    116736,         0,         0,    45.1,correlated_pymatching,b296b1e82a2e96c853ed55118124f370f20f7552855d6c11bbd2675432a5c92b,"{""d"":7.0,""p"":0.00046415888336127773,""r"":7.0}",
     20322,         0,         0,    6.73,correlated_pymatching,f3aeef2556c82844f7e09dca2f007455d33bb5a1704a53de87599ee998bf8408,"{""d"":7.0,""p"":0.0001,""r"":7.0}",
    130048,         0,         0,    43.4,correlated_pymatching,f3aeef2556c82844f7e09dca2f007455d33bb5a1704a53de87599ee998bf8408,"{""d"":7.0,""p"":0.0001,""r"":7.0}",
       224,         0,         0,    1.56,correlated_pymatching,b296b1e82a2e96c853ed55118124f370f20f7552855d6c11bbd2675432a5c92b,"{""d"":7.0,""p"":0.00046415888336127773,""r"":7.0}",
      2560,         0,         0,    1.58,correlated_pymatching,f3aeef2556c82844f7e09dca2f007455d33bb5a1704a53de87599ee998bf8408,"{""d"":7.0,""p"":0.0001,""r"":7.0}",
       288,         0,         0,    1.56,correlated_pymatching,b296b1e82a2e96c853ed55118124f370f20f7552855d6c11bbd2675432a5c92b,"{""d"":7.0,""p"":0.00046415888336127773,""r"":7.0}",
       896,         0,         0,    1.84,correlated_pymatching,36d2c32a16ae1484f4ce556f02edcde754aef238fde2adbd58da928d1dea009c,"{""d"":7.0,""p"":0.00021544346900318845,""r"":7.0}",
       704,         0,         0,    1.87,correlated_pymatching,f3aeef2556c82844f7e09dca2f007455d33bb5a1704a53de87599ee998bf8408,"{""d"":7.0,""p"":0.0001,""r"":7.0}",
       256,         0,         0,    1.92,correlated_pymatching,36d2c32a16ae1484f4ce556f02edcde754aef238fde2adbd58da928d1dea009c,"{""d"":7.0,""p"":0.00021544346900318845,""r"":7.0}",
       144,         0,         0,    1.96,correlated_pymatching,36d2c32a16ae1484f4ce556f02edcde754aef238fde2adbd58da928d1dea009c,"{""d"":7.0,""p"":0.00021544346900318845,""r"":7.0}",
       384,         0,         0,    2.05,correlated_pymatching,f3aeef2556c82844f7e09dca2f007455d33bb5a1704a53de87599ee998bf8408,"{""d"":7.0,""p"":0.0001,""r"":7.0}",
      3584,         0,         0,    2.20,correlated_pymatching,f3aeef2556c82844f7e09dca2f007455d33bb5a1704a53de87599ee998bf8408,"{""d"":7.0,""p"":0.0001,""r"":7.0}",
       448,         0,         0,    2.24,correlated_pymatching,b296b1e82a2e96c853ed55118124f370f20f7552855d6c11bbd2675432a5c92b,"{""d"":7.0,""p"":0.00046415888336127773,""r"":7.0}",
       832,         0,         0,    2.22,correlated_pymatching,b296b1e82a2e96c853ed55118124f370f20f7552855d6c11bbd2675432a5c92b,"{""d"":7.0,""p"":0.00046415888336127773,""r"":7.0}",
      1792,         0,         0,    2.19,correlated_pymatching,36d2c32a16ae1484f4ce556f02edcde754aef238fde2adbd58da928d1dea009c,"{""d"":7.0,""p"":0.00021544346900318845,""r"":7.0}",
    114688,         5,         0,    45.4,correlated_pymatching,b296b1e82a2e96c853ed55118124f370f20f7552855d6c11bbd2675432a5c92b,"{""d"":7.0,""p"":0.00046415888336127773,""r"":7.0}","{""obs_mistake_mask=E"":5}"
      1024,         0,         0,    2.46,correlated_pymatching,f3aeef2556c82844f7e09dca2f007455d33bb5a1704a53de87599ee998bf8408,"{""d"":7.0,""p"":0.0001,""r"":7.0}",
      1216,         0,         0,    2.49,correlated_pymatching,36d2c32a16ae1484f4ce556f02edcde754aef238fde2adbd58da928d1dea009c,"{""d"":7.0,""p"":0.00021544346900318845,""r"":7.0}",
       416,         0,         0,    2.45,correlated_pymatching,36d2c32a16ae1484f4ce556f02edcde754aef238fde2adbd58da928d1dea009c,"{""d"":7.0,""p"":0.00021544346900318845,""r"":7.0}",
    125952,         0,         0,    45.2,correlated_pymatching,36d2c32a16ae1484f4ce556f02edcde754aef238fde2adbd58da928d1dea009c,"{""d"":7.0,""p"":0.00021544346900318845,""r"":7.0}",
       832,         0,         0,    2.46,correlated_pymatching,f3aeef2556c82844f7e09dca2f007455d33bb5a1704a53de87599ee998bf8408,"{""d"":7.0,""p"":0.0001,""r"":7.0}",
    116658,         0,         0,    39.2,correlated_pymatching,f3aeef2556c82844f7e09dca2f007455d33bb5a1704a53de87599ee998bf8408,"{""d"":7.0,""p"":0.0001,""r"":7.0}",
     18176,         0,         0,    23.0,correlated_pymatching,36d2c32a16ae1484f4ce556f02edcde754aef238fde2adbd58da928d1dea009c,"{""d"":7.0,""p"":0.00021544346900318845,""r"":7.0}",
     69632,         0,         0,    23.0,correlated_pymatching,f3aeef2556c82844f7e09dca2f007455d33bb5a1704a53de87599ee998bf8408,"{""d"":7.0,""p"":0.0001,""r"":7.0}",
     36352,         0,         0,    23.2,correlated_pymatching,f3aeef2556c82844f7e09dca2f007455d33bb5a1704a53de87599ee998bf8408,"{""d"":7.0,""p"":0.0001,""r"":7.0}",
      1088,         0,         0,    3.12,correlated_pymatching,b296b1e82a2e96c853ed55118124f370f20f7552855d6c11bbd2675432a5c92b,"{""d"":7.0,""p"":0.00046415888336127773,""r"":7.0}",
      5120,         0,         0,    3.15,correlated_pymatching,f3aeef2556c82844f7e09dca2f007455d33bb5a1704a53de87599ee998bf8408,"{""d"":7.0,""p"":0.0001,""r"":7.0}",
      1280,         0,         0,    3.16,correlated_pymatching,b296b1e82a2e96c853ed55118124f370f20f7552855d6c11bbd2675432a5c92b,"{""d"":7.0,""p"":0.00046415888336127773,""r"":7.0}",
      2560,         0,         0,    3.11,correlated_pymatching,36d2c32a16ae1484f4ce556f02edcde754aef238fde2adbd58da928d1dea009c,"{""d"":7.0,""p"":0.00021544346900318845,""r"":7.0}",
     66560,         0,         0,    23.3,correlated_pymatching,36d2c32a16ae1484f4ce556f02edcde754aef238fde2adbd58da928d1dea009c,"{""d"":7.0,""p"":0.00021544346900318845,""r"":7.0}",
      3456,         0,         0,    3.13,correlated_pymatching,f3aeef2556c82844f7e09dca2f007455d33bb5a1704a53de87599ee998bf8408,"{""d"":7.0,""p"":0.0001,""r"":7.0}",
      1280,         0,         0,    3.11,correlated_pymatching,36d2c32a16ae1484f4ce556f02edcde754aef238fde2adbd58da928d1dea009c,"{""d"":7.0,""p"":0.00021544346900318845,""r"":7.0}",
      2560,         0,         0,    3.17,correlated_pymatching,36d2c32a16ae1484f4ce556f02edcde754aef238fde2adbd58da928d1dea009c,"{""d"":7.0,""p"":0.00021544346900318845,""r"":7.0}",
      1792,         0,         0,    3.10,correlated_pymatching,f3aeef2556c82844f7e09dca2f007455d33bb5a1704a53de87599ee998bf8408,"{""d"":7.0,""p"":0.0001,""r"":7.0}",
      1792,         1,         0,    4.41,correlated_pymatching,b296b1e82a2e96c853ed55118124f370f20f7552855d6c11bbd2675432a5c92b,"{""d"":7.0,""p"":0.00046415888336127773,""r"":7.0}","{""obs_mistake_mask=E"":1}"
      7168,         0,         0,    4.42,correlated_pymatching,f3aeef2556c82844f7e09dca2f007455d33bb5a1704a53de87599ee998bf8408,"{""d"":7.0,""p"":0.0001,""r"":7.0}",
      1792,         1,         0,    4.44,correlated_pymatching,b296b1e82a2e96c853ed55118124f370f20f7552855d6c11bbd2675432a5c92b,"{""d"":7.0,""p"":0.00046415888336127773,""r"":7.0}","{""obs_mistake_mask=E"":1}"
      3584,         0,         0,    4.37,correlated_pymatching,36d2c32a16ae1484f4ce556f02edcde754aef238fde2adbd58da928d1dea009c,"{""d"":7.0,""p"":0.00021544346900318845,""r"":7.0}",
      1792,         0,         0,    4.37,correlated_pymatching,36d2c32a16ae1484f4ce556f02edcde754aef238fde2adbd58da928d1dea009c,"{""d"":7.0,""p"":0.00021544346900318845,""r"":7.0}",
      7168,         0,         0,    4.51,correlated_pymatching,f3aeef2556c82844f7e09dca2f007455d33bb5a1704a53de87599ee998bf8408,"{""d"":7.0,""p"":0.0001,""r"":7.0}",
      3584,         0,         0,    4.38,correlated_pymatching,f3aeef2556c82844f7e09dca2f007455d33bb5a1704a53de87599ee998bf8408,"{""d"":7.0,""p"":0.0001,""r"":7.0}",
      3584,         0,         0,    4.45,correlated_pymatching,36d2c32a16ae1484f4ce556f02edcde754aef238fde2adbd58da928d1dea009c,"{""d"":7.0,""p"":0.00021544346900318845,""r"":7.0}",
     17920,         0,         0,    23.0,correlated_pymatching,b296b1e82a2e96c853ed55118124f370f20f7552855d6c11bbd2675432a5c92b,"{""d"":7.0,""p"":0.00046415888336127773,""r"":7.0}",
     18176,         0,         0,    23.2,correlated_pymatching,36d2c32a16ae1484f4ce556f02edcde754aef238fde2adbd58da928d1dea009c,"{""d"":7.0,""p"":0.00021544346900318845,""r"":7.0}",
     18176,         0,         0,    23.2,correlated_pymatching,b296b1e82a2e96c853ed55118124f370f20f7552855d6c11bbd2675432a5c92b,"{""d"":7.0,""p"":0.00046415888336127773,""r"":7.0}",
     69632,         0,         0,    23.1,correlated_pymatching,f3aeef2556c82844f7e09dca2f007455d33bb5a1704a53de87599ee998bf8408,"{""d"":7.0,""p"":0.0001,""r"":7.0}",
     23772,         0,         0,    8.00,correlated_pymatching,f3aeef2556c82844f7e09dca2f007455d33bb5a1704a53de87599ee998bf8408,"{""d"":7.0,""p"":0.0001,""r"":7.0}",
      4992,         0,         0,    5.99,correlated_pymatching,b296b1e82a2e96c853ed55118124f370f20f7552855d6c11bbd2675432a5c92b,"{""d"":7.0,""p"":0.00046415888336127773,""r"":7.0}",
      9728,         0,         0,    6.00,correlated_pymatching,f3aeef2556c82844f7e09dca2f007455d33bb5a1704a53de87599ee998bf8408,"{""d"":7.0,""p"":0.0001,""r"":7.0}",
      2432,         0,         0,    6.04,correlated_pymatching,b296b1e82a2e96c853ed55118124f370f20f7552855d6c11bbd2675432a5c92b,"{""d"":7.0,""p"":0.00046415888336127773,""r"":7.0}",
      5120,         0,         0,    6.23,correlated_pymatching,36d2c32a16ae1484f4ce556f02edcde754aef238fde2adbd58da928d1dea009c,"{""d"":7.0,""p"":0.00021544346900318845,""r"":7.0}",
      4864,         0,         0,    6.01,correlated_pymatching,36d2c32a16ae1484f4ce556f02edcde754aef238fde2adbd58da928d1dea009c,"{""d"":7.0,""p"":0.00021544346900318845,""r"":7.0}",
      9984,         0,         0,    6.07,correlated_pymatching,f3aeef2556c82844f7e09dca2f007455d33bb5a1704a53de87599ee998bf8408,"{""d"":7.0,""p"":0.0001,""r"":7.0}",
      9728,         0,         0,    6.11,correlated_pymatching,f3aeef2556c82844f7e09dca2f007455d33bb5a1704a53de87599ee998bf8408,"{""d"":7.0,""p"":0.0001,""r"":7.0}",
      8320,         0,         0,    6.25,correlated_pymatching,36d2c32a16ae1484f4ce556f02edcde754aef238fde2adbd58da928d1dea009c,"{""d"":7.0,""p"":0.00021544346900318845,""r"":7.0}",
     73156,         0,         0,    25.1,correlated_pymatching,36d2c32a16ae1484f4ce556f02edcde754aef238fde2adbd58da928d1dea009c,"{""d"":7.0,""p"":0.00021544346900318845,""r"":7.0}",
     72706,         0,         0,    24.6,correlated_pymatching,f3aeef2556c82844f7e09dca2f007455d33bb5a1704a53de87599ee998bf8408,"{""d"":7.0,""p"":0.0001,""r"":7.0}",
     65536,         0,         0,    21.3,correlated_pymatching,f3aeef2556c82844f7e09dca2f007455d33bb5a1704a53de87599ee998bf8408,"{""d"":7.0,""p"":0.0001,""r"":7.0}",
     63420,         0,         0,    20.5,correlated_pymatching,f3aeef2556c82844f7e09dca2f007455d33bb5a1704a53de87599ee998bf8408,"{""d"":7.0,""p"":0.0001,""r"":7.0}",
     63420,         0,         0,    20.7,correlated_pymatching,f3aeef2556c82844f7e09dca2f007455d33bb5a1704a53de87599ee998bf8408,"{""d"":7.0,""p"":0.0001,""r"":7.0}",
     51697,         0,         0,    16.9,correlated_pymatching,f3aeef2556c82844f7e09dca2f007455d33bb5a1704a53de87599ee998bf8408,"{""d"":7.0,""p"":0.0001,""r"":7.0}",
     12288,         0,         0,    8.38,correlated_pymatching,b296b1e82a2e96c853ed55118124f370f20f7552855d6c11bbd2675432a5c92b,"{""d"":7.0,""p"":0.00046415888336127773,""r"":7.0}",
     24576,         0,         0,    8.75,correlated_pymatching,f3aeef2556c82844f7e09dca2f007455d33bb5a1704a53de87599ee998bf8408,"{""d"":7.0,""p"":0.0001,""r"":7.0}",
      3456,         0,         0,    8.70,correlated_pymatching,b296b1e82a2e96c853ed55118124f370f20f7552855d6c11bbd2675432a5c92b,"{""d"":7.0,""p"":0.00046415888336127773,""r"":7.0}",
     13312,         0,         0,    8.57,correlated_pymatching,36d2c32a16ae1484f4ce556f02edcde754aef238fde2adbd58da928d1dea009c,"{""d"":7.0,""p"":0.00021544346900318845,""r"":7.0}",
      6656,         0,         0,    8.40,correlated_pymatching,36d2c32a16ae1484f4ce556f02edcde754aef238fde2adbd58da928d1dea009c,"{""d"":7.0,""p"":0.00021544346900318845,""r"":7.0}",
     13312,         0,         0,    8.47,correlated_pymatching,f3aeef2556c82844f7e09dca2f007455d33bb5a1704a53de87599ee998bf8408,"{""d"":7.0,""p"":0.0001,""r"":7.0}",
     25600,         0,         0,    8.54,correlated_pymatching,f3aeef2556c82844f7e09dca2f007455d33bb5a1704a53de87599ee998bf8408,"{""d"":7.0,""p"":0.0001,""r"":7.0}",
     24576,         0,         0,    8.67,correlated_pymatching,36d2c32a16ae1484f4ce556f02edcde754aef238fde2adbd58da928d1dea009c,"{""d"":7.0,""p"":0.00021544346900318845,""r"":7.0}",
     41232,         0,         0,    13.4,correlated_pymatching,f3aeef2556c82844f7e09dca2f007455d33bb5a1704a53de87599ee998bf8408,"{""d"":7.0,""p"":0.0001,""r"":7.0}",
     41232,         0,         0,    14.0,correlated_pymatching,f3aeef2556c82844f7e09dca2f007455d33bb5a1704a53de87599ee998bf8408,"{""d"":7.0,""p"":0.0001,""r"":7.0}",
     34304,         0,         0,    21.6,correlated_pymatching,f3aeef2556c82844f7e09dca2f007455d33bb5a1704a53de87599ee998bf8408,"{""d"":7.0,""p"":0.0001,""r"":7.0}",
     27963,         0,         0,    9.41,correlated_pymatching,f3aeef2556c82844f7e09dca2f007455d33bb5a1704a53de87599ee998bf8408,"{""d"":7.0,""p"":0.0001,""r"":7.0}",
     24576,         0,         0,    8.06,correlated_pymatching,f3aeef2556c82844f7e09dca2f007455d33bb5a1704a53de87599ee998bf8408,"{""d"":7.0,""p"":0.0001,""r"":7.0}",
     25600,         0,         0,    8.41,correlated_pymatching,f3aeef2556c82844f7e09dca2f007455d33bb5a1704a53de87599ee998bf8408,"{""d"":7.0,""p"":0.0001,""r"":7.0}",
     26624,         0,         0,    8.66,correlated_pymatching,f3aeef2556c82844f7e09dca2f007455d33bb5a1704a53de87599ee998bf8408,"{""d"":7.0,""p"":0.0001,""r"":7.0}",
     28672,         0,         0,    9.59,correlated_pymatching,f3aeef2556c82844f7e09dca2f007455d33bb5a1704a53de87599ee998bf8408,"{""d"":7.0,""p"":0.0001,""r"":7.0}",
      5088,         0,         0,    1.67,correlated_pymatching,f3aeef2556c82844f7e09dca2f007455d33bb5a1704a53de87599ee998bf8408,"{""d"":7.0,""p"":0.0001,""r"":7.0}",
     15360,         0,         0,    5.08,correlated_pymatching,f3aeef2556c82844f7e09dca2f007455d33bb5a1704a53de87599ee998bf8408,"{""d"":7.0,""p"":0.0001,""r"":7.0}",
     16656,         0,         0,    5.62,correlated_pymatching,f3aeef2556c82844f7e09dca2f007455d33bb5a1704a53de87599ee998bf8408,"{""d"":7.0,""p"":0.0001,""r"":7.0}",
      5617,         0,         0,    1.97,correlated_pymatching,f3aeef2556c82844f7e09dca2f007455d33bb5a1704a53de87599ee998bf8408,"{""d"":7.0,""p"":0.0001,""r"":7.0}",
      6112,         0,         0,    1.99,correlated_pymatching,f3aeef2556c82844f7e09dca2f007455d33bb5a1704a53de87599ee998bf8408,"{""d"":7.0,""p"":0.0001,""r"":7.0}",
     97459,         2,         0,    36.9,correlated_pymatching,b296b1e82a2e96c853ed55118124f370f20f7552855d6c11bbd2675432a5c92b,"{""d"":7.0,""p"":0.00046415888336127773,""r"":7.0}","{""obs_mistake_mask=E"":2}"
      5889,         0,         0,    2.02,correlated_pymatching,f3aeef2556c82844f7e09dca2f007455d33bb5a1704a53de87599ee998bf8408,"{""d"":7.0,""p"":0.0001,""r"":7.0}",
     12252,         0,         0,    4.00,correlated_pymatching,f3aeef2556c82844f7e09dca2f007455d33bb5a1704a53de87599ee998bf8408,"{""d"":7.0,""p"":0.0001,""r"":7.0}",
      7136,         0,         0,    2.35,correlated_pymatching,f3aeef2556c82844f7e09dca2f007455d33bb5a1704a53de87599ee998bf8408,"{""d"":7.0,""p"":0.0001,""r"":7.0}",
     12252,         0,         0,    4.03,correlated_pymatching,f3aeef2556c82844f7e09dca2f007455d33bb5a1704a53de87599ee998bf8408,"{""d"":7.0,""p"":0.0001,""r"":7.0}",
      9216,         0,         0,    5.77,correlated_pymatching,f3aeef2556c82844f7e09dca2f007455d33bb5a1704a53de87599ee998bf8408,"{""d"":7.0,""p"":0.0001,""r"":7.0}",
       153,         0,         0,   0.318,correlated_pymatching,f3aeef2556c82844f7e09dca2f007455d33bb5a1704a53de87599ee998bf8408,"{""d"":7.0,""p"":0.0001,""r"":7.0}",
      1336,         0,         0,   0.596,correlated_pymatching,f3aeef2556c82844f7e09dca2f007455d33bb5a1704a53de87599ee998bf8408,"{""d"":7.0,""p"":0.0001,""r"":7.0}",
      6656,         0,         0,    4.14,correlated_pymatching,f3aeef2556c82844f7e09dca2f007455d33bb5a1704a53de87599ee998bf8408,"{""d"":7.0,""p"":0.0001,""r"":7.0}",
       125,         0,         0,   0.312,correlated_pymatching,f3aeef2556c82844f7e09dca2f007455d33bb5a1704a53de87599ee998bf8408,"{""d"":7.0,""p"":0.0001,""r"":7.0}",
       162,         0,         0,   0.313,correlated_pymatching,f3aeef2556c82844f7e09dca2f007455d33bb5a1704a53de87599ee998bf8408,"{""d"":7.0,""p"":0.0001,""r"":7.0}",
      1601,         0,         0,   0.643,correlated_pymatching,f3aeef2556c82844f7e09dca2f007455d33bb5a1704a53de87599ee998bf8408,"{""d"":7.0,""p"":0.0001,""r"":7.0}",
       336,         0,         0,   0.300,correlated_pymatching,f3aeef2556c82844f7e09dca2f007455d33bb5a1704a53de87599ee998bf8408,"{""d"":7.0,""p"":0.0001,""r"":7.0}",
       317,         0,         0,   0.320,correlated_pymatching,f3aeef2556c82844f7e09dca2f007455d33bb5a1704a53de87599ee998bf8408,"{""d"":7.0,""p"":0.0001,""r"":7.0}",
      3890,         0,         0,    1.31,correlated_pymatching,f3aeef2556c82844f7e09dca2f007455d33bb5a1704a53de87599ee998bf8408,"{""d"":7.0,""p"":0.0001,""r"":7.0}",
      3890,         0,         0,    1.35,correlated_pymatching,f3aeef2556c82844f7e09dca2f007455d33bb5a1704a53de87599ee998bf8408,"{""d"":7.0,""p"":0.0001,""r"":7.0}",
      3890,         0,         0,    1.35,correlated_pymatching,f3aeef2556c82844f7e09dca2f007455d33bb5a1704a53de87599ee998bf8408,"{""d"":7.0,""p"":0.0001,""r"":7.0}",
      3890,         0,         0,    1.31,correlated_pymatching,f3aeef2556c82844f7e09dca2f007455d33bb5a1704a53de87599ee998bf8408,"{""d"":7.0,""p"":0.0001,""r"":7.0}",
       546,         0,         0,   0.308,correlated_pymatching,f3aeef2556c82844f7e09dca2f007455d33bb5a1704a53de87599ee998bf8408,"{""d"":7.0,""p"":0.0001,""r"":7.0}",
      3285,         0,         0,    1.30,correlated_pymatching,f3aeef2556c82844f7e09dca2f007455d33bb5a1704a53de87599ee998bf8408,"{""d"":7.0,""p"":0.0001,""r"":7.0}",
        36,         0,         0,   0.294,correlated_pymatching,f3aeef2556c82844f7e09dca2f007455d33bb5a1704a53de87599ee998bf8408,"{""d"":7.0,""p"":0.0001,""r"":7.0}",
       574,         0,         0,   0.306,correlated_pymatching,f3aeef2556c82844f7e09dca2f007455d33bb5a1704a53de87599ee998bf8408,"{""d"":7.0,""p"":0.0001,""r"":7.0}",
      2048,         0,         0,   0.673,correlated_pymatching,f3aeef2556c82844f7e09dca2f007455d33bb5a1704a53de87599ee998bf8408,"{""d"":7.0,""p"":0.0001,""r"":7.0}",
        15,         0,         0,   0.283,correlated_pymatching,f3aeef2556c82844f7e09dca2f007455d33bb5a1704a53de87599ee998bf8408,"{""d"":7.0,""p"":0.0001,""r"":7.0}",
        36,         0,         0,   0.294,correlated_pymatching,f3aeef2556c82844f7e09dca2f007455d33bb5a1704a53de87599ee998bf8408,"{""d"":7.0,""p"":0.0001,""r"":7.0}",
        36,         0,         0,   0.295,correlated_pymatching,f3aeef2556c82844f7e09dca2f007455d33bb5a1704a53de87599ee998bf8408,"{""d"":7.0,""p"":0.0001,""r"":7.0}",
      2048,         0,         0,    1.28,correlated_pymatching,f3aeef2556c82844f7e09dca2f007455d33bb5a1704a53de87599ee998bf8408,"{""d"":7.0,""p"":0.0001,""r"":7.0}",
      2048,         0,         0,   0.668,correlated_pymatching,f3aeef2556c82844f7e09dca2f007455d33bb5a1704a53de87599ee998bf8408,"{""d"":7.0,""p"":0.0001,""r"":7.0}",
      2048,         0,         0,   0.684,correlated_pymatching,f3aeef2556c82844f7e09dca2f007455d33bb5a1704a53de87599ee998bf8408,"{""d"":7.0,""p"":0.0001,""r"":7.0}",
        12,         0,         0,   0.347,correlated_pymatching,f3aeef2556c82844f7e09dca2f007455d33bb5a1704a53de87599ee998bf8408,"{""d"":7.0,""p"":0.0001,""r"":7.0}",
      1639,         0,         0,    1.33,correlated_pymatching,f3aeef2556c82844f7e09dca2f007455d33bb5a1704a53de87599ee998bf8408,"{""d"":7.0,""p"":0.0001,""r"":7.0}",
       652,         0,         0,   0.381,correlated_pymatching,f3aeef2556c82844f7e09dca2f007455d33bb5a1704a53de87599ee998bf8408,"{""d"":7.0,""p"":0.0001,""r"":7.0}",
       169,         0,         0,   0.317,correlated_pymatching,f3aeef2556c82844f7e09dca2f007455d33bb5a1704a53de87599ee998bf8408,"{""d"":7.0,""p"":0.0001,""r"":7.0}",
       652,         0,         0,   0.351,correlated_pymatching,f3aeef2556c82844f7e09dca2f007455d33bb5a1704a53de87599ee998bf8408,"{""d"":7.0,""p"":0.0001,""r"":7.0}",
       483,         0,         0,   0.333,correlated_pymatching,f3aeef2556c82844f7e09dca2f007455d33bb5a1704a53de87599ee998bf8408,"{""d"":7.0,""p"":0.0001,""r"":7.0}",
       652,         0,         0,   0.372,correlated_pymatching,f3aeef2556c82844f7e09dca2f007455d33bb5a1704a53de87599ee998bf8408,"{""d"":7.0,""p"":0.0001,""r"":7.0}",
         1,         0,         0,   0.297,correlated_pymatching,f3aeef2556c82844f7e09dca2f007455d33bb5a1704a53de87599ee998bf8408,"{""d"":7.0,""p"":0.0001,""r"":7.0}",
      1048,         0,         0,   0.663,correlated_pymatching,f3aeef2556c82844f7e09dca2f007455d33bb5a1704a53de87599ee998bf8408,"{""d"":7.0,""p"":0.0001,""r"":7.0}",
    121856,         0,         0,    42.4,correlated_pymatching,36d2c32a16ae1484f4ce556f02edcde754aef238fde2adbd58da928d1dea009c,"{""d"":7.0,""p"":0.00021544346900318845,""r"":7.0}",
     98304,         1,         0,    37.7,correlated_pymatching,b296b1e82a2e96c853ed55118124f370f20f7552855d6c11bbd2675432a5c92b,"{""d"":7.0,""p"":0.00046415888336127773,""r"":7.0}","{""obs_mistake_mask=E"":1}"
    109568,         1,         0,    42.0,correlated_pymatching,b296b1e82a2e96c853ed55118124f370f20f7552855d6c11bbd2675432a5c92b,"{""d"":7.0,""p"":0.00046415888336127773,""r"":7.0}","{""obs_mistake_mask=E"":1}"
    107520,         0,         0,    38.2,correlated_pymatching,36d2c32a16ae1484f4ce556f02edcde754aef238fde2adbd58da928d1dea009c,"{""d"":7.0,""p"":0.00021544346900318845,""r"":7.0}",
    100352,         0,         0,    34.6,correlated_pymatching,36d2c32a16ae1484f4ce556f02edcde754aef238fde2adbd58da928d1dea009c,"{""d"":7.0,""p"":0.00021544346900318845,""r"":7.0}",
     91136,         0,         0,    34.2,correlated_pymatching,b296b1e82a2e96c853ed55118124f370f20f7552855d6c11bbd2675432a5c92b,"{""d"":7.0,""p"":0.00046415888336127773,""r"":7.0}",
         1,         0,         0,   0.323,correlated_pymatching,b296b1e82a2e96c853ed55118124f370f20f7552855d6c11bbd2675432a5c92b,"{""d"":7.0,""p"":0.00046415888336127773,""r"":7.0}",
         1,         0,         0,   0.336,correlated_pymatching,b296b1e82a2e96c853ed55118124f370f20f7552855d6c11bbd2675432a5c92b,"{""d"":7.0,""p"":0.00046415888336127773,""r"":7.0}",
         1,         0,         0,   0.331,correlated_pymatching,36d2c32a16ae1484f4ce556f02edcde754aef238fde2adbd58da928d1dea009c,"{""d"":7.0,""p"":0.00021544346900318845,""r"":7.0}",
         1,         0,         0,   0.299,correlated_pymatching,b296b1e82a2e96c853ed55118124f370f20f7552855d6c11bbd2675432a5c92b,"{""d"":7.0,""p"":0.00046415888336127773,""r"":7.0}",
         1,         0,         0,   0.304,correlated_pymatching,36d2c32a16ae1484f4ce556f02edcde754aef238fde2adbd58da928d1dea009c,"{""d"":7.0,""p"":0.00021544346900318845,""r"":7.0}",
         1,         0,         0,   0.305,correlated_pymatching,36d2c32a16ae1484f4ce556f02edcde754aef238fde2adbd58da928d1dea009c,"{""d"":7.0,""p"":0.00021544346900318845,""r"":7.0}",
         1,         0,         0,   0.335,correlated_pymatching,b296b1e82a2e96c853ed55118124f370f20f7552855d6c11bbd2675432a5c92b,"{""d"":7.0,""p"":0.00046415888336127773,""r"":7.0}",
         1,         0,         0,   0.327,correlated_pymatching,b296b1e82a2e96c853ed55118124f370f20f7552855d6c11bbd2675432a5c92b,"{""d"":7.0,""p"":0.00046415888336127773,""r"":7.0}",
         1,         0,         0,   0.323,correlated_pymatching,b296b1e82a2e96c853ed55118124f370f20f7552855d6c11bbd2675432a5c92b,"{""d"":7.0,""p"":0.00046415888336127773,""r"":7.0}",
         1,         0,         0,   0.323,correlated_pymatching,36d2c32a16ae1484f4ce556f02edcde754aef238fde2adbd58da928d1dea009c,"{""d"":7.0,""p"":0.00021544346900318845,""r"":7.0}",
         1,         0,         0,   0.335,correlated_pymatching,36d2c32a16ae1484f4ce556f02edcde754aef238fde2adbd58da928d1dea009c,"{""d"":7.0,""p"":0.00021544346900318845,""r"":7.0}",
         1,         0,         0,   0.312,correlated_pymatching,b296b1e82a2e96c853ed55118124f370f20f7552855d6c11bbd2675432a5c92b,"{""d"":7.0,""p"":0.00046415888336127773,""r"":7.0}",
         1,         0,         0,   0.300,correlated_pymatching,36d2c32a16ae1484f4ce556f02edcde754aef238fde2adbd58da928d1dea009c,"{""d"":7.0,""p"":0.00021544346900318845,""r"":7.0}",
         1,         0,         0,   0.313,correlated_pymatching,b296b1e82a2e96c853ed55118124f370f20f7552855d6c11bbd2675432a5c92b,"{""d"":7.0,""p"":0.00046415888336127773,""r"":7.0}",
         1,         0,         0,   0.296,correlated_pymatching,36d2c32a16ae1484f4ce556f02edcde754aef238fde2adbd58da928d1dea009c,"{""d"":7.0,""p"":0.00021544346900318845,""r"":7.0}",
         1,         0,         0,   0.300,correlated_pymatching,36d2c32a16ae1484f4ce556f02edcde754aef238fde2adbd58da928d1dea009c,"{""d"":7.0,""p"":0.00021544346900318845,""r"":7.0}",
         2,         0,         0,   0.301,correlated_pymatching,b296b1e82a2e96c853ed55118124f370f20f7552855d6c11bbd2675432a5c92b,"{""d"":7.0,""p"":0.00046415888336127773,""r"":7.0}",
         1,         0,         0,   0.300,correlated_pymatching,b296b1e82a2e96c853ed55118124f370f20f7552855d6c11bbd2675432a5c92b,"{""d"":7.0,""p"":0.00046415888336127773,""r"":7.0}",
         1,         0,         0,   0.304,correlated_pymatching,b296b1e82a2e96c853ed55118124f370f20f7552855d6c11bbd2675432a5c92b,"{""d"":7.0,""p"":0.00046415888336127773,""r"":7.0}",
         1,         0,         0,   0.300,correlated_pymatching,36d2c32a16ae1484f4ce556f02edcde754aef238fde2adbd58da928d1dea009c,"{""d"":7.0,""p"":0.00021544346900318845,""r"":7.0}",
         1,         0,         0,   0.308,correlated_pymatching,b296b1e82a2e96c853ed55118124f370f20f7552855d6c11bbd2675432a5c92b,"{""d"":7.0,""p"":0.00046415888336127773,""r"":7.0}",
         1,         0,         0,   0.307,correlated_pymatching,36d2c32a16ae1484f4ce556f02edcde754aef238fde2adbd58da928d1dea009c,"{""d"":7.0,""p"":0.00021544346900318845,""r"":7.0}",
         1,         0,         0,   0.304,correlated_pymatching,b296b1e82a2e96c853ed55118124f370f20f7552855d6c11bbd2675432a5c92b,"{""d"":7.0,""p"":0.00046415888336127773,""r"":7.0}",
         2,         0,         0,   0.300,correlated_pymatching,36d2c32a16ae1484f4ce556f02edcde754aef238fde2adbd58da928d1dea009c,"{""d"":7.0,""p"":0.00021544346900318845,""r"":7.0}",
         2,         0,         0,   0.300,correlated_pymatching,36d2c32a16ae1484f4ce556f02edcde754aef238fde2adbd58da928d1dea009c,"{""d"":7.0,""p"":0.00021544346900318845,""r"":7.0}",
         2,         0,         0,   0.309,correlated_pymatching,36d2c32a16ae1484f4ce556f02edcde754aef238fde2adbd58da928d1dea009c,"{""d"":7.0,""p"":0.00021544346900318845,""r"":7.0}",
         1,         0,         0,   0.312,correlated_pymatching,b296b1e82a2e96c853ed55118124f370f20f7552855d6c11bbd2675432a5c92b,"{""d"":7.0,""p"":0.00046415888336127773,""r"":7.0}",
         1,         0,         0,   0.304,correlated_pymatching,b296b1e82a2e96c853ed55118124f370f20f7552855d6c11bbd2675432a5c92b,"{""d"":7.0,""p"":0.00046415888336127773,""r"":7.0}",
         2,         0,         0,   0.316,correlated_pymatching,b296b1e82a2e96c853ed55118124f370f20f7552855d6c11bbd2675432a5c92b,"{""d"":7.0,""p"":0.00046415888336127773,""r"":7.0}",
         2,         0,         0,   0.312,correlated_pymatching,b296b1e82a2e96c853ed55118124f370f20f7552855d6c11bbd2675432a5c92b,"{""d"":7.0,""p"":0.00046415888336127773,""r"":7.0}",
         2,         0,         0,   0.308,correlated_pymatching,36d2c32a16ae1484f4ce556f02edcde754aef238fde2adbd58da928d1dea009c,"{""d"":7.0,""p"":0.00021544346900318845,""r"":7.0}",
         1,         0,         0,   0.296,correlated_pymatching,36d2c32a16ae1484f4ce556f02edcde754aef238fde2adbd58da928d1dea009c,"{""d"":7.0,""p"":0.00021544346900318845,""r"":7.0}",
         1,         0,         0,   0.312,correlated_pymatching,b296b1e82a2e96c853ed55118124f370f20f7552855d6c11bbd2675432a5c92b,"{""d"":7.0,""p"":0.00046415888336127773,""r"":7.0}",
         1,         0,         0,   0.304,correlated_pymatching,b296b1e82a2e96c853ed55118124f370f20f7552855d6c11bbd2675432a5c92b,"{""d"":7.0,""p"":0.00046415888336127773,""r"":7.0}",
         4,         0,         0,   0.304,correlated_pymatching,36d2c32a16ae1484f4ce556f02edcde754aef238fde2adbd58da928d1dea009c,"{""d"":7.0,""p"":0.00021544346900318845,""r"":7.0}",
         4,         0,         0,   0.304,correlated_pymatching,36d2c32a16ae1484f4ce556f02edcde754aef238fde2adbd58da928d1dea009c,"{""d"":7.0,""p"":0.00021544346900318845,""r"":7.0}",
         1,         0,         0,   0.304,correlated_pymatching,b296b1e82a2e96c853ed55118124f370f20f7552855d6c11bbd2675432a5c92b,"{""d"":7.0,""p"":0.00046415888336127773,""r"":7.0}",
         2,         0,         0,   0.296,correlated_pymatching,b296b1e82a2e96c853ed55118124f370f20f7552855d6c11bbd2675432a5c92b,"{""d"":7.0,""p"":0.00046415888336127773,""r"":7.0}",
         2,         0,         0,   0.296,correlated_pymatching,b296b1e82a2e96c853ed55118124f370f20f7552855d6c11bbd2675432a5c92b,"{""d"":7.0,""p"":0.00046415888336127773,""r"":7.0}",
         1,         0,         0,   0.296,correlated_pymatching,b296b1e82a2e96c853ed55118124f370f20f7552855d6c11bbd2675432a5c92b,"{""d"":7.0,""p"":0.00046415888336127773,""r"":7.0}",
         2,         0,         0,   0.296,correlated_pymatching,36d2c32a16ae1484f4ce556f02edcde754aef238fde2adbd58da928d1dea009c,"{""d"":7.0,""p"":0.00021544346900318845,""r"":7.0}",
         2,         0,         0,   0.315,correlated_pymatching,36d2c32a16ae1484f4ce556f02edcde754aef238fde2adbd58da928d1dea009c,"{""d"":7.0,""p"":0.00021544346900318845,""r"":7.0}",
         1,         0,         0,   0.307,correlated_pymatching,b296b1e82a2e96c853ed55118124f370f20f7552855d6c11bbd2675432a5c92b,"{""d"":7.0,""p"":0.00046415888336127773,""r"":7.0}",
         2,         0,         0,   0.312,correlated_pymatching,36d2c32a16ae1484f4ce556f02edcde754aef238fde2adbd58da928d1dea009c,"{""d"":7.0,""p"":0.00021544346900318845,""r"":7.0}",
         1,         0,         0,   0.308,correlated_pymatching,b296b1e82a2e96c853ed55118124f370f20f7552855d6c11bbd2675432a5c92b,"{""d"":7.0,""p"":0.00046415888336127773,""r"":7.0}",
         4,         0,         0,   0.300,correlated_pymatching,36d2c32a16ae1484f4ce556f02edcde754aef238fde2adbd58da928d1dea009c,"{""d"":7.0,""p"":0.00021544346900318845,""r"":7.0}",
         4,         0,         0,   0.300,correlated_pymatching,36d2c32a16ae1484f4ce556f02edcde754aef238fde2adbd58da928d1dea009c,"{""d"":7.0,""p"":0.00021544346900318845,""r"":7.0}",
         1,         0,         0,   0.292,correlated_pymatching,b296b1e82a2e96c853ed55118124f370f20f7552855d6c11bbd2675432a5c92b,"{""d"":7.0,""p"":0.00046415888336127773,""r"":7.0}",
         4,         0,         0,   0.300,correlated_pymatching,b296b1e82a2e96c853ed55118124f370f20f7552855d6c11bbd2675432a5c92b,"{""d"":7.0,""p"":0.00046415888336127773,""r"":7.0}",
         2,         0,         0,   0.303,correlated_pymatching,b296b1e82a2e96c853ed55118124f370f20f7552855d6c11bbd2675432a5c92b,"{""d"":7.0,""p"":0.00046415888336127773,""r"":7.0}",
         4,         0,         0,   0.300,correlated_pymatching,36d2c32a16ae1484f4ce556f02edcde754aef238fde2adbd58da928d1dea009c,"{""d"":7.0,""p"":0.00021544346900318845,""r"":7.0}",
         4,         0,         0,   0.304,correlated_pymatching,b296b1e82a2e96c853ed55118124f370f20f7552855d6c11bbd2675432a5c92b,"{""d"":7.0,""p"":0.00046415888336127773,""r"":7.0}",
         2,         0,         0,   0.304,correlated_pymatching,36d2c32a16ae1484f4ce556f02edcde754aef238fde2adbd58da928d1dea009c,"{""d"":7.0,""p"":0.00021544346900318845,""r"":7.0}",
         1,         0,         0,   0.296,correlated_pymatching,b296b1e82a2e96c853ed55118124f370f20f7552855d6c11bbd2675432a5c92b,"{""d"":7.0,""p"":0.00046415888336127773,""r"":7.0}",
         2,         0,         0,   0.368,correlated_pymatching,36d2c32a16ae1484f4ce556f02edcde754aef238fde2adbd58da928d1dea009c,"{""d"":7.0,""p"":0.00021544346900318845,""r"":7.0}",
         8,         0,         0,   0.292,correlated_pymatching,36d2c32a16ae1484f4ce556f02edcde754aef238fde2adbd58da928d1dea009c,"{""d"":7.0,""p"":0.00021544346900318845,""r"":7.0}",
         1,         0,         0,   0.304,correlated_pymatching,b296b1e82a2e96c853ed55118124f370f20f7552855d6c11bbd2675432a5c92b,"{""d"":7.0,""p"":0.00046415888336127773,""r"":7.0}",
         8,         0,         0,   0.300,correlated_pymatching,36d2c32a16ae1484f4ce556f02edcde754aef238fde2adbd58da928d1dea009c,"{""d"":7.0,""p"":0.00021544346900318845,""r"":7.0}",
         8,         0,         0,   0.295,correlated_pymatching,36d2c32a16ae1484f4ce556f02edcde754aef238fde2adbd58da928d1dea009c,"{""d"":7.0,""p"":0.00021544346900318845,""r"":7.0}",
         4,         0,         0,   0.296,correlated_pymatching,b296b1e82a2e96c853ed55118124f370f20f7552855d6c11bbd2675432a5c92b,"{""d"":7.0,""p"":0.00046415888336127773,""r"":7.0}",
         8,         0,         0,   0.304,correlated_pymatching,b296b1e82a2e96c853ed55118124f370f20f7552855d6c11bbd2675432a5c92b,"{""d"":7.0,""p"":0.00046415888336127773,""r"":7.0}",
         2,         0,         0,   0.316,correlated_pymatching,b296b1e82a2e96c853ed55118124f370f20f7552855d6c11bbd2675432a5c92b,"{""d"":7.0,""p"":0.00046415888336127773,""r"":7.0}",
         2,         0,         0,   0.300,correlated_pymatching,36d2c32a16ae1484f4ce556f02edcde754aef238fde2adbd58da928d1dea009c,"{""d"":7.0,""p"":0.00021544346900318845,""r"":7.0}",
         2,         0,         0,   0.304,correlated_pymatching,b296b1e82a2e96c853ed55118124f370f20f7552855d6c11bbd2675432a5c92b,"{""d"":7.0,""p"":0.00046415888336127773,""r"":7.0}",
         2,         0,         0,   0.312,correlated_pymatching,b296b1e82a2e96c853ed55118124f370f20f7552855d6c11bbd2675432a5c92b,"{""d"":7.0,""p"":0.00046415888336127773,""r"":7.0}",
         2,         0,         0,   0.300,correlated_pymatching,36d2c32a16ae1484f4ce556f02edcde754aef238fde2adbd58da928d1dea009c,"{""d"":7.0,""p"":0.00021544346900318845,""r"":7.0}",
     89519,         1,         0,    44.0,correlated_pymatching,b296b1e82a2e96c853ed55118124f370f20f7552855d6c11bbd2675432a5c92b,"{""d"":7.0,""p"":0.00046415888336127773,""r"":7.0}","{""obs_mistake_mask=E"":1}"
      4527,         0,         0,    1.84,correlated_pymatching,b296b1e82a2e96c853ed55118124f370f20f7552855d6c11bbd2675432a5c92b,"{""d"":7.0,""p"":0.00046415888336127773,""r"":7.0}",
        16,         0,         0,   0.304,correlated_pymatching,36d2c32a16ae1484f4ce556f02edcde754aef238fde2adbd58da928d1dea009c,"{""d"":7.0,""p"":0.00021544346900318845,""r"":7.0}",
        16,         0,         0,   0.300,correlated_pymatching,36d2c32a16ae1484f4ce556f02edcde754aef238fde2adbd58da928d1dea009c,"{""d"":7.0,""p"":0.00021544346900318845,""r"":7.0}",
         4,         0,         0,   0.284,correlated_pymatching,36d2c32a16ae1484f4ce556f02edcde754aef238fde2adbd58da928d1dea009c,"{""d"":7.0,""p"":0.00021544346900318845,""r"":7.0}",
         1,         0,         0,   0.304,correlated_pymatching,b296b1e82a2e96c853ed55118124f370f20f7552855d6c11bbd2675432a5c92b,"{""d"":7.0,""p"":0.00046415888336127773,""r"":7.0}",
         8,         0,         0,   0.304,correlated_pymatching,b296b1e82a2e96c853ed55118124f370f20f7552855d6c11bbd2675432a5c92b,"{""d"":7.0,""p"":0.00046415888336127773,""r"":7.0}",
         2,         0,         0,   0.300,correlated_pymatching,b296b1e82a2e96c853ed55118124f370f20f7552855d6c11bbd2675432a5c92b,"{""d"":7.0,""p"":0.00046415888336127773,""r"":7.0}",
        16,         0,         0,   0.309,correlated_pymatching,36d2c32a16ae1484f4ce556f02edcde754aef238fde2adbd58da928d1dea009c,"{""d"":7.0,""p"":0.00021544346900318845,""r"":7.0}",
         8,         0,         0,   0.308,correlated_pymatching,b296b1e82a2e96c853ed55118124f370f20f7552855d6c11bbd2675432a5c92b,"{""d"":7.0,""p"":0.00046415888336127773,""r"":7.0}",
         2,         0,         0,   0.308,correlated_pymatching,b296b1e82a2e96c853ed55118124f370f20f7552855d6c11bbd2675432a5c92b,"{""d"":7.0,""p"":0.00046415888336127773,""r"":7.0}",
         2,         0,         0,   0.312,correlated_pymatching,b296b1e82a2e96c853ed55118124f370f20f7552855d6c11bbd2675432a5c92b,"{""d"":7.0,""p"":0.00046415888336127773,""r"":7.0}",
         4,         0,         0,   0.308,correlated_pymatching,36d2c32a16ae1484f4ce556f02edcde754aef238fde2adbd58da928d1dea009c,"{""d"":7.0,""p"":0.00021544346900318845,""r"":7.0}",
     83968,         2,         0,    32.5,correlated_pymatching,b296b1e82a2e96c853ed55118124f370f20f7552855d6c11bbd2675432a5c92b,"{""d"":7.0,""p"":0.00046415888336127773,""r"":7.0}","{""obs_mistake_mask=E"":2}"
         4,         0,         0,   0.234,correlated_pymatching,b296b1e82a2e96c853ed55118124f370f20f7552855d6c11bbd2675432a5c92b,"{""d"":7.0,""p"":0.00046415888336127773,""r"":7.0}",
         8,         0,         0,   0.284,correlated_pymatching,b296b1e82a2e96c853ed55118124f370f20f7552855d6c11bbd2675432a5c92b,"{""d"":7.0,""p"":0.00046415888336127773,""r"":7.0}",
        16,         0,         0,   0.308,correlated_pymatching,36d2c32a16ae1484f4ce556f02edcde754aef238fde2adbd58da928d1dea009c,"{""d"":7.0,""p"":0.00021544346900318845,""r"":7.0}",
         8,         0,         0,   0.300,correlated_pymatching,36d2c32a16ae1484f4ce556f02edcde754aef238fde2adbd58da928d1dea009c,"{""d"":7.0,""p"":0.00021544346900318845,""r"":7.0}",
         1,         0,         0,   0.299,correlated_pymatching,b296b1e82a2e96c853ed55118124f370f20f7552855d6c11bbd2675432a5c92b,"{""d"":7.0,""p"":0.00046415888336127773,""r"":7.0}",
        16,         0,         0,   0.307,correlated_pymatching,36d2c32a16ae1484f4ce556f02edcde754aef238fde2adbd58da928d1dea009c,"{""d"":7.0,""p"":0.00021544346900318845,""r"":7.0}",
        16,         0,         0,   0.304,correlated_pymatching,36d2c32a16ae1484f4ce556f02edcde754aef238fde2adbd58da928d1dea009c,"{""d"":7.0,""p"":0.00021544346900318845,""r"":7.0}",
         8,         0,         0,   0.312,correlated_pymatching,b296b1e82a2e96c853ed55118124f370f20f7552855d6c11bbd2675432a5c92b,"{""d"":7.0,""p"":0.00046415888336127773,""r"":7.0}",
         2,         0,         0,   0.312,correlated_pymatching,b296b1e82a2e96c853ed55118124f370f20f7552855d6c11bbd2675432a5c92b,"{""d"":7.0,""p"":0.00046415888336127773,""r"":7.0}",
         2,         0,         0,   0.308,correlated_pymatching,b296b1e82a2e96c853ed55118124f370f20f7552855d6c11bbd2675432a5c92b,"{""d"":7.0,""p"":0.00046415888336127773,""r"":7.0}",
         4,         0,         0,   0.312,correlated_pymatching,36d2c32a16ae1484f4ce556f02edcde754aef238fde2adbd58da928d1dea009c,"{""d"":7.0,""p"":0.00021544346900318845,""r"":7.0}",
     91544,         0,         0,    32.7,correlated_pymatching,36d2c32a16ae1484f4ce556f02edcde754aef238fde2adbd58da928d1dea009c,"{""d"":7.0,""p"":0.00021544346900318845,""r"":7.0}",
         8,         0,         0,   0.249,correlated_pymatching,b296b1e82a2e96c853ed55118124f370f20f7552855d6c11bbd2675432a5c92b,"{""d"":7.0,""p"":0.00046415888336127773,""r"":7.0}",
     86016,         0,         0,    30.1,correlated_pymatching,36d2c32a16ae1484f4ce556f02edcde754aef238fde2adbd58da928d1dea009c,"{""d"":7.0,""p"":0.00021544346900318845,""r"":7.0}",
        16,         0,         0,   0.279,correlated_pymatching,b296b1e82a2e96c853ed55118124f370f20f7552855d6c11bbd2675432a5c92b,"{""d"":7.0,""p"":0.00046415888336127773,""r"":7.0}",
        16,         0,         0,   0.299,correlated_pymatching,36d2c32a16ae1484f4ce556f02edcde754aef238fde2adbd58da928d1dea009c,"{""d"":7.0,""p"":0.00021544346900318845,""r"":7.0}",
        16,         0,         0,   0.300,correlated_pymatching,36d2c32a16ae1484f4ce556f02edcde754aef238fde2adbd58da928d1dea009c,"{""d"":7.0,""p"":0.00021544346900318845,""r"":7.0}",
        16,         0,         0,   0.300,correlated_pymatching,36d2c32a16ae1484f4ce556f02edcde754aef238fde2adbd58da928d1dea009c,"{""d"":7.0,""p"":0.00021544346900318845,""r"":7.0}",
         2,         0,         0,   0.316,correlated_pymatching,b296b1e82a2e96c853ed55118124f370f20f7552855d6c11bbd2675432a5c92b,"{""d"":7.0,""p"":0.00046415888336127773,""r"":7.0}",
        16,         0,         0,   0.300,correlated_pymatching,36d2c32a16ae1484f4ce556f02edcde754aef238fde2adbd58da928d1dea009c,"{""d"":7.0,""p"":0.00021544346900318845,""r"":7.0}",
         8,         0,         0,   0.300,correlated_pymatching,b296b1e82a2e96c853ed55118124f370f20f7552855d6c11bbd2675432a5c92b,"{""d"":7.0,""p"":0.00046415888336127773,""r"":7.0}",
         2,         0,         0,   0.308,correlated_pymatching,b296b1e82a2e96c853ed55118124f370f20f7552855d6c11bbd2675432a5c92b,"{""d"":7.0,""p"":0.00046415888336127773,""r"":7.0}",
         2,         0,         0,   0.312,correlated_pymatching,b296b1e82a2e96c853ed55118124f370f20f7552855d6c11bbd2675432a5c92b,"{""d"":7.0,""p"":0.00046415888336127773,""r"":7.0}",
         4,         0,         0,   0.298,correlated_pymatching,36d2c32a16ae1484f4ce556f02edcde754aef238fde2adbd58da928d1dea009c,"{""d"":7.0,""p"":0.00021544346900318845,""r"":7.0}",
        16,         0,         0,   0.300,correlated_pymatching,b296b1e82a2e96c853ed55118124f370f20f7552855d6c11bbd2675432a5c92b,"{""d"":7.0,""p"":0.00046415888336127773,""r"":7.0}",
        32,         0,         0,   0.304,correlated_pymatching,b296b1e82a2e96c853ed55118124f370f20f7552855d6c11bbd2675432a5c92b,"{""d"":7.0,""p"":0.00046415888336127773,""r"":7.0}",
        32,         0,         0,   0.296,correlated_pymatching,36d2c32a16ae1484f4ce556f02edcde754aef238fde2adbd58da928d1dea009c,"{""d"":7.0,""p"":0.00021544346900318845,""r"":7.0}",
        32,         0,         0,   0.304,correlated_pymatching,36d2c32a16ae1484f4ce556f02edcde754aef238fde2adbd58da928d1dea009c,"{""d"":7.0,""p"":0.00021544346900318845,""r"":7.0}",
        32,         0,         0,   0.300,correlated_pymatching,36d2c32a16ae1484f4ce556f02edcde754aef238fde2adbd58da928d1dea009c,"{""d"":7.0,""p"":0.00021544346900318845,""r"":7.0}",
         2,         0,         0,   0.304,correlated_pymatching,b296b1e82a2e96c853ed55118124f370f20f7552855d6c11bbd2675432a5c92b,"{""d"":7.0,""p"":0.00046415888336127773,""r"":7.0}",
        32,         0,         0,   0.304,correlated_pymatching,36d2c32a16ae1484f4ce556f02edcde754aef238fde2adbd58da928d1dea009c,"{""d"":7.0,""p"":0.00021544346900318845,""r"":7.0}",
     17408,         1,         0,    12.0,correlated_pymatching,b296b1e82a2e96c853ed55118124f370f20f7552855d6c11bbd2675432a5c92b,"{""d"":7.0,""p"":0.00046415888336127773,""r"":7.0}","{""obs_mistake_mask=E"":1}"
        16,         0,         0,   0.300,correlated_pymatching,b296b1e82a2e96c853ed55118124f370f20f7552855d6c11bbd2675432a5c92b,"{""d"":7.0,""p"":0.00046415888336127773,""r"":7.0}",
         2,         0,         0,   0.302,correlated_pymatching,b296b1e82a2e96c853ed55118124f370f20f7552855d6c11bbd2675432a5c92b,"{""d"":7.0,""p"":0.00046415888336127773,""r"":7.0}",
         2,         0,         0,   0.292,correlated_pymatching,b296b1e82a2e96c853ed55118124f370f20f7552855d6c11bbd2675432a5c92b,"{""d"":7.0,""p"":0.00046415888336127773,""r"":7.0}",
         8,         0,         0,   0.306,correlated_pymatching,36d2c32a16ae1484f4ce556f02edcde754aef238fde2adbd58da928d1dea009c,"{""d"":7.0,""p"":0.00021544346900318845,""r"":7.0}",
        32,         0,         0,   0.308,correlated_pymatching,b296b1e82a2e96c853ed55118124f370f20f7552855d6c11bbd2675432a5c92b,"{""d"":7.0,""p"":0.00046415888336127773,""r"":7.0}",
        32,         0,         0,   0.296,correlated_pymatching,b296b1e82a2e96c853ed55118124f370f20f7552855d6c11bbd2675432a5c92b,"{""d"":7.0,""p"":0.00046415888336127773,""r"":7.0}",
        64,         0,         0,   0.292,correlated_pymatching,36d2c32a16ae1484f4ce556f02edcde754aef238fde2adbd58da928d1dea009c,"{""d"":7.0,""p"":0.00021544346900318845,""r"":7.0}",
        64,         0,         0,   0.308,correlated_pymatching,36d2c32a16ae1484f4ce556f02edcde754aef238fde2adbd58da928d1dea009c,"{""d"":7.0,""p"":0.00021544346900318845,""r"":7.0}",
         2,         0,         0,   0.308,correlated_pymatching,b296b1e82a2e96c853ed55118124f370f20f7552855d6c11bbd2675432a5c92b,"{""d"":7.0,""p"":0.00046415888336127773,""r"":7.0}",
        32,         0,         0,   0.300,correlated_pymatching,b296b1e82a2e96c853ed55118124f370f20f7552855d6c11bbd2675432a5c92b,"{""d"":7.0,""p"":0.00046415888336127773,""r"":7.0}",
         2,         0,         0,   0.305,correlated_pymatching,b296b1e82a2e96c853ed55118124f370f20f7552855d6c11bbd2675432a5c92b,"{""d"":7.0,""p"":0.00046415888336127773,""r"":7.0}",
        32,         0,         0,   0.360,correlated_pymatching,36d2c32a16ae1484f4ce556f02edcde754aef238fde2adbd58da928d1dea009c,"{""d"":7.0,""p"":0.00021544346900318845,""r"":7.0}",
         4,         0,         0,   0.316,correlated_pymatching,b296b1e82a2e96c853ed55118124f370f20f7552855d6c11bbd2675432a5c92b,"{""d"":7.0,""p"":0.00046415888336127773,""r"":7.0}",
         8,         0,         0,   0.312,correlated_pymatching,36d2c32a16ae1484f4ce556f02edcde754aef238fde2adbd58da928d1dea009c,"{""d"":7.0,""p"":0.00021544346900318845,""r"":7.0}",
      6272,         0,         0,    12.0,correlated_pymatching,b296b1e82a2e96c853ed55118124f370f20f7552855d6c11bbd2675432a5c92b,"{""d"":7.0,""p"":0.00046415888336127773,""r"":7.0}",
     18432,         0,         0,    11.9,correlated_pymatching,36d2c32a16ae1484f4ce556f02edcde754aef238fde2adbd58da928d1dea009c,"{""d"":7.0,""p"":0.00021544346900318845,""r"":7.0}",
        96,         0,         0,   0.592,correlated_pymatching,36d2c32a16ae1484f4ce556f02edcde754aef238fde2adbd58da928d1dea009c,"{""d"":7.0,""p"":0.00021544346900318845,""r"":7.0}",
     18176,         0,         0,    11.8,correlated_pymatching,36d2c32a16ae1484f4ce556f02edcde754aef238fde2adbd58da928d1dea009c,"{""d"":7.0,""p"":0.00021544346900318845,""r"":7.0}",
        96,         0,         0,   0.500,correlated_pymatching,b296b1e82a2e96c853ed55118124f370f20f7552855d6c11bbd2675432a5c92b,"{""d"":7.0,""p"":0.00046415888336127773,""r"":7.0}",
       192,         0,         0,   0.484,correlated_pymatching,b296b1e82a2e96c853ed55118124f370f20f7552855d6c11bbd2675432a5c92b,"{""d"":7.0,""p"":0.00046415888336127773,""r"":7.0}",
        96,         0,         0,   0.448,correlated_pymatching,36d2c32a16ae1484f4ce556f02edcde754aef238fde2adbd58da928d1dea009c,"{""d"":7.0,""p"":0.00021544346900318845,""r"":7.0}",
       192,         0,         0,   0.544,correlated_pymatching,b296b1e82a2e96c853ed55118124f370f20f7552855d6c11bbd2675432a5c92b,"{""d"":7.0,""p"":0.00046415888336127773,""r"":7.0}",
       128,         0,         0,   0.596,correlated_pymatching,36d2c32a16ae1484f4ce556f02edcde754aef238fde2adbd58da928d1dea009c,"{""d"":7.0,""p"":0.00021544346900318845,""r"":7.0}",
       256,         0,         0,   0.620,correlated_pymatching,36d2c32a16ae1484f4ce556f02edcde754aef238fde2adbd58da928d1dea009c,"{""d"":7.0,""p"":0.00021544346900318845,""r"":7.0}",
         4,         0,         0,   0.610,correlated_pymatching,b296b1e82a2e96c853ed55118124f370f20f7552855d6c11bbd2675432a5c92b,"{""d"":7.0,""p"":0.00046415888336127773,""r"":7.0}",
     33792,         0,         0,    11.7,correlated_pymatching,36d2c32a16ae1484f4ce556f02edcde754aef238fde2adbd58da928d1dea009c,"{""d"":7.0,""p"":0.00021544346900318845,""r"":7.0}",
         4,         0,         0,   0.616,correlated_pymatching,b296b1e82a2e96c853ed55118124f370f20f7552855d6c11bbd2675432a5c92b,"{""d"":7.0,""p"":0.00046415888336127773,""r"":7.0}",
        12,         0,         0,   0.604,correlated_pymatching,b296b1e82a2e96c853ed55118124f370f20f7552855d6c11bbd2675432a5c92b,"{""d"":7.0,""p"":0.00046415888336127773,""r"":7.0}",
        24,         0,         0,   0.572,correlated_pymatching,36d2c32a16ae1484f4ce556f02edcde754aef238fde2adbd58da928d1dea009c,"{""d"":7.0,""p"":0.00021544346900318845,""r"":7.0}",
       128,         0,         0,   0.608,correlated_pymatching,36d2c32a16ae1484f4ce556f02edcde754aef238fde2adbd58da928d1dea009c,"{""d"":7.0,""p"":0.00021544346900318845,""r"":7.0}",
       256,         0,         0,   0.605,correlated_pymatching,b296b1e82a2e96c853ed55118124f370f20f7552855d6c11bbd2675432a5c92b,"{""d"":7.0,""p"":0.00046415888336127773,""r"":7.0}",
     25856,         0,         0,    32.4,correlated_pymatching,36d2c32a16ae1484f4ce556f02edcde754aef238fde2adbd58da928d1dea009c,"{""d"":7.0,""p"":0.00021544346900318845,""r"":7.0}",
       256,         0,         0,   0.604,correlated_pymatching,36d2c32a16ae1484f4ce556f02edcde754aef238fde2adbd58da928d1dea009c,"{""d"":7.0,""p"":0.00021544346900318845,""r"":7.0}",
       768,         0,         0,   0.584,correlated_pymatching,b296b1e82a2e96c853ed55118124f370f20f7552855d6c11bbd2675432a5c92b,"{""d"":7.0,""p"":0.00046415888336127773,""r"":7.0}",
       256,         0,         0,   0.612,correlated_pymatching,36d2c32a16ae1484f4ce556f02edcde754aef238fde2adbd58da928d1dea009c,"{""d"":7.0,""p"":0.00021544346900318845,""r"":7.0}",
       384,         0,         0,   0.612,correlated_pymatching,36d2c32a16ae1484f4ce556f02edcde754aef238fde2adbd58da928d1dea009c,"{""d"":7.0,""p"":0.00021544346900318845,""r"":7.0}",
         8,         0,         0,   0.605,correlated_pymatching,b296b1e82a2e96c853ed55118124f370f20f7552855d6c11bbd2675432a5c92b,"{""d"":7.0,""p"":0.00046415888336127773,""r"":7.0}",
         4,         0,         0,   0.612,correlated_pymatching,b296b1e82a2e96c853ed55118124f370f20f7552855d6c11bbd2675432a5c92b,"{""d"":7.0,""p"":0.00046415888336127773,""r"":7.0}",
        16,         0,         0,   0.606,correlated_pymatching,b296b1e82a2e96c853ed55118124f370f20f7552855d6c11bbd2675432a5c92b,"{""d"":7.0,""p"":0.00046415888336127773,""r"":7.0}",
        32,         0,         0,   0.616,correlated_pymatching,36d2c32a16ae1484f4ce556f02edcde754aef238fde2adbd58da928d1dea009c,"{""d"":7.0,""p"":0.00021544346900318845,""r"":7.0}",
      1280,         0,         0,   0.864,correlated_pymatching,b296b1e82a2e96c853ed55118124f370f20f7552855d6c11bbd2675432a5c92b,"{""d"":7.0,""p"":0.00046415888336127773,""r"":7.0}",
       128,         0,         0,   0.605,correlated_pymatching,36d2c32a16ae1484f4ce556f02edcde754aef238fde2adbd58da928d1dea009c,"{""d"":7.0,""p"":0.00021544346900318845,""r"":7.0}",
       768,         0,         0,   0.971,correlated_pymatching,b296b1e82a2e96c853ed55118124f370f20f7552855d6c11bbd2675432a5c92b,"{""d"":7.0,""p"":0.00046415888336127773,""r"":7.0}",
       768,         0,         0,   0.936,correlated_pymatching,36d2c32a16ae1484f4ce556f02edcde754aef238fde2adbd58da928d1dea009c,"{""d"":7.0,""p"":0.00021544346900318845,""r"":7.0}",
       640,         0,         0,   0.924,correlated_pymatching,36d2c32a16ae1484f4ce556f02edcde754aef238fde2adbd58da928d1dea009c,"{""d"":7.0,""p"":0.00021544346900318845,""r"":7.0}",
        24,         0,         0,   0.916,correlated_pymatching,b296b1e82a2e96c853ed55118124f370f20f7552855d6c11bbd2675432a5c92b,"{""d"":7.0,""p"":0.00046415888336127773,""r"":7.0}",
       768,         0,         0,   0.940,correlated_pymatching,36d2c32a16ae1484f4ce556f02edcde754aef238fde2adbd58da928d1dea009c,"{""d"":7.0,""p"":0.00021544346900318845,""r"":7.0}",
      1536,         0,         0,    1.03,correlated_pymatching,b296b1e82a2e96c853ed55118124f370f20f7552855d6c11bbd2675432a5c92b,"{""d"":7.0,""p"":0.00046415888336127773,""r"":7.0}",
         6,         0,         0,   0.916,correlated_pymatching,b296b1e82a2e96c853ed55118124f370f20f7552855d6c11bbd2675432a5c92b,"{""d"":7.0,""p"":0.00046415888336127773,""r"":7.0}",
        24,         0,         0,   0.917,correlated_pymatching,b296b1e82a2e96c853ed55118124f370f20f7552855d6c11bbd2675432a5c92b,"{""d"":7.0,""p"":0.00046415888336127773,""r"":7.0}",
        48,         0,         0,   0.912,correlated_pymatching,36d2c32a16ae1484f4ce556f02edcde754aef238fde2adbd58da928d1dea009c,"{""d"":7.0,""p"":0.00021544346900318845,""r"":7.0}",
      1536,         0,         0,    1.02,correlated_pymatching,b296b1e82a2e96c853ed55118124f370f20f7552855d6c11bbd2675432a5c92b,"{""d"":7.0,""p"":0.00046415888336127773,""r"":7.0}",
       192,         0,         0,   0.914,correlated_pymatching,36d2c32a16ae1484f4ce556f02edcde754aef238fde2adbd58da928d1dea009c,"{""d"":7.0,""p"":0.00021544346900318845,""r"":7.0}",
      1024,         0,         0,    1.28,correlated_pymatching,b296b1e82a2e96c853ed55118124f370f20f7552855d6c11bbd2675432a5c92b,"{""d"":7.0,""p"":0.00046415888336127773,""r"":7.0}",
      1280,         0,         0,    1.25,correlated_pymatching,36d2c32a16ae1484f4ce556f02edcde754aef238fde2adbd58da928d1dea009c,"{""d"":7.0,""p"":0.00021544346900318845,""r"":7.0}",
      1024,         0,         0,    1.24,correlated_pymatching,36d2c32a16ae1484f4ce556f02edcde754aef238fde2adbd58da928d1dea009c,"{""d"":7.0,""p"":0.00021544346900318845,""r"":7.0}",
        32,         0,         0,    1.22,correlated_pymatching,b296b1e82a2e96c853ed55118124f370f20f7552855d6c11bbd2675432a5c92b,"{""d"":7.0,""p"":0.00046415888336127773,""r"":7.0}",
      1024,         0,         0,    1.24,correlated_pymatching,36d2c32a16ae1484f4ce556f02edcde754aef238fde2adbd58da928d1dea009c,"{""d"":7.0,""p"":0.00021544346900318845,""r"":7.0}",
        14,         0,         0,    1.22,correlated_pymatching,b296b1e82a2e96c853ed55118124f370f20f7552855d6c11bbd2675432a5c92b,"{""d"":7.0,""p"":0.00046415888336127773,""r"":7.0}",
        56,         0,         0,    1.22,correlated_pymatching,b296b1e82a2e96c853ed55118124f370f20f7552855d6c11bbd2675432a5c92b,"{""d"":7.0,""p"":0.00046415888336127773,""r"":7.0}",
        64,         0,         0,    1.23,correlated_pymatching,36d2c32a16ae1484f4ce556f02edcde754aef238fde2adbd58da928d1dea009c,"{""d"":7.0,""p"":0.00021544346900318845,""r"":7.0}",
     65202,         0,         0,    22.3,correlated_pymatching,36d2c32a16ae1484f4ce556f02edcde754aef238fde2adbd58da928d1dea009c,"{""d"":7.0,""p"":0.00021544346900318845,""r"":7.0}",
      2048,         0,         0,    1.38,correlated_pymatching,b296b1e82a2e96c853ed55118124f370f20f7552855d6c11bbd2675432a5c92b,"{""d"":7.0,""p"":0.00046415888336127773,""r"":7.0}",
     11695,         0,         0,    4.68,correlated_pymatching,b296b1e82a2e96c853ed55118124f370f20f7552855d6c11bbd2675432a5c92b,"{""d"":7.0,""p"":0.00046415888336127773,""r"":7.0}",
       384,         0,         0,    1.22,correlated_pymatching,36d2c32a16ae1484f4ce556f02edcde754aef238fde2adbd58da928d1dea009c,"{""d"":7.0,""p"":0.00021544346900318845,""r"":7.0}",
      2048,         0,         0,    1.38,correlated_pymatching,b296b1e82a2e96c853ed55118124f370f20f7552855d6c11bbd2675432a5c92b,"{""d"":7.0,""p"":0.00046415888336127773,""r"":7.0}",
      1280,         0,         0,    1.61,correlated_pymatching,b296b1e82a2e96c853ed55118124f370f20f7552855d6c11bbd2675432a5c92b,"{""d"":7.0,""p"":0.00046415888336127773,""r"":7.0}",
      2560,         0,         0,    1.66,correlated_pymatching,36d2c32a16ae1484f4ce556f02edcde754aef238fde2adbd58da928d1dea009c,"{""d"":7.0,""p"":0.00021544346900318845,""r"":7.0}",
      1536,         0,         0,    1.56,correlated_pymatching,36d2c32a16ae1484f4ce556f02edcde754aef238fde2adbd58da928d1dea009c,"{""d"":7.0,""p"":0.00021544346900318845,""r"":7.0}",
        48,         0,         0,    1.84,correlated_pymatching,b296b1e82a2e96c853ed55118124f370f20f7552855d6c11bbd2675432a5c92b,"{""d"":7.0,""p"":0.00046415888336127773,""r"":7.0}",
      1536,         0,         0,    1.85,correlated_pymatching,36d2c32a16ae1484f4ce556f02edcde754aef238fde2adbd58da928d1dea009c,"{""d"":7.0,""p"":0.00021544346900318845,""r"":7.0}",
        32,         0,         0,    1.81,correlated_pymatching,b296b1e82a2e96c853ed55118124f370f20f7552855d6c11bbd2675432a5c92b,"{""d"":7.0,""p"":0.00046415888336127773,""r"":7.0}",
       160,         0,         0,    1.84,correlated_pymatching,b296b1e82a2e96c853ed55118124f370f20f7552855d6c11bbd2675432a5c92b,"{""d"":7.0,""p"":0.00046415888336127773,""r"":7.0}",
      2560,         0,         0,    1.72,correlated_pymatching,b296b1e82a2e96c853ed55118124f370f20f7552855d6c11bbd2675432a5c92b,"{""d"":7.0,""p"":0.00046415888336127773,""r"":7.0}",
       240,         0,         0,    1.84,correlated_pymatching,36d2c32a16ae1484f4ce556f02edcde754aef238fde2adbd58da928d1dea009c,"{""d"":7.0,""p"":0.00021544346900318845,""r"":7.0}",
      2560,         0,         0,    1.73,correlated_pymatching,b296b1e82a2e96c853ed55118124f370f20f7552855d6c11bbd2675432a5c92b,"{""d"":7.0,""p"":0.00046415888336127773,""r"":7.0}",
      1280,         0,         0,    1.86,correlated_pymatching,36d2c32a16ae1484f4ce556f02edcde754aef238fde2adbd58da928d1dea009c,"{""d"":7.0,""p"":0.00021544346900318845,""r"":7.0}",
      1792,         1,         0,    2.28,correlated_pymatching,b296b1e82a2e96c853ed55118124f370f20f7552855d6c11bbd2675432a5c92b,"{""d"":7.0,""p"":0.00046415888336127773,""r"":7.0}","{""obs_mistake_mask=E"":1}"
      3584,         0,         0,    2.39,correlated_pymatching,36d2c32a16ae1484f4ce556f02edcde754aef238fde2adbd58da928d1dea009c,"{""d"":7.0,""p"":0.00021544346900318845,""r"":7.0}",
      3584,         0,         0,    2.43,correlated_pymatching,36d2c32a16ae1484f4ce556f02edcde754aef238fde2adbd58da928d1dea009c,"{""d"":7.0,""p"":0.00021544346900318845,""r"":7.0}",
        56,         0,         0,    2.18,correlated_pymatching,b296b1e82a2e96c853ed55118124f370f20f7552855d6c11bbd2675432a5c92b,"{""d"":7.0,""p"":0.00046415888336127773,""r"":7.0}",
      3072,         0,         0,    2.24,correlated_pymatching,36d2c32a16ae1484f4ce556f02edcde754aef238fde2adbd58da928d1dea009c,"{""d"":7.0,""p"":0.00021544346900318845,""r"":7.0}",
      3072,         0,         0,    2.20,correlated_pymatching,b296b1e82a2e96c853ed55118124f370f20f7552855d6c11bbd2675432a5c92b,"{""d"":7.0,""p"":0.00046415888336127773,""r"":7.0}",
       448,         0,         0,    2.28,correlated_pymatching,36d2c32a16ae1484f4ce556f02edcde754aef238fde2adbd58da928d1dea009c,"{""d"":7.0,""p"":0.00021544346900318845,""r"":7.0}",
       128,         0,         0,    2.48,correlated_pymatching,b296b1e82a2e96c853ed55118124f370f20f7552855d6c11bbd2675432a5c92b,"{""d"":7.0,""p"":0.00046415888336127773,""r"":7.0}",
       448,         0,         0,    2.47,correlated_pymatching,b296b1e82a2e96c853ed55118124f370f20f7552855d6c11bbd2675432a5c92b,"{""d"":7.0,""p"":0.00046415888336127773,""r"":7.0}",
      1792,         0,         0,    2.22,correlated_pymatching,36d2c32a16ae1484f4ce556f02edcde754aef238fde2adbd58da928d1dea009c,"{""d"":7.0,""p"":0.00021544346900318845,""r"":7.0}",
      3584,         0,         0,    2.41,correlated_pymatching,b296b1e82a2e96c853ed55118124f370f20f7552855d6c11bbd2675432a5c92b,"{""d"":7.0,""p"":0.00046415888336127773,""r"":7.0}",
     25344,         1,         0,    32.4,correlated_pymatching,b296b1e82a2e96c853ed55118124f370f20f7552855d6c11bbd2675432a5c92b,"{""d"":7.0,""p"":0.00046415888336127773,""r"":7.0}","{""obs_mistake_mask=E"":1}"
     31488,         0,         0,    32.4,correlated_pymatching,36d2c32a16ae1484f4ce556f02edcde754aef238fde2adbd58da928d1dea009c,"{""d"":7.0,""p"":0.00021544346900318845,""r"":7.0}",
     45568,         0,         0,    32.5,correlated_pymatching,b296b1e82a2e96c853ed55118124f370f20f7552855d6c11bbd2675432a5c92b,"{""d"":7.0,""p"":0.00046415888336127773,""r"":7.0}",
      2560,         0,         0,    3.19,correlated_pymatching,b296b1e82a2e96c853ed55118124f370f20f7552855d6c11bbd2675432a5c92b,"{""d"":7.0,""p"":0.00046415888336127773,""r"":7.0}",
       264,         0,         0,    3.08,correlated_pymatching,b296b1e82a2e96c853ed55118124f370f20f7552855d6c11bbd2675432a5c92b,"{""d"":7.0,""p"":0.00046415888336127773,""r"":7.0}",
      4608,         0,         0,    3.09,correlated_pymatching,b296b1e82a2e96c853ed55118124f370f20f7552855d6c11bbd2675432a5c92b,"{""d"":7.0,""p"":0.00046415888336127773,""r"":7.0}",
      5120,         0,         0,    3.25,correlated_pymatching,36d2c32a16ae1484f4ce556f02edcde754aef238fde2adbd58da928d1dea009c,"{""d"":7.0,""p"":0.00021544346900318845,""r"":7.0}",
      1216,         0,         0,    3.10,correlated_pymatching,36d2c32a16ae1484f4ce556f02edcde754aef238fde2adbd58da928d1dea009c,"{""d"":7.0,""p"":0.00021544346900318845,""r"":7.0}",
      5120,         0,         0,    3.30,correlated_pymatching,36d2c32a16ae1484f4ce556f02edcde754aef238fde2adbd58da928d1dea009c,"{""d"":7.0,""p"":0.00021544346900318845,""r"":7.0}",
      5120,         0,         0,    3.24,correlated_pymatching,36d2c32a16ae1484f4ce556f02edcde754aef238fde2adbd58da928d1dea009c,"{""d"":7.0,""p"":0.00021544346900318845,""r"":7.0}",
       240,         0,         0,    3.08,correlated_pymatching,b296b1e82a2e96c853ed55118124f370f20f7552855d6c11bbd2675432a5c92b,"{""d"":7.0,""p"":0.00046415888336127773,""r"":7.0}",
       640,         0,         0,    3.10,correlated_pymatching,b296b1e82a2e96c853ed55118124f370f20f7552855d6c11bbd2675432a5c92b,"{""d"":7.0,""p"":0.00046415888336127773,""r"":7.0}",
      2560,         0,         0,    3.11,correlated_pymatching,36d2c32a16ae1484f4ce556f02edcde754aef238fde2adbd58da928d1dea009c,"{""d"":7.0,""p"":0.00021544346900318845,""r"":7.0}",
      4608,         0,         0,    3.08,correlated_pymatching,b296b1e82a2e96c853ed55118124f370f20f7552855d6c11bbd2675432a5c92b,"{""d"":7.0,""p"":0.00046415888336127773,""r"":7.0}",
     49237,         0,         0,    17.1,correlated_pymatching,36d2c32a16ae1484f4ce556f02edcde754aef238fde2adbd58da928d1dea009c,"{""d"":7.0,""p"":0.00021544346900318845,""r"":7.0}",
     49237,         0,         0,    17.4,correlated_pymatching,36d2c32a16ae1484f4ce556f02edcde754aef238fde2adbd58da928d1dea009c,"{""d"":7.0,""p"":0.00021544346900318845,""r"":7.0}",
     41984,         0,         0,    14.7,correlated_pymatching,36d2c32a16ae1484f4ce556f02edcde754aef238fde2adbd58da928d1dea009c,"{""d"":7.0,""p"":0.00021544346900318845,""r"":7.0}",
     49152,         0,         0,    17.4,correlated_pymatching,36d2c32a16ae1484f4ce556f02edcde754aef238fde2adbd58da928d1dea009c,"{""d"":7.0,""p"":0.00021544346900318845,""r"":7.0}",
     41745,         0,         0,    14.9,correlated_pymatching,36d2c32a16ae1484f4ce556f02edcde754aef238fde2adbd58da928d1dea009c,"{""d"":7.0,""p"":0.00021544346900318845,""r"":7.0}",
     38912,         0,         0,    13.7,correlated_pymatching,36d2c32a16ae1484f4ce556f02edcde754aef238fde2adbd58da928d1dea009c,"{""d"":7.0,""p"":0.00021544346900318845,""r"":7.0}",
        85,         0,         0,   0.309,correlated_pymatching,36d2c32a16ae1484f4ce556f02edcde754aef238fde2adbd58da928d1dea009c,"{""d"":7.0,""p"":0.00021544346900318845,""r"":7.0}",
     31744,         0,         0,    10.8,correlated_pymatching,36d2c32a16ae1484f4ce556f02edcde754aef238fde2adbd58da928d1dea009c,"{""d"":7.0,""p"":0.00021544346900318845,""r"":7.0}",
       448,         0,         0,    4.33,correlated_pymatching,b296b1e82a2e96c853ed55118124f370f20f7552855d6c11bbd2675432a5c92b,"{""d"":7.0,""p"":0.00046415888336127773,""r"":7.0}",
      3584,         0,         0,    4.47,correlated_pymatching,b296b1e82a2e96c853ed55118124f370f20f7552855d6c11bbd2675432a5c92b,"{""d"":7.0,""p"":0.00046415888336127773,""r"":7.0}",
      6656,         0,         0,    4.38,correlated_pymatching,b296b1e82a2e96c853ed55118124f370f20f7552855d6c11bbd2675432a5c92b,"{""d"":7.0,""p"":0.00046415888336127773,""r"":7.0}",
      6656,         0,         0,    4.34,correlated_pymatching,36d2c32a16ae1484f4ce556f02edcde754aef238fde2adbd58da928d1dea009c,"{""d"":7.0,""p"":0.00021544346900318845,""r"":7.0}",
      7680,         0,         0,    4.46,correlated_pymatching,36d2c32a16ae1484f4ce556f02edcde754aef238fde2adbd58da928d1dea009c,"{""d"":7.0,""p"":0.00021544346900318845,""r"":7.0}",
      1792,         0,         0,    4.39,correlated_pymatching,36d2c32a16ae1484f4ce556f02edcde754aef238fde2adbd58da928d1dea009c,"{""d"":7.0,""p"":0.00021544346900318845,""r"":7.0}",
      1152,         0,         0,    4.37,correlated_pymatching,b296b1e82a2e96c853ed55118124f370f20f7552855d6c11bbd2675432a5c92b,"{""d"":7.0,""p"":0.00046415888336127773,""r"":7.0}",
      7680,         0,         0,    4.50,correlated_pymatching,36d2c32a16ae1484f4ce556f02edcde754aef238fde2adbd58da928d1dea009c,"{""d"":7.0,""p"":0.00021544346900318845,""r"":7.0}",
      6912,         0,         0,    4.51,correlated_pymatching,36d2c32a16ae1484f4ce556f02edcde754aef238fde2adbd58da928d1dea009c,"{""d"":7.0,""p"":0.00021544346900318845,""r"":7.0}",
      1216,         0,         0,    4.55,correlated_pymatching,b296b1e82a2e96c853ed55118124f370f20f7552855d6c11bbd2675432a5c92b,"{""d"":7.0,""p"":0.00046415888336127773,""r"":7.0}",
      7168,         0,         0,    4.45,correlated_pymatching,b296b1e82a2e96c853ed55118124f370f20f7552855d6c11bbd2675432a5c92b,"{""d"":7.0,""p"":0.00046415888336127773,""r"":7.0}",
     17431,         0,         0,    6.88,correlated_pymatching,b296b1e82a2e96c853ed55118124f370f20f7552855d6c11bbd2675432a5c92b,"{""d"":7.0,""p"":0.00046415888336127773,""r"":7.0}",
     58368,         2,         0,    21.8,correlated_pymatching,b296b1e82a2e96c853ed55118124f370f20f7552855d6c11bbd2675432a5c92b,"{""d"":7.0,""p"":0.00046415888336127773,""r"":7.0}","{""obs_mistake_mask=E"":2}"
     24576,         1,         0,    16.7,correlated_pymatching,b296b1e82a2e96c853ed55118124f370f20f7552855d6c11bbd2675432a5c92b,"{""d"":7.0,""p"":0.00046415888336127773,""r"":7.0}","{""obs_mistake_mask=E"":1}"
     12800,         0,         0,    16.5,correlated_pymatching,b296b1e82a2e96c853ed55118124f370f20f7552855d6c11bbd2675432a5c92b,"{""d"":7.0,""p"":0.00046415888336127773,""r"":7.0}",
     29184,         0,         0,    16.6,correlated_pymatching,36d2c32a16ae1484f4ce556f02edcde754aef238fde2adbd58da928d1dea009c,"{""d"":7.0,""p"":0.00021544346900318845,""r"":7.0}",
     25600,         0,         0,    16.6,correlated_pymatching,36d2c32a16ae1484f4ce556f02edcde754aef238fde2adbd58da928d1dea009c,"{""d"":7.0,""p"":0.00021544346900318845,""r"":7.0}",
     54296,         0,         0,    20.8,correlated_pymatching,b296b1e82a2e96c853ed55118124f370f20f7552855d6c11bbd2675432a5c92b,"{""d"":7.0,""p"":0.00046415888336127773,""r"":7.0}",
     50176,         0,         0,    18.7,correlated_pymatching,b296b1e82a2e96c853ed55118124f370f20f7552855d6c11bbd2675432a5c92b,"{""d"":7.0,""p"":0.00046415888336127773,""r"":7.0}",
     54296,         2,         0,    21.0,correlated_pymatching,b296b1e82a2e96c853ed55118124f370f20f7552855d6c11bbd2675432a5c92b,"{""d"":7.0,""p"":0.00046415888336127773,""r"":7.0}","{""obs_mistake_mask=E"":2}"
     51200,         0,         0,    19.0,correlated_pymatching,b296b1e82a2e96c853ed55118124f370f20f7552855d6c11bbd2675432a5c92b,"{""d"":7.0,""p"":0.00046415888336127773,""r"":7.0}",
     15777,         0,         0,    5.72,correlated_pymatching,36d2c32a16ae1484f4ce556f02edcde754aef238fde2adbd58da928d1dea009c,"{""d"":7.0,""p"":0.00021544346900318845,""r"":7.0}",
     24832,         0,         0,    18.6,correlated_pymatching,36d2c32a16ae1484f4ce556f02edcde754aef238fde2adbd58da928d1dea009c,"{""d"":7.0,""p"":0.00021544346900318845,""r"":7.0}",
     24064,         0,         0,    11.4,correlated_pymatching,36d2c32a16ae1484f4ce556f02edcde754aef238fde2adbd58da928d1dea009c,"{""d"":7.0,""p"":0.00021544346900318845,""r"":7.0}",
      8448,         0,         0,    6.07,correlated_pymatching,b296b1e82a2e96c853ed55118124f370f20f7552855d6c11bbd2675432a5c92b,"{""d"":7.0,""p"":0.00046415888336127773,""r"":7.0}",
     19611,         0,         0,    7.09,correlated_pymatching,36d2c32a16ae1484f4ce556f02edcde754aef238fde2adbd58da928d1dea009c,"{""d"":7.0,""p"":0.00021544346900318845,""r"":7.0}",
     18059,         0,         0,    6.45,correlated_pymatching,36d2c32a16ae1484f4ce556f02edcde754aef238fde2adbd58da928d1dea009c,"{""d"":7.0,""p"":0.00021544346900318845,""r"":7.0}",
      3552,         0,         0,    6.11,correlated_pymatching,b296b1e82a2e96c853ed55118124f370f20f7552855d6c11bbd2675432a5c92b,"{""d"":7.0,""p"":0.00046415888336127773,""r"":7.0}",
     16384,         0,         0,    5.72,correlated_pymatching,36d2c32a16ae1484f4ce556f02edcde754aef238fde2adbd58da928d1dea009c,"{""d"":7.0,""p"":0.00021544346900318845,""r"":7.0}",
     16384,         0,         0,    5.88,correlated_pymatching,36d2c32a16ae1484f4ce556f02edcde754aef238fde2adbd58da928d1dea009c,"{""d"":7.0,""p"":0.00021544346900318845,""r"":7.0}",
     19456,         0,         0,    6.98,correlated_pymatching,36d2c32a16ae1484f4ce556f02edcde754aef238fde2adbd58da928d1dea009c,"{""d"":7.0,""p"":0.00021544346900318845,""r"":7.0}",
     19456,         0,         0,    6.82,correlated_pymatching,36d2c32a16ae1484f4ce556f02edcde754aef238fde2adbd58da928d1dea009c,"{""d"":7.0,""p"":0.00021544346900318845,""r"":7.0}",
     18432,         0,         0,    6.65,correlated_pymatching,36d2c32a16ae1484f4ce556f02edcde754aef238fde2adbd58da928d1dea009c,"{""d"":7.0,""p"":0.00021544346900318845,""r"":7.0}",
     19456,         0,         0,    6.79,correlated_pymatching,36d2c32a16ae1484f4ce556f02edcde754aef238fde2adbd58da928d1dea009c,"{""d"":7.0,""p"":0.00021544346900318845,""r"":7.0}",
      5120,         0,         0,    6.13,correlated_pymatching,36d2c32a16ae1484f4ce556f02edcde754aef238fde2adbd58da928d1dea009c,"{""d"":7.0,""p"":0.00021544346900318845,""r"":7.0}",
      4864,         0,         0,    6.07,correlated_pymatching,b296b1e82a2e96c853ed55118124f370f20f7552855d6c11bbd2675432a5c92b,"{""d"":7.0,""p"":0.00046415888336127773,""r"":7.0}",
     16384,         0,         0,    6.28,correlated_pymatching,b296b1e82a2e96c853ed55118124f370f20f7552855d6c11bbd2675432a5c92b,"{""d"":7.0,""p"":0.00046415888336127773,""r"":7.0}",
      9216,         0,         0,    6.22,correlated_pymatching,36d2c32a16ae1484f4ce556f02edcde754aef238fde2adbd58da928d1dea009c,"{""d"":7.0,""p"":0.00021544346900318845,""r"":7.0}",
       792,         0,         0,   0.319,correlated_pymatching,36d2c32a16ae1484f4ce556f02edcde754aef238fde2adbd58da928d1dea009c,"{""d"":7.0,""p"":0.00021544346900318845,""r"":7.0}",
      6656,         0,         0,    4.35,correlated_pymatching,36d2c32a16ae1484f4ce556f02edcde754aef238fde2adbd58da928d1dea009c,"{""d"":7.0,""p"":0.00021544346900318845,""r"":7.0}",
     12130,         0,         0,    4.49,correlated_pymatching,36d2c32a16ae1484f4ce556f02edcde754aef238fde2adbd58da928d1dea009c,"{""d"":7.0,""p"":0.00021544346900318845,""r"":7.0}",
     44919,         1,         0,    17.6,correlated_pymatching,b296b1e82a2e96c853ed55118124f370f20f7552855d6c11bbd2675432a5c92b,"{""d"":7.0,""p"":0.00046415888336127773,""r"":7.0}","{""obs_mistake_mask=E"":1}"
       155,         0,         0,   0.306,correlated_pymatching,36d2c32a16ae1484f4ce556f02edcde754aef238fde2adbd58da928d1dea009c,"{""d"":7.0,""p"":0.00021544346900318845,""r"":7.0}",
       155,         0,         0,   0.299,correlated_pymatching,36d2c32a16ae1484f4ce556f02edcde754aef238fde2adbd58da928d1dea009c,"{""d"":7.0,""p"":0.00021544346900318845,""r"":7.0}",
      3423,         0,         0,    1.38,correlated_pymatching,36d2c32a16ae1484f4ce556f02edcde754aef238fde2adbd58da928d1dea009c,"{""d"":7.0,""p"":0.00021544346900318845,""r"":7.0}",
       155,         0,         0,   0.294,correlated_pymatching,36d2c32a16ae1484f4ce556f02edcde754aef238fde2adbd58da928d1dea009c,"{""d"":7.0,""p"":0.00021544346900318845,""r"":7.0}",
      9216,         0,         0,    6.09,correlated_pymatching,36d2c32a16ae1484f4ce556f02edcde754aef238fde2adbd58da928d1dea009c,"{""d"":7.0,""p"":0.00021544346900318845,""r"":7.0}",
      4608,         0,         0,    6.10,correlated_pymatching,b296b1e82a2e96c853ed55118124f370f20f7552855d6c11bbd2675432a5c92b,"{""d"":7.0,""p"":0.00046415888336127773,""r"":7.0}",
     16384,         1,         0,    6.10,correlated_pymatching,b296b1e82a2e96c853ed55118124f370f20f7552855d6c11bbd2675432a5c92b,"{""d"":7.0,""p"":0.00046415888336127773,""r"":7.0}","{""obs_mistake_mask=E"":1}"
       530,         0,         0,   0.327,correlated_pymatching,36d2c32a16ae1484f4ce556f02edcde754aef238fde2adbd58da928d1dea009c,"{""d"":7.0,""p"":0.00021544346900318845,""r"":7.0}",
       758,         0,         0,   0.326,correlated_pymatching,36d2c32a16ae1484f4ce556f02edcde754aef238fde2adbd58da928d1dea009c,"{""d"":7.0,""p"":0.00021544346900318845,""r"":7.0}",
      1179,         0,         0,   0.657,correlated_pymatching,36d2c32a16ae1484f4ce556f02edcde754aef238fde2adbd58da928d1dea009c,"{""d"":7.0,""p"":0.00021544346900318845,""r"":7.0}",
      1845,         0,         0,   0.704,correlated_pymatching,36d2c32a16ae1484f4ce556f02edcde754aef238fde2adbd58da928d1dea009c,"{""d"":7.0,""p"":0.00021544346900318845,""r"":7.0}",
      6407,         0,         0,    2.45,correlated_pymatching,36d2c32a16ae1484f4ce556f02edcde754aef238fde2adbd58da928d1dea009c,"{""d"":7.0,""p"":0.00021544346900318845,""r"":7.0}",
      3227,         0,         0,    1.34,correlated_pymatching,36d2c32a16ae1484f4ce556f02edcde754aef238fde2adbd58da928d1dea009c,"{""d"":7.0,""p"":0.00021544346900318845,""r"":7.0}",
      3227,         0,         0,    1.36,correlated_pymatching,36d2c32a16ae1484f4ce556f02edcde754aef238fde2adbd58da928d1dea009c,"{""d"":7.0,""p"":0.00021544346900318845,""r"":7.0}",
      6407,         0,         0,    2.45,correlated_pymatching,36d2c32a16ae1484f4ce556f02edcde754aef238fde2adbd58da928d1dea009c,"{""d"":7.0,""p"":0.00021544346900318845,""r"":7.0}",
       269,         0,         0,   0.314,correlated_pymatching,36d2c32a16ae1484f4ce556f02edcde754aef238fde2adbd58da928d1dea009c,"{""d"":7.0,""p"":0.00021544346900318845,""r"":7.0}",
        27,         0,         0,   0.255,correlated_pymatching,36d2c32a16ae1484f4ce556f02edcde754aef238fde2adbd58da928d1dea009c,"{""d"":7.0,""p"":0.00021544346900318845,""r"":7.0}",
      4145,         0,         0,    1.68,correlated_pymatching,36d2c32a16ae1484f4ce556f02edcde754aef238fde2adbd58da928d1dea009c,"{""d"":7.0,""p"":0.00021544346900318845,""r"":7.0}",
       114,         0,         0,   0.289,correlated_pymatching,36d2c32a16ae1484f4ce556f02edcde754aef238fde2adbd58da928d1dea009c,"{""d"":7.0,""p"":0.00021544346900318845,""r"":7.0}",
       137,         0,         0,   0.303,correlated_pymatching,36d2c32a16ae1484f4ce556f02edcde754aef238fde2adbd58da928d1dea009c,"{""d"":7.0,""p"":0.00021544346900318845,""r"":7.0}",
      3072,         0,         0,    1.06,correlated_pymatching,36d2c32a16ae1484f4ce556f02edcde754aef238fde2adbd58da928d1dea009c,"{""d"":7.0,""p"":0.00021544346900318845,""r"":7.0}",
      3072,         0,         0,    1.06,correlated_pymatching,36d2c32a16ae1484f4ce556f02edcde754aef238fde2adbd58da928d1dea009c,"{""d"":7.0,""p"":0.00021544346900318845,""r"":7.0}",
      4096,         0,         0,    1.42,correlated_pymatching,36d2c32a16ae1484f4ce556f02edcde754aef238fde2adbd58da928d1dea009c,"{""d"":7.0,""p"":0.00021544346900318845,""r"":7.0}",
      2940,         0,         0,    1.06,correlated_pymatching,36d2c32a16ae1484f4ce556f02edcde754aef238fde2adbd58da928d1dea009c,"{""d"":7.0,""p"":0.00021544346900318845,""r"":7.0}",
      4096,         0,         0,    1.45,correlated_pymatching,36d2c32a16ae1484f4ce556f02edcde754aef238fde2adbd58da928d1dea009c,"{""d"":7.0,""p"":0.00021544346900318845,""r"":7.0}",
      3744,         0,         0,    1.41,correlated_pymatching,36d2c32a16ae1484f4ce556f02edcde754aef238fde2adbd58da928d1dea009c,"{""d"":7.0,""p"":0.00021544346900318845,""r"":7.0}",
      2048,         0,         0,   0.697,correlated_pymatching,36d2c32a16ae1484f4ce556f02edcde754aef238fde2adbd58da928d1dea009c,"{""d"":7.0,""p"":0.00021544346900318845,""r"":7.0}",
       525,         0,         0,   0.328,correlated_pymatching,36d2c32a16ae1484f4ce556f02edcde754aef238fde2adbd58da928d1dea009c,"{""d"":7.0,""p"":0.00021544346900318845,""r"":7.0}",
       865,         0,         0,   0.344,correlated_pymatching,36d2c32a16ae1484f4ce556f02edcde754aef238fde2adbd58da928d1dea009c,"{""d"":7.0,""p"":0.00021544346900318845,""r"":7.0}",
       672,         0,         0,   0.325,correlated_pymatching,36d2c32a16ae1484f4ce556f02edcde754aef238fde2adbd58da928d1dea009c,"{""d"":7.0,""p"":0.00021544346900318845,""r"":7.0}",
       470,         0,         0,   0.313,correlated_pymatching,36d2c32a16ae1484f4ce556f02edcde754aef238fde2adbd58da928d1dea009c,"{""d"":7.0,""p"":0.00021544346900318845,""r"":7.0}",
        49,         0,         0,   0.298,correlated_pymatching,36d2c32a16ae1484f4ce556f02edcde754aef238fde2adbd58da928d1dea009c,"{""d"":7.0,""p"":0.00021544346900318845,""r"":7.0}",
       277,         0,         0,   0.310,correlated_pymatching,36d2c32a16ae1484f4ce556f02edcde754aef238fde2adbd58da928d1dea009c,"{""d"":7.0,""p"":0.00021544346900318845,""r"":7.0}",
        49,         0,         0,   0.289,correlated_pymatching,36d2c32a16ae1484f4ce556f02edcde754aef238fde2adbd58da928d1dea009c,"{""d"":7.0,""p"":0.00021544346900318845,""r"":7.0}",
      2560,         0,         0,    1.63,correlated_pymatching,36d2c32a16ae1484f4ce556f02edcde754aef238fde2adbd58da928d1dea009c,"{""d"":7.0,""p"":0.00021544346900318845,""r"":7.0}",
      1124,         0,         0,   0.660,correlated_pymatching,36d2c32a16ae1484f4ce556f02edcde754aef238fde2adbd58da928d1dea009c,"{""d"":7.0,""p"":0.00021544346900318845,""r"":7.0}",
      2663,         0,         0,    1.99,correlated_pymatching,36d2c32a16ae1484f4ce556f02edcde754aef238fde2adbd58da928d1dea009c,"{""d"":7.0,""p"":0.00021544346900318845,""r"":7.0}",
      2663,         0,         0,    1.91,correlated_pymatching,36d2c32a16ae1484f4ce556f02edcde754aef238fde2adbd58da928d1dea009c,"{""d"":7.0,""p"":0.00021544346900318845,""r"":7.0}",
       214,         0,         0,   0.298,correlated_pymatching,36d2c32a16ae1484f4ce556f02edcde754aef238fde2adbd58da928d1dea009c,"{""d"":7.0,""p"":0.00021544346900318845,""r"":7.0}",
       603,         0,         0,   0.328,correlated_pymatching,36d2c32a16ae1484f4ce556f02edcde754aef238fde2adbd58da928d1dea009c,"{""d"":7.0,""p"":0.00021544346900318845,""r"":7.0}",
       879,         0,         0,   0.350,correlated_pymatching,36d2c32a16ae1484f4ce556f02edcde754aef238fde2adbd58da928d1dea009c,"{""d"":7.0,""p"":0.00021544346900318845,""r"":7.0}",
      2663,         0,         0,    1.99,correlated_pymatching,36d2c32a16ae1484f4ce556f02edcde754aef238fde2adbd58da928d1dea009c,"{""d"":7.0,""p"":0.00021544346900318845,""r"":7.0}",
       879,         0,         0,   0.352,correlated_pymatching,36d2c32a16ae1484f4ce556f02edcde754aef238fde2adbd58da928d1dea009c,"{""d"":7.0,""p"":0.00021544346900318845,""r"":7.0}",
        23,         0,         0,   0.279,correlated_pymatching,36d2c32a16ae1484f4ce556f02edcde754aef238fde2adbd58da928d1dea009c,"{""d"":7.0,""p"":0.00021544346900318845,""r"":7.0}",
      1118,         0,         0,   0.663,correlated_pymatching,36d2c32a16ae1484f4ce556f02edcde754aef238fde2adbd58da928d1dea009c,"{""d"":7.0,""p"":0.00021544346900318845,""r"":7.0}",
       103,         0,         0,   0.278,correlated_pymatching,36d2c32a16ae1484f4ce556f02edcde754aef238fde2adbd58da928d1dea009c,"{""d"":7.0,""p"":0.00021544346900318845,""r"":7.0}",
       879,         0,         0,   0.368,correlated_pymatching,36d2c32a16ae1484f4ce556f02edcde754aef238fde2adbd58da928d1dea009c,"{""d"":7.0,""p"":0.00021544346900318845,""r"":7.0}",
     15360,         0,         0,    5.86,correlated_pymatching,b296b1e82a2e96c853ed55118124f370f20f7552855d6c11bbd2675432a5c92b,"{""d"":7.0,""p"":0.00046415888336127773,""r"":7.0}",
     15360,         0,         0,    5.95,correlated_pymatching,b296b1e82a2e96c853ed55118124f370f20f7552855d6c11bbd2675432a5c92b,"{""d"":7.0,""p"":0.00046415888336127773,""r"":7.0}",
     20480,         1,         0,    8.01,correlated_pymatching,b296b1e82a2e96c853ed55118124f370f20f7552855d6c11bbd2675432a5c92b,"{""d"":7.0,""p"":0.00046415888336127773,""r"":7.0}","{""obs_mistake_mask=E"":1}"
     15360,         0,         0,    15.2,correlated_pymatching,b296b1e82a2e96c853ed55118124f370f20f7552855d6c11bbd2675432a5c92b,"{""d"":7.0,""p"":0.00046415888336127773,""r"":7.0}",
     16384,         0,         0,    6.38,correlated_pymatching,b296b1e82a2e96c853ed55118124f370f20f7552855d6c11bbd2675432a5c92b,"{""d"":7.0,""p"":0.00046415888336127773,""r"":7.0}",
     20480,         0,         0,    7.95,correlated_pymatching,b296b1e82a2e96c853ed55118124f370f20f7552855d6c11bbd2675432a5c92b,"{""d"":7.0,""p"":0.00046415888336127773,""r"":7.0}",
     16384,         0,         0,    6.35,correlated_pymatching,b296b1e82a2e96c853ed55118124f370f20f7552855d6c11bbd2675432a5c92b,"{""d"":7.0,""p"":0.00046415888336127773,""r"":7.0}",
         1,         0,         0,   0.331,correlated_pymatching,b296b1e82a2e96c853ed55118124f370f20f7552855d6c11bbd2675432a5c92b,"{""d"":7.0,""p"":0.00046415888336127773,""r"":7.0}",
         1,         0,         0,   0.326,correlated_pymatching,b296b1e82a2e96c853ed55118124f370f20f7552855d6c11bbd2675432a5c92b,"{""d"":7.0,""p"":0.00046415888336127773,""r"":7.0}",
         1,         0,         0,   0.329,correlated_pymatching,b296b1e82a2e96c853ed55118124f370f20f7552855d6c11bbd2675432a5c92b,"{""d"":7.0,""p"":0.00046415888336127773,""r"":7.0}",
         1,         0,         0,   0.327,correlated_pymatching,b296b1e82a2e96c853ed55118124f370f20f7552855d6c11bbd2675432a5c92b,"{""d"":7.0,""p"":0.00046415888336127773,""r"":7.0}",
         1,         0,         0,   0.320,correlated_pymatching,b296b1e82a2e96c853ed55118124f370f20f7552855d6c11bbd2675432a5c92b,"{""d"":7.0,""p"":0.00046415888336127773,""r"":7.0}",
         1,         0,         0,   0.331,correlated_pymatching,b296b1e82a2e96c853ed55118124f370f20f7552855d6c11bbd2675432a5c92b,"{""d"":7.0,""p"":0.00046415888336127773,""r"":7.0}",
         1,         0,         0,   0.313,correlated_pymatching,b296b1e82a2e96c853ed55118124f370f20f7552855d6c11bbd2675432a5c92b,"{""d"":7.0,""p"":0.00046415888336127773,""r"":7.0}",
         1,         0,         0,   0.318,correlated_pymatching,b296b1e82a2e96c853ed55118124f370f20f7552855d6c11bbd2675432a5c92b,"{""d"":7.0,""p"":0.00046415888336127773,""r"":7.0}",
         1,         0,         0,   0.335,correlated_pymatching,b296b1e82a2e96c853ed55118124f370f20f7552855d6c11bbd2675432a5c92b,"{""d"":7.0,""p"":0.00046415888336127773,""r"":7.0}",
         1,         0,         0,   0.319,correlated_pymatching,b296b1e82a2e96c853ed55118124f370f20f7552855d6c11bbd2675432a5c92b,"{""d"":7.0,""p"":0.00046415888336127773,""r"":7.0}",
         1,         0,         0,   0.335,correlated_pymatching,b296b1e82a2e96c853ed55118124f370f20f7552855d6c11bbd2675432a5c92b,"{""d"":7.0,""p"":0.00046415888336127773,""r"":7.0}",
         1,         0,         0,   0.335,correlated_pymatching,b296b1e82a2e96c853ed55118124f370f20f7552855d6c11bbd2675432a5c92b,"{""d"":7.0,""p"":0.00046415888336127773,""r"":7.0}",
         1,         0,         0,   0.327,correlated_pymatching,b296b1e82a2e96c853ed55118124f370f20f7552855d6c11bbd2675432a5c92b,"{""d"":7.0,""p"":0.00046415888336127773,""r"":7.0}",
         1,         0,         0,   0.327,correlated_pymatching,b296b1e82a2e96c853ed55118124f370f20f7552855d6c11bbd2675432a5c92b,"{""d"":7.0,""p"":0.00046415888336127773,""r"":7.0}",
         1,         0,         0,   0.308,correlated_pymatching,b296b1e82a2e96c853ed55118124f370f20f7552855d6c11bbd2675432a5c92b,"{""d"":7.0,""p"":0.00046415888336127773,""r"":7.0}",
         1,         0,         0,   0.331,correlated_pymatching,b296b1e82a2e96c853ed55118124f370f20f7552855d6c11bbd2675432a5c92b,"{""d"":7.0,""p"":0.00046415888336127773,""r"":7.0}",
         1,         0,         0,   0.264,correlated_pymatching,b296b1e82a2e96c853ed55118124f370f20f7552855d6c11bbd2675432a5c92b,"{""d"":7.0,""p"":0.00046415888336127773,""r"":7.0}",
         1,         0,         0,   0.272,correlated_pymatching,b296b1e82a2e96c853ed55118124f370f20f7552855d6c11bbd2675432a5c92b,"{""d"":7.0,""p"":0.00046415888336127773,""r"":7.0}",
         1,         0,         0,   0.304,correlated_pymatching,b296b1e82a2e96c853ed55118124f370f20f7552855d6c11bbd2675432a5c92b,"{""d"":7.0,""p"":0.00046415888336127773,""r"":7.0}",
         1,         0,         0,   0.307,correlated_pymatching,b296b1e82a2e96c853ed55118124f370f20f7552855d6c11bbd2675432a5c92b,"{""d"":7.0,""p"":0.00046415888336127773,""r"":7.0}",
         1,         0,         0,   0.300,correlated_pymatching,b296b1e82a2e96c853ed55118124f370f20f7552855d6c11bbd2675432a5c92b,"{""d"":7.0,""p"":0.00046415888336127773,""r"":7.0}",
         1,         0,         0,   0.300,correlated_pymatching,b296b1e82a2e96c853ed55118124f370f20f7552855d6c11bbd2675432a5c92b,"{""d"":7.0,""p"":0.00046415888336127773,""r"":7.0}",
         1,         0,         0,   0.280,correlated_pymatching,b296b1e82a2e96c853ed55118124f370f20f7552855d6c11bbd2675432a5c92b,"{""d"":7.0,""p"":0.00046415888336127773,""r"":7.0}",
         1,         0,         0,   0.308,correlated_pymatching,b296b1e82a2e96c853ed55118124f370f20f7552855d6c11bbd2675432a5c92b,"{""d"":7.0,""p"":0.00046415888336127773,""r"":7.0}",
         1,         0,         0,   0.284,correlated_pymatching,b296b1e82a2e96c853ed55118124f370f20f7552855d6c11bbd2675432a5c92b,"{""d"":7.0,""p"":0.00046415888336127773,""r"":7.0}",
         1,         0,         0,   0.312,correlated_pymatching,b296b1e82a2e96c853ed55118124f370f20f7552855d6c11bbd2675432a5c92b,"{""d"":7.0,""p"":0.00046415888336127773,""r"":7.0}",
         1,         0,         0,   0.296,correlated_pymatching,b296b1e82a2e96c853ed55118124f370f20f7552855d6c11bbd2675432a5c92b,"{""d"":7.0,""p"":0.00046415888336127773,""r"":7.0}",
         1,         0,         0,   0.308,correlated_pymatching,b296b1e82a2e96c853ed55118124f370f20f7552855d6c11bbd2675432a5c92b,"{""d"":7.0,""p"":0.00046415888336127773,""r"":7.0}",
         1,         0,         0,   0.300,correlated_pymatching,b296b1e82a2e96c853ed55118124f370f20f7552855d6c11bbd2675432a5c92b,"{""d"":7.0,""p"":0.00046415888336127773,""r"":7.0}",
         1,         0,         0,   0.308,correlated_pymatching,b296b1e82a2e96c853ed55118124f370f20f7552855d6c11bbd2675432a5c92b,"{""d"":7.0,""p"":0.00046415888336127773,""r"":7.0}",
         1,         0,         0,   0.288,correlated_pymatching,b296b1e82a2e96c853ed55118124f370f20f7552855d6c11bbd2675432a5c92b,"{""d"":7.0,""p"":0.00046415888336127773,""r"":7.0}",
         1,         0,         0,   0.308,correlated_pymatching,b296b1e82a2e96c853ed55118124f370f20f7552855d6c11bbd2675432a5c92b,"{""d"":7.0,""p"":0.00046415888336127773,""r"":7.0}",
         2,         0,         0,   0.203,correlated_pymatching,b296b1e82a2e96c853ed55118124f370f20f7552855d6c11bbd2675432a5c92b,"{""d"":7.0,""p"":0.00046415888336127773,""r"":7.0}",
         2,         0,         0,   0.251,correlated_pymatching,b296b1e82a2e96c853ed55118124f370f20f7552855d6c11bbd2675432a5c92b,"{""d"":7.0,""p"":0.00046415888336127773,""r"":7.0}",
         2,         0,         0,   0.247,correlated_pymatching,b296b1e82a2e96c853ed55118124f370f20f7552855d6c11bbd2675432a5c92b,"{""d"":7.0,""p"":0.00046415888336127773,""r"":7.0}",
         2,         0,         0,   0.251,correlated_pymatching,b296b1e82a2e96c853ed55118124f370f20f7552855d6c11bbd2675432a5c92b,"{""d"":7.0,""p"":0.00046415888336127773,""r"":7.0}",
         2,         0,         0,   0.300,correlated_pymatching,b296b1e82a2e96c853ed55118124f370f20f7552855d6c11bbd2675432a5c92b,"{""d"":7.0,""p"":0.00046415888336127773,""r"":7.0}",
         1,         0,         0,   0.304,correlated_pymatching,b296b1e82a2e96c853ed55118124f370f20f7552855d6c11bbd2675432a5c92b,"{""d"":7.0,""p"":0.00046415888336127773,""r"":7.0}",
         2,         0,         0,   0.300,correlated_pymatching,b296b1e82a2e96c853ed55118124f370f20f7552855d6c11bbd2675432a5c92b,"{""d"":7.0,""p"":0.00046415888336127773,""r"":7.0}",
         1,         0,         0,   0.304,correlated_pymatching,b296b1e82a2e96c853ed55118124f370f20f7552855d6c11bbd2675432a5c92b,"{""d"":7.0,""p"":0.00046415888336127773,""r"":7.0}",
         2,         0,         0,   0.292,correlated_pymatching,b296b1e82a2e96c853ed55118124f370f20f7552855d6c11bbd2675432a5c92b,"{""d"":7.0,""p"":0.00046415888336127773,""r"":7.0}",
         1,         0,         0,   0.300,correlated_pymatching,b296b1e82a2e96c853ed55118124f370f20f7552855d6c11bbd2675432a5c92b,"{""d"":7.0,""p"":0.00046415888336127773,""r"":7.0}",
         2,         0,         0,   0.300,correlated_pymatching,b296b1e82a2e96c853ed55118124f370f20f7552855d6c11bbd2675432a5c92b,"{""d"":7.0,""p"":0.00046415888336127773,""r"":7.0}",
         1,         0,         0,   0.300,correlated_pymatching,b296b1e82a2e96c853ed55118124f370f20f7552855d6c11bbd2675432a5c92b,"{""d"":7.0,""p"":0.00046415888336127773,""r"":7.0}",
         2,         0,         0,   0.284,correlated_pymatching,b296b1e82a2e96c853ed55118124f370f20f7552855d6c11bbd2675432a5c92b,"{""d"":7.0,""p"":0.00046415888336127773,""r"":7.0}",
         1,         0,         0,   0.292,correlated_pymatching,b296b1e82a2e96c853ed55118124f370f20f7552855d6c11bbd2675432a5c92b,"{""d"":7.0,""p"":0.00046415888336127773,""r"":7.0}",
         1,         0,         0,   0.312,correlated_pymatching,b296b1e82a2e96c853ed55118124f370f20f7552855d6c11bbd2675432a5c92b,"{""d"":7.0,""p"":0.00046415888336127773,""r"":7.0}",
         1,         0,         0,   0.304,correlated_pymatching,b296b1e82a2e96c853ed55118124f370f20f7552855d6c11bbd2675432a5c92b,"{""d"":7.0,""p"":0.00046415888336127773,""r"":7.0}",
         4,         0,         0,   0.273,correlated_pymatching,b296b1e82a2e96c853ed55118124f370f20f7552855d6c11bbd2675432a5c92b,"{""d"":7.0,""p"":0.00046415888336127773,""r"":7.0}",
         4,         0,         0,   0.198,correlated_pymatching,b296b1e82a2e96c853ed55118124f370f20f7552855d6c11bbd2675432a5c92b,"{""d"":7.0,""p"":0.00046415888336127773,""r"":7.0}",
         4,         0,         0,   0.202,correlated_pymatching,b296b1e82a2e96c853ed55118124f370f20f7552855d6c11bbd2675432a5c92b,"{""d"":7.0,""p"":0.00046415888336127773,""r"":7.0}",
         4,         0,         0,   0.200,correlated_pymatching,b296b1e82a2e96c853ed55118124f370f20f7552855d6c11bbd2675432a5c92b,"{""d"":7.0,""p"":0.00046415888336127773,""r"":7.0}",
         1,         0,         0,   0.251,correlated_pymatching,b296b1e82a2e96c853ed55118124f370f20f7552855d6c11bbd2675432a5c92b,"{""d"":7.0,""p"":0.00046415888336127773,""r"":7.0}",
         2,         0,         0,   0.238,correlated_pymatching,b296b1e82a2e96c853ed55118124f370f20f7552855d6c11bbd2675432a5c92b,"{""d"":7.0,""p"":0.00046415888336127773,""r"":7.0}",
         4,         0,         0,   0.276,correlated_pymatching,b296b1e82a2e96c853ed55118124f370f20f7552855d6c11bbd2675432a5c92b,"{""d"":7.0,""p"":0.00046415888336127773,""r"":7.0}",
         4,         0,         0,   0.261,correlated_pymatching,b296b1e82a2e96c853ed55118124f370f20f7552855d6c11bbd2675432a5c92b,"{""d"":7.0,""p"":0.00046415888336127773,""r"":7.0}",
         4,         0,         0,   0.280,correlated_pymatching,b296b1e82a2e96c853ed55118124f370f20f7552855d6c11bbd2675432a5c92b,"{""d"":7.0,""p"":0.00046415888336127773,""r"":7.0}",
         1,         0,         0,   0.244,correlated_pymatching,b296b1e82a2e96c853ed55118124f370f20f7552855d6c11bbd2675432a5c92b,"{""d"":7.0,""p"":0.00046415888336127773,""r"":7.0}",
         1,         0,         0,   0.256,correlated_pymatching,b296b1e82a2e96c853ed55118124f370f20f7552855d6c11bbd2675432a5c92b,"{""d"":7.0,""p"":0.00046415888336127773,""r"":7.0}",
         2,         0,         0,   0.283,correlated_pymatching,b296b1e82a2e96c853ed55118124f370f20f7552855d6c11bbd2675432a5c92b,"{""d"":7.0,""p"":0.00046415888336127773,""r"":7.0}",
         4,         0,         0,   0.308,correlated_pymatching,b296b1e82a2e96c853ed55118124f370f20f7552855d6c11bbd2675432a5c92b,"{""d"":7.0,""p"":0.00046415888336127773,""r"":7.0}",
         1,         0,         0,   0.304,correlated_pymatching,b296b1e82a2e96c853ed55118124f370f20f7552855d6c11bbd2675432a5c92b,"{""d"":7.0,""p"":0.00046415888336127773,""r"":7.0}",
         4,         0,         0,   0.308,correlated_pymatching,b296b1e82a2e96c853ed55118124f370f20f7552855d6c11bbd2675432a5c92b,"{""d"":7.0,""p"":0.00046415888336127773,""r"":7.0}",
         2,         0,         0,   0.304,correlated_pymatching,b296b1e82a2e96c853ed55118124f370f20f7552855d6c11bbd2675432a5c92b,"{""d"":7.0,""p"":0.00046415888336127773,""r"":7.0}",
         8,         0,         0,   0.206,correlated_pymatching,b296b1e82a2e96c853ed55118124f370f20f7552855d6c11bbd2675432a5c92b,"{""d"":7.0,""p"":0.00046415888336127773,""r"":7.0}",
         8,         0,         0,   0.198,correlated_pymatching,b296b1e82a2e96c853ed55118124f370f20f7552855d6c11bbd2675432a5c92b,"{""d"":7.0,""p"":0.00046415888336127773,""r"":7.0}",
         8,         0,         0,   0.196,correlated_pymatching,b296b1e82a2e96c853ed55118124f370f20f7552855d6c11bbd2675432a5c92b,"{""d"":7.0,""p"":0.00046415888336127773,""r"":7.0}",
         2,         0,         0,   0.199,correlated_pymatching,b296b1e82a2e96c853ed55118124f370f20f7552855d6c11bbd2675432a5c92b,"{""d"":7.0,""p"":0.00046415888336127773,""r"":7.0}",
         8,         0,         0,   0.296,correlated_pymatching,b296b1e82a2e96c853ed55118124f370f20f7552855d6c11bbd2675432a5c92b,"{""d"":7.0,""p"":0.00046415888336127773,""r"":7.0}",
         4,         0,         0,   0.205,correlated_pymatching,b296b1e82a2e96c853ed55118124f370f20f7552855d6c11bbd2675432a5c92b,"{""d"":7.0,""p"":0.00046415888336127773,""r"":7.0}",
         2,         0,         0,   0.208,correlated_pymatching,b296b1e82a2e96c853ed55118124f370f20f7552855d6c11bbd2675432a5c92b,"{""d"":7.0,""p"":0.00046415888336127773,""r"":7.0}",
     13536,         0,         0,    8.81,correlated_pymatching,b296b1e82a2e96c853ed55118124f370f20f7552855d6c11bbd2675432a5c92b,"{""d"":7.0,""p"":0.00046415888336127773,""r"":7.0}",
         4,         0,         0,   0.202,correlated_pymatching,b296b1e82a2e96c853ed55118124f370f20f7552855d6c11bbd2675432a5c92b,"{""d"":7.0,""p"":0.00046415888336127773,""r"":7.0}",
         2,         0,         0,   0.212,correlated_pymatching,b296b1e82a2e96c853ed55118124f370f20f7552855d6c11bbd2675432a5c92b,"{""d"":7.0,""p"":0.00046415888336127773,""r"":7.0}",
         8,         0,         0,   0.278,correlated_pymatching,b296b1e82a2e96c853ed55118124f370f20f7552855d6c11bbd2675432a5c92b,"{""d"":7.0,""p"":0.00046415888336127773,""r"":7.0}",
         4,         0,         0,   0.232,correlated_pymatching,b296b1e82a2e96c853ed55118124f370f20f7552855d6c11bbd2675432a5c92b,"{""d"":7.0,""p"":0.00046415888336127773,""r"":7.0}",
        16,         0,         0,   0.198,correlated_pymatching,b296b1e82a2e96c853ed55118124f370f20f7552855d6c11bbd2675432a5c92b,"{""d"":7.0,""p"":0.00046415888336127773,""r"":7.0}",
        16,         0,         0,   0.207,correlated_pymatching,b296b1e82a2e96c853ed55118124f370f20f7552855d6c11bbd2675432a5c92b,"{""d"":7.0,""p"":0.00046415888336127773,""r"":7.0}",
        16,         0,         0,   0.202,correlated_pymatching,b296b1e82a2e96c853ed55118124f370f20f7552855d6c11bbd2675432a5c92b,"{""d"":7.0,""p"":0.00046415888336127773,""r"":7.0}",
         8,         0,         0,   0.296,correlated_pymatching,b296b1e82a2e96c853ed55118124f370f20f7552855d6c11bbd2675432a5c92b,"{""d"":7.0,""p"":0.00046415888336127773,""r"":7.0}",
     11264,         0,         0,    3.86,correlated_pymatching,b296b1e82a2e96c853ed55118124f370f20f7552855d6c11bbd2675432a5c92b,"{""d"":7.0,""p"":0.00046415888336127773,""r"":7.0}",
         8,         0,         0,   0.307,correlated_pymatching,b296b1e82a2e96c853ed55118124f370f20f7552855d6c11bbd2675432a5c92b,"{""d"":7.0,""p"":0.00046415888336127773,""r"":7.0}",
         4,         0,         0,   0.284,correlated_pymatching,b296b1e82a2e96c853ed55118124f370f20f7552855d6c11bbd2675432a5c92b,"{""d"":7.0,""p"":0.00046415888336127773,""r"":7.0}",
         2,         0,         0,   0.269,correlated_pymatching,b296b1e82a2e96c853ed55118124f370f20f7552855d6c11bbd2675432a5c92b,"{""d"":7.0,""p"":0.00046415888336127773,""r"":7.0}",
         1,         0,         0,   0.304,correlated_pymatching,b296b1e82a2e96c853ed55118124f370f20f7552855d6c11bbd2675432a5c92b,"{""d"":7.0,""p"":0.00046415888336127773,""r"":7.0}",
         4,         0,         0,   0.210,correlated_pymatching,b296b1e82a2e96c853ed55118124f370f20f7552855d6c11bbd2675432a5c92b,"{""d"":7.0,""p"":0.00046415888336127773,""r"":7.0}",
         8,         0,         0,   0.208,correlated_pymatching,b296b1e82a2e96c853ed55118124f370f20f7552855d6c11bbd2675432a5c92b,"{""d"":7.0,""p"":0.00046415888336127773,""r"":7.0}",
         4,         0,         0,   0.200,correlated_pymatching,b296b1e82a2e96c853ed55118124f370f20f7552855d6c11bbd2675432a5c92b,"{""d"":7.0,""p"":0.00046415888336127773,""r"":7.0}",
        16,         0,         0,   0.248,correlated_pymatching,b296b1e82a2e96c853ed55118124f370f20f7552855d6c11bbd2675432a5c92b,"{""d"":7.0,""p"":0.00046415888336127773,""r"":7.0}",
     12288,         1,         0,    4.23,correlated_pymatching,b296b1e82a2e96c853ed55118124f370f20f7552855d6c11bbd2675432a5c92b,"{""d"":7.0,""p"":0.00046415888336127773,""r"":7.0}","{""obs_mistake_mask=E"":1}"
         4,         0,         0,   0.203,correlated_pymatching,b296b1e82a2e96c853ed55118124f370f20f7552855d6c11bbd2675432a5c92b,"{""d"":7.0,""p"":0.00046415888336127773,""r"":7.0}",
         8,         0,         0,   0.214,correlated_pymatching,b296b1e82a2e96c853ed55118124f370f20f7552855d6c11bbd2675432a5c92b,"{""d"":7.0,""p"":0.00046415888336127773,""r"":7.0}",
        16,         0,         0,   0.202,correlated_pymatching,b296b1e82a2e96c853ed55118124f370f20f7552855d6c11bbd2675432a5c92b,"{""d"":7.0,""p"":0.00046415888336127773,""r"":7.0}",
        32,         0,         0,   0.210,correlated_pymatching,b296b1e82a2e96c853ed55118124f370f20f7552855d6c11bbd2675432a5c92b,"{""d"":7.0,""p"":0.00046415888336127773,""r"":7.0}",
        32,         0,         0,   0.200,correlated_pymatching,b296b1e82a2e96c853ed55118124f370f20f7552855d6c11bbd2675432a5c92b,"{""d"":7.0,""p"":0.00046415888336127773,""r"":7.0}",
        32,         0,         0,   0.207,correlated_pymatching,b296b1e82a2e96c853ed55118124f370f20f7552855d6c11bbd2675432a5c92b,"{""d"":7.0,""p"":0.00046415888336127773,""r"":7.0}",
         8,         0,         0,   0.200,correlated_pymatching,b296b1e82a2e96c853ed55118124f370f20f7552855d6c11bbd2675432a5c92b,"{""d"":7.0,""p"":0.00046415888336127773,""r"":7.0}",
         1,         0,         0,   0.203,correlated_pymatching,b296b1e82a2e96c853ed55118124f370f20f7552855d6c11bbd2675432a5c92b,"{""d"":7.0,""p"":0.00046415888336127773,""r"":7.0}",
     10325,         0,         0,    4.10,correlated_pymatching,b296b1e82a2e96c853ed55118124f370f20f7552855d6c11bbd2675432a5c92b,"{""d"":7.0,""p"":0.00046415888336127773,""r"":7.0}",
         4,         0,         0,   0.215,correlated_pymatching,b296b1e82a2e96c853ed55118124f370f20f7552855d6c11bbd2675432a5c92b,"{""d"":7.0,""p"":0.00046415888336127773,""r"":7.0}",
         8,         0,         0,   0.280,correlated_pymatching,b296b1e82a2e96c853ed55118124f370f20f7552855d6c11bbd2675432a5c92b,"{""d"":7.0,""p"":0.00046415888336127773,""r"":7.0}",
         8,         0,         0,   0.202,correlated_pymatching,b296b1e82a2e96c853ed55118124f370f20f7552855d6c11bbd2675432a5c92b,"{""d"":7.0,""p"":0.00046415888336127773,""r"":7.0}",
        16,         0,         0,   0.208,correlated_pymatching,b296b1e82a2e96c853ed55118124f370f20f7552855d6c11bbd2675432a5c92b,"{""d"":7.0,""p"":0.00046415888336127773,""r"":7.0}",
        16,         0,         0,   0.296,correlated_pymatching,b296b1e82a2e96c853ed55118124f370f20f7552855d6c11bbd2675432a5c92b,"{""d"":7.0,""p"":0.00046415888336127773,""r"":7.0}",
         8,         0,         0,   0.202,correlated_pymatching,b296b1e82a2e96c853ed55118124f370f20f7552855d6c11bbd2675432a5c92b,"{""d"":7.0,""p"":0.00046415888336127773,""r"":7.0}",
         8,         0,         0,   0.304,correlated_pymatching,b296b1e82a2e96c853ed55118124f370f20f7552855d6c11bbd2675432a5c92b,"{""d"":7.0,""p"":0.00046415888336127773,""r"":7.0}",
        16,         0,         0,   0.200,correlated_pymatching,b296b1e82a2e96c853ed55118124f370f20f7552855d6c11bbd2675432a5c92b,"{""d"":7.0,""p"":0.00046415888336127773,""r"":7.0}",
         8,         0,         0,   0.209,correlated_pymatching,b296b1e82a2e96c853ed55118124f370f20f7552855d6c11bbd2675432a5c92b,"{""d"":7.0,""p"":0.00046415888336127773,""r"":7.0}",
        32,         0,         0,   0.256,correlated_pymatching,b296b1e82a2e96c853ed55118124f370f20f7552855d6c11bbd2675432a5c92b,"{""d"":7.0,""p"":0.00046415888336127773,""r"":7.0}",
        64,         0,         0,   0.198,correlated_pymatching,b296b1e82a2e96c853ed55118124f370f20f7552855d6c11bbd2675432a5c92b,"{""d"":7.0,""p"":0.00046415888336127773,""r"":7.0}",
        64,         0,         0,   0.207,correlated_pymatching,b296b1e82a2e96c853ed55118124f370f20f7552855d6c11bbd2675432a5c92b,"{""d"":7.0,""p"":0.00046415888336127773,""r"":7.0}",
        64,         0,         0,   0.202,correlated_pymatching,b296b1e82a2e96c853ed55118124f370f20f7552855d6c11bbd2675432a5c92b,"{""d"":7.0,""p"":0.00046415888336127773,""r"":7.0}",
         2,         0,         0,   0.198,correlated_pymatching,b296b1e82a2e96c853ed55118124f370f20f7552855d6c11bbd2675432a5c92b,"{""d"":7.0,""p"":0.00046415888336127773,""r"":7.0}",
        32,         0,         0,   0.279,correlated_pymatching,b296b1e82a2e96c853ed55118124f370f20f7552855d6c11bbd2675432a5c92b,"{""d"":7.0,""p"":0.00046415888336127773,""r"":7.0}",
        16,         0,         0,   0.207,correlated_pymatching,b296b1e82a2e96c853ed55118124f370f20f7552855d6c11bbd2675432a5c92b,"{""d"":7.0,""p"":0.00046415888336127773,""r"":7.0}",
        16,         0,         0,   0.206,correlated_pymatching,b296b1e82a2e96c853ed55118124f370f20f7552855d6c11bbd2675432a5c92b,"{""d"":7.0,""p"":0.00046415888336127773,""r"":7.0}",
        32,         0,         0,   0.204,correlated_pymatching,b296b1e82a2e96c853ed55118124f370f20f7552855d6c11bbd2675432a5c92b,"{""d"":7.0,""p"":0.00046415888336127773,""r"":7.0}",
        16,         0,         0,   0.304,correlated_pymatching,b296b1e82a2e96c853ed55118124f370f20f7552855d6c11bbd2675432a5c92b,"{""d"":7.0,""p"":0.00046415888336127773,""r"":7.0}",
        16,         0,         0,   0.208,correlated_pymatching,b296b1e82a2e96c853ed55118124f370f20f7552855d6c11bbd2675432a5c92b,"{""d"":7.0,""p"":0.00046415888336127773,""r"":7.0}",
         8,         0,         0,   0.304,correlated_pymatching,b296b1e82a2e96c853ed55118124f370f20f7552855d6c11bbd2675432a5c92b,"{""d"":7.0,""p"":0.00046415888336127773,""r"":7.0}",
        32,         0,         0,   0.203,correlated_pymatching,b296b1e82a2e96c853ed55118124f370f20f7552855d6c11bbd2675432a5c92b,"{""d"":7.0,""p"":0.00046415888336127773,""r"":7.0}",
        16,         0,         0,   0.232,correlated_pymatching,b296b1e82a2e96c853ed55118124f370f20f7552855d6c11bbd2675432a5c92b,"{""d"":7.0,""p"":0.00046415888336127773,""r"":7.0}",
      9258,         0,         0,    5.03,correlated_pymatching,b296b1e82a2e96c853ed55118124f370f20f7552855d6c11bbd2675432a5c92b,"{""d"":7.0,""p"":0.00046415888336127773,""r"":7.0}",
        32,         0,         0,   0.293,correlated_pymatching,b296b1e82a2e96c853ed55118124f370f20f7552855d6c11bbd2675432a5c92b,"{""d"":7.0,""p"":0.00046415888336127773,""r"":7.0}",
         8,         0,         0,   0.284,correlated_pymatching,b296b1e82a2e96c853ed55118124f370f20f7552855d6c11bbd2675432a5c92b,"{""d"":7.0,""p"":0.00046415888336127773,""r"":7.0}",
       128,         0,         0,   0.226,correlated_pymatching,b296b1e82a2e96c853ed55118124f370f20f7552855d6c11bbd2675432a5c92b,"{""d"":7.0,""p"":0.00046415888336127773,""r"":7.0}",
       128,         0,         0,   0.224,correlated_pymatching,b296b1e82a2e96c853ed55118124f370f20f7552855d6c11bbd2675432a5c92b,"{""d"":7.0,""p"":0.00046415888336127773,""r"":7.0}",
       128,         0,         0,   0.220,correlated_pymatching,b296b1e82a2e96c853ed55118124f370f20f7552855d6c11bbd2675432a5c92b,"{""d"":7.0,""p"":0.00046415888336127773,""r"":7.0}",
         4,         0,         0,   0.214,correlated_pymatching,b296b1e82a2e96c853ed55118124f370f20f7552855d6c11bbd2675432a5c92b,"{""d"":7.0,""p"":0.00046415888336127773,""r"":7.0}",
        64,         0,         0,   0.272,correlated_pymatching,b296b1e82a2e96c853ed55118124f370f20f7552855d6c11bbd2675432a5c92b,"{""d"":7.0,""p"":0.00046415888336127773,""r"":7.0}",
        64,         0,         0,   0.248,correlated_pymatching,b296b1e82a2e96c853ed55118124f370f20f7552855d6c11bbd2675432a5c92b,"{""d"":7.0,""p"":0.00046415888336127773,""r"":7.0}",
        32,         0,         0,   0.229,correlated_pymatching,b296b1e82a2e96c853ed55118124f370f20f7552855d6c11bbd2675432a5c92b,"{""d"":7.0,""p"":0.00046415888336127773,""r"":7.0}",
        32,         0,         0,   0.227,correlated_pymatching,b296b1e82a2e96c853ed55118124f370f20f7552855d6c11bbd2675432a5c92b,"{""d"":7.0,""p"":0.00046415888336127773,""r"":7.0}",
      9258,         0,         0,    9.38,correlated_pymatching,b296b1e82a2e96c853ed55118124f370f20f7552855d6c11bbd2675432a5c92b,"{""d"":7.0,""p"":0.00046415888336127773,""r"":7.0}",
        64,         0,         0,   0.227,correlated_pymatching,b296b1e82a2e96c853ed55118124f370f20f7552855d6c11bbd2675432a5c92b,"{""d"":7.0,""p"":0.00046415888336127773,""r"":7.0}",
        32,         0,         0,   0.223,correlated_pymatching,b296b1e82a2e96c853ed55118124f370f20f7552855d6c11bbd2675432a5c92b,"{""d"":7.0,""p"":0.00046415888336127773,""r"":7.0}",
        16,         0,         0,   0.244,correlated_pymatching,b296b1e82a2e96c853ed55118124f370f20f7552855d6c11bbd2675432a5c92b,"{""d"":7.0,""p"":0.00046415888336127773,""r"":7.0}",
        64,         0,         0,   0.228,correlated_pymatching,b296b1e82a2e96c853ed55118124f370f20f7552855d6c11bbd2675432a5c92b,"{""d"":7.0,""p"":0.00046415888336127773,""r"":7.0}",
         8,         0,         0,   0.231,correlated_pymatching,b296b1e82a2e96c853ed55118124f370f20f7552855d6c11bbd2675432a5c92b,"{""d"":7.0,""p"":0.00046415888336127773,""r"":7.0}",
        32,         0,         0,   0.207,correlated_pymatching,b296b1e82a2e96c853ed55118124f370f20f7552855d6c11bbd2675432a5c92b,"{""d"":7.0,""p"":0.00046415888336127773,""r"":7.0}",
        64,         0,         0,   0.203,correlated_pymatching,b296b1e82a2e96c853ed55118124f370f20f7552855d6c11bbd2675432a5c92b,"{""d"":7.0,""p"":0.00046415888336127773,""r"":7.0}",
        16,         0,         0,   0.202,correlated_pymatching,b296b1e82a2e96c853ed55118124f370f20f7552855d6c11bbd2675432a5c92b,"{""d"":7.0,""p"":0.00046415888336127773,""r"":7.0}",
       256,         0,         0,   0.212,correlated_pymatching,b296b1e82a2e96c853ed55118124f370f20f7552855d6c11bbd2675432a5c92b,"{""d"":7.0,""p"":0.00046415888336127773,""r"":7.0}",
         8,         0,         0,   0.192,correlated_pymatching,b296b1e82a2e96c853ed55118124f370f20f7552855d6c11bbd2675432a5c92b,"{""d"":7.0,""p"":0.00046415888336127773,""r"":7.0}",
       256,         0,         0,   0.218,correlated_pymatching,b296b1e82a2e96c853ed55118124f370f20f7552855d6c11bbd2675432a5c92b,"{""d"":7.0,""p"":0.00046415888336127773,""r"":7.0}",
       256,         0,         0,   0.222,correlated_pymatching,b296b1e82a2e96c853ed55118124f370f20f7552855d6c11bbd2675432a5c92b,"{""d"":7.0,""p"":0.00046415888336127773,""r"":7.0}",
       289,         0,         0,   0.259,correlated_pymatching,b296b1e82a2e96c853ed55118124f370f20f7552855d6c11bbd2675432a5c92b,"{""d"":7.0,""p"":0.00046415888336127773,""r"":7.0}",
       128,         0,         0,   0.204,correlated_pymatching,b296b1e82a2e96c853ed55118124f370f20f7552855d6c11bbd2675432a5c92b,"{""d"":7.0,""p"":0.00046415888336127773,""r"":7.0}",
       128,         0,         0,   0.204,correlated_pymatching,b296b1e82a2e96c853ed55118124f370f20f7552855d6c11bbd2675432a5c92b,"{""d"":7.0,""p"":0.00046415888336127773,""r"":7.0}",
        64,         0,         0,   0.204,correlated_pymatching,b296b1e82a2e96c853ed55118124f370f20f7552855d6c11bbd2675432a5c92b,"{""d"":7.0,""p"":0.00046415888336127773,""r"":7.0}",
       128,         0,         0,   0.210,correlated_pymatching,b296b1e82a2e96c853ed55118124f370f20f7552855d6c11bbd2675432a5c92b,"{""d"":7.0,""p"":0.00046415888336127773,""r"":7.0}",
        32,         0,         0,   0.194,correlated_pymatching,b296b1e82a2e96c853ed55118124f370f20f7552855d6c11bbd2675432a5c92b,"{""d"":7.0,""p"":0.00046415888336127773,""r"":7.0}",
       291,         0,         0,   0.222,correlated_pymatching,b296b1e82a2e96c853ed55118124f370f20f7552855d6c11bbd2675432a5c92b,"{""d"":7.0,""p"":0.00046415888336127773,""r"":7.0}",
        16,         0,         0,   0.204,correlated_pymatching,b296b1e82a2e96c853ed55118124f370f20f7552855d6c11bbd2675432a5c92b,"{""d"":7.0,""p"":0.00046415888336127773,""r"":7.0}",
       128,         0,         0,   0.210,correlated_pymatching,b296b1e82a2e96c853ed55118124f370f20f7552855d6c11bbd2675432a5c92b,"{""d"":7.0,""p"":0.00046415888336127773,""r"":7.0}",
        64,         0,         0,   0.208,correlated_pymatching,b296b1e82a2e96c853ed55118124f370f20f7552855d6c11bbd2675432a5c92b,"{""d"":7.0,""p"":0.00046415888336127773,""r"":7.0}",
       128,         0,         0,   0.204,correlated_pymatching,b296b1e82a2e96c853ed55118124f370f20f7552855d6c11bbd2675432a5c92b,"{""d"":7.0,""p"":0.00046415888336127773,""r"":7.0}",
        32,         0,         0,   0.202,correlated_pymatching,b296b1e82a2e96c853ed55118124f370f20f7552855d6c11bbd2675432a5c92b,"{""d"":7.0,""p"":0.00046415888336127773,""r"":7.0}",
      8953,         0,         0,    2.78,correlated_pymatching,b296b1e82a2e96c853ed55118124f370f20f7552855d6c11bbd2675432a5c92b,"{""d"":7.0,""p"":0.00046415888336127773,""r"":7.0}",
      8953,         0,         0,    2.79,correlated_pymatching,b296b1e82a2e96c853ed55118124f370f20f7552855d6c11bbd2675432a5c92b,"{""d"":7.0,""p"":0.00046415888336127773,""r"":7.0}",
       256,         0,         0,   0.216,correlated_pymatching,b296b1e82a2e96c853ed55118124f370f20f7552855d6c11bbd2675432a5c92b,"{""d"":7.0,""p"":0.00046415888336127773,""r"":7.0}",
       256,         0,         0,   0.212,correlated_pymatching,b296b1e82a2e96c853ed55118124f370f20f7552855d6c11bbd2675432a5c92b,"{""d"":7.0,""p"":0.00046415888336127773,""r"":7.0}",
       192,         0,         0,   0.407,correlated_pymatching,b296b1e82a2e96c853ed55118124f370f20f7552855d6c11bbd2675432a5c92b,"{""d"":7.0,""p"":0.00046415888336127773,""r"":7.0}",
      8644,         0,         0,    5.27,correlated_pymatching,b296b1e82a2e96c853ed55118124f370f20f7552855d6c11bbd2675432a5c92b,"{""d"":7.0,""p"":0.00046415888336127773,""r"":7.0}",
       192,         0,         0,   0.408,correlated_pymatching,b296b1e82a2e96c853ed55118124f370f20f7552855d6c11bbd2675432a5c92b,"{""d"":7.0,""p"":0.00046415888336127773,""r"":7.0}",
      8644,         0,         0,    2.90,correlated_pymatching,b296b1e82a2e96c853ed55118124f370f20f7552855d6c11bbd2675432a5c92b,"{""d"":7.0,""p"":0.00046415888336127773,""r"":7.0}",
      8644,         0,         0,    2.86,correlated_pymatching,b296b1e82a2e96c853ed55118124f370f20f7552855d6c11bbd2675432a5c92b,"{""d"":7.0,""p"":0.00046415888336127773,""r"":7.0}",
       256,         0,         0,   0.215,correlated_pymatching,b296b1e82a2e96c853ed55118124f370f20f7552855d6c11bbd2675432a5c92b,"{""d"":7.0,""p"":0.00046415888336127773,""r"":7.0}",
      8286,         0,         0,    2.84,correlated_pymatching,b296b1e82a2e96c853ed55118124f370f20f7552855d6c11bbd2675432a5c92b,"{""d"":7.0,""p"":0.00046415888336127773,""r"":7.0}",
        48,         0,         0,   0.408,correlated_pymatching,b296b1e82a2e96c853ed55118124f370f20f7552855d6c11bbd2675432a5c92b,"{""d"":7.0,""p"":0.00046415888336127773,""r"":7.0}",
      8704,         0,         0,    5.67,correlated_pymatching,b296b1e82a2e96c853ed55118124f370f20f7552855d6c11bbd2675432a5c92b,"{""d"":7.0,""p"":0.00046415888336127773,""r"":7.0}",
      8286,         0,         0,    2.73,correlated_pymatching,b296b1e82a2e96c853ed55118124f370f20f7552855d6c11bbd2675432a5c92b,"{""d"":7.0,""p"":0.00046415888336127773,""r"":7.0}",
       667,         0,         0,   0.231,correlated_pymatching,b296b1e82a2e96c853ed55118124f370f20f7552855d6c11bbd2675432a5c92b,"{""d"":7.0,""p"":0.00046415888336127773,""r"":7.0}",
      1536,         0,         0,   0.480,correlated_pymatching,b296b1e82a2e96c853ed55118124f370f20f7552855d6c11bbd2675432a5c92b,"{""d"":7.0,""p"":0.00046415888336127773,""r"":7.0}",
       384,         0,         0,   0.420,correlated_pymatching,b296b1e82a2e96c853ed55118124f370f20f7552855d6c11bbd2675432a5c92b,"{""d"":7.0,""p"":0.00046415888336127773,""r"":7.0}",
      1536,         0,         0,   0.485,correlated_pymatching,b296b1e82a2e96c853ed55118124f370f20f7552855d6c11bbd2675432a5c92b,"{""d"":7.0,""p"":0.00046415888336127773,""r"":7.0}",
      8286,         0,         0,    2.87,correlated_pymatching,b296b1e82a2e96c853ed55118124f370f20f7552855d6c11bbd2675432a5c92b,"{""d"":7.0,""p"":0.00046415888336127773,""r"":7.0}",
      1536,         0,         0,   0.489,correlated_pymatching,b296b1e82a2e96c853ed55118124f370f20f7552855d6c11bbd2675432a5c92b,"{""d"":7.0,""p"":0.00046415888336127773,""r"":7.0}",
       192,         0,         0,   0.406,correlated_pymatching,b296b1e82a2e96c853ed55118124f370f20f7552855d6c11bbd2675432a5c92b,"{""d"":7.0,""p"":0.00046415888336127773,""r"":7.0}",
       768,         0,         0,   0.444,correlated_pymatching,b296b1e82a2e96c853ed55118124f370f20f7552855d6c11bbd2675432a5c92b,"{""d"":7.0,""p"":0.00046415888336127773,""r"":7.0}",
        96,         0,         0,   0.408,correlated_pymatching,b296b1e82a2e96c853ed55118124f370f20f7552855d6c11bbd2675432a5c92b,"{""d"":7.0,""p"":0.00046415888336127773,""r"":7.0}",
       384,         0,         0,   0.422,correlated_pymatching,b296b1e82a2e96c853ed55118124f370f20f7552855d6c11bbd2675432a5c92b,"{""d"":7.0,""p"":0.00046415888336127773,""r"":7.0}",
       192,         0,         0,   0.408,correlated_pymatching,b296b1e82a2e96c853ed55118124f370f20f7552855d6c11bbd2675432a5c92b,"{""d"":7.0,""p"":0.00046415888336127773,""r"":7.0}",
       768,         0,         0,   0.439,correlated_pymatching,b296b1e82a2e96c853ed55118124f370f20f7552855d6c11bbd2675432a5c92b,"{""d"":7.0,""p"":0.00046415888336127773,""r"":7.0}",
      1001,         0,         0,   0.253,correlated_pymatching,b296b1e82a2e96c853ed55118124f370f20f7552855d6c11bbd2675432a5c92b,"{""d"":7.0,""p"":0.00046415888336127773,""r"":7.0}",
       249,         0,         0,   0.205,correlated_pymatching,b296b1e82a2e96c853ed55118124f370f20f7552855d6c11bbd2675432a5c92b,"{""d"":7.0,""p"":0.00046415888336127773,""r"":7.0}",
       279,         0,         0,   0.211,correlated_pymatching,b296b1e82a2e96c853ed55118124f370f20f7552855d6c11bbd2675432a5c92b,"{""d"":7.0,""p"":0.00046415888336127773,""r"":7.0}",
       316,         0,         0,   0.216,correlated_pymatching,b296b1e82a2e96c853ed55118124f370f20f7552855d6c11bbd2675432a5c92b,"{""d"":7.0,""p"":0.00046415888336127773,""r"":7.0}",
      1536,         0,         0,   0.479,correlated_pymatching,b296b1e82a2e96c853ed55118124f370f20f7552855d6c11bbd2675432a5c92b,"{""d"":7.0,""p"":0.00046415888336127773,""r"":7.0}",
       768,         0,         0,   0.444,correlated_pymatching,b296b1e82a2e96c853ed55118124f370f20f7552855d6c11bbd2675432a5c92b,"{""d"":7.0,""p"":0.00046415888336127773,""r"":7.0}",
      7714,         0,         0,    5.43,correlated_pymatching,b296b1e82a2e96c853ed55118124f370f20f7552855d6c11bbd2675432a5c92b,"{""d"":7.0,""p"":0.00046415888336127773,""r"":7.0}",
       572,         0,         0,   0.227,correlated_pymatching,b296b1e82a2e96c853ed55118124f370f20f7552855d6c11bbd2675432a5c92b,"{""d"":7.0,""p"":0.00046415888336127773,""r"":7.0}",
      6144,         0,         0,    1.56,correlated_pymatching,b296b1e82a2e96c853ed55118124f370f20f7552855d6c11bbd2675432a5c92b,"{""d"":7.0,""p"":0.00046415888336127773,""r"":7.0}",
      1536,         0,         0,   0.479,correlated_pymatching,b296b1e82a2e96c853ed55118124f370f20f7552855d6c11bbd2675432a5c92b,"{""d"":7.0,""p"":0.00046415888336127773,""r"":7.0}",
      6144,         0,         0,    1.66,correlated_pymatching,b296b1e82a2e96c853ed55118124f370f20f7552855d6c11bbd2675432a5c92b,"{""d"":7.0,""p"":0.00046415888336127773,""r"":7.0}",
       768,         0,         0,   0.449,correlated_pymatching,b296b1e82a2e96c853ed55118124f370f20f7552855d6c11bbd2675432a5c92b,"{""d"":7.0,""p"":0.00046415888336127773,""r"":7.0}",
      1729,         0,         0,   0.491,correlated_pymatching,b296b1e82a2e96c853ed55118124f370f20f7552855d6c11bbd2675432a5c92b,"{""d"":7.0,""p"":0.00046415888336127773,""r"":7.0}",
       192,         0,         0,   0.407,correlated_pymatching,b296b1e82a2e96c853ed55118124f370f20f7552855d6c11bbd2675432a5c92b,"{""d"":7.0,""p"":0.00046415888336127773,""r"":7.0}",
      6144,         0,         0,    1.54,correlated_pymatching,b296b1e82a2e96c853ed55118124f370f20f7552855d6c11bbd2675432a5c92b,"{""d"":7.0,""p"":0.00046415888336127773,""r"":7.0}",
       966,         0,         0,   0.252,correlated_pymatching,b296b1e82a2e96c853ed55118124f370f20f7552855d6c11bbd2675432a5c92b,"{""d"":7.0,""p"":0.00046415888336127773,""r"":7.0}",
      1536,         0,         0,   0.480,correlated_pymatching,b296b1e82a2e96c853ed55118124f370f20f7552855d6c11bbd2675432a5c92b,"{""d"":7.0,""p"":0.00046415888336127773,""r"":7.0}",
       768,         0,         0,   0.432,correlated_pymatching,b296b1e82a2e96c853ed55118124f370f20f7552855d6c11bbd2675432a5c92b,"{""d"":7.0,""p"":0.00046415888336127773,""r"":7.0}",
      1536,         0,         0,   0.479,correlated_pymatching,b296b1e82a2e96c853ed55118124f370f20f7552855d6c11bbd2675432a5c92b,"{""d"":7.0,""p"":0.00046415888336127773,""r"":7.0}",
       384,         0,         0,   0.420,correlated_pymatching,b296b1e82a2e96c853ed55118124f370f20f7552855d6c11bbd2675432a5c92b,"{""d"":7.0,""p"":0.00046415888336127773,""r"":7.0}",
      2048,         0,         0,   0.505,correlated_pymatching,b296b1e82a2e96c853ed55118124f370f20f7552855d6c11bbd2675432a5c92b,"{""d"":7.0,""p"":0.00046415888336127773,""r"":7.0}",
      5981,         0,         0,    1.56,correlated_pymatching,b296b1e82a2e96c853ed55118124f370f20f7552855d6c11bbd2675432a5c92b,"{""d"":7.0,""p"":0.00046415888336127773,""r"":7.0}",
      2921,         0,         0,   0.763,correlated_pymatching,b296b1e82a2e96c853ed55118124f370f20f7552855d6c11bbd2675432a5c92b,"{""d"":7.0,""p"":0.00046415888336127773,""r"":7.0}",
      2048,         0,         0,   0.504,correlated_pymatching,b296b1e82a2e96c853ed55118124f370f20f7552855d6c11bbd2675432a5c92b,"{""d"":7.0,""p"":0.00046415888336127773,""r"":7.0}",
      2048,         0,         0,   0.516,correlated_pymatching,b296b1e82a2e96c853ed55118124f370f20f7552855d6c11bbd2675432a5c92b,"{""d"":7.0,""p"":0.00046415888336127773,""r"":7.0}",
       768,         0,         0,   0.451,correlated_pymatching,b296b1e82a2e96c853ed55118124f370f20f7552855d6c11bbd2675432a5c92b,"{""d"":7.0,""p"":0.00046415888336127773,""r"":7.0}",
      2048,         0,         0,   0.515,correlated_pymatching,b296b1e82a2e96c853ed55118124f370f20f7552855d6c11bbd2675432a5c92b,"{""d"":7.0,""p"":0.00046415888336127773,""r"":7.0}",
      1536,         0,         0,   0.501,correlated_pymatching,b296b1e82a2e96c853ed55118124f370f20f7552855d6c11bbd2675432a5c92b,"{""d"":7.0,""p"":0.00046415888336127773,""r"":7.0}",
      2048,         0,         0,   0.526,correlated_pymatching,b296b1e82a2e96c853ed55118124f370f20f7552855d6c11bbd2675432a5c92b,"{""d"":7.0,""p"":0.00046415888336127773,""r"":7.0}",
      2048,         0,         0,   0.504,correlated_pymatching,b296b1e82a2e96c853ed55118124f370f20f7552855d6c11bbd2675432a5c92b,"{""d"":7.0,""p"":0.00046415888336127773,""r"":7.0}",
      2048,         0,         0,   0.516,correlated_pymatching,b296b1e82a2e96c853ed55118124f370f20f7552855d6c11bbd2675432a5c92b,"{""d"":7.0,""p"":0.00046415888336127773,""r"":7.0}",
      2048,         0,         0,   0.508,correlated_pymatching,b296b1e82a2e96c853ed55118124f370f20f7552855d6c11bbd2675432a5c92b,"{""d"":7.0,""p"":0.00046415888336127773,""r"":7.0}",
       768,         0,         0,   0.434,correlated_pymatching,b296b1e82a2e96c853ed55118124f370f20f7552855d6c11bbd2675432a5c92b,"{""d"":7.0,""p"":0.00046415888336127773,""r"":7.0}",
      2048,         0,         0,   0.503,correlated_pymatching,b296b1e82a2e96c853ed55118124f370f20f7552855d6c11bbd2675432a5c92b,"{""d"":7.0,""p"":0.00046415888336127773,""r"":7.0}",
      4348,         0,         0,    1.24,correlated_pymatching,b296b1e82a2e96c853ed55118124f370f20f7552855d6c11bbd2675432a5c92b,"{""d"":7.0,""p"":0.00046415888336127773,""r"":7.0}",
      2048,         0,         0,   0.503,correlated_pymatching,b296b1e82a2e96c853ed55118124f370f20f7552855d6c11bbd2675432a5c92b,"{""d"":7.0,""p"":0.00046415888336127773,""r"":7.0}",
      4096,         0,         0,    1.02,correlated_pymatching,b296b1e82a2e96c853ed55118124f370f20f7552855d6c11bbd2675432a5c92b,"{""d"":7.0,""p"":0.00046415888336127773,""r"":7.0}",
      4060,         0,         0,    1.02,correlated_pymatching,b296b1e82a2e96c853ed55118124f370f20f7552855d6c11bbd2675432a5c92b,"{""d"":7.0,""p"":0.00046415888336127773,""r"":7.0}",
      1536,         0,         0,   0.492,correlated_pymatching,b296b1e82a2e96c853ed55118124f370f20f7552855d6c11bbd2675432a5c92b,"{""d"":7.0,""p"":0.00046415888336127773,""r"":7.0}",
      2048,         0,         0,   0.516,correlated_pymatching,b296b1e82a2e96c853ed55118124f370f20f7552855d6c11bbd2675432a5c92b,"{""d"":7.0,""p"":0.00046415888336127773,""r"":7.0}",
      2048,         0,         0,   0.516,correlated_pymatching,b296b1e82a2e96c853ed55118124f370f20f7552855d6c11bbd2675432a5c92b,"{""d"":7.0,""p"":0.00046415888336127773,""r"":7.0}",
      2048,         0,         0,   0.508,correlated_pymatching,b296b1e82a2e96c853ed55118124f370f20f7552855d6c11bbd2675432a5c92b,"{""d"":7.0,""p"":0.00046415888336127773,""r"":7.0}",
       582,         0,         0,   0.230,correlated_pymatching,b296b1e82a2e96c853ed55118124f370f20f7552855d6c11bbd2675432a5c92b,"{""d"":7.0,""p"":0.00046415888336127773,""r"":7.0}",
       211,         0,         0,   0.213,correlated_pymatching,b296b1e82a2e96c853ed55118124f370f20f7552855d6c11bbd2675432a5c92b,"{""d"":7.0,""p"":0.00046415888336127773,""r"":7.0}",
      3513,         0,         0,   0.983,correlated_pymatching,b296b1e82a2e96c853ed55118124f370f20f7552855d6c11bbd2675432a5c92b,"{""d"":7.0,""p"":0.00046415888336127773,""r"":7.0}",
      3449,         0,         0,   0.983,correlated_pymatching,b296b1e82a2e96c853ed55118124f370f20f7552855d6c11bbd2675432a5c92b,"{""d"":7.0,""p"":0.00046415888336127773,""r"":7.0}",
      3513,         0,         0,   0.989,correlated_pymatching,b296b1e82a2e96c853ed55118124f370f20f7552855d6c11bbd2675432a5c92b,"{""d"":7.0,""p"":0.00046415888336127773,""r"":7.0}",
       835,         0,         0,   0.241,correlated_pymatching,b296b1e82a2e96c853ed55118124f370f20f7552855d6c11bbd2675432a5c92b,"{""d"":7.0,""p"":0.00046415888336127773,""r"":7.0}",
      3194,         0,         0,   0.965,correlated_pymatching,b296b1e82a2e96c853ed55118124f370f20f7552855d6c11bbd2675432a5c92b,"{""d"":7.0,""p"":0.00046415888336127773,""r"":7.0}",
      3513,         0,         0,   0.989,correlated_pymatching,b296b1e82a2e96c853ed55118124f370f20f7552855d6c11bbd2675432a5c92b,"{""d"":7.0,""p"":0.00046415888336127773,""r"":7.0}",
      3449,         0,         0,   0.997,correlated_pymatching,b296b1e82a2e96c853ed55118124f370f20f7552855d6c11bbd2675432a5c92b,"{""d"":7.0,""p"":0.00046415888336127773,""r"":7.0}",
      3072,         0,         0,   0.766,correlated_pymatching,b296b1e82a2e96c853ed55118124f370f20f7552855d6c11bbd2675432a5c92b,"{""d"":7.0,""p"":0.00046415888336127773,""r"":7.0}",
      3513,         0,         0,   0.985,correlated_pymatching,b296b1e82a2e96c853ed55118124f370f20f7552855d6c11bbd2675432a5c92b,"{""d"":7.0,""p"":0.00046415888336127773,""r"":7.0}",
      3072,         0,         0,   0.761,correlated_pymatching,b296b1e82a2e96c853ed55118124f370f20f7552855d6c11bbd2675432a5c92b,"{""d"":7.0,""p"":0.00046415888336127773,""r"":7.0}",
      4096,         0,         0,    1.76,correlated_pymatching,b296b1e82a2e96c853ed55118124f370f20f7552855d6c11bbd2675432a5c92b,"{""d"":7.0,""p"":0.00046415888336127773,""r"":7.0}",
      3072,         0,         0,   0.767,correlated_pymatching,b296b1e82a2e96c853ed55118124f370f20f7552855d6c11bbd2675432a5c92b,"{""d"":7.0,""p"":0.00046415888336127773,""r"":7.0}",
      3072,         0,         0,   0.771,correlated_pymatching,b296b1e82a2e96c853ed55118124f370f20f7552855d6c11bbd2675432a5c92b,"{""d"":7.0,""p"":0.00046415888336127773,""r"":7.0}",
      3513,         0,         0,   0.983,correlated_pymatching,b296b1e82a2e96c853ed55118124f370f20f7552855d6c11bbd2675432a5c92b,"{""d"":7.0,""p"":0.00046415888336127773,""r"":7.0}",
      3194,         0,         0,   0.954,correlated_pymatching,b296b1e82a2e96c853ed55118124f370f20f7552855d6c11bbd2675432a5c92b,"{""d"":7.0,""p"":0.00046415888336127773,""r"":7.0}",
      3194,         0,         0,   0.965,correlated_pymatching,b296b1e82a2e96c853ed55118124f370f20f7552855d6c11bbd2675432a5c92b,"{""d"":7.0,""p"":0.00046415888336127773,""r"":7.0}",
      3072,         0,         0,   0.773,correlated_pymatching,b296b1e82a2e96c853ed55118124f370f20f7552855d6c11bbd2675432a5c92b,"{""d"":7.0,""p"":0.00046415888336127773,""r"":7.0}",
       319,         0,         0,   0.217,correlated_pymatching,b296b1e82a2e96c853ed55118124f370f20f7552855d6c11bbd2675432a5c92b,"{""d"":7.0,""p"":0.00046415888336127773,""r"":7.0}",
       490,         0,         0,   0.219,correlated_pymatching,b296b1e82a2e96c853ed55118124f370f20f7552855d6c11bbd2675432a5c92b,"{""d"":7.0,""p"":0.00046415888336127773,""r"":7.0}",
      3072,         0,         0,   0.775,correlated_pymatching,b296b1e82a2e96c853ed55118124f370f20f7552855d6c11bbd2675432a5c92b,"{""d"":7.0,""p"":0.00046415888336127773,""r"":7.0}",
      3072,         0,         0,   0.755,correlated_pymatching,b296b1e82a2e96c853ed55118124f370f20f7552855d6c11bbd2675432a5c92b,"{""d"":7.0,""p"":0.00046415888336127773,""r"":7.0}",
      3072,         0,         0,   0.863,correlated_pymatching,b296b1e82a2e96c853ed55118124f370f20f7552855d6c11bbd2675432a5c92b,"{""d"":7.0,""p"":0.00046415888336127773,""r"":7.0}",
        30,         0,         0,   0.193,correlated_pymatching,b296b1e82a2e96c853ed55118124f370f20f7552855d6c11bbd2675432a5c92b,"{""d"":7.0,""p"":0.00046415888336127773,""r"":7.0}",
      1710,         0,         0,   0.479,correlated_pymatching,b296b1e82a2e96c853ed55118124f370f20f7552855d6c11bbd2675432a5c92b,"{""d"":7.0,""p"":0.00046415888336127773,""r"":7.0}",
      2367,         0,         0,   0.731,correlated_pymatching,b296b1e82a2e96c853ed55118124f370f20f7552855d6c11bbd2675432a5c92b,"{""d"":7.0,""p"":0.00046415888336127773,""r"":7.0}",
      1017,         0,         0,   0.252,correlated_pymatching,b296b1e82a2e96c853ed55118124f370f20f7552855d6c11bbd2675432a5c92b,"{""d"":7.0,""p"":0.00046415888336127773,""r"":7.0}",
        30,         0,         0,   0.199,correlated_pymatching,b296b1e82a2e96c853ed55118124f370f20f7552855d6c11bbd2675432a5c92b,"{""d"":7.0,""p"":0.00046415888336127773,""r"":7.0}",
       122,         0,         0,   0.203,correlated_pymatching,b296b1e82a2e96c853ed55118124f370f20f7552855d6c11bbd2675432a5c92b,"{""d"":7.0,""p"":0.00046415888336127773,""r"":7.0}",
      1510,         0,         0,   0.487,correlated_pymatching,b296b1e82a2e96c853ed55118124f370f20f7552855d6c11bbd2675432a5c92b,"{""d"":7.0,""p"":0.00046415888336127773,""r"":7.0}",
      2367,         0,         0,   0.719,correlated_pymatching,b296b1e82a2e96c853ed55118124f370f20f7552855d6c11bbd2675432a5c92b,"{""d"":7.0,""p"":0.00046415888336127773,""r"":7.0}",
      1977,         0,         0,   0.516,correlated_pymatching,b296b1e82a2e96c853ed55118124f370f20f7552855d6c11bbd2675432a5c92b,"{""d"":7.0,""p"":0.00046415888336127773,""r"":7.0}",
       326,         0,         0,   0.217,correlated_pymatching,b296b1e82a2e96c853ed55118124f370f20f7552855d6c11bbd2675432a5c92b,"{""d"":7.0,""p"":0.00046415888336127773,""r"":7.0}",
       252,         0,         0,   0.205,correlated_pymatching,b296b1e82a2e96c853ed55118124f370f20f7552855d6c11bbd2675432a5c92b,"{""d"":7.0,""p"":0.00046415888336127773,""r"":7.0}",
       441,         0,         0,   0.224,correlated_pymatching,b296b1e82a2e96c853ed55118124f370f20f7552855d6c11bbd2675432a5c92b,"{""d"":7.0,""p"":0.00046415888336127773,""r"":7.0}",
      2820,         0,         0,   0.755,correlated_pymatching,b296b1e82a2e96c853ed55118124f370f20f7552855d6c11bbd2675432a5c92b,"{""d"":7.0,""p"":0.00046415888336127773,""r"":7.0}",
       374,         0,         0,   0.217,correlated_pymatching,b296b1e82a2e96c853ed55118124f370f20f7552855d6c11bbd2675432a5c92b,"{""d"":7.0,""p"":0.00046415888336127773,""r"":7.0}",
      1532,         0,         0,   0.479,correlated_pymatching,b296b1e82a2e96c853ed55118124f370f20f7552855d6c11bbd2675432a5c92b,"{""d"":7.0,""p"":0.00046415888336127773,""r"":7.0}",
       441,         0,         0,   0.221,correlated_pymatching,b296b1e82a2e96c853ed55118124f370f20f7552855d6c11bbd2675432a5c92b,"{""d"":7.0,""p"":0.00046415888336127773,""r"":7.0}",
      2820,         0,         0,   0.763,correlated_pymatching,b296b1e82a2e96c853ed55118124f370f20f7552855d6c11bbd2675432a5c92b,"{""d"":7.0,""p"":0.00046415888336127773,""r"":7.0}",
       122,         0,         0,   0.203,correlated_pymatching,b296b1e82a2e96c853ed55118124f370f20f7552855d6c11bbd2675432a5c92b,"{""d"":7.0,""p"":0.00046415888336127773,""r"":7.0}",
        14,         0,         0,   0.194,correlated_pymatching,b296b1e82a2e96c853ed55118124f370f20f7552855d6c11bbd2675432a5c92b,"{""d"":7.0,""p"":0.00046415888336127773,""r"":7.0}",
       693,         0,         0,   0.229,correlated_pymatching,b296b1e82a2e96c853ed55118124f370f20f7552855d6c11bbd2675432a5c92b,"{""d"":7.0,""p"":0.00046415888336127773,""r"":7.0}",
        74,         0,         0,   0.197,correlated_pymatching,b296b1e82a2e96c853ed55118124f370f20f7552855d6c11bbd2675432a5c92b,"{""d"":7.0,""p"":0.00046415888336127773,""r"":7.0}",
      1110,         0,         0,   0.461,correlated_pymatching,b296b1e82a2e96c853ed55118124f370f20f7552855d6c11bbd2675432a5c92b,"{""d"":7.0,""p"":0.00046415888336127773,""r"":7.0}",
        41,         0,         0,   0.195,correlated_pymatching,b296b1e82a2e96c853ed55118124f370f20f7552855d6c11bbd2675432a5c92b,"{""d"":7.0,""p"":0.00046415888336127773,""r"":7.0}",
      2820,         0,         0,   0.813,correlated_pymatching,b296b1e82a2e96c853ed55118124f370f20f7552855d6c11bbd2675432a5c92b,"{""d"":7.0,""p"":0.00046415888336127773,""r"":7.0}",
        87,         0,         0,   0.203,correlated_pymatching,b296b1e82a2e96c853ed55118124f370f20f7552855d6c11bbd2675432a5c92b,"{""d"":7.0,""p"":0.00046415888336127773,""r"":7.0}",
      2259,         0,         0,   0.707,correlated_pymatching,b296b1e82a2e96c853ed55118124f370f20f7552855d6c11bbd2675432a5c92b,"{""d"":7.0,""p"":0.00046415888336127773,""r"":7.0}",
       122,         0,         0,   0.199,correlated_pymatching,b296b1e82a2e96c853ed55118124f370f20f7552855d6c11bbd2675432a5c92b,"{""d"":7.0,""p"":0.00046415888336127773,""r"":7.0}",
      1328,         0,         0,   0.467,correlated_pymatching,b296b1e82a2e96c853ed55118124f370f20f7552855d6c11bbd2675432a5c92b,"{""d"":7.0,""p"":0.00046415888336127773,""r"":7.0}",
       122,         0,         0,   0.201,correlated_pymatching,b296b1e82a2e96c853ed55118124f370f20f7552855d6c11bbd2675432a5c92b,"{""d"":7.0,""p"":0.00046415888336127773,""r"":7.0}",
       441,         0,         0,   0.377,correlated_pymatching,b296b1e82a2e96c853ed55118124f370f20f7552855d6c11bbd2675432a5c92b,"{""d"":7.0,""p"":0.00046415888336127773,""r"":7.0}",
         1,         0,         0,   0.010,correlated_pymatching,278410b6c7b7be7e443c049772b4efd93f8eb298df56e0464ca1b89a42bda687,"{""d"":3,""p"":0.004641588833612777,""r"":3}",
         1,         1,         0,   0.010,correlated_pymatching,019ba6b15b5e9e9d6931a6d44b42a3421cdf5dab9df74a8c8ddabc81255eee1b,"{""d"":3,""p"":0.1,""r"":3}","{""obs_mistake_mask=E"":1}"
         1,         0,         0,   0.010,correlated_pymatching,d990ab1f972eeeb57e705bacf1502ee724aa2b24616fad8a1f95bc42476085fd,"{""d"":3,""p"":0.00046415888336127773,""r"":3}",
         1,         0,         0,   0.010,correlated_pymatching,ca9966e6591c09e98562ab53db0652b3ac4bd47f4cdeb630cec66669d3acf877,"{""d"":3,""p"":0.00021544346900318845,""r"":3}",
         1,         0,         0,   0.010,correlated_pymatching,8c384a8ac92301dfee5b941a314bbc9e640449f680250831ab0abbc26cedbeee,"{""d"":3,""p"":0.046415888336127774,""r"":3}",
        17,         5,         0,   0.018,correlated_pymatching,4a02f49d3fee75667ac3fe82a1de11dc38ba3677e98b8ca60c3435cf5a9c4120,"{""d"":3,""p"":0.01,""r"":3}","{""obs_mistake_mask=E"":5}"
        17,         1,         0,   0.018,correlated_pymatching,a2f081306c023cc1f52330b096e8b4edc24c863201061a1f9a52fbcc349b96bd,"{""d"":3,""p"":0.002154434690031882,""r"":3}","{""obs_mistake_mask=E"":1}"
        17,         6,         0,   0.018,correlated_pymatching,8a34d2d8d17036f8e630192dd05342400a7298a58de0cb688b52d8714268aded,"{""d"":3,""p"":0.021544346900318822,""r"":3}","{""obs_mistake_mask=E"":6}"
       272,        30,         0,   0.019,correlated_pymatching,278410b6c7b7be7e443c049772b4efd93f8eb298df56e0464ca1b89a42bda687,"{""d"":3,""p"":0.004641588833612777,""r"":3}","{""obs_mistake_mask=E"":30}"
        17,         0,         0,   0.018,correlated_pymatching,9991cf9cf3c46b94766aad36376675d308bcd61669828a1c9567449c4f17a8ca,"{""d"":3,""p"":0.001,""r"":3}",
       272,         0,         0,   0.018,correlated_pymatching,ca9966e6591c09e98562ab53db0652b3ac4bd47f4cdeb630cec66669d3acf877,"{""d"":3,""p"":0.00021544346900318845,""r"":3}",
         1,         0,         0,   0.049,correlated_pymatching,308d207cf6c2ce0c26be378e3664ab1b4ee70ac2068981b5e5bc03112260010e,"{""d"":3,""p"":0.0001,""r"":3}",
       256,        98,         0,   0.015,correlated_pymatching,4a02f49d3fee75667ac3fe82a1de11dc38ba3677e98b8ca60c3435cf5a9c4120,"{""d"":3,""p"":0.01,""r"":3}","{""obs_mistake_mask=E"":98}"
       256,       124,         0,   0.020,correlated_pymatching,8a34d2d8d17036f8e630192dd05342400a7298a58de0cb688b52d8714268aded,"{""d"":3,""p"":0.021544346900318822,""r"":3}","{""obs_mistake_mask=E"":124}"
        16,         0,         0,   0.034,correlated_pymatching,d990ab1f972eeeb57e705bacf1502ee724aa2b24616fad8a1f95bc42476085fd,"{""d"":3,""p"":0.00046415888336127773,""r"":3}",
      1280,        67,         0,   0.024,correlated_pymatching,a2f081306c023cc1f52330b096e8b4edc24c863201061a1f9a52fbcc349b96bd,"{""d"":3,""p"":0.002154434690031882,""r"":3}","{""obs_mistake_mask=E"":67}"
      1024,       142,         0,   0.021,correlated_pymatching,278410b6c7b7be7e443c049772b4efd93f8eb298df56e0464ca1b89a42bda687,"{""d"":3,""p"":0.004641588833612777,""r"":3}","{""obs_mistake_mask=E"":142}"
       272,       131,         0,   0.040,correlated_pymatching,019ba6b15b5e9e9d6931a6d44b42a3421cdf5dab9df74a8c8ddabc81255eee1b,"{""d"":3,""p"":0.1,""r"":3}","{""obs_mistake_mask=E"":131}"
       272,       136,         0,   0.036,correlated_pymatching,8c384a8ac92301dfee5b941a314bbc9e640449f680250831ab0abbc26cedbeee,"{""d"":3,""p"":0.046415888336127774,""r"":3}","{""obs_mistake_mask=E"":136}"
         8,         0,         0,   0.018,correlated_pymatching,308d207cf6c2ce0c26be378e3664ab1b4ee70ac2068981b5e5bc03112260010e,"{""d"":3,""p"":0.0001,""r"":3}",
      1280,        13,         0,   0.021,correlated_pymatching,9991cf9cf3c46b94766aad36376675d308bcd61669828a1c9567449c4f17a8ca,"{""d"":3,""p"":0.001,""r"":3}","{""obs_mistake_mask=E"":13}"
         1,         0,         0,   0.039,correlated_pymatching,b9ea537001f4564e94f495911335fcbbcd36a480e30594a58e8a822a0a45b86e,"{""d"":5,""p"":0.0001,""r"":5}",
      2048,         3,         0,   0.020,correlated_pymatching,ca9966e6591c09e98562ab53db0652b3ac4bd47f4cdeb630cec66669d3acf877,"{""d"":3,""p"":0.00021544346900318845,""r"":3}","{""obs_mistake_mask=E"":3}"
         1,         0,         0,   0.039,correlated_pymatching,f53c3c654dd6752c09a0c6232eef828f6ca73195b5e9075b2503ea631bab1cf0,"{""d"":5,""p"":0.004641588833612777,""r"":5}",
         1,         0,         0,   0.039,correlated_pymatching,b69f1af2a46db8ef96b25c5d611c5483b3cd4a3e9b4aff6ab787561dbc011b45,"{""d"":5,""p"":0.1,""r"":5}",
         1,         0,         0,   0.040,correlated_pymatching,ee510bf8c7e26c52dfd838e7bcd11d256c13f45e269c31d040d609482495a9e3,"{""d"":5,""p"":0.046415888336127774,""r"":5}",
         1,         0,         0,   0.039,correlated_pymatching,fa4abf060bb8957bc373669c411dc29ef38c556623431d0b2ba3296802fc7aed,"{""d"":5,""p"":0.00021544346900318845,""r"":5}",
         1,         0,         0,   0.040,correlated_pymatching,9d652a9abc7d490159cf29bec221f1b0fa8b72d66d5b43cec2dc43a5a8163a4e,"{""d"":5,""p"":0.021544346900318822,""r"":5}",
         1,         0,         0,   0.038,correlated_pymatching,c69716e73572ec1758bc0819f05fe16254056228d94ad11998c55d46a19d8b85,"{""d"":5,""p"":0.002154434690031882,""r"":5}",
         1,         1,         0,   0.039,correlated_pymatching,c3aacec0092cb92d37855aa0a4479e293bc5357b4d0a556a2decd51e74a238ab,"{""d"":5,""p"":0.01,""r"":5}","{""obs_mistake_mask=E"":1}"
         1,         0,         0,   0.039,correlated_pymatching,f5d4b6a4b0c56ea1b4ffa95a63a5e6bebf7381a1a9df57be4d969271ffdd7c56,"{""d"":5,""p"":0.001,""r"":5}",
      1280,         6,         0,   0.021,correlated_pymatching,d990ab1f972eeeb57e705bacf1502ee724aa2b24616fad8a1f95bc42476085fd,"{""d"":3,""p"":0.00046415888336127773,""r"":3}","{""obs_mistake_mask=E"":6}"
         1,         0,         0,   0.038,correlated_pymatching,03702c5e8386abc5161cbc7d66f42d4640d85b09b3fd8da7f15989e262e7046a,"{""d"":5,""p"":0.00046415888336127773,""r"":5}",
      1024,       394,         0,   0.036,correlated_pymatching,4a02f49d3fee75667ac3fe82a1de11dc38ba3677e98b8ca60c3435cf5a9c4120,"{""d"":3,""p"":0.01,""r"":3}","{""obs_mistake_mask=E"":394}"
      2048,        24,         0,   0.024,correlated_pymatching,9991cf9cf3c46b94766aad36376675d308bcd61669828a1c9567449c4f17a8ca,"{""d"":3,""p"":0.001,""r"":3}","{""obs_mistake_mask=E"":24}"
      1152,         0,         0,   0.026,correlated_pymatching,308d207cf6c2ce0c26be378e3664ab1b4ee70ac2068981b5e5bc03112260010e,"{""d"":3,""p"":0.0001,""r"":3}",
      2048,        92,         0,   0.030,correlated_pymatching,a2f081306c023cc1f52330b096e8b4edc24c863201061a1f9a52fbcc349b96bd,"{""d"":3,""p"":0.002154434690031882,""r"":3}","{""obs_mistake_mask=E"":92}"
      3072,         2,         0,   0.031,correlated_pymatching,ca9966e6591c09e98562ab53db0652b3ac4bd47f4cdeb630cec66669d3acf877,"{""d"":3,""p"":0.00021544346900318845,""r"":3}","{""obs_mistake_mask=E"":2}"
         8,         0,         0,   0.037,correlated_pymatching,b9ea537001f4564e94f495911335fcbbcd36a480e30594a58e8a822a0a45b86e,"{""d"":5,""p"":0.0001,""r"":5}",
      2048,       326,         0,   0.043,correlated_pymatching,278410b6c7b7be7e443c049772b4efd93f8eb298df56e0464ca1b89a42bda687,"{""d"":3,""p"":0.004641588833612777,""r"":3}","{""obs_mistake_mask=E"":326}"
         8,         1,         0,   0.038,correlated_pymatching,f53c3c654dd6752c09a0c6232eef828f6ca73195b5e9075b2503ea631bab1cf0,"{""d"":5,""p"":0.004641588833612777,""r"":5}","{""obs_mistake_mask=E"":1}"
         8,         0,         0,   0.037,correlated_pymatching,fa4abf060bb8957bc373669c411dc29ef38c556623431d0b2ba3296802fc7aed,"{""d"":5,""p"":0.00021544346900318845,""r"":5}",
         8,         0,         0,   0.036,correlated_pymatching,c69716e73572ec1758bc0819f05fe16254056228d94ad11998c55d46a19d8b85,"{""d"":5,""p"":0.002154434690031882,""r"":5}",
      3072,         6,         0,   0.032,correlated_pymatching,d990ab1f972eeeb57e705bacf1502ee724aa2b24616fad8a1f95bc42476085fd,"{""d"":3,""p"":0.00046415888336127773,""r"":3}","{""obs_mistake_mask=E"":6}"
         8,         4,         0,   0.042,correlated_pymatching,ee510bf8c7e26c52dfd838e7bcd11d256c13f45e269c31d040d609482495a9e3,"{""d"":5,""p"":0.046415888336127774,""r"":5}","{""obs_mistake_mask=E"":4}"
      1024,       522,         0,   0.057,correlated_pymatching,8a34d2d8d17036f8e630192dd05342400a7298a58de0cb688b52d8714268aded,"{""d"":3,""p"":0.021544346900318822,""r"":3}","{""obs_mistake_mask=E"":522}"
         8,         5,         0,   0.041,correlated_pymatching,9d652a9abc7d490159cf29bec221f1b0fa8b72d66d5b43cec2dc43a5a8163a4e,"{""d"":5,""p"":0.021544346900318822,""r"":5}","{""obs_mistake_mask=E"":5}"
         8,         6,         0,   0.039,correlated_pymatching,c3aacec0092cb92d37855aa0a4479e293bc5357b4d0a556a2decd51e74a238ab,"{""d"":5,""p"":0.01,""r"":5}","{""obs_mistake_mask=E"":6}"
         8,         3,         0,   0.043,correlated_pymatching,b69f1af2a46db8ef96b25c5d611c5483b3cd4a3e9b4aff6ab787561dbc011b45,"{""d"":5,""p"":0.1,""r"":5}","{""obs_mistake_mask=E"":3}"
         8,         0,         0,   0.037,correlated_pymatching,f5d4b6a4b0c56ea1b4ffa95a63a5e6bebf7381a1a9df57be4d969271ffdd7c56,"{""d"":5,""p"":0.001,""r"":5}",
         8,         0,         0,   0.037,correlated_pymatching,03702c5e8386abc5161cbc7d66f42d4640d85b09b3fd8da7f15989e262e7046a,"{""d"":5,""p"":0.00046415888336127773,""r"":5}",
      3072,         1,         0,   0.030,correlated_pymatching,308d207cf6c2ce0c26be378e3664ab1b4ee70ac2068981b5e5bc03112260010e,"{""d"":3,""p"":0.0001,""r"":3}","{""obs_mistake_mask=E"":1}"
      2048,       109,         0,   0.029,correlated_pymatching,a2f081306c023cc1f52330b096e8b4edc24c863201061a1f9a52fbcc349b96bd,"{""d"":3,""p"":0.002154434690031882,""r"":3}","{""obs_mistake_mask=E"":109}"
      3072,        30,         0,   0.042,correlated_pymatching,9991cf9cf3c46b94766aad36376675d308bcd61669828a1c9567449c4f17a8ca,"{""d"":3,""p"":0.001,""r"":3}","{""obs_mistake_mask=E"":30}"
      4096,         3,         0,   0.040,correlated_pymatching,ca9966e6591c09e98562ab53db0652b3ac4bd47f4cdeb630cec66669d3acf877,"{""d"":3,""p"":0.00021544346900318845,""r"":3}","{""obs_mistake_mask=E"":3}"
       128,         0,         0,   0.039,correlated_pymatching,b9ea537001f4564e94f495911335fcbbcd36a480e30594a58e8a822a0a45b86e,"{""d"":5,""p"":0.0001,""r"":5}",
      1024,       502,         0,   0.079,correlated_pymatching,8c384a8ac92301dfee5b941a314bbc9e640449f680250831ab0abbc26cedbeee,"{""d"":3,""p"":0.046415888336127774,""r"":3}","{""obs_mistake_mask=E"":502}"
        17,         0,         0,   0.017,correlated_pymatching,308d207cf6c2ce0c26be378e3664ab1b4ee70ac2068981b5e5bc03112260010e,"{""d"":3,""p"":0.0001,""r"":3}",
       128,         0,         0,   0.038,correlated_pymatching,fa4abf060bb8957bc373669c411dc29ef38c556623431d0b2ba3296802fc7aed,"{""d"":5,""p"":0.00021544346900318845,""r"":5}",
        64,        10,         0,   0.043,correlated_pymatching,f53c3c654dd6752c09a0c6232eef828f6ca73195b5e9075b2503ea631bab1cf0,"{""d"":5,""p"":0.004641588833612777,""r"":5}","{""obs_mistake_mask=E"":10}"
       128,         4,         0,   0.042,correlated_pymatching,c69716e73572ec1758bc0819f05fe16254056228d94ad11998c55d46a19d8b85,"{""d"":5,""p"":0.002154434690031882,""r"":5}","{""obs_mistake_mask=E"":4}"
      4096,        13,         0,   0.042,correlated_pymatching,d990ab1f972eeeb57e705bacf1502ee724aa2b24616fad8a1f95bc42476085fd,"{""d"":3,""p"":0.00046415888336127773,""r"":3}","{""obs_mistake_mask=E"":13}"
       128,         0,         0,   0.039,correlated_pymatching,f5d4b6a4b0c56ea1b4ffa95a63a5e6bebf7381a1a9df57be4d969271ffdd7c56,"{""d"":5,""p"":0.001,""r"":5}",
       128,         0,         0,   0.039,correlated_pymatching,03702c5e8386abc5161cbc7d66f42d4640d85b09b3fd8da7f15989e262e7046a,"{""d"":5,""p"":0.00046415888336127773,""r"":5}",
      1024,       522,         0,   0.093,correlated_pymatching,019ba6b15b5e9e9d6931a6d44b42a3421cdf5dab9df74a8c8ddabc81255eee1b,"{""d"":3,""p"":0.1,""r"":3}","{""obs_mistake_mask=E"":522}"
      4096,         3,         0,   0.038,correlated_pymatching,308d207cf6c2ce0c26be378e3664ab1b4ee70ac2068981b5e5bc03112260010e,"{""d"":3,""p"":0.0001,""r"":3}","{""obs_mistake_mask=E"":3}"
      3072,       158,         0,   0.043,correlated_pymatching,a2f081306c023cc1f52330b096e8b4edc24c863201061a1f9a52fbcc349b96bd,"{""d"":3,""p"":0.002154434690031882,""r"":3}","{""obs_mistake_mask=E"":158}"
        64,        27,         0,   0.050,correlated_pymatching,c3aacec0092cb92d37855aa0a4479e293bc5357b4d0a556a2decd51e74a238ab,"{""d"":5,""p"":0.01,""r"":5}","{""obs_mistake_mask=E"":27}"
      1280,         0,         0,   0.018,correlated_pymatching,308d207cf6c2ce0c26be378e3664ab1b4ee70ac2068981b5e5bc03112260010e,"{""d"":3,""p"":0.0001,""r"":3}",
        17,         0,         0,   0.017,correlated_pymatching,ca9966e6591c09e98562ab53db0652b3ac4bd47f4cdeb630cec66669d3acf877,"{""d"":3,""p"":0.00021544346900318845,""r"":3}",
      3072,        36,         0,   0.042,correlated_pymatching,9991cf9cf3c46b94766aad36376675d308bcd61669828a1c9567449c4f17a8ca,"{""d"":3,""p"":0.001,""r"":3}","{""obs_mistake_mask=E"":36}"
        17,         0,         0,   0.016,correlated_pymatching,d990ab1f972eeeb57e705bacf1502ee724aa2b24616fad8a1f95bc42476085fd,"{""d"":3,""p"":0.00046415888336127773,""r"":3}",
        64,        30,         0,   0.063,correlated_pymatching,9d652a9abc7d490159cf29bec221f1b0fa8b72d66d5b43cec2dc43a5a8163a4e,"{""d"":5,""p"":0.021544346900318822,""r"":5}","{""obs_mistake_mask=E"":30}"
      1024,         0,         0,   0.042,correlated_pymatching,b9ea537001f4564e94f495911335fcbbcd36a480e30594a58e8a822a0a45b86e,"{""d"":5,""p"":0.0001,""r"":5}",
        64,        32,         0,   0.074,correlated_pymatching,ee510bf8c7e26c52dfd838e7bcd11d256c13f45e269c31d040d609482495a9e3,"{""d"":5,""p"":0.046415888336127774,""r"":5}","{""obs_mistake_mask=E"":32}"
      1280,         3,         0,   0.019,correlated_pymatching,ca9966e6591c09e98562ab53db0652b3ac4bd47f4cdeb630cec66669d3acf877,"{""d"":3,""p"":0.00021544346900318845,""r"":3}","{""obs_mistake_mask=E"":3}"
      1024,         0,         0,   0.043,correlated_pymatching,fa4abf060bb8957bc373669c411dc29ef38c556623431d0b2ba3296802fc7aed,"{""d"":5,""p"":0.00021544346900318845,""r"":5}",
        64,        35,         0,   0.077,correlated_pymatching,b69f1af2a46db8ef96b25c5d611c5483b3cd4a3e9b4aff6ab787561dbc011b45,"{""d"":5,""p"":0.1,""r"":5}","{""obs_mistake_mask=E"":35}"
      3072,         3,         0,   0.028,correlated_pymatching,308d207cf6c2ce0c26be378e3664ab1b4ee70ac2068981b5e5bc03112260010e,"{""d"":3,""p"":0.0001,""r"":3}","{""obs_mistake_mask=E"":3}"
      1280,         3,         0,   0.019,correlated_pymatching,d990ab1f972eeeb57e705bacf1502ee724aa2b24616fad8a1f95bc42476085fd,"{""d"":3,""p"":0.00046415888336127773,""r"":3}","{""obs_mistake_mask=E"":3}"
      6144,         9,         0,   0.058,correlated_pymatching,ca9966e6591c09e98562ab53db0652b3ac4bd47f4cdeb630cec66669d3acf877,"{""d"":3,""p"":0.00021544346900318845,""r"":3}","{""obs_mistake_mask=E"":9}"
         1,         0,         0,   0.104,correlated_pymatching,e4f159b6793677bb35f01feb57a96b325f1fd1677dd307a327839217f990921c,"{""d"":7,""p"":0.0001,""r"":7}",
      1024,         0,         0,   0.046,correlated_pymatching,03702c5e8386abc5161cbc7d66f42d4640d85b09b3fd8da7f15989e262e7046a,"{""d"":5,""p"":0.00046415888336127773,""r"":5}",
         1,         0,         0,   0.103,correlated_pymatching,f78701dabc92d935ad4f13d4b82879787b139ab0efba2a7ff15a1f63c045c687,"{""d"":7,""p"":0.00046415888336127773,""r"":7}",
        17,         0,         0,   0.017,correlated_pymatching,9991cf9cf3c46b94766aad36376675d308bcd61669828a1c9567449c4f17a8ca,"{""d"":3,""p"":0.001,""r"":3}",
      2048,         2,         0,   0.019,correlated_pymatching,ca9966e6591c09e98562ab53db0652b3ac4bd47f4cdeb630cec66669d3acf877,"{""d"":3,""p"":0.00021544346900318845,""r"":3}","{""obs_mistake_mask=E"":2}"
      1024,         2,         0,   0.056,correlated_pymatching,f5d4b6a4b0c56ea1b4ffa95a63a5e6bebf7381a1a9df57be4d969271ffdd7c56,"{""d"":5,""p"":0.001,""r"":5}","{""obs_mistake_mask=E"":2}"
         1,         0,         0,   0.107,correlated_pymatching,88c2954893496715d0ebc577dab1eb23e97e34c8f925974e00c44db7269da3a7,"{""d"":7,""p"":0.004641588833612777,""r"":7}",
      6144,         2,         0,   0.053,correlated_pymatching,308d207cf6c2ce0c26be378e3664ab1b4ee70ac2068981b5e5bc03112260010e,"{""d"":3,""p"":0.0001,""r"":3}","{""obs_mistake_mask=E"":2}"
      2048,        10,         0,   0.020,correlated_pymatching,d990ab1f972eeeb57e705bacf1502ee724aa2b24616fad8a1f95bc42476085fd,"{""d"":3,""p"":0.00046415888336127773,""r"":3}","{""obs_mistake_mask=E"":10}"
         1,         0,         0,   0.107,correlated_pymatching,375c1141bbe25c7e9fff5c4388088e3d0092e5dcb6a762c06c3cc694eeeb50d9,"{""d"":7,""p"":0.021544346900318822,""r"":7}",
         1,         0,         0,   0.108,correlated_pymatching,c3b873b72bce714af93027898b5da4d572257a60dc9052967e13ca4ae70c96c9,"{""d"":7,""p"":0.01,""r"":7}",
      6144,        23,         0,   0.063,correlated_pymatching,d990ab1f972eeeb57e705bacf1502ee724aa2b24616fad8a1f95bc42476085fd,"{""d"":3,""p"":0.00046415888336127773,""r"":3}","{""obs_mistake_mask=E"":23}"
         1,         0,         0,   0.107,correlated_pymatching,fc34ebb7e95f39002e0450c43b4010e8487a8bf69020c41441c163f361e16caa,"{""d"":7,""p"":0.00021544346900318845,""r"":7}",
      3072,         2,         0,   0.028,correlated_pymatching,308d207cf6c2ce0c26be378e3664ab1b4ee70ac2068981b5e5bc03112260010e,"{""d"":3,""p"":0.0001,""r"":3}","{""obs_mistake_mask=E"":2}"
         1,         1,         0,   0.110,correlated_pymatching,829f7a6e79923b0e8bc810c2a557d9f77974feca4ad9ef60106f84132a11d1a4,"{""d"":7,""p"":0.1,""r"":7}","{""obs_mistake_mask=E"":1}"
      1024,         0,         0,   0.042,correlated_pymatching,b9ea537001f4564e94f495911335fcbbcd36a480e30594a58e8a822a0a45b86e,"{""d"":5,""p"":0.0001,""r"":5}",
         1,         1,         0,   0.108,correlated_pymatching,829f7a6e79923b0e8bc810c2a557d9f77974feca4ad9ef60106f84132a11d1a4,"{""d"":7,""p"":0.1,""r"":7}","{""obs_mistake_mask=E"":1}"
      1280,        15,         0,   0.020,correlated_pymatching,9991cf9cf3c46b94766aad36376675d308bcd61669828a1c9567449c4f17a8ca,"{""d"":3,""p"":0.001,""r"":3}","{""obs_mistake_mask=E"":15}"
      1024,        21,         0,   0.075,correlated_pymatching,c69716e73572ec1758bc0819f05fe16254056228d94ad11998c55d46a19d8b85,"{""d"":5,""p"":0.002154434690031882,""r"":5}","{""obs_mistake_mask=E"":21}"
      4096,        47,         0,   0.059,correlated_pymatching,9991cf9cf3c46b94766aad36376675d308bcd61669828a1c9567449c4f17a8ca,"{""d"":3,""p"":0.001,""r"":3}","{""obs_mistake_mask=E"":47}"
         1,         1,         0,   0.108,correlated_pymatching,1d80e554c909e83ec9f291e654c5433ed8cbe4d198311e84b13693d5c6bb565c,"{""d"":7,""p"":0.046415888336127774,""r"":7}","{""obs_mistake_mask=E"":1}"
      1024,         0,         0,   0.042,correlated_pymatching,fa4abf060bb8957bc373669c411dc29ef38c556623431d0b2ba3296802fc7aed,"{""d"":5,""p"":0.00021544346900318845,""r"":5}",
         1,         0,         0,   0.105,correlated_pymatching,aabbcce40f5d1a4d44990925beb525d4df18b69b973a4a45c0f93d6170d0e39a,"{""d"":7,""p"":0.002154434690031882,""r"":7}",
       512,        78,         0,   0.084,correlated_pymatching,f53c3c654dd6752c09a0c6232eef828f6ca73195b5e9075b2503ea631bab1cf0,"{""d"":5,""p"":0.004641588833612777,""r"":5}","{""obs_mistake_mask=E"":78}"
      3072,         4,         0,   0.029,correlated_pymatching,ca9966e6591c09e98562ab53db0652b3ac4bd47f4cdeb630cec66669d3acf877,"{""d"":3,""p"":0.00021544346900318845,""r"":3}","{""obs_mistake_mask=E"":4}"
         1,         1,         0,   0.108,correlated_pymatching,1d80e554c909e83ec9f291e654c5433ed8cbe4d198311e84b13693d5c6bb565c,"{""d"":7,""p"":0.046415888336127774,""r"":7}","{""obs_mistake_mask=E"":1}"
         1,         0,         0,   0.103,correlated_pymatching,c0f36ac9493e507480de3d1005b3ff5353e22d8f53ac98af1cc86d39fd4c29db,"{""d"":7,""p"":0.001,""r"":7}",
      3072,         9,         0,   0.030,correlated_pymatching,d990ab1f972eeeb57e705bacf1502ee724aa2b24616fad8a1f95bc42476085fd,"{""d"":3,""p"":0.00046415888336127773,""r"":3}","{""obs_mistake_mask=E"":9}"
      1024,         1,         0,   0.046,correlated_pymatching,03702c5e8386abc5161cbc7d66f42d4640d85b09b3fd8da7f15989e262e7046a,"{""d"":5,""p"":0.00046415888336127773,""r"":5}","{""obs_mistake_mask=E"":1}"
      2048,        29,         0,   0.022,correlated_pymatching,9991cf9cf3c46b94766aad36376675d308bcd61669828a1c9567449c4f17a8ca,"{""d"":3,""p"":0.001,""r"":3}","{""obs_mistake_mask=E"":29}"
      1024,         4,         0,   0.054,correlated_pymatching,f5d4b6a4b0c56ea1b4ffa95a63a5e6bebf7381a1a9df57be4d969271ffdd7c56,"{""d"":5,""p"":0.001,""r"":5}","{""obs_mistake_mask=E"":4}"
      5120,         2,         0,   0.046,correlated_pymatching,308d207cf6c2ce0c26be378e3664ab1b4ee70ac2068981b5e5bc03112260010e,"{""d"":3,""p"":0.0001,""r"":3}","{""obs_mistake_mask=E"":2}"
      8192,        10,         0,   0.075,correlated_pymatching,ca9966e6591c09e98562ab53db0652b3ac4bd47f4cdeb630cec66669d3acf877,"{""d"":3,""p"":0.00021544346900318845,""r"":3}","{""obs_mistake_mask=E"":10}"
      4096,         2,         0,   0.038,correlated_pymatching,ca9966e6591c09e98562ab53db0652b3ac4bd47f4cdeb630cec66669d3acf877,"{""d"":3,""p"":0.00021544346900318845,""r"":3}","{""obs_mistake_mask=E"":2}"
      4096,         6,         0,   0.039,correlated_pymatching,d990ab1f972eeeb57e705bacf1502ee724aa2b24616fad8a1f95bc42476085fd,"{""d"":3,""p"":0.00046415888336127773,""r"":3}","{""obs_mistake_mask=E"":6}"
         1,         0,         0,   0.038,correlated_pymatching,b9ea537001f4564e94f495911335fcbbcd36a480e30594a58e8a822a0a45b86e,"{""d"":5,""p"":0.0001,""r"":5}",
      3072,        32,         0,   0.033,correlated_pymatching,9991cf9cf3c46b94766aad36376675d308bcd61669828a1c9567449c4f17a8ca,"{""d"":3,""p"":0.001,""r"":3}","{""obs_mistake_mask=E"":32}"
         4,         0,         0,   0.095,correlated_pymatching,e4f159b6793677bb35f01feb57a96b325f1fd1677dd307a327839217f990921c,"{""d"":7,""p"":0.0001,""r"":7}",
      9216,         4,         0,   0.080,correlated_pymatching,308d207cf6c2ce0c26be378e3664ab1b4ee70ac2068981b5e5bc03112260010e,"{""d"":3,""p"":0.0001,""r"":3}","{""obs_mistake_mask=E"":4}"
         1,         0,         0,   0.038,correlated_pymatching,fa4abf060bb8957bc373669c411dc29ef38c556623431d0b2ba3296802fc7aed,"{""d"":5,""p"":0.00021544346900318845,""r"":5}",
         4,         0,         0,   0.096,correlated_pymatching,f78701dabc92d935ad4f13d4b82879787b139ab0efba2a7ff15a1f63c045c687,"{""d"":7,""p"":0.00046415888336127773,""r"":7}",
      8192,        27,         0,   0.082,correlated_pymatching,d990ab1f972eeeb57e705bacf1502ee724aa2b24616fad8a1f95bc42476085fd,"{""d"":3,""p"":0.00046415888336127773,""r"":3}","{""obs_mistake_mask=E"":27}"
      1024,        14,         0,   0.074,correlated_pymatching,c69716e73572ec1758bc0819f05fe16254056228d94ad11998c55d46a19d8b85,"{""d"":5,""p"":0.002154434690031882,""r"":5}","{""obs_mistake_mask=E"":14}"
      2048,         0,         0,   0.082,correlated_pymatching,b9ea537001f4564e94f495911335fcbbcd36a480e30594a58e8a822a0a45b86e,"{""d"":5,""p"":0.0001,""r"":5}",
         4,         0,         0,   0.099,correlated_pymatching,88c2954893496715d0ebc577dab1eb23e97e34c8f925974e00c44db7269da3a7,"{""d"":7,""p"":0.004641588833612777,""r"":7}",
       512,       241,         0,   0.147,correlated_pymatching,c3aacec0092cb92d37855aa0a4479e293bc5357b4d0a556a2decd51e74a238ab,"{""d"":5,""p"":0.01,""r"":5}","{""obs_mistake_mask=E"":241}"
      6144,        74,         0,   0.079,correlated_pymatching,9991cf9cf3c46b94766aad36376675d308bcd61669828a1c9567449c4f17a8ca,"{""d"":3,""p"":0.001,""r"":3}","{""obs_mistake_mask=E"":74}"
      2048,         0,         0,   0.084,correlated_pymatching,fa4abf060bb8957bc373669c411dc29ef38c556623431d0b2ba3296802fc7aed,"{""d"":5,""p"":0.00021544346900318845,""r"":5}",
         4,         0,         0,   0.098,correlated_pymatching,fc34ebb7e95f39002e0450c43b4010e8487a8bf69020c41441c163f361e16caa,"{""d"":7,""p"":0.00021544346900318845,""r"":7}",
         8,         0,         0,   0.037,correlated_pymatching,b9ea537001f4564e94f495911335fcbbcd36a480e30594a58e8a822a0a45b86e,"{""d"":5,""p"":0.0001,""r"":5}",
         4,         1,         0,   0.104,correlated_pymatching,375c1141bbe25c7e9fff5c4388088e3d0092e5dcb6a762c06c3cc694eeeb50d9,"{""d"":7,""p"":0.021544346900318822,""r"":7}","{""obs_mistake_mask=E"":1}"
      6144,         3,         0,   0.053,correlated_pymatching,308d207cf6c2ce0c26be378e3664ab1b4ee70ac2068981b5e5bc03112260010e,"{""d"":3,""p"":0.0001,""r"":3}","{""obs_mistake_mask=E"":3}"
      4096,        54,         0,   0.045,correlated_pymatching,9991cf9cf3c46b94766aad36376675d308bcd61669828a1c9567449c4f17a8ca,"{""d"":3,""p"":0.001,""r"":3}","{""obs_mistake_mask=E"":54}"
         4,         3,         0,   0.112,correlated_pymatching,c3b873b72bce714af93027898b5da4d572257a60dc9052967e13ca4ae70c96c9,"{""d"":7,""p"":0.01,""r"":7}","{""obs_mistake_mask=E"":3}"
         8,         0,         0,   0.036,correlated_pymatching,fa4abf060bb8957bc373669c411dc29ef38c556623431d0b2ba3296802fc7aed,"{""d"":5,""p"":0.00021544346900318845,""r"":5}",
      6144,        11,         0,   0.056,correlated_pymatching,ca9966e6591c09e98562ab53db0652b3ac4bd47f4cdeb630cec66669d3acf877,"{""d"":3,""p"":0.00021544346900318845,""r"":3}","{""obs_mistake_mask=E"":11}"
         4,         1,         0,   0.108,correlated_pymatching,829f7a6e79923b0e8bc810c2a557d9f77974feca4ad9ef60106f84132a11d1a4,"{""d"":7,""p"":0.1,""r"":7}","{""obs_mistake_mask=E"":1}"
         4,         2,         0,   0.108,correlated_pymatching,829f7a6e79923b0e8bc810c2a557d9f77974feca4ad9ef60106f84132a11d1a4,"{""d"":7,""p"":0.1,""r"":7}","{""obs_mistake_mask=E"":2}"
         4,         2,         0,   0.106,correlated_pymatching,1d80e554c909e83ec9f291e654c5433ed8cbe4d198311e84b13693d5c6bb565c,"{""d"":7,""p"":0.046415888336127774,""r"":7}","{""obs_mistake_mask=E"":2}"
         4,         0,         0,   0.097,correlated_pymatching,c0f36ac9493e507480de3d1005b3ff5353e22d8f53ac98af1cc86d39fd4c29db,"{""d"":7,""p"":0.001,""r"":7}",
      2048,         0,         0,   0.094,correlated_pymatching,03702c5e8386abc5161cbc7d66f42d4640d85b09b3fd8da7f15989e262e7046a,"{""d"":5,""p"":0.00046415888336127773,""r"":5}",
      6144,        18,         0,   0.060,correlated_pymatching,d990ab1f972eeeb57e705bacf1502ee724aa2b24616fad8a1f95bc42476085fd,"{""d"":3,""p"":0.00046415888336127773,""r"":3}","{""obs_mistake_mask=E"":18}"
         4,         0,         0,   0.107,correlated_pymatching,1d80e554c909e83ec9f291e654c5433ed8cbe4d198311e84b13693d5c6bb565c,"{""d"":7,""p"":0.046415888336127774,""r"":7}",
         4,         0,         0,   0.111,correlated_pymatching,aabbcce40f5d1a4d44990925beb525d4df18b69b973a4a45c0f93d6170d0e39a,"{""d"":7,""p"":0.002154434690031882,""r"":7}",
       128,         0,         0,   0.038,correlated_pymatching,b9ea537001f4564e94f495911335fcbbcd36a480e30594a58e8a822a0a45b86e,"{""d"":5,""p"":0.0001,""r"":5}",
      1024,       162,         0,   0.131,correlated_pymatching,f53c3c654dd6752c09a0c6232eef828f6ca73195b5e9075b2503ea631bab1cf0,"{""d"":5,""p"":0.004641588833612777,""r"":5}","{""obs_mistake_mask=E"":162}"
       128,         0,         0,   0.037,correlated_pymatching,fa4abf060bb8957bc373669c411dc29ef38c556623431d0b2ba3296802fc7aed,"{""d"":5,""p"":0.00021544346900318845,""r"":5}",
      2048,         5,         0,   0.107,correlated_pymatching,f5d4b6a4b0c56ea1b4ffa95a63a5e6bebf7381a1a9df57be4d969271ffdd7c56,"{""d"":5,""p"":0.001,""r"":5}","{""obs_mistake_mask=E"":5}"
      1024,        15,         0,   0.073,correlated_pymatching,c69716e73572ec1758bc0819f05fe16254056228d94ad11998c55d46a19d8b85,"{""d"":5,""p"":0.002154434690031882,""r"":5}","{""obs_mistake_mask=E"":15}"
       256,       128,         0,   0.192,correlated_pymatching,b69f1af2a46db8ef96b25c5d611c5483b3cd4a3e9b4aff6ab787561dbc011b45,"{""d"":5,""p"":0.1,""r"":5}","{""obs_mistake_mask=E"":128}"
     12288,        23,         0,   0.112,correlated_pymatching,ca9966e6591c09e98562ab53db0652b3ac4bd47f4cdeb630cec66669d3acf877,"{""d"":3,""p"":0.00021544346900318845,""r"":3}","{""obs_mistake_mask=E"":23}"
      5120,        68,         0,   0.056,correlated_pymatching,9991cf9cf3c46b94766aad36376675d308bcd61669828a1c9567449c4f17a8ca,"{""d"":3,""p"":0.001,""r"":3}","{""obs_mistake_mask=E"":68}"
      2048,         0,         0,   0.080,correlated_pymatching,b9ea537001f4564e94f495911335fcbbcd36a480e30594a58e8a822a0a45b86e,"{""d"":5,""p"":0.0001,""r"":5}",
        16,         0,         0,   0.095,correlated_pymatching,e4f159b6793677bb35f01feb57a96b325f1fd1677dd307a327839217f990921c,"{""d"":7,""p"":0.0001,""r"":7}",
      6144,        64,         0,   0.080,correlated_pymatching,9991cf9cf3c46b94766aad36376675d308bcd61669828a1c9567449c4f17a8ca,"{""d"":3,""p"":0.001,""r"":3}","{""obs_mistake_mask=E"":64}"
        16,         0,         0,   0.096,correlated_pymatching,f78701dabc92d935ad4f13d4b82879787b139ab0efba2a7ff15a1f63c045c687,"{""d"":7,""p"":0.00046415888336127773,""r"":7}",
      1024,         6,         0,   0.011,correlated_pymatching,9991cf9cf3c46b94766aad36376675d308bcd61669828a1c9567449c4f17a8ca,"{""d"":3,""p"":0.001,""r"":3}","{""obs_mistake_mask=E"":6}"
      1024,         0,         0,   0.041,correlated_pymatching,b9ea537001f4564e94f495911335fcbbcd36a480e30594a58e8a822a0a45b86e,"{""d"":5,""p"":0.0001,""r"":5}",
      2048,         0,         0,   0.084,correlated_pymatching,fa4abf060bb8957bc373669c411dc29ef38c556623431d0b2ba3296802fc7aed,"{""d"":5,""p"":0.00021544346900318845,""r"":5}",
     12288,         4,         0,   0.107,correlated_pymatching,308d207cf6c2ce0c26be378e3664ab1b4ee70ac2068981b5e5bc03112260010e,"{""d"":3,""p"":0.0001,""r"":3}","{""obs_mistake_mask=E"":4}"
      9216,         3,         0,   0.080,correlated_pymatching,308d207cf6c2ce0c26be378e3664ab1b4ee70ac2068981b5e5bc03112260010e,"{""d"":3,""p"":0.0001,""r"":3}","{""obs_mistake_mask=E"":3}"
      1024,         0,         0,   0.043,correlated_pymatching,fa4abf060bb8957bc373669c411dc29ef38c556623431d0b2ba3296802fc7aed,"{""d"":5,""p"":0.00021544346900318845,""r"":5}",
     11264,        40,         0,   0.109,correlated_pymatching,d990ab1f972eeeb57e705bacf1502ee724aa2b24616fad8a1f95bc42476085fd,"{""d"":3,""p"":0.00046415888336127773,""r"":3}","{""obs_mistake_mask=E"":40}"
        16,         4,         0,   0.103,correlated_pymatching,88c2954893496715d0ebc577dab1eb23e97e34c8f925974e00c44db7269da3a7,"{""d"":7,""p"":0.004641588833612777,""r"":7}","{""obs_mistake_mask=E"":4}"
        16,         0,         0,   0.098,correlated_pymatching,fc34ebb7e95f39002e0450c43b4010e8487a8bf69020c41441c163f361e16caa,"{""d"":7,""p"":0.00021544346900318845,""r"":7}",
      9216,         9,         0,   0.084,correlated_pymatching,ca9966e6591c09e98562ab53db0652b3ac4bd47f4cdeb630cec66669d3acf877,"{""d"":3,""p"":0.00021544346900318845,""r"":3}","{""obs_mistake_mask=E"":9}"
       512,       269,         0,   0.243,correlated_pymatching,9d652a9abc7d490159cf29bec221f1b0fa8b72d66d5b43cec2dc43a5a8163a4e,"{""d"":5,""p"":0.021544346900318822,""r"":5}","{""obs_mistake_mask=E"":269}"
      8192,        23,         0,   0.080,correlated_pymatching,d990ab1f972eeeb57e705bacf1502ee724aa2b24616fad8a1f95bc42476085fd,"{""d"":3,""p"":0.00046415888336127773,""r"":3}","{""obs_mistake_mask=E"":23}"
      2048,         1,         0,   0.091,correlated_pymatching,03702c5e8386abc5161cbc7d66f42d4640d85b09b3fd8da7f15989e262e7046a,"{""d"":5,""p"":0.00046415888336127773,""r"":5}","{""obs_mistake_mask=E"":1}"
        16,         0,         0,   0.097,correlated_pymatching,c0f36ac9493e507480de3d1005b3ff5353e22d8f53ac98af1cc86d39fd4c29db,"{""d"":7,""p"":0.001,""r"":7}",
      1024,         0,         0,   0.041,correlated_pymatching,b9ea537001f4564e94f495911335fcbbcd36a480e30594a58e8a822a0a45b86e,"{""d"":5,""p"":0.0001,""r"":5}",
        16,         5,         0,   0.112,correlated_pymatching,c3b873b72bce714af93027898b5da4d572257a60dc9052967e13ca4ae70c96c9,"{""d"":7,""p"":0.01,""r"":7}","{""obs_mistake_mask=E"":5}"
        16,         6,         0,   0.121,correlated_pymatching,375c1141bbe25c7e9fff5c4388088e3d0092e5dcb6a762c06c3cc694eeeb50d9,"{""d"":7,""p"":0.021544346900318822,""r"":7}","{""obs_mistake_mask=E"":6}"
        16,         0,         0,   0.099,correlated_pymatching,aabbcce40f5d1a4d44990925beb525d4df18b69b973a4a45c0f93d6170d0e39a,"{""d"":7,""p"":0.002154434690031882,""r"":7}",
      1024,         0,         0,   0.042,correlated_pymatching,fa4abf060bb8957bc373669c411dc29ef38c556623431d0b2ba3296802fc7aed,"{""d"":5,""p"":0.00021544346900318845,""r"":5}",
        16,         6,         0,   0.132,correlated_pymatching,829f7a6e79923b0e8bc810c2a557d9f77974feca4ad9ef60106f84132a11d1a4,"{""d"":7,""p"":0.1,""r"":7}","{""obs_mistake_mask=E"":6}"
        16,         7,         0,   0.133,correlated_pymatching,829f7a6e79923b0e8bc810c2a557d9f77974feca4ad9ef60106f84132a11d1a4,"{""d"":7,""p"":0.1,""r"":7}","{""obs_mistake_mask=E"":7}"
        16,         7,         0,   0.129,correlated_pymatching,1d80e554c909e83ec9f291e654c5433ed8cbe4d198311e84b13693d5c6bb565c,"{""d"":7,""p"":0.046415888336127774,""r"":7}","{""obs_mistake_mask=E"":7}"
        16,         9,         0,   0.128,correlated_pymatching,1d80e554c909e83ec9f291e654c5433ed8cbe4d198311e84b13693d5c6bb565c,"{""d"":7,""p"":0.046415888336127774,""r"":7}","{""obs_mistake_mask=E"":9}"
      2048,         5,         0,   0.107,correlated_pymatching,f5d4b6a4b0c56ea1b4ffa95a63a5e6bebf7381a1a9df57be4d969271ffdd7c56,"{""d"":5,""p"":0.001,""r"":5}","{""obs_mistake_mask=E"":5}"
        64,         0,         0,   0.095,correlated_pymatching,e4f159b6793677bb35f01feb57a96b325f1fd1677dd307a327839217f990921c,"{""d"":7,""p"":0.0001,""r"":7}",
        64,         0,         0,   0.096,correlated_pymatching,f78701dabc92d935ad4f13d4b82879787b139ab0efba2a7ff15a1f63c045c687,"{""d"":7,""p"":0.00046415888336127773,""r"":7}",
      1024,       172,         0,   0.130,correlated_pymatching,f53c3c654dd6752c09a0c6232eef828f6ca73195b5e9075b2503ea631bab1cf0,"{""d"":5,""p"":0.004641588833612777,""r"":5}","{""obs_mistake_mask=E"":172}"
       512,       262,         0,   0.318,correlated_pymatching,ee510bf8c7e26c52dfd838e7bcd11d256c13f45e269c31d040d609482495a9e3,"{""d"":5,""p"":0.046415888336127774,""r"":5}","{""obs_mistake_mask=E"":262}"
      3072,         0,         0,   0.120,correlated_pymatching,b9ea537001f4564e94f495911335fcbbcd36a480e30594a58e8a822a0a45b86e,"{""d"":5,""p"":0.0001,""r"":5}",
     12288,         6,         0,   0.107,correlated_pymatching,308d207cf6c2ce0c26be378e3664ab1b4ee70ac2068981b5e5bc03112260010e,"{""d"":3,""p"":0.0001,""r"":3}","{""obs_mistake_mask=E"":6}"
        64,         0,         0,   0.096,correlated_pymatching,fc34ebb7e95f39002e0450c43b4010e8487a8bf69020c41441c163f361e16caa,"{""d"":7,""p"":0.00021544346900318845,""r"":7}",
         1,         0,         0,   0.038,correlated_pymatching,f5d4b6a4b0c56ea1b4ffa95a63a5e6bebf7381a1a9df57be4d969271ffdd7c56,"{""d"":5,""p"":0.001,""r"":5}",
      2048,         0,         0,   0.081,correlated_pymatching,b9ea537001f4564e94f495911335fcbbcd36a480e30594a58e8a822a0a45b86e,"{""d"":5,""p"":0.0001,""r"":5}",
         1,         0,         0,   0.041,correlated_pymatching,03702c5e8386abc5161cbc7d66f42d4640d85b09b3fd8da7f15989e262e7046a,"{""d"":5,""p"":0.00046415888336127773,""r"":5}",
      2048,        29,         0,   0.150,correlated_pymatching,c69716e73572ec1758bc0819f05fe16254056228d94ad11998c55d46a19d8b85,"{""d"":5,""p"":0.002154434690031882,""r"":5}","{""obs_mistake_mask=E"":29}"
      3072,         0,         0,   0.126,correlated_pymatching,fa4abf060bb8957bc373669c411dc29ef38c556623431d0b2ba3296802fc7aed,"{""d"":5,""p"":0.00021544346900318845,""r"":5}",
     12288,        16,         0,   0.112,correlated_pymatching,ca9966e6591c09e98562ab53db0652b3ac4bd47f4cdeb630cec66669d3acf877,"{""d"":3,""p"":0.00021544346900318845,""r"":3}","{""obs_mistake_mask=E"":16}"
        64,        14,         0,   0.116,correlated_pymatching,88c2954893496715d0ebc577dab1eb23e97e34c8f925974e00c44db7269da3a7,"{""d"":7,""p"":0.004641588833612777,""r"":7}","{""obs_mistake_mask=E"":14}"
     16384,        16,         0,   0.148,correlated_pymatching,ca9966e6591c09e98562ab53db0652b3ac4bd47f4cdeb630cec66669d3acf877,"{""d"":3,""p"":0.00021544346900318845,""r"":3}","{""obs_mistake_mask=E"":16}"
      2048,         0,         0,   0.083,correlated_pymatching,fa4abf060bb8957bc373669c411dc29ef38c556623431d0b2ba3296802fc7aed,"{""d"":5,""p"":0.00021544346900318845,""r"":5}",
     11264,        39,         0,   0.110,correlated_pymatching,d990ab1f972eeeb57e705bacf1502ee724aa2b24616fad8a1f95bc42476085fd,"{""d"":3,""p"":0.00046415888336127773,""r"":3}","{""obs_mistake_mask=E"":39}"
        64,         0,         0,   0.098,correlated_pymatching,c0f36ac9493e507480de3d1005b3ff5353e22d8f53ac98af1cc86d39fd4c29db,"{""d"":7,""p"":0.001,""r"":7}",
        64,         1,         0,   0.104,correlated_pymatching,aabbcce40f5d1a4d44990925beb525d4df18b69b973a4a45c0f93d6170d0e39a,"{""d"":7,""p"":0.002154434690031882,""r"":7}","{""obs_mistake_mask=E"":1}"
         8,         0,         0,   0.036,correlated_pymatching,f5d4b6a4b0c56ea1b4ffa95a63a5e6bebf7381a1a9df57be4d969271ffdd7c56,"{""d"":5,""p"":0.001,""r"":5}",
     17408,         5,         0,   0.151,correlated_pymatching,308d207cf6c2ce0c26be378e3664ab1b4ee70ac2068981b5e5bc03112260010e,"{""d"":3,""p"":0.0001,""r"":3}","{""obs_mistake_mask=E"":5}"
     15360,        52,         0,   0.148,correlated_pymatching,d990ab1f972eeeb57e705bacf1502ee724aa2b24616fad8a1f95bc42476085fd,"{""d"":3,""p"":0.00046415888336127773,""r"":3}","{""obs_mistake_mask=E"":52}"
         8,         0,         0,   0.043,correlated_pymatching,03702c5e8386abc5161cbc7d66f42d4640d85b09b3fd8da7f15989e262e7046a,"{""d"":5,""p"":0.00046415888336127773,""r"":5}",
      1024,       493,         0,   0.258,correlated_pymatching,c3aacec0092cb92d37855aa0a4479e293bc5357b4d0a556a2decd51e74a238ab,"{""d"":5,""p"":0.01,""r"":5}","{""obs_mistake_mask=E"":493}"
      3072,         0,         0,   0.137,correlated_pymatching,03702c5e8386abc5161cbc7d66f42d4640d85b09b3fd8da7f15989e262e7046a,"{""d"":5,""p"":0.00046415888336127773,""r"":5}",
       256,         0,         0,   0.098,correlated_pymatching,e4f159b6793677bb35f01feb57a96b325f1fd1677dd307a327839217f990921c,"{""d"":7,""p"":0.0001,""r"":7}",
      2048,         5,         0,   0.107,correlated_pymatching,f5d4b6a4b0c56ea1b4ffa95a63a5e6bebf7381a1a9df57be4d969271ffdd7c56,"{""d"":5,""p"":0.001,""r"":5}","{""obs_mistake_mask=E"":5}"
        64,        31,         0,   0.149,correlated_pymatching,c3b873b72bce714af93027898b5da4d572257a60dc9052967e13ca4ae70c96c9,"{""d"":7,""p"":0.01,""r"":7}","{""obs_mistake_mask=E"":31}"
       128,         0,         0,   0.040,correlated_pymatching,f5d4b6a4b0c56ea1b4ffa95a63a5e6bebf7381a1a9df57be4d969271ffdd7c56,"{""d"":5,""p"":0.001,""r"":5}",
       256,         0,         0,   0.103,correlated_pymatching,f78701dabc92d935ad4f13d4b82879787b139ab0efba2a7ff15a1f63c045c687,"{""d"":7,""p"":0.00046415888336127773,""r"":7}",
      2048,         0,         0,   0.080,correlated_pymatching,b9ea537001f4564e94f495911335fcbbcd36a480e30594a58e8a822a0a45b86e,"{""d"":5,""p"":0.0001,""r"":5}",
        64,         0,         0,   0.041,correlated_pymatching,03702c5e8386abc5161cbc7d66f42d4640d85b09b3fd8da7f15989e262e7046a,"{""d"":5,""p"":0.00046415888336127773,""r"":5}",
       256,         0,         0,   0.098,correlated_pymatching,fc34ebb7e95f39002e0450c43b4010e8487a8bf69020c41441c163f361e16caa,"{""d"":7,""p"":0.00021544346900318845,""r"":7}",
      2048,         0,         0,   0.084,correlated_pymatching,fa4abf060bb8957bc373669c411dc29ef38c556623431d0b2ba3296802fc7aed,"{""d"":5,""p"":0.00021544346900318845,""r"":5}",
         1,         0,         0,   0.036,correlated_pymatching,c69716e73572ec1758bc0819f05fe16254056228d94ad11998c55d46a19d8b85,"{""d"":5,""p"":0.002154434690031882,""r"":5}",
        64,        36,         0,   0.190,correlated_pymatching,375c1141bbe25c7e9fff5c4388088e3d0092e5dcb6a762c06c3cc694eeeb50d9,"{""d"":7,""p"":0.021544346900318822,""r"":7}","{""obs_mistake_mask=E"":36}"
       256,         0,         0,   0.107,correlated_pymatching,c0f36ac9493e507480de3d1005b3ff5353e22d8f53ac98af1cc86d39fd4c29db,"{""d"":7,""p"":0.001,""r"":7}",
      1024,         5,         0,   0.054,correlated_pymatching,f5d4b6a4b0c56ea1b4ffa95a63a5e6bebf7381a1a9df57be4d969271ffdd7c56,"{""d"":5,""p"":0.001,""r"":5}","{""obs_mistake_mask=E"":5}"
       512,         0,         0,   0.045,correlated_pymatching,03702c5e8386abc5161cbc7d66f42d4640d85b09b3fd8da7f15989e262e7046a,"{""d"":5,""p"":0.00046415888336127773,""r"":5}",
        16,         0,         0,   0.037,correlated_pymatching,c69716e73572ec1758bc0819f05fe16254056228d94ad11998c55d46a19d8b85,"{""d"":5,""p"":0.002154434690031882,""r"":5}",
     17408,         5,         0,   0.152,correlated_pymatching,308d207cf6c2ce0c26be378e3664ab1b4ee70ac2068981b5e5bc03112260010e,"{""d"":3,""p"":0.0001,""r"":3}","{""obs_mistake_mask=E"":5}"
      4096,         0,         0,   0.160,correlated_pymatching,b9ea537001f4564e94f495911335fcbbcd36a480e30594a58e8a822a0a45b86e,"{""d"":5,""p"":0.0001,""r"":5}",
       256,         1,         0,   0.124,correlated_pymatching,aabbcce40f5d1a4d44990925beb525d4df18b69b973a4a45c0f93d6170d0e39a,"{""d"":7,""p"":0.002154434690031882,""r"":7}","{""obs_mistake_mask=E"":1}"
      2048,        32,         0,   0.147,correlated_pymatching,c69716e73572ec1758bc0819f05fe16254056228d94ad11998c55d46a19d8b85,"{""d"":5,""p"":0.002154434690031882,""r"":5}","{""obs_mistake_mask=E"":32}"
     16384,        13,         0,   0.149,correlated_pymatching,ca9966e6591c09e98562ab53db0652b3ac4bd47f4cdeb630cec66669d3acf877,"{""d"":3,""p"":0.00021544346900318845,""r"":3}","{""obs_mistake_mask=E"":13}"
     15360,        40,         0,   0.150,correlated_pymatching,d990ab1f972eeeb57e705bacf1502ee724aa2b24616fad8a1f95bc42476085fd,"{""d"":3,""p"":0.00046415888336127773,""r"":3}","{""obs_mistake_mask=E"":40}"
        64,        30,         0,   0.218,correlated_pymatching,1d80e554c909e83ec9f291e654c5433ed8cbe4d198311e84b13693d5c6bb565c,"{""d"":7,""p"":0.046415888336127774,""r"":7}","{""obs_mistake_mask=E"":30}"
      1024,         0,         0,   0.107,correlated_pymatching,e4f159b6793677bb35f01feb57a96b325f1fd1677dd307a327839217f990921c,"{""d"":7,""p"":0.0001,""r"":7}",
        64,        31,         0,   0.222,correlated_pymatching,1d80e554c909e83ec9f291e654c5433ed8cbe4d198311e84b13693d5c6bb565c,"{""d"":7,""p"":0.046415888336127774,""r"":7}","{""obs_mistake_mask=E"":31}"
      4096,         0,         0,   0.167,correlated_pymatching,fa4abf060bb8957bc373669c411dc29ef38c556623431d0b2ba3296802fc7aed,"{""d"":5,""p"":0.00021544346900318845,""r"":5}",
      1024,         2,         0,   0.055,correlated_pymatching,f5d4b6a4b0c56ea1b4ffa95a63a5e6bebf7381a1a9df57be4d969271ffdd7c56,"{""d"":5,""p"":0.001,""r"":5}","{""obs_mistake_mask=E"":2}"
        64,        32,         0,   0.238,correlated_pymatching,829f7a6e79923b0e8bc810c2a557d9f77974feca4ad9ef60106f84132a11d1a4,"{""d"":7,""p"":0.1,""r"":7}","{""obs_mistake_mask=E"":32}"
        64,        37,         0,   0.238,correlated_pymatching,829f7a6e79923b0e8bc810c2a557d9f77974feca4ad9ef60106f84132a11d1a4,"{""d"":7,""p"":0.1,""r"":7}","{""obs_mistake_mask=E"":37}"
      1024,         1,         0,   0.052,correlated_pymatching,03702c5e8386abc5161cbc7d66f42d4640d85b09b3fd8da7f15989e262e7046a,"{""d"":5,""p"":0.00046415888336127773,""r"":5}","{""obs_mistake_mask=E"":1}"
       256,        33,         0,   0.174,correlated_pymatching,88c2954893496715d0ebc577dab1eb23e97e34c8f925974e00c44db7269da3a7,"{""d"":7,""p"":0.004641588833612777,""r"":7}","{""obs_mistake_mask=E"":33}"
       256,         4,         0,   0.047,correlated_pymatching,c69716e73572ec1758bc0819f05fe16254056228d94ad11998c55d46a19d8b85,"{""d"":5,""p"":0.002154434690031882,""r"":5}","{""obs_mistake_mask=E"":4}"
      1024,         0,         0,   0.123,correlated_pymatching,f78701dabc92d935ad4f13d4b82879787b139ab0efba2a7ff15a1f63c045c687,"{""d"":7,""p"":0.00046415888336127773,""r"":7}",
      1024,         0,         0,   0.112,correlated_pymatching,fc34ebb7e95f39002e0450c43b4010e8487a8bf69020c41441c163f361e16caa,"{""d"":7,""p"":0.00021544346900318845,""r"":7}",
      3072,         0,         0,   0.120,correlated_pymatching,b9ea537001f4564e94f495911335fcbbcd36a480e30594a58e8a822a0a45b86e,"{""d"":5,""p"":0.0001,""r"":5}",
       512,       269,         0,   0.350,correlated_pymatching,b69f1af2a46db8ef96b25c5d611c5483b3cd4a3e9b4aff6ab787561dbc011b45,"{""d"":5,""p"":0.1,""r"":5}","{""obs_mistake_mask=E"":269}"
     22528,        19,         0,   0.205,correlated_pymatching,ca9966e6591c09e98562ab53db0652b3ac4bd47f4cdeb630cec66669d3acf877,"{""d"":3,""p"":0.00021544346900318845,""r"":3}","{""obs_mistake_mask=E"":19}"
      3072,         0,         0,   0.125,correlated_pymatching,fa4abf060bb8957bc373669c411dc29ef38c556623431d0b2ba3296802fc7aed,"{""d"":5,""p"":0.00021544346900318845,""r"":5}",
      3072,         6,         0,   0.161,correlated_pymatching,f5d4b6a4b0c56ea1b4ffa95a63a5e6bebf7381a1a9df57be4d969271ffdd7c56,"{""d"":5,""p"":0.001,""r"":5}","{""obs_mistake_mask=E"":6}"
      4096,         1,         0,   0.182,correlated_pymatching,03702c5e8386abc5161cbc7d66f42d4640d85b09b3fd8da7f15989e262e7046a,"{""d"":5,""p"":0.00046415888336127773,""r"":5}","{""obs_mistake_mask=E"":1}"
      1024,         2,         0,   0.054,correlated_pymatching,f5d4b6a4b0c56ea1b4ffa95a63a5e6bebf7381a1a9df57be4d969271ffdd7c56,"{""d"":5,""p"":0.001,""r"":5}","{""obs_mistake_mask=E"":2}"
     23552,        10,         0,   0.205,correlated_pymatching,308d207cf6c2ce0c26be378e3664ab1b4ee70ac2068981b5e5bc03112260010e,"{""d"":3,""p"":0.0001,""r"":3}","{""obs_mistake_mask=E"":10}"
     21504,        82,         0,   0.208,correlated_pymatching,d990ab1f972eeeb57e705bacf1502ee724aa2b24616fad8a1f95bc42476085fd,"{""d"":3,""p"":0.00046415888336127773,""r"":3}","{""obs_mistake_mask=E"":82}"
      1024,        33,         0,   0.075,correlated_pymatching,c69716e73572ec1758bc0819f05fe16254056228d94ad11998c55d46a19d8b85,"{""d"":5,""p"":0.002154434690031882,""r"":5}","{""obs_mistake_mask=E"":33}"
      1024,         0,         0,   0.146,correlated_pymatching,c0f36ac9493e507480de3d1005b3ff5353e22d8f53ac98af1cc86d39fd4c29db,"{""d"":7,""p"":0.001,""r"":7}",
      1024,         0,         0,   0.107,correlated_pymatching,e4f159b6793677bb35f01feb57a96b325f1fd1677dd307a327839217f990921c,"{""d"":7,""p"":0.0001,""r"":7}",
      2048,         0,         0,   0.100,correlated_pymatching,03702c5e8386abc5161cbc7d66f42d4640d85b09b3fd8da7f15989e262e7046a,"{""d"":5,""p"":0.00046415888336127773,""r"":5}",
       512,       243,         0,   0.314,correlated_pymatching,ee510bf8c7e26c52dfd838e7bcd11d256c13f45e269c31d040d609482495a9e3,"{""d"":5,""p"":0.046415888336127774,""r"":5}","{""obs_mistake_mask=E"":243}"
      2048,        42,         0,   0.148,correlated_pymatching,c69716e73572ec1758bc0819f05fe16254056228d94ad11998c55d46a19d8b85,"{""d"":5,""p"":0.002154434690031882,""r"":5}","{""obs_mistake_mask=E"":42}"
      1024,         0,         0,   0.112,correlated_pymatching,fc34ebb7e95f39002e0450c43b4010e8487a8bf69020c41441c163f361e16caa,"{""d"":7,""p"":0.00021544346900318845,""r"":7}",
      1024,         0,         0,   0.133,correlated_pymatching,f78701dabc92d935ad4f13d4b82879787b139ab0efba2a7ff15a1f63c045c687,"{""d"":7,""p"":0.00046415888336127773,""r"":7}",
      1024,        26,         0,   0.075,correlated_pymatching,c69716e73572ec1758bc0819f05fe16254056228d94ad11998c55d46a19d8b85,"{""d"":5,""p"":0.002154434690031882,""r"":5}","{""obs_mistake_mask=E"":26}"
      1024,       536,         0,   0.439,correlated_pymatching,9d652a9abc7d490159cf29bec221f1b0fa8b72d66d5b43cec2dc43a5a8163a4e,"{""d"":5,""p"":0.021544346900318822,""r"":5}","{""obs_mistake_mask=E"":536}"
      2048,         5,         0,   0.108,correlated_pymatching,f5d4b6a4b0c56ea1b4ffa95a63a5e6bebf7381a1a9df57be4d969271ffdd7c56,"{""d"":5,""p"":0.001,""r"":5}","{""obs_mistake_mask=E"":5}"
     23552,         6,         0,   0.207,correlated_pymatching,308d207cf6c2ce0c26be378e3664ab1b4ee70ac2068981b5e5bc03112260010e,"{""d"":3,""p"":0.0001,""r"":3}","{""obs_mistake_mask=E"":6}"
      4096,         0,         0,   0.160,correlated_pymatching,b9ea537001f4564e94f495911335fcbbcd36a480e30594a58e8a822a0a45b86e,"{""d"":5,""p"":0.0001,""r"":5}",
     22528,        19,         0,   0.205,correlated_pymatching,ca9966e6591c09e98562ab53db0652b3ac4bd47f4cdeb630cec66669d3acf877,"{""d"":3,""p"":0.00021544346900318845,""r"":3}","{""obs_mistake_mask=E"":19}"
      1024,         6,         0,   0.221,correlated_pymatching,aabbcce40f5d1a4d44990925beb525d4df18b69b973a4a45c0f93d6170d0e39a,"{""d"":7,""p"":0.002154434690031882,""r"":7}","{""obs_mistake_mask=E"":6}"
     21504,        73,         0,   0.212,correlated_pymatching,d990ab1f972eeeb57e705bacf1502ee724aa2b24616fad8a1f95bc42476085fd,"{""d"":3,""p"":0.00046415888336127773,""r"":3}","{""obs_mistake_mask=E"":73}"
       256,       126,         0,   0.311,correlated_pymatching,c3b873b72bce714af93027898b5da4d572257a60dc9052967e13ca4ae70c96c9,"{""d"":7,""p"":0.01,""r"":7}","{""obs_mistake_mask=E"":126}"
      2048,         1,         0,   0.098,correlated_pymatching,03702c5e8386abc5161cbc7d66f42d4640d85b09b3fd8da7f15989e262e7046a,"{""d"":5,""p"":0.00046415888336127773,""r"":5}","{""obs_mistake_mask=E"":1}"
      5120,         0,         0,   0.209,correlated_pymatching,fa4abf060bb8957bc373669c411dc29ef38c556623431d0b2ba3296802fc7aed,"{""d"":5,""p"":0.00021544346900318845,""r"":5}",
      6144,         1,         0,   0.241,correlated_pymatching,b9ea537001f4564e94f495911335fcbbcd36a480e30594a58e8a822a0a45b86e,"{""d"":5,""p"":0.0001,""r"":5}","{""obs_mistake_mask=E"":1}"
     14336,        51,         0,   0.138,correlated_pymatching,d990ab1f972eeeb57e705bacf1502ee724aa2b24616fad8a1f95bc42476085fd,"{""d"":3,""p"":0.00046415888336127773,""r"":3}","{""obs_mistake_mask=E"":51}"
      1024,         3,         0,   0.010,correlated_pymatching,d990ab1f972eeeb57e705bacf1502ee724aa2b24616fad8a1f95bc42476085fd,"{""d"":3,""p"":0.00046415888336127773,""r"":3}","{""obs_mistake_mask=E"":3}"
      1024,         0,         0,   0.115,correlated_pymatching,e4f159b6793677bb35f01feb57a96b325f1fd1677dd307a327839217f990921c,"{""d"":7,""p"":0.0001,""r"":7}",
      4096,         0,         0,   0.168,correlated_pymatching,fa4abf060bb8957bc373669c411dc29ef38c556623431d0b2ba3296802fc7aed,"{""d"":5,""p"":0.00021544346900318845,""r"":5}",
       128,        62,         0,   0.288,correlated_pymatching,375c1141bbe25c7e9fff5c4388088e3d0092e5dcb6a762c06c3cc694eeeb50d9,"{""d"":7,""p"":0.021544346900318822,""r"":7}","{""obs_mistake_mask=E"":62}"
      1024,        23,         0,   0.076,correlated_pymatching,c69716e73572ec1758bc0819f05fe16254056228d94ad11998c55d46a19d8b85,"{""d"":5,""p"":0.002154434690031882,""r"":5}","{""obs_mistake_mask=E"":23}"
      1024,         0,         0,   0.156,correlated_pymatching,c0f36ac9493e507480de3d1005b3ff5353e22d8f53ac98af1cc86d39fd4c29db,"{""d"":7,""p"":0.001,""r"":7}",
      1024,         0,         0,   0.118,correlated_pymatching,fc34ebb7e95f39002e0450c43b4010e8487a8bf69020c41441c163f361e16caa,"{""d"":7,""p"":0.00021544346900318845,""r"":7}",
      4096,         9,         0,   0.217,correlated_pymatching,f5d4b6a4b0c56ea1b4ffa95a63a5e6bebf7381a1a9df57be4d969271ffdd7c56,"{""d"":5,""p"":0.001,""r"":5}","{""obs_mistake_mask=E"":9}"
       512,        86,         0,   0.265,correlated_pymatching,88c2954893496715d0ebc577dab1eb23e97e34c8f925974e00c44db7269da3a7,"{""d"":7,""p"":0.004641588833612777,""r"":7}","{""obs_mistake_mask=E"":86}"
      1024,         0,         0,   0.122,correlated_pymatching,f78701dabc92d935ad4f13d4b82879787b139ab0efba2a7ff15a1f63c045c687,"{""d"":7,""p"":0.00046415888336127773,""r"":7}",
      2048,         6,         0,   0.109,correlated_pymatching,f5d4b6a4b0c56ea1b4ffa95a63a5e6bebf7381a1a9df57be4d969271ffdd7c56,"{""d"":5,""p"":0.001,""r"":5}","{""obs_mistake_mask=E"":6}"
      5120,         1,         0,   0.230,correlated_pymatching,03702c5e8386abc5161cbc7d66f42d4640d85b09b3fd8da7f15989e262e7046a,"{""d"":5,""p"":0.00046415888336127773,""r"":5}","{""obs_mistake_mask=E"":1}"
     31744,        36,         0,   0.289,correlated_pymatching,ca9966e6591c09e98562ab53db0652b3ac4bd47f4cdeb630cec66669d3acf877,"{""d"":3,""p"":0.00021544346900318845,""r"":3}","{""obs_mistake_mask=E"":36}"
       128,        75,         0,   0.348,correlated_pymatching,1d80e554c909e83ec9f291e654c5433ed8cbe4d198311e84b13693d5c6bb565c,"{""d"":7,""p"":0.046415888336127774,""r"":7}","{""obs_mistake_mask=E"":75}"
      3072,        57,         0,   0.224,correlated_pymatching,c69716e73572ec1758bc0819f05fe16254056228d94ad11998c55d46a19d8b85,"{""d"":5,""p"":0.002154434690031882,""r"":5}","{""obs_mistake_mask=E"":57}"
       128,        69,         0,   0.354,correlated_pymatching,1d80e554c909e83ec9f291e654c5433ed8cbe4d198311e84b13693d5c6bb565c,"{""d"":7,""p"":0.046415888336127774,""r"":7}","{""obs_mistake_mask=E"":69}"
      3072,         0,         0,   0.146,correlated_pymatching,03702c5e8386abc5161cbc7d66f42d4640d85b09b3fd8da7f15989e262e7046a,"{""d"":5,""p"":0.00046415888336127773,""r"":5}",
     32768,         8,         0,   0.288,correlated_pymatching,308d207cf6c2ce0c26be378e3664ab1b4ee70ac2068981b5e5bc03112260010e,"{""d"":3,""p"":0.0001,""r"":3}","{""obs_mistake_mask=E"":8}"
         1,         0,         0,   0.099,correlated_pymatching,e4f159b6793677bb35f01feb57a96b325f1fd1677dd307a327839217f990921c,"{""d"":7,""p"":0.0001,""r"":7}",
      2048,        42,         0,   0.149,correlated_pymatching,c69716e73572ec1758bc0819f05fe16254056228d94ad11998c55d46a19d8b85,"{""d"":5,""p"":0.002154434690031882,""r"":5}","{""obs_mistake_mask=E"":42}"
       128,        76,         0,   0.379,correlated_pymatching,829f7a6e79923b0e8bc810c2a557d9f77974feca4ad9ef60106f84132a11d1a4,"{""d"":7,""p"":0.1,""r"":7}","{""obs_mistake_mask=E"":76}"
       128,        70,         0,   0.381,correlated_pymatching,829f7a6e79923b0e8bc810c2a557d9f77974feca4ad9ef60106f84132a11d1a4,"{""d"":7,""p"":0.1,""r"":7}","{""obs_mistake_mask=E"":70}"
         1,         0,         0,   0.101,correlated_pymatching,fc34ebb7e95f39002e0450c43b4010e8487a8bf69020c41441c163f361e16caa,"{""d"":7,""p"":0.00021544346900318845,""r"":7}",
      1024,         0,         0,   0.148,correlated_pymatching,c0f36ac9493e507480de3d1005b3ff5353e22d8f53ac98af1cc86d39fd4c29db,"{""d"":7,""p"":0.001,""r"":7}",
         1,         0,         0,   0.099,correlated_pymatching,f78701dabc92d935ad4f13d4b82879787b139ab0efba2a7ff15a1f63c045c687,"{""d"":7,""p"":0.00046415888336127773,""r"":7}",
      1024,        11,         0,   0.217,correlated_pymatching,aabbcce40f5d1a4d44990925beb525d4df18b69b973a4a45c0f93d6170d0e39a,"{""d"":7,""p"":0.002154434690031882,""r"":7}","{""obs_mistake_mask=E"":11}"
         1,         0,         0,   0.100,correlated_pymatching,c0f36ac9493e507480de3d1005b3ff5353e22d8f53ac98af1cc86d39fd4c29db,"{""d"":7,""p"":0.001,""r"":7}",
      2048,         0,         0,   0.212,correlated_pymatching,e4f159b6793677bb35f01feb57a96b325f1fd1677dd307a327839217f990921c,"{""d"":7,""p"":0.0001,""r"":7}",
      5120,         0,         0,   0.211,correlated_pymatching,fa4abf060bb8957bc373669c411dc29ef38c556623431d0b2ba3296802fc7aed,"{""d"":5,""p"":0.00021544346900318845,""r"":5}",
      6144,         0,         0,   0.242,correlated_pymatching,b9ea537001f4564e94f495911335fcbbcd36a480e30594a58e8a822a0a45b86e,"{""d"":5,""p"":0.0001,""r"":5}",
      3072,        10,         0,   0.163,correlated_pymatching,f5d4b6a4b0c56ea1b4ffa95a63a5e6bebf7381a1a9df57be4d969271ffdd7c56,"{""d"":5,""p"":0.001,""r"":5}","{""obs_mistake_mask=E"":10}"
         1,         0,         0,   0.100,correlated_pymatching,88c2954893496715d0ebc577dab1eb23e97e34c8f925974e00c44db7269da3a7,"{""d"":7,""p"":0.004641588833612777,""r"":7}",
     32768,        11,         0,   0.289,correlated_pymatching,308d207cf6c2ce0c26be378e3664ab1b4ee70ac2068981b5e5bc03112260010e,"{""d"":3,""p"":0.0001,""r"":3}","{""obs_mistake_mask=E"":11}"
         4,         0,         0,   0.097,correlated_pymatching,e4f159b6793677bb35f01feb57a96b325f1fd1677dd307a327839217f990921c,"{""d"":7,""p"":0.0001,""r"":7}",
      2048,         0,         0,   0.223,correlated_pymatching,fc34ebb7e95f39002e0450c43b4010e8487a8bf69020c41441c163f361e16caa,"{""d"":7,""p"":0.00021544346900318845,""r"":7}",
     30720,        27,         0,   0.286,correlated_pymatching,ca9966e6591c09e98562ab53db0652b3ac4bd47f4cdeb630cec66669d3acf877,"{""d"":3,""p"":0.00021544346900318845,""r"":3}","{""obs_mistake_mask=E"":27}"
         4,         0,         0,   0.098,correlated_pymatching,fc34ebb7e95f39002e0450c43b4010e8487a8bf69020c41441c163f361e16caa,"{""d"":7,""p"":0.00021544346900318845,""r"":7}",
      7168,         0,         0,   0.295,correlated_pymatching,fa4abf060bb8957bc373669c411dc29ef38c556623431d0b2ba3296802fc7aed,"{""d"":5,""p"":0.00021544346900318845,""r"":5}",
       256,       118,         0,   0.306,correlated_pymatching,c3b873b72bce714af93027898b5da4d572257a60dc9052967e13ca4ae70c96c9,"{""d"":7,""p"":0.01,""r"":7}","{""obs_mistake_mask=E"":118}"
         4,         0,         0,   0.098,correlated_pymatching,f78701dabc92d935ad4f13d4b82879787b139ab0efba2a7ff15a1f63c045c687,"{""d"":7,""p"":0.00046415888336127773,""r"":7}",
         4,         0,         0,   0.098,correlated_pymatching,c0f36ac9493e507480de3d1005b3ff5353e22d8f53ac98af1cc86d39fd4c29db,"{""d"":7,""p"":0.001,""r"":7}",
      2048,         0,         0,   0.247,correlated_pymatching,f78701dabc92d935ad4f13d4b82879787b139ab0efba2a7ff15a1f63c045c687,"{""d"":7,""p"":0.00046415888336127773,""r"":7}",
         1,         0,         0,   0.108,correlated_pymatching,aabbcce40f5d1a4d44990925beb525d4df18b69b973a4a45c0f93d6170d0e39a,"{""d"":7,""p"":0.002154434690031882,""r"":7}",
      2048,        45,         0,   0.152,correlated_pymatching,c69716e73572ec1758bc0819f05fe16254056228d94ad11998c55d46a19d8b85,"{""d"":5,""p"":0.002154434690031882,""r"":5}","{""obs_mistake_mask=E"":45}"
      8192,         0,         0,   0.324,correlated_pymatching,b9ea537001f4564e94f495911335fcbbcd36a480e30594a58e8a822a0a45b86e,"{""d"":5,""p"":0.0001,""r"":5}",
      4096,         1,         0,   0.193,correlated_pymatching,03702c5e8386abc5161cbc7d66f42d4640d85b09b3fd8da7f15989e262e7046a,"{""d"":5,""p"":0.00046415888336127773,""r"":5}","{""obs_mistake_mask=E"":1}"
      1024,         1,         0,   0.151,correlated_pymatching,c0f36ac9493e507480de3d1005b3ff5353e22d8f53ac98af1cc86d39fd4c29db,"{""d"":7,""p"":0.001,""r"":7}","{""obs_mistake_mask=E"":1}"
         4,         0,         0,   0.104,correlated_pymatching,88c2954893496715d0ebc577dab1eb23e97e34c8f925974e00c44db7269da3a7,"{""d"":7,""p"":0.004641588833612777,""r"":7}",
        16,         0,         0,   0.099,correlated_pymatching,e4f159b6793677bb35f01feb57a96b325f1fd1677dd307a327839217f990921c,"{""d"":7,""p"":0.0001,""r"":7}",
        16,         0,         0,   0.099,correlated_pymatching,fc34ebb7e95f39002e0450c43b4010e8487a8bf69020c41441c163f361e16caa,"{""d"":7,""p"":0.00021544346900318845,""r"":7}",
      6144,        17,         0,   0.323,correlated_pymatching,f5d4b6a4b0c56ea1b4ffa95a63a5e6bebf7381a1a9df57be4d969271ffdd7c56,"{""d"":5,""p"":0.001,""r"":5}","{""obs_mistake_mask=E"":17}"
        16,         0,         0,   0.098,correlated_pymatching,f78701dabc92d935ad4f13d4b82879787b139ab0efba2a7ff15a1f63c045c687,"{""d"":7,""p"":0.00046415888336127773,""r"":7}",
      7168,         0,         0,   0.323,correlated_pymatching,03702c5e8386abc5161cbc7d66f42d4640d85b09b3fd8da7f15989e262e7046a,"{""d"":5,""p"":0.00046415888336127773,""r"":5}",
        16,         0,         0,   0.099,correlated_pymatching,c0f36ac9493e507480de3d1005b3ff5353e22d8f53ac98af1cc86d39fd4c29db,"{""d"":7,""p"":0.001,""r"":7}",
      1024,         5,         0,   0.218,correlated_pymatching,aabbcce40f5d1a4d44990925beb525d4df18b69b973a4a45c0f93d6170d0e39a,"{""d"":7,""p"":0.002154434690031882,""r"":7}","{""obs_mistake_mask=E"":5}"
         4,         0,         0,   0.100,correlated_pymatching,aabbcce40f5d1a4d44990925beb525d4df18b69b973a4a45c0f93d6170d0e39a,"{""d"":7,""p"":0.002154434690031882,""r"":7}",
      2048,         0,         0,   0.214,correlated_pymatching,e4f159b6793677bb35f01feb57a96b325f1fd1677dd307a327839217f990921c,"{""d"":7,""p"":0.0001,""r"":7}",
      4096,        90,         0,   0.301,correlated_pymatching,c69716e73572ec1758bc0819f05fe16254056228d94ad11998c55d46a19d8b85,"{""d"":5,""p"":0.002154434690031882,""r"":5}","{""obs_mistake_mask=E"":90}"
      4096,         5,         0,   0.216,correlated_pymatching,f5d4b6a4b0c56ea1b4ffa95a63a5e6bebf7381a1a9df57be4d969271ffdd7c56,"{""d"":5,""p"":0.001,""r"":5}","{""obs_mistake_mask=E"":5}"
        64,         0,         0,   0.098,correlated_pymatching,e4f159b6793677bb35f01feb57a96b325f1fd1677dd307a327839217f990921c,"{""d"":7,""p"":0.0001,""r"":7}",
        16,         3,         0,   0.108,correlated_pymatching,88c2954893496715d0ebc577dab1eb23e97e34c8f925974e00c44db7269da3a7,"{""d"":7,""p"":0.004641588833612777,""r"":7}","{""obs_mistake_mask=E"":3}"
      1024,       133,         0,   0.409,correlated_pymatching,88c2954893496715d0ebc577dab1eb23e97e34c8f925974e00c44db7269da3a7,"{""d"":7,""p"":0.004641588833612777,""r"":7}","{""obs_mistake_mask=E"":133}"
       128,        60,         0,   0.344,correlated_pymatching,1d80e554c909e83ec9f291e654c5433ed8cbe4d198311e84b13693d5c6bb565c,"{""d"":7,""p"":0.046415888336127774,""r"":7}","{""obs_mistake_mask=E"":60}"
        64,         0,         0,   0.099,correlated_pymatching,fc34ebb7e95f39002e0450c43b4010e8487a8bf69020c41441c163f361e16caa,"{""d"":7,""p"":0.00021544346900318845,""r"":7}",
      2048,        40,         0,   0.152,correlated_pymatching,c69716e73572ec1758bc0819f05fe16254056228d94ad11998c55d46a19d8b85,"{""d"":5,""p"":0.002154434690031882,""r"":5}","{""obs_mistake_mask=E"":40}"
       256,       128,         0,   0.467,correlated_pymatching,375c1141bbe25c7e9fff5c4388088e3d0092e5dcb6a762c06c3cc694eeeb50d9,"{""d"":7,""p"":0.021544346900318822,""r"":7}","{""obs_mistake_mask=E"":128}"
       128,        67,         0,   0.346,correlated_pymatching,1d80e554c909e83ec9f291e654c5433ed8cbe4d198311e84b13693d5c6bb565c,"{""d"":7,""p"":0.046415888336127774,""r"":7}","{""obs_mistake_mask=E"":67}"
      2048,         0,         0,   0.221,correlated_pymatching,fc34ebb7e95f39002e0450c43b4010e8487a8bf69020c41441c163f361e16caa,"{""d"":7,""p"":0.00021544346900318845,""r"":7}",
        64,         0,         0,   0.100,correlated_pymatching,f78701dabc92d935ad4f13d4b82879787b139ab0efba2a7ff15a1f63c045c687,"{""d"":7,""p"":0.00046415888336127773,""r"":7}",
        64,         0,         0,   0.101,correlated_pymatching,c0f36ac9493e507480de3d1005b3ff5353e22d8f53ac98af1cc86d39fd4c29db,"{""d"":7,""p"":0.001,""r"":7}",
      1024,        20,         0,   0.076,correlated_pymatching,c69716e73572ec1758bc0819f05fe16254056228d94ad11998c55d46a19d8b85,"{""d"":5,""p"":0.002154434690031882,""r"":5}","{""obs_mistake_mask=E"":20}"
      7168,         0,         0,   0.298,correlated_pymatching,fa4abf060bb8957bc373669c411dc29ef38c556623431d0b2ba3296802fc7aed,"{""d"":5,""p"":0.00021544346900318845,""r"":5}",
        16,         1,         0,   0.100,correlated_pymatching,aabbcce40f5d1a4d44990925beb525d4df18b69b973a4a45c0f93d6170d0e39a,"{""d"":7,""p"":0.002154434690031882,""r"":7}","{""obs_mistake_mask=E"":1}"
     44032,        40,         0,   0.402,correlated_pymatching,ca9966e6591c09e98562ab53db0652b3ac4bd47f4cdeb630cec66669d3acf877,"{""d"":3,""p"":0.00021544346900318845,""r"":3}","{""obs_mistake_mask=E"":40}"
      8192,         0,         0,   0.324,correlated_pymatching,b9ea537001f4564e94f495911335fcbbcd36a480e30594a58e8a822a0a45b86e,"{""d"":5,""p"":0.0001,""r"":5}",
       128,        58,         0,   0.374,correlated_pymatching,829f7a6e79923b0e8bc810c2a557d9f77974feca4ad9ef60106f84132a11d1a4,"{""d"":7,""p"":0.1,""r"":7}","{""obs_mistake_mask=E"":58}"
       128,        62,         0,   0.376,correlated_pymatching,829f7a6e79923b0e8bc810c2a557d9f77974feca4ad9ef60106f84132a11d1a4,"{""d"":7,""p"":0.1,""r"":7}","{""obs_mistake_mask=E"":62}"
      2048,         0,         0,   0.244,correlated_pymatching,f78701dabc92d935ad4f13d4b82879787b139ab0efba2a7ff15a1f63c045c687,"{""d"":7,""p"":0.00046415888336127773,""r"":7}",
     46080,        12,         0,   0.406,correlated_pymatching,308d207cf6c2ce0c26be378e3664ab1b4ee70ac2068981b5e5bc03112260010e,"{""d"":3,""p"":0.0001,""r"":3}","{""obs_mistake_mask=E"":12}"
       256,         0,         0,   0.100,correlated_pymatching,e4f159b6793677bb35f01feb57a96b325f1fd1677dd307a327839217f990921c,"{""d"":7,""p"":0.0001,""r"":7}",
      5120,         1,         0,   0.231,correlated_pymatching,03702c5e8386abc5161cbc7d66f42d4640d85b09b3fd8da7f15989e262e7046a,"{""d"":5,""p"":0.00046415888336127773,""r"":5}","{""obs_mistake_mask=E"":1}"
       256,         0,         0,   0.102,correlated_pymatching,fc34ebb7e95f39002e0450c43b4010e8487a8bf69020c41441c163f361e16caa,"{""d"":7,""p"":0.00021544346900318845,""r"":7}",
        64,        16,         0,   0.127,correlated_pymatching,88c2954893496715d0ebc577dab1eb23e97e34c8f925974e00c44db7269da3a7,"{""d"":7,""p"":0.004641588833612777,""r"":7}","{""obs_mistake_mask=E"":16}"
       256,       120,         0,   0.301,correlated_pymatching,c3b873b72bce714af93027898b5da4d572257a60dc9052967e13ca4ae70c96c9,"{""d"":7,""p"":0.01,""r"":7}","{""obs_mistake_mask=E"":120}"
       256,         0,         0,   0.105,correlated_pymatching,f78701dabc92d935ad4f13d4b82879787b139ab0efba2a7ff15a1f63c045c687,"{""d"":7,""p"":0.00046415888336127773,""r"":7}",
       256,         0,         0,   0.111,correlated_pymatching,c0f36ac9493e507480de3d1005b3ff5353e22d8f53ac98af1cc86d39fd4c29db,"{""d"":7,""p"":0.001,""r"":7}",
        64,         0,         0,   0.105,correlated_pymatching,aabbcce40f5d1a4d44990925beb525d4df18b69b973a4a45c0f93d6170d0e39a,"{""d"":7,""p"":0.002154434690031882,""r"":7}",
      2048,         0,         0,   0.297,correlated_pymatching,c0f36ac9493e507480de3d1005b3ff5353e22d8f53ac98af1cc86d39fd4c29db,"{""d"":7,""p"":0.001,""r"":7}",
      1024,        10,         0,   0.218,correlated_pymatching,aabbcce40f5d1a4d44990925beb525d4df18b69b973a4a45c0f93d6170d0e39a,"{""d"":7,""p"":0.002154434690031882,""r"":7}","{""obs_mistake_mask=E"":10}"
        17,         0,         0,   0.017,correlated_pymatching,ca9966e6591c09e98562ab53db0652b3ac4bd47f4cdeb630cec66669d3acf877,"{""d"":3,""p"":0.00021544346900318845,""r"":3}",
     46080,        15,         0,   0.405,correlated_pymatching,308d207cf6c2ce0c26be378e3664ab1b4ee70ac2068981b5e5bc03112260010e,"{""d"":3,""p"":0.0001,""r"":3}","{""obs_mistake_mask=E"":15}"
      1024,         0,         0,   0.109,correlated_pymatching,e4f159b6793677bb35f01feb57a96b325f1fd1677dd307a327839217f990921c,"{""d"":7,""p"":0.0001,""r"":7}",
     44032,        42,         0,   0.402,correlated_pymatching,ca9966e6591c09e98562ab53db0652b3ac4bd47f4cdeb630cec66669d3acf877,"{""d"":3,""p"":0.00021544346900318845,""r"":3}","{""obs_mistake_mask=E"":42}"
      1280,         2,         0,   0.018,correlated_pymatching,ca9966e6591c09e98562ab53db0652b3ac4bd47f4cdeb630cec66669d3acf877,"{""d"":3,""p"":0.00021544346900318845,""r"":3}","{""obs_mistake_mask=E"":2}"
      1024,         0,         0,   0.115,correlated_pymatching,fc34ebb7e95f39002e0450c43b4010e8487a8bf69020c41441c163f361e16caa,"{""d"":7,""p"":0.00021544346900318845,""r"":7}",
        17,         0,         0,   0.016,correlated_pymatching,308d207cf6c2ce0c26be378e3664ab1b4ee70ac2068981b5e5bc03112260010e,"{""d"":3,""p"":0.0001,""r"":3}",
      3072,         2,         0,   0.028,correlated_pymatching,ca9966e6591c09e98562ab53db0652b3ac4bd47f4cdeb630cec66669d3acf877,"{""d"":3,""p"":0.00021544346900318845,""r"":3}","{""obs_mistake_mask=E"":2}"
     10240,         0,         0,   0.424,correlated_pymatching,fa4abf060bb8957bc373669c411dc29ef38c556623431d0b2ba3296802fc7aed,"{""d"":5,""p"":0.00021544346900318845,""r"":5}",
      1280,         0,         0,   0.017,correlated_pymatching,308d207cf6c2ce0c26be378e3664ab1b4ee70ac2068981b5e5bc03112260010e,"{""d"":3,""p"":0.0001,""r"":3}",
      1024,         0,         0,   0.126,correlated_pymatching,f78701dabc92d935ad4f13d4b82879787b139ab0efba2a7ff15a1f63c045c687,"{""d"":7,""p"":0.00046415888336127773,""r"":7}",
     10240,         0,         0,   0.405,correlated_pymatching,b9ea537001f4564e94f495911335fcbbcd36a480e30594a58e8a822a0a45b86e,"{""d"":5,""p"":0.0001,""r"":5}",
      3072,         2,         0,   0.028,correlated_pymatching,ca9966e6591c09e98562ab53db0652b3ac4bd47f4cdeb630cec66669d3acf877,"{""d"":3,""p"":0.00021544346900318845,""r"":3}","{""obs_mistake_mask=E"":2}"
      3072,         2,         0,   0.027,correlated_pymatching,308d207cf6c2ce0c26be378e3664ab1b4ee70ac2068981b5e5bc03112260010e,"{""d"":3,""p"":0.0001,""r"":3}","{""obs_mistake_mask=E"":2}"
      3072,         0,         0,   0.319,correlated_pymatching,e4f159b6793677bb35f01feb57a96b325f1fd1677dd307a327839217f990921c,"{""d"":7,""p"":0.0001,""r"":7}",
       256,         4,         0,   0.128,correlated_pymatching,aabbcce40f5d1a4d44990925beb525d4df18b69b973a4a45c0f93d6170d0e39a,"{""d"":7,""p"":0.002154434690031882,""r"":7}","{""obs_mistake_mask=E"":4}"
      6144,        17,         0,   0.324,correlated_pymatching,f5d4b6a4b0c56ea1b4ffa95a63a5e6bebf7381a1a9df57be4d969271ffdd7c56,"{""d"":5,""p"":0.001,""r"":5}","{""obs_mistake_mask=E"":17}"
      1024,         0,         0,   0.152,correlated_pymatching,c0f36ac9493e507480de3d1005b3ff5353e22d8f53ac98af1cc86d39fd4c29db,"{""d"":7,""p"":0.001,""r"":7}",
      3072,         2,         0,   0.027,correlated_pymatching,308d207cf6c2ce0c26be378e3664ab1b4ee70ac2068981b5e5bc03112260010e,"{""d"":3,""p"":0.0001,""r"":3}","{""obs_mistake_mask=E"":2}"
      1024,         0,         0,   0.108,correlated_pymatching,e4f159b6793677bb35f01feb57a96b325f1fd1677dd307a327839217f990921c,"{""d"":7,""p"":0.0001,""r"":7}",
       256,        32,         0,   0.188,correlated_pymatching,88c2954893496715d0ebc577dab1eb23e97e34c8f925974e00c44db7269da3a7,"{""d"":7,""p"":0.004641588833612777,""r"":7}","{""obs_mistake_mask=E"":32}"
      5120,         7,         0,   0.047,correlated_pymatching,ca9966e6591c09e98562ab53db0652b3ac4bd47f4cdeb630cec66669d3acf877,"{""d"":3,""p"":0.00021544346900318845,""r"":3}","{""obs_mistake_mask=E"":7}"
      1024,         0,         0,   0.114,correlated_pymatching,fc34ebb7e95f39002e0450c43b4010e8487a8bf69020c41441c163f361e16caa,"{""d"":7,""p"":0.00021544346900318845,""r"":7}",
       128,        64,         0,   0.340,correlated_pymatching,1d80e554c909e83ec9f291e654c5433ed8cbe4d198311e84b13693d5c6bb565c,"{""d"":7,""p"":0.046415888336127774,""r"":7}","{""obs_mistake_mask=E"":64}"
      8192,        13,         0,   0.431,correlated_pymatching,f5d4b6a4b0c56ea1b4ffa95a63a5e6bebf7381a1a9df57be4d969271ffdd7c56,"{""d"":5,""p"":0.001,""r"":5}","{""obs_mistake_mask=E"":13}"
      9216,         2,         0,   0.413,correlated_pymatching,03702c5e8386abc5161cbc7d66f42d4640d85b09b3fd8da7f15989e262e7046a,"{""d"":5,""p"":0.00046415888336127773,""r"":5}","{""obs_mistake_mask=E"":2}"
      5120,         5,         0,   0.045,correlated_pymatching,308d207cf6c2ce0c26be378e3664ab1b4ee70ac2068981b5e5bc03112260010e,"{""d"":3,""p"":0.0001,""r"":3}","{""obs_mistake_mask=E"":5}"
      3072,         0,         0,   0.331,correlated_pymatching,fc34ebb7e95f39002e0450c43b4010e8487a8bf69020c41441c163f361e16caa,"{""d"":7,""p"":0.00021544346900318845,""r"":7}",
       128,        62,         0,   0.348,correlated_pymatching,1d80e554c909e83ec9f291e654c5433ed8cbe4d198311e84b13693d5c6bb565c,"{""d"":7,""p"":0.046415888336127774,""r"":7}","{""obs_mistake_mask=E"":62}"
      6144,         6,         0,   0.056,correlated_pymatching,ca9966e6591c09e98562ab53db0652b3ac4bd47f4cdeb630cec66669d3acf877,"{""d"":3,""p"":0.00021544346900318845,""r"":3}","{""obs_mistake_mask=E"":6}"
      1024,         0,         0,   0.124,correlated_pymatching,f78701dabc92d935ad4f13d4b82879787b139ab0efba2a7ff15a1f63c045c687,"{""d"":7,""p"":0.00046415888336127773,""r"":7}",
      1024,         8,         0,   0.216,correlated_pymatching,aabbcce40f5d1a4d44990925beb525d4df18b69b973a4a45c0f93d6170d0e39a,"{""d"":7,""p"":0.002154434690031882,""r"":7}","{""obs_mistake_mask=E"":8}"
      6144,         2,         0,   0.054,correlated_pymatching,308d207cf6c2ce0c26be378e3664ab1b4ee70ac2068981b5e5bc03112260010e,"{""d"":3,""p"":0.0001,""r"":3}","{""obs_mistake_mask=E"":2}"
      1024,       153,         0,   0.412,correlated_pymatching,88c2954893496715d0ebc577dab1eb23e97e34c8f925974e00c44db7269da3a7,"{""d"":7,""p"":0.004641588833612777,""r"":7}","{""obs_mistake_mask=E"":153}"
      1024,         0,         0,   0.110,correlated_pymatching,e4f159b6793677bb35f01feb57a96b325f1fd1677dd307a327839217f990921c,"{""d"":7,""p"":0.0001,""r"":7}",
      7168,         0,         0,   0.329,correlated_pymatching,03702c5e8386abc5161cbc7d66f42d4640d85b09b3fd8da7f15989e262e7046a,"{""d"":5,""p"":0.00046415888336127773,""r"":5}",
      3072,         0,         0,   0.362,correlated_pymatching,f78701dabc92d935ad4f13d4b82879787b139ab0efba2a7ff15a1f63c045c687,"{""d"":7,""p"":0.00046415888336127773,""r"":7}",
      1024,         0,         0,   0.114,correlated_pymatching,fc34ebb7e95f39002e0450c43b4010e8487a8bf69020c41441c163f361e16caa,"{""d"":7,""p"":0.00021544346900318845,""r"":7}",
       128,        64,         0,   0.370,correlated_pymatching,829f7a6e79923b0e8bc810c2a557d9f77974feca4ad9ef60106f84132a11d1a4,"{""d"":7,""p"":0.1,""r"":7}","{""obs_mistake_mask=E"":64}"
      8192,         6,         0,   0.075,correlated_pymatching,ca9966e6591c09e98562ab53db0652b3ac4bd47f4cdeb630cec66669d3acf877,"{""d"":3,""p"":0.00021544346900318845,""r"":3}","{""obs_mistake_mask=E"":6}"
       128,        69,         0,   0.372,correlated_pymatching,829f7a6e79923b0e8bc810c2a557d9f77974feca4ad9ef60106f84132a11d1a4,"{""d"":7,""p"":0.1,""r"":7}","{""obs_mistake_mask=E"":69}"
      1024,         1,         0,   0.153,correlated_pymatching,c0f36ac9493e507480de3d1005b3ff5353e22d8f53ac98af1cc86d39fd4c29db,"{""d"":7,""p"":0.001,""r"":7}","{""obs_mistake_mask=E"":1}"
      2048,         1,         0,   0.293,correlated_pymatching,c0f36ac9493e507480de3d1005b3ff5353e22d8f53ac98af1cc86d39fd4c29db,"{""d"":7,""p"":0.001,""r"":7}","{""obs_mistake_mask=E"":1}"
     10240,         0,         0,   0.423,correlated_pymatching,fa4abf060bb8957bc373669c411dc29ef38c556623431d0b2ba3296802fc7aed,"{""d"":5,""p"":0.00021544346900318845,""r"":5}",
       256,       128,         0,   0.461,correlated_pymatching,375c1141bbe25c7e9fff5c4388088e3d0092e5dcb6a762c06c3cc694eeeb50d9,"{""d"":7,""p"":0.021544346900318822,""r"":7}","{""obs_mistake_mask=E"":128}"
     10240,         0,         0,   0.407,correlated_pymatching,b9ea537001f4564e94f495911335fcbbcd36a480e30594a58e8a822a0a45b86e,"{""d"":5,""p"":0.0001,""r"":5}",
      9216,         4,         0,   0.080,correlated_pymatching,308d207cf6c2ce0c26be378e3664ab1b4ee70ac2068981b5e5bc03112260010e,"{""d"":3,""p"":0.0001,""r"":3}","{""obs_mistake_mask=E"":4}"
      1024,         0,         0,   0.123,correlated_pymatching,f78701dabc92d935ad4f13d4b82879787b139ab0efba2a7ff15a1f63c045c687,"{""d"":7,""p"":0.00046415888336127773,""r"":7}",
      1024,         3,         0,   0.223,correlated_pymatching,aabbcce40f5d1a4d44990925beb525d4df18b69b973a4a45c0f93d6170d0e39a,"{""d"":7,""p"":0.002154434690031882,""r"":7}","{""obs_mistake_mask=E"":3}"
     12288,        14,         0,   0.113,correlated_pymatching,ca9966e6591c09e98562ab53db0652b3ac4bd47f4cdeb630cec66669d3acf877,"{""d"":3,""p"":0.00021544346900318845,""r"":3}","{""obs_mistake_mask=E"":14}"
       512,        81,         0,   0.269,correlated_pymatching,88c2954893496715d0ebc577dab1eb23e97e34c8f925974e00c44db7269da3a7,"{""d"":7,""p"":0.004641588833612777,""r"":7}","{""obs_mistake_mask=E"":81}"
         1,         0,         0,   0.103,correlated_pymatching,375c1141bbe25c7e9fff5c4388088e3d0092e5dcb6a762c06c3cc694eeeb50d9,"{""d"":7,""p"":0.021544346900318822,""r"":7}",
     12288,         7,         0,   0.108,correlated_pymatching,308d207cf6c2ce0c26be378e3664ab1b4ee70ac2068981b5e5bc03112260010e,"{""d"":3,""p"":0.0001,""r"":3}","{""obs_mistake_mask=E"":7}"
      1024,         0,         0,   0.152,correlated_pymatching,c0f36ac9493e507480de3d1005b3ff5353e22d8f53ac98af1cc86d39fd4c29db,"{""d"":7,""p"":0.001,""r"":7}",
     61440,        68,         0,   0.562,correlated_pymatching,ca9966e6591c09e98562ab53db0652b3ac4bd47f4cdeb630cec66669d3acf877,"{""d"":3,""p"":0.00021544346900318845,""r"":3}","{""obs_mistake_mask=E"":68}"
      7168,         7,         0,   0.066,correlated_pymatching,ca9966e6591c09e98562ab53db0652b3ac4bd47f4cdeb630cec66669d3acf877,"{""d"":3,""p"":0.00021544346900318845,""r"":3}","{""obs_mistake_mask=E"":7}"
     46080,        43,         0,   0.422,correlated_pymatching,ca9966e6591c09e98562ab53db0652b3ac4bd47f4cdeb630cec66669d3acf877,"{""d"":3,""p"":0.00021544346900318845,""r"":3}","{""obs_mistake_mask=E"":43}"
      2048,         0,         0,   0.218,correlated_pymatching,e4f159b6793677bb35f01feb57a96b325f1fd1677dd307a327839217f990921c,"{""d"":7,""p"":0.0001,""r"":7}",
      1024,         2,         0,   0.010,correlated_pymatching,ca9966e6591c09e98562ab53db0652b3ac4bd47f4cdeb630cec66669d3acf877,"{""d"":3,""p"":0.00021544346900318845,""r"":3}","{""obs_mistake_mask=E"":2}"
     64512,        25,         0,   0.567,correlated_pymatching,308d207cf6c2ce0c26be378e3664ab1b4ee70ac2068981b5e5bc03112260010e,"{""d"":3,""p"":0.0001,""r"":3}","{""obs_mistake_mask=E"":25}"
      2048,         0,         0,   0.230,correlated_pymatching,fc34ebb7e95f39002e0450c43b4010e8487a8bf69020c41441c163f361e16caa,"{""d"":7,""p"":0.00021544346900318845,""r"":7}",
       128,        64,         0,   0.340,correlated_pymatching,1d80e554c909e83ec9f291e654c5433ed8cbe4d198311e84b13693d5c6bb565c,"{""d"":7,""p"":0.046415888336127774,""r"":7}","{""obs_mistake_mask=E"":64}"
         4,         4,         0,   0.103,correlated_pymatching,375c1141bbe25c7e9fff5c4388088e3d0092e5dcb6a762c06c3cc694eeeb50d9,"{""d"":7,""p"":0.021544346900318822,""r"":7}","{""obs_mistake_mask=E"":4}"
         1,         0,         0,   0.036,correlated_pymatching,b9ea537001f4564e94f495911335fcbbcd36a480e30594a58e8a822a0a45b86e,"{""d"":5,""p"":0.0001,""r"":5}",
      4096,         0,         0,   0.422,correlated_pymatching,e4f159b6793677bb35f01feb57a96b325f1fd1677dd307a327839217f990921c,"{""d"":7,""p"":0.0001,""r"":7}",
         1,         0,         0,   0.036,correlated_pymatching,fa4abf060bb8957bc373669c411dc29ef38c556623431d0b2ba3296802fc7aed,"{""d"":5,""p"":0.00021544346900318845,""r"":5}",
        16,         0,         0,   0.036,correlated_pymatching,b9ea537001f4564e94f495911335fcbbcd36a480e30594a58e8a822a0a45b86e,"{""d"":5,""p"":0.0001,""r"":5}",
      1024,         7,         0,   0.220,correlated_pymatching,aabbcce40f5d1a4d44990925beb525d4df18b69b973a4a45c0f93d6170d0e39a,"{""d"":7,""p"":0.002154434690031882,""r"":7}","{""obs_mistake_mask=E"":7}"
      8192,        16,         0,   0.432,correlated_pymatching,f5d4b6a4b0c56ea1b4ffa95a63a5e6bebf7381a1a9df57be4d969271ffdd7c56,"{""d"":5,""p"":0.001,""r"":5}","{""obs_mistake_mask=E"":16}"
        16,         0,         0,   0.036,correlated_pymatching,fa4abf060bb8957bc373669c411dc29ef38c556623431d0b2ba3296802fc7aed,"{""d"":5,""p"":0.00021544346900318845,""r"":5}",
     17408,         5,         0,   0.155,correlated_pymatching,308d207cf6c2ce0c26be378e3664ab1b4ee70ac2068981b5e5bc03112260010e,"{""d"":3,""p"":0.0001,""r"":3}","{""obs_mistake_mask=E"":5}"
         1,         0,         0,   0.039,correlated_pymatching,03702c5e8386abc5161cbc7d66f42d4640d85b09b3fd8da7f15989e262e7046a,"{""d"":5,""p"":0.00046415888336127773,""r"":5}",
      2048,         0,         0,   0.251,correlated_pymatching,f78701dabc92d935ad4f13d4b82879787b139ab0efba2a7ff15a1f63c045c687,"{""d"":7,""p"":0.00046415888336127773,""r"":7}",
      1024,         0,         0,   0.153,correlated_pymatching,c0f36ac9493e507480de3d1005b3ff5353e22d8f53ac98af1cc86d39fd4c29db,"{""d"":7,""p"":0.001,""r"":7}",
         1,         0,         0,   0.038,correlated_pymatching,f5d4b6a4b0c56ea1b4ffa95a63a5e6bebf7381a1a9df57be4d969271ffdd7c56,"{""d"":5,""p"":0.001,""r"":5}",
       256,         0,         0,   0.037,correlated_pymatching,b9ea537001f4564e94f495911335fcbbcd36a480e30594a58e8a822a0a45b86e,"{""d"":5,""p"":0.0001,""r"":5}",
     64512,        29,         0,   0.568,correlated_pymatching,308d207cf6c2ce0c26be378e3664ab1b4ee70ac2068981b5e5bc03112260010e,"{""d"":3,""p"":0.0001,""r"":3}","{""obs_mistake_mask=E"":29}"
       256,         0,         0,   0.038,correlated_pymatching,fa4abf060bb8957bc373669c411dc29ef38c556623431d0b2ba3296802fc7aed,"{""d"":5,""p"":0.00021544346900318845,""r"":5}",
         8,         0,         0,   0.037,correlated_pymatching,03702c5e8386abc5161cbc7d66f42d4640d85b09b3fd8da7f15989e262e7046a,"{""d"":5,""p"":0.00046415888336127773,""r"":5}",
      4096,         0,         0,   0.444,correlated_pymatching,fc34ebb7e95f39002e0450c43b4010e8487a8bf69020c41441c163f361e16caa,"{""d"":7,""p"":0.00021544346900318845,""r"":7}",
         8,         0,         0,   0.037,correlated_pymatching,f5d4b6a4b0c56ea1b4ffa95a63a5e6bebf7381a1a9df57be4d969271ffdd7c56,"{""d"":5,""p"":0.001,""r"":5}",
        16,         8,         0,   0.121,correlated_pymatching,375c1141bbe25c7e9fff5c4388088e3d0092e5dcb6a762c06c3cc694eeeb50d9,"{""d"":7,""p"":0.021544346900318822,""r"":7}","{""obs_mistake_mask=E"":8}"
      1024,         0,         0,   0.041,correlated_pymatching,b9ea537001f4564e94f495911335fcbbcd36a480e30594a58e8a822a0a45b86e,"{""d"":5,""p"":0.0001,""r"":5}",
      2048,        13,         0,   0.429,correlated_pymatching,aabbcce40f5d1a4d44990925beb525d4df18b69b973a4a45c0f93d6170d0e39a,"{""d"":7,""p"":0.002154434690031882,""r"":7}","{""obs_mistake_mask=E"":13}"
      1024,         0,         0,   0.042,correlated_pymatching,fa4abf060bb8957bc373669c411dc29ef38c556623431d0b2ba3296802fc7aed,"{""d"":5,""p"":0.00021544346900318845,""r"":5}",
       128,        67,         0,   0.370,correlated_pymatching,829f7a6e79923b0e8bc810c2a557d9f77974feca4ad9ef60106f84132a11d1a4,"{""d"":7,""p"":0.1,""r"":7}","{""obs_mistake_mask=E"":67}"
       128,        58,         0,   0.373,correlated_pymatching,829f7a6e79923b0e8bc810c2a557d9f77974feca4ad9ef60106f84132a11d1a4,"{""d"":7,""p"":0.1,""r"":7}","{""obs_mistake_mask=E"":58}"
     14336,         0,         0,   0.569,correlated_pymatching,b9ea537001f4564e94f495911335fcbbcd36a480e30594a58e8a822a0a45b86e,"{""d"":5,""p"":0.0001,""r"":5}",
       128,         0,         0,   0.039,correlated_pymatching,03702c5e8386abc5161cbc7d66f42d4640d85b09b3fd8da7f15989e262e7046a,"{""d"":5,""p"":0.00046415888336127773,""r"":5}",
       128,         0,         0,   0.040,correlated_pymatching,f5d4b6a4b0c56ea1b4ffa95a63a5e6bebf7381a1a9df57be4d969271ffdd7c56,"{""d"":5,""p"":0.001,""r"":5}",
     14336,         2,         0,   0.591,correlated_pymatching,fa4abf060bb8957bc373669c411dc29ef38c556623431d0b2ba3296802fc7aed,"{""d"":5,""p"":0.00021544346900318845,""r"":5}","{""obs_mistake_mask=E"":2}"
      9216,         2,         0,   0.418,correlated_pymatching,03702c5e8386abc5161cbc7d66f42d4640d85b09b3fd8da7f15989e262e7046a,"{""d"":5,""p"":0.00046415888336127773,""r"":5}","{""obs_mistake_mask=E"":2}"
      1024,         0,         0,   0.041,correlated_pymatching,b9ea537001f4564e94f495911335fcbbcd36a480e30594a58e8a822a0a45b86e,"{""d"":5,""p"":0.0001,""r"":5}",
      2048,         0,         0,   0.219,correlated_pymatching,e4f159b6793677bb35f01feb57a96b325f1fd1677dd307a327839217f990921c,"{""d"":7,""p"":0.0001,""r"":7}",
      1024,         0,         0,   0.041,correlated_pymatching,fa4abf060bb8957bc373669c411dc29ef38c556623431d0b2ba3296802fc7aed,"{""d"":5,""p"":0.00021544346900318845,""r"":5}",
      1024,         2,         0,   0.047,correlated_pymatching,03702c5e8386abc5161cbc7d66f42d4640d85b09b3fd8da7f15989e262e7046a,"{""d"":5,""p"":0.00046415888336127773,""r"":5}","{""obs_mistake_mask=E"":2}"
         1,         0,         0,   0.095,correlated_pymatching,e4f159b6793677bb35f01feb57a96b325f1fd1677dd307a327839217f990921c,"{""d"":7,""p"":0.0001,""r"":7}",
      1024,         5,         0,   0.056,correlated_pymatching,f5d4b6a4b0c56ea1b4ffa95a63a5e6bebf7381a1a9df57be4d969271ffdd7c56,"{""d"":5,""p"":0.001,""r"":5}","{""obs_mistake_mask=E"":5}"
      3072,         1,         0,   0.440,correlated_pymatching,c0f36ac9493e507480de3d1005b3ff5353e22d8f53ac98af1cc86d39fd4c29db,"{""d"":7,""p"":0.001,""r"":7}","{""obs_mistake_mask=E"":1}"
      2048,         0,         0,   0.231,correlated_pymatching,fc34ebb7e95f39002e0450c43b4010e8487a8bf69020c41441c163f361e16caa,"{""d"":7,""p"":0.00021544346900318845,""r"":7}",
         1,         0,         0,   0.097,correlated_pymatching,fc34ebb7e95f39002e0450c43b4010e8487a8bf69020c41441c163f361e16caa,"{""d"":7,""p"":0.00021544346900318845,""r"":7}",
         1,         0,         0,   0.098,correlated_pymatching,f78701dabc92d935ad4f13d4b82879787b139ab0efba2a7ff15a1f63c045c687,"{""d"":7,""p"":0.00046415888336127773,""r"":7}",
       256,       142,         0,   0.458,correlated_pymatching,375c1141bbe25c7e9fff5c4388088e3d0092e5dcb6a762c06c3cc694eeeb50d9,"{""d"":7,""p"":0.021544346900318822,""r"":7}","{""obs_mistake_mask=E"":142}"
      1024,         0,         0,   0.047,correlated_pymatching,03702c5e8386abc5161cbc7d66f42d4640d85b09b3fd8da7f15989e262e7046a,"{""d"":5,""p"":0.00046415888336127773,""r"":5}",
      2048,         0,         0,   0.081,correlated_pymatching,b9ea537001f4564e94f495911335fcbbcd36a480e30594a58e8a822a0a45b86e,"{""d"":5,""p"":0.0001,""r"":5}",
     11264,        24,         0,   0.593,correlated_pymatching,f5d4b6a4b0c56ea1b4ffa95a63a5e6bebf7381a1a9df57be4d969271ffdd7c56,"{""d"":5,""p"":0.001,""r"":5}","{""obs_mistake_mask=E"":24}"
      4096,         0,         0,   0.488,correlated_pymatching,f78701dabc92d935ad4f13d4b82879787b139ab0efba2a7ff15a1f63c045c687,"{""d"":7,""p"":0.00046415888336127773,""r"":7}",
     13312,         4,         0,   0.601,correlated_pymatching,03702c5e8386abc5161cbc7d66f42d4640d85b09b3fd8da7f15989e262e7046a,"{""d"":5,""p"":0.00046415888336127773,""r"":5}","{""obs_mistake_mask=E"":4}"
      2048,         0,         0,   0.084,correlated_pymatching,fa4abf060bb8957bc373669c411dc29ef38c556623431d0b2ba3296802fc7aed,"{""d"":5,""p"":0.00021544346900318845,""r"":5}",
      1024,         4,         0,   0.055,correlated_pymatching,f5d4b6a4b0c56ea1b4ffa95a63a5e6bebf7381a1a9df57be4d969271ffdd7c56,"{""d"":5,""p"":0.001,""r"":5}","{""obs_mistake_mask=E"":4}"
      1024,         7,         0,   0.220,correlated_pymatching,aabbcce40f5d1a4d44990925beb525d4df18b69b973a4a45c0f93d6170d0e39a,"{""d"":7,""p"":0.002154434690031882,""r"":7}","{""obs_mistake_mask=E"":7}"
     23552,         7,         0,   0.207,correlated_pymatching,308d207cf6c2ce0c26be378e3664ab1b4ee70ac2068981b5e5bc03112260010e,"{""d"":3,""p"":0.0001,""r"":3}","{""obs_mistake_mask=E"":7}"
         4,         0,         0,   0.093,correlated_pymatching,e4f159b6793677bb35f01feb57a96b325f1fd1677dd307a327839217f990921c,"{""d"":7,""p"":0.0001,""r"":7}",
        64,        27,         0,   0.191,correlated_pymatching,375c1141bbe25c7e9fff5c4388088e3d0092e5dcb6a762c06c3cc694eeeb50d9,"{""d"":7,""p"":0.021544346900318822,""r"":7}","{""obs_mistake_mask=E"":27}"
      1024,         1,         0,   0.054,correlated_pymatching,f5d4b6a4b0c56ea1b4ffa95a63a5e6bebf7381a1a9df57be4d969271ffdd7c56,"{""d"":5,""p"":0.001,""r"":5}","{""obs_mistake_mask=E"":1}"
      2048,         0,         0,   0.081,correlated_pymatching,b9ea537001f4564e94f495911335fcbbcd36a480e30594a58e8a822a0a45b86e,"{""d"":5,""p"":0.0001,""r"":5}",
      2048,         0,         0,   0.252,correlated_pymatching,f78701dabc92d935ad4f13d4b82879787b139ab0efba2a7ff15a1f63c045c687,"{""d"":7,""p"":0.00046415888336127773,""r"":7}",
         4,         0,         0,   0.095,correlated_pymatching,fc34ebb7e95f39002e0450c43b4010e8487a8bf69020c41441c163f361e16caa,"{""d"":7,""p"":0.00021544346900318845,""r"":7}",
      2048,         2,         0,   0.093,correlated_pymatching,03702c5e8386abc5161cbc7d66f42d4640d85b09b3fd8da7f15989e262e7046a,"{""d"":5,""p"":0.00046415888336127773,""r"":5}","{""obs_mistake_mask=E"":2}"
         4,         0,         0,   0.096,correlated_pymatching,f78701dabc92d935ad4f13d4b82879787b139ab0efba2a7ff15a1f63c045c687,"{""d"":7,""p"":0.00046415888336127773,""r"":7}",
      2048,         0,         0,   0.085,correlated_pymatching,fa4abf060bb8957bc373669c411dc29ef38c556623431d0b2ba3296802fc7aed,"{""d"":5,""p"":0.00021544346900318845,""r"":5}",
        17,         0,         0,   0.016,correlated_pymatching,308d207cf6c2ce0c26be378e3664ab1b4ee70ac2068981b5e5bc03112260010e,"{""d"":3,""p"":0.0001,""r"":3}",
     14336,         0,         0,   0.571,correlated_pymatching,b9ea537001f4564e94f495911335fcbbcd36a480e30594a58e8a822a0a45b86e,"{""d"":5,""p"":0.0001,""r"":5}",
      1280,         0,         0,   0.017,correlated_pymatching,308d207cf6c2ce0c26be378e3664ab1b4ee70ac2068981b5e5bc03112260010e,"{""d"":3,""p"":0.0001,""r"":3}",
         1,         0,         0,   0.096,correlated_pymatching,aabbcce40f5d1a4d44990925beb525d4df18b69b973a4a45c0f93d6170d0e39a,"{""d"":7,""p"":0.002154434690031882,""r"":7}",
         1,         0,         0,   0.095,correlated_pymatching,c0f36ac9493e507480de3d1005b3ff5353e22d8f53ac98af1cc86d39fd4c29db,"{""d"":7,""p"":0.001,""r"":7}",
      2048,         1,         0,   0.303,correlated_pymatching,c0f36ac9493e507480de3d1005b3ff5353e22d8f53ac98af1cc86d39fd4c29db,"{""d"":7,""p"":0.001,""r"":7}","{""obs_mistake_mask=E"":1}"
     14336,         0,         0,   0.595,correlated_pymatching,fa4abf060bb8957bc373669c411dc29ef38c556623431d0b2ba3296802fc7aed,"{""d"":5,""p"":0.00021544346900318845,""r"":5}",
        16,         0,         0,   0.095,correlated_pymatching,e4f159b6793677bb35f01feb57a96b325f1fd1677dd307a327839217f990921c,"{""d"":7,""p"":0.0001,""r"":7}",
      3072,         1,         0,   0.027,correlated_pymatching,308d207cf6c2ce0c26be378e3664ab1b4ee70ac2068981b5e5bc03112260010e,"{""d"":3,""p"":0.0001,""r"":3}","{""obs_mistake_mask=E"":1}"
        16,         0,         0,   0.095,correlated_pymatching,fc34ebb7e95f39002e0450c43b4010e8487a8bf69020c41441c163f361e16caa,"{""d"":7,""p"":0.00021544346900318845,""r"":7}",
      2048,         2,         0,   0.109,correlated_pymatching,f5d4b6a4b0c56ea1b4ffa95a63a5e6bebf7381a1a9df57be4d969271ffdd7c56,"{""d"":5,""p"":0.001,""r"":5}","{""obs_mistake_mask=E"":2}"
      2048,         0,         0,   0.093,correlated_pymatching,03702c5e8386abc5161cbc7d66f42d4640d85b09b3fd8da7f15989e262e7046a,"{""d"":5,""p"":0.00046415888336127773,""r"":5}",
         1,         0,         0,   0.037,correlated_pymatching,b9ea537001f4564e94f495911335fcbbcd36a480e30594a58e8a822a0a45b86e,"{""d"":5,""p"":0.0001,""r"":5}",
        16,         0,         0,   0.097,correlated_pymatching,f78701dabc92d935ad4f13d4b82879787b139ab0efba2a7ff15a1f63c045c687,"{""d"":7,""p"":0.00046415888336127773,""r"":7}",
      4096,         0,         0,   0.036,correlated_pymatching,308d207cf6c2ce0c26be378e3664ab1b4ee70ac2068981b5e5bc03112260010e,"{""d"":3,""p"":0.0001,""r"":3}",
      3072,         0,         0,   0.121,correlated_pymatching,b9ea537001f4564e94f495911335fcbbcd36a480e30594a58e8a822a0a45b86e,"{""d"":5,""p"":0.0001,""r"":5}",
        16,         0,         0,   0.036,correlated_pymatching,b9ea537001f4564e94f495911335fcbbcd36a480e30594a58e8a822a0a45b86e,"{""d"":5,""p"":0.0001,""r"":5}",
      3072,         0,         0,   0.126,correlated_pymatching,fa4abf060bb8957bc373669c411dc29ef38c556623431d0b2ba3296802fc7aed,"{""d"":5,""p"":0.00021544346900318845,""r"":5}",
         4,         0,         0,   0.098,correlated_pymatching,c0f36ac9493e507480de3d1005b3ff5353e22d8f53ac98af1cc86d39fd4c29db,"{""d"":7,""p"":0.001,""r"":7}",
         4,         0,         0,   0.098,correlated_pymatching,aabbcce40f5d1a4d44990925beb525d4df18b69b973a4a45c0f93d6170d0e39a,"{""d"":7,""p"":0.002154434690031882,""r"":7}",
      1024,        11,         0,   0.217,correlated_pymatching,aabbcce40f5d1a4d44990925beb525d4df18b69b973a4a45c0f93d6170d0e39a,"{""d"":7,""p"":0.002154434690031882,""r"":7}","{""obs_mistake_mask=E"":11}"
        64,         0,         0,   0.097,correlated_pymatching,e4f159b6793677bb35f01feb57a96b325f1fd1677dd307a327839217f990921c,"{""d"":7,""p"":0.0001,""r"":7}",
      5120,         1,         0,   0.045,correlated_pymatching,308d207cf6c2ce0c26be378e3664ab1b4ee70ac2068981b5e5bc03112260010e,"{""d"":3,""p"":0.0001,""r"":3}","{""obs_mistake_mask=E"":1}"
      3072,         0,         0,   0.328,correlated_pymatching,e4f159b6793677bb35f01feb57a96b325f1fd1677dd307a327839217f990921c,"{""d"":7,""p"":0.0001,""r"":7}",
       256,         0,         0,   0.037,correlated_pymatching,b9ea537001f4564e94f495911335fcbbcd36a480e30594a58e8a822a0a45b86e,"{""d"":5,""p"":0.0001,""r"":5}",
        64,         0,         0,   0.096,correlated_pymatching,fc34ebb7e95f39002e0450c43b4010e8487a8bf69020c41441c163f361e16caa,"{""d"":7,""p"":0.00021544346900318845,""r"":7}",
        64,         0,         0,   0.097,correlated_pymatching,f78701dabc92d935ad4f13d4b82879787b139ab0efba2a7ff15a1f63c045c687,"{""d"":7,""p"":0.00046415888336127773,""r"":7}",
      2048,         5,         0,   0.109,correlated_pymatching,f5d4b6a4b0c56ea1b4ffa95a63a5e6bebf7381a1a9df57be4d969271ffdd7c56,"{""d"":5,""p"":0.001,""r"":5}","{""obs_mistake_mask=E"":5}"
      6144,         3,         0,   0.054,correlated_pymatching,308d207cf6c2ce0c26be378e3664ab1b4ee70ac2068981b5e5bc03112260010e,"{""d"":3,""p"":0.0001,""r"":3}","{""obs_mistake_mask=E"":3}"
      1024,         0,         0,   0.041,correlated_pymatching,b9ea537001f4564e94f495911335fcbbcd36a480e30594a58e8a822a0a45b86e,"{""d"":5,""p"":0.0001,""r"":5}",
     32768,         5,         0,   0.287,correlated_pymatching,308d207cf6c2ce0c26be378e3664ab1b4ee70ac2068981b5e5bc03112260010e,"{""d"":3,""p"":0.0001,""r"":3}","{""obs_mistake_mask=E"":5}"
      3072,         1,         0,   0.140,correlated_pymatching,03702c5e8386abc5161cbc7d66f42d4640d85b09b3fd8da7f15989e262e7046a,"{""d"":5,""p"":0.00046415888336127773,""r"":5}","{""obs_mistake_mask=E"":1}"
      3072,         0,         0,   0.346,correlated_pymatching,fc34ebb7e95f39002e0450c43b4010e8487a8bf69020c41441c163f361e16caa,"{""d"":7,""p"":0.00021544346900318845,""r"":7}",
        16,         0,         0,   0.098,correlated_pymatching,c0f36ac9493e507480de3d1005b3ff5353e22d8f53ac98af1cc86d39fd4c29db,"{""d"":7,""p"":0.001,""r"":7}",
      2048,         9,         0,   0.442,correlated_pymatching,aabbcce40f5d1a4d44990925beb525d4df18b69b973a4a45c0f93d6170d0e39a,"{""d"":7,""p"":0.002154434690031882,""r"":7}","{""obs_mistake_mask=E"":9}"
        16,         1,         0,   0.099,correlated_pymatching,aabbcce40f5d1a4d44990925beb525d4df18b69b973a4a45c0f93d6170d0e39a,"{""d"":7,""p"":0.002154434690031882,""r"":7}","{""obs_mistake_mask=E"":1}"
       256,         0,         0,   0.100,correlated_pymatching,e4f159b6793677bb35f01feb57a96b325f1fd1677dd307a327839217f990921c,"{""d"":7,""p"":0.0001,""r"":7}",
      1024,         0,         0,   0.040,correlated_pymatching,b9ea537001f4564e94f495911335fcbbcd36a480e30594a58e8a822a0a45b86e,"{""d"":5,""p"":0.0001,""r"":5}",
      4096,         0,         0,   0.162,correlated_pymatching,b9ea537001f4564e94f495911335fcbbcd36a480e30594a58e8a822a0a45b86e,"{""d"":5,""p"":0.0001,""r"":5}",
       256,         0,         0,   0.099,correlated_pymatching,fc34ebb7e95f39002e0450c43b4010e8487a8bf69020c41441c163f361e16caa,"{""d"":7,""p"":0.00021544346900318845,""r"":7}",
      9216,         3,         0,   0.082,correlated_pymatching,308d207cf6c2ce0c26be378e3664ab1b4ee70ac2068981b5e5bc03112260010e,"{""d"":3,""p"":0.0001,""r"":3}","{""obs_mistake_mask=E"":3}"
       256,         0,         0,   0.103,correlated_pymatching,f78701dabc92d935ad4f13d4b82879787b139ab0efba2a7ff15a1f63c045c687,"{""d"":7,""p"":0.00046415888336127773,""r"":7}",
      4096,         0,         0,   0.168,correlated_pymatching,fa4abf060bb8957bc373669c411dc29ef38c556623431d0b2ba3296802fc7aed,"{""d"":5,""p"":0.00021544346900318845,""r"":5}",
     11264,        31,         0,   0.599,correlated_pymatching,f5d4b6a4b0c56ea1b4ffa95a63a5e6bebf7381a1a9df57be4d969271ffdd7c56,"{""d"":5,""p"":0.001,""r"":5}","{""obs_mistake_mask=E"":31}"
      6144,         0,         0,   0.648,correlated_pymatching,e4f159b6793677bb35f01feb57a96b325f1fd1677dd307a327839217f990921c,"{""d"":7,""p"":0.0001,""r"":7}",
      2048,         0,         0,   0.081,correlated_pymatching,b9ea537001f4564e94f495911335fcbbcd36a480e30594a58e8a822a0a45b86e,"{""d"":5,""p"":0.0001,""r"":5}",
        64,         0,         0,   0.100,correlated_pymatching,c0f36ac9493e507480de3d1005b3ff5353e22d8f53ac98af1cc86d39fd4c29db,"{""d"":7,""p"":0.001,""r"":7}",
        64,         0,         0,   0.104,correlated_pymatching,aabbcce40f5d1a4d44990925beb525d4df18b69b973a4a45c0f93d6170d0e39a,"{""d"":7,""p"":0.002154434690031882,""r"":7}",
      2048,         0,         0,   0.304,correlated_pymatching,c0f36ac9493e507480de3d1005b3ff5353e22d8f53ac98af1cc86d39fd4c29db,"{""d"":7,""p"":0.001,""r"":7}",
      1024,         0,         0,   0.109,correlated_pymatching,e4f159b6793677bb35f01feb57a96b325f1fd1677dd307a327839217f990921c,"{""d"":7,""p"":0.0001,""r"":7}",
      3072,         5,         0,   0.164,correlated_pymatching,f5d4b6a4b0c56ea1b4ffa95a63a5e6bebf7381a1a9df57be4d969271ffdd7c56,"{""d"":5,""p"":0.001,""r"":5}","{""obs_mistake_mask=E"":5}"
      3072,         0,         0,   0.375,correlated_pymatching,f78701dabc92d935ad4f13d4b82879787b139ab0efba2a7ff15a1f63c045c687,"{""d"":7,""p"":0.00046415888336127773,""r"":7}",
      1024,        16,         0,   0.220,correlated_pymatching,aabbcce40f5d1a4d44990925beb525d4df18b69b973a4a45c0f93d6170d0e39a,"{""d"":7,""p"":0.002154434690031882,""r"":7}","{""obs_mistake_mask=E"":16}"
      1024,         0,         0,   0.110,correlated_pymatching,fc34ebb7e95f39002e0450c43b4010e8487a8bf69020c41441c163f361e16caa,"{""d"":7,""p"":0.00021544346900318845,""r"":7}",
     12288,         7,         0,   0.109,correlated_pymatching,308d207cf6c2ce0c26be378e3664ab1b4ee70ac2068981b5e5bc03112260010e,"{""d"":3,""p"":0.0001,""r"":3}","{""obs_mistake_mask=E"":7}"
      2048,         0,         0,   0.080,correlated_pymatching,b9ea537001f4564e94f495911335fcbbcd36a480e30594a58e8a822a0a45b86e,"{""d"":5,""p"":0.0001,""r"":5}",
      4096,         1,         0,   0.186,correlated_pymatching,03702c5e8386abc5161cbc7d66f42d4640d85b09b3fd8da7f15989e262e7046a,"{""d"":5,""p"":0.00046415888336127773,""r"":5}","{""obs_mistake_mask=E"":1}"
      1024,         0,         0,   0.124,correlated_pymatching,f78701dabc92d935ad4f13d4b82879787b139ab0efba2a7ff15a1f63c045c687,"{""d"":7,""p"":0.00046415888336127773,""r"":7}",
     13312,         2,         0,   0.605,correlated_pymatching,03702c5e8386abc5161cbc7d66f42d4640d85b09b3fd8da7f15989e262e7046a,"{""d"":5,""p"":0.00046415888336127773,""r"":5}","{""obs_mistake_mask=E"":2}"
     84992,        34,         0,   0.789,correlated_pymatching,308d207cf6c2ce0c26be378e3664ab1b4ee70ac2068981b5e5bc03112260010e,"{""d"":3,""p"":0.0001,""r"":3}","{""obs_mistake_mask=E"":34}"
       256,         0,         0,   0.110,correlated_pymatching,c0f36ac9493e507480de3d1005b3ff5353e22d8f53ac98af1cc86d39fd4c29db,"{""d"":7,""p"":0.001,""r"":7}",
      6144,         0,         0,   0.677,correlated_pymatching,fc34ebb7e95f39002e0450c43b4010e8487a8bf69020c41441c163f361e16caa,"{""d"":7,""p"":0.00021544346900318845,""r"":7}",
      1024,         0,         0,   0.107,correlated_pymatching,e4f159b6793677bb35f01feb57a96b325f1fd1677dd307a327839217f990921c,"{""d"":7,""p"":0.0001,""r"":7}",
      4096,         2,         0,   0.594,correlated_pymatching,c0f36ac9493e507480de3d1005b3ff5353e22d8f53ac98af1cc86d39fd4c29db,"{""d"":7,""p"":0.001,""r"":7}","{""obs_mistake_mask=E"":2}"
       256,         3,         0,   0.127,correlated_pymatching,aabbcce40f5d1a4d44990925beb525d4df18b69b973a4a45c0f93d6170d0e39a,"{""d"":7,""p"":0.002154434690031882,""r"":7}","{""obs_mistake_mask=E"":3}"
      1024,         0,         0,   0.110,correlated_pymatching,fc34ebb7e95f39002e0450c43b4010e8487a8bf69020c41441c163f361e16caa,"{""d"":7,""p"":0.00021544346900318845,""r"":7}",
      6144,         0,         0,   0.241,correlated_pymatching,b9ea537001f4564e94f495911335fcbbcd36a480e30594a58e8a822a0a45b86e,"{""d"":5,""p"":0.0001,""r"":5}",
      5120,         0,         0,   0.209,correlated_pymatching,fa4abf060bb8957bc373669c411dc29ef38c556623431d0b2ba3296802fc7aed,"{""d"":5,""p"":0.00021544346900318845,""r"":5}",
      5120,         0,         0,   0.613,correlated_pymatching,f78701dabc92d935ad4f13d4b82879787b139ab0efba2a7ff15a1f63c045c687,"{""d"":7,""p"":0.00046415888336127773,""r"":7}",
      3072,         0,         0,   0.121,correlated_pymatching,b9ea537001f4564e94f495911335fcbbcd36a480e30594a58e8a822a0a45b86e,"{""d"":5,""p"":0.0001,""r"":5}",
     89088,        42,         0,   0.786,correlated_pymatching,308d207cf6c2ce0c26be378e3664ab1b4ee70ac2068981b5e5bc03112260010e,"{""d"":3,""p"":0.0001,""r"":3}","{""obs_mistake_mask=E"":42}"
      1024,         0,         0,   0.123,correlated_pymatching,f78701dabc92d935ad4f13d4b82879787b139ab0efba2a7ff15a1f63c045c687,"{""d"":7,""p"":0.00046415888336127773,""r"":7}",
     17408,         5,         0,   0.154,correlated_pymatching,308d207cf6c2ce0c26be378e3664ab1b4ee70ac2068981b5e5bc03112260010e,"{""d"":3,""p"":0.0001,""r"":3}","{""obs_mistake_mask=E"":5}"
      1024,         0,         0,   0.109,correlated_pymatching,e4f159b6793677bb35f01feb57a96b325f1fd1677dd307a327839217f990921c,"{""d"":7,""p"":0.0001,""r"":7}",
      4096,         6,         0,   0.217,correlated_pymatching,f5d4b6a4b0c56ea1b4ffa95a63a5e6bebf7381a1a9df57be4d969271ffdd7c56,"{""d"":5,""p"":0.001,""r"":5}","{""obs_mistake_mask=E"":6}"
      1024,         0,         0,   0.150,correlated_pymatching,c0f36ac9493e507480de3d1005b3ff5353e22d8f53ac98af1cc86d39fd4c29db,"{""d"":7,""p"":0.001,""r"":7}",
      4096,         0,         0,   0.439,correlated_pymatching,e4f159b6793677bb35f01feb57a96b325f1fd1677dd307a327839217f990921c,"{""d"":7,""p"":0.0001,""r"":7}",
      1024,         0,         0,   0.111,correlated_pymatching,fc34ebb7e95f39002e0450c43b4010e8487a8bf69020c41441c163f361e16caa,"{""d"":7,""p"":0.00021544346900318845,""r"":7}",
     19456,         0,         0,   0.802,correlated_pymatching,fa4abf060bb8957bc373669c411dc29ef38c556623431d0b2ba3296802fc7aed,"{""d"":5,""p"":0.00021544346900318845,""r"":5}",
     20480,         0,         0,   0.810,correlated_pymatching,b9ea537001f4564e94f495911335fcbbcd36a480e30594a58e8a822a0a45b86e,"{""d"":5,""p"":0.0001,""r"":5}",
     46080,        20,         0,   0.404,correlated_pymatching,308d207cf6c2ce0c26be378e3664ab1b4ee70ac2068981b5e5bc03112260010e,"{""d"":3,""p"":0.0001,""r"":3}","{""obs_mistake_mask=E"":20}"
      5120,         2,         0,   0.231,correlated_pymatching,03702c5e8386abc5161cbc7d66f42d4640d85b09b3fd8da7f15989e262e7046a,"{""d"":5,""p"":0.00046415888336127773,""r"":5}","{""obs_mistake_mask=E"":2}"
      1024,         0,         0,   0.124,correlated_pymatching,f78701dabc92d935ad4f13d4b82879787b139ab0efba2a7ff15a1f63c045c687,"{""d"":7,""p"":0.00046415888336127773,""r"":7}",
      1024,         9,         0,   0.220,correlated_pymatching,aabbcce40f5d1a4d44990925beb525d4df18b69b973a4a45c0f93d6170d0e39a,"{""d"":7,""p"":0.002154434690031882,""r"":7}","{""obs_mistake_mask=E"":9}"
      4096,         0,         0,   0.161,correlated_pymatching,b9ea537001f4564e94f495911335fcbbcd36a480e30594a58e8a822a0a45b86e,"{""d"":5,""p"":0.0001,""r"":5}",
      4096,         0,         0,   0.462,correlated_pymatching,fc34ebb7e95f39002e0450c43b4010e8487a8bf69020c41441c163f361e16caa,"{""d"":7,""p"":0.00021544346900318845,""r"":7}",
     15360,        41,         0,   0.810,correlated_pymatching,f5d4b6a4b0c56ea1b4ffa95a63a5e6bebf7381a1a9df57be4d969271ffdd7c56,"{""d"":5,""p"":0.001,""r"":5}","{""obs_mistake_mask=E"":41}"
      1024,         0,         0,   0.148,correlated_pymatching,c0f36ac9493e507480de3d1005b3ff5353e22d8f53ac98af1cc86d39fd4c29db,"{""d"":7,""p"":0.001,""r"":7}",
     18432,         5,         0,   0.828,correlated_pymatching,03702c5e8386abc5161cbc7d66f42d4640d85b09b3fd8da7f15989e262e7046a,"{""d"":5,""p"":0.00046415888336127773,""r"":5}","{""obs_mistake_mask=E"":5}"
     23552,        11,         0,   0.209,correlated_pymatching,308d207cf6c2ce0c26be378e3664ab1b4ee70ac2068981b5e5bc03112260010e,"{""d"":3,""p"":0.0001,""r"":3}","{""obs_mistake_mask=E"":11}"
      2048,         0,         0,   0.217,correlated_pymatching,e4f159b6793677bb35f01feb57a96b325f1fd1677dd307a327839217f990921c,"{""d"":7,""p"":0.0001,""r"":7}",
      3072,         1,         0,   0.454,correlated_pymatching,c0f36ac9493e507480de3d1005b3ff5353e22d8f53ac98af1cc86d39fd4c29db,"{""d"":7,""p"":0.001,""r"":7}","{""obs_mistake_mask=E"":1}"
      2048,        21,         0,   0.440,correlated_pymatching,aabbcce40f5d1a4d44990925beb525d4df18b69b973a4a45c0f93d6170d0e39a,"{""d"":7,""p"":0.002154434690031882,""r"":7}","{""obs_mistake_mask=E"":21}"
      7168,         0,         0,   0.294,correlated_pymatching,fa4abf060bb8957bc373669c411dc29ef38c556623431d0b2ba3296802fc7aed,"{""d"":5,""p"":0.00021544346900318845,""r"":5}",
      8192,         0,         0,   0.322,correlated_pymatching,b9ea537001f4564e94f495911335fcbbcd36a480e30594a58e8a822a0a45b86e,"{""d"":5,""p"":0.0001,""r"":5}",
      2048,         0,         0,   0.223,correlated_pymatching,fc34ebb7e95f39002e0450c43b4010e8487a8bf69020c41441c163f361e16caa,"{""d"":7,""p"":0.00021544346900318845,""r"":7}",
     19456,         0,         0,   0.804,correlated_pymatching,fa4abf060bb8957bc373669c411dc29ef38c556623431d0b2ba3296802fc7aed,"{""d"":5,""p"":0.00021544346900318845,""r"":5}",
     20480,         0,         0,   0.818,correlated_pymatching,b9ea537001f4564e94f495911335fcbbcd36a480e30594a58e8a822a0a45b86e,"{""d"":5,""p"":0.0001,""r"":5}",
      4096,         0,         0,   0.501,correlated_pymatching,f78701dabc92d935ad4f13d4b82879787b139ab0efba2a7ff15a1f63c045c687,"{""d"":7,""p"":0.00046415888336127773,""r"":7}",
      3072,        19,         0,   0.656,correlated_pymatching,aabbcce40f5d1a4d44990925beb525d4df18b69b973a4a45c0f93d6170d0e39a,"{""d"":7,""p"":0.002154434690031882,""r"":7}","{""obs_mistake_mask=E"":19}"
      1024,         0,         0,   0.148,correlated_pymatching,c0f36ac9493e507480de3d1005b3ff5353e22d8f53ac98af1cc86d39fd4c29db,"{""d"":7,""p"":0.001,""r"":7}",
      1024,        12,         0,   0.218,correlated_pymatching,aabbcce40f5d1a4d44990925beb525d4df18b69b973a4a45c0f93d6170d0e39a,"{""d"":7,""p"":0.002154434690031882,""r"":7}","{""obs_mistake_mask=E"":12}"
      6144,        11,         0,   0.327,correlated_pymatching,f5d4b6a4b0c56ea1b4ffa95a63a5e6bebf7381a1a9df57be4d969271ffdd7c56,"{""d"":5,""p"":0.001,""r"":5}","{""obs_mistake_mask=E"":11}"
      2048,         0,         0,   0.250,correlated_pymatching,f78701dabc92d935ad4f13d4b82879787b139ab0efba2a7ff15a1f63c045c687,"{""d"":7,""p"":0.00046415888336127773,""r"":7}",
      6144,         0,         0,   0.241,correlated_pymatching,b9ea537001f4564e94f495911335fcbbcd36a480e30594a58e8a822a0a45b86e,"{""d"":5,""p"":0.0001,""r"":5}",
      7168,         0,         0,   0.324,correlated_pymatching,03702c5e8386abc5161cbc7d66f42d4640d85b09b3fd8da7f15989e262e7046a,"{""d"":5,""p"":0.00046415888336127773,""r"":5}",
      2048,         0,         0,   0.220,correlated_pymatching,e4f159b6793677bb35f01feb57a96b325f1fd1677dd307a327839217f990921c,"{""d"":7,""p"":0.0001,""r"":7}",
      1024,         0,         0,   0.150,correlated_pymatching,c0f36ac9493e507480de3d1005b3ff5353e22d8f53ac98af1cc86d39fd4c29db,"{""d"":7,""p"":0.001,""r"":7}",
     32768,        13,         0,   0.291,correlated_pymatching,308d207cf6c2ce0c26be378e3664ab1b4ee70ac2068981b5e5bc03112260010e,"{""d"":3,""p"":0.0001,""r"":3}","{""obs_mistake_mask=E"":13}"
      2048,         0,         0,   0.220,correlated_pymatching,fc34ebb7e95f39002e0450c43b4010e8487a8bf69020c41441c163f361e16caa,"{""d"":7,""p"":0.00021544346900318845,""r"":7}",
     15360,        28,         0,   0.810,correlated_pymatching,f5d4b6a4b0c56ea1b4ffa95a63a5e6bebf7381a1a9df57be4d969271ffdd7c56,"{""d"":5,""p"":0.001,""r"":5}","{""obs_mistake_mask=E"":28}"
      1024,        10,         0,   0.218,correlated_pymatching,aabbcce40f5d1a4d44990925beb525d4df18b69b973a4a45c0f93d6170d0e39a,"{""d"":7,""p"":0.002154434690031882,""r"":7}","{""obs_mistake_mask=E"":10}"
      2048,         0,         0,   0.248,correlated_pymatching,f78701dabc92d935ad4f13d4b82879787b139ab0efba2a7ff15a1f63c045c687,"{""d"":7,""p"":0.00046415888336127773,""r"":7}",
      8192,         0,         0,   0.860,correlated_pymatching,e4f159b6793677bb35f01feb57a96b325f1fd1677dd307a327839217f990921c,"{""d"":7,""p"":0.0001,""r"":7}",
     64512,        30,         0,   0.565,correlated_pymatching,308d207cf6c2ce0c26be378e3664ab1b4ee70ac2068981b5e5bc03112260010e,"{""d"":3,""p"":0.0001,""r"":3}","{""obs_mistake_mask=E"":30}"
     10240,         0,         0,   0.421,correlated_pymatching,fa4abf060bb8957bc373669c411dc29ef38c556623431d0b2ba3296802fc7aed,"{""d"":5,""p"":0.00021544346900318845,""r"":5}",
      2048,        16,         0,   0.439,correlated_pymatching,aabbcce40f5d1a4d44990925beb525d4df18b69b973a4a45c0f93d6170d0e39a,"{""d"":7,""p"":0.002154434690031882,""r"":7}","{""obs_mistake_mask=E"":16}"
      8192,         0,         0,   0.321,correlated_pymatching,b9ea537001f4564e94f495911335fcbbcd36a480e30594a58e8a822a0a45b86e,"{""d"":5,""p"":0.0001,""r"":5}",
      6144,         0,         0,   0.659,correlated_pymatching,e4f159b6793677bb35f01feb57a96b325f1fd1677dd307a327839217f990921c,"{""d"":7,""p"":0.0001,""r"":7}",
     18432,         4,         0,   0.835,correlated_pymatching,03702c5e8386abc5161cbc7d66f42d4640d85b09b3fd8da7f15989e262e7046a,"{""d"":5,""p"":0.00046415888336127773,""r"":5}","{""obs_mistake_mask=E"":4}"
      5120,         0,         0,   0.577,correlated_pymatching,fc34ebb7e95f39002e0450c43b4010e8487a8bf69020c41441c163f361e16caa,"{""d"":7,""p"":0.00021544346900318845,""r"":7}",
     11264,         0,         0,   0.442,correlated_pymatching,b9ea537001f4564e94f495911335fcbbcd36a480e30594a58e8a822a0a45b86e,"{""d"":5,""p"":0.0001,""r"":5}",
      3072,         0,         0,   0.324,correlated_pymatching,e4f159b6793677bb35f01feb57a96b325f1fd1677dd307a327839217f990921c,"{""d"":7,""p"":0.0001,""r"":7}",
      2048,         1,         0,   0.299,correlated_pymatching,c0f36ac9493e507480de3d1005b3ff5353e22d8f53ac98af1cc86d39fd4c29db,"{""d"":7,""p"":0.001,""r"":7}","{""obs_mistake_mask=E"":1}"
      1024,         4,         0,   0.218,correlated_pymatching,aabbcce40f5d1a4d44990925beb525d4df18b69b973a4a45c0f93d6170d0e39a,"{""d"":7,""p"":0.002154434690031882,""r"":7}","{""obs_mistake_mask=E"":4}"
      8192,        10,         0,   0.437,correlated_pymatching,f5d4b6a4b0c56ea1b4ffa95a63a5e6bebf7381a1a9df57be4d969271ffdd7c56,"{""d"":5,""p"":0.001,""r"":5}","{""obs_mistake_mask=E"":10}"
      8192,         0,         0,   0.898,correlated_pymatching,fc34ebb7e95f39002e0450c43b4010e8487a8bf69020c41441c163f361e16caa,"{""d"":7,""p"":0.00021544346900318845,""r"":7}",
      6144,         4,         0,   0.891,correlated_pymatching,c0f36ac9493e507480de3d1005b3ff5353e22d8f53ac98af1cc86d39fd4c29db,"{""d"":7,""p"":0.001,""r"":7}","{""obs_mistake_mask=E"":4}"
      7168,         1,         0,   0.864,correlated_pymatching,f78701dabc92d935ad4f13d4b82879787b139ab0efba2a7ff15a1f63c045c687,"{""d"":7,""p"":0.00046415888336127773,""r"":7}","{""obs_mistake_mask=E"":1}"
      9216,         5,         0,   0.417,correlated_pymatching,03702c5e8386abc5161cbc7d66f42d4640d85b09b3fd8da7f15989e262e7046a,"{""d"":5,""p"":0.00046415888336127773,""r"":5}","{""obs_mistake_mask=E"":5}"
      3072,         0,         0,   0.333,correlated_pymatching,fc34ebb7e95f39002e0450c43b4010e8487a8bf69020c41441c163f361e16caa,"{""d"":7,""p"":0.00021544346900318845,""r"":7}",
      4096,         4,         0,   0.608,correlated_pymatching,c0f36ac9493e507480de3d1005b3ff5353e22d8f53ac98af1cc86d39fd4c29db,"{""d"":7,""p"":0.001,""r"":7}","{""obs_mistake_mask=E"":4}"
     46080,        17,         0,   0.408,correlated_pymatching,308d207cf6c2ce0c26be378e3664ab1b4ee70ac2068981b5e5bc03112260010e,"{""d"":3,""p"":0.0001,""r"":3}","{""obs_mistake_mask=E"":17}"
      5120,         0,         0,   0.628,correlated_pymatching,f78701dabc92d935ad4f13d4b82879787b139ab0efba2a7ff15a1f63c045c687,"{""d"":7,""p"":0.00046415888336127773,""r"":7}",
      3072,         0,         0,   0.372,correlated_pymatching,f78701dabc92d935ad4f13d4b82879787b139ab0efba2a7ff15a1f63c045c687,"{""d"":7,""p"":0.00046415888336127773,""r"":7}",
    122880,        31,         0,    1.10,correlated_pymatching,308d207cf6c2ce0c26be378e3664ab1b4ee70ac2068981b5e5bc03112260010e,"{""d"":3,""p"":0.0001,""r"":3}","{""obs_mistake_mask=E"":31}"
    112640,        38,         0,   0.994,correlated_pymatching,308d207cf6c2ce0c26be378e3664ab1b4ee70ac2068981b5e5bc03112260010e,"{""d"":3,""p"":0.0001,""r"":3}","{""obs_mistake_mask=E"":38}"
      9216,         1,         0,   0.082,correlated_pymatching,308d207cf6c2ce0c26be378e3664ab1b4ee70ac2068981b5e5bc03112260010e,"{""d"":3,""p"":0.0001,""r"":3}","{""obs_mistake_mask=E"":1}"
     38912,        17,         0,   0.341,correlated_pymatching,308d207cf6c2ce0c26be378e3664ab1b4ee70ac2068981b5e5bc03112260010e,"{""d"":3,""p"":0.0001,""r"":3}","{""obs_mistake_mask=E"":17}"
      1024,         0,         0,   0.011,correlated_pymatching,308d207cf6c2ce0c26be378e3664ab1b4ee70ac2068981b5e5bc03112260010e,"{""d"":3,""p"":0.0001,""r"":3}",
      1024,        12,         0,   0.218,correlated_pymatching,aabbcce40f5d1a4d44990925beb525d4df18b69b973a4a45c0f93d6170d0e39a,"{""d"":7,""p"":0.002154434690031882,""r"":7}","{""obs_mistake_mask=E"":12}"
      2048,         0,         0,   0.299,correlated_pymatching,c0f36ac9493e507480de3d1005b3ff5353e22d8f53ac98af1cc86d39fd4c29db,"{""d"":7,""p"":0.001,""r"":7}",
         1,         0,         0,   0.037,correlated_pymatching,fa4abf060bb8957bc373669c411dc29ef38c556623431d0b2ba3296802fc7aed,"{""d"":5,""p"":0.00021544346900318845,""r"":5}",
         1,         0,         0,   0.039,correlated_pymatching,03702c5e8386abc5161cbc7d66f42d4640d85b09b3fd8da7f15989e262e7046a,"{""d"":5,""p"":0.00046415888336127773,""r"":5}",
         1,         0,         0,   0.040,correlated_pymatching,f5d4b6a4b0c56ea1b4ffa95a63a5e6bebf7381a1a9df57be4d969271ffdd7c56,"{""d"":5,""p"":0.001,""r"":5}",
     11264,         0,         0,   0.441,correlated_pymatching,b9ea537001f4564e94f495911335fcbbcd36a480e30594a58e8a822a0a45b86e,"{""d"":5,""p"":0.0001,""r"":5}",
        16,         0,         0,   0.036,correlated_pymatching,fa4abf060bb8957bc373669c411dc29ef38c556623431d0b2ba3296802fc7aed,"{""d"":5,""p"":0.00021544346900318845,""r"":5}",
         8,         0,         0,   0.037,correlated_pymatching,f5d4b6a4b0c56ea1b4ffa95a63a5e6bebf7381a1a9df57be4d969271ffdd7c56,"{""d"":5,""p"":0.001,""r"":5}",
         8,         0,         0,   0.062,correlated_pymatching,03702c5e8386abc5161cbc7d66f42d4640d85b09b3fd8da7f15989e262e7046a,"{""d"":5,""p"":0.00046415888336127773,""r"":5}",
       256,         0,         0,   0.041,correlated_pymatching,fa4abf060bb8957bc373669c411dc29ef38c556623431d0b2ba3296802fc7aed,"{""d"":5,""p"":0.00021544346900318845,""r"":5}",
       128,         0,         0,   0.038,correlated_pymatching,f5d4b6a4b0c56ea1b4ffa95a63a5e6bebf7381a1a9df57be4d969271ffdd7c56,"{""d"":5,""p"":0.001,""r"":5}",
     28672,         0,         0,    1.14,correlated_pymatching,b9ea537001f4564e94f495911335fcbbcd36a480e30594a58e8a822a0a45b86e,"{""d"":5,""p"":0.0001,""r"":5}",
      4096,        27,         0,   0.875,correlated_pymatching,aabbcce40f5d1a4d44990925beb525d4df18b69b973a4a45c0f93d6170d0e39a,"{""d"":7,""p"":0.002154434690031882,""r"":7}","{""obs_mistake_mask=E"":27}"
      4096,         0,         0,   0.433,correlated_pymatching,e4f159b6793677bb35f01feb57a96b325f1fd1677dd307a327839217f990921c,"{""d"":7,""p"":0.0001,""r"":7}",
        64,         0,         0,   0.040,correlated_pymatching,03702c5e8386abc5161cbc7d66f42d4640d85b09b3fd8da7f15989e262e7046a,"{""d"":5,""p"":0.00046415888336127773,""r"":5}",
      1024,         0,         0,   0.042,correlated_pymatching,fa4abf060bb8957bc373669c411dc29ef38c556623431d0b2ba3296802fc7aed,"{""d"":5,""p"":0.00021544346900318845,""r"":5}",
     26624,         2,         0,    1.19,correlated_pymatching,fa4abf060bb8957bc373669c411dc29ef38c556623431d0b2ba3296802fc7aed,"{""d"":5,""p"":0.00021544346900318845,""r"":5}","{""obs_mistake_mask=E"":2}"
         1,         0,         0,   0.100,correlated_pymatching,e4f159b6793677bb35f01feb57a96b325f1fd1677dd307a327839217f990921c,"{""d"":7,""p"":0.0001,""r"":7}",
      1024,         3,         0,   0.054,correlated_pymatching,f5d4b6a4b0c56ea1b4ffa95a63a5e6bebf7381a1a9df57be4d969271ffdd7c56,"{""d"":5,""p"":0.001,""r"":5}","{""obs_mistake_mask=E"":3}"
     14336,         1,         0,   0.590,correlated_pymatching,fa4abf060bb8957bc373669c411dc29ef38c556623431d0b2ba3296802fc7aed,"{""d"":5,""p"":0.00021544346900318845,""r"":5}","{""obs_mistake_mask=E"":1}"
       512,         0,         0,   0.044,correlated_pymatching,03702c5e8386abc5161cbc7d66f42d4640d85b09b3fd8da7f15989e262e7046a,"{""d"":5,""p"":0.00046415888336127773,""r"":5}",
      1024,         0,         0,   0.042,correlated_pymatching,fa4abf060bb8957bc373669c411dc29ef38c556623431d0b2ba3296802fc7aed,"{""d"":5,""p"":0.00021544346900318845,""r"":5}",
      4096,         0,         0,   0.448,correlated_pymatching,fc34ebb7e95f39002e0450c43b4010e8487a8bf69020c41441c163f361e16caa,"{""d"":7,""p"":0.00021544346900318845,""r"":7}",
     21504,        36,         0,    1.13,correlated_pymatching,f5d4b6a4b0c56ea1b4ffa95a63a5e6bebf7381a1a9df57be4d969271ffdd7c56,"{""d"":5,""p"":0.001,""r"":5}","{""obs_mistake_mask=E"":36}"
     24576,         5,         0,    1.11,correlated_pymatching,03702c5e8386abc5161cbc7d66f42d4640d85b09b3fd8da7f15989e262e7046a,"{""d"":5,""p"":0.00046415888336127773,""r"":5}","{""obs_mistake_mask=E"":5}"
      1024,         3,         0,   0.054,correlated_pymatching,f5d4b6a4b0c56ea1b4ffa95a63a5e6bebf7381a1a9df57be4d969271ffdd7c56,"{""d"":5,""p"":0.001,""r"":5}","{""obs_mistake_mask=E"":3}"
      1024,         0,         0,   0.048,correlated_pymatching,03702c5e8386abc5161cbc7d66f42d4640d85b09b3fd8da7f15989e262e7046a,"{""d"":5,""p"":0.00046415888336127773,""r"":5}",
     15360,         0,         0,   0.605,correlated_pymatching,b9ea537001f4564e94f495911335fcbbcd36a480e30594a58e8a822a0a45b86e,"{""d"":5,""p"":0.0001,""r"":5}",
      3072,        24,         0,   0.655,correlated_pymatching,aabbcce40f5d1a4d44990925beb525d4df18b69b973a4a45c0f93d6170d0e39a,"{""d"":7,""p"":0.002154434690031882,""r"":7}","{""obs_mistake_mask=E"":24}"
         4,         0,         0,   0.098,correlated_pymatching,e4f159b6793677bb35f01feb57a96b325f1fd1677dd307a327839217f990921c,"{""d"":7,""p"":0.0001,""r"":7}",
      2048,         0,         0,   0.084,correlated_pymatching,fa4abf060bb8957bc373669c411dc29ef38c556623431d0b2ba3296802fc7aed,"{""d"":5,""p"":0.00021544346900318845,""r"":5}",
      1024,         1,         0,   0.054,correlated_pymatching,f5d4b6a4b0c56ea1b4ffa95a63a5e6bebf7381a1a9df57be4d969271ffdd7c56,"{""d"":5,""p"":0.001,""r"":5}","{""obs_mistake_mask=E"":1}"
     11264,        27,         0,   0.602,correlated_pymatching,f5d4b6a4b0c56ea1b4ffa95a63a5e6bebf7381a1a9df57be4d969271ffdd7c56,"{""d"":5,""p"":0.001,""r"":5}","{""obs_mistake_mask=E"":27}"
      2048,         0,         0,   0.095,correlated_pymatching,03702c5e8386abc5161cbc7d66f42d4640d85b09b3fd8da7f15989e262e7046a,"{""d"":5,""p"":0.00046415888336127773,""r"":5}",
     28672,         0,         0,    1.14,correlated_pymatching,b9ea537001f4564e94f495911335fcbbcd36a480e30594a58e8a822a0a45b86e,"{""d"":5,""p"":0.0001,""r"":5}",
      2048,        10,         0,   0.433,correlated_pymatching,aabbcce40f5d1a4d44990925beb525d4df18b69b973a4a45c0f93d6170d0e39a,"{""d"":7,""p"":0.002154434690031882,""r"":7}","{""obs_mistake_mask=E"":10}"
     27648,         0,         0,    1.15,correlated_pymatching,fa4abf060bb8957bc373669c411dc29ef38c556623431d0b2ba3296802fc7aed,"{""d"":5,""p"":0.00021544346900318845,""r"":5}",
     13312,         5,         0,   0.602,correlated_pymatching,03702c5e8386abc5161cbc7d66f42d4640d85b09b3fd8da7f15989e262e7046a,"{""d"":5,""p"":0.00046415888336127773,""r"":5}","{""obs_mistake_mask=E"":5}"
      2048,         0,         0,   0.085,correlated_pymatching,fa4abf060bb8957bc373669c411dc29ef38c556623431d0b2ba3296802fc7aed,"{""d"":5,""p"":0.00021544346900318845,""r"":5}",
        16,         0,         0,   0.099,correlated_pymatching,e4f159b6793677bb35f01feb57a96b325f1fd1677dd307a327839217f990921c,"{""d"":7,""p"":0.0001,""r"":7}",
      2048,         4,         0,   0.109,correlated_pymatching,f5d4b6a4b0c56ea1b4ffa95a63a5e6bebf7381a1a9df57be4d969271ffdd7c56,"{""d"":5,""p"":0.001,""r"":5}","{""obs_mistake_mask=E"":4}"
      4096,         0,         0,   0.497,correlated_pymatching,f78701dabc92d935ad4f13d4b82879787b139ab0efba2a7ff15a1f63c045c687,"{""d"":7,""p"":0.00046415888336127773,""r"":7}",
      2048,         0,         0,   0.096,correlated_pymatching,03702c5e8386abc5161cbc7d66f42d4640d85b09b3fd8da7f15989e262e7046a,"{""d"":5,""p"":0.00046415888336127773,""r"":5}",
      7168,         0,         0,   0.806,correlated_pymatching,fc34ebb7e95f39002e0450c43b4010e8487a8bf69020c41441c163f361e16caa,"{""d"":7,""p"":0.00021544346900318845,""r"":7}",
      3072,         1,         0,   0.453,correlated_pymatching,c0f36ac9493e507480de3d1005b3ff5353e22d8f53ac98af1cc86d39fd4c29db,"{""d"":7,""p"":0.001,""r"":7}","{""obs_mistake_mask=E"":1}"
        64,         0,         0,   0.100,correlated_pymatching,e4f159b6793677bb35f01feb57a96b325f1fd1677dd307a327839217f990921c,"{""d"":7,""p"":0.0001,""r"":7}",
      3072,         0,         0,   0.127,correlated_pymatching,fa4abf060bb8957bc373669c411dc29ef38c556623431d0b2ba3296802fc7aed,"{""d"":5,""p"":0.00021544346900318845,""r"":5}",
      2048,         3,         0,   0.109,correlated_pymatching,f5d4b6a4b0c56ea1b4ffa95a63a5e6bebf7381a1a9df57be4d969271ffdd7c56,"{""d"":5,""p"":0.001,""r"":5}","{""obs_mistake_mask=E"":3}"
      8192,         0,         0,   0.881,correlated_pymatching,e4f159b6793677bb35f01feb57a96b325f1fd1677dd307a327839217f990921c,"{""d"":7,""p"":0.0001,""r"":7}",
      3072,         2,         0,   0.141,correlated_pymatching,03702c5e8386abc5161cbc7d66f42d4640d85b09b3fd8da7f15989e262e7046a,"{""d"":5,""p"":0.00046415888336127773,""r"":5}","{""obs_mistake_mask=E"":2}"
       256,         0,         0,   0.101,correlated_pymatching,e4f159b6793677bb35f01feb57a96b325f1fd1677dd307a327839217f990921c,"{""d"":7,""p"":0.0001,""r"":7}",
     21504,        52,         0,    1.14,correlated_pymatching,f5d4b6a4b0c56ea1b4ffa95a63a5e6bebf7381a1a9df57be4d969271ffdd7c56,"{""d"":5,""p"":0.001,""r"":5}","{""obs_mistake_mask=E"":52}"
      7168,        15,         0,   0.418,correlated_pymatching,f5d4b6a4b0c56ea1b4ffa95a63a5e6bebf7381a1a9df57be4d969271ffdd7c56,"{""d"":5,""p"":0.001,""r"":5}","{""obs_mistake_mask=E"":15}"
      6144,        17,         0,   0.330,correlated_pymatching,f5d4b6a4b0c56ea1b4ffa95a63a5e6bebf7381a1a9df57be4d969271ffdd7c56,"{""d"":5,""p"":0.001,""r"":5}","{""obs_mistake_mask=E"":17}"
      4096,         0,         0,   0.169,correlated_pymatching,fa4abf060bb8957bc373669c411dc29ef38c556623431d0b2ba3296802fc7aed,"{""d"":5,""p"":0.00021544346900318845,""r"":5}",
     15360,         0,         0,   0.603,correlated_pymatching,b9ea537001f4564e94f495911335fcbbcd36a480e30594a58e8a822a0a45b86e,"{""d"":5,""p"":0.0001,""r"":5}",
      3072,         9,         0,   0.164,correlated_pymatching,f5d4b6a4b0c56ea1b4ffa95a63a5e6bebf7381a1a9df57be4d969271ffdd7c56,"{""d"":5,""p"":0.001,""r"":5}","{""obs_mistake_mask=E"":9}"
      1024,         1,         0,   0.055,correlated_pymatching,f5d4b6a4b0c56ea1b4ffa95a63a5e6bebf7381a1a9df57be4d969271ffdd7c56,"{""d"":5,""p"":0.001,""r"":5}","{""obs_mistake_mask=E"":1}"
      6144,         3,         0,   0.907,correlated_pymatching,c0f36ac9493e507480de3d1005b3ff5353e22d8f53ac98af1cc86d39fd4c29db,"{""d"":7,""p"":0.001,""r"":7}","{""obs_mistake_mask=E"":3}"
      1024,         0,         0,   0.110,correlated_pymatching,e4f159b6793677bb35f01feb57a96b325f1fd1677dd307a327839217f990921c,"{""d"":7,""p"":0.0001,""r"":7}",
     11264,         0,         0,    1.18,correlated_pymatching,e4f159b6793677bb35f01feb57a96b325f1fd1677dd307a327839217f990921c,"{""d"":7,""p"":0.0001,""r"":7}",
      7168,         0,         0,   0.885,correlated_pymatching,f78701dabc92d935ad4f13d4b82879787b139ab0efba2a7ff15a1f63c045c687,"{""d"":7,""p"":0.00046415888336127773,""r"":7}",
     24576,         4,         0,    1.12,correlated_pymatching,03702c5e8386abc5161cbc7d66f42d4640d85b09b3fd8da7f15989e262e7046a,"{""d"":5,""p"":0.00046415888336127773,""r"":5}","{""obs_mistake_mask=E"":4}"
      4096,         1,         0,   0.190,correlated_pymatching,03702c5e8386abc5161cbc7d66f42d4640d85b09b3fd8da7f15989e262e7046a,"{""d"":5,""p"":0.00046415888336127773,""r"":5}","{""obs_mistake_mask=E"":1}"
      6144,         0,         0,   0.644,correlated_pymatching,e4f159b6793677bb35f01feb57a96b325f1fd1677dd307a327839217f990921c,"{""d"":7,""p"":0.0001,""r"":7}",
      2048,        16,         0,   0.434,correlated_pymatching,aabbcce40f5d1a4d44990925beb525d4df18b69b973a4a45c0f93d6170d0e39a,"{""d"":7,""p"":0.002154434690031882,""r"":7}","{""obs_mistake_mask=E"":16}"
      1024,         0,         0,   0.110,correlated_pymatching,e4f159b6793677bb35f01feb57a96b325f1fd1677dd307a327839217f990921c,"{""d"":7,""p"":0.0001,""r"":7}",
     10240,         0,         0,    1.12,correlated_pymatching,fc34ebb7e95f39002e0450c43b4010e8487a8bf69020c41441c163f361e16caa,"{""d"":7,""p"":0.00021544346900318845,""r"":7}",
      5120,         0,         0,   0.211,correlated_pymatching,fa4abf060bb8957bc373669c411dc29ef38c556623431d0b2ba3296802fc7aed,"{""d"":5,""p"":0.00021544346900318845,""r"":5}",
      6144,         0,         0,   0.672,correlated_pymatching,fc34ebb7e95f39002e0450c43b4010e8487a8bf69020c41441c163f361e16caa,"{""d"":7,""p"":0.00021544346900318845,""r"":7}",
      1024,         0,         0,   0.110,correlated_pymatching,e4f159b6793677bb35f01feb57a96b325f1fd1677dd307a327839217f990921c,"{""d"":7,""p"":0.0001,""r"":7}",
      8192,         7,         0,    1.19,correlated_pymatching,c0f36ac9493e507480de3d1005b3ff5353e22d8f53ac98af1cc86d39fd4c29db,"{""d"":7,""p"":0.001,""r"":7}","{""obs_mistake_mask=E"":7}"
         1,         0,         0,   0.103,correlated_pymatching,f78701dabc92d935ad4f13d4b82879787b139ab0efba2a7ff15a1f63c045c687,"{""d"":7,""p"":0.00046415888336127773,""r"":7}",
         1,         0,         0,   0.103,correlated_pymatching,aabbcce40f5d1a4d44990925beb525d4df18b69b973a4a45c0f93d6170d0e39a,"{""d"":7,""p"":0.002154434690031882,""r"":7}",
         1,         0,         0,   0.102,correlated_pymatching,c0f36ac9493e507480de3d1005b3ff5353e22d8f53ac98af1cc86d39fd4c29db,"{""d"":7,""p"":0.001,""r"":7}",
         1,         0,         0,   0.103,correlated_pymatching,fc34ebb7e95f39002e0450c43b4010e8487a8bf69020c41441c163f361e16caa,"{""d"":7,""p"":0.00021544346900318845,""r"":7}",
     10240,         1,         0,    1.23,correlated_pymatching,f78701dabc92d935ad4f13d4b82879787b139ab0efba2a7ff15a1f63c045c687,"{""d"":7,""p"":0.00046415888336127773,""r"":7}","{""obs_mistake_mask=E"":1}"
     19456,         1,         0,   0.801,correlated_pymatching,fa4abf060bb8957bc373669c411dc29ef38c556623431d0b2ba3296802fc7aed,"{""d"":5,""p"":0.00021544346900318845,""r"":5}","{""obs_mistake_mask=E"":1}"
      5120,         0,         0,   0.237,correlated_pymatching,03702c5e8386abc5161cbc7d66f42d4640d85b09b3fd8da7f15989e262e7046a,"{""d"":5,""p"":0.00046415888336127773,""r"":5}",
      5120,         0,         0,   0.618,correlated_pymatching,f78701dabc92d935ad4f13d4b82879787b139ab0efba2a7ff15a1f63c045c687,"{""d"":7,""p"":0.00046415888336127773,""r"":7}",
         4,         0,         0,   0.102,correlated_pymatching,f78701dabc92d935ad4f13d4b82879787b139ab0efba2a7ff15a1f63c045c687,"{""d"":7,""p"":0.00046415888336127773,""r"":7}",
         4,         0,         0,   0.102,correlated_pymatching,aabbcce40f5d1a4d44990925beb525d4df18b69b973a4a45c0f93d6170d0e39a,"{""d"":7,""p"":0.002154434690031882,""r"":7}",
         4,         0,         0,   0.102,correlated_pymatching,c0f36ac9493e507480de3d1005b3ff5353e22d8f53ac98af1cc86d39fd4c29db,"{""d"":7,""p"":0.001,""r"":7}",
         4,         0,         0,   0.100,correlated_pymatching,fc34ebb7e95f39002e0450c43b4010e8487a8bf69020c41441c163f361e16caa,"{""d"":7,""p"":0.00021544346900318845,""r"":7}",
      4096,         2,         0,   0.596,correlated_pymatching,c0f36ac9493e507480de3d1005b3ff5353e22d8f53ac98af1cc86d39fd4c29db,"{""d"":7,""p"":0.001,""r"":7}","{""obs_mistake_mask=E"":2}"
     20480,         0,         0,   0.813,correlated_pymatching,b9ea537001f4564e94f495911335fcbbcd36a480e30594a58e8a822a0a45b86e,"{""d"":5,""p"":0.0001,""r"":5}",
      2048,         0,         0,   0.221,correlated_pymatching,e4f159b6793677bb35f01feb57a96b325f1fd1677dd307a327839217f990921c,"{""d"":7,""p"":0.0001,""r"":7}",
        16,         0,         0,   0.101,correlated_pymatching,f78701dabc92d935ad4f13d4b82879787b139ab0efba2a7ff15a1f63c045c687,"{""d"":7,""p"":0.00046415888336127773,""r"":7}",
        16,         0,         0,   0.102,correlated_pymatching,c0f36ac9493e507480de3d1005b3ff5353e22d8f53ac98af1cc86d39fd4c29db,"{""d"":7,""p"":0.001,""r"":7}",
        16,         2,         0,   0.103,correlated_pymatching,aabbcce40f5d1a4d44990925beb525d4df18b69b973a4a45c0f93d6170d0e39a,"{""d"":7,""p"":0.002154434690031882,""r"":7}","{""obs_mistake_mask=E"":2}"
        16,         0,         0,   0.101,correlated_pymatching,fc34ebb7e95f39002e0450c43b4010e8487a8bf69020c41441c163f361e16caa,"{""d"":7,""p"":0.00021544346900318845,""r"":7}",
      4096,        28,         0,   0.885,correlated_pymatching,aabbcce40f5d1a4d44990925beb525d4df18b69b973a4a45c0f93d6170d0e39a,"{""d"":7,""p"":0.002154434690031882,""r"":7}","{""obs_mistake_mask=E"":28}"
      7168,         0,         0,   0.298,correlated_pymatching,fa4abf060bb8957bc373669c411dc29ef38c556623431d0b2ba3296802fc7aed,"{""d"":5,""p"":0.00021544346900318845,""r"":5}",
     18432,         8,         0,   0.836,correlated_pymatching,03702c5e8386abc5161cbc7d66f42d4640d85b09b3fd8da7f15989e262e7046a,"{""d"":5,""p"":0.00046415888336127773,""r"":5}","{""obs_mistake_mask=E"":8}"
        64,         0,         0,   0.103,correlated_pymatching,f78701dabc92d935ad4f13d4b82879787b139ab0efba2a7ff15a1f63c045c687,"{""d"":7,""p"":0.00046415888336127773,""r"":7}",
        64,         0,         0,   0.105,correlated_pymatching,c0f36ac9493e507480de3d1005b3ff5353e22d8f53ac98af1cc86d39fd4c29db,"{""d"":7,""p"":0.001,""r"":7}",
        64,         1,         0,   0.109,correlated_pymatching,aabbcce40f5d1a4d44990925beb525d4df18b69b973a4a45c0f93d6170d0e39a,"{""d"":7,""p"":0.002154434690031882,""r"":7}","{""obs_mistake_mask=E"":1}"
        64,         0,         0,   0.103,correlated_pymatching,fc34ebb7e95f39002e0450c43b4010e8487a8bf69020c41441c163f361e16caa,"{""d"":7,""p"":0.00021544346900318845,""r"":7}",
      7168,         3,         0,   0.332,correlated_pymatching,03702c5e8386abc5161cbc7d66f42d4640d85b09b3fd8da7f15989e262e7046a,"{""d"":5,""p"":0.00046415888336127773,""r"":5}","{""obs_mistake_mask=E"":3}"
       256,         0,         0,   0.107,correlated_pymatching,f78701dabc92d935ad4f13d4b82879787b139ab0efba2a7ff15a1f63c045c687,"{""d"":7,""p"":0.00046415888336127773,""r"":7}",
      2048,         0,         0,   0.223,correlated_pymatching,e4f159b6793677bb35f01feb57a96b325f1fd1677dd307a327839217f990921c,"{""d"":7,""p"":0.0001,""r"":7}",
       256,         0,         0,   0.113,correlated_pymatching,c0f36ac9493e507480de3d1005b3ff5353e22d8f53ac98af1cc86d39fd4c29db,"{""d"":7,""p"":0.001,""r"":7}",
       256,         0,         0,   0.106,correlated_pymatching,fc34ebb7e95f39002e0450c43b4010e8487a8bf69020c41441c163f361e16caa,"{""d"":7,""p"":0.00021544346900318845,""r"":7}",
       256,         3,         0,   0.132,correlated_pymatching,aabbcce40f5d1a4d44990925beb525d4df18b69b973a4a45c0f93d6170d0e39a,"{""d"":7,""p"":0.002154434690031882,""r"":7}","{""obs_mistake_mask=E"":3}"
      6144,        35,         0,    1.30,correlated_pymatching,aabbcce40f5d1a4d44990925beb525d4df18b69b973a4a45c0f93d6170d0e39a,"{""d"":7,""p"":0.002154434690031882,""r"":7}","{""obs_mistake_mask=E"":35}"
      3072,        20,         0,   0.653,correlated_pymatching,aabbcce40f5d1a4d44990925beb525d4df18b69b973a4a45c0f93d6170d0e39a,"{""d"":7,""p"":0.002154434690031882,""r"":7}","{""obs_mistake_mask=E"":20}"
      1024,         0,         0,   0.129,correlated_pymatching,f78701dabc92d935ad4f13d4b82879787b139ab0efba2a7ff15a1f63c045c687,"{""d"":7,""p"":0.00046415888336127773,""r"":7}",
     20480,         0,         0,   0.804,correlated_pymatching,b9ea537001f4564e94f495911335fcbbcd36a480e30594a58e8a822a0a45b86e,"{""d"":5,""p"":0.0001,""r"":5}",
      1024,         0,         0,   0.120,correlated_pymatching,fc34ebb7e95f39002e0450c43b4010e8487a8bf69020c41441c163f361e16caa,"{""d"":7,""p"":0.00021544346900318845,""r"":7}",
      1024,         0,         0,   0.154,correlated_pymatching,c0f36ac9493e507480de3d1005b3ff5353e22d8f53ac98af1cc86d39fd4c29db,"{""d"":7,""p"":0.001,""r"":7}",
      1024,         0,         0,   0.118,correlated_pymatching,fc34ebb7e95f39002e0450c43b4010e8487a8bf69020c41441c163f361e16caa,"{""d"":7,""p"":0.00021544346900318845,""r"":7}",
      1024,         0,         0,   0.127,correlated_pymatching,f78701dabc92d935ad4f13d4b82879787b139ab0efba2a7ff15a1f63c045c687,"{""d"":7,""p"":0.00046415888336127773,""r"":7}",
     10240,         0,         0,   0.426,correlated_pymatching,fa4abf060bb8957bc373669c411dc29ef38c556623431d0b2ba3296802fc7aed,"{""d"":5,""p"":0.00021544346900318845,""r"":5}",
      1024,         8,         0,   0.226,correlated_pymatching,aabbcce40f5d1a4d44990925beb525d4df18b69b973a4a45c0f93d6170d0e39a,"{""d"":7,""p"":0.002154434690031882,""r"":7}","{""obs_mistake_mask=E"":8}"
     10240,         0,         0,    1.17,correlated_pymatching,fc34ebb7e95f39002e0450c43b4010e8487a8bf69020c41441c163f361e16caa,"{""d"":7,""p"":0.00021544346900318845,""r"":7}",
      8192,         0,         0,   0.866,correlated_pymatching,e4f159b6793677bb35f01feb57a96b325f1fd1677dd307a327839217f990921c,"{""d"":7,""p"":0.0001,""r"":7}",
      1024,         0,         0,   0.151,correlated_pymatching,c0f36ac9493e507480de3d1005b3ff5353e22d8f53ac98af1cc86d39fd4c29db,"{""d"":7,""p"":0.001,""r"":7}",
      3072,         0,         0,   0.331,correlated_pymatching,e4f159b6793677bb35f01feb57a96b325f1fd1677dd307a327839217f990921c,"{""d"":7,""p"":0.0001,""r"":7}",
      1024,         0,         0,   0.118,correlated_pymatching,fc34ebb7e95f39002e0450c43b4010e8487a8bf69020c41441c163f361e16caa,"{""d"":7,""p"":0.00021544346900318845,""r"":7}",
     39936,         0,         0,    1.59,correlated_pymatching,b9ea537001f4564e94f495911335fcbbcd36a480e30594a58e8a822a0a45b86e,"{""d"":5,""p"":0.0001,""r"":5}",
      1024,         0,         0,   0.129,correlated_pymatching,f78701dabc92d935ad4f13d4b82879787b139ab0efba2a7ff15a1f63c045c687,"{""d"":7,""p"":0.00046415888336127773,""r"":7}",
     11264,         0,         0,    1.22,correlated_pymatching,e4f159b6793677bb35f01feb57a96b325f1fd1677dd307a327839217f990921c,"{""d"":7,""p"":0.0001,""r"":7}",
     37888,         0,         0,    1.57,correlated_pymatching,fa4abf060bb8957bc373669c411dc29ef38c556623431d0b2ba3296802fc7aed,"{""d"":5,""p"":0.00021544346900318845,""r"":5}",
      9216,         2,         0,   0.429,correlated_pymatching,03702c5e8386abc5161cbc7d66f42d4640d85b09b3fd8da7f15989e262e7046a,"{""d"":5,""p"":0.00046415888336127773,""r"":5}","{""obs_mistake_mask=E"":2}"
      8192,         0,         0,   0.899,correlated_pymatching,fc34ebb7e95f39002e0450c43b4010e8487a8bf69020c41441c163f361e16caa,"{""d"":7,""p"":0.00021544346900318845,""r"":7}",
     33792,         9,         0,    1.56,correlated_pymatching,03702c5e8386abc5161cbc7d66f42d4640d85b09b3fd8da7f15989e262e7046a,"{""d"":5,""p"":0.00046415888336127773,""r"":5}","{""obs_mistake_mask=E"":9}"
      1024,         0,         0,   0.152,correlated_pymatching,c0f36ac9493e507480de3d1005b3ff5353e22d8f53ac98af1cc86d39fd4c29db,"{""d"":7,""p"":0.001,""r"":7}",
      1024,         6,         0,   0.224,correlated_pymatching,aabbcce40f5d1a4d44990925beb525d4df18b69b973a4a45c0f93d6170d0e39a,"{""d"":7,""p"":0.002154434690031882,""r"":7}","{""obs_mistake_mask=E"":6}"
      2048,        14,         0,   0.435,correlated_pymatching,aabbcce40f5d1a4d44990925beb525d4df18b69b973a4a45c0f93d6170d0e39a,"{""d"":7,""p"":0.002154434690031882,""r"":7}","{""obs_mistake_mask=E"":14}"
      2048,        23,         0,   0.437,correlated_pymatching,aabbcce40f5d1a4d44990925beb525d4df18b69b973a4a45c0f93d6170d0e39a,"{""d"":7,""p"":0.002154434690031882,""r"":7}","{""obs_mistake_mask=E"":23}"
      7168,         0,         0,   0.866,correlated_pymatching,f78701dabc92d935ad4f13d4b82879787b139ab0efba2a7ff15a1f63c045c687,"{""d"":7,""p"":0.00046415888336127773,""r"":7}",
      8192,         4,         0,    1.23,correlated_pymatching,c0f36ac9493e507480de3d1005b3ff5353e22d8f53ac98af1cc86d39fd4c29db,"{""d"":7,""p"":0.001,""r"":7}","{""obs_mistake_mask=E"":4}"
     39936,         0,         0,    1.59,correlated_pymatching,b9ea537001f4564e94f495911335fcbbcd36a480e30594a58e8a822a0a45b86e,"{""d"":5,""p"":0.0001,""r"":5}",
      9216,         0,         0,    1.20,correlated_pymatching,f78701dabc92d935ad4f13d4b82879787b139ab0efba2a7ff15a1f63c045c687,"{""d"":7,""p"":0.00046415888336127773,""r"":7}",
      2048,         0,         0,   0.235,correlated_pymatching,fc34ebb7e95f39002e0450c43b4010e8487a8bf69020c41441c163f361e16caa,"{""d"":7,""p"":0.00021544346900318845,""r"":7}",
     37888,         2,         0,    1.59,correlated_pymatching,fa4abf060bb8957bc373669c411dc29ef38c556623431d0b2ba3296802fc7aed,"{""d"":5,""p"":0.00021544346900318845,""r"":5}","{""obs_mistake_mask=E"":2}"
      6144,         3,         0,   0.897,correlated_pymatching,c0f36ac9493e507480de3d1005b3ff5353e22d8f53ac98af1cc86d39fd4c29db,"{""d"":7,""p"":0.001,""r"":7}","{""obs_mistake_mask=E"":3}"
      1024,         0,         0,   0.154,correlated_pymatching,c0f36ac9493e507480de3d1005b3ff5353e22d8f53ac98af1cc86d39fd4c29db,"{""d"":7,""p"":0.001,""r"":7}",
      2048,         1,         0,   0.255,correlated_pymatching,f78701dabc92d935ad4f13d4b82879787b139ab0efba2a7ff15a1f63c045c687,"{""d"":7,""p"":0.00046415888336127773,""r"":7}","{""obs_mistake_mask=E"":1}"
      4096,        38,         0,   0.892,correlated_pymatching,aabbcce40f5d1a4d44990925beb525d4df18b69b973a4a45c0f93d6170d0e39a,"{""d"":7,""p"":0.002154434690031882,""r"":7}","{""obs_mistake_mask=E"":38}"
      1024,        10,         0,   0.222,correlated_pymatching,aabbcce40f5d1a4d44990925beb525d4df18b69b973a4a45c0f93d6170d0e39a,"{""d"":7,""p"":0.002154434690031882,""r"":7}","{""obs_mistake_mask=E"":10}"
      4096,         0,         0,   0.435,correlated_pymatching,e4f159b6793677bb35f01feb57a96b325f1fd1677dd307a327839217f990921c,"{""d"":7,""p"":0.0001,""r"":7}",
     27648,         0,         0,    1.14,correlated_pymatching,fa4abf060bb8957bc373669c411dc29ef38c556623431d0b2ba3296802fc7aed,"{""d"":5,""p"":0.00021544346900318845,""r"":5}",
      2048,         0,         0,   0.237,correlated_pymatching,fc34ebb7e95f39002e0450c43b4010e8487a8bf69020c41441c163f361e16caa,"{""d"":7,""p"":0.00021544346900318845,""r"":7}",
         1,         0,         0,   0.037,correlated_pymatching,b9ea537001f4564e94f495911335fcbbcd36a480e30594a58e8a822a0a45b86e,"{""d"":5,""p"":0.0001,""r"":5}",
     14336,         1,         0,   0.597,correlated_pymatching,fa4abf060bb8957bc373669c411dc29ef38c556623431d0b2ba3296802fc7aed,"{""d"":5,""p"":0.00021544346900318845,""r"":5}","{""obs_mistake_mask=E"":1}"
         1,         0,         0,   0.037,correlated_pymatching,fa4abf060bb8957bc373669c411dc29ef38c556623431d0b2ba3296802fc7aed,"{""d"":5,""p"":0.00021544346900318845,""r"":5}",
         1,         0,         0,   0.037,correlated_pymatching,03702c5e8386abc5161cbc7d66f42d4640d85b09b3fd8da7f15989e262e7046a,"{""d"":5,""p"":0.00046415888336127773,""r"":5}",
     28672,         0,         0,    1.14,correlated_pymatching,b9ea537001f4564e94f495911335fcbbcd36a480e30594a58e8a822a0a45b86e,"{""d"":5,""p"":0.0001,""r"":5}",
        16,         0,         0,   0.036,correlated_pymatching,b9ea537001f4564e94f495911335fcbbcd36a480e30594a58e8a822a0a45b86e,"{""d"":5,""p"":0.0001,""r"":5}",
      2048,         0,         0,   0.253,correlated_pymatching,f78701dabc92d935ad4f13d4b82879787b139ab0efba2a7ff15a1f63c045c687,"{""d"":7,""p"":0.00046415888336127773,""r"":7}",
        16,         0,         0,   0.036,correlated_pymatching,fa4abf060bb8957bc373669c411dc29ef38c556623431d0b2ba3296802fc7aed,"{""d"":5,""p"":0.00021544346900318845,""r"":5}",
        16,         0,         0,   0.036,correlated_pymatching,03702c5e8386abc5161cbc7d66f42d4640d85b09b3fd8da7f15989e262e7046a,"{""d"":5,""p"":0.00046415888336127773,""r"":5}",
       256,         0,         0,   0.037,correlated_pymatching,b9ea537001f4564e94f495911335fcbbcd36a480e30594a58e8a822a0a45b86e,"{""d"":5,""p"":0.0001,""r"":5}",
      2048,         1,         0,   0.306,correlated_pymatching,c0f36ac9493e507480de3d1005b3ff5353e22d8f53ac98af1cc86d39fd4c29db,"{""d"":7,""p"":0.001,""r"":7}","{""obs_mistake_mask=E"":1}"
       256,         0,         0,   0.038,correlated_pymatching,fa4abf060bb8957bc373669c411dc29ef38c556623431d0b2ba3296802fc7aed,"{""d"":5,""p"":0.00021544346900318845,""r"":5}",
       256,         0,         0,   0.039,correlated_pymatching,03702c5e8386abc5161cbc7d66f42d4640d85b09b3fd8da7f15989e262e7046a,"{""d"":5,""p"":0.00046415888336127773,""r"":5}",
      1024,         0,         0,   0.041,correlated_pymatching,b9ea537001f4564e94f495911335fcbbcd36a480e30594a58e8a822a0a45b86e,"{""d"":5,""p"":0.0001,""r"":5}",
      1024,         0,         0,   0.043,correlated_pymatching,fa4abf060bb8957bc373669c411dc29ef38c556623431d0b2ba3296802fc7aed,"{""d"":5,""p"":0.00021544346900318845,""r"":5}",
     24576,         7,         0,    1.12,correlated_pymatching,03702c5e8386abc5161cbc7d66f42d4640d85b09b3fd8da7f15989e262e7046a,"{""d"":5,""p"":0.00046415888336127773,""r"":5}","{""obs_mistake_mask=E"":7}"
         1,         0,         0,   0.094,correlated_pymatching,e4f159b6793677bb35f01feb57a96b325f1fd1677dd307a327839217f990921c,"{""d"":7,""p"":0.0001,""r"":7}",
      1024,         0,         0,   0.046,correlated_pymatching,03702c5e8386abc5161cbc7d66f42d4640d85b09b3fd8da7f15989e262e7046a,"{""d"":5,""p"":0.00046415888336127773,""r"":5}",
     15360,         0,         0,    1.60,correlated_pymatching,e4f159b6793677bb35f01feb57a96b325f1fd1677dd307a327839217f990921c,"{""d"":7,""p"":0.0001,""r"":7}",
     34816,        11,         0,    1.59,correlated_pymatching,03702c5e8386abc5161cbc7d66f42d4640d85b09b3fd8da7f15989e262e7046a,"{""d"":5,""p"":0.00046415888336127773,""r"":5}","{""obs_mistake_mask=E"":11}"
     12288,         3,         0,   0.573,correlated_pymatching,03702c5e8386abc5161cbc7d66f42d4640d85b09b3fd8da7f15989e262e7046a,"{""d"":5,""p"":0.00046415888336127773,""r"":5}","{""obs_mistake_mask=E"":3}"
      1024,         0,         0,   0.040,correlated_pymatching,b9ea537001f4564e94f495911335fcbbcd36a480e30594a58e8a822a0a45b86e,"{""d"":5,""p"":0.0001,""r"":5}",
      1024,         0,         0,   0.043,correlated_pymatching,fa4abf060bb8957bc373669c411dc29ef38c556623431d0b2ba3296802fc7aed,"{""d"":5,""p"":0.00021544346900318845,""r"":5}",
      1024,         1,         0,   0.046,correlated_pymatching,03702c5e8386abc5161cbc7d66f42d4640d85b09b3fd8da7f15989e262e7046a,"{""d"":5,""p"":0.00046415888336127773,""r"":5}","{""obs_mistake_mask=E"":1}"
     14336,         0,         0,    1.56,correlated_pymatching,fc34ebb7e95f39002e0450c43b4010e8487a8bf69020c41441c163f361e16caa,"{""d"":7,""p"":0.00021544346900318845,""r"":7}",
         4,         0,         0,   0.095,correlated_pymatching,e4f159b6793677bb35f01feb57a96b325f1fd1677dd307a327839217f990921c,"{""d"":7,""p"":0.0001,""r"":7}",
      2048,         0,         0,   0.081,correlated_pymatching,b9ea537001f4564e94f495911335fcbbcd36a480e30594a58e8a822a0a45b86e,"{""d"":5,""p"":0.0001,""r"":5}",
      2048,         0,         0,   0.085,correlated_pymatching,fa4abf060bb8957bc373669c411dc29ef38c556623431d0b2ba3296802fc7aed,"{""d"":5,""p"":0.00021544346900318845,""r"":5}",
      2048,         0,         0,   0.092,correlated_pymatching,03702c5e8386abc5161cbc7d66f42d4640d85b09b3fd8da7f15989e262e7046a,"{""d"":5,""p"":0.00046415888336127773,""r"":5}",
      2048,         0,         0,   0.081,correlated_pymatching,b9ea537001f4564e94f495911335fcbbcd36a480e30594a58e8a822a0a45b86e,"{""d"":5,""p"":0.0001,""r"":5}",
        16,         0,         0,   0.096,correlated_pymatching,e4f159b6793677bb35f01feb57a96b325f1fd1677dd307a327839217f990921c,"{""d"":7,""p"":0.0001,""r"":7}",
      2048,         0,         0,   0.085,correlated_pymatching,fa4abf060bb8957bc373669c411dc29ef38c556623431d0b2ba3296802fc7aed,"{""d"":5,""p"":0.00021544346900318845,""r"":5}",
      3072,         0,         0,   0.351,correlated_pymatching,fc34ebb7e95f39002e0450c43b4010e8487a8bf69020c41441c163f361e16caa,"{""d"":7,""p"":0.00021544346900318845,""r"":7}",
      2048,         0,         0,   0.092,correlated_pymatching,03702c5e8386abc5161cbc7d66f42d4640d85b09b3fd8da7f15989e262e7046a,"{""d"":5,""p"":0.00046415888336127773,""r"":5}",
      2048,         0,         0,   0.304,correlated_pymatching,c0f36ac9493e507480de3d1005b3ff5353e22d8f53ac98af1cc86d39fd4c29db,"{""d"":7,""p"":0.001,""r"":7}",
     11264,         3,         0,    1.67,correlated_pymatching,c0f36ac9493e507480de3d1005b3ff5353e22d8f53ac98af1cc86d39fd4c29db,"{""d"":7,""p"":0.001,""r"":7}","{""obs_mistake_mask=E"":3}"
     28672,         0,         0,    1.12,correlated_pymatching,b9ea537001f4564e94f495911335fcbbcd36a480e30594a58e8a822a0a45b86e,"{""d"":5,""p"":0.0001,""r"":5}",
        64,         0,         0,   0.096,correlated_pymatching,e4f159b6793677bb35f01feb57a96b325f1fd1677dd307a327839217f990921c,"{""d"":7,""p"":0.0001,""r"":7}",
      3072,         0,         0,   0.378,correlated_pymatching,f78701dabc92d935ad4f13d4b82879787b139ab0efba2a7ff15a1f63c045c687,"{""d"":7,""p"":0.00046415888336127773,""r"":7}",
      3072,         0,         0,   0.121,correlated_pymatching,b9ea537001f4564e94f495911335fcbbcd36a480e30594a58e8a822a0a45b86e,"{""d"":5,""p"":0.0001,""r"":5}",
     13312,         0,         0,    1.67,correlated_pymatching,f78701dabc92d935ad4f13d4b82879787b139ab0efba2a7ff15a1f63c045c687,"{""d"":7,""p"":0.00046415888336127773,""r"":7}",
      3072,         0,         0,   0.128,correlated_pymatching,fa4abf060bb8957bc373669c411dc29ef38c556623431d0b2ba3296802fc7aed,"{""d"":5,""p"":0.00021544346900318845,""r"":5}",
      3072,         0,         0,   0.138,correlated_pymatching,03702c5e8386abc5161cbc7d66f42d4640d85b09b3fd8da7f15989e262e7046a,"{""d"":5,""p"":0.00046415888336127773,""r"":5}",
       256,         0,         0,   0.098,correlated_pymatching,e4f159b6793677bb35f01feb57a96b325f1fd1677dd307a327839217f990921c,"{""d"":7,""p"":0.0001,""r"":7}",
      6144,         0,         0,   0.662,correlated_pymatching,e4f159b6793677bb35f01feb57a96b325f1fd1677dd307a327839217f990921c,"{""d"":7,""p"":0.0001,""r"":7}",
      4096,         0,         0,   0.162,correlated_pymatching,b9ea537001f4564e94f495911335fcbbcd36a480e30594a58e8a822a0a45b86e,"{""d"":5,""p"":0.0001,""r"":5}",
     11264,         0,         0,    1.18,correlated_pymatching,e4f159b6793677bb35f01feb57a96b325f1fd1677dd307a327839217f990921c,"{""d"":7,""p"":0.0001,""r"":7}",
      1024,         0,         0,   0.108,correlated_pymatching,e4f159b6793677bb35f01feb57a96b325f1fd1677dd307a327839217f990921c,"{""d"":7,""p"":0.0001,""r"":7}",
      4096,         0,         0,   0.169,correlated_pymatching,fa4abf060bb8957bc373669c411dc29ef38c556623431d0b2ba3296802fc7aed,"{""d"":5,""p"":0.00021544346900318845,""r"":5}",
      4096,         0,         0,   0.184,correlated_pymatching,03702c5e8386abc5161cbc7d66f42d4640d85b09b3fd8da7f15989e262e7046a,"{""d"":5,""p"":0.00046415888336127773,""r"":5}",
     10240,         0,         0,    1.11,correlated_pymatching,fc34ebb7e95f39002e0450c43b4010e8487a8bf69020c41441c163f361e16caa,"{""d"":7,""p"":0.00021544346900318845,""r"":7}",
      1024,         0,         0,   0.108,correlated_pymatching,e4f159b6793677bb35f01feb57a96b325f1fd1677dd307a327839217f990921c,"{""d"":7,""p"":0.0001,""r"":7}",
      4096,         0,         0,   0.467,correlated_pymatching,fc34ebb7e95f39002e0450c43b4010e8487a8bf69020c41441c163f361e16caa,"{""d"":7,""p"":0.00021544346900318845,""r"":7}",
     19456,         2,         0,   0.811,correlated_pymatching,fa4abf060bb8957bc373669c411dc29ef38c556623431d0b2ba3296802fc7aed,"{""d"":5,""p"":0.00021544346900318845,""r"":5}","{""obs_mistake_mask=E"":2}"
      6144,         0,         0,   0.242,correlated_pymatching,b9ea537001f4564e94f495911335fcbbcd36a480e30594a58e8a822a0a45b86e,"{""d"":5,""p"":0.0001,""r"":5}",
      1024,         0,         0,   0.107,correlated_pymatching,e4f159b6793677bb35f01feb57a96b325f1fd1677dd307a327839217f990921c,"{""d"":7,""p"":0.0001,""r"":7}",
      3072,         1,         0,   0.460,correlated_pymatching,c0f36ac9493e507480de3d1005b3ff5353e22d8f53ac98af1cc86d39fd4c29db,"{""d"":7,""p"":0.001,""r"":7}","{""obs_mistake_mask=E"":1}"
      5120,         0,         0,   0.212,correlated_pymatching,fa4abf060bb8957bc373669c411dc29ef38c556623431d0b2ba3296802fc7aed,"{""d"":5,""p"":0.00021544346900318845,""r"":5}",
      9216,         0,         0,    1.18,correlated_pymatching,f78701dabc92d935ad4f13d4b82879787b139ab0efba2a7ff15a1f63c045c687,"{""d"":7,""p"":0.00046415888336127773,""r"":7}",
      5120,         0,         0,   0.230,correlated_pymatching,03702c5e8386abc5161cbc7d66f42d4640d85b09b3fd8da7f15989e262e7046a,"{""d"":5,""p"":0.00046415888336127773,""r"":5}",
      4096,         0,         0,   0.506,correlated_pymatching,f78701dabc92d935ad4f13d4b82879787b139ab0efba2a7ff15a1f63c045c687,"{""d"":7,""p"":0.00046415888336127773,""r"":7}",
     17408,         4,         0,   0.803,correlated_pymatching,03702c5e8386abc5161cbc7d66f42d4640d85b09b3fd8da7f15989e262e7046a,"{""d"":5,""p"":0.00046415888336127773,""r"":5}","{""obs_mistake_mask=E"":4}"
      8192,         5,         0,    1.19,correlated_pymatching,c0f36ac9493e507480de3d1005b3ff5353e22d8f53ac98af1cc86d39fd4c29db,"{""d"":7,""p"":0.001,""r"":7}","{""obs_mistake_mask=E"":5}"
      2048,         0,         0,   0.215,correlated_pymatching,e4f159b6793677bb35f01feb57a96b325f1fd1677dd307a327839217f990921c,"{""d"":7,""p"":0.0001,""r"":7}",
     14336,         0,         0,    1.64,correlated_pymatching,fc34ebb7e95f39002e0450c43b4010e8487a8bf69020c41441c163f361e16caa,"{""d"":7,""p"":0.00021544346900318845,""r"":7}",
      7168,         0,         0,   0.296,correlated_pymatching,fa4abf060bb8957bc373669c411dc29ef38c556623431d0b2ba3296802fc7aed,"{""d"":5,""p"":0.00021544346900318845,""r"":5}",
      8192,         0,         0,   0.323,correlated_pymatching,b9ea537001f4564e94f495911335fcbbcd36a480e30594a58e8a822a0a45b86e,"{""d"":5,""p"":0.0001,""r"":5}",
     15360,         0,         0,    1.66,correlated_pymatching,e4f159b6793677bb35f01feb57a96b325f1fd1677dd307a327839217f990921c,"{""d"":7,""p"":0.0001,""r"":7}",
      7168,         1,         0,   0.321,correlated_pymatching,03702c5e8386abc5161cbc7d66f42d4640d85b09b3fd8da7f15989e262e7046a,"{""d"":5,""p"":0.00046415888336127773,""r"":5}","{""obs_mistake_mask=E"":1}"
      2048,         0,         0,   0.212,correlated_pymatching,e4f159b6793677bb35f01feb57a96b325f1fd1677dd307a327839217f990921c,"{""d"":7,""p"":0.0001,""r"":7}",
      5120,         0,         0,   0.588,correlated_pymatching,fc34ebb7e95f39002e0450c43b4010e8487a8bf69020c41441c163f361e16caa,"{""d"":7,""p"":0.00021544346900318845,""r"":7}",
     13312,         0,         0,    1.66,correlated_pymatching,f78701dabc92d935ad4f13d4b82879787b139ab0efba2a7ff15a1f63c045c687,"{""d"":7,""p"":0.00046415888336127773,""r"":7}",
     11264,         1,         0,    1.70,correlated_pymatching,c0f36ac9493e507480de3d1005b3ff5353e22d8f53ac98af1cc86d39fd4c29db,"{""d"":7,""p"":0.001,""r"":7}","{""obs_mistake_mask=E"":1}"
      4096,         1,         0,   0.614,correlated_pymatching,c0f36ac9493e507480de3d1005b3ff5353e22d8f53ac98af1cc86d39fd4c29db,"{""d"":7,""p"":0.001,""r"":7}","{""obs_mistake_mask=E"":1}"
      8192,         0,         0,   0.881,correlated_pymatching,e4f159b6793677bb35f01feb57a96b325f1fd1677dd307a327839217f990921c,"{""d"":7,""p"":0.0001,""r"":7}",
     37888,         0,         0,    1.55,correlated_pymatching,fa4abf060bb8957bc373669c411dc29ef38c556623431d0b2ba3296802fc7aed,"{""d"":5,""p"":0.00021544346900318845,""r"":5}",
      5120,         0,         0,   0.637,correlated_pymatching,f78701dabc92d935ad4f13d4b82879787b139ab0efba2a7ff15a1f63c045c687,"{""d"":7,""p"":0.00046415888336127773,""r"":7}",
     10240,         0,         0,   0.425,correlated_pymatching,fa4abf060bb8957bc373669c411dc29ef38c556623431d0b2ba3296802fc7aed,"{""d"":5,""p"":0.00021544346900318845,""r"":5}",
      3072,         0,         0,   0.321,correlated_pymatching,e4f159b6793677bb35f01feb57a96b325f1fd1677dd307a327839217f990921c,"{""d"":7,""p"":0.0001,""r"":7}",
     39936,         0,         0,    1.59,correlated_pymatching,b9ea537001f4564e94f495911335fcbbcd36a480e30594a58e8a822a0a45b86e,"{""d"":5,""p"":0.0001,""r"":5}",
     11264,         0,         0,   0.445,correlated_pymatching,b9ea537001f4564e94f495911335fcbbcd36a480e30594a58e8a822a0a45b86e,"{""d"":5,""p"":0.0001,""r"":5}",
      9216,         2,         0,   0.413,correlated_pymatching,03702c5e8386abc5161cbc7d66f42d4640d85b09b3fd8da7f15989e262e7046a,"{""d"":5,""p"":0.00046415888336127773,""r"":5}","{""obs_mistake_mask=E"":2}"
     33792,         5,         0,    1.57,correlated_pymatching,03702c5e8386abc5161cbc7d66f42d4640d85b09b3fd8da7f15989e262e7046a,"{""d"":5,""p"":0.00046415888336127773,""r"":5}","{""obs_mistake_mask=E"":5}"
     55296,         0,         0,    2.20,correlated_pymatching,b9ea537001f4564e94f495911335fcbbcd36a480e30594a58e8a822a0a45b86e,"{""d"":5,""p"":0.0001,""r"":5}",
     53248,         1,         0,    2.21,correlated_pymatching,fa4abf060bb8957bc373669c411dc29ef38c556623431d0b2ba3296802fc7aed,"{""d"":5,""p"":0.00021544346900318845,""r"":5}","{""obs_mistake_mask=E"":1}"
     48128,        14,         0,    2.18,correlated_pymatching,03702c5e8386abc5161cbc7d66f42d4640d85b09b3fd8da7f15989e262e7046a,"{""d"":5,""p"":0.00046415888336127773,""r"":5}","{""obs_mistake_mask=E"":14}"
     52224,         4,         0,    2.18,correlated_pymatching,fa4abf060bb8957bc373669c411dc29ef38c556623431d0b2ba3296802fc7aed,"{""d"":5,""p"":0.00021544346900318845,""r"":5}","{""obs_mistake_mask=E"":4}"
     53248,         0,         0,    2.20,correlated_pymatching,b9ea537001f4564e94f495911335fcbbcd36a480e30594a58e8a822a0a45b86e,"{""d"":5,""p"":0.0001,""r"":5}",
     27648,         0,         0,    1.15,correlated_pymatching,fa4abf060bb8957bc373669c411dc29ef38c556623431d0b2ba3296802fc7aed,"{""d"":5,""p"":0.00021544346900318845,""r"":5}",
     39936,         0,         0,    1.57,correlated_pymatching,b9ea537001f4564e94f495911335fcbbcd36a480e30594a58e8a822a0a45b86e,"{""d"":5,""p"":0.0001,""r"":5}",
      4096,         0,         0,   0.430,correlated_pymatching,e4f159b6793677bb35f01feb57a96b325f1fd1677dd307a327839217f990921c,"{""d"":7,""p"":0.0001,""r"":7}",
     24576,         8,         0,    1.13,correlated_pymatching,03702c5e8386abc5161cbc7d66f42d4640d85b09b3fd8da7f15989e262e7046a,"{""d"":5,""p"":0.00046415888336127773,""r"":5}","{""obs_mistake_mask=E"":8}"
     14336,         0,         0,   0.595,correlated_pymatching,fa4abf060bb8957bc373669c411dc29ef38c556623431d0b2ba3296802fc7aed,"{""d"":5,""p"":0.00021544346900318845,""r"":5}",
     14336,         0,         0,   0.566,correlated_pymatching,b9ea537001f4564e94f495911335fcbbcd36a480e30594a58e8a822a0a45b86e,"{""d"":5,""p"":0.0001,""r"":5}",
      7168,         0,         0,   0.814,correlated_pymatching,fc34ebb7e95f39002e0450c43b4010e8487a8bf69020c41441c163f361e16caa,"{""d"":7,""p"":0.00021544346900318845,""r"":7}",
     15360,         0,         0,    1.62,correlated_pymatching,e4f159b6793677bb35f01feb57a96b325f1fd1677dd307a327839217f990921c,"{""d"":7,""p"":0.0001,""r"":7}",
     13312,         4,         0,   0.597,correlated_pymatching,03702c5e8386abc5161cbc7d66f42d4640d85b09b3fd8da7f15989e262e7046a,"{""d"":5,""p"":0.00046415888336127773,""r"":5}","{""obs_mistake_mask=E"":4}"
     47104,         7,         0,    2.17,correlated_pymatching,03702c5e8386abc5161cbc7d66f42d4640d85b09b3fd8da7f15989e262e7046a,"{""d"":5,""p"":0.00046415888336127773,""r"":5}","{""obs_mistake_mask=E"":7}"
     14336,         0,         0,    1.63,correlated_pymatching,fc34ebb7e95f39002e0450c43b4010e8487a8bf69020c41441c163f361e16caa,"{""d"":7,""p"":0.00021544346900318845,""r"":7}",
      6144,         2,         0,   0.912,correlated_pymatching,c0f36ac9493e507480de3d1005b3ff5353e22d8f53ac98af1cc86d39fd4c29db,"{""d"":7,""p"":0.001,""r"":7}","{""obs_mistake_mask=E"":2}"
     21504,         0,         0,    2.25,correlated_pymatching,e4f159b6793677bb35f01feb57a96b325f1fd1677dd307a327839217f990921c,"{""d"":7,""p"":0.0001,""r"":7}",
     20480,         0,         0,    2.23,correlated_pymatching,fc34ebb7e95f39002e0450c43b4010e8487a8bf69020c41441c163f361e16caa,"{""d"":7,""p"":0.00021544346900318845,""r"":7}",
      7168,         0,         0,   0.889,correlated_pymatching,f78701dabc92d935ad4f13d4b82879787b139ab0efba2a7ff15a1f63c045c687,"{""d"":7,""p"":0.00046415888336127773,""r"":7}",
     13312,         0,         0,    1.60,correlated_pymatching,f78701dabc92d935ad4f13d4b82879787b139ab0efba2a7ff15a1f63c045c687,"{""d"":7,""p"":0.00046415888336127773,""r"":7}",
     10240,         6,         0,    1.58,correlated_pymatching,c0f36ac9493e507480de3d1005b3ff5353e22d8f53ac98af1cc86d39fd4c29db,"{""d"":7,""p"":0.001,""r"":7}","{""obs_mistake_mask=E"":6}"
     15360,         3,         0,    2.22,correlated_pymatching,c0f36ac9493e507480de3d1005b3ff5353e22d8f53ac98af1cc86d39fd4c29db,"{""d"":7,""p"":0.001,""r"":7}","{""obs_mistake_mask=E"":3}"
      6144,         0,         0,   0.641,correlated_pymatching,e4f159b6793677bb35f01feb57a96b325f1fd1677dd307a327839217f990921c,"{""d"":7,""p"":0.0001,""r"":7}",
     18432,         0,         0,    2.20,correlated_pymatching,f78701dabc92d935ad4f13d4b82879787b139ab0efba2a7ff15a1f63c045c687,"{""d"":7,""p"":0.00046415888336127773,""r"":7}",
     11264,         0,         0,    1.22,correlated_pymatching,e4f159b6793677bb35f01feb57a96b325f1fd1677dd307a327839217f990921c,"{""d"":7,""p"":0.0001,""r"":7}",
     19456,         0,         0,   0.807,correlated_pymatching,fa4abf060bb8957bc373669c411dc29ef38c556623431d0b2ba3296802fc7aed,"{""d"":5,""p"":0.00021544346900318845,""r"":5}",
     20480,         0,         0,   0.809,correlated_pymatching,b9ea537001f4564e94f495911335fcbbcd36a480e30594a58e8a822a0a45b86e,"{""d"":5,""p"":0.0001,""r"":5}",
     18432,         4,         0,   0.830,correlated_pymatching,03702c5e8386abc5161cbc7d66f42d4640d85b09b3fd8da7f15989e262e7046a,"{""d"":5,""p"":0.00046415888336127773,""r"":5}","{""obs_mistake_mask=E"":4}"
     19456,         0,         0,    2.23,correlated_pymatching,fc34ebb7e95f39002e0450c43b4010e8487a8bf69020c41441c163f361e16caa,"{""d"":7,""p"":0.00021544346900318845,""r"":7}",
     10240,         0,         0,    1.18,correlated_pymatching,fc34ebb7e95f39002e0450c43b4010e8487a8bf69020c41441c163f361e16caa,"{""d"":7,""p"":0.00021544346900318845,""r"":7}",
     20480,         0,         0,    2.22,correlated_pymatching,e4f159b6793677bb35f01feb57a96b325f1fd1677dd307a327839217f990921c,"{""d"":7,""p"":0.0001,""r"":7}",
      8192,         0,         0,   0.859,correlated_pymatching,e4f159b6793677bb35f01feb57a96b325f1fd1677dd307a327839217f990921c,"{""d"":7,""p"":0.0001,""r"":7}",
     37888,         0,         0,    1.58,correlated_pymatching,fa4abf060bb8957bc373669c411dc29ef38c556623431d0b2ba3296802fc7aed,"{""d"":5,""p"":0.00021544346900318845,""r"":5}",
      8192,         5,         0,    1.23,correlated_pymatching,c0f36ac9493e507480de3d1005b3ff5353e22d8f53ac98af1cc86d39fd4c29db,"{""d"":7,""p"":0.001,""r"":7}","{""obs_mistake_mask=E"":5}"
      9216,         0,         0,    1.14,correlated_pymatching,f78701dabc92d935ad4f13d4b82879787b139ab0efba2a7ff15a1f63c045c687,"{""d"":7,""p"":0.00046415888336127773,""r"":7}",
     34816,         6,         0,    1.59,correlated_pymatching,03702c5e8386abc5161cbc7d66f42d4640d85b09b3fd8da7f15989e262e7046a,"{""d"":5,""p"":0.00046415888336127773,""r"":5}","{""obs_mistake_mask=E"":6}"
     53248,         1,         0,    2.19,correlated_pymatching,fa4abf060bb8957bc373669c411dc29ef38c556623431d0b2ba3296802fc7aed,"{""d"":5,""p"":0.00021544346900318845,""r"":5}","{""obs_mistake_mask=E"":1}"
     18432,         0,         0,    2.29,correlated_pymatching,f78701dabc92d935ad4f13d4b82879787b139ab0efba2a7ff15a1f63c045c687,"{""d"":7,""p"":0.00046415888336127773,""r"":7}",
     15360,         3,         0,    2.31,correlated_pymatching,c0f36ac9493e507480de3d1005b3ff5353e22d8f53ac98af1cc86d39fd4c29db,"{""d"":7,""p"":0.001,""r"":7}","{""obs_mistake_mask=E"":3}"
     52224,         0,         0,    2.18,correlated_pymatching,b9ea537001f4564e94f495911335fcbbcd36a480e30594a58e8a822a0a45b86e,"{""d"":5,""p"":0.0001,""r"":5}",
     48128,        11,         0,    2.19,correlated_pymatching,03702c5e8386abc5161cbc7d66f42d4640d85b09b3fd8da7f15989e262e7046a,"{""d"":5,""p"":0.00046415888336127773,""r"":5}","{""obs_mistake_mask=E"":11}"
     28672,         0,         0,    1.13,correlated_pymatching,b9ea537001f4564e94f495911335fcbbcd36a480e30594a58e8a822a0a45b86e,"{""d"":5,""p"":0.0001,""r"":5}",
     27648,         0,         0,    1.15,correlated_pymatching,fa4abf060bb8957bc373669c411dc29ef38c556623431d0b2ba3296802fc7aed,"{""d"":5,""p"":0.00021544346900318845,""r"":5}",
     54272,         0,         0,    2.20,correlated_pymatching,b9ea537001f4564e94f495911335fcbbcd36a480e30594a58e8a822a0a45b86e,"{""d"":5,""p"":0.0001,""r"":5}",
     25600,         5,         0,    1.15,correlated_pymatching,03702c5e8386abc5161cbc7d66f42d4640d85b09b3fd8da7f15989e262e7046a,"{""d"":5,""p"":0.00046415888336127773,""r"":5}","{""obs_mistake_mask=E"":5}"
     15360,         0,         0,    1.66,correlated_pymatching,e4f159b6793677bb35f01feb57a96b325f1fd1677dd307a327839217f990921c,"{""d"":7,""p"":0.0001,""r"":7}",
     21504,         0,         0,    2.27,correlated_pymatching,e4f159b6793677bb35f01feb57a96b325f1fd1677dd307a327839217f990921c,"{""d"":7,""p"":0.0001,""r"":7}",
     20480,         0,         0,    2.25,correlated_pymatching,fc34ebb7e95f39002e0450c43b4010e8487a8bf69020c41441c163f361e16caa,"{""d"":7,""p"":0.00021544346900318845,""r"":7}",
     11264,         0,         0,    1.17,correlated_pymatching,e4f159b6793677bb35f01feb57a96b325f1fd1677dd307a327839217f990921c,"{""d"":7,""p"":0.0001,""r"":7}",
     18432,         1,         0,    2.23,correlated_pymatching,f78701dabc92d935ad4f13d4b82879787b139ab0efba2a7ff15a1f63c045c687,"{""d"":7,""p"":0.00046415888336127773,""r"":7}","{""obs_mistake_mask=E"":1}"
     15360,         3,         0,    2.24,correlated_pymatching,c0f36ac9493e507480de3d1005b3ff5353e22d8f53ac98af1cc86d39fd4c29db,"{""d"":7,""p"":0.001,""r"":7}","{""obs_mistake_mask=E"":3}"
     76800,         1,         0,    3.05,correlated_pymatching,b9ea537001f4564e94f495911335fcbbcd36a480e30594a58e8a822a0a45b86e,"{""d"":5,""p"":0.0001,""r"":5}","{""obs_mistake_mask=E"":1}"
     73728,         1,         0,    3.06,correlated_pymatching,fa4abf060bb8957bc373669c411dc29ef38c556623431d0b2ba3296802fc7aed,"{""d"":5,""p"":0.00021544346900318845,""r"":5}","{""obs_mistake_mask=E"":1}"
     67584,        25,         0,    3.06,correlated_pymatching,03702c5e8386abc5161cbc7d66f42d4640d85b09b3fd8da7f15989e262e7046a,"{""d"":5,""p"":0.00046415888336127773,""r"":5}","{""obs_mistake_mask=E"":25}"
     72704,         2,         0,    3.07,correlated_pymatching,fa4abf060bb8957bc373669c411dc29ef38c556623431d0b2ba3296802fc7aed,"{""d"":5,""p"":0.00021544346900318845,""r"":5}","{""obs_mistake_mask=E"":2}"
     76800,         0,         0,    3.06,correlated_pymatching,b9ea537001f4564e94f495911335fcbbcd36a480e30594a58e8a822a0a45b86e,"{""d"":5,""p"":0.0001,""r"":5}",
     14336,         0,         0,    1.64,correlated_pymatching,fc34ebb7e95f39002e0450c43b4010e8487a8bf69020c41441c163f361e16caa,"{""d"":7,""p"":0.00021544346900318845,""r"":7}",
     13312,         0,         0,    1.65,correlated_pymatching,f78701dabc92d935ad4f13d4b82879787b139ab0efba2a7ff15a1f63c045c687,"{""d"":7,""p"":0.00046415888336127773,""r"":7}",
     11264,         1,         0,    1.70,correlated_pymatching,c0f36ac9493e507480de3d1005b3ff5353e22d8f53ac98af1cc86d39fd4c29db,"{""d"":7,""p"":0.001,""r"":7}","{""obs_mistake_mask=E"":1}"
     67584,        13,         0,    3.08,correlated_pymatching,03702c5e8386abc5161cbc7d66f42d4640d85b09b3fd8da7f15989e262e7046a,"{""d"":5,""p"":0.00046415888336127773,""r"":5}","{""obs_mistake_mask=E"":13}"
     29696,         0,         0,    3.11,correlated_pymatching,e4f159b6793677bb35f01feb57a96b325f1fd1677dd307a327839217f990921c,"{""d"":7,""p"":0.0001,""r"":7}",
     28672,         0,         0,    3.15,correlated_pymatching,fc34ebb7e95f39002e0450c43b4010e8487a8bf69020c41441c163f361e16caa,"{""d"":7,""p"":0.00021544346900318845,""r"":7}",
     36864,         2,         0,    1.57,correlated_pymatching,fa4abf060bb8957bc373669c411dc29ef38c556623431d0b2ba3296802fc7aed,"{""d"":5,""p"":0.00021544346900318845,""r"":5}","{""obs_mistake_mask=E"":2}"
     39936,         0,         0,    1.59,correlated_pymatching,b9ea537001f4564e94f495911335fcbbcd36a480e30594a58e8a822a0a45b86e,"{""d"":5,""p"":0.0001,""r"":5}",
     21504,         5,         0,    3.11,correlated_pymatching,c0f36ac9493e507480de3d1005b3ff5353e22d8f53ac98af1cc86d39fd4c29db,"{""d"":7,""p"":0.001,""r"":7}","{""obs_mistake_mask=E"":5}"
     25600,         0,         0,    3.07,correlated_pymatching,f78701dabc92d935ad4f13d4b82879787b139ab0efba2a7ff15a1f63c045c687,"{""d"":7,""p"":0.00046415888336127773,""r"":7}",
     53248,         0,         0,    2.21,correlated_pymatching,fa4abf060bb8957bc373669c411dc29ef38c556623431d0b2ba3296802fc7aed,"{""d"":5,""p"":0.00021544346900318845,""r"":5}",
     34816,         6,         0,    1.56,correlated_pymatching,03702c5e8386abc5161cbc7d66f42d4640d85b09b3fd8da7f15989e262e7046a,"{""d"":5,""p"":0.00046415888336127773,""r"":5}","{""obs_mistake_mask=E"":6}"
     48128,         6,         0,    2.20,correlated_pymatching,03702c5e8386abc5161cbc7d66f42d4640d85b09b3fd8da7f15989e262e7046a,"{""d"":5,""p"":0.00046415888336127773,""r"":5}","{""obs_mistake_mask=E"":6}"
     15360,         0,         0,    1.64,correlated_pymatching,e4f159b6793677bb35f01feb57a96b325f1fd1677dd307a327839217f990921c,"{""d"":7,""p"":0.0001,""r"":7}",
     26624,         0,         0,    3.05,correlated_pymatching,fc34ebb7e95f39002e0450c43b4010e8487a8bf69020c41441c163f361e16caa,"{""d"":7,""p"":0.00021544346900318845,""r"":7}",
     28672,         0,         0,    3.13,correlated_pymatching,e4f159b6793677bb35f01feb57a96b325f1fd1677dd307a327839217f990921c,"{""d"":7,""p"":0.0001,""r"":7}",
     20480,         0,         0,    2.22,correlated_pymatching,e4f159b6793677bb35f01feb57a96b325f1fd1677dd307a327839217f990921c,"{""d"":7,""p"":0.0001,""r"":7}",
     24576,         0,         0,    3.05,correlated_pymatching,f78701dabc92d935ad4f13d4b82879787b139ab0efba2a7ff15a1f63c045c687,"{""d"":7,""p"":0.00046415888336127773,""r"":7}",
     74752,         2,         0,    3.07,correlated_pymatching,fa4abf060bb8957bc373669c411dc29ef38c556623431d0b2ba3296802fc7aed,"{""d"":5,""p"":0.00021544346900318845,""r"":5}","{""obs_mistake_mask=E"":2}"
     20480,         5,         0,    3.09,correlated_pymatching,c0f36ac9493e507480de3d1005b3ff5353e22d8f53ac98af1cc86d39fd4c29db,"{""d"":7,""p"":0.001,""r"":7}","{""obs_mistake_mask=E"":5}"
     76800,         1,         0,    3.05,correlated_pymatching,b9ea537001f4564e94f495911335fcbbcd36a480e30594a58e8a822a0a45b86e,"{""d"":5,""p"":0.0001,""r"":5}","{""obs_mistake_mask=E"":1}"
     67584,        16,         0,    3.07,correlated_pymatching,03702c5e8386abc5161cbc7d66f42d4640d85b09b3fd8da7f15989e262e7046a,"{""d"":5,""p"":0.00046415888336127773,""r"":5}","{""obs_mistake_mask=E"":16}"
     77824,         1,         0,    3.08,correlated_pymatching,b9ea537001f4564e94f495911335fcbbcd36a480e30594a58e8a822a0a45b86e,"{""d"":5,""p"":0.0001,""r"":5}","{""obs_mistake_mask=E"":1}"
     19456,         0,         0,    2.27,correlated_pymatching,fc34ebb7e95f39002e0450c43b4010e8487a8bf69020c41441c163f361e16caa,"{""d"":7,""p"":0.00021544346900318845,""r"":7}",
     18432,         1,         0,    2.29,correlated_pymatching,f78701dabc92d935ad4f13d4b82879787b139ab0efba2a7ff15a1f63c045c687,"{""d"":7,""p"":0.00046415888336127773,""r"":7}","{""obs_mistake_mask=E"":1}"
     15360,         6,         0,    2.30,correlated_pymatching,c0f36ac9493e507480de3d1005b3ff5353e22d8f53ac98af1cc86d39fd4c29db,"{""d"":7,""p"":0.001,""r"":7}","{""obs_mistake_mask=E"":6}"
     29696,         0,         0,    3.14,correlated_pymatching,e4f159b6793677bb35f01feb57a96b325f1fd1677dd307a327839217f990921c,"{""d"":7,""p"":0.0001,""r"":7}",
     28672,         0,         0,    3.14,correlated_pymatching,fc34ebb7e95f39002e0450c43b4010e8487a8bf69020c41441c163f361e16caa,"{""d"":7,""p"":0.00021544346900318845,""r"":7}",
     25600,         0,         0,    3.10,correlated_pymatching,f78701dabc92d935ad4f13d4b82879787b139ab0efba2a7ff15a1f63c045c687,"{""d"":7,""p"":0.00046415888336127773,""r"":7}",
     21504,         9,         0,    3.13,correlated_pymatching,c0f36ac9493e507480de3d1005b3ff5353e22d8f53ac98af1cc86d39fd4c29db,"{""d"":7,""p"":0.001,""r"":7}","{""obs_mistake_mask=E"":9}"
     53248,         0,         0,    2.21,correlated_pymatching,fa4abf060bb8957bc373669c411dc29ef38c556623431d0b2ba3296802fc7aed,"{""d"":5,""p"":0.00021544346900318845,""r"":5}",
     53248,         1,         0,    2.21,correlated_pymatching,b9ea537001f4564e94f495911335fcbbcd36a480e30594a58e8a822a0a45b86e,"{""d"":5,""p"":0.0001,""r"":5}","{""obs_mistake_mask=E"":1}"
     48128,        14,         0,    2.22,correlated_pymatching,03702c5e8386abc5161cbc7d66f42d4640d85b09b3fd8da7f15989e262e7046a,"{""d"":5,""p"":0.00046415888336127773,""r"":5}","{""obs_mistake_mask=E"":14}"
     21504,         0,         0,    2.24,correlated_pymatching,e4f159b6793677bb35f01feb57a96b325f1fd1677dd307a327839217f990921c,"{""d"":7,""p"":0.0001,""r"":7}",
     73728,         2,         0,    3.06,correlated_pymatching,fa4abf060bb8957bc373669c411dc29ef38c556623431d0b2ba3296802fc7aed,"{""d"":5,""p"":0.00021544346900318845,""r"":5}","{""obs_mistake_mask=E"":2}"
     67584,        18,         0,    3.08,correlated_pymatching,03702c5e8386abc5161cbc7d66f42d4640d85b09b3fd8da7f15989e262e7046a,"{""d"":5,""p"":0.00046415888336127773,""r"":5}","{""obs_mistake_mask=E"":18}"
    107520,         0,         0,    4.28,correlated_pymatching,b9ea537001f4564e94f495911335fcbbcd36a480e30594a58e8a822a0a45b86e,"{""d"":5,""p"":0.0001,""r"":5}",
     94208,        24,         0,    4.27,correlated_pymatching,03702c5e8386abc5161cbc7d66f42d4640d85b09b3fd8da7f15989e262e7046a,"{""d"":5,""p"":0.00046415888336127773,""r"":5}","{""obs_mistake_mask=E"":24}"
    103424,         7,         0,    4.29,correlated_pymatching,fa4abf060bb8957bc373669c411dc29ef38c556623431d0b2ba3296802fc7aed,"{""d"":5,""p"":0.00021544346900318845,""r"":5}","{""obs_mistake_mask=E"":7}"
    102400,         2,         0,    4.27,correlated_pymatching,fa4abf060bb8957bc373669c411dc29ef38c556623431d0b2ba3296802fc7aed,"{""d"":5,""p"":0.00021544346900318845,""r"":5}","{""obs_mistake_mask=E"":2}"
    107520,         1,         0,    4.30,correlated_pymatching,b9ea537001f4564e94f495911335fcbbcd36a480e30594a58e8a822a0a45b86e,"{""d"":5,""p"":0.0001,""r"":5}","{""obs_mistake_mask=E"":1}"
     28672,         0,         0,    3.11,correlated_pymatching,e4f159b6793677bb35f01feb57a96b325f1fd1677dd307a327839217f990921c,"{""d"":7,""p"":0.0001,""r"":7}",
     94208,        27,         0,    4.29,correlated_pymatching,03702c5e8386abc5161cbc7d66f42d4640d85b09b3fd8da7f15989e262e7046a,"{""d"":5,""p"":0.00046415888336127773,""r"":5}","{""obs_mistake_mask=E"":27}"
     40960,         0,         0,    4.30,correlated_pymatching,e4f159b6793677bb35f01feb57a96b325f1fd1677dd307a327839217f990921c,"{""d"":7,""p"":0.0001,""r"":7}",
     38912,         0,         0,    4.28,correlated_pymatching,fc34ebb7e95f39002e0450c43b4010e8487a8bf69020c41441c163f361e16caa,"{""d"":7,""p"":0.00021544346900318845,""r"":7}",
     29696,        12,         0,    4.29,correlated_pymatching,c0f36ac9493e507480de3d1005b3ff5353e22d8f53ac98af1cc86d39fd4c29db,"{""d"":7,""p"":0.001,""r"":7}","{""obs_mistake_mask=E"":12}"
     35840,         1,         0,    4.31,correlated_pymatching,f78701dabc92d935ad4f13d4b82879787b139ab0efba2a7ff15a1f63c045c687,"{""d"":7,""p"":0.00046415888336127773,""r"":7}","{""obs_mistake_mask=E"":1}"
     27648,         0,         0,    3.15,correlated_pymatching,fc34ebb7e95f39002e0450c43b4010e8487a8bf69020c41441c163f361e16caa,"{""d"":7,""p"":0.00021544346900318845,""r"":7}",
     24576,         0,         0,    3.06,correlated_pymatching,f78701dabc92d935ad4f13d4b82879787b139ab0efba2a7ff15a1f63c045c687,"{""d"":7,""p"":0.00046415888336127773,""r"":7}",
     20480,         6,         0,    3.07,correlated_pymatching,c0f36ac9493e507480de3d1005b3ff5353e22d8f53ac98af1cc86d39fd4c29db,"{""d"":7,""p"":0.001,""r"":7}","{""obs_mistake_mask=E"":6}"
     37888,         0,         0,    4.33,correlated_pymatching,fc34ebb7e95f39002e0450c43b4010e8487a8bf69020c41441c163f361e16caa,"{""d"":7,""p"":0.00021544346900318845,""r"":7}",
     39936,         0,         0,    4.36,correlated_pymatching,e4f159b6793677bb35f01feb57a96b325f1fd1677dd307a327839217f990921c,"{""d"":7,""p"":0.0001,""r"":7}",
     73728,         3,         0,    3.05,correlated_pymatching,fa4abf060bb8957bc373669c411dc29ef38c556623431d0b2ba3296802fc7aed,"{""d"":5,""p"":0.00021544346900318845,""r"":5}","{""obs_mistake_mask=E"":3}"
     77824,         0,         0,    3.07,correlated_pymatching,b9ea537001f4564e94f495911335fcbbcd36a480e30594a58e8a822a0a45b86e,"{""d"":5,""p"":0.0001,""r"":5}",
    104448,         3,         0,    4.30,correlated_pymatching,fa4abf060bb8957bc373669c411dc29ef38c556623431d0b2ba3296802fc7aed,"{""d"":5,""p"":0.00021544346900318845,""r"":5}","{""obs_mistake_mask=E"":3}"
     34816,         1,         0,    4.32,correlated_pymatching,f78701dabc92d935ad4f13d4b82879787b139ab0efba2a7ff15a1f63c045c687,"{""d"":7,""p"":0.00046415888336127773,""r"":7}","{""obs_mistake_mask=E"":1}"
     68608,        12,         0,    3.07,correlated_pymatching,03702c5e8386abc5161cbc7d66f42d4640d85b09b3fd8da7f15989e262e7046a,"{""d"":5,""p"":0.00046415888336127773,""r"":5}","{""obs_mistake_mask=E"":12}"
    107520,         0,         0,    4.27,correlated_pymatching,b9ea537001f4564e94f495911335fcbbcd36a480e30594a58e8a822a0a45b86e,"{""d"":5,""p"":0.0001,""r"":5}",
     28672,        14,         0,    4.31,correlated_pymatching,c0f36ac9493e507480de3d1005b3ff5353e22d8f53ac98af1cc86d39fd4c29db,"{""d"":7,""p"":0.001,""r"":7}","{""obs_mistake_mask=E"":14}"
     94208,        14,         0,    4.29,correlated_pymatching,03702c5e8386abc5161cbc7d66f42d4640d85b09b3fd8da7f15989e262e7046a,"{""d"":5,""p"":0.00046415888336127773,""r"":5}","{""obs_mistake_mask=E"":14}"
    109568,         0,         0,    4.30,correlated_pymatching,b9ea537001f4564e94f495911335fcbbcd36a480e30594a58e8a822a0a45b86e,"{""d"":5,""p"":0.0001,""r"":5}",
     29696,         0,         0,    3.10,correlated_pymatching,e4f159b6793677bb35f01feb57a96b325f1fd1677dd307a327839217f990921c,"{""d"":7,""p"":0.0001,""r"":7}",
     38912,         0,         0,    4.28,correlated_pymatching,fc34ebb7e95f39002e0450c43b4010e8487a8bf69020c41441c163f361e16caa,"{""d"":7,""p"":0.00021544346900318845,""r"":7}",
     40960,         0,         0,    4.35,correlated_pymatching,e4f159b6793677bb35f01feb57a96b325f1fd1677dd307a327839217f990921c,"{""d"":7,""p"":0.0001,""r"":7}",
     35840,         0,         0,    4.36,correlated_pymatching,f78701dabc92d935ad4f13d4b82879787b139ab0efba2a7ff15a1f63c045c687,"{""d"":7,""p"":0.00046415888336127773,""r"":7}",
     29696,         7,         0,    4.32,correlated_pymatching,c0f36ac9493e507480de3d1005b3ff5353e22d8f53ac98af1cc86d39fd4c29db,"{""d"":7,""p"":0.001,""r"":7}","{""obs_mistake_mask=E"":7}"
    103424,         4,         0,    4.29,correlated_pymatching,fa4abf060bb8957bc373669c411dc29ef38c556623431d0b2ba3296802fc7aed,"{""d"":5,""p"":0.00021544346900318845,""r"":5}","{""obs_mistake_mask=E"":4}"
     94208,        23,         0,    4.29,correlated_pymatching,03702c5e8386abc5161cbc7d66f42d4640d85b09b3fd8da7f15989e262e7046a,"{""d"":5,""p"":0.00046415888336127773,""r"":5}","{""obs_mistake_mask=E"":23}"
     39936,         0,         0,    4.31,correlated_pymatching,e4f159b6793677bb35f01feb57a96b325f1fd1677dd307a327839217f990921c,"{""d"":7,""p"":0.0001,""r"":7}",
     37888,         0,         0,    4.32,correlated_pymatching,fc34ebb7e95f39002e0450c43b4010e8487a8bf69020c41441c163f361e16caa,"{""d"":7,""p"":0.00021544346900318845,""r"":7}",
     34816,         0,         0,    4.31,correlated_pymatching,f78701dabc92d935ad4f13d4b82879787b139ab0efba2a7ff15a1f63c045c687,"{""d"":7,""p"":0.00046415888336127773,""r"":7}",
     28672,         9,         0,    4.29,correlated_pymatching,c0f36ac9493e507480de3d1005b3ff5353e22d8f53ac98af1cc86d39fd4c29db,"{""d"":7,""p"":0.001,""r"":7}","{""obs_mistake_mask=E"":9}"
    150528,         1,         0,    5.98,correlated_pymatching,b9ea537001f4564e94f495911335fcbbcd36a480e30594a58e8a822a0a45b86e,"{""d"":5,""p"":0.0001,""r"":5}","{""obs_mistake_mask=E"":1}"
    132096,        29,         0,    5.98,correlated_pymatching,03702c5e8386abc5161cbc7d66f42d4640d85b09b3fd8da7f15989e262e7046a,"{""d"":5,""p"":0.00046415888336127773,""r"":5}","{""obs_mistake_mask=E"":29}"
    144384,         7,         0,    6.00,correlated_pymatching,fa4abf060bb8957bc373669c411dc29ef38c556623431d0b2ba3296802fc7aed,"{""d"":5,""p"":0.00021544346900318845,""r"":5}","{""obs_mistake_mask=E"":7}"
    103424,         2,         0,    4.29,correlated_pymatching,fa4abf060bb8957bc373669c411dc29ef38c556623431d0b2ba3296802fc7aed,"{""d"":5,""p"":0.00021544346900318845,""r"":5}","{""obs_mistake_mask=E"":2}"
    143360,         4,         0,    5.98,correlated_pymatching,fa4abf060bb8957bc373669c411dc29ef38c556623431d0b2ba3296802fc7aed,"{""d"":5,""p"":0.00021544346900318845,""r"":5}","{""obs_mistake_mask=E"":4}"
    108544,         2,         0,    4.30,correlated_pymatching,b9ea537001f4564e94f495911335fcbbcd36a480e30594a58e8a822a0a45b86e,"{""d"":5,""p"":0.0001,""r"":5}","{""obs_mistake_mask=E"":2}"
    150528,         0,         0,    5.99,correlated_pymatching,b9ea537001f4564e94f495911335fcbbcd36a480e30594a58e8a822a0a45b86e,"{""d"":5,""p"":0.0001,""r"":5}",
     95232,        19,         0,    4.26,correlated_pymatching,03702c5e8386abc5161cbc7d66f42d4640d85b09b3fd8da7f15989e262e7046a,"{""d"":5,""p"":0.00046415888336127773,""r"":5}","{""obs_mistake_mask=E"":19}"
    123904,        32,         0,    5.64,correlated_pymatching,03702c5e8386abc5161cbc7d66f42d4640d85b09b3fd8da7f15989e262e7046a,"{""d"":5,""p"":0.00046415888336127773,""r"":5}","{""obs_mistake_mask=E"":32}"
     90112,        29,         0,    4.10,correlated_pymatching,03702c5e8386abc5161cbc7d66f42d4640d85b09b3fd8da7f15989e262e7046a,"{""d"":5,""p"":0.00046415888336127773,""r"":5}","{""obs_mistake_mask=E"":29}"
      6144,         0,         0,   0.277,correlated_pymatching,03702c5e8386abc5161cbc7d66f42d4640d85b09b3fd8da7f15989e262e7046a,"{""d"":5,""p"":0.00046415888336127773,""r"":5}",
      1024,         1,         0,   0.045,correlated_pymatching,03702c5e8386abc5161cbc7d66f42d4640d85b09b3fd8da7f15989e262e7046a,"{""d"":5,""p"":0.00046415888336127773,""r"":5}","{""obs_mistake_mask=E"":1}"
     47104,        15,         0,    2.14,correlated_pymatching,03702c5e8386abc5161cbc7d66f42d4640d85b09b3fd8da7f15989e262e7046a,"{""d"":5,""p"":0.00046415888336127773,""r"":5}","{""obs_mistake_mask=E"":15}"
         1,         0,         0,   0.103,correlated_pymatching,c0f36ac9493e507480de3d1005b3ff5353e22d8f53ac98af1cc86d39fd4c29db,"{""d"":7,""p"":0.001,""r"":7}",
         1,         0,         0,   0.096,correlated_pymatching,f78701dabc92d935ad4f13d4b82879787b139ab0efba2a7ff15a1f63c045c687,"{""d"":7,""p"":0.00046415888336127773,""r"":7}",
         1,         0,         0,   0.106,correlated_pymatching,f78701dabc92d935ad4f13d4b82879787b139ab0efba2a7ff15a1f63c045c687,"{""d"":7,""p"":0.00046415888336127773,""r"":7}",
         1,         0,         0,   0.104,correlated_pymatching,c0f36ac9493e507480de3d1005b3ff5353e22d8f53ac98af1cc86d39fd4c29db,"{""d"":7,""p"":0.001,""r"":7}",
         1,         0,         0,   0.106,correlated_pymatching,fc34ebb7e95f39002e0450c43b4010e8487a8bf69020c41441c163f361e16caa,"{""d"":7,""p"":0.00021544346900318845,""r"":7}",
         4,         0,         0,   0.102,correlated_pymatching,c0f36ac9493e507480de3d1005b3ff5353e22d8f53ac98af1cc86d39fd4c29db,"{""d"":7,""p"":0.001,""r"":7}",
         4,         0,         0,   0.097,correlated_pymatching,f78701dabc92d935ad4f13d4b82879787b139ab0efba2a7ff15a1f63c045c687,"{""d"":7,""p"":0.00046415888336127773,""r"":7}",
         4,         0,         0,   0.100,correlated_pymatching,c0f36ac9493e507480de3d1005b3ff5353e22d8f53ac98af1cc86d39fd4c29db,"{""d"":7,""p"":0.001,""r"":7}",
         4,         0,         0,   0.102,correlated_pymatching,f78701dabc92d935ad4f13d4b82879787b139ab0efba2a7ff15a1f63c045c687,"{""d"":7,""p"":0.00046415888336127773,""r"":7}",
         4,         0,         0,   0.101,correlated_pymatching,fc34ebb7e95f39002e0450c43b4010e8487a8bf69020c41441c163f361e16caa,"{""d"":7,""p"":0.00021544346900318845,""r"":7}",
     57344,         0,         0,    6.00,correlated_pymatching,e4f159b6793677bb35f01feb57a96b325f1fd1677dd307a327839217f990921c,"{""d"":7,""p"":0.0001,""r"":7}",
     54272,         0,         0,    5.98,correlated_pymatching,fc34ebb7e95f39002e0450c43b4010e8487a8bf69020c41441c163f361e16caa,"{""d"":7,""p"":0.00021544346900318845,""r"":7}",
        16,         0,         0,   0.097,correlated_pymatching,f78701dabc92d935ad4f13d4b82879787b139ab0efba2a7ff15a1f63c045c687,"{""d"":7,""p"":0.00046415888336127773,""r"":7}",
        16,         0,         0,   0.103,correlated_pymatching,c0f36ac9493e507480de3d1005b3ff5353e22d8f53ac98af1cc86d39fd4c29db,"{""d"":7,""p"":0.001,""r"":7}",
        16,         0,         0,   0.101,correlated_pymatching,c0f36ac9493e507480de3d1005b3ff5353e22d8f53ac98af1cc86d39fd4c29db,"{""d"":7,""p"":0.001,""r"":7}",
        16,         0,         0,   0.102,correlated_pymatching,f78701dabc92d935ad4f13d4b82879787b139ab0efba2a7ff15a1f63c045c687,"{""d"":7,""p"":0.00046415888336127773,""r"":7}",
        16,         0,         0,   0.102,correlated_pymatching,fc34ebb7e95f39002e0450c43b4010e8487a8bf69020c41441c163f361e16caa,"{""d"":7,""p"":0.00021544346900318845,""r"":7}",
        64,         0,         0,   0.099,correlated_pymatching,f78701dabc92d935ad4f13d4b82879787b139ab0efba2a7ff15a1f63c045c687,"{""d"":7,""p"":0.00046415888336127773,""r"":7}",
     40960,         0,         0,    4.28,correlated_pymatching,e4f159b6793677bb35f01feb57a96b325f1fd1677dd307a327839217f990921c,"{""d"":7,""p"":0.0001,""r"":7}",
        64,         0,         0,   0.108,correlated_pymatching,c0f36ac9493e507480de3d1005b3ff5353e22d8f53ac98af1cc86d39fd4c29db,"{""d"":7,""p"":0.001,""r"":7}",
        64,         0,         0,   0.104,correlated_pymatching,c0f36ac9493e507480de3d1005b3ff5353e22d8f53ac98af1cc86d39fd4c29db,"{""d"":7,""p"":0.001,""r"":7}",
        64,         0,         0,   0.104,correlated_pymatching,f78701dabc92d935ad4f13d4b82879787b139ab0efba2a7ff15a1f63c045c687,"{""d"":7,""p"":0.00046415888336127773,""r"":7}",
        64,         0,         0,   0.103,correlated_pymatching,fc34ebb7e95f39002e0450c43b4010e8487a8bf69020c41441c163f361e16caa,"{""d"":7,""p"":0.00021544346900318845,""r"":7}",
       256,         0,         0,   0.105,correlated_pymatching,f78701dabc92d935ad4f13d4b82879787b139ab0efba2a7ff15a1f63c045c687,"{""d"":7,""p"":0.00046415888336127773,""r"":7}",
     50176,         1,         0,    6.02,correlated_pymatching,f78701dabc92d935ad4f13d4b82879787b139ab0efba2a7ff15a1f63c045c687,"{""d"":7,""p"":0.00046415888336127773,""r"":7}","{""obs_mistake_mask=E"":1}"
       256,         0,         0,   0.116,correlated_pymatching,c0f36ac9493e507480de3d1005b3ff5353e22d8f53ac98af1cc86d39fd4c29db,"{""d"":7,""p"":0.001,""r"":7}",
       256,         0,         0,   0.107,correlated_pymatching,fc34ebb7e95f39002e0450c43b4010e8487a8bf69020c41441c163f361e16caa,"{""d"":7,""p"":0.00021544346900318845,""r"":7}",
       256,         0,         0,   0.110,correlated_pymatching,f78701dabc92d935ad4f13d4b82879787b139ab0efba2a7ff15a1f63c045c687,"{""d"":7,""p"":0.00046415888336127773,""r"":7}",
       256,         0,         0,   0.115,correlated_pymatching,c0f36ac9493e507480de3d1005b3ff5353e22d8f53ac98af1cc86d39fd4c29db,"{""d"":7,""p"":0.001,""r"":7}",
     41984,        15,         0,    6.09,correlated_pymatching,c0f36ac9493e507480de3d1005b3ff5353e22d8f53ac98af1cc86d39fd4c29db,"{""d"":7,""p"":0.001,""r"":7}","{""obs_mistake_mask=E"":15}"
      1024,         0,         0,   0.123,correlated_pymatching,f78701dabc92d935ad4f13d4b82879787b139ab0efba2a7ff15a1f63c045c687,"{""d"":7,""p"":0.00046415888336127773,""r"":7}",
      1024,         0,         0,   0.120,correlated_pymatching,fc34ebb7e95f39002e0450c43b4010e8487a8bf69020c41441c163f361e16caa,"{""d"":7,""p"":0.00021544346900318845,""r"":7}",
      1024,         0,         0,   0.131,correlated_pymatching,f78701dabc92d935ad4f13d4b82879787b139ab0efba2a7ff15a1f63c045c687,"{""d"":7,""p"":0.00046415888336127773,""r"":7}",
      1024,         1,         0,   0.159,correlated_pymatching,c0f36ac9493e507480de3d1005b3ff5353e22d8f53ac98af1cc86d39fd4c29db,"{""d"":7,""p"":0.001,""r"":7}","{""obs_mistake_mask=E"":1}"
      1024,         0,         0,   0.156,correlated_pymatching,c0f36ac9493e507480de3d1005b3ff5353e22d8f53ac98af1cc86d39fd4c29db,"{""d"":7,""p"":0.001,""r"":7}",
      1024,         0,         0,   0.124,correlated_pymatching,f78701dabc92d935ad4f13d4b82879787b139ab0efba2a7ff15a1f63c045c687,"{""d"":7,""p"":0.00046415888336127773,""r"":7}",
      1024,         0,         0,   0.119,correlated_pymatching,fc34ebb7e95f39002e0450c43b4010e8487a8bf69020c41441c163f361e16caa,"{""d"":7,""p"":0.00021544346900318845,""r"":7}",
      1024,         0,         0,   0.130,correlated_pymatching,f78701dabc92d935ad4f13d4b82879787b139ab0efba2a7ff15a1f63c045c687,"{""d"":7,""p"":0.00046415888336127773,""r"":7}",
      1024,         0,         0,   0.157,correlated_pymatching,c0f36ac9493e507480de3d1005b3ff5353e22d8f53ac98af1cc86d39fd4c29db,"{""d"":7,""p"":0.001,""r"":7}",
      1024,         0,         0,   0.155,correlated_pymatching,c0f36ac9493e507480de3d1005b3ff5353e22d8f53ac98af1cc86d39fd4c29db,"{""d"":7,""p"":0.001,""r"":7}",
      1024,         0,         0,   0.125,correlated_pymatching,f78701dabc92d935ad4f13d4b82879787b139ab0efba2a7ff15a1f63c045c687,"{""d"":7,""p"":0.00046415888336127773,""r"":7}",
      1024,         0,         0,   0.119,correlated_pymatching,fc34ebb7e95f39002e0450c43b4010e8487a8bf69020c41441c163f361e16caa,"{""d"":7,""p"":0.00021544346900318845,""r"":7}",
      1024,         0,         0,   0.128,correlated_pymatching,f78701dabc92d935ad4f13d4b82879787b139ab0efba2a7ff15a1f63c045c687,"{""d"":7,""p"":0.00046415888336127773,""r"":7}",
      1024,         0,         0,   0.154,correlated_pymatching,c0f36ac9493e507480de3d1005b3ff5353e22d8f53ac98af1cc86d39fd4c29db,"{""d"":7,""p"":0.001,""r"":7}",
      1024,         0,         0,   0.159,correlated_pymatching,c0f36ac9493e507480de3d1005b3ff5353e22d8f53ac98af1cc86d39fd4c29db,"{""d"":7,""p"":0.001,""r"":7}",
     52224,         0,         0,    5.99,correlated_pymatching,fc34ebb7e95f39002e0450c43b4010e8487a8bf69020c41441c163f361e16caa,"{""d"":7,""p"":0.00021544346900318845,""r"":7}",
      2048,         0,         0,   0.237,correlated_pymatching,fc34ebb7e95f39002e0450c43b4010e8487a8bf69020c41441c163f361e16caa,"{""d"":7,""p"":0.00021544346900318845,""r"":7}",
      2048,         0,         0,   0.249,correlated_pymatching,f78701dabc92d935ad4f13d4b82879787b139ab0efba2a7ff15a1f63c045c687,"{""d"":7,""p"":0.00046415888336127773,""r"":7}",
      1024,         0,         0,   0.155,correlated_pymatching,c0f36ac9493e507480de3d1005b3ff5353e22d8f53ac98af1cc86d39fd4c29db,"{""d"":7,""p"":0.001,""r"":7}",
      1024,         0,         0,   0.157,correlated_pymatching,c0f36ac9493e507480de3d1005b3ff5353e22d8f53ac98af1cc86d39fd4c29db,"{""d"":7,""p"":0.001,""r"":7}",
      2048,         0,         0,   0.255,correlated_pymatching,f78701dabc92d935ad4f13d4b82879787b139ab0efba2a7ff15a1f63c045c687,"{""d"":7,""p"":0.00046415888336127773,""r"":7}",
      2048,         0,         0,   0.238,correlated_pymatching,fc34ebb7e95f39002e0450c43b4010e8487a8bf69020c41441c163f361e16caa,"{""d"":7,""p"":0.00021544346900318845,""r"":7}",
     55296,         0,         0,    6.00,correlated_pymatching,e4f159b6793677bb35f01feb57a96b325f1fd1677dd307a327839217f990921c,"{""d"":7,""p"":0.0001,""r"":7}",
      2048,         1,         0,   0.246,correlated_pymatching,f78701dabc92d935ad4f13d4b82879787b139ab0efba2a7ff15a1f63c045c687,"{""d"":7,""p"":0.00046415888336127773,""r"":7}","{""obs_mistake_mask=E"":1}"
      2048,         0,         0,   0.258,correlated_pymatching,f78701dabc92d935ad4f13d4b82879787b139ab0efba2a7ff15a1f63c045c687,"{""d"":7,""p"":0.00046415888336127773,""r"":7}",
      2048,         1,         0,   0.306,correlated_pymatching,c0f36ac9493e507480de3d1005b3ff5353e22d8f53ac98af1cc86d39fd4c29db,"{""d"":7,""p"":0.001,""r"":7}","{""obs_mistake_mask=E"":1}"
      2048,         0,         0,   0.315,correlated_pymatching,c0f36ac9493e507480de3d1005b3ff5353e22d8f53ac98af1cc86d39fd4c29db,"{""d"":7,""p"":0.001,""r"":7}",
    145408,         6,         0,    5.98,correlated_pymatching,fa4abf060bb8957bc373669c411dc29ef38c556623431d0b2ba3296802fc7aed,"{""d"":5,""p"":0.00021544346900318845,""r"":5}","{""obs_mistake_mask=E"":6}"
     48128,         2,         0,    6.00,correlated_pymatching,f78701dabc92d935ad4f13d4b82879787b139ab0efba2a7ff15a1f63c045c687,"{""d"":7,""p"":0.00046415888336127773,""r"":7}","{""obs_mistake_mask=E"":2}"
    150528,         1,         0,    5.98,correlated_pymatching,b9ea537001f4564e94f495911335fcbbcd36a480e30594a58e8a822a0a45b86e,"{""d"":5,""p"":0.0001,""r"":5}","{""obs_mistake_mask=E"":1}"
     39936,        16,         0,    6.01,correlated_pymatching,c0f36ac9493e507480de3d1005b3ff5353e22d8f53ac98af1cc86d39fd4c29db,"{""d"":7,""p"":0.001,""r"":7}","{""obs_mistake_mask=E"":16}"
      3072,         0,         0,   0.355,correlated_pymatching,fc34ebb7e95f39002e0450c43b4010e8487a8bf69020c41441c163f361e16caa,"{""d"":7,""p"":0.00021544346900318845,""r"":7}",
      3072,         0,         0,   0.368,correlated_pymatching,f78701dabc92d935ad4f13d4b82879787b139ab0efba2a7ff15a1f63c045c687,"{""d"":7,""p"":0.00046415888336127773,""r"":7}",
      2048,         0,         0,   0.308,correlated_pymatching,c0f36ac9493e507480de3d1005b3ff5353e22d8f53ac98af1cc86d39fd4c29db,"{""d"":7,""p"":0.001,""r"":7}",
      2048,         0,         0,   0.314,correlated_pymatching,c0f36ac9493e507480de3d1005b3ff5353e22d8f53ac98af1cc86d39fd4c29db,"{""d"":7,""p"":0.001,""r"":7}",
      3072,         0,         0,   0.389,correlated_pymatching,f78701dabc92d935ad4f13d4b82879787b139ab0efba2a7ff15a1f63c045c687,"{""d"":7,""p"":0.00046415888336127773,""r"":7}",
    152576,         1,         0,    5.99,correlated_pymatching,b9ea537001f4564e94f495911335fcbbcd36a480e30594a58e8a822a0a45b86e,"{""d"":5,""p"":0.0001,""r"":5}","{""obs_mistake_mask=E"":1}"
      4096,         0,         0,   0.473,correlated_pymatching,fc34ebb7e95f39002e0450c43b4010e8487a8bf69020c41441c163f361e16caa,"{""d"":7,""p"":0.00021544346900318845,""r"":7}",
      3072,         0,         0,   0.460,correlated_pymatching,c0f36ac9493e507480de3d1005b3ff5353e22d8f53ac98af1cc86d39fd4c29db,"{""d"":7,""p"":0.001,""r"":7}",
      4096,         0,         0,   0.498,correlated_pymatching,f78701dabc92d935ad4f13d4b82879787b139ab0efba2a7ff15a1f63c045c687,"{""d"":7,""p"":0.00046415888336127773,""r"":7}",
      3072,         3,         0,   0.469,correlated_pymatching,c0f36ac9493e507480de3d1005b3ff5353e22d8f53ac98af1cc86d39fd4c29db,"{""d"":7,""p"":0.001,""r"":7}","{""obs_mistake_mask=E"":3}"
      4096,         0,         0,   0.515,correlated_pymatching,f78701dabc92d935ad4f13d4b82879787b139ab0efba2a7ff15a1f63c045c687,"{""d"":7,""p"":0.00046415888336127773,""r"":7}",
     54272,         0,         0,    5.99,correlated_pymatching,fc34ebb7e95f39002e0450c43b4010e8487a8bf69020c41441c163f361e16caa,"{""d"":7,""p"":0.00021544346900318845,""r"":7}",
     57344,         0,         0,    6.03,correlated_pymatching,e4f159b6793677bb35f01feb57a96b325f1fd1677dd307a327839217f990921c,"{""d"":7,""p"":0.0001,""r"":7}",
     40960,         9,         0,    5.99,correlated_pymatching,c0f36ac9493e507480de3d1005b3ff5353e22d8f53ac98af1cc86d39fd4c29db,"{""d"":7,""p"":0.001,""r"":7}","{""obs_mistake_mask=E"":9}"
     50176,         3,         0,    6.06,correlated_pymatching,f78701dabc92d935ad4f13d4b82879787b139ab0efba2a7ff15a1f63c045c687,"{""d"":7,""p"":0.00046415888336127773,""r"":7}","{""obs_mistake_mask=E"":3}"
      5120,         0,         0,   0.593,correlated_pymatching,fc34ebb7e95f39002e0450c43b4010e8487a8bf69020c41441c163f361e16caa,"{""d"":7,""p"":0.00021544346900318845,""r"":7}",
      4096,         3,         0,   0.616,correlated_pymatching,c0f36ac9493e507480de3d1005b3ff5353e22d8f53ac98af1cc86d39fd4c29db,"{""d"":7,""p"":0.001,""r"":7}","{""obs_mistake_mask=E"":3}"
      4096,         1,         0,   0.625,correlated_pymatching,c0f36ac9493e507480de3d1005b3ff5353e22d8f53ac98af1cc86d39fd4c29db,"{""d"":7,""p"":0.001,""r"":7}","{""obs_mistake_mask=E"":1}"
      5120,         0,         0,   0.677,correlated_pymatching,f78701dabc92d935ad4f13d4b82879787b139ab0efba2a7ff15a1f63c045c687,"{""d"":7,""p"":0.00046415888336127773,""r"":7}",
      5120,         0,         0,   0.645,correlated_pymatching,f78701dabc92d935ad4f13d4b82879787b139ab0efba2a7ff15a1f63c045c687,"{""d"":7,""p"":0.00046415888336127773,""r"":7}",
    144384,         5,         0,    5.99,correlated_pymatching,fa4abf060bb8957bc373669c411dc29ef38c556623431d0b2ba3296802fc7aed,"{""d"":5,""p"":0.00021544346900318845,""r"":5}","{""obs_mistake_mask=E"":5}"
      7168,         0,         0,   0.825,correlated_pymatching,fc34ebb7e95f39002e0450c43b4010e8487a8bf69020c41441c163f361e16caa,"{""d"":7,""p"":0.00021544346900318845,""r"":7}",
      6144,         4,         0,   0.924,correlated_pymatching,c0f36ac9493e507480de3d1005b3ff5353e22d8f53ac98af1cc86d39fd4c29db,"{""d"":7,""p"":0.001,""r"":7}","{""obs_mistake_mask=E"":4}"
      7168,         0,         0,   0.861,correlated_pymatching,f78701dabc92d935ad4f13d4b82879787b139ab0efba2a7ff15a1f63c045c687,"{""d"":7,""p"":0.00046415888336127773,""r"":7}",
      6144,         2,         0,   0.934,correlated_pymatching,c0f36ac9493e507480de3d1005b3ff5353e22d8f53ac98af1cc86d39fd4c29db,"{""d"":7,""p"":0.001,""r"":7}","{""obs_mistake_mask=E"":2}"
      7168,         0,         0,   0.904,correlated_pymatching,f78701dabc92d935ad4f13d4b82879787b139ab0efba2a7ff15a1f63c045c687,"{""d"":7,""p"":0.00046415888336127773,""r"":7}",
     55296,         0,         0,    6.00,correlated_pymatching,e4f159b6793677bb35f01feb57a96b325f1fd1677dd307a327839217f990921c,"{""d"":7,""p"":0.0001,""r"":7}",
     10240,         0,         0,    1.18,correlated_pymatching,fc34ebb7e95f39002e0450c43b4010e8487a8bf69020c41441c163f361e16caa,"{""d"":7,""p"":0.00021544346900318845,""r"":7}",
      9216,         0,         0,    1.11,correlated_pymatching,f78701dabc92d935ad4f13d4b82879787b139ab0efba2a7ff15a1f63c045c687,"{""d"":7,""p"":0.00046415888336127773,""r"":7}",
      7168,         3,         0,    1.16,correlated_pymatching,c0f36ac9493e507480de3d1005b3ff5353e22d8f53ac98af1cc86d39fd4c29db,"{""d"":7,""p"":0.001,""r"":7}","{""obs_mistake_mask=E"":3}"
      9216,         0,         0,    1.16,correlated_pymatching,f78701dabc92d935ad4f13d4b82879787b139ab0efba2a7ff15a1f63c045c687,"{""d"":7,""p"":0.00046415888336127773,""r"":7}",
      8192,         4,         0,    1.25,correlated_pymatching,c0f36ac9493e507480de3d1005b3ff5353e22d8f53ac98af1cc86d39fd4c29db,"{""d"":7,""p"":0.001,""r"":7}","{""obs_mistake_mask=E"":4}"
     52224,         0,         0,    6.01,correlated_pymatching,fc34ebb7e95f39002e0450c43b4010e8487a8bf69020c41441c163f361e16caa,"{""d"":7,""p"":0.00021544346900318845,""r"":7}",
     48128,         0,         0,    6.01,correlated_pymatching,f78701dabc92d935ad4f13d4b82879787b139ab0efba2a7ff15a1f63c045c687,"{""d"":7,""p"":0.00046415888336127773,""r"":7}",
     39936,        11,         0,    6.00,correlated_pymatching,c0f36ac9493e507480de3d1005b3ff5353e22d8f53ac98af1cc86d39fd4c29db,"{""d"":7,""p"":0.001,""r"":7}","{""obs_mistake_mask=E"":11}"
    143360,         4,         0,    5.97,correlated_pymatching,fa4abf060bb8957bc373669c411dc29ef38c556623431d0b2ba3296802fc7aed,"{""d"":5,""p"":0.00021544346900318845,""r"":5}","{""obs_mistake_mask=E"":4}"
    150528,         1,         0,    5.97,correlated_pymatching,b9ea537001f4564e94f495911335fcbbcd36a480e30594a58e8a822a0a45b86e,"{""d"":5,""p"":0.0001,""r"":5}","{""obs_mistake_mask=E"":1}"
     57344,         0,         0,    6.00,correlated_pymatching,e4f159b6793677bb35f01feb57a96b325f1fd1677dd307a327839217f990921c,"{""d"":7,""p"":0.0001,""r"":7}",
     14336,         0,         0,    1.65,correlated_pymatching,fc34ebb7e95f39002e0450c43b4010e8487a8bf69020c41441c163f361e16caa,"{""d"":7,""p"":0.00021544346900318845,""r"":7}",
     10240,         3,         0,    1.55,correlated_pymatching,c0f36ac9493e507480de3d1005b3ff5353e22d8f53ac98af1cc86d39fd4c29db,"{""d"":7,""p"":0.001,""r"":7}","{""obs_mistake_mask=E"":3}"
     13312,         1,         0,    1.60,correlated_pymatching,f78701dabc92d935ad4f13d4b82879787b139ab0efba2a7ff15a1f63c045c687,"{""d"":7,""p"":0.00046415888336127773,""r"":7}","{""obs_mistake_mask=E"":1}"
     10240,         6,         0,    1.57,correlated_pymatching,c0f36ac9493e507480de3d1005b3ff5353e22d8f53ac98af1cc86d39fd4c29db,"{""d"":7,""p"":0.001,""r"":7}","{""obs_mistake_mask=E"":6}"
     12288,         0,         0,    1.61,correlated_pymatching,f78701dabc92d935ad4f13d4b82879787b139ab0efba2a7ff15a1f63c045c687,"{""d"":7,""p"":0.00046415888336127773,""r"":7}",
    209920,         1,         0,    8.38,correlated_pymatching,b9ea537001f4564e94f495911335fcbbcd36a480e30594a58e8a822a0a45b86e,"{""d"":5,""p"":0.0001,""r"":5}","{""obs_mistake_mask=E"":1}"
    200704,         0,         0,    8.38,correlated_pymatching,fa4abf060bb8957bc373669c411dc29ef38c556623431d0b2ba3296802fc7aed,"{""d"":5,""p"":0.00021544346900318845,""r"":5}",
    199680,        10,         0,    8.36,correlated_pymatching,fa4abf060bb8957bc373669c411dc29ef38c556623431d0b2ba3296802fc7aed,"{""d"":5,""p"":0.00021544346900318845,""r"":5}","{""obs_mistake_mask=E"":10}"
    208896,         1,         0,    8.35,correlated_pymatching,b9ea537001f4564e94f495911335fcbbcd36a480e30594a58e8a822a0a45b86e,"{""d"":5,""p"":0.0001,""r"":5}","{""obs_mistake_mask=E"":1}"
     75776,         0,         0,    8.36,correlated_pymatching,fc34ebb7e95f39002e0450c43b4010e8487a8bf69020c41441c163f361e16caa,"{""d"":7,""p"":0.00021544346900318845,""r"":7}",
     79872,         0,         0,    8.43,correlated_pymatching,e4f159b6793677bb35f01feb57a96b325f1fd1677dd307a327839217f990921c,"{""d"":7,""p"":0.0001,""r"":7}",
     19456,         0,         0,    2.24,correlated_pymatching,fc34ebb7e95f39002e0450c43b4010e8487a8bf69020c41441c163f361e16caa,"{""d"":7,""p"":0.00021544346900318845,""r"":7}",
     18432,         0,         0,    2.23,correlated_pymatching,f78701dabc92d935ad4f13d4b82879787b139ab0efba2a7ff15a1f63c045c687,"{""d"":7,""p"":0.00046415888336127773,""r"":7}",
     15360,         9,         0,    2.32,correlated_pymatching,c0f36ac9493e507480de3d1005b3ff5353e22d8f53ac98af1cc86d39fd4c29db,"{""d"":7,""p"":0.001,""r"":7}","{""obs_mistake_mask=E"":9}"
     14336,         5,         0,    2.20,correlated_pymatching,c0f36ac9493e507480de3d1005b3ff5353e22d8f53ac98af1cc86d39fd4c29db,"{""d"":7,""p"":0.001,""r"":7}","{""obs_mistake_mask=E"":5}"
     17408,         0,         0,    2.20,correlated_pymatching,f78701dabc92d935ad4f13d4b82879787b139ab0efba2a7ff15a1f63c045c687,"{""d"":7,""p"":0.00046415888336127773,""r"":7}",
     69632,         1,         0,    8.37,correlated_pymatching,f78701dabc92d935ad4f13d4b82879787b139ab0efba2a7ff15a1f63c045c687,"{""d"":7,""p"":0.00046415888336127773,""r"":7}","{""obs_mistake_mask=E"":1}"
     58368,        16,         0,    8.51,correlated_pymatching,c0f36ac9493e507480de3d1005b3ff5353e22d8f53ac98af1cc86d39fd4c29db,"{""d"":7,""p"":0.001,""r"":7}","{""obs_mistake_mask=E"":16}"
     72704,         0,         0,    8.39,correlated_pymatching,fc34ebb7e95f39002e0450c43b4010e8487a8bf69020c41441c163f361e16caa,"{""d"":7,""p"":0.00021544346900318845,""r"":7}",
     76800,         0,         0,    8.44,correlated_pymatching,e4f159b6793677bb35f01feb57a96b325f1fd1677dd307a327839217f990921c,"{""d"":7,""p"":0.0001,""r"":7}",
    202752,         8,         0,    8.35,correlated_pymatching,fa4abf060bb8957bc373669c411dc29ef38c556623431d0b2ba3296802fc7aed,"{""d"":5,""p"":0.00021544346900318845,""r"":5}","{""obs_mistake_mask=E"":8}"
    209920,         0,         0,    8.37,correlated_pymatching,b9ea537001f4564e94f495911335fcbbcd36a480e30594a58e8a822a0a45b86e,"{""d"":5,""p"":0.0001,""r"":5}",
     67584,         1,         0,    8.43,correlated_pymatching,f78701dabc92d935ad4f13d4b82879787b139ab0efba2a7ff15a1f63c045c687,"{""d"":7,""p"":0.00046415888336127773,""r"":7}","{""obs_mistake_mask=E"":1}"
     56320,        14,         0,    8.50,correlated_pymatching,c0f36ac9493e507480de3d1005b3ff5353e22d8f53ac98af1cc86d39fd4c29db,"{""d"":7,""p"":0.001,""r"":7}","{""obs_mistake_mask=E"":14}"
    212992,         0,         0,    8.36,correlated_pymatching,b9ea537001f4564e94f495911335fcbbcd36a480e30594a58e8a822a0a45b86e,"{""d"":5,""p"":0.0001,""r"":5}",
     76800,         0,         0,    8.45,correlated_pymatching,fc34ebb7e95f39002e0450c43b4010e8487a8bf69020c41441c163f361e16caa,"{""d"":7,""p"":0.00021544346900318845,""r"":7}",
     79872,         0,         0,    8.44,correlated_pymatching,e4f159b6793677bb35f01feb57a96b325f1fd1677dd307a327839217f990921c,"{""d"":7,""p"":0.0001,""r"":7}",
     57344,        14,         0,    8.38,correlated_pymatching,c0f36ac9493e507480de3d1005b3ff5353e22d8f53ac98af1cc86d39fd4c29db,"{""d"":7,""p"":0.001,""r"":7}","{""obs_mistake_mask=E"":14}"
     69632,         0,         0,    8.45,correlated_pymatching,f78701dabc92d935ad4f13d4b82879787b139ab0efba2a7ff15a1f63c045c687,"{""d"":7,""p"":0.00046415888336127773,""r"":7}",
     26624,         0,         0,    3.06,correlated_pymatching,fc34ebb7e95f39002e0450c43b4010e8487a8bf69020c41441c163f361e16caa,"{""d"":7,""p"":0.00021544346900318845,""r"":7}",
     25600,         1,         0,    3.07,correlated_pymatching,f78701dabc92d935ad4f13d4b82879787b139ab0efba2a7ff15a1f63c045c687,"{""d"":7,""p"":0.00046415888336127773,""r"":7}","{""obs_mistake_mask=E"":1}"
     47811,         0,         0,    1.92,correlated_pymatching,b9ea537001f4564e94f495911335fcbbcd36a480e30594a58e8a822a0a45b86e,"{""d"":5,""p"":0.0001,""r"":5}",
     99328,         0,         0,    3.97,correlated_pymatching,b9ea537001f4564e94f495911335fcbbcd36a480e30594a58e8a822a0a45b86e,"{""d"":5,""p"":0.0001,""r"":5}",
     37571,         1,         0,    1.49,correlated_pymatching,b9ea537001f4564e94f495911335fcbbcd36a480e30594a58e8a822a0a45b86e,"{""d"":5,""p"":0.0001,""r"":5}","{""obs_mistake_mask=E"":1}"
     93184,         1,         0,    3.74,correlated_pymatching,b9ea537001f4564e94f495911335fcbbcd36a480e30594a58e8a822a0a45b86e,"{""d"":5,""p"":0.0001,""r"":5}","{""obs_mistake_mask=E"":1}"
     20480,         8,         0,    3.08,correlated_pymatching,c0f36ac9493e507480de3d1005b3ff5353e22d8f53ac98af1cc86d39fd4c29db,"{""d"":7,""p"":0.001,""r"":7}","{""obs_mistake_mask=E"":8}"
    154624,         2,         0,    6.15,correlated_pymatching,b9ea537001f4564e94f495911335fcbbcd36a480e30594a58e8a822a0a45b86e,"{""d"":5,""p"":0.0001,""r"":5}","{""obs_mistake_mask=E"":2}"
     24576,         1,         0,    3.10,correlated_pymatching,f78701dabc92d935ad4f13d4b82879787b139ab0efba2a7ff15a1f63c045c687,"{""d"":7,""p"":0.00046415888336127773,""r"":7}","{""obs_mistake_mask=E"":1}"
       717,         0,         0,   0.046,correlated_pymatching,b9ea537001f4564e94f495911335fcbbcd36a480e30594a58e8a822a0a45b86e,"{""d"":5,""p"":0.0001,""r"":5}",
    200704,         4,         0,    8.36,correlated_pymatching,fa4abf060bb8957bc373669c411dc29ef38c556623431d0b2ba3296802fc7aed,"{""d"":5,""p"":0.00021544346900318845,""r"":5}","{""obs_mistake_mask=E"":4}"
     20480,         6,         0,    3.13,correlated_pymatching,c0f36ac9493e507480de3d1005b3ff5353e22d8f53ac98af1cc86d39fd4c29db,"{""d"":7,""p"":0.001,""r"":7}","{""obs_mistake_mask=E"":6}"
     12657,         0,         0,   0.533,correlated_pymatching,b9ea537001f4564e94f495911335fcbbcd36a480e30594a58e8a822a0a45b86e,"{""d"":5,""p"":0.0001,""r"":5}",
     12657,         0,         0,   0.537,correlated_pymatching,b9ea537001f4564e94f495911335fcbbcd36a480e30594a58e8a822a0a45b86e,"{""d"":5,""p"":0.0001,""r"":5}",
     12657,         1,         0,   0.533,correlated_pymatching,b9ea537001f4564e94f495911335fcbbcd36a480e30594a58e8a822a0a45b86e,"{""d"":5,""p"":0.0001,""r"":5}","{""obs_mistake_mask=E"":1}"
     12657,         0,         0,   0.527,correlated_pymatching,b9ea537001f4564e94f495911335fcbbcd36a480e30594a58e8a822a0a45b86e,"{""d"":5,""p"":0.0001,""r"":5}",
     11940,         0,         0,   0.486,correlated_pymatching,b9ea537001f4564e94f495911335fcbbcd36a480e30594a58e8a822a0a45b86e,"{""d"":5,""p"":0.0001,""r"":5}",
    161792,         1,         0,    6.74,correlated_pymatching,fa4abf060bb8957bc373669c411dc29ef38c556623431d0b2ba3296802fc7aed,"{""d"":5,""p"":0.00021544346900318845,""r"":5}","{""obs_mistake_mask=E"":1}"
    108234,         3,         0,    4.53,correlated_pymatching,fa4abf060bb8957bc373669c411dc29ef38c556623431d0b2ba3296802fc7aed,"{""d"":5,""p"":0.00021544346900318845,""r"":5}","{""obs_mistake_mask=E"":3}"
    105472,         2,         0,    4.42,correlated_pymatching,fa4abf060bb8957bc373669c411dc29ef38c556623431d0b2ba3296802fc7aed,"{""d"":5,""p"":0.00021544346900318845,""r"":5}","{""obs_mistake_mask=E"":2}"
         1,         0,         0,   0.037,correlated_pymatching,fa4abf060bb8957bc373669c411dc29ef38c556623431d0b2ba3296802fc7aed,"{""d"":5,""p"":0.00021544346900318845,""r"":5}",
     65536,         1,         0,    2.70,correlated_pymatching,fa4abf060bb8957bc373669c411dc29ef38c556623431d0b2ba3296802fc7aed,"{""d"":5,""p"":0.00021544346900318845,""r"":5}","{""obs_mistake_mask=E"":1}"
        16,         0,         0,   0.037,correlated_pymatching,fa4abf060bb8957bc373669c411dc29ef38c556623431d0b2ba3296802fc7aed,"{""d"":5,""p"":0.00021544346900318845,""r"":5}",
       256,         0,         0,   0.038,correlated_pymatching,fa4abf060bb8957bc373669c411dc29ef38c556623431d0b2ba3296802fc7aed,"{""d"":5,""p"":0.00021544346900318845,""r"":5}",
      1024,         0,         0,   0.043,correlated_pymatching,fa4abf060bb8957bc373669c411dc29ef38c556623431d0b2ba3296802fc7aed,"{""d"":5,""p"":0.00021544346900318845,""r"":5}",
         1,         0,         0,   0.100,correlated_pymatching,e4f159b6793677bb35f01feb57a96b325f1fd1677dd307a327839217f990921c,"{""d"":7,""p"":0.0001,""r"":7}",
         1,         0,         0,   0.103,correlated_pymatching,fc34ebb7e95f39002e0450c43b4010e8487a8bf69020c41441c163f361e16caa,"{""d"":7,""p"":0.00021544346900318845,""r"":7}",
         1,         0,         0,   0.097,correlated_pymatching,e4f159b6793677bb35f01feb57a96b325f1fd1677dd307a327839217f990921c,"{""d"":7,""p"":0.0001,""r"":7}",
         1,         0,         0,   0.103,correlated_pymatching,fc34ebb7e95f39002e0450c43b4010e8487a8bf69020c41441c163f361e16caa,"{""d"":7,""p"":0.00021544346900318845,""r"":7}",
      1024,         0,         0,   0.042,correlated_pymatching,fa4abf060bb8957bc373669c411dc29ef38c556623431d0b2ba3296802fc7aed,"{""d"":5,""p"":0.00021544346900318845,""r"":5}",
         4,         0,         0,   0.101,correlated_pymatching,e4f159b6793677bb35f01feb57a96b325f1fd1677dd307a327839217f990921c,"{""d"":7,""p"":0.0001,""r"":7}",
         4,         0,         0,   0.102,correlated_pymatching,fc34ebb7e95f39002e0450c43b4010e8487a8bf69020c41441c163f361e16caa,"{""d"":7,""p"":0.00021544346900318845,""r"":7}",
         4,         0,         0,   0.097,correlated_pymatching,e4f159b6793677bb35f01feb57a96b325f1fd1677dd307a327839217f990921c,"{""d"":7,""p"":0.0001,""r"":7}",
      2048,         0,         0,   0.086,correlated_pymatching,fa4abf060bb8957bc373669c411dc29ef38c556623431d0b2ba3296802fc7aed,"{""d"":5,""p"":0.00021544346900318845,""r"":5}",
         4,         0,         0,   0.100,correlated_pymatching,fc34ebb7e95f39002e0450c43b4010e8487a8bf69020c41441c163f361e16caa,"{""d"":7,""p"":0.00021544346900318845,""r"":7}",
        16,         0,         0,   0.100,correlated_pymatching,e4f159b6793677bb35f01feb57a96b325f1fd1677dd307a327839217f990921c,"{""d"":7,""p"":0.0001,""r"":7}",
     77824,         0,         0,    8.47,correlated_pymatching,e4f159b6793677bb35f01feb57a96b325f1fd1677dd307a327839217f990921c,"{""d"":7,""p"":0.0001,""r"":7}",
      2048,         0,         0,   0.085,correlated_pymatching,fa4abf060bb8957bc373669c411dc29ef38c556623431d0b2ba3296802fc7aed,"{""d"":5,""p"":0.00021544346900318845,""r"":5}",
        16,         0,         0,   0.102,correlated_pymatching,fc34ebb7e95f39002e0450c43b4010e8487a8bf69020c41441c163f361e16caa,"{""d"":7,""p"":0.00021544346900318845,""r"":7}",
        16,         0,         0,   0.098,correlated_pymatching,e4f159b6793677bb35f01feb57a96b325f1fd1677dd307a327839217f990921c,"{""d"":7,""p"":0.0001,""r"":7}",
        16,         0,         0,   0.101,correlated_pymatching,fc34ebb7e95f39002e0450c43b4010e8487a8bf69020c41441c163f361e16caa,"{""d"":7,""p"":0.00021544346900318845,""r"":7}",
        64,         0,         0,   0.101,correlated_pymatching,e4f159b6793677bb35f01feb57a96b325f1fd1677dd307a327839217f990921c,"{""d"":7,""p"":0.0001,""r"":7}",
        64,         0,         0,   0.101,correlated_pymatching,fc34ebb7e95f39002e0450c43b4010e8487a8bf69020c41441c163f361e16caa,"{""d"":7,""p"":0.00021544346900318845,""r"":7}",
        64,         0,         0,   0.098,correlated_pymatching,e4f159b6793677bb35f01feb57a96b325f1fd1677dd307a327839217f990921c,"{""d"":7,""p"":0.0001,""r"":7}",
        64,         0,         0,   0.102,correlated_pymatching,fc34ebb7e95f39002e0450c43b4010e8487a8bf69020c41441c163f361e16caa,"{""d"":7,""p"":0.00021544346900318845,""r"":7}",
      3072,         1,         0,   0.129,correlated_pymatching,fa4abf060bb8957bc373669c411dc29ef38c556623431d0b2ba3296802fc7aed,"{""d"":5,""p"":0.00021544346900318845,""r"":5}","{""obs_mistake_mask=E"":1}"
       256,         0,         0,   0.103,correlated_pymatching,e4f159b6793677bb35f01feb57a96b325f1fd1677dd307a327839217f990921c,"{""d"":7,""p"":0.0001,""r"":7}",
       256,         0,         0,   0.098,correlated_pymatching,e4f159b6793677bb35f01feb57a96b325f1fd1677dd307a327839217f990921c,"{""d"":7,""p"":0.0001,""r"":7}",
       256,         0,         0,   0.105,correlated_pymatching,fc34ebb7e95f39002e0450c43b4010e8487a8bf69020c41441c163f361e16caa,"{""d"":7,""p"":0.00021544346900318845,""r"":7}",
       256,         0,         0,   0.105,correlated_pymatching,fc34ebb7e95f39002e0450c43b4010e8487a8bf69020c41441c163f361e16caa,"{""d"":7,""p"":0.00021544346900318845,""r"":7}",
      4096,         1,         0,   0.169,correlated_pymatching,fa4abf060bb8957bc373669c411dc29ef38c556623431d0b2ba3296802fc7aed,"{""d"":5,""p"":0.00021544346900318845,""r"":5}","{""obs_mistake_mask=E"":1}"
      1024,         0,         0,   0.113,correlated_pymatching,e4f159b6793677bb35f01feb57a96b325f1fd1677dd307a327839217f990921c,"{""d"":7,""p"":0.0001,""r"":7}",
      1024,         0,         0,   0.108,correlated_pymatching,e4f159b6793677bb35f01feb57a96b325f1fd1677dd307a327839217f990921c,"{""d"":7,""p"":0.0001,""r"":7}",
      1024,         0,         0,   0.117,correlated_pymatching,fc34ebb7e95f39002e0450c43b4010e8487a8bf69020c41441c163f361e16caa,"{""d"":7,""p"":0.00021544346900318845,""r"":7}",
      1024,         0,         0,   0.118,correlated_pymatching,fc34ebb7e95f39002e0450c43b4010e8487a8bf69020c41441c163f361e16caa,"{""d"":7,""p"":0.00021544346900318845,""r"":7}",
     15733,         0,         0,   0.677,correlated_pymatching,fa4abf060bb8957bc373669c411dc29ef38c556623431d0b2ba3296802fc7aed,"{""d"":5,""p"":0.00021544346900318845,""r"":5}",
     31744,         0,         0,    1.33,correlated_pymatching,fa4abf060bb8957bc373669c411dc29ef38c556623431d0b2ba3296802fc7aed,"{""d"":5,""p"":0.00021544346900318845,""r"":5}",
     17303,         1,         0,   0.738,correlated_pymatching,fa4abf060bb8957bc373669c411dc29ef38c556623431d0b2ba3296802fc7aed,"{""d"":5,""p"":0.00021544346900318845,""r"":5}","{""obs_mistake_mask=E"":1}"
      1024,         0,         0,   0.111,correlated_pymatching,e4f159b6793677bb35f01feb57a96b325f1fd1677dd307a327839217f990921c,"{""d"":7,""p"":0.0001,""r"":7}",
      1024,         0,         0,   0.107,correlated_pymatching,e4f159b6793677bb35f01feb57a96b325f1fd1677dd307a327839217f990921c,"{""d"":7,""p"":0.0001,""r"":7}",
      1024,         0,         0,   0.117,correlated_pymatching,fc34ebb7e95f39002e0450c43b4010e8487a8bf69020c41441c163f361e16caa,"{""d"":7,""p"":0.00021544346900318845,""r"":7}",
      1024,         0,         0,   0.117,correlated_pymatching,fc34ebb7e95f39002e0450c43b4010e8487a8bf69020c41441c163f361e16caa,"{""d"":7,""p"":0.00021544346900318845,""r"":7}",
      5120,         0,         0,   0.214,correlated_pymatching,fa4abf060bb8957bc373669c411dc29ef38c556623431d0b2ba3296802fc7aed,"{""d"":5,""p"":0.00021544346900318845,""r"":5}",
      1024,         0,         0,   0.107,correlated_pymatching,e4f159b6793677bb35f01feb57a96b325f1fd1677dd307a327839217f990921c,"{""d"":7,""p"":0.0001,""r"":7}",
      1024,         0,         0,   0.112,correlated_pymatching,e4f159b6793677bb35f01feb57a96b325f1fd1677dd307a327839217f990921c,"{""d"":7,""p"":0.0001,""r"":7}",
     20801,         1,         0,   0.902,correlated_pymatching,fa4abf060bb8957bc373669c411dc29ef38c556623431d0b2ba3296802fc7aed,"{""d"":5,""p"":0.00021544346900318845,""r"":5}","{""obs_mistake_mask=E"":1}"
      1024,         0,         0,   0.117,correlated_pymatching,fc34ebb7e95f39002e0450c43b4010e8487a8bf69020c41441c163f361e16caa,"{""d"":7,""p"":0.00021544346900318845,""r"":7}",
     23552,         1,         0,   0.984,correlated_pymatching,fa4abf060bb8957bc373669c411dc29ef38c556623431d0b2ba3296802fc7aed,"{""d"":5,""p"":0.00021544346900318845,""r"":5}","{""obs_mistake_mask=E"":1}"
      1024,         0,         0,   0.116,correlated_pymatching,fc34ebb7e95f39002e0450c43b4010e8487a8bf69020c41441c163f361e16caa,"{""d"":7,""p"":0.00021544346900318845,""r"":7}",
      2048,         0,         0,   0.216,correlated_pymatching,e4f159b6793677bb35f01feb57a96b325f1fd1677dd307a327839217f990921c,"{""d"":7,""p"":0.0001,""r"":7}",
      2048,         0,         0,   0.224,correlated_pymatching,e4f159b6793677bb35f01feb57a96b325f1fd1677dd307a327839217f990921c,"{""d"":7,""p"":0.0001,""r"":7}",
     73728,         0,         0,    8.44,correlated_pymatching,fc34ebb7e95f39002e0450c43b4010e8487a8bf69020c41441c163f361e16caa,"{""d"":7,""p"":0.00021544346900318845,""r"":7}",
      2048,         0,         0,   0.234,correlated_pymatching,fc34ebb7e95f39002e0450c43b4010e8487a8bf69020c41441c163f361e16caa,"{""d"":7,""p"":0.00021544346900318845,""r"":7}",
      2048,         0,         0,   0.234,correlated_pymatching,fc34ebb7e95f39002e0450c43b4010e8487a8bf69020c41441c163f361e16caa,"{""d"":7,""p"":0.00021544346900318845,""r"":7}",
      7168,         0,         0,   0.299,correlated_pymatching,fa4abf060bb8957bc373669c411dc29ef38c556623431d0b2ba3296802fc7aed,"{""d"":5,""p"":0.00021544346900318845,""r"":5}",
      6290,         0,         0,   0.302,correlated_pymatching,fa4abf060bb8957bc373669c411dc29ef38c556623431d0b2ba3296802fc7aed,"{""d"":5,""p"":0.00021544346900318845,""r"":5}",
     11264,         0,         0,   0.474,correlated_pymatching,fa4abf060bb8957bc373669c411dc29ef38c556623431d0b2ba3296802fc7aed,"{""d"":5,""p"":0.00021544346900318845,""r"":5}",
     11264,         0,         0,   0.481,correlated_pymatching,fa4abf060bb8957bc373669c411dc29ef38c556623431d0b2ba3296802fc7aed,"{""d"":5,""p"":0.00021544346900318845,""r"":5}",
     12288,         1,         0,   0.512,correlated_pymatching,fa4abf060bb8957bc373669c411dc29ef38c556623431d0b2ba3296802fc7aed,"{""d"":5,""p"":0.00021544346900318845,""r"":5}","{""obs_mistake_mask=E"":1}"
     67584,         1,         0,    8.45,correlated_pymatching,f78701dabc92d935ad4f13d4b82879787b139ab0efba2a7ff15a1f63c045c687,"{""d"":7,""p"":0.00046415888336127773,""r"":7}","{""obs_mistake_mask=E"":1}"
       878,         0,         0,   0.045,correlated_pymatching,fa4abf060bb8957bc373669c411dc29ef38c556623431d0b2ba3296802fc7aed,"{""d"":5,""p"":0.00021544346900318845,""r"":5}",
      2048,         0,         0,   0.216,correlated_pymatching,e4f159b6793677bb35f01feb57a96b325f1fd1677dd307a327839217f990921c,"{""d"":7,""p"":0.0001,""r"":7}",
     56320,        19,         0,    8.48,correlated_pymatching,c0f36ac9493e507480de3d1005b3ff5353e22d8f53ac98af1cc86d39fd4c29db,"{""d"":7,""p"":0.001,""r"":7}","{""obs_mistake_mask=E"":19}"
      2048,         0,         0,   0.224,correlated_pymatching,e4f159b6793677bb35f01feb57a96b325f1fd1677dd307a327839217f990921c,"{""d"":7,""p"":0.0001,""r"":7}",
      1275,         0,         0,   0.088,correlated_pymatching,fa4abf060bb8957bc373669c411dc29ef38c556623431d0b2ba3296802fc7aed,"{""d"":5,""p"":0.00021544346900318845,""r"":5}",
     10240,         0,         0,   0.430,correlated_pymatching,fa4abf060bb8957bc373669c411dc29ef38c556623431d0b2ba3296802fc7aed,"{""d"":5,""p"":0.00021544346900318845,""r"":5}",
      5018,         0,         0,   0.214,correlated_pymatching,fa4abf060bb8957bc373669c411dc29ef38c556623431d0b2ba3296802fc7aed,"{""d"":5,""p"":0.00021544346900318845,""r"":5}",
      1920,         0,         0,   0.085,correlated_pymatching,fa4abf060bb8957bc373669c411dc29ef38c556623431d0b2ba3296802fc7aed,"{""d"":5,""p"":0.00021544346900318845,""r"":5}",
      2048,         0,         0,   0.234,correlated_pymatching,fc34ebb7e95f39002e0450c43b4010e8487a8bf69020c41441c163f361e16caa,"{""d"":7,""p"":0.00021544346900318845,""r"":7}",
      2643,         0,         0,   0.126,correlated_pymatching,fa4abf060bb8957bc373669c411dc29ef38c556623431d0b2ba3296802fc7aed,"{""d"":5,""p"":0.00021544346900318845,""r"":5}",
      2048,         0,         0,   0.232,correlated_pymatching,fc34ebb7e95f39002e0450c43b4010e8487a8bf69020c41441c163f361e16caa,"{""d"":7,""p"":0.00021544346900318845,""r"":7}",
       939,         0,         0,   0.048,correlated_pymatching,fa4abf060bb8957bc373669c411dc29ef38c556623431d0b2ba3296802fc7aed,"{""d"":5,""p"":0.00021544346900318845,""r"":5}",
      3072,         0,         0,   0.133,correlated_pymatching,fa4abf060bb8957bc373669c411dc29ef38c556623431d0b2ba3296802fc7aed,"{""d"":5,""p"":0.00021544346900318845,""r"":5}",
        95,         0,         0,   0.038,correlated_pymatching,fa4abf060bb8957bc373669c411dc29ef38c556623431d0b2ba3296802fc7aed,"{""d"":5,""p"":0.00021544346900318845,""r"":5}",
      2048,         0,         0,   0.087,correlated_pymatching,fa4abf060bb8957bc373669c411dc29ef38c556623431d0b2ba3296802fc7aed,"{""d"":5,""p"":0.00021544346900318845,""r"":5}",
        42,         0,         0,   0.037,correlated_pymatching,fa4abf060bb8957bc373669c411dc29ef38c556623431d0b2ba3296802fc7aed,"{""d"":5,""p"":0.00021544346900318845,""r"":5}",
       900,         0,         0,   0.050,correlated_pymatching,fa4abf060bb8957bc373669c411dc29ef38c556623431d0b2ba3296802fc7aed,"{""d"":5,""p"":0.00021544346900318845,""r"":5}",
      1558,         0,         0,   0.083,correlated_pymatching,fa4abf060bb8957bc373669c411dc29ef38c556623431d0b2ba3296802fc7aed,"{""d"":5,""p"":0.00021544346900318845,""r"":5}",
       427,         0,         0,   0.040,correlated_pymatching,fa4abf060bb8957bc373669c411dc29ef38c556623431d0b2ba3296802fc7aed,"{""d"":5,""p"":0.00021544346900318845,""r"":5}",
       156,         0,         0,   0.044,correlated_pymatching,fa4abf060bb8957bc373669c411dc29ef38c556623431d0b2ba3296802fc7aed,"{""d"":5,""p"":0.00021544346900318845,""r"":5}",
      1030,         0,         0,   0.085,correlated_pymatching,fa4abf060bb8957bc373669c411dc29ef38c556623431d0b2ba3296802fc7aed,"{""d"":5,""p"":0.00021544346900318845,""r"":5}",
        16,         0,         0,   0.044,correlated_pymatching,fa4abf060bb8957bc373669c411dc29ef38c556623431d0b2ba3296802fc7aed,"{""d"":5,""p"":0.00021544346900318845,""r"":5}",
      3072,         0,         0,   0.324,correlated_pymatching,e4f159b6793677bb35f01feb57a96b325f1fd1677dd307a327839217f990921c,"{""d"":7,""p"":0.0001,""r"":7}",
      3072,         0,         0,   0.333,correlated_pymatching,e4f159b6793677bb35f01feb57a96b325f1fd1677dd307a327839217f990921c,"{""d"":7,""p"":0.0001,""r"":7}",
      3072,         0,         0,   0.351,correlated_pymatching,fc34ebb7e95f39002e0450c43b4010e8487a8bf69020c41441c163f361e16caa,"{""d"":7,""p"":0.00021544346900318845,""r"":7}",
      3072,         0,         0,   0.353,correlated_pymatching,fc34ebb7e95f39002e0450c43b4010e8487a8bf69020c41441c163f361e16caa,"{""d"":7,""p"":0.00021544346900318845,""r"":7}",
         1,         0,         0,   0.104,correlated_pymatching,f78701dabc92d935ad4f13d4b82879787b139ab0efba2a7ff15a1f63c045c687,"{""d"":7,""p"":0.00046415888336127773,""r"":7}",
         1,         0,         0,   0.107,correlated_pymatching,c0f36ac9493e507480de3d1005b3ff5353e22d8f53ac98af1cc86d39fd4c29db,"{""d"":7,""p"":0.001,""r"":7}",
         1,         0,         0,   0.106,correlated_pymatching,f78701dabc92d935ad4f13d4b82879787b139ab0efba2a7ff15a1f63c045c687,"{""d"":7,""p"":0.00046415888336127773,""r"":7}",
         1,         0,         0,   0.098,correlated_pymatching,fc34ebb7e95f39002e0450c43b4010e8487a8bf69020c41441c163f361e16caa,"{""d"":7,""p"":0.00021544346900318845,""r"":7}",
         1,         0,         0,   0.103,correlated_pymatching,e4f159b6793677bb35f01feb57a96b325f1fd1677dd307a327839217f990921c,"{""d"":7,""p"":0.0001,""r"":7}",
         1,         0,         0,   0.102,correlated_pymatching,c0f36ac9493e507480de3d1005b3ff5353e22d8f53ac98af1cc86d39fd4c29db,"{""d"":7,""p"":0.001,""r"":7}",
         4,         0,         0,   0.101,correlated_pymatching,f78701dabc92d935ad4f13d4b82879787b139ab0efba2a7ff15a1f63c045c687,"{""d"":7,""p"":0.00046415888336127773,""r"":7}",
         4,         0,         0,   0.102,correlated_pymatching,c0f36ac9493e507480de3d1005b3ff5353e22d8f53ac98af1cc86d39fd4c29db,"{""d"":7,""p"":0.001,""r"":7}",
         4,         0,         0,   0.102,correlated_pymatching,f78701dabc92d935ad4f13d4b82879787b139ab0efba2a7ff15a1f63c045c687,"{""d"":7,""p"":0.00046415888336127773,""r"":7}",
         4,         0,         0,   0.098,correlated_pymatching,fc34ebb7e95f39002e0450c43b4010e8487a8bf69020c41441c163f361e16caa,"{""d"":7,""p"":0.00021544346900318845,""r"":7}",
         4,         0,         0,   0.102,correlated_pymatching,e4f159b6793677bb35f01feb57a96b325f1fd1677dd307a327839217f990921c,"{""d"":7,""p"":0.0001,""r"":7}",
         4,         0,         0,   0.102,correlated_pymatching,c0f36ac9493e507480de3d1005b3ff5353e22d8f53ac98af1cc86d39fd4c29db,"{""d"":7,""p"":0.001,""r"":7}",
        16,         0,         0,   0.102,correlated_pymatching,f78701dabc92d935ad4f13d4b82879787b139ab0efba2a7ff15a1f63c045c687,"{""d"":7,""p"":0.00046415888336127773,""r"":7}",
        16,         0,         0,   0.098,correlated_pymatching,fc34ebb7e95f39002e0450c43b4010e8487a8bf69020c41441c163f361e16caa,"{""d"":7,""p"":0.00021544346900318845,""r"":7}",
        16,         0,         0,   0.104,correlated_pymatching,f78701dabc92d935ad4f13d4b82879787b139ab0efba2a7ff15a1f63c045c687,"{""d"":7,""p"":0.00046415888336127773,""r"":7}",
        16,         0,         0,   0.104,correlated_pymatching,c0f36ac9493e507480de3d1005b3ff5353e22d8f53ac98af1cc86d39fd4c29db,"{""d"":7,""p"":0.001,""r"":7}",
        16,         0,         0,   0.103,correlated_pymatching,e4f159b6793677bb35f01feb57a96b325f1fd1677dd307a327839217f990921c,"{""d"":7,""p"":0.0001,""r"":7}",
        16,         0,         0,   0.103,correlated_pymatching,c0f36ac9493e507480de3d1005b3ff5353e22d8f53ac98af1cc86d39fd4c29db,"{""d"":7,""p"":0.001,""r"":7}",
        64,         0,         0,   0.097,correlated_pymatching,fc34ebb7e95f39002e0450c43b4010e8487a8bf69020c41441c163f361e16caa,"{""d"":7,""p"":0.00021544346900318845,""r"":7}",
        64,         0,         0,   0.103,correlated_pymatching,f78701dabc92d935ad4f13d4b82879787b139ab0efba2a7ff15a1f63c045c687,"{""d"":7,""p"":0.00046415888336127773,""r"":7}",
        64,         0,         0,   0.105,correlated_pymatching,f78701dabc92d935ad4f13d4b82879787b139ab0efba2a7ff15a1f63c045c687,"{""d"":7,""p"":0.00046415888336127773,""r"":7}",
        64,         0,         0,   0.107,correlated_pymatching,c0f36ac9493e507480de3d1005b3ff5353e22d8f53ac98af1cc86d39fd4c29db,"{""d"":7,""p"":0.001,""r"":7}",
      4096,         0,         0,   0.435,correlated_pymatching,e4f159b6793677bb35f01feb57a96b325f1fd1677dd307a327839217f990921c,"{""d"":7,""p"":0.0001,""r"":7}",
        64,         0,         0,   0.103,correlated_pymatching,e4f159b6793677bb35f01feb57a96b325f1fd1677dd307a327839217f990921c,"{""d"":7,""p"":0.0001,""r"":7}",
        64,         0,         0,   0.106,correlated_pymatching,c0f36ac9493e507480de3d1005b3ff5353e22d8f53ac98af1cc86d39fd4c29db,"{""d"":7,""p"":0.001,""r"":7}",
      4096,         0,         0,   0.452,correlated_pymatching,e4f159b6793677bb35f01feb57a96b325f1fd1677dd307a327839217f990921c,"{""d"":7,""p"":0.0001,""r"":7}",
       256,         0,         0,   0.100,correlated_pymatching,fc34ebb7e95f39002e0450c43b4010e8487a8bf69020c41441c163f361e16caa,"{""d"":7,""p"":0.00021544346900318845,""r"":7}",
       256,         0,         0,   0.108,correlated_pymatching,f78701dabc92d935ad4f13d4b82879787b139ab0efba2a7ff15a1f63c045c687,"{""d"":7,""p"":0.00046415888336127773,""r"":7}",
       256,         0,         0,   0.109,correlated_pymatching,f78701dabc92d935ad4f13d4b82879787b139ab0efba2a7ff15a1f63c045c687,"{""d"":7,""p"":0.00046415888336127773,""r"":7}",
       256,         0,         0,   0.103,correlated_pymatching,e4f159b6793677bb35f01feb57a96b325f1fd1677dd307a327839217f990921c,"{""d"":7,""p"":0.0001,""r"":7}",
       256,         0,         0,   0.116,correlated_pymatching,c0f36ac9493e507480de3d1005b3ff5353e22d8f53ac98af1cc86d39fd4c29db,"{""d"":7,""p"":0.001,""r"":7}",
       256,         0,         0,   0.115,correlated_pymatching,c0f36ac9493e507480de3d1005b3ff5353e22d8f53ac98af1cc86d39fd4c29db,"{""d"":7,""p"":0.001,""r"":7}",
      4096,         0,         0,   0.476,correlated_pymatching,fc34ebb7e95f39002e0450c43b4010e8487a8bf69020c41441c163f361e16caa,"{""d"":7,""p"":0.00021544346900318845,""r"":7}",
      4096,         0,         0,   0.475,correlated_pymatching,fc34ebb7e95f39002e0450c43b4010e8487a8bf69020c41441c163f361e16caa,"{""d"":7,""p"":0.00021544346900318845,""r"":7}",
      1024,         0,         0,   0.113,correlated_pymatching,fc34ebb7e95f39002e0450c43b4010e8487a8bf69020c41441c163f361e16caa,"{""d"":7,""p"":0.00021544346900318845,""r"":7}",
      1024,         0,         0,   0.115,correlated_pymatching,e4f159b6793677bb35f01feb57a96b325f1fd1677dd307a327839217f990921c,"{""d"":7,""p"":0.0001,""r"":7}",
      1024,         0,         0,   0.130,correlated_pymatching,f78701dabc92d935ad4f13d4b82879787b139ab0efba2a7ff15a1f63c045c687,"{""d"":7,""p"":0.00046415888336127773,""r"":7}",
      1024,         0,         0,   0.132,correlated_pymatching,f78701dabc92d935ad4f13d4b82879787b139ab0efba2a7ff15a1f63c045c687,"{""d"":7,""p"":0.00046415888336127773,""r"":7}",
     79872,         0,         0,    8.44,correlated_pymatching,e4f159b6793677bb35f01feb57a96b325f1fd1677dd307a327839217f990921c,"{""d"":7,""p"":0.0001,""r"":7}",
      1024,         0,         0,   0.159,correlated_pymatching,c0f36ac9493e507480de3d1005b3ff5353e22d8f53ac98af1cc86d39fd4c29db,"{""d"":7,""p"":0.001,""r"":7}",
      1024,         0,         0,   0.156,correlated_pymatching,c0f36ac9493e507480de3d1005b3ff5353e22d8f53ac98af1cc86d39fd4c29db,"{""d"":7,""p"":0.001,""r"":7}",
      1024,         0,         0,   0.112,correlated_pymatching,fc34ebb7e95f39002e0450c43b4010e8487a8bf69020c41441c163f361e16caa,"{""d"":7,""p"":0.00021544346900318845,""r"":7}",
      1024,         0,         0,   0.113,correlated_pymatching,e4f159b6793677bb35f01feb57a96b325f1fd1677dd307a327839217f990921c,"{""d"":7,""p"":0.0001,""r"":7}",
      1024,         0,         0,   0.130,correlated_pymatching,f78701dabc92d935ad4f13d4b82879787b139ab0efba2a7ff15a1f63c045c687,"{""d"":7,""p"":0.00046415888336127773,""r"":7}",
      1024,         0,         0,   0.131,correlated_pymatching,f78701dabc92d935ad4f13d4b82879787b139ab0efba2a7ff15a1f63c045c687,"{""d"":7,""p"":0.00046415888336127773,""r"":7}",
      1024,         0,         0,   0.113,correlated_pymatching,fc34ebb7e95f39002e0450c43b4010e8487a8bf69020c41441c163f361e16caa,"{""d"":7,""p"":0.00021544346900318845,""r"":7}",
      1024,         0,         0,   0.156,correlated_pymatching,c0f36ac9493e507480de3d1005b3ff5353e22d8f53ac98af1cc86d39fd4c29db,"{""d"":7,""p"":0.001,""r"":7}",
      1024,         0,         0,   0.155,correlated_pymatching,c0f36ac9493e507480de3d1005b3ff5353e22d8f53ac98af1cc86d39fd4c29db,"{""d"":7,""p"":0.001,""r"":7}",
      1024,         0,         0,   0.112,correlated_pymatching,e4f159b6793677bb35f01feb57a96b325f1fd1677dd307a327839217f990921c,"{""d"":7,""p"":0.0001,""r"":7}",
      1024,         0,         0,   0.130,correlated_pymatching,f78701dabc92d935ad4f13d4b82879787b139ab0efba2a7ff15a1f63c045c687,"{""d"":7,""p"":0.00046415888336127773,""r"":7}",
      1024,         0,         0,   0.131,correlated_pymatching,f78701dabc92d935ad4f13d4b82879787b139ab0efba2a7ff15a1f63c045c687,"{""d"":7,""p"":0.00046415888336127773,""r"":7}",
      1024,         0,         0,   0.157,correlated_pymatching,c0f36ac9493e507480de3d1005b3ff5353e22d8f53ac98af1cc86d39fd4c29db,"{""d"":7,""p"":0.001,""r"":7}",
      1024,         1,         0,   0.155,correlated_pymatching,c0f36ac9493e507480de3d1005b3ff5353e22d8f53ac98af1cc86d39fd4c29db,"{""d"":7,""p"":0.001,""r"":7}","{""obs_mistake_mask=E"":1}"
      2048,         0,         0,   0.227,correlated_pymatching,fc34ebb7e95f39002e0450c43b4010e8487a8bf69020c41441c163f361e16caa,"{""d"":7,""p"":0.00021544346900318845,""r"":7}",
      6144,         0,         0,   0.649,correlated_pymatching,e4f159b6793677bb35f01feb57a96b325f1fd1677dd307a327839217f990921c,"{""d"":7,""p"":0.0001,""r"":7}",
      2048,         0,         0,   0.222,correlated_pymatching,e4f159b6793677bb35f01feb57a96b325f1fd1677dd307a327839217f990921c,"{""d"":7,""p"":0.0001,""r"":7}",
      6144,         0,         0,   0.678,correlated_pymatching,e4f159b6793677bb35f01feb57a96b325f1fd1677dd307a327839217f990921c,"{""d"":7,""p"":0.0001,""r"":7}",
      5120,         0,         0,   0.595,correlated_pymatching,fc34ebb7e95f39002e0450c43b4010e8487a8bf69020c41441c163f361e16caa,"{""d"":7,""p"":0.00021544346900318845,""r"":7}",
      5120,         0,         0,   0.591,correlated_pymatching,fc34ebb7e95f39002e0450c43b4010e8487a8bf69020c41441c163f361e16caa,"{""d"":7,""p"":0.00021544346900318845,""r"":7}",
      2048,         0,         0,   0.259,correlated_pymatching,f78701dabc92d935ad4f13d4b82879787b139ab0efba2a7ff15a1f63c045c687,"{""d"":7,""p"":0.00046415888336127773,""r"":7}",
      1024,         0,         0,   0.159,correlated_pymatching,c0f36ac9493e507480de3d1005b3ff5353e22d8f53ac98af1cc86d39fd4c29db,"{""d"":7,""p"":0.001,""r"":7}",
      1024,         1,         0,   0.158,correlated_pymatching,c0f36ac9493e507480de3d1005b3ff5353e22d8f53ac98af1cc86d39fd4c29db,"{""d"":7,""p"":0.001,""r"":7}","{""obs_mistake_mask=E"":1}"
      2048,         0,         0,   0.260,correlated_pymatching,f78701dabc92d935ad4f13d4b82879787b139ab0efba2a7ff15a1f63c045c687,"{""d"":7,""p"":0.00046415888336127773,""r"":7}",
      2048,         0,         0,   0.228,correlated_pymatching,fc34ebb7e95f39002e0450c43b4010e8487a8bf69020c41441c163f361e16caa,"{""d"":7,""p"":0.00021544346900318845,""r"":7}",
      2048,         0,         0,   0.222,correlated_pymatching,e4f159b6793677bb35f01feb57a96b325f1fd1677dd307a327839217f990921c,"{""d"":7,""p"":0.0001,""r"":7}",
      2048,         0,         0,   0.262,correlated_pymatching,f78701dabc92d935ad4f13d4b82879787b139ab0efba2a7ff15a1f63c045c687,"{""d"":7,""p"":0.00046415888336127773,""r"":7}",
      2048,         0,         0,   0.261,correlated_pymatching,f78701dabc92d935ad4f13d4b82879787b139ab0efba2a7ff15a1f63c045c687,"{""d"":7,""p"":0.00046415888336127773,""r"":7}",
      2048,         0,         0,   0.313,correlated_pymatching,c0f36ac9493e507480de3d1005b3ff5353e22d8f53ac98af1cc86d39fd4c29db,"{""d"":7,""p"":0.001,""r"":7}",
      2048,         3,         0,   0.317,correlated_pymatching,c0f36ac9493e507480de3d1005b3ff5353e22d8f53ac98af1cc86d39fd4c29db,"{""d"":7,""p"":0.001,""r"":7}","{""obs_mistake_mask=E"":3}"
      3072,         0,         0,   0.343,correlated_pymatching,fc34ebb7e95f39002e0450c43b4010e8487a8bf69020c41441c163f361e16caa,"{""d"":7,""p"":0.00021544346900318845,""r"":7}",
      3072,         0,         0,   0.339,correlated_pymatching,e4f159b6793677bb35f01feb57a96b325f1fd1677dd307a327839217f990921c,"{""d"":7,""p"":0.0001,""r"":7}",
      2048,         1,         0,   0.310,correlated_pymatching,c0f36ac9493e507480de3d1005b3ff5353e22d8f53ac98af1cc86d39fd4c29db,"{""d"":7,""p"":0.001,""r"":7}","{""obs_mistake_mask=E"":1}"
      2048,         0,         0,   0.317,correlated_pymatching,c0f36ac9493e507480de3d1005b3ff5353e22d8f53ac98af1cc86d39fd4c29db,"{""d"":7,""p"":0.001,""r"":7}",
      3072,         0,         0,   0.389,correlated_pymatching,f78701dabc92d935ad4f13d4b82879787b139ab0efba2a7ff15a1f63c045c687,"{""d"":7,""p"":0.00046415888336127773,""r"":7}",
      3072,         0,         0,   0.389,correlated_pymatching,f78701dabc92d935ad4f13d4b82879787b139ab0efba2a7ff15a1f63c045c687,"{""d"":7,""p"":0.00046415888336127773,""r"":7}",
     35840,         1,         0,    4.32,correlated_pymatching,f78701dabc92d935ad4f13d4b82879787b139ab0efba2a7ff15a1f63c045c687,"{""d"":7,""p"":0.00046415888336127773,""r"":7}","{""obs_mistake_mask=E"":1}"
      8192,         0,         0,   0.859,correlated_pymatching,e4f159b6793677bb35f01feb57a96b325f1fd1677dd307a327839217f990921c,"{""d"":7,""p"":0.0001,""r"":7}",
     37888,         0,         0,    4.38,correlated_pymatching,fc34ebb7e95f39002e0450c43b4010e8487a8bf69020c41441c163f361e16caa,"{""d"":7,""p"":0.00021544346900318845,""r"":7}",
      7168,         0,         0,   0.828,correlated_pymatching,fc34ebb7e95f39002e0450c43b4010e8487a8bf69020c41441c163f361e16caa,"{""d"":7,""p"":0.00021544346900318845,""r"":7}",
      7168,         0,         0,   0.828,correlated_pymatching,fc34ebb7e95f39002e0450c43b4010e8487a8bf69020c41441c163f361e16caa,"{""d"":7,""p"":0.00021544346900318845,""r"":7}",
      8192,         0,         0,   0.902,correlated_pymatching,e4f159b6793677bb35f01feb57a96b325f1fd1677dd307a327839217f990921c,"{""d"":7,""p"":0.0001,""r"":7}",
     33792,         0,         0,    4.30,correlated_pymatching,f78701dabc92d935ad4f13d4b82879787b139ab0efba2a7ff15a1f63c045c687,"{""d"":7,""p"":0.00046415888336127773,""r"":7}",
     28672,        11,         0,    4.36,correlated_pymatching,c0f36ac9493e507480de3d1005b3ff5353e22d8f53ac98af1cc86d39fd4c29db,"{""d"":7,""p"":0.001,""r"":7}","{""obs_mistake_mask=E"":11}"
     27648,         6,         0,    4.29,correlated_pymatching,c0f36ac9493e507480de3d1005b3ff5353e22d8f53ac98af1cc86d39fd4c29db,"{""d"":7,""p"":0.001,""r"":7}","{""obs_mistake_mask=E"":6}"
      4096,         0,         0,   0.446,correlated_pymatching,e4f159b6793677bb35f01feb57a96b325f1fd1677dd307a327839217f990921c,"{""d"":7,""p"":0.0001,""r"":7}",
      4096,         0,         0,   0.456,correlated_pymatching,fc34ebb7e95f39002e0450c43b4010e8487a8bf69020c41441c163f361e16caa,"{""d"":7,""p"":0.00021544346900318845,""r"":7}",
      3072,         1,         0,   0.468,correlated_pymatching,c0f36ac9493e507480de3d1005b3ff5353e22d8f53ac98af1cc86d39fd4c29db,"{""d"":7,""p"":0.001,""r"":7}","{""obs_mistake_mask=E"":1}"
      3072,         3,         0,   0.474,correlated_pymatching,c0f36ac9493e507480de3d1005b3ff5353e22d8f53ac98af1cc86d39fd4c29db,"{""d"":7,""p"":0.001,""r"":7}","{""obs_mistake_mask=E"":3}"
      4096,         0,         0,   0.522,correlated_pymatching,f78701dabc92d935ad4f13d4b82879787b139ab0efba2a7ff15a1f63c045c687,"{""d"":7,""p"":0.00046415888336127773,""r"":7}",
      4096,         0,         0,   0.522,correlated_pymatching,f78701dabc92d935ad4f13d4b82879787b139ab0efba2a7ff15a1f63c045c687,"{""d"":7,""p"":0.00046415888336127773,""r"":7}",
      5120,         0,         0,   0.567,correlated_pymatching,fc34ebb7e95f39002e0450c43b4010e8487a8bf69020c41441c163f361e16caa,"{""d"":7,""p"":0.00021544346900318845,""r"":7}",
      6144,         0,         0,   0.672,correlated_pymatching,e4f159b6793677bb35f01feb57a96b325f1fd1677dd307a327839217f990921c,"{""d"":7,""p"":0.0001,""r"":7}",
      4096,         2,         0,   0.625,correlated_pymatching,c0f36ac9493e507480de3d1005b3ff5353e22d8f53ac98af1cc86d39fd4c29db,"{""d"":7,""p"":0.001,""r"":7}","{""obs_mistake_mask=E"":2}"
      4096,         1,         0,   0.630,correlated_pymatching,c0f36ac9493e507480de3d1005b3ff5353e22d8f53ac98af1cc86d39fd4c29db,"{""d"":7,""p"":0.001,""r"":7}","{""obs_mistake_mask=E"":1}"
      5120,         0,         0,   0.654,correlated_pymatching,f78701dabc92d935ad4f13d4b82879787b139ab0efba2a7ff15a1f63c045c687,"{""d"":7,""p"":0.00046415888336127773,""r"":7}",
      5120,         0,         0,   0.651,correlated_pymatching,f78701dabc92d935ad4f13d4b82879787b139ab0efba2a7ff15a1f63c045c687,"{""d"":7,""p"":0.00046415888336127773,""r"":7}",
     11264,         0,         0,    1.19,correlated_pymatching,e4f159b6793677bb35f01feb57a96b325f1fd1677dd307a327839217f990921c,"{""d"":7,""p"":0.0001,""r"":7}",
     10240,         0,         0,    1.12,correlated_pymatching,e4f159b6793677bb35f01feb57a96b325f1fd1677dd307a327839217f990921c,"{""d"":7,""p"":0.0001,""r"":7}",
     10240,         0,         0,    1.19,correlated_pymatching,fc34ebb7e95f39002e0450c43b4010e8487a8bf69020c41441c163f361e16caa,"{""d"":7,""p"":0.00021544346900318845,""r"":7}",
     10240,         0,         0,    1.19,correlated_pymatching,fc34ebb7e95f39002e0450c43b4010e8487a8bf69020c41441c163f361e16caa,"{""d"":7,""p"":0.00021544346900318845,""r"":7}",
      7168,         0,         0,   0.796,correlated_pymatching,fc34ebb7e95f39002e0450c43b4010e8487a8bf69020c41441c163f361e16caa,"{""d"":7,""p"":0.00021544346900318845,""r"":7}",
      8192,         0,         0,   0.895,correlated_pymatching,e4f159b6793677bb35f01feb57a96b325f1fd1677dd307a327839217f990921c,"{""d"":7,""p"":0.0001,""r"":7}",
      6144,         1,         0,   0.936,correlated_pymatching,c0f36ac9493e507480de3d1005b3ff5353e22d8f53ac98af1cc86d39fd4c29db,"{""d"":7,""p"":0.001,""r"":7}","{""obs_mistake_mask=E"":1}"
      6144,         2,         0,   0.939,correlated_pymatching,c0f36ac9493e507480de3d1005b3ff5353e22d8f53ac98af1cc86d39fd4c29db,"{""d"":7,""p"":0.001,""r"":7}","{""obs_mistake_mask=E"":2}"
      7168,         0,         0,   0.913,correlated_pymatching,f78701dabc92d935ad4f13d4b82879787b139ab0efba2a7ff15a1f63c045c687,"{""d"":7,""p"":0.00046415888336127773,""r"":7}",
      7168,         0,         0,   0.915,correlated_pymatching,f78701dabc92d935ad4f13d4b82879787b139ab0efba2a7ff15a1f63c045c687,"{""d"":7,""p"":0.00046415888336127773,""r"":7}",
     10240,         0,         0,    1.15,correlated_pymatching,fc34ebb7e95f39002e0450c43b4010e8487a8bf69020c41441c163f361e16caa,"{""d"":7,""p"":0.00021544346900318845,""r"":7}",
     15360,         0,         0,    1.61,correlated_pymatching,e4f159b6793677bb35f01feb57a96b325f1fd1677dd307a327839217f990921c,"{""d"":7,""p"":0.0001,""r"":7}",
     14336,         0,         0,    1.58,correlated_pymatching,e4f159b6793677bb35f01feb57a96b325f1fd1677dd307a327839217f990921c,"{""d"":7,""p"":0.0001,""r"":7}",
     10240,         0,         0,    1.13,correlated_pymatching,e4f159b6793677bb35f01feb57a96b325f1fd1677dd307a327839217f990921c,"{""d"":7,""p"":0.0001,""r"":7}",
     14336,         0,         0,    1.66,correlated_pymatching,fc34ebb7e95f39002e0450c43b4010e8487a8bf69020c41441c163f361e16caa,"{""d"":7,""p"":0.00021544346900318845,""r"":7}",
     14336,         0,         0,    1.65,correlated_pymatching,fc34ebb7e95f39002e0450c43b4010e8487a8bf69020c41441c163f361e16caa,"{""d"":7,""p"":0.00021544346900318845,""r"":7}",
      7168,         3,         0,    1.16,correlated_pymatching,c0f36ac9493e507480de3d1005b3ff5353e22d8f53ac98af1cc86d39fd4c29db,"{""d"":7,""p"":0.001,""r"":7}","{""obs_mistake_mask=E"":3}"
      8192,         3,         0,    1.25,correlated_pymatching,c0f36ac9493e507480de3d1005b3ff5353e22d8f53ac98af1cc86d39fd4c29db,"{""d"":7,""p"":0.001,""r"":7}","{""obs_mistake_mask=E"":3}"
      9216,         0,         0,    1.17,correlated_pymatching,f78701dabc92d935ad4f13d4b82879787b139ab0efba2a7ff15a1f63c045c687,"{""d"":7,""p"":0.00046415888336127773,""r"":7}",
      9216,         0,         0,    1.23,correlated_pymatching,f78701dabc92d935ad4f13d4b82879787b139ab0efba2a7ff15a1f63c045c687,"{""d"":7,""p"":0.00046415888336127773,""r"":7}",
     14336,         0,         0,    1.59,correlated_pymatching,fc34ebb7e95f39002e0450c43b4010e8487a8bf69020c41441c163f361e16caa,"{""d"":7,""p"":0.00021544346900318845,""r"":7}",
    110592,         0,         0,    11.7,correlated_pymatching,e4f159b6793677bb35f01feb57a96b325f1fd1677dd307a327839217f990921c,"{""d"":7,""p"":0.0001,""r"":7}",
    106496,         0,         0,    11.8,correlated_pymatching,fc34ebb7e95f39002e0450c43b4010e8487a8bf69020c41441c163f361e16caa,"{""d"":7,""p"":0.00021544346900318845,""r"":7}",
     14336,         0,         0,    1.58,correlated_pymatching,e4f159b6793677bb35f01feb57a96b325f1fd1677dd307a327839217f990921c,"{""d"":7,""p"":0.0001,""r"":7}",
     97280,         1,         0,    11.7,correlated_pymatching,f78701dabc92d935ad4f13d4b82879787b139ab0efba2a7ff15a1f63c045c687,"{""d"":7,""p"":0.00046415888336127773,""r"":7}","{""obs_mistake_mask=E"":1}"
     10240,         2,         0,    1.57,correlated_pymatching,c0f36ac9493e507480de3d1005b3ff5353e22d8f53ac98af1cc86d39fd4c29db,"{""d"":7,""p"":0.001,""r"":7}","{""obs_mistake_mask=E"":2}"
     10240,         2,         0,    1.56,correlated_pymatching,c0f36ac9493e507480de3d1005b3ff5353e22d8f53ac98af1cc86d39fd4c29db,"{""d"":7,""p"":0.001,""r"":7}","{""obs_mistake_mask=E"":2}"
     80896,        25,         0,    11.8,correlated_pymatching,c0f36ac9493e507480de3d1005b3ff5353e22d8f53ac98af1cc86d39fd4c29db,"{""d"":7,""p"":0.001,""r"":7}","{""obs_mistake_mask=E"":25}"
     12288,         1,         0,    1.61,correlated_pymatching,f78701dabc92d935ad4f13d4b82879787b139ab0efba2a7ff15a1f63c045c687,"{""d"":7,""p"":0.00046415888336127773,""r"":7}","{""obs_mistake_mask=E"":1}"
     13312,         1,         0,    1.68,correlated_pymatching,f78701dabc92d935ad4f13d4b82879787b139ab0efba2a7ff15a1f63c045c687,"{""d"":7,""p"":0.00046415888336127773,""r"":7}","{""obs_mistake_mask=E"":1}"
     20480,         0,         0,    2.19,correlated_pymatching,e4f159b6793677bb35f01feb57a96b325f1fd1677dd307a327839217f990921c,"{""d"":7,""p"":0.0001,""r"":7}",
     20480,         0,         0,    2.25,correlated_pymatching,e4f159b6793677bb35f01feb57a96b325f1fd1677dd307a327839217f990921c,"{""d"":7,""p"":0.0001,""r"":7}",
    101376,         0,         0,    11.8,correlated_pymatching,fc34ebb7e95f39002e0450c43b4010e8487a8bf69020c41441c163f361e16caa,"{""d"":7,""p"":0.00021544346900318845,""r"":7}",
     19456,         0,         0,    2.25,correlated_pymatching,fc34ebb7e95f39002e0450c43b4010e8487a8bf69020c41441c163f361e16caa,"{""d"":7,""p"":0.00021544346900318845,""r"":7}",
     19456,         0,         0,    2.29,correlated_pymatching,fc34ebb7e95f39002e0450c43b4010e8487a8bf69020c41441c163f361e16caa,"{""d"":7,""p"":0.00021544346900318845,""r"":7}",
    106496,         0,         0,    11.8,correlated_pymatching,e4f159b6793677bb35f01feb57a96b325f1fd1677dd307a327839217f990921c,"{""d"":7,""p"":0.0001,""r"":7}",
     93184,         2,         0,    11.8,correlated_pymatching,f78701dabc92d935ad4f13d4b82879787b139ab0efba2a7ff15a1f63c045c687,"{""d"":7,""p"":0.00046415888336127773,""r"":7}","{""obs_mistake_mask=E"":2}"
     76800,        27,         0,    11.7,correlated_pymatching,c0f36ac9493e507480de3d1005b3ff5353e22d8f53ac98af1cc86d39fd4c29db,"{""d"":7,""p"":0.001,""r"":7}","{""obs_mistake_mask=E"":27}"
     73728,        29,         0,    10.8,correlated_pymatching,c0f36ac9493e507480de3d1005b3ff5353e22d8f53ac98af1cc86d39fd4c29db,"{""d"":7,""p"":0.001,""r"":7}","{""obs_mistake_mask=E"":29}"
     35840,        12,         0,    5.56,correlated_pymatching,c0f36ac9493e507480de3d1005b3ff5353e22d8f53ac98af1cc86d39fd4c29db,"{""d"":7,""p"":0.001,""r"":7}","{""obs_mistake_mask=E"":12}"
     52224,        20,         0,    7.96,correlated_pymatching,c0f36ac9493e507480de3d1005b3ff5353e22d8f53ac98af1cc86d39fd4c29db,"{""d"":7,""p"":0.001,""r"":7}","{""obs_mistake_mask=E"":20}"
      7168,         4,         0,    1.04,correlated_pymatching,c0f36ac9493e507480de3d1005b3ff5353e22d8f53ac98af1cc86d39fd4c29db,"{""d"":7,""p"":0.001,""r"":7}","{""obs_mistake_mask=E"":4}"
      7168,         2,         0,    1.11,correlated_pymatching,c0f36ac9493e507480de3d1005b3ff5353e22d8f53ac98af1cc86d39fd4c29db,"{""d"":7,""p"":0.001,""r"":7}","{""obs_mistake_mask=E"":2}"
     36864,        11,         0,    5.62,correlated_pymatching,c0f36ac9493e507480de3d1005b3ff5353e22d8f53ac98af1cc86d39fd4c29db,"{""d"":7,""p"":0.001,""r"":7}","{""obs_mistake_mask=E"":11}"
      7168,         1,         0,    1.09,correlated_pymatching,c0f36ac9493e507480de3d1005b3ff5353e22d8f53ac98af1cc86d39fd4c29db,"{""d"":7,""p"":0.001,""r"":7}","{""obs_mistake_mask=E"":1}"
      1024,         0,         0,   0.156,correlated_pymatching,c0f36ac9493e507480de3d1005b3ff5353e22d8f53ac98af1cc86d39fd4c29db,"{""d"":7,""p"":0.001,""r"":7}",
     50176,         1,         0,    6.08,correlated_pymatching,f78701dabc92d935ad4f13d4b82879787b139ab0efba2a7ff15a1f63c045c687,"{""d"":7,""p"":0.00046415888336127773,""r"":7}","{""obs_mistake_mask=E"":1}"
         1,         0,         0,   0.099,correlated_pymatching,e4f159b6793677bb35f01feb57a96b325f1fd1677dd307a327839217f990921c,"{""d"":7,""p"":0.0001,""r"":7}",
     52224,         0,         0,    6.07,correlated_pymatching,fc34ebb7e95f39002e0450c43b4010e8487a8bf69020c41441c163f361e16caa,"{""d"":7,""p"":0.00021544346900318845,""r"":7}",
         1,         0,         0,   0.101,correlated_pymatching,fc34ebb7e95f39002e0450c43b4010e8487a8bf69020c41441c163f361e16caa,"{""d"":7,""p"":0.00021544346900318845,""r"":7}",
         1,         0,         0,   0.101,correlated_pymatching,f78701dabc92d935ad4f13d4b82879787b139ab0efba2a7ff15a1f63c045c687,"{""d"":7,""p"":0.00046415888336127773,""r"":7}",
         1,         0,         0,   0.097,correlated_pymatching,fc34ebb7e95f39002e0450c43b4010e8487a8bf69020c41441c163f361e16caa,"{""d"":7,""p"":0.00021544346900318845,""r"":7}",
         1,         0,         0,   0.103,correlated_pymatching,fc34ebb7e95f39002e0450c43b4010e8487a8bf69020c41441c163f361e16caa,"{""d"":7,""p"":0.00021544346900318845,""r"":7}",
         1,         0,         0,   0.098,correlated_pymatching,e4f159b6793677bb35f01feb57a96b325f1fd1677dd307a327839217f990921c,"{""d"":7,""p"":0.0001,""r"":7}",
         1,         0,         0,   0.105,correlated_pymatching,f78701dabc92d935ad4f13d4b82879787b139ab0efba2a7ff15a1f63c045c687,"{""d"":7,""p"":0.00046415888336127773,""r"":7}",
         1,         0,         0,   0.103,correlated_pymatching,e4f159b6793677bb35f01feb57a96b325f1fd1677dd307a327839217f990921c,"{""d"":7,""p"":0.0001,""r"":7}",
         4,         0,         0,   0.100,correlated_pymatching,e4f159b6793677bb35f01feb57a96b325f1fd1677dd307a327839217f990921c,"{""d"":7,""p"":0.0001,""r"":7}",
     47104,         0,         0,    6.05,correlated_pymatching,f78701dabc92d935ad4f13d4b82879787b139ab0efba2a7ff15a1f63c045c687,"{""d"":7,""p"":0.00046415888336127773,""r"":7}",
         4,         0,         0,   0.101,correlated_pymatching,fc34ebb7e95f39002e0450c43b4010e8487a8bf69020c41441c163f361e16caa,"{""d"":7,""p"":0.00021544346900318845,""r"":7}",
         4,         0,         0,   0.102,correlated_pymatching,f78701dabc92d935ad4f13d4b82879787b139ab0efba2a7ff15a1f63c045c687,"{""d"":7,""p"":0.00046415888336127773,""r"":7}",
         4,         0,         0,   0.098,correlated_pymatching,fc34ebb7e95f39002e0450c43b4010e8487a8bf69020c41441c163f361e16caa,"{""d"":7,""p"":0.00021544346900318845,""r"":7}",
         4,         0,         0,   0.099,correlated_pymatching,e4f159b6793677bb35f01feb57a96b325f1fd1677dd307a327839217f990921c,"{""d"":7,""p"":0.0001,""r"":7}",
         4,         0,         0,   0.102,correlated_pymatching,fc34ebb7e95f39002e0450c43b4010e8487a8bf69020c41441c163f361e16caa,"{""d"":7,""p"":0.00021544346900318845,""r"":7}",
         4,         0,         0,   0.102,correlated_pymatching,e4f159b6793677bb35f01feb57a96b325f1fd1677dd307a327839217f990921c,"{""d"":7,""p"":0.0001,""r"":7}",
         4,         0,         0,   0.105,correlated_pymatching,f78701dabc92d935ad4f13d4b82879787b139ab0efba2a7ff15a1f63c045c687,"{""d"":7,""p"":0.00046415888336127773,""r"":7}",
        16,         0,         0,   0.102,correlated_pymatching,e4f159b6793677bb35f01feb57a96b325f1fd1677dd307a327839217f990921c,"{""d"":7,""p"":0.0001,""r"":7}",
        16,         0,         0,   0.102,correlated_pymatching,fc34ebb7e95f39002e0450c43b4010e8487a8bf69020c41441c163f361e16caa,"{""d"":7,""p"":0.00021544346900318845,""r"":7}",
        16,         0,         0,   0.102,correlated_pymatching,f78701dabc92d935ad4f13d4b82879787b139ab0efba2a7ff15a1f63c045c687,"{""d"":7,""p"":0.00046415888336127773,""r"":7}",
        16,         0,         0,   0.098,correlated_pymatching,e4f159b6793677bb35f01feb57a96b325f1fd1677dd307a327839217f990921c,"{""d"":7,""p"":0.0001,""r"":7}",
        16,         0,         0,   0.101,correlated_pymatching,fc34ebb7e95f39002e0450c43b4010e8487a8bf69020c41441c163f361e16caa,"{""d"":7,""p"":0.00021544346900318845,""r"":7}",
        16,         0,         0,   0.101,correlated_pymatching,e4f159b6793677bb35f01feb57a96b325f1fd1677dd307a327839217f990921c,"{""d"":7,""p"":0.0001,""r"":7}",
        16,         0,         0,   0.130,correlated_pymatching,fc34ebb7e95f39002e0450c43b4010e8487a8bf69020c41441c163f361e16caa,"{""d"":7,""p"":0.00021544346900318845,""r"":7}",
        16,         0,         0,   0.134,correlated_pymatching,f78701dabc92d935ad4f13d4b82879787b139ab0efba2a7ff15a1f63c045c687,"{""d"":7,""p"":0.00046415888336127773,""r"":7}",
        64,         0,         0,   0.100,correlated_pymatching,e4f159b6793677bb35f01feb57a96b325f1fd1677dd307a327839217f990921c,"{""d"":7,""p"":0.0001,""r"":7}",
        64,         0,         0,   0.102,correlated_pymatching,f78701dabc92d935ad4f13d4b82879787b139ab0efba2a7ff15a1f63c045c687,"{""d"":7,""p"":0.00046415888336127773,""r"":7}",
        64,         0,         0,   0.096,correlated_pymatching,e4f159b6793677bb35f01feb57a96b325f1fd1677dd307a327839217f990921c,"{""d"":7,""p"":0.0001,""r"":7}",
        64,         0,         0,   0.102,correlated_pymatching,fc34ebb7e95f39002e0450c43b4010e8487a8bf69020c41441c163f361e16caa,"{""d"":7,""p"":0.00021544346900318845,""r"":7}",
        64,         0,         0,   0.102,correlated_pymatching,e4f159b6793677bb35f01feb57a96b325f1fd1677dd307a327839217f990921c,"{""d"":7,""p"":0.0001,""r"":7}",
        64,         0,         0,   0.099,correlated_pymatching,fc34ebb7e95f39002e0450c43b4010e8487a8bf69020c41441c163f361e16caa,"{""d"":7,""p"":0.00021544346900318845,""r"":7}",
        64,         0,         0,   0.107,correlated_pymatching,f78701dabc92d935ad4f13d4b82879787b139ab0efba2a7ff15a1f63c045c687,"{""d"":7,""p"":0.00046415888336127773,""r"":7}",
        64,         0,         0,   0.192,correlated_pymatching,fc34ebb7e95f39002e0450c43b4010e8487a8bf69020c41441c163f361e16caa,"{""d"":7,""p"":0.00021544346900318845,""r"":7}",
       256,         0,         0,   0.106,correlated_pymatching,e4f159b6793677bb35f01feb57a96b325f1fd1677dd307a327839217f990921c,"{""d"":7,""p"":0.0001,""r"":7}",
       256,         0,         0,   0.108,correlated_pymatching,f78701dabc92d935ad4f13d4b82879787b139ab0efba2a7ff15a1f63c045c687,"{""d"":7,""p"":0.00046415888336127773,""r"":7}",
       256,         0,         0,   0.105,correlated_pymatching,fc34ebb7e95f39002e0450c43b4010e8487a8bf69020c41441c163f361e16caa,"{""d"":7,""p"":0.00021544346900318845,""r"":7}",
       256,         0,         0,   0.103,correlated_pymatching,e4f159b6793677bb35f01feb57a96b325f1fd1677dd307a327839217f990921c,"{""d"":7,""p"":0.0001,""r"":7}",
       256,         0,         0,   0.101,correlated_pymatching,fc34ebb7e95f39002e0450c43b4010e8487a8bf69020c41441c163f361e16caa,"{""d"":7,""p"":0.00021544346900318845,""r"":7}",
    106496,         0,         0,    11.8,correlated_pymatching,fc34ebb7e95f39002e0450c43b4010e8487a8bf69020c41441c163f361e16caa,"{""d"":7,""p"":0.00021544346900318845,""r"":7}",
       256,         0,         0,   0.155,correlated_pymatching,e4f159b6793677bb35f01feb57a96b325f1fd1677dd307a327839217f990921c,"{""d"":7,""p"":0.0001,""r"":7}",
     20480,         0,         0,    2.28,correlated_pymatching,fc34ebb7e95f39002e0450c43b4010e8487a8bf69020c41441c163f361e16caa,"{""d"":7,""p"":0.00021544346900318845,""r"":7}",
    110592,         0,         0,    11.7,correlated_pymatching,e4f159b6793677bb35f01feb57a96b325f1fd1677dd307a327839217f990921c,"{""d"":7,""p"":0.0001,""r"":7}",
       256,         0,         0,   0.113,correlated_pymatching,f78701dabc92d935ad4f13d4b82879787b139ab0efba2a7ff15a1f63c045c687,"{""d"":7,""p"":0.00046415888336127773,""r"":7}",
       128,         0,         0,   0.105,correlated_pymatching,fc34ebb7e95f39002e0450c43b4010e8487a8bf69020c41441c163f361e16caa,"{""d"":7,""p"":0.00021544346900318845,""r"":7}",
      1024,         0,         0,   0.113,correlated_pymatching,e4f159b6793677bb35f01feb57a96b325f1fd1677dd307a327839217f990921c,"{""d"":7,""p"":0.0001,""r"":7}",
      1024,         0,         0,   0.129,correlated_pymatching,f78701dabc92d935ad4f13d4b82879787b139ab0efba2a7ff15a1f63c045c687,"{""d"":7,""p"":0.00046415888336127773,""r"":7}",
      1024,         0,         0,   0.117,correlated_pymatching,fc34ebb7e95f39002e0450c43b4010e8487a8bf69020c41441c163f361e16caa,"{""d"":7,""p"":0.00021544346900318845,""r"":7}",
      1024,         0,         0,   0.111,correlated_pymatching,e4f159b6793677bb35f01feb57a96b325f1fd1677dd307a327839217f990921c,"{""d"":7,""p"":0.0001,""r"":7}",
      1024,         0,         0,   0.113,correlated_pymatching,fc34ebb7e95f39002e0450c43b4010e8487a8bf69020c41441c163f361e16caa,"{""d"":7,""p"":0.00021544346900318845,""r"":7}",
       512,         0,         0,   0.103,correlated_pymatching,e4f159b6793677bb35f01feb57a96b325f1fd1677dd307a327839217f990921c,"{""d"":7,""p"":0.0001,""r"":7}",
       512,         0,         0,   0.111,correlated_pymatching,fc34ebb7e95f39002e0450c43b4010e8487a8bf69020c41441c163f361e16caa,"{""d"":7,""p"":0.00021544346900318845,""r"":7}",
      1024,         0,         0,   0.134,correlated_pymatching,f78701dabc92d935ad4f13d4b82879787b139ab0efba2a7ff15a1f63c045c687,"{""d"":7,""p"":0.00046415888336127773,""r"":7}",
     20480,         0,         0,    2.26,correlated_pymatching,e4f159b6793677bb35f01feb57a96b325f1fd1677dd307a327839217f990921c,"{""d"":7,""p"":0.0001,""r"":7}",
      1024,         0,         0,   0.115,correlated_pymatching,e4f159b6793677bb35f01feb57a96b325f1fd1677dd307a327839217f990921c,"{""d"":7,""p"":0.0001,""r"":7}",
      1024,         0,         0,   0.112,correlated_pymatching,e4f159b6793677bb35f01feb57a96b325f1fd1677dd307a327839217f990921c,"{""d"":7,""p"":0.0001,""r"":7}",
      1024,         0,         0,   0.118,correlated_pymatching,fc34ebb7e95f39002e0450c43b4010e8487a8bf69020c41441c163f361e16caa,"{""d"":7,""p"":0.00021544346900318845,""r"":7}",
      1024,         0,         0,   0.114,correlated_pymatching,fc34ebb7e95f39002e0450c43b4010e8487a8bf69020c41441c163f361e16caa,"{""d"":7,""p"":0.00021544346900318845,""r"":7}",
     97280,         2,         0,    11.8,correlated_pymatching,f78701dabc92d935ad4f13d4b82879787b139ab0efba2a7ff15a1f63c045c687,"{""d"":7,""p"":0.00046415888336127773,""r"":7}","{""obs_mistake_mask=E"":2}"
      1024,         0,         0,   0.128,correlated_pymatching,f78701dabc92d935ad4f13d4b82879787b139ab0efba2a7ff15a1f63c045c687,"{""d"":7,""p"":0.00046415888336127773,""r"":7}",
      1024,         0,         0,   0.108,correlated_pymatching,e4f159b6793677bb35f01feb57a96b325f1fd1677dd307a327839217f990921c,"{""d"":7,""p"":0.0001,""r"":7}",
      1024,         0,         0,   0.120,correlated_pymatching,fc34ebb7e95f39002e0450c43b4010e8487a8bf69020c41441c163f361e16caa,"{""d"":7,""p"":0.00021544346900318845,""r"":7}",
      1024,         0,         0,   0.115,correlated_pymatching,e4f159b6793677bb35f01feb57a96b325f1fd1677dd307a327839217f990921c,"{""d"":7,""p"":0.0001,""r"":7}",
      1024,         0,         0,   0.134,correlated_pymatching,f78701dabc92d935ad4f13d4b82879787b139ab0efba2a7ff15a1f63c045c687,"{""d"":7,""p"":0.00046415888336127773,""r"":7}",
      1024,         0,         0,   0.112,correlated_pymatching,e4f159b6793677bb35f01feb57a96b325f1fd1677dd307a327839217f990921c,"{""d"":7,""p"":0.0001,""r"":7}",
      1024,         0,         0,   0.114,correlated_pymatching,fc34ebb7e95f39002e0450c43b4010e8487a8bf69020c41441c163f361e16caa,"{""d"":7,""p"":0.00021544346900318845,""r"":7}",
      1024,         0,         0,   0.117,correlated_pymatching,fc34ebb7e95f39002e0450c43b4010e8487a8bf69020c41441c163f361e16caa,"{""d"":7,""p"":0.00021544346900318845,""r"":7}",
      1024,         0,         0,   0.108,correlated_pymatching,e4f159b6793677bb35f01feb57a96b325f1fd1677dd307a327839217f990921c,"{""d"":7,""p"":0.0001,""r"":7}",
      1024,         0,         0,   0.126,correlated_pymatching,f78701dabc92d935ad4f13d4b82879787b139ab0efba2a7ff15a1f63c045c687,"{""d"":7,""p"":0.00046415888336127773,""r"":7}",
      1024,         0,         0,   0.120,correlated_pymatching,fc34ebb7e95f39002e0450c43b4010e8487a8bf69020c41441c163f361e16caa,"{""d"":7,""p"":0.00021544346900318845,""r"":7}",
     17408,         1,         0,    2.21,correlated_pymatching,f78701dabc92d935ad4f13d4b82879787b139ab0efba2a7ff15a1f63c045c687,"{""d"":7,""p"":0.00046415888336127773,""r"":7}","{""obs_mistake_mask=E"":1}"
      1024,         0,         0,   0.132,correlated_pymatching,f78701dabc92d935ad4f13d4b82879787b139ab0efba2a7ff15a1f63c045c687,"{""d"":7,""p"":0.00046415888336127773,""r"":7}",
      2048,         0,         0,   0.230,correlated_pymatching,e4f159b6793677bb35f01feb57a96b325f1fd1677dd307a327839217f990921c,"{""d"":7,""p"":0.0001,""r"":7}",
      2048,         0,         0,   0.227,correlated_pymatching,e4f159b6793677bb35f01feb57a96b325f1fd1677dd307a327839217f990921c,"{""d"":7,""p"":0.0001,""r"":7}",
      2048,         0,         0,   0.216,correlated_pymatching,e4f159b6793677bb35f01feb57a96b325f1fd1677dd307a327839217f990921c,"{""d"":7,""p"":0.0001,""r"":7}",
      2048,         0,         0,   0.227,correlated_pymatching,fc34ebb7e95f39002e0450c43b4010e8487a8bf69020c41441c163f361e16caa,"{""d"":7,""p"":0.00021544346900318845,""r"":7}",
      2048,         0,         0,   0.236,correlated_pymatching,fc34ebb7e95f39002e0450c43b4010e8487a8bf69020c41441c163f361e16caa,"{""d"":7,""p"":0.00021544346900318845,""r"":7}",
     17408,         0,         0,    2.20,correlated_pymatching,f78701dabc92d935ad4f13d4b82879787b139ab0efba2a7ff15a1f63c045c687,"{""d"":7,""p"":0.00046415888336127773,""r"":7}",
      2048,         0,         0,   0.255,correlated_pymatching,f78701dabc92d935ad4f13d4b82879787b139ab0efba2a7ff15a1f63c045c687,"{""d"":7,""p"":0.00046415888336127773,""r"":7}",
      2048,         0,         0,   0.239,correlated_pymatching,fc34ebb7e95f39002e0450c43b4010e8487a8bf69020c41441c163f361e16caa,"{""d"":7,""p"":0.00021544346900318845,""r"":7}",
      2048,         0,         0,   0.261,correlated_pymatching,f78701dabc92d935ad4f13d4b82879787b139ab0efba2a7ff15a1f63c045c687,"{""d"":7,""p"":0.00046415888336127773,""r"":7}",
      2048,         0,         0,   0.228,correlated_pymatching,e4f159b6793677bb35f01feb57a96b325f1fd1677dd307a327839217f990921c,"{""d"":7,""p"":0.0001,""r"":7}",
      2048,         0,         0,   0.216,correlated_pymatching,e4f159b6793677bb35f01feb57a96b325f1fd1677dd307a327839217f990921c,"{""d"":7,""p"":0.0001,""r"":7}",
      2048,         0,         0,   0.227,correlated_pymatching,e4f159b6793677bb35f01feb57a96b325f1fd1677dd307a327839217f990921c,"{""d"":7,""p"":0.0001,""r"":7}",
      2048,         0,         0,   0.227,correlated_pymatching,fc34ebb7e95f39002e0450c43b4010e8487a8bf69020c41441c163f361e16caa,"{""d"":7,""p"":0.00021544346900318845,""r"":7}",
      2048,         0,         0,   0.236,correlated_pymatching,fc34ebb7e95f39002e0450c43b4010e8487a8bf69020c41441c163f361e16caa,"{""d"":7,""p"":0.00021544346900318845,""r"":7}",
      2048,         0,         0,   0.260,correlated_pymatching,f78701dabc92d935ad4f13d4b82879787b139ab0efba2a7ff15a1f63c045c687,"{""d"":7,""p"":0.00046415888336127773,""r"":7}",
      2048,         0,         0,   0.237,correlated_pymatching,fc34ebb7e95f39002e0450c43b4010e8487a8bf69020c41441c163f361e16caa,"{""d"":7,""p"":0.00021544346900318845,""r"":7}",
      2048,         0,         0,   0.262,correlated_pymatching,f78701dabc92d935ad4f13d4b82879787b139ab0efba2a7ff15a1f63c045c687,"{""d"":7,""p"":0.00046415888336127773,""r"":7}",
      3072,         0,         0,   0.318,correlated_pymatching,e4f159b6793677bb35f01feb57a96b325f1fd1677dd307a327839217f990921c,"{""d"":7,""p"":0.0001,""r"":7}",
      3072,         0,         0,   0.342,correlated_pymatching,e4f159b6793677bb35f01feb57a96b325f1fd1677dd307a327839217f990921c,"{""d"":7,""p"":0.0001,""r"":7}",
      3072,         0,         0,   0.341,correlated_pymatching,e4f159b6793677bb35f01feb57a96b325f1fd1677dd307a327839217f990921c,"{""d"":7,""p"":0.0001,""r"":7}",
      3072,         0,         0,   0.343,correlated_pymatching,fc34ebb7e95f39002e0450c43b4010e8487a8bf69020c41441c163f361e16caa,"{""d"":7,""p"":0.00021544346900318845,""r"":7}",
      3072,         0,         0,   0.351,correlated_pymatching,fc34ebb7e95f39002e0450c43b4010e8487a8bf69020c41441c163f361e16caa,"{""d"":7,""p"":0.00021544346900318845,""r"":7}",
      3072,         0,         0,   0.358,correlated_pymatching,fc34ebb7e95f39002e0450c43b4010e8487a8bf69020c41441c163f361e16caa,"{""d"":7,""p"":0.00021544346900318845,""r"":7}",
      3072,         0,         0,   0.392,correlated_pymatching,f78701dabc92d935ad4f13d4b82879787b139ab0efba2a7ff15a1f63c045c687,"{""d"":7,""p"":0.00046415888336127773,""r"":7}",
      3072,         0,         0,   0.399,correlated_pymatching,f78701dabc92d935ad4f13d4b82879787b139ab0efba2a7ff15a1f63c045c687,"{""d"":7,""p"":0.00046415888336127773,""r"":7}",
      4096,         0,         0,   0.427,correlated_pymatching,e4f159b6793677bb35f01feb57a96b325f1fd1677dd307a327839217f990921c,"{""d"":7,""p"":0.0001,""r"":7}",
      4096,         0,         0,   0.452,correlated_pymatching,e4f159b6793677bb35f01feb57a96b325f1fd1677dd307a327839217f990921c,"{""d"":7,""p"":0.0001,""r"":7}",
      4096,         0,         0,   0.459,correlated_pymatching,e4f159b6793677bb35f01feb57a96b325f1fd1677dd307a327839217f990921c,"{""d"":7,""p"":0.0001,""r"":7}",
      4096,         0,         0,   0.451,correlated_pymatching,fc34ebb7e95f39002e0450c43b4010e8487a8bf69020c41441c163f361e16caa,"{""d"":7,""p"":0.00021544346900318845,""r"":7}",
     29696,         0,         0,    3.13,correlated_pymatching,e4f159b6793677bb35f01feb57a96b325f1fd1677dd307a327839217f990921c,"{""d"":7,""p"":0.0001,""r"":7}",
     27648,         0,         0,    3.07,correlated_pymatching,e4f159b6793677bb35f01feb57a96b325f1fd1677dd307a327839217f990921c,"{""d"":7,""p"":0.0001,""r"":7}",
      4096,         0,         0,   0.473,correlated_pymatching,fc34ebb7e95f39002e0450c43b4010e8487a8bf69020c41441c163f361e16caa,"{""d"":7,""p"":0.00021544346900318845,""r"":7}",
     26624,         0,         0,    3.09,correlated_pymatching,fc34ebb7e95f39002e0450c43b4010e8487a8bf69020c41441c163f361e16caa,"{""d"":7,""p"":0.00021544346900318845,""r"":7}",
      4096,         0,         0,   0.477,correlated_pymatching,fc34ebb7e95f39002e0450c43b4010e8487a8bf69020c41441c163f361e16caa,"{""d"":7,""p"":0.00021544346900318845,""r"":7}",
     26624,         0,         0,    3.07,correlated_pymatching,fc34ebb7e95f39002e0450c43b4010e8487a8bf69020c41441c163f361e16caa,"{""d"":7,""p"":0.00021544346900318845,""r"":7}",
      4096,         0,         0,   0.520,correlated_pymatching,f78701dabc92d935ad4f13d4b82879787b139ab0efba2a7ff15a1f63c045c687,"{""d"":7,""p"":0.00046415888336127773,""r"":7}",
      4096,         0,         0,   0.530,correlated_pymatching,f78701dabc92d935ad4f13d4b82879787b139ab0efba2a7ff15a1f63c045c687,"{""d"":7,""p"":0.00046415888336127773,""r"":7}",
    106496,         0,         0,    11.8,correlated_pymatching,e4f159b6793677bb35f01feb57a96b325f1fd1677dd307a327839217f990921c,"{""d"":7,""p"":0.0001,""r"":7}",
      5120,         0,         0,   0.567,correlated_pymatching,fc34ebb7e95f39002e0450c43b4010e8487a8bf69020c41441c163f361e16caa,"{""d"":7,""p"":0.00021544346900318845,""r"":7}",
      6144,         0,         0,   0.647,correlated_pymatching,e4f159b6793677bb35f01feb57a96b325f1fd1677dd307a327839217f990921c,"{""d"":7,""p"":0.0001,""r"":7}",
      6144,         0,         0,   0.679,correlated_pymatching,e4f159b6793677bb35f01feb57a96b325f1fd1677dd307a327839217f990921c,"{""d"":7,""p"":0.0001,""r"":7}",
      5120,         0,         0,   0.597,correlated_pymatching,fc34ebb7e95f39002e0450c43b4010e8487a8bf69020c41441c163f361e16caa,"{""d"":7,""p"":0.00021544346900318845,""r"":7}",
      6144,         0,         0,   0.676,correlated_pymatching,e4f159b6793677bb35f01feb57a96b325f1fd1677dd307a327839217f990921c,"{""d"":7,""p"":0.0001,""r"":7}",
      5120,         0,         0,   0.590,correlated_pymatching,fc34ebb7e95f39002e0450c43b4010e8487a8bf69020c41441c163f361e16caa,"{""d"":7,""p"":0.00021544346900318845,""r"":7}",
      5120,         0,         0,   0.645,correlated_pymatching,f78701dabc92d935ad4f13d4b82879787b139ab0efba2a7ff15a1f63c045c687,"{""d"":7,""p"":0.00046415888336127773,""r"":7}",
      5120,         0,         0,   0.658,correlated_pymatching,f78701dabc92d935ad4f13d4b82879787b139ab0efba2a7ff15a1f63c045c687,"{""d"":7,""p"":0.00046415888336127773,""r"":7}",
    101376,         0,         0,    11.8,correlated_pymatching,fc34ebb7e95f39002e0450c43b4010e8487a8bf69020c41441c163f361e16caa,"{""d"":7,""p"":0.00021544346900318845,""r"":7}",
     93184,         1,         0,    11.8,correlated_pymatching,f78701dabc92d935ad4f13d4b82879787b139ab0efba2a7ff15a1f63c045c687,"{""d"":7,""p"":0.00046415888336127773,""r"":7}","{""obs_mistake_mask=E"":1}"
      8192,         0,         0,   0.858,correlated_pymatching,e4f159b6793677bb35f01feb57a96b325f1fd1677dd307a327839217f990921c,"{""d"":7,""p"":0.0001,""r"":7}",
      7168,         0,         0,   0.801,correlated_pymatching,e4f159b6793677bb35f01feb57a96b325f1fd1677dd307a327839217f990921c,"{""d"":7,""p"":0.0001,""r"":7}",
      7168,         0,         0,   0.797,correlated_pymatching,e4f159b6793677bb35f01feb57a96b325f1fd1677dd307a327839217f990921c,"{""d"":7,""p"":0.0001,""r"":7}",
      8192,         0,         0,   0.904,correlated_pymatching,fc34ebb7e95f39002e0450c43b4010e8487a8bf69020c41441c163f361e16caa,"{""d"":7,""p"":0.00021544346900318845,""r"":7}",
      7168,         0,         0,   0.872,correlated_pymatching,fc34ebb7e95f39002e0450c43b4010e8487a8bf69020c41441c163f361e16caa,"{""d"":7,""p"":0.00021544346900318845,""r"":7}",
     27648,         0,         0,    3.07,correlated_pymatching,fc34ebb7e95f39002e0450c43b4010e8487a8bf69020c41441c163f361e16caa,"{""d"":7,""p"":0.00021544346900318845,""r"":7}",
      7168,         0,         0,   0.830,correlated_pymatching,fc34ebb7e95f39002e0450c43b4010e8487a8bf69020c41441c163f361e16caa,"{""d"":7,""p"":0.00021544346900318845,""r"":7}",
     27648,         0,         0,    3.08,correlated_pymatching,e4f159b6793677bb35f01feb57a96b325f1fd1677dd307a327839217f990921c,"{""d"":7,""p"":0.0001,""r"":7}",
      7168,         0,         0,   0.916,correlated_pymatching,f78701dabc92d935ad4f13d4b82879787b139ab0efba2a7ff15a1f63c045c687,"{""d"":7,""p"":0.00046415888336127773,""r"":7}",
      7168,         0,         0,   0.919,correlated_pymatching,f78701dabc92d935ad4f13d4b82879787b139ab0efba2a7ff15a1f63c045c687,"{""d"":7,""p"":0.00046415888336127773,""r"":7}",
     24576,         0,         0,    3.10,correlated_pymatching,f78701dabc92d935ad4f13d4b82879787b139ab0efba2a7ff15a1f63c045c687,"{""d"":7,""p"":0.00046415888336127773,""r"":7}",
     24576,         1,         0,    3.10,correlated_pymatching,f78701dabc92d935ad4f13d4b82879787b139ab0efba2a7ff15a1f63c045c687,"{""d"":7,""p"":0.00046415888336127773,""r"":7}","{""obs_mistake_mask=E"":1}"
    111616,         0,         0,    11.7,correlated_pymatching,e4f159b6793677bb35f01feb57a96b325f1fd1677dd307a327839217f990921c,"{""d"":7,""p"":0.0001,""r"":7}",
     10240,         0,         0,    1.13,correlated_pymatching,e4f159b6793677bb35f01feb57a96b325f1fd1677dd307a327839217f990921c,"{""d"":7,""p"":0.0001,""r"":7}",
     10240,         0,         0,    1.14,correlated_pymatching,fc34ebb7e95f39002e0450c43b4010e8487a8bf69020c41441c163f361e16caa,"{""d"":7,""p"":0.00021544346900318845,""r"":7}",
     11264,         0,         0,    1.18,correlated_pymatching,e4f159b6793677bb35f01feb57a96b325f1fd1677dd307a327839217f990921c,"{""d"":7,""p"":0.0001,""r"":7}",
     10240,         0,         0,    1.17,correlated_pymatching,e4f159b6793677bb35f01feb57a96b325f1fd1677dd307a327839217f990921c,"{""d"":7,""p"":0.0001,""r"":7}",
     10240,         0,         0,    1.18,correlated_pymatching,fc34ebb7e95f39002e0450c43b4010e8487a8bf69020c41441c163f361e16caa,"{""d"":7,""p"":0.00021544346900318845,""r"":7}",
     10240,         0,         0,    1.19,correlated_pymatching,fc34ebb7e95f39002e0450c43b4010e8487a8bf69020c41441c163f361e16caa,"{""d"":7,""p"":0.00021544346900318845,""r"":7}",
      9216,         0,         0,    1.18,correlated_pymatching,f78701dabc92d935ad4f13d4b82879787b139ab0efba2a7ff15a1f63c045c687,"{""d"":7,""p"":0.00046415888336127773,""r"":7}",
      9216,         0,         0,    1.19,correlated_pymatching,f78701dabc92d935ad4f13d4b82879787b139ab0efba2a7ff15a1f63c045c687,"{""d"":7,""p"":0.00046415888336127773,""r"":7}",
     14336,         0,         0,    1.57,correlated_pymatching,e4f159b6793677bb35f01feb57a96b325f1fd1677dd307a327839217f990921c,"{""d"":7,""p"":0.0001,""r"":7}",
     14336,         0,         0,    1.58,correlated_pymatching,fc34ebb7e95f39002e0450c43b4010e8487a8bf69020c41441c163f361e16caa,"{""d"":7,""p"":0.00021544346900318845,""r"":7}",
     14336,         0,         0,    1.59,correlated_pymatching,e4f159b6793677bb35f01feb57a96b325f1fd1677dd307a327839217f990921c,"{""d"":7,""p"":0.0001,""r"":7}",
     15360,         0,         0,    1.61,correlated_pymatching,e4f159b6793677bb35f01feb57a96b325f1fd1677dd307a327839217f990921c,"{""d"":7,""p"":0.0001,""r"":7}",
     38912,         0,         0,    4.28,correlated_pymatching,e4f159b6793677bb35f01feb57a96b325f1fd1677dd307a327839217f990921c,"{""d"":7,""p"":0.0001,""r"":7}",
     40960,         0,         0,    4.32,correlated_pymatching,e4f159b6793677bb35f01feb57a96b325f1fd1677dd307a327839217f990921c,"{""d"":7,""p"":0.0001,""r"":7}",
     14336,         0,         0,    1.67,correlated_pymatching,fc34ebb7e95f39002e0450c43b4010e8487a8bf69020c41441c163f361e16caa,"{""d"":7,""p"":0.00021544346900318845,""r"":7}",
     14336,         0,         0,    1.65,correlated_pymatching,fc34ebb7e95f39002e0450c43b4010e8487a8bf69020c41441c163f361e16caa,"{""d"":7,""p"":0.00021544346900318845,""r"":7}",
     36864,         0,         0,    4.28,correlated_pymatching,fc34ebb7e95f39002e0450c43b4010e8487a8bf69020c41441c163f361e16caa,"{""d"":7,""p"":0.00021544346900318845,""r"":7}",
     36864,         0,         0,    4.28,correlated_pymatching,fc34ebb7e95f39002e0450c43b4010e8487a8bf69020c41441c163f361e16caa,"{""d"":7,""p"":0.00021544346900318845,""r"":7}",
     13312,         1,         0,    1.68,correlated_pymatching,f78701dabc92d935ad4f13d4b82879787b139ab0efba2a7ff15a1f63c045c687,"{""d"":7,""p"":0.00046415888336127773,""r"":7}","{""obs_mistake_mask=E"":1}"
     12288,         0,         0,    1.59,correlated_pymatching,f78701dabc92d935ad4f13d4b82879787b139ab0efba2a7ff15a1f63c045c687,"{""d"":7,""p"":0.00046415888336127773,""r"":7}",
     38912,         0,         0,    4.30,correlated_pymatching,fc34ebb7e95f39002e0450c43b4010e8487a8bf69020c41441c163f361e16caa,"{""d"":7,""p"":0.00021544346900318845,""r"":7}",
     38912,         0,         0,    4.30,correlated_pymatching,e4f159b6793677bb35f01feb57a96b325f1fd1677dd307a327839217f990921c,"{""d"":7,""p"":0.0001,""r"":7}",
     33792,         1,         0,    4.29,correlated_pymatching,f78701dabc92d935ad4f13d4b82879787b139ab0efba2a7ff15a1f63c045c687,"{""d"":7,""p"":0.00046415888336127773,""r"":7}","{""obs_mistake_mask=E"":1}"
     33792,         0,         0,    4.29,correlated_pymatching,f78701dabc92d935ad4f13d4b82879787b139ab0efba2a7ff15a1f63c045c687,"{""d"":7,""p"":0.00046415888336127773,""r"":7}",
     20480,         0,         0,    2.25,correlated_pymatching,e4f159b6793677bb35f01feb57a96b325f1fd1677dd307a327839217f990921c,"{""d"":7,""p"":0.0001,""r"":7}",
     72704,         0,         0,    8.46,correlated_pymatching,fc34ebb7e95f39002e0450c43b4010e8487a8bf69020c41441c163f361e16caa,"{""d"":7,""p"":0.00021544346900318845,""r"":7}",
     69632,         1,         0,    8.47,correlated_pymatching,f78701dabc92d935ad4f13d4b82879787b139ab0efba2a7ff15a1f63c045c687,"{""d"":7,""p"":0.00046415888336127773,""r"":7}","{""obs_mistake_mask=E"":1}"
     20480,         0,         0,    2.26,correlated_pymatching,fc34ebb7e95f39002e0450c43b4010e8487a8bf69020c41441c163f361e16caa,"{""d"":7,""p"":0.00021544346900318845,""r"":7}",
     20480,         0,         0,    2.27,correlated_pymatching,e4f159b6793677bb35f01feb57a96b325f1fd1677dd307a327839217f990921c,"{""d"":7,""p"":0.0001,""r"":7}",
     21504,         0,         0,    2.26,correlated_pymatching,e4f159b6793677bb35f01feb57a96b325f1fd1677dd307a327839217f990921c,"{""d"":7,""p"":0.0001,""r"":7}",
     65536,         1,         0,    8.47,correlated_pymatching,f78701dabc92d935ad4f13d4b82879787b139ab0efba2a7ff15a1f63c045c687,"{""d"":7,""p"":0.00046415888336127773,""r"":7}","{""obs_mistake_mask=E"":1}"
     19456,         0,         0,    2.27,correlated_pymatching,fc34ebb7e95f39002e0450c43b4010e8487a8bf69020c41441c163f361e16caa,"{""d"":7,""p"":0.00021544346900318845,""r"":7}",
     19456,         0,         0,    2.25,correlated_pymatching,fc34ebb7e95f39002e0450c43b4010e8487a8bf69020c41441c163f361e16caa,"{""d"":7,""p"":0.00021544346900318845,""r"":7}",
     17408,         0,         0,    2.19,correlated_pymatching,f78701dabc92d935ad4f13d4b82879787b139ab0efba2a7ff15a1f63c045c687,"{""d"":7,""p"":0.00046415888336127773,""r"":7}",
     17408,         0,         0,    2.26,correlated_pymatching,f78701dabc92d935ad4f13d4b82879787b139ab0efba2a7ff15a1f63c045c687,"{""d"":7,""p"":0.00046415888336127773,""r"":7}",
     86630,         0,         0,    9.23,correlated_pymatching,e4f159b6793677bb35f01feb57a96b325f1fd1677dd307a327839217f990921c,"{""d"":7,""p"":0.0001,""r"":7}",
    118830,         0,         0,    12.6,correlated_pymatching,e4f159b6793677bb35f01feb57a96b325f1fd1677dd307a327839217f990921c,"{""d"":7,""p"":0.0001,""r"":7}",
    108027,         0,         0,    12.1,correlated_pymatching,e4f159b6793677bb35f01feb57a96b325f1fd1677dd307a327839217f990921c,"{""d"":7,""p"":0.0001,""r"":7}",
     27648,         0,         0,    3.05,correlated_pymatching,fc34ebb7e95f39002e0450c43b4010e8487a8bf69020c41441c163f361e16caa,"{""d"":7,""p"":0.00021544346900318845,""r"":7}",
     28672,         0,         0,    3.16,correlated_pymatching,e4f159b6793677bb35f01feb57a96b325f1fd1677dd307a327839217f990921c,"{""d"":7,""p"":0.0001,""r"":7}",
     27648,         0,         0,    3.05,correlated_pymatching,e4f159b6793677bb35f01feb57a96b325f1fd1677dd307a327839217f990921c,"{""d"":7,""p"":0.0001,""r"":7}",
     29696,         0,         0,    3.10,correlated_pymatching,e4f159b6793677bb35f01feb57a96b325f1fd1677dd307a327839217f990921c,"{""d"":7,""p"":0.0001,""r"":7}",
     26624,         0,         0,    3.11,correlated_pymatching,fc34ebb7e95f39002e0450c43b4010e8487a8bf69020c41441c163f361e16caa,"{""d"":7,""p"":0.00021544346900318845,""r"":7}",
     26624,         0,         0,    3.12,correlated_pymatching,fc34ebb7e95f39002e0450c43b4010e8487a8bf69020c41441c163f361e16caa,"{""d"":7,""p"":0.00021544346900318845,""r"":7}",
     24576,         0,         0,    3.14,correlated_pymatching,f78701dabc92d935ad4f13d4b82879787b139ab0efba2a7ff15a1f63c045c687,"{""d"":7,""p"":0.00046415888336127773,""r"":7}",
     24576,         0,         0,    3.17,correlated_pymatching,f78701dabc92d935ad4f13d4b82879787b139ab0efba2a7ff15a1f63c045c687,"{""d"":7,""p"":0.00046415888336127773,""r"":7}",
     54272,         0,         0,    5.98,correlated_pymatching,e4f159b6793677bb35f01feb57a96b325f1fd1677dd307a327839217f990921c,"{""d"":7,""p"":0.0001,""r"":7}",
     57344,         0,         0,    6.06,correlated_pymatching,e4f159b6793677bb35f01feb57a96b325f1fd1677dd307a327839217f990921c,"{""d"":7,""p"":0.0001,""r"":7}",
     52224,         0,         0,    6.07,correlated_pymatching,fc34ebb7e95f39002e0450c43b4010e8487a8bf69020c41441c163f361e16caa,"{""d"":7,""p"":0.00021544346900318845,""r"":7}",
     52224,         0,         0,    6.04,correlated_pymatching,fc34ebb7e95f39002e0450c43b4010e8487a8bf69020c41441c163f361e16caa,"{""d"":7,""p"":0.00021544346900318845,""r"":7}",
    111299,         0,         0,    12.3,correlated_pymatching,fc34ebb7e95f39002e0450c43b4010e8487a8bf69020c41441c163f361e16caa,"{""d"":7,""p"":0.00021544346900318845,""r"":7}",
    132096,         0,         0,    14.6,correlated_pymatching,fc34ebb7e95f39002e0450c43b4010e8487a8bf69020c41441c163f361e16caa,"{""d"":7,""p"":0.00021544346900318845,""r"":7}",
    121626,         0,         0,    14.2,correlated_pymatching,fc34ebb7e95f39002e0450c43b4010e8487a8bf69020c41441c163f361e16caa,"{""d"":7,""p"":0.00021544346900318845,""r"":7}",
     98206,         0,         0,    10.9,correlated_pymatching,e4f159b6793677bb35f01feb57a96b325f1fd1677dd307a327839217f990921c,"{""d"":7,""p"":0.0001,""r"":7}",
     86016,         0,         0,    9.05,correlated_pymatching,e4f159b6793677bb35f01feb57a96b325f1fd1677dd307a327839217f990921c,"{""d"":7,""p"":0.0001,""r"":7}",
     54272,         0,         0,    6.00,correlated_pymatching,fc34ebb7e95f39002e0450c43b4010e8487a8bf69020c41441c163f361e16caa,"{""d"":7,""p"":0.00021544346900318845,""r"":7}",
     54272,         0,         0,    5.98,correlated_pymatching,e4f159b6793677bb35f01feb57a96b325f1fd1677dd307a327839217f990921c,"{""d"":7,""p"":0.0001,""r"":7}",
     48128,         1,         0,    6.09,correlated_pymatching,f78701dabc92d935ad4f13d4b82879787b139ab0efba2a7ff15a1f63c045c687,"{""d"":7,""p"":0.00046415888336127773,""r"":7}","{""obs_mistake_mask=E"":1}"
     47104,         2,         0,    6.02,correlated_pymatching,f78701dabc92d935ad4f13d4b82879787b139ab0efba2a7ff15a1f63c045c687,"{""d"":7,""p"":0.00046415888336127773,""r"":7}","{""obs_mistake_mask=E"":2}"
     12190,         0,         0,    1.30,correlated_pymatching,e4f159b6793677bb35f01feb57a96b325f1fd1677dd307a327839217f990921c,"{""d"":7,""p"":0.0001,""r"":7}",
    136192,         3,         0,    16.5,correlated_pymatching,f78701dabc92d935ad4f13d4b82879787b139ab0efba2a7ff15a1f63c045c687,"{""d"":7,""p"":0.00046415888336127773,""r"":7}","{""obs_mistake_mask=E"":3}"
     98560,         0,         0,    11.6,correlated_pymatching,fc34ebb7e95f39002e0450c43b4010e8487a8bf69020c41441c163f361e16caa,"{""d"":7,""p"":0.00021544346900318845,""r"":7}",
     38912,         0,         0,    4.28,correlated_pymatching,fc34ebb7e95f39002e0450c43b4010e8487a8bf69020c41441c163f361e16caa,"{""d"":7,""p"":0.00021544346900318845,""r"":7}",
     38912,         0,         0,    4.30,correlated_pymatching,e4f159b6793677bb35f01feb57a96b325f1fd1677dd307a327839217f990921c,"{""d"":7,""p"":0.0001,""r"":7}",
     38912,         0,         0,    4.31,correlated_pymatching,e4f159b6793677bb35f01feb57a96b325f1fd1677dd307a327839217f990921c,"{""d"":7,""p"":0.0001,""r"":7}",
    129024,         2,         0,    16.4,correlated_pymatching,f78701dabc92d935ad4f13d4b82879787b139ab0efba2a7ff15a1f63c045c687,"{""d"":7,""p"":0.00046415888336127773,""r"":7}","{""obs_mistake_mask=E"":2}"
     40960,         0,         0,    4.34,correlated_pymatching,e4f159b6793677bb35f01feb57a96b325f1fd1677dd307a327839217f990921c,"{""d"":7,""p"":0.0001,""r"":7}",
     57450,         0,         0,    6.24,correlated_pymatching,e4f159b6793677bb35f01feb57a96b325f1fd1677dd307a327839217f990921c,"{""d"":7,""p"":0.0001,""r"":7}",
     48128,         0,         0,    5.14,correlated_pymatching,e4f159b6793677bb35f01feb57a96b325f1fd1677dd307a327839217f990921c,"{""d"":7,""p"":0.0001,""r"":7}",
     36864,         0,         0,    4.33,correlated_pymatching,fc34ebb7e95f39002e0450c43b4010e8487a8bf69020c41441c163f361e16caa,"{""d"":7,""p"":0.00021544346900318845,""r"":7}",
     37888,         0,         0,    4.38,correlated_pymatching,fc34ebb7e95f39002e0450c43b4010e8487a8bf69020c41441c163f361e16caa,"{""d"":7,""p"":0.00021544346900318845,""r"":7}",
     41429,         0,         0,    4.70,correlated_pymatching,e4f159b6793677bb35f01feb57a96b325f1fd1677dd307a327839217f990921c,"{""d"":7,""p"":0.0001,""r"":7}",
     33792,         0,         0,    4.30,correlated_pymatching,f78701dabc92d935ad4f13d4b82879787b139ab0efba2a7ff15a1f63c045c687,"{""d"":7,""p"":0.00046415888336127773,""r"":7}",
     35840,         0,         0,    3.98,correlated_pymatching,e4f159b6793677bb35f01feb57a96b325f1fd1677dd307a327839217f990921c,"{""d"":7,""p"":0.0001,""r"":7}",
     36864,         0,         0,    3.89,correlated_pymatching,e4f159b6793677bb35f01feb57a96b325f1fd1677dd307a327839217f990921c,"{""d"":7,""p"":0.0001,""r"":7}",
     33792,         1,         0,    4.35,correlated_pymatching,f78701dabc92d935ad4f13d4b82879787b139ab0efba2a7ff15a1f63c045c687,"{""d"":7,""p"":0.00046415888336127773,""r"":7}","{""obs_mistake_mask=E"":1}"
      5589,         0,         0,   0.675,correlated_pymatching,e4f159b6793677bb35f01feb57a96b325f1fd1677dd307a327839217f990921c,"{""d"":7,""p"":0.0001,""r"":7}",
     27648,         0,         0,    3.05,correlated_pymatching,e4f159b6793677bb35f01feb57a96b325f1fd1677dd307a327839217f990921c,"{""d"":7,""p"":0.0001,""r"":7}",
    135168,         1,         0,    16.4,correlated_pymatching,f78701dabc92d935ad4f13d4b82879787b139ab0efba2a7ff15a1f63c045c687,"{""d"":7,""p"":0.00046415888336127773,""r"":7}","{""obs_mistake_mask=E"":1}"
     33288,         0,         0,    3.76,correlated_pymatching,e4f159b6793677bb35f01feb57a96b325f1fd1677dd307a327839217f990921c,"{""d"":7,""p"":0.0001,""r"":7}",
     22528,         0,         0,    2.39,correlated_pymatching,e4f159b6793677bb35f01feb57a96b325f1fd1677dd307a327839217f990921c,"{""d"":7,""p"":0.0001,""r"":7}",
     20630,         0,         0,    2.24,correlated_pymatching,e4f159b6793677bb35f01feb57a96b325f1fd1677dd307a327839217f990921c,"{""d"":7,""p"":0.0001,""r"":7}",
     20630,         0,         0,    2.37,correlated_pymatching,e4f159b6793677bb35f01feb57a96b325f1fd1677dd307a327839217f990921c,"{""d"":7,""p"":0.0001,""r"":7}",
     20630,         0,         0,    2.28,correlated_pymatching,e4f159b6793677bb35f01feb57a96b325f1fd1677dd307a327839217f990921c,"{""d"":7,""p"":0.0001,""r"":7}",
     20630,         0,         0,    2.28,correlated_pymatching,e4f159b6793677bb35f01feb57a96b325f1fd1677dd307a327839217f990921c,"{""d"":7,""p"":0.0001,""r"":7}",
     18432,         0,         0,    1.95,correlated_pymatching,e4f159b6793677bb35f01feb57a96b325f1fd1677dd307a327839217f990921c,"{""d"":7,""p"":0.0001,""r"":7}",
     20630,         0,         0,    2.39,correlated_pymatching,e4f159b6793677bb35f01feb57a96b325f1fd1677dd307a327839217f990921c,"{""d"":7,""p"":0.0001,""r"":7}",
     18432,         0,         0,    2.07,correlated_pymatching,e4f159b6793677bb35f01feb57a96b325f1fd1677dd307a327839217f990921c,"{""d"":7,""p"":0.0001,""r"":7}",
     12288,         0,         0,    1.38,correlated_pymatching,e4f159b6793677bb35f01feb57a96b325f1fd1677dd307a327839217f990921c,"{""d"":7,""p"":0.0001,""r"":7}",
       503,         0,         0,   0.109,correlated_pymatching,e4f159b6793677bb35f01feb57a96b325f1fd1677dd307a327839217f990921c,"{""d"":7,""p"":0.0001,""r"":7}",
     11264,         0,         0,    1.27,correlated_pymatching,e4f159b6793677bb35f01feb57a96b325f1fd1677dd307a327839217f990921c,"{""d"":7,""p"":0.0001,""r"":7}",
     12288,         0,         0,    1.36,correlated_pymatching,e4f159b6793677bb35f01feb57a96b325f1fd1677dd307a327839217f990921c,"{""d"":7,""p"":0.0001,""r"":7}",
     84666,         0,         0,    9.96,correlated_pymatching,fc34ebb7e95f39002e0450c43b4010e8487a8bf69020c41441c163f361e16caa,"{""d"":7,""p"":0.00021544346900318845,""r"":7}",
       392,         0,         0,   0.114,correlated_pymatching,e4f159b6793677bb35f01feb57a96b325f1fd1677dd307a327839217f990921c,"{""d"":7,""p"":0.0001,""r"":7}",
     12288,         0,         0,    1.29,correlated_pymatching,e4f159b6793677bb35f01feb57a96b325f1fd1677dd307a327839217f990921c,"{""d"":7,""p"":0.0001,""r"":7}",
       939,         0,         0,   0.118,correlated_pymatching,e4f159b6793677bb35f01feb57a96b325f1fd1677dd307a327839217f990921c,"{""d"":7,""p"":0.0001,""r"":7}",
      1392,         0,         0,   0.217,correlated_pymatching,e4f159b6793677bb35f01feb57a96b325f1fd1677dd307a327839217f990921c,"{""d"":7,""p"":0.0001,""r"":7}",
       668,         0,         0,   0.108,correlated_pymatching,e4f159b6793677bb35f01feb57a96b325f1fd1677dd307a327839217f990921c,"{""d"":7,""p"":0.0001,""r"":7}",
      1788,         0,         0,   0.221,correlated_pymatching,e4f159b6793677bb35f01feb57a96b325f1fd1677dd307a327839217f990921c,"{""d"":7,""p"":0.0001,""r"":7}",
      1923,         0,         0,   0.231,correlated_pymatching,e4f159b6793677bb35f01feb57a96b325f1fd1677dd307a327839217f990921c,"{""d"":7,""p"":0.0001,""r"":7}",
       668,         0,         0,   0.115,correlated_pymatching,e4f159b6793677bb35f01feb57a96b325f1fd1677dd307a327839217f990921c,"{""d"":7,""p"":0.0001,""r"":7}",
      2048,         0,         0,   0.222,correlated_pymatching,e4f159b6793677bb35f01feb57a96b325f1fd1677dd307a327839217f990921c,"{""d"":7,""p"":0.0001,""r"":7}",
        56,         0,         0,   0.105,correlated_pymatching,e4f159b6793677bb35f01feb57a96b325f1fd1677dd307a327839217f990921c,"{""d"":7,""p"":0.0001,""r"":7}",
       962,         0,         0,   0.115,correlated_pymatching,e4f159b6793677bb35f01feb57a96b325f1fd1677dd307a327839217f990921c,"{""d"":7,""p"":0.0001,""r"":7}",
      1397,         0,         0,   0.221,correlated_pymatching,e4f159b6793677bb35f01feb57a96b325f1fd1677dd307a327839217f990921c,"{""d"":7,""p"":0.0001,""r"":7}",
        36,         0,         0,   0.106,correlated_pymatching,e4f159b6793677bb35f01feb57a96b325f1fd1677dd307a327839217f990921c,"{""d"":7,""p"":0.0001,""r"":7}",
      2048,         0,         0,   0.228,correlated_pymatching,e4f159b6793677bb35f01feb57a96b325f1fd1677dd307a327839217f990921c,"{""d"":7,""p"":0.0001,""r"":7}",
       472,         0,         0,   0.108,correlated_pymatching,e4f159b6793677bb35f01feb57a96b325f1fd1677dd307a327839217f990921c,"{""d"":7,""p"":0.0001,""r"":7}",
       502,         0,         0,   0.114,correlated_pymatching,e4f159b6793677bb35f01feb57a96b325f1fd1677dd307a327839217f990921c,"{""d"":7,""p"":0.0001,""r"":7}",
        73,         0,         0,   0.104,correlated_pymatching,e4f159b6793677bb35f01feb57a96b325f1fd1677dd307a327839217f990921c,"{""d"":7,""p"":0.0001,""r"":7}",
        88,         0,         0,   0.106,correlated_pymatching,e4f159b6793677bb35f01feb57a96b325f1fd1677dd307a327839217f990921c,"{""d"":7,""p"":0.0001,""r"":7}",
        88,         0,         0,   0.101,correlated_pymatching,e4f159b6793677bb35f01feb57a96b325f1fd1677dd307a327839217f990921c,"{""d"":7,""p"":0.0001,""r"":7}",
        43,         0,         0,   0.107,correlated_pymatching,e4f159b6793677bb35f01feb57a96b325f1fd1677dd307a327839217f990921c,"{""d"":7,""p"":0.0001,""r"":7}",
        88,         0,         0,   0.105,correlated_pymatching,e4f159b6793677bb35f01feb57a96b325f1fd1677dd307a327839217f990921c,"{""d"":7,""p"":0.0001,""r"":7}",
        43,         0,         0,   0.105,correlated_pymatching,e4f159b6793677bb35f01feb57a96b325f1fd1677dd307a327839217f990921c,"{""d"":7,""p"":0.0001,""r"":7}",
        43,         0,         0,   0.105,correlated_pymatching,e4f159b6793677bb35f01feb57a96b325f1fd1677dd307a327839217f990921c,"{""d"":7,""p"":0.0001,""r"":7}",
     54272,         0,         0,    6.30,correlated_pymatching,fc34ebb7e95f39002e0450c43b4010e8487a8bf69020c41441c163f361e16caa,"{""d"":7,""p"":0.00021544346900318845,""r"":7}",
     54272,         0,         0,    6.32,correlated_pymatching,fc34ebb7e95f39002e0450c43b4010e8487a8bf69020c41441c163f361e16caa,"{""d"":7,""p"":0.00021544346900318845,""r"":7}",
     79872,         0,         0,    10.3,correlated_pymatching,f78701dabc92d935ad4f13d4b82879787b139ab0efba2a7ff15a1f63c045c687,"{""d"":7,""p"":0.00046415888336127773,""r"":7}",
    120832,         3,         0,    15.4,correlated_pymatching,f78701dabc92d935ad4f13d4b82879787b139ab0efba2a7ff15a1f63c045c687,"{""d"":7,""p"":0.00046415888336127773,""r"":7}","{""obs_mistake_mask=E"":3}"
     86016,         0,         0,    10.4,correlated_pymatching,f78701dabc92d935ad4f13d4b82879787b139ab0efba2a7ff15a1f63c045c687,"{""d"":7,""p"":0.00046415888336127773,""r"":7}",
     55296,         0,         0,    6.07,correlated_pymatching,fc34ebb7e95f39002e0450c43b4010e8487a8bf69020c41441c163f361e16caa,"{""d"":7,""p"":0.00021544346900318845,""r"":7}",
     55296,         0,         0,    6.08,correlated_pymatching,fc34ebb7e95f39002e0450c43b4010e8487a8bf69020c41441c163f361e16caa,"{""d"":7,""p"":0.00021544346900318845,""r"":7}",
     48128,         0,         0,    5.61,correlated_pymatching,fc34ebb7e95f39002e0450c43b4010e8487a8bf69020c41441c163f361e16caa,"{""d"":7,""p"":0.00021544346900318845,""r"":7}",
     14806,         1,         0,    1.85,correlated_pymatching,f78701dabc92d935ad4f13d4b82879787b139ab0efba2a7ff15a1f63c045c687,"{""d"":7,""p"":0.00046415888336127773,""r"":7}","{""obs_mistake_mask=E"":1}"
     45813,         0,         0,    5.08,correlated_pymatching,fc34ebb7e95f39002e0450c43b4010e8487a8bf69020c41441c163f361e16caa,"{""d"":7,""p"":0.00021544346900318845,""r"":7}",
     34816,         0,         0,    4.11,correlated_pymatching,fc34ebb7e95f39002e0450c43b4010e8487a8bf69020c41441c163f361e16caa,"{""d"":7,""p"":0.00021544346900318845,""r"":7}",
         1,         0,         0,   0.101,correlated_pymatching,fc34ebb7e95f39002e0450c43b4010e8487a8bf69020c41441c163f361e16caa,"{""d"":7,""p"":0.00021544346900318845,""r"":7}",
         1,         0,         0,   0.101,correlated_pymatching,fc34ebb7e95f39002e0450c43b4010e8487a8bf69020c41441c163f361e16caa,"{""d"":7,""p"":0.00021544346900318845,""r"":7}",
         1,         0,         0,   0.098,correlated_pymatching,fc34ebb7e95f39002e0450c43b4010e8487a8bf69020c41441c163f361e16caa,"{""d"":7,""p"":0.00021544346900318845,""r"":7}",
         1,         0,         0,   0.103,correlated_pymatching,f78701dabc92d935ad4f13d4b82879787b139ab0efba2a7ff15a1f63c045c687,"{""d"":7,""p"":0.00046415888336127773,""r"":7}",
         1,         0,         0,   0.099,correlated_pymatching,fc34ebb7e95f39002e0450c43b4010e8487a8bf69020c41441c163f361e16caa,"{""d"":7,""p"":0.00021544346900318845,""r"":7}",
         1,         0,         0,   0.099,correlated_pymatching,f78701dabc92d935ad4f13d4b82879787b139ab0efba2a7ff15a1f63c045c687,"{""d"":7,""p"":0.00046415888336127773,""r"":7}",
         1,         0,         0,   0.101,correlated_pymatching,f78701dabc92d935ad4f13d4b82879787b139ab0efba2a7ff15a1f63c045c687,"{""d"":7,""p"":0.00046415888336127773,""r"":7}",
         1,         0,         0,   0.099,correlated_pymatching,f78701dabc92d935ad4f13d4b82879787b139ab0efba2a7ff15a1f63c045c687,"{""d"":7,""p"":0.00046415888336127773,""r"":7}",
         1,         0,         0,   0.098,correlated_pymatching,fc34ebb7e95f39002e0450c43b4010e8487a8bf69020c41441c163f361e16caa,"{""d"":7,""p"":0.00021544346900318845,""r"":7}",
         1,         0,         0,   0.102,correlated_pymatching,f78701dabc92d935ad4f13d4b82879787b139ab0efba2a7ff15a1f63c045c687,"{""d"":7,""p"":0.00046415888336127773,""r"":7}",
         1,         0,         0,   0.102,correlated_pymatching,f78701dabc92d935ad4f13d4b82879787b139ab0efba2a7ff15a1f63c045c687,"{""d"":7,""p"":0.00046415888336127773,""r"":7}",
         4,         0,         0,   0.097,correlated_pymatching,fc34ebb7e95f39002e0450c43b4010e8487a8bf69020c41441c163f361e16caa,"{""d"":7,""p"":0.00021544346900318845,""r"":7}",
         4,         0,         0,   0.102,correlated_pymatching,fc34ebb7e95f39002e0450c43b4010e8487a8bf69020c41441c163f361e16caa,"{""d"":7,""p"":0.00021544346900318845,""r"":7}",
         4,         0,         0,   0.102,correlated_pymatching,fc34ebb7e95f39002e0450c43b4010e8487a8bf69020c41441c163f361e16caa,"{""d"":7,""p"":0.00021544346900318845,""r"":7}",
         4,         0,         0,   0.103,correlated_pymatching,f78701dabc92d935ad4f13d4b82879787b139ab0efba2a7ff15a1f63c045c687,"{""d"":7,""p"":0.00046415888336127773,""r"":7}",
         4,         0,         0,   0.097,correlated_pymatching,fc34ebb7e95f39002e0450c43b4010e8487a8bf69020c41441c163f361e16caa,"{""d"":7,""p"":0.00021544346900318845,""r"":7}",
         4,         0,         0,   0.099,correlated_pymatching,f78701dabc92d935ad4f13d4b82879787b139ab0efba2a7ff15a1f63c045c687,"{""d"":7,""p"":0.00046415888336127773,""r"":7}",
         4,         0,         0,   0.101,correlated_pymatching,f78701dabc92d935ad4f13d4b82879787b139ab0efba2a7ff15a1f63c045c687,"{""d"":7,""p"":0.00046415888336127773,""r"":7}",
         4,         0,         0,   0.098,correlated_pymatching,f78701dabc92d935ad4f13d4b82879787b139ab0efba2a7ff15a1f63c045c687,"{""d"":7,""p"":0.00046415888336127773,""r"":7}",
         4,         0,         0,   0.098,correlated_pymatching,fc34ebb7e95f39002e0450c43b4010e8487a8bf69020c41441c163f361e16caa,"{""d"":7,""p"":0.00021544346900318845,""r"":7}",
         4,         0,         0,   0.101,correlated_pymatching,f78701dabc92d935ad4f13d4b82879787b139ab0efba2a7ff15a1f63c045c687,"{""d"":7,""p"":0.00046415888336127773,""r"":7}",
         4,         0,         0,   0.102,correlated_pymatching,f78701dabc92d935ad4f13d4b82879787b139ab0efba2a7ff15a1f63c045c687,"{""d"":7,""p"":0.00046415888336127773,""r"":7}",
        16,         0,         0,   0.097,correlated_pymatching,fc34ebb7e95f39002e0450c43b4010e8487a8bf69020c41441c163f361e16caa,"{""d"":7,""p"":0.00021544346900318845,""r"":7}",
        16,         0,         0,   0.103,correlated_pymatching,fc34ebb7e95f39002e0450c43b4010e8487a8bf69020c41441c163f361e16caa,"{""d"":7,""p"":0.00021544346900318845,""r"":7}",
        16,         0,         0,   0.104,correlated_pymatching,fc34ebb7e95f39002e0450c43b4010e8487a8bf69020c41441c163f361e16caa,"{""d"":7,""p"":0.00021544346900318845,""r"":7}",
        16,         0,         0,   0.098,correlated_pymatching,fc34ebb7e95f39002e0450c43b4010e8487a8bf69020c41441c163f361e16caa,"{""d"":7,""p"":0.00021544346900318845,""r"":7}",
        16,         0,         0,   0.105,correlated_pymatching,f78701dabc92d935ad4f13d4b82879787b139ab0efba2a7ff15a1f63c045c687,"{""d"":7,""p"":0.00046415888336127773,""r"":7}",
        16,         0,         0,   0.099,correlated_pymatching,f78701dabc92d935ad4f13d4b82879787b139ab0efba2a7ff15a1f63c045c687,"{""d"":7,""p"":0.00046415888336127773,""r"":7}",
        16,         0,         0,   0.098,correlated_pymatching,f78701dabc92d935ad4f13d4b82879787b139ab0efba2a7ff15a1f63c045c687,"{""d"":7,""p"":0.00046415888336127773,""r"":7}",
        16,         0,         0,   0.098,correlated_pymatching,fc34ebb7e95f39002e0450c43b4010e8487a8bf69020c41441c163f361e16caa,"{""d"":7,""p"":0.00021544346900318845,""r"":7}",
        16,         0,         0,   0.102,correlated_pymatching,f78701dabc92d935ad4f13d4b82879787b139ab0efba2a7ff15a1f63c045c687,"{""d"":7,""p"":0.00046415888336127773,""r"":7}",
        16,         0,         0,   0.102,correlated_pymatching,f78701dabc92d935ad4f13d4b82879787b139ab0efba2a7ff15a1f63c045c687,"{""d"":7,""p"":0.00046415888336127773,""r"":7}",
        16,         0,         0,   0.103,correlated_pymatching,f78701dabc92d935ad4f13d4b82879787b139ab0efba2a7ff15a1f63c045c687,"{""d"":7,""p"":0.00046415888336127773,""r"":7}",
        64,         0,         0,   0.099,correlated_pymatching,fc34ebb7e95f39002e0450c43b4010e8487a8bf69020c41441c163f361e16caa,"{""d"":7,""p"":0.00021544346900318845,""r"":7}",
        64,         0,         0,   0.102,correlated_pymatching,fc34ebb7e95f39002e0450c43b4010e8487a8bf69020c41441c163f361e16caa,"{""d"":7,""p"":0.00021544346900318845,""r"":7}",
        64,         0,         0,   0.104,correlated_pymatching,fc34ebb7e95f39002e0450c43b4010e8487a8bf69020c41441c163f361e16caa,"{""d"":7,""p"":0.00021544346900318845,""r"":7}",
        64,         0,         0,   0.100,correlated_pymatching,fc34ebb7e95f39002e0450c43b4010e8487a8bf69020c41441c163f361e16caa,"{""d"":7,""p"":0.00021544346900318845,""r"":7}",
        64,         0,         0,   0.101,correlated_pymatching,f78701dabc92d935ad4f13d4b82879787b139ab0efba2a7ff15a1f63c045c687,"{""d"":7,""p"":0.00046415888336127773,""r"":7}",
        64,         0,         0,   0.107,correlated_pymatching,f78701dabc92d935ad4f13d4b82879787b139ab0efba2a7ff15a1f63c045c687,"{""d"":7,""p"":0.00046415888336127773,""r"":7}",
        64,         0,         0,   0.100,correlated_pymatching,f78701dabc92d935ad4f13d4b82879787b139ab0efba2a7ff15a1f63c045c687,"{""d"":7,""p"":0.00046415888336127773,""r"":7}",
        64,         0,         0,   0.098,correlated_pymatching,fc34ebb7e95f39002e0450c43b4010e8487a8bf69020c41441c163f361e16caa,"{""d"":7,""p"":0.00021544346900318845,""r"":7}",
        64,         0,         0,   0.104,correlated_pymatching,f78701dabc92d935ad4f13d4b82879787b139ab0efba2a7ff15a1f63c045c687,"{""d"":7,""p"":0.00046415888336127773,""r"":7}",
        64,         0,         0,   0.105,correlated_pymatching,f78701dabc92d935ad4f13d4b82879787b139ab0efba2a7ff15a1f63c045c687,"{""d"":7,""p"":0.00046415888336127773,""r"":7}",
        64,         0,         0,   0.105,correlated_pymatching,f78701dabc92d935ad4f13d4b82879787b139ab0efba2a7ff15a1f63c045c687,"{""d"":7,""p"":0.00046415888336127773,""r"":7}",
       256,         0,         0,   0.101,correlated_pymatching,fc34ebb7e95f39002e0450c43b4010e8487a8bf69020c41441c163f361e16caa,"{""d"":7,""p"":0.00021544346900318845,""r"":7}",
       256,         0,         0,   0.105,correlated_pymatching,fc34ebb7e95f39002e0450c43b4010e8487a8bf69020c41441c163f361e16caa,"{""d"":7,""p"":0.00021544346900318845,""r"":7}",
       256,         0,         0,   0.103,correlated_pymatching,fc34ebb7e95f39002e0450c43b4010e8487a8bf69020c41441c163f361e16caa,"{""d"":7,""p"":0.00021544346900318845,""r"":7}",
       256,         0,         0,   0.106,correlated_pymatching,fc34ebb7e95f39002e0450c43b4010e8487a8bf69020c41441c163f361e16caa,"{""d"":7,""p"":0.00021544346900318845,""r"":7}",
       256,         0,         0,   0.102,correlated_pymatching,fc34ebb7e95f39002e0450c43b4010e8487a8bf69020c41441c163f361e16caa,"{""d"":7,""p"":0.00021544346900318845,""r"":7}",
       256,         0,         0,   0.107,correlated_pymatching,f78701dabc92d935ad4f13d4b82879787b139ab0efba2a7ff15a1f63c045c687,"{""d"":7,""p"":0.00046415888336127773,""r"":7}",
       256,         0,         0,   0.105,correlated_pymatching,f78701dabc92d935ad4f13d4b82879787b139ab0efba2a7ff15a1f63c045c687,"{""d"":7,""p"":0.00046415888336127773,""r"":7}",
       256,         0,         0,   0.110,correlated_pymatching,f78701dabc92d935ad4f13d4b82879787b139ab0efba2a7ff15a1f63c045c687,"{""d"":7,""p"":0.00046415888336127773,""r"":7}",
       256,         0,         0,   0.108,correlated_pymatching,f78701dabc92d935ad4f13d4b82879787b139ab0efba2a7ff15a1f63c045c687,"{""d"":7,""p"":0.00046415888336127773,""r"":7}",
       256,         0,         0,   0.110,correlated_pymatching,f78701dabc92d935ad4f13d4b82879787b139ab0efba2a7ff15a1f63c045c687,"{""d"":7,""p"":0.00046415888336127773,""r"":7}",
       256,         0,         0,   0.110,correlated_pymatching,f78701dabc92d935ad4f13d4b82879787b139ab0efba2a7ff15a1f63c045c687,"{""d"":7,""p"":0.00046415888336127773,""r"":7}",
      1024,         0,         0,   0.114,correlated_pymatching,fc34ebb7e95f39002e0450c43b4010e8487a8bf69020c41441c163f361e16caa,"{""d"":7,""p"":0.00021544346900318845,""r"":7}",
      1024,         0,         0,   0.117,correlated_pymatching,fc34ebb7e95f39002e0450c43b4010e8487a8bf69020c41441c163f361e16caa,"{""d"":7,""p"":0.00021544346900318845,""r"":7}",
      1024,         0,         0,   0.115,correlated_pymatching,fc34ebb7e95f39002e0450c43b4010e8487a8bf69020c41441c163f361e16caa,"{""d"":7,""p"":0.00021544346900318845,""r"":7}",
      1024,         0,         0,   0.118,correlated_pymatching,fc34ebb7e95f39002e0450c43b4010e8487a8bf69020c41441c163f361e16caa,"{""d"":7,""p"":0.00021544346900318845,""r"":7}",
      1024,         0,         0,   0.114,correlated_pymatching,fc34ebb7e95f39002e0450c43b4010e8487a8bf69020c41441c163f361e16caa,"{""d"":7,""p"":0.00021544346900318845,""r"":7}",
      1024,         0,         0,   0.125,correlated_pymatching,f78701dabc92d935ad4f13d4b82879787b139ab0efba2a7ff15a1f63c045c687,"{""d"":7,""p"":0.00046415888336127773,""r"":7}",
      1024,         0,         0,   0.127,correlated_pymatching,f78701dabc92d935ad4f13d4b82879787b139ab0efba2a7ff15a1f63c045c687,"{""d"":7,""p"":0.00046415888336127773,""r"":7}",
      1024,         0,         0,   0.129,correlated_pymatching,f78701dabc92d935ad4f13d4b82879787b139ab0efba2a7ff15a1f63c045c687,"{""d"":7,""p"":0.00046415888336127773,""r"":7}",
      1024,         0,         0,   0.129,correlated_pymatching,f78701dabc92d935ad4f13d4b82879787b139ab0efba2a7ff15a1f63c045c687,"{""d"":7,""p"":0.00046415888336127773,""r"":7}",
      1024,         0,         0,   0.129,correlated_pymatching,f78701dabc92d935ad4f13d4b82879787b139ab0efba2a7ff15a1f63c045c687,"{""d"":7,""p"":0.00046415888336127773,""r"":7}",
      1024,         0,         0,   0.129,correlated_pymatching,f78701dabc92d935ad4f13d4b82879787b139ab0efba2a7ff15a1f63c045c687,"{""d"":7,""p"":0.00046415888336127773,""r"":7}",
      1024,         0,         0,   0.112,correlated_pymatching,fc34ebb7e95f39002e0450c43b4010e8487a8bf69020c41441c163f361e16caa,"{""d"":7,""p"":0.00021544346900318845,""r"":7}",
      1024,         0,         0,   0.118,correlated_pymatching,fc34ebb7e95f39002e0450c43b4010e8487a8bf69020c41441c163f361e16caa,"{""d"":7,""p"":0.00021544346900318845,""r"":7}",
      1024,         0,         0,   0.114,correlated_pymatching,fc34ebb7e95f39002e0450c43b4010e8487a8bf69020c41441c163f361e16caa,"{""d"":7,""p"":0.00021544346900318845,""r"":7}",
      1024,         0,         0,   0.114,correlated_pymatching,fc34ebb7e95f39002e0450c43b4010e8487a8bf69020c41441c163f361e16caa,"{""d"":7,""p"":0.00021544346900318845,""r"":7}",
      1024,         0,         0,   0.118,correlated_pymatching,fc34ebb7e95f39002e0450c43b4010e8487a8bf69020c41441c163f361e16caa,"{""d"":7,""p"":0.00021544346900318845,""r"":7}",
      1024,         0,         0,   0.125,correlated_pymatching,f78701dabc92d935ad4f13d4b82879787b139ab0efba2a7ff15a1f63c045c687,"{""d"":7,""p"":0.00046415888336127773,""r"":7}",
      1024,         0,         0,   0.126,correlated_pymatching,f78701dabc92d935ad4f13d4b82879787b139ab0efba2a7ff15a1f63c045c687,"{""d"":7,""p"":0.00046415888336127773,""r"":7}",
      1024,         0,         0,   0.130,correlated_pymatching,f78701dabc92d935ad4f13d4b82879787b139ab0efba2a7ff15a1f63c045c687,"{""d"":7,""p"":0.00046415888336127773,""r"":7}",
      1024,         0,         0,   0.128,correlated_pymatching,f78701dabc92d935ad4f13d4b82879787b139ab0efba2a7ff15a1f63c045c687,"{""d"":7,""p"":0.00046415888336127773,""r"":7}",
      1024,         0,         0,   0.129,correlated_pymatching,f78701dabc92d935ad4f13d4b82879787b139ab0efba2a7ff15a1f63c045c687,"{""d"":7,""p"":0.00046415888336127773,""r"":7}",
      1024,         0,         0,   0.130,correlated_pymatching,f78701dabc92d935ad4f13d4b82879787b139ab0efba2a7ff15a1f63c045c687,"{""d"":7,""p"":0.00046415888336127773,""r"":7}",
      1024,         0,         0,   0.111,correlated_pymatching,fc34ebb7e95f39002e0450c43b4010e8487a8bf69020c41441c163f361e16caa,"{""d"":7,""p"":0.00021544346900318845,""r"":7}",
      1024,         0,         0,   0.113,correlated_pymatching,fc34ebb7e95f39002e0450c43b4010e8487a8bf69020c41441c163f361e16caa,"{""d"":7,""p"":0.00021544346900318845,""r"":7}",
      1024,         0,         0,   0.118,correlated_pymatching,fc34ebb7e95f39002e0450c43b4010e8487a8bf69020c41441c163f361e16caa,"{""d"":7,""p"":0.00021544346900318845,""r"":7}",
      1024,         0,         0,   0.113,correlated_pymatching,fc34ebb7e95f39002e0450c43b4010e8487a8bf69020c41441c163f361e16caa,"{""d"":7,""p"":0.00021544346900318845,""r"":7}",
      1024,         0,         0,   0.118,correlated_pymatching,fc34ebb7e95f39002e0450c43b4010e8487a8bf69020c41441c163f361e16caa,"{""d"":7,""p"":0.00021544346900318845,""r"":7}",
      1024,         0,         0,   0.124,correlated_pymatching,f78701dabc92d935ad4f13d4b82879787b139ab0efba2a7ff15a1f63c045c687,"{""d"":7,""p"":0.00046415888336127773,""r"":7}",
      1024,         0,         0,   0.127,correlated_pymatching,f78701dabc92d935ad4f13d4b82879787b139ab0efba2a7ff15a1f63c045c687,"{""d"":7,""p"":0.00046415888336127773,""r"":7}",
      1024,         0,         0,   0.128,correlated_pymatching,f78701dabc92d935ad4f13d4b82879787b139ab0efba2a7ff15a1f63c045c687,"{""d"":7,""p"":0.00046415888336127773,""r"":7}",
      1024,         0,         0,   0.127,correlated_pymatching,f78701dabc92d935ad4f13d4b82879787b139ab0efba2a7ff15a1f63c045c687,"{""d"":7,""p"":0.00046415888336127773,""r"":7}",
      1024,         0,         0,   0.130,correlated_pymatching,f78701dabc92d935ad4f13d4b82879787b139ab0efba2a7ff15a1f63c045c687,"{""d"":7,""p"":0.00046415888336127773,""r"":7}",
      1024,         0,         0,   0.130,correlated_pymatching,f78701dabc92d935ad4f13d4b82879787b139ab0efba2a7ff15a1f63c045c687,"{""d"":7,""p"":0.00046415888336127773,""r"":7}",
      2048,         0,         0,   0.225,correlated_pymatching,fc34ebb7e95f39002e0450c43b4010e8487a8bf69020c41441c163f361e16caa,"{""d"":7,""p"":0.00021544346900318845,""r"":7}",
      2048,         0,         0,   0.225,correlated_pymatching,fc34ebb7e95f39002e0450c43b4010e8487a8bf69020c41441c163f361e16caa,"{""d"":7,""p"":0.00021544346900318845,""r"":7}",
      2048,         0,         0,   0.225,correlated_pymatching,fc34ebb7e95f39002e0450c43b4010e8487a8bf69020c41441c163f361e16caa,"{""d"":7,""p"":0.00021544346900318845,""r"":7}",
      2048,         0,         0,   0.239,correlated_pymatching,fc34ebb7e95f39002e0450c43b4010e8487a8bf69020c41441c163f361e16caa,"{""d"":7,""p"":0.00021544346900318845,""r"":7}",
      2048,         0,         0,   0.239,correlated_pymatching,fc34ebb7e95f39002e0450c43b4010e8487a8bf69020c41441c163f361e16caa,"{""d"":7,""p"":0.00021544346900318845,""r"":7}",
      2048,         0,         0,   0.248,correlated_pymatching,f78701dabc92d935ad4f13d4b82879787b139ab0efba2a7ff15a1f63c045c687,"{""d"":7,""p"":0.00046415888336127773,""r"":7}",
      2048,         0,         0,   0.253,correlated_pymatching,f78701dabc92d935ad4f13d4b82879787b139ab0efba2a7ff15a1f63c045c687,"{""d"":7,""p"":0.00046415888336127773,""r"":7}",
      2048,         0,         0,   0.255,correlated_pymatching,f78701dabc92d935ad4f13d4b82879787b139ab0efba2a7ff15a1f63c045c687,"{""d"":7,""p"":0.00046415888336127773,""r"":7}",
      2048,         0,         0,   0.258,correlated_pymatching,f78701dabc92d935ad4f13d4b82879787b139ab0efba2a7ff15a1f63c045c687,"{""d"":7,""p"":0.00046415888336127773,""r"":7}",
      2048,         0,         0,   0.260,correlated_pymatching,f78701dabc92d935ad4f13d4b82879787b139ab0efba2a7ff15a1f63c045c687,"{""d"":7,""p"":0.00046415888336127773,""r"":7}",
      2048,         0,         0,   0.262,correlated_pymatching,f78701dabc92d935ad4f13d4b82879787b139ab0efba2a7ff15a1f63c045c687,"{""d"":7,""p"":0.00046415888336127773,""r"":7}",
     39029,         0,         0,    4.37,correlated_pymatching,fc34ebb7e95f39002e0450c43b4010e8487a8bf69020c41441c163f361e16caa,"{""d"":7,""p"":0.00021544346900318845,""r"":7}",
     34816,         0,         0,    4.01,correlated_pymatching,fc34ebb7e95f39002e0450c43b4010e8487a8bf69020c41441c163f361e16caa,"{""d"":7,""p"":0.00021544346900318845,""r"":7}",
      2048,         0,         0,   0.227,correlated_pymatching,fc34ebb7e95f39002e0450c43b4010e8487a8bf69020c41441c163f361e16caa,"{""d"":7,""p"":0.00021544346900318845,""r"":7}",
      2048,         0,         0,   0.226,correlated_pymatching,fc34ebb7e95f39002e0450c43b4010e8487a8bf69020c41441c163f361e16caa,"{""d"":7,""p"":0.00021544346900318845,""r"":7}",
      2048,         0,         0,   0.225,correlated_pymatching,fc34ebb7e95f39002e0450c43b4010e8487a8bf69020c41441c163f361e16caa,"{""d"":7,""p"":0.00021544346900318845,""r"":7}",
      2048,         0,         0,   0.241,correlated_pymatching,fc34ebb7e95f39002e0450c43b4010e8487a8bf69020c41441c163f361e16caa,"{""d"":7,""p"":0.00021544346900318845,""r"":7}",
     35840,         0,         0,    4.16,correlated_pymatching,fc34ebb7e95f39002e0450c43b4010e8487a8bf69020c41441c163f361e16caa,"{""d"":7,""p"":0.00021544346900318845,""r"":7}",
      2048,         0,         0,   0.271,correlated_pymatching,fc34ebb7e95f39002e0450c43b4010e8487a8bf69020c41441c163f361e16caa,"{""d"":7,""p"":0.00021544346900318845,""r"":7}",
       141,         0,         0,   0.105,correlated_pymatching,fc34ebb7e95f39002e0450c43b4010e8487a8bf69020c41441c163f361e16caa,"{""d"":7,""p"":0.00021544346900318845,""r"":7}",
      2048,         0,         0,   0.247,correlated_pymatching,f78701dabc92d935ad4f13d4b82879787b139ab0efba2a7ff15a1f63c045c687,"{""d"":7,""p"":0.00046415888336127773,""r"":7}",
      2048,         0,         0,   0.252,correlated_pymatching,f78701dabc92d935ad4f13d4b82879787b139ab0efba2a7ff15a1f63c045c687,"{""d"":7,""p"":0.00046415888336127773,""r"":7}",
      2048,         0,         0,   0.255,correlated_pymatching,f78701dabc92d935ad4f13d4b82879787b139ab0efba2a7ff15a1f63c045c687,"{""d"":7,""p"":0.00046415888336127773,""r"":7}",
      2048,         0,         0,   0.260,correlated_pymatching,f78701dabc92d935ad4f13d4b82879787b139ab0efba2a7ff15a1f63c045c687,"{""d"":7,""p"":0.00046415888336127773,""r"":7}",
      2048,         0,         0,   0.261,correlated_pymatching,f78701dabc92d935ad4f13d4b82879787b139ab0efba2a7ff15a1f63c045c687,"{""d"":7,""p"":0.00046415888336127773,""r"":7}",
      2048,         0,         0,   0.263,correlated_pymatching,f78701dabc92d935ad4f13d4b82879787b139ab0efba2a7ff15a1f63c045c687,"{""d"":7,""p"":0.00046415888336127773,""r"":7}",
     14394,         0,         0,    1.68,correlated_pymatching,fc34ebb7e95f39002e0450c43b4010e8487a8bf69020c41441c163f361e16caa,"{""d"":7,""p"":0.00021544346900318845,""r"":7}",
      3072,         0,         0,   0.343,correlated_pymatching,fc34ebb7e95f39002e0450c43b4010e8487a8bf69020c41441c163f361e16caa,"{""d"":7,""p"":0.00021544346900318845,""r"":7}",
      3072,         0,         0,   0.342,correlated_pymatching,fc34ebb7e95f39002e0450c43b4010e8487a8bf69020c41441c163f361e16caa,"{""d"":7,""p"":0.00021544346900318845,""r"":7}",
      3072,         0,         0,   0.385,correlated_pymatching,fc34ebb7e95f39002e0450c43b4010e8487a8bf69020c41441c163f361e16caa,"{""d"":7,""p"":0.00021544346900318845,""r"":7}",
     14336,         0,         0,    1.68,correlated_pymatching,fc34ebb7e95f39002e0450c43b4010e8487a8bf69020c41441c163f361e16caa,"{""d"":7,""p"":0.00021544346900318845,""r"":7}",
     18432,         0,         0,    2.16,correlated_pymatching,fc34ebb7e95f39002e0450c43b4010e8487a8bf69020c41441c163f361e16caa,"{""d"":7,""p"":0.00021544346900318845,""r"":7}",
     15360,         0,         0,    1.71,correlated_pymatching,fc34ebb7e95f39002e0450c43b4010e8487a8bf69020c41441c163f361e16caa,"{""d"":7,""p"":0.00021544346900318845,""r"":7}",
     15228,         0,         0,    1.79,correlated_pymatching,fc34ebb7e95f39002e0450c43b4010e8487a8bf69020c41441c163f361e16caa,"{""d"":7,""p"":0.00021544346900318845,""r"":7}",
     15360,         0,         0,    1.79,correlated_pymatching,fc34ebb7e95f39002e0450c43b4010e8487a8bf69020c41441c163f361e16caa,"{""d"":7,""p"":0.00021544346900318845,""r"":7}",
      3072,         0,         0,   0.359,correlated_pymatching,fc34ebb7e95f39002e0450c43b4010e8487a8bf69020c41441c163f361e16caa,"{""d"":7,""p"":0.00021544346900318845,""r"":7}",
     15360,         0,         0,    1.69,correlated_pymatching,fc34ebb7e95f39002e0450c43b4010e8487a8bf69020c41441c163f361e16caa,"{""d"":7,""p"":0.00021544346900318845,""r"":7}",
      3072,         0,         0,   0.357,correlated_pymatching,fc34ebb7e95f39002e0450c43b4010e8487a8bf69020c41441c163f361e16caa,"{""d"":7,""p"":0.00021544346900318845,""r"":7}",
      3072,         0,         0,   0.372,correlated_pymatching,f78701dabc92d935ad4f13d4b82879787b139ab0efba2a7ff15a1f63c045c687,"{""d"":7,""p"":0.00046415888336127773,""r"":7}",
      3072,         0,         0,   0.380,correlated_pymatching,f78701dabc92d935ad4f13d4b82879787b139ab0efba2a7ff15a1f63c045c687,"{""d"":7,""p"":0.00046415888336127773,""r"":7}",
      3072,         0,         0,   0.383,correlated_pymatching,f78701dabc92d935ad4f13d4b82879787b139ab0efba2a7ff15a1f63c045c687,"{""d"":7,""p"":0.00046415888336127773,""r"":7}",
     13959,         0,         0,    1.72,correlated_pymatching,fc34ebb7e95f39002e0450c43b4010e8487a8bf69020c41441c163f361e16caa,"{""d"":7,""p"":0.00021544346900318845,""r"":7}",
      3072,         0,         0,   0.391,correlated_pymatching,f78701dabc92d935ad4f13d4b82879787b139ab0efba2a7ff15a1f63c045c687,"{""d"":7,""p"":0.00046415888336127773,""r"":7}",
      3189,         0,         0,   0.469,correlated_pymatching,fc34ebb7e95f39002e0450c43b4010e8487a8bf69020c41441c163f361e16caa,"{""d"":7,""p"":0.00021544346900318845,""r"":7}",
      3072,         0,         0,   0.395,correlated_pymatching,f78701dabc92d935ad4f13d4b82879787b139ab0efba2a7ff15a1f63c045c687,"{""d"":7,""p"":0.00046415888336127773,""r"":7}",
      3072,         0,         0,   0.395,correlated_pymatching,f78701dabc92d935ad4f13d4b82879787b139ab0efba2a7ff15a1f63c045c687,"{""d"":7,""p"":0.00046415888336127773,""r"":7}",
      6247,         0,         0,   0.820,correlated_pymatching,fc34ebb7e95f39002e0450c43b4010e8487a8bf69020c41441c163f361e16caa,"{""d"":7,""p"":0.00021544346900318845,""r"":7}",
      4096,         0,         0,   0.452,correlated_pymatching,fc34ebb7e95f39002e0450c43b4010e8487a8bf69020c41441c163f361e16caa,"{""d"":7,""p"":0.00021544346900318845,""r"":7}",
      4096,         0,         0,   0.455,correlated_pymatching,fc34ebb7e95f39002e0450c43b4010e8487a8bf69020c41441c163f361e16caa,"{""d"":7,""p"":0.00021544346900318845,""r"":7}",
      4096,         0,         0,   0.461,correlated_pymatching,fc34ebb7e95f39002e0450c43b4010e8487a8bf69020c41441c163f361e16caa,"{""d"":7,""p"":0.00021544346900318845,""r"":7}",
      6247,         0,         0,   0.773,correlated_pymatching,fc34ebb7e95f39002e0450c43b4010e8487a8bf69020c41441c163f361e16caa,"{""d"":7,""p"":0.00021544346900318845,""r"":7}",
     53214,         0,         0,    6.71,correlated_pymatching,f78701dabc92d935ad4f13d4b82879787b139ab0efba2a7ff15a1f63c045c687,"{""d"":7,""p"":0.00046415888336127773,""r"":7}",
      4096,         0,         0,   0.475,correlated_pymatching,fc34ebb7e95f39002e0450c43b4010e8487a8bf69020c41441c163f361e16caa,"{""d"":7,""p"":0.00021544346900318845,""r"":7}",
       780,         0,         0,   0.115,correlated_pymatching,fc34ebb7e95f39002e0450c43b4010e8487a8bf69020c41441c163f361e16caa,"{""d"":7,""p"":0.00021544346900318845,""r"":7}",
      4096,         0,         0,   0.478,correlated_pymatching,fc34ebb7e95f39002e0450c43b4010e8487a8bf69020c41441c163f361e16caa,"{""d"":7,""p"":0.00021544346900318845,""r"":7}",
      5120,         0,         0,   0.568,correlated_pymatching,fc34ebb7e95f39002e0450c43b4010e8487a8bf69020c41441c163f361e16caa,"{""d"":7,""p"":0.00021544346900318845,""r"":7}",
     52224,         0,         0,    6.31,correlated_pymatching,f78701dabc92d935ad4f13d4b82879787b139ab0efba2a7ff15a1f63c045c687,"{""d"":7,""p"":0.00046415888336127773,""r"":7}",
     53248,         0,         0,    6.75,correlated_pymatching,f78701dabc92d935ad4f13d4b82879787b139ab0efba2a7ff15a1f63c045c687,"{""d"":7,""p"":0.00046415888336127773,""r"":7}",
      5120,         0,         0,   0.578,correlated_pymatching,fc34ebb7e95f39002e0450c43b4010e8487a8bf69020c41441c163f361e16caa,"{""d"":7,""p"":0.00021544346900318845,""r"":7}",
      4096,         0,         0,   0.500,correlated_pymatching,f78701dabc92d935ad4f13d4b82879787b139ab0efba2a7ff15a1f63c045c687,"{""d"":7,""p"":0.00046415888336127773,""r"":7}",
      4499,         0,         0,   0.556,correlated_pymatching,fc34ebb7e95f39002e0450c43b4010e8487a8bf69020c41441c163f361e16caa,"{""d"":7,""p"":0.00021544346900318845,""r"":7}",
      5120,         0,         0,   0.597,correlated_pymatching,fc34ebb7e95f39002e0450c43b4010e8487a8bf69020c41441c163f361e16caa,"{""d"":7,""p"":0.00021544346900318845,""r"":7}",
       390,         0,         0,   0.111,correlated_pymatching,fc34ebb7e95f39002e0450c43b4010e8487a8bf69020c41441c163f361e16caa,"{""d"":7,""p"":0.00021544346900318845,""r"":7}",
      4096,         0,         0,   0.505,correlated_pymatching,f78701dabc92d935ad4f13d4b82879787b139ab0efba2a7ff15a1f63c045c687,"{""d"":7,""p"":0.00046415888336127773,""r"":7}",
      4499,         0,         0,   0.594,correlated_pymatching,fc34ebb7e95f39002e0450c43b4010e8487a8bf69020c41441c163f361e16caa,"{""d"":7,""p"":0.00021544346900318845,""r"":7}",
      5120,         0,         0,   0.598,correlated_pymatching,fc34ebb7e95f39002e0450c43b4010e8487a8bf69020c41441c163f361e16caa,"{""d"":7,""p"":0.00021544346900318845,""r"":7}",
      4499,         0,         0,   0.601,correlated_pymatching,fc34ebb7e95f39002e0450c43b4010e8487a8bf69020c41441c163f361e16caa,"{""d"":7,""p"":0.00021544346900318845,""r"":7}",
       403,         0,         0,   0.108,correlated_pymatching,fc34ebb7e95f39002e0450c43b4010e8487a8bf69020c41441c163f361e16caa,"{""d"":7,""p"":0.00021544346900318845,""r"":7}",
      4096,         0,         0,   0.487,correlated_pymatching,fc34ebb7e95f39002e0450c43b4010e8487a8bf69020c41441c163f361e16caa,"{""d"":7,""p"":0.00021544346900318845,""r"":7}",
      4096,         0,         0,   0.514,correlated_pymatching,f78701dabc92d935ad4f13d4b82879787b139ab0efba2a7ff15a1f63c045c687,"{""d"":7,""p"":0.00046415888336127773,""r"":7}",
      4096,         0,         0,   0.483,correlated_pymatching,fc34ebb7e95f39002e0450c43b4010e8487a8bf69020c41441c163f361e16caa,"{""d"":7,""p"":0.00021544346900318845,""r"":7}",
      4096,         0,         0,   0.523,correlated_pymatching,f78701dabc92d935ad4f13d4b82879787b139ab0efba2a7ff15a1f63c045c687,"{""d"":7,""p"":0.00046415888336127773,""r"":7}",
      4096,         0,         0,   0.519,correlated_pymatching,f78701dabc92d935ad4f13d4b82879787b139ab0efba2a7ff15a1f63c045c687,"{""d"":7,""p"":0.00046415888336127773,""r"":7}",
       359,         0,         0,   0.103,correlated_pymatching,fc34ebb7e95f39002e0450c43b4010e8487a8bf69020c41441c163f361e16caa,"{""d"":7,""p"":0.00021544346900318845,""r"":7}",
       537,         0,         0,   0.114,correlated_pymatching,fc34ebb7e95f39002e0450c43b4010e8487a8bf69020c41441c163f361e16caa,"{""d"":7,""p"":0.00021544346900318845,""r"":7}",
      4096,         0,         0,   0.519,correlated_pymatching,f78701dabc92d935ad4f13d4b82879787b139ab0efba2a7ff15a1f63c045c687,"{""d"":7,""p"":0.00046415888336127773,""r"":7}",
       537,         0,         0,   0.117,correlated_pymatching,fc34ebb7e95f39002e0450c43b4010e8487a8bf69020c41441c163f361e16caa,"{""d"":7,""p"":0.00021544346900318845,""r"":7}",
         9,         0,         0,   0.103,correlated_pymatching,fc34ebb7e95f39002e0450c43b4010e8487a8bf69020c41441c163f361e16caa,"{""d"":7,""p"":0.00021544346900318845,""r"":7}",
      2071,         0,         0,   0.316,correlated_pymatching,fc34ebb7e95f39002e0450c43b4010e8487a8bf69020c41441c163f361e16caa,"{""d"":7,""p"":0.00021544346900318845,""r"":7}",
      2071,         0,         0,   0.320,correlated_pymatching,fc34ebb7e95f39002e0450c43b4010e8487a8bf69020c41441c163f361e16caa,"{""d"":7,""p"":0.00021544346900318845,""r"":7}",
        22,         0,         0,   0.109,correlated_pymatching,fc34ebb7e95f39002e0450c43b4010e8487a8bf69020c41441c163f361e16caa,"{""d"":7,""p"":0.00021544346900318845,""r"":7}",
       537,         0,         0,   0.118,correlated_pymatching,fc34ebb7e95f39002e0450c43b4010e8487a8bf69020c41441c163f361e16caa,"{""d"":7,""p"":0.00021544346900318845,""r"":7}",
        52,         0,         0,   0.111,correlated_pymatching,fc34ebb7e95f39002e0450c43b4010e8487a8bf69020c41441c163f361e16caa,"{""d"":7,""p"":0.00021544346900318845,""r"":7}",
      2048,         0,         0,   0.238,correlated_pymatching,fc34ebb7e95f39002e0450c43b4010e8487a8bf69020c41441c163f361e16caa,"{""d"":7,""p"":0.00021544346900318845,""r"":7}",
      2071,         0,         0,   0.321,correlated_pymatching,fc34ebb7e95f39002e0450c43b4010e8487a8bf69020c41441c163f361e16caa,"{""d"":7,""p"":0.00021544346900318845,""r"":7}",
       403,         0,         0,   0.109,correlated_pymatching,fc34ebb7e95f39002e0450c43b4010e8487a8bf69020c41441c163f361e16caa,"{""d"":7,""p"":0.00021544346900318845,""r"":7}",
        14,         0,         0,   0.103,correlated_pymatching,fc34ebb7e95f39002e0450c43b4010e8487a8bf69020c41441c163f361e16caa,"{""d"":7,""p"":0.00021544346900318845,""r"":7}",
      1765,         0,         0,   0.222,correlated_pymatching,fc34ebb7e95f39002e0450c43b4010e8487a8bf69020c41441c163f361e16caa,"{""d"":7,""p"":0.00021544346900318845,""r"":7}",
       137,         0,         0,   0.099,correlated_pymatching,fc34ebb7e95f39002e0450c43b4010e8487a8bf69020c41441c163f361e16caa,"{""d"":7,""p"":0.00021544346900318845,""r"":7}",
       160,         0,         0,   0.105,correlated_pymatching,fc34ebb7e95f39002e0450c43b4010e8487a8bf69020c41441c163f361e16caa,"{""d"":7,""p"":0.00021544346900318845,""r"":7}",
       343,         0,         0,   0.101,correlated_pymatching,fc34ebb7e95f39002e0450c43b4010e8487a8bf69020c41441c163f361e16caa,"{""d"":7,""p"":0.00021544346900318845,""r"":7}",
        80,         0,         0,   0.104,correlated_pymatching,fc34ebb7e95f39002e0450c43b4010e8487a8bf69020c41441c163f361e16caa,"{""d"":7,""p"":0.00021544346900318845,""r"":7}",
      1765,         0,         0,   0.234,correlated_pymatching,fc34ebb7e95f39002e0450c43b4010e8487a8bf69020c41441c163f361e16caa,"{""d"":7,""p"":0.00021544346900318845,""r"":7}",
      2391,         0,         0,   0.372,correlated_pymatching,fc34ebb7e95f39002e0450c43b4010e8487a8bf69020c41441c163f361e16caa,"{""d"":7,""p"":0.00021544346900318845,""r"":7}",
       529,         0,         0,   0.120,correlated_pymatching,fc34ebb7e95f39002e0450c43b4010e8487a8bf69020c41441c163f361e16caa,"{""d"":7,""p"":0.00021544346900318845,""r"":7}",
        18,         0,         0,   0.102,correlated_pymatching,fc34ebb7e95f39002e0450c43b4010e8487a8bf69020c41441c163f361e16caa,"{""d"":7,""p"":0.00021544346900318845,""r"":7}",
      1230,         0,         0,   0.239,correlated_pymatching,fc34ebb7e95f39002e0450c43b4010e8487a8bf69020c41441c163f361e16caa,"{""d"":7,""p"":0.00021544346900318845,""r"":7}",
       608,         0,         0,   0.118,correlated_pymatching,fc34ebb7e95f39002e0450c43b4010e8487a8bf69020c41441c163f361e16caa,"{""d"":7,""p"":0.00021544346900318845,""r"":7}",
       279,         0,         0,   0.110,correlated_pymatching,fc34ebb7e95f39002e0450c43b4010e8487a8bf69020c41441c163f361e16caa,"{""d"":7,""p"":0.00021544346900318845,""r"":7}",
     39936,         0,         0,    5.11,correlated_pymatching,f78701dabc92d935ad4f13d4b82879787b139ab0efba2a7ff15a1f63c045c687,"{""d"":7,""p"":0.00046415888336127773,""r"":7}",
     21504,         0,         0,    2.63,correlated_pymatching,f78701dabc92d935ad4f13d4b82879787b139ab0efba2a7ff15a1f63c045c687,"{""d"":7,""p"":0.00046415888336127773,""r"":7}",
     41984,         1,         0,    5.31,correlated_pymatching,f78701dabc92d935ad4f13d4b82879787b139ab0efba2a7ff15a1f63c045c687,"{""d"":7,""p"":0.00046415888336127773,""r"":7}","{""obs_mistake_mask=E"":1}"
     21504,         1,         0,    2.73,correlated_pymatching,f78701dabc92d935ad4f13d4b82879787b139ab0efba2a7ff15a1f63c045c687,"{""d"":7,""p"":0.00046415888336127773,""r"":7}","{""obs_mistake_mask=E"":1}"
     45056,         2,         0,    5.68,correlated_pymatching,f78701dabc92d935ad4f13d4b82879787b139ab0efba2a7ff15a1f63c045c687,"{""d"":7,""p"":0.00046415888336127773,""r"":7}","{""obs_mistake_mask=E"":2}"
     21504,         0,         0,    2.76,correlated_pymatching,f78701dabc92d935ad4f13d4b82879787b139ab0efba2a7ff15a1f63c045c687,"{""d"":7,""p"":0.00046415888336127773,""r"":7}",
     22528,         0,         0,    2.71,correlated_pymatching,f78701dabc92d935ad4f13d4b82879787b139ab0efba2a7ff15a1f63c045c687,"{""d"":7,""p"":0.00046415888336127773,""r"":7}",
       864,         0,         0,   0.129,correlated_pymatching,f78701dabc92d935ad4f13d4b82879787b139ab0efba2a7ff15a1f63c045c687,"{""d"":7,""p"":0.00046415888336127773,""r"":7}",
         1,         0,         0,   0.100,correlated_pymatching,f78701dabc92d935ad4f13d4b82879787b139ab0efba2a7ff15a1f63c045c687,"{""d"":7,""p"":0.00046415888336127773,""r"":7}",
         1,         0,         0,   0.095,correlated_pymatching,f78701dabc92d935ad4f13d4b82879787b139ab0efba2a7ff15a1f63c045c687,"{""d"":7,""p"":0.00046415888336127773,""r"":7}",
         1,         0,         0,   0.102,correlated_pymatching,f78701dabc92d935ad4f13d4b82879787b139ab0efba2a7ff15a1f63c045c687,"{""d"":7,""p"":0.00046415888336127773,""r"":7}",
         1,         0,         0,   0.102,correlated_pymatching,f78701dabc92d935ad4f13d4b82879787b139ab0efba2a7ff15a1f63c045c687,"{""d"":7,""p"":0.00046415888336127773,""r"":7}",
         1,         0,         0,   0.101,correlated_pymatching,f78701dabc92d935ad4f13d4b82879787b139ab0efba2a7ff15a1f63c045c687,"{""d"":7,""p"":0.00046415888336127773,""r"":7}",
         1,         0,         0,   0.105,correlated_pymatching,f78701dabc92d935ad4f13d4b82879787b139ab0efba2a7ff15a1f63c045c687,"{""d"":7,""p"":0.00046415888336127773,""r"":7}",
         1,         0,         0,   0.102,correlated_pymatching,f78701dabc92d935ad4f13d4b82879787b139ab0efba2a7ff15a1f63c045c687,"{""d"":7,""p"":0.00046415888336127773,""r"":7}",
         1,         0,         0,   0.104,correlated_pymatching,f78701dabc92d935ad4f13d4b82879787b139ab0efba2a7ff15a1f63c045c687,"{""d"":7,""p"":0.00046415888336127773,""r"":7}",
         1,         0,         0,   0.097,correlated_pymatching,f78701dabc92d935ad4f13d4b82879787b139ab0efba2a7ff15a1f63c045c687,"{""d"":7,""p"":0.00046415888336127773,""r"":7}",
         1,         0,         0,   0.099,correlated_pymatching,f78701dabc92d935ad4f13d4b82879787b139ab0efba2a7ff15a1f63c045c687,"{""d"":7,""p"":0.00046415888336127773,""r"":7}",
         1,         0,         0,   0.100,correlated_pymatching,f78701dabc92d935ad4f13d4b82879787b139ab0efba2a7ff15a1f63c045c687,"{""d"":7,""p"":0.00046415888336127773,""r"":7}",
         1,         0,         0,   0.098,correlated_pymatching,f78701dabc92d935ad4f13d4b82879787b139ab0efba2a7ff15a1f63c045c687,"{""d"":7,""p"":0.00046415888336127773,""r"":7}",
         1,         0,         0,   0.100,correlated_pymatching,f78701dabc92d935ad4f13d4b82879787b139ab0efba2a7ff15a1f63c045c687,"{""d"":7,""p"":0.00046415888336127773,""r"":7}",
         1,         0,         0,   0.103,correlated_pymatching,f78701dabc92d935ad4f13d4b82879787b139ab0efba2a7ff15a1f63c045c687,"{""d"":7,""p"":0.00046415888336127773,""r"":7}",
      5120,         0,         0,   0.611,correlated_pymatching,f78701dabc92d935ad4f13d4b82879787b139ab0efba2a7ff15a1f63c045c687,"{""d"":7,""p"":0.00046415888336127773,""r"":7}",
         1,         0,         0,   0.100,correlated_pymatching,f78701dabc92d935ad4f13d4b82879787b139ab0efba2a7ff15a1f63c045c687,"{""d"":7,""p"":0.00046415888336127773,""r"":7}",
         1,         0,         0,   0.098,correlated_pymatching,f78701dabc92d935ad4f13d4b82879787b139ab0efba2a7ff15a1f63c045c687,"{""d"":7,""p"":0.00046415888336127773,""r"":7}",
      5120,         0,         0,   0.618,correlated_pymatching,f78701dabc92d935ad4f13d4b82879787b139ab0efba2a7ff15a1f63c045c687,"{""d"":7,""p"":0.00046415888336127773,""r"":7}",
         4,         0,         0,   0.101,correlated_pymatching,f78701dabc92d935ad4f13d4b82879787b139ab0efba2a7ff15a1f63c045c687,"{""d"":7,""p"":0.00046415888336127773,""r"":7}",
         4,         0,         0,   0.094,correlated_pymatching,f78701dabc92d935ad4f13d4b82879787b139ab0efba2a7ff15a1f63c045c687,"{""d"":7,""p"":0.00046415888336127773,""r"":7}",
         4,         0,         0,   0.103,correlated_pymatching,f78701dabc92d935ad4f13d4b82879787b139ab0efba2a7ff15a1f63c045c687,"{""d"":7,""p"":0.00046415888336127773,""r"":7}",
         4,         0,         0,   0.103,correlated_pymatching,f78701dabc92d935ad4f13d4b82879787b139ab0efba2a7ff15a1f63c045c687,"{""d"":7,""p"":0.00046415888336127773,""r"":7}",
         4,         0,         0,   0.102,correlated_pymatching,f78701dabc92d935ad4f13d4b82879787b139ab0efba2a7ff15a1f63c045c687,"{""d"":7,""p"":0.00046415888336127773,""r"":7}",
         4,         0,         0,   0.097,correlated_pymatching,f78701dabc92d935ad4f13d4b82879787b139ab0efba2a7ff15a1f63c045c687,"{""d"":7,""p"":0.00046415888336127773,""r"":7}",
         4,         0,         0,   0.102,correlated_pymatching,f78701dabc92d935ad4f13d4b82879787b139ab0efba2a7ff15a1f63c045c687,"{""d"":7,""p"":0.00046415888336127773,""r"":7}",
         4,         0,         0,   0.103,correlated_pymatching,f78701dabc92d935ad4f13d4b82879787b139ab0efba2a7ff15a1f63c045c687,"{""d"":7,""p"":0.00046415888336127773,""r"":7}",
         4,         0,         0,   0.108,correlated_pymatching,f78701dabc92d935ad4f13d4b82879787b139ab0efba2a7ff15a1f63c045c687,"{""d"":7,""p"":0.00046415888336127773,""r"":7}",
         4,         0,         0,   0.098,correlated_pymatching,f78701dabc92d935ad4f13d4b82879787b139ab0efba2a7ff15a1f63c045c687,"{""d"":7,""p"":0.00046415888336127773,""r"":7}",
         4,         0,         0,   0.099,correlated_pymatching,f78701dabc92d935ad4f13d4b82879787b139ab0efba2a7ff15a1f63c045c687,"{""d"":7,""p"":0.00046415888336127773,""r"":7}",
      5120,         0,         0,   0.642,correlated_pymatching,f78701dabc92d935ad4f13d4b82879787b139ab0efba2a7ff15a1f63c045c687,"{""d"":7,""p"":0.00046415888336127773,""r"":7}",
         4,         0,         0,   0.099,correlated_pymatching,f78701dabc92d935ad4f13d4b82879787b139ab0efba2a7ff15a1f63c045c687,"{""d"":7,""p"":0.00046415888336127773,""r"":7}",
         4,         0,         0,   0.098,correlated_pymatching,f78701dabc92d935ad4f13d4b82879787b139ab0efba2a7ff15a1f63c045c687,"{""d"":7,""p"":0.00046415888336127773,""r"":7}",
         4,         0,         0,   0.101,correlated_pymatching,f78701dabc92d935ad4f13d4b82879787b139ab0efba2a7ff15a1f63c045c687,"{""d"":7,""p"":0.00046415888336127773,""r"":7}",
         4,         0,         0,   0.101,correlated_pymatching,f78701dabc92d935ad4f13d4b82879787b139ab0efba2a7ff15a1f63c045c687,"{""d"":7,""p"":0.00046415888336127773,""r"":7}",
         4,         0,         0,   0.098,correlated_pymatching,f78701dabc92d935ad4f13d4b82879787b139ab0efba2a7ff15a1f63c045c687,"{""d"":7,""p"":0.00046415888336127773,""r"":7}",
      5120,         0,         0,   0.641,correlated_pymatching,f78701dabc92d935ad4f13d4b82879787b139ab0efba2a7ff15a1f63c045c687,"{""d"":7,""p"":0.00046415888336127773,""r"":7}",
      5120,         0,         0,   0.639,correlated_pymatching,f78701dabc92d935ad4f13d4b82879787b139ab0efba2a7ff15a1f63c045c687,"{""d"":7,""p"":0.00046415888336127773,""r"":7}",
      5120,         0,         0,   0.635,correlated_pymatching,f78701dabc92d935ad4f13d4b82879787b139ab0efba2a7ff15a1f63c045c687,"{""d"":7,""p"":0.00046415888336127773,""r"":7}",
        16,         0,         0,   0.095,correlated_pymatching,f78701dabc92d935ad4f13d4b82879787b139ab0efba2a7ff15a1f63c045c687,"{""d"":7,""p"":0.00046415888336127773,""r"":7}",
        16,         0,         0,   0.102,correlated_pymatching,f78701dabc92d935ad4f13d4b82879787b139ab0efba2a7ff15a1f63c045c687,"{""d"":7,""p"":0.00046415888336127773,""r"":7}",
        16,         0,         0,   0.105,correlated_pymatching,f78701dabc92d935ad4f13d4b82879787b139ab0efba2a7ff15a1f63c045c687,"{""d"":7,""p"":0.00046415888336127773,""r"":7}",
        16,         0,         0,   0.104,correlated_pymatching,f78701dabc92d935ad4f13d4b82879787b139ab0efba2a7ff15a1f63c045c687,"{""d"":7,""p"":0.00046415888336127773,""r"":7}",
        16,         0,         0,   0.096,correlated_pymatching,f78701dabc92d935ad4f13d4b82879787b139ab0efba2a7ff15a1f63c045c687,"{""d"":7,""p"":0.00046415888336127773,""r"":7}",
        16,         0,         0,   0.103,correlated_pymatching,f78701dabc92d935ad4f13d4b82879787b139ab0efba2a7ff15a1f63c045c687,"{""d"":7,""p"":0.00046415888336127773,""r"":7}",
        16,         0,         0,   0.098,correlated_pymatching,f78701dabc92d935ad4f13d4b82879787b139ab0efba2a7ff15a1f63c045c687,"{""d"":7,""p"":0.00046415888336127773,""r"":7}",
        16,         0,         0,   0.098,correlated_pymatching,f78701dabc92d935ad4f13d4b82879787b139ab0efba2a7ff15a1f63c045c687,"{""d"":7,""p"":0.00046415888336127773,""r"":7}",
        16,         0,         0,   0.103,correlated_pymatching,f78701dabc92d935ad4f13d4b82879787b139ab0efba2a7ff15a1f63c045c687,"{""d"":7,""p"":0.00046415888336127773,""r"":7}",
        16,         0,         0,   0.104,correlated_pymatching,f78701dabc92d935ad4f13d4b82879787b139ab0efba2a7ff15a1f63c045c687,"{""d"":7,""p"":0.00046415888336127773,""r"":7}",
        16,         0,         0,   0.098,correlated_pymatching,f78701dabc92d935ad4f13d4b82879787b139ab0efba2a7ff15a1f63c045c687,"{""d"":7,""p"":0.00046415888336127773,""r"":7}",
        16,         0,         0,   0.109,correlated_pymatching,f78701dabc92d935ad4f13d4b82879787b139ab0efba2a7ff15a1f63c045c687,"{""d"":7,""p"":0.00046415888336127773,""r"":7}",
        16,         0,         0,   0.099,correlated_pymatching,f78701dabc92d935ad4f13d4b82879787b139ab0efba2a7ff15a1f63c045c687,"{""d"":7,""p"":0.00046415888336127773,""r"":7}",
        16,         0,         0,   0.098,correlated_pymatching,f78701dabc92d935ad4f13d4b82879787b139ab0efba2a7ff15a1f63c045c687,"{""d"":7,""p"":0.00046415888336127773,""r"":7}",
        16,         0,         0,   0.103,correlated_pymatching,f78701dabc92d935ad4f13d4b82879787b139ab0efba2a7ff15a1f63c045c687,"{""d"":7,""p"":0.00046415888336127773,""r"":7}",
        16,         0,         0,   0.104,correlated_pymatching,f78701dabc92d935ad4f13d4b82879787b139ab0efba2a7ff15a1f63c045c687,"{""d"":7,""p"":0.00046415888336127773,""r"":7}",
        64,         0,         0,   0.097,correlated_pymatching,f78701dabc92d935ad4f13d4b82879787b139ab0efba2a7ff15a1f63c045c687,"{""d"":7,""p"":0.00046415888336127773,""r"":7}",
        64,         0,         0,   0.102,correlated_pymatching,f78701dabc92d935ad4f13d4b82879787b139ab0efba2a7ff15a1f63c045c687,"{""d"":7,""p"":0.00046415888336127773,""r"":7}",
        64,         0,         0,   0.099,correlated_pymatching,f78701dabc92d935ad4f13d4b82879787b139ab0efba2a7ff15a1f63c045c687,"{""d"":7,""p"":0.00046415888336127773,""r"":7}",
        64,         0,         0,   0.105,correlated_pymatching,f78701dabc92d935ad4f13d4b82879787b139ab0efba2a7ff15a1f63c045c687,"{""d"":7,""p"":0.00046415888336127773,""r"":7}",
        64,         0,         0,   0.105,correlated_pymatching,f78701dabc92d935ad4f13d4b82879787b139ab0efba2a7ff15a1f63c045c687,"{""d"":7,""p"":0.00046415888336127773,""r"":7}",
        64,         0,         0,   0.106,correlated_pymatching,f78701dabc92d935ad4f13d4b82879787b139ab0efba2a7ff15a1f63c045c687,"{""d"":7,""p"":0.00046415888336127773,""r"":7}",
        64,         0,         0,   0.101,correlated_pymatching,f78701dabc92d935ad4f13d4b82879787b139ab0efba2a7ff15a1f63c045c687,"{""d"":7,""p"":0.00046415888336127773,""r"":7}",
        64,         0,         0,   0.101,correlated_pymatching,f78701dabc92d935ad4f13d4b82879787b139ab0efba2a7ff15a1f63c045c687,"{""d"":7,""p"":0.00046415888336127773,""r"":7}",
        64,         0,         0,   0.101,correlated_pymatching,f78701dabc92d935ad4f13d4b82879787b139ab0efba2a7ff15a1f63c045c687,"{""d"":7,""p"":0.00046415888336127773,""r"":7}",
        64,         0,         0,   0.106,correlated_pymatching,f78701dabc92d935ad4f13d4b82879787b139ab0efba2a7ff15a1f63c045c687,"{""d"":7,""p"":0.00046415888336127773,""r"":7}",
        64,         0,         0,   0.106,correlated_pymatching,f78701dabc92d935ad4f13d4b82879787b139ab0efba2a7ff15a1f63c045c687,"{""d"":7,""p"":0.00046415888336127773,""r"":7}",
        64,         0,         0,   0.100,correlated_pymatching,f78701dabc92d935ad4f13d4b82879787b139ab0efba2a7ff15a1f63c045c687,"{""d"":7,""p"":0.00046415888336127773,""r"":7}",
        64,         0,         0,   0.100,correlated_pymatching,f78701dabc92d935ad4f13d4b82879787b139ab0efba2a7ff15a1f63c045c687,"{""d"":7,""p"":0.00046415888336127773,""r"":7}",
        64,         0,         0,   0.110,correlated_pymatching,f78701dabc92d935ad4f13d4b82879787b139ab0efba2a7ff15a1f63c045c687,"{""d"":7,""p"":0.00046415888336127773,""r"":7}",
        64,         0,         0,   0.106,correlated_pymatching,f78701dabc92d935ad4f13d4b82879787b139ab0efba2a7ff15a1f63c045c687,"{""d"":7,""p"":0.00046415888336127773,""r"":7}",
        64,         0,         0,   0.106,correlated_pymatching,f78701dabc92d935ad4f13d4b82879787b139ab0efba2a7ff15a1f63c045c687,"{""d"":7,""p"":0.00046415888336127773,""r"":7}",
       256,         0,         0,   0.103,correlated_pymatching,f78701dabc92d935ad4f13d4b82879787b139ab0efba2a7ff15a1f63c045c687,"{""d"":7,""p"":0.00046415888336127773,""r"":7}",
       256,         0,         0,   0.107,correlated_pymatching,f78701dabc92d935ad4f13d4b82879787b139ab0efba2a7ff15a1f63c045c687,"{""d"":7,""p"":0.00046415888336127773,""r"":7}",
       256,         0,         0,   0.105,correlated_pymatching,f78701dabc92d935ad4f13d4b82879787b139ab0efba2a7ff15a1f63c045c687,"{""d"":7,""p"":0.00046415888336127773,""r"":7}",
       256,         0,         0,   0.109,correlated_pymatching,f78701dabc92d935ad4f13d4b82879787b139ab0efba2a7ff15a1f63c045c687,"{""d"":7,""p"":0.00046415888336127773,""r"":7}",
       256,         0,         0,   0.109,correlated_pymatching,f78701dabc92d935ad4f13d4b82879787b139ab0efba2a7ff15a1f63c045c687,"{""d"":7,""p"":0.00046415888336127773,""r"":7}",
       256,         0,         0,   0.110,correlated_pymatching,f78701dabc92d935ad4f13d4b82879787b139ab0efba2a7ff15a1f63c045c687,"{""d"":7,""p"":0.00046415888336127773,""r"":7}",
       256,         0,         0,   0.107,correlated_pymatching,f78701dabc92d935ad4f13d4b82879787b139ab0efba2a7ff15a1f63c045c687,"{""d"":7,""p"":0.00046415888336127773,""r"":7}",
       256,         0,         0,   0.107,correlated_pymatching,f78701dabc92d935ad4f13d4b82879787b139ab0efba2a7ff15a1f63c045c687,"{""d"":7,""p"":0.00046415888336127773,""r"":7}",
       256,         0,         0,   0.106,correlated_pymatching,f78701dabc92d935ad4f13d4b82879787b139ab0efba2a7ff15a1f63c045c687,"{""d"":7,""p"":0.00046415888336127773,""r"":7}",
       256,         0,         0,   0.105,correlated_pymatching,f78701dabc92d935ad4f13d4b82879787b139ab0efba2a7ff15a1f63c045c687,"{""d"":7,""p"":0.00046415888336127773,""r"":7}",
       256,         0,         0,   0.106,correlated_pymatching,f78701dabc92d935ad4f13d4b82879787b139ab0efba2a7ff15a1f63c045c687,"{""d"":7,""p"":0.00046415888336127773,""r"":7}",
       256,         0,         0,   0.110,correlated_pymatching,f78701dabc92d935ad4f13d4b82879787b139ab0efba2a7ff15a1f63c045c687,"{""d"":7,""p"":0.00046415888336127773,""r"":7}",
       256,         0,         0,   0.111,correlated_pymatching,f78701dabc92d935ad4f13d4b82879787b139ab0efba2a7ff15a1f63c045c687,"{""d"":7,""p"":0.00046415888336127773,""r"":7}",
       256,         0,         0,   0.110,correlated_pymatching,f78701dabc92d935ad4f13d4b82879787b139ab0efba2a7ff15a1f63c045c687,"{""d"":7,""p"":0.00046415888336127773,""r"":7}",
       256,         0,         0,   0.111,correlated_pymatching,f78701dabc92d935ad4f13d4b82879787b139ab0efba2a7ff15a1f63c045c687,"{""d"":7,""p"":0.00046415888336127773,""r"":7}",
       256,         0,         0,   0.115,correlated_pymatching,f78701dabc92d935ad4f13d4b82879787b139ab0efba2a7ff15a1f63c045c687,"{""d"":7,""p"":0.00046415888336127773,""r"":7}",
      1024,         0,         0,   0.123,correlated_pymatching,f78701dabc92d935ad4f13d4b82879787b139ab0efba2a7ff15a1f63c045c687,"{""d"":7,""p"":0.00046415888336127773,""r"":7}",
      1024,         0,         0,   0.129,correlated_pymatching,f78701dabc92d935ad4f13d4b82879787b139ab0efba2a7ff15a1f63c045c687,"{""d"":7,""p"":0.00046415888336127773,""r"":7}",
      1024,         0,         0,   0.125,correlated_pymatching,f78701dabc92d935ad4f13d4b82879787b139ab0efba2a7ff15a1f63c045c687,"{""d"":7,""p"":0.00046415888336127773,""r"":7}",
      1024,         0,         0,   0.131,correlated_pymatching,f78701dabc92d935ad4f13d4b82879787b139ab0efba2a7ff15a1f63c045c687,"{""d"":7,""p"":0.00046415888336127773,""r"":7}",
      1024,         0,         0,   0.131,correlated_pymatching,f78701dabc92d935ad4f13d4b82879787b139ab0efba2a7ff15a1f63c045c687,"{""d"":7,""p"":0.00046415888336127773,""r"":7}",
      1024,         0,         0,   0.127,correlated_pymatching,f78701dabc92d935ad4f13d4b82879787b139ab0efba2a7ff15a1f63c045c687,"{""d"":7,""p"":0.00046415888336127773,""r"":7}",
      1024,         0,         0,   0.128,correlated_pymatching,f78701dabc92d935ad4f13d4b82879787b139ab0efba2a7ff15a1f63c045c687,"{""d"":7,""p"":0.00046415888336127773,""r"":7}",
      1024,         0,         0,   0.132,correlated_pymatching,f78701dabc92d935ad4f13d4b82879787b139ab0efba2a7ff15a1f63c045c687,"{""d"":7,""p"":0.00046415888336127773,""r"":7}",
      1024,         0,         0,   0.126,correlated_pymatching,f78701dabc92d935ad4f13d4b82879787b139ab0efba2a7ff15a1f63c045c687,"{""d"":7,""p"":0.00046415888336127773,""r"":7}",
      1024,         0,         0,   0.126,correlated_pymatching,f78701dabc92d935ad4f13d4b82879787b139ab0efba2a7ff15a1f63c045c687,"{""d"":7,""p"":0.00046415888336127773,""r"":7}",
      1024,         0,         0,   0.126,correlated_pymatching,f78701dabc92d935ad4f13d4b82879787b139ab0efba2a7ff15a1f63c045c687,"{""d"":7,""p"":0.00046415888336127773,""r"":7}",
      1024,         0,         0,   0.130,correlated_pymatching,f78701dabc92d935ad4f13d4b82879787b139ab0efba2a7ff15a1f63c045c687,"{""d"":7,""p"":0.00046415888336127773,""r"":7}",
      1024,         0,         0,   0.130,correlated_pymatching,f78701dabc92d935ad4f13d4b82879787b139ab0efba2a7ff15a1f63c045c687,"{""d"":7,""p"":0.00046415888336127773,""r"":7}",
      1024,         0,         0,   0.132,correlated_pymatching,f78701dabc92d935ad4f13d4b82879787b139ab0efba2a7ff15a1f63c045c687,"{""d"":7,""p"":0.00046415888336127773,""r"":7}",
      1024,         0,         0,   0.132,correlated_pymatching,f78701dabc92d935ad4f13d4b82879787b139ab0efba2a7ff15a1f63c045c687,"{""d"":7,""p"":0.00046415888336127773,""r"":7}",
      1024,         0,         0,   0.136,correlated_pymatching,f78701dabc92d935ad4f13d4b82879787b139ab0efba2a7ff15a1f63c045c687,"{""d"":7,""p"":0.00046415888336127773,""r"":7}",
      5984,         0,         0,   0.784,correlated_pymatching,f78701dabc92d935ad4f13d4b82879787b139ab0efba2a7ff15a1f63c045c687,"{""d"":7,""p"":0.00046415888336127773,""r"":7}",
      1024,         0,         0,   0.123,correlated_pymatching,f78701dabc92d935ad4f13d4b82879787b139ab0efba2a7ff15a1f63c045c687,"{""d"":7,""p"":0.00046415888336127773,""r"":7}",
      1024,         0,         0,   0.129,correlated_pymatching,f78701dabc92d935ad4f13d4b82879787b139ab0efba2a7ff15a1f63c045c687,"{""d"":7,""p"":0.00046415888336127773,""r"":7}",
      1024,         0,         0,   0.125,correlated_pymatching,f78701dabc92d935ad4f13d4b82879787b139ab0efba2a7ff15a1f63c045c687,"{""d"":7,""p"":0.00046415888336127773,""r"":7}",
      1024,         0,         0,   0.131,correlated_pymatching,f78701dabc92d935ad4f13d4b82879787b139ab0efba2a7ff15a1f63c045c687,"{""d"":7,""p"":0.00046415888336127773,""r"":7}",
      1024,         0,         0,   0.125,correlated_pymatching,f78701dabc92d935ad4f13d4b82879787b139ab0efba2a7ff15a1f63c045c687,"{""d"":7,""p"":0.00046415888336127773,""r"":7}",
      1024,         0,         0,   0.126,correlated_pymatching,f78701dabc92d935ad4f13d4b82879787b139ab0efba2a7ff15a1f63c045c687,"{""d"":7,""p"":0.00046415888336127773,""r"":7}",
      1024,         0,         0,   0.128,correlated_pymatching,f78701dabc92d935ad4f13d4b82879787b139ab0efba2a7ff15a1f63c045c687,"{""d"":7,""p"":0.00046415888336127773,""r"":7}",
      1024,         0,         0,   0.131,correlated_pymatching,f78701dabc92d935ad4f13d4b82879787b139ab0efba2a7ff15a1f63c045c687,"{""d"":7,""p"":0.00046415888336127773,""r"":7}",
      1024,         0,         0,   0.126,correlated_pymatching,f78701dabc92d935ad4f13d4b82879787b139ab0efba2a7ff15a1f63c045c687,"{""d"":7,""p"":0.00046415888336127773,""r"":7}",
      1024,         0,         0,   0.131,correlated_pymatching,f78701dabc92d935ad4f13d4b82879787b139ab0efba2a7ff15a1f63c045c687,"{""d"":7,""p"":0.00046415888336127773,""r"":7}",
      1024,         0,         0,   0.125,correlated_pymatching,f78701dabc92d935ad4f13d4b82879787b139ab0efba2a7ff15a1f63c045c687,"{""d"":7,""p"":0.00046415888336127773,""r"":7}",
      1024,         0,         0,   0.129,correlated_pymatching,f78701dabc92d935ad4f13d4b82879787b139ab0efba2a7ff15a1f63c045c687,"{""d"":7,""p"":0.00046415888336127773,""r"":7}",
      1024,         0,         0,   0.131,correlated_pymatching,f78701dabc92d935ad4f13d4b82879787b139ab0efba2a7ff15a1f63c045c687,"{""d"":7,""p"":0.00046415888336127773,""r"":7}",
      1024,         0,         0,   0.132,correlated_pymatching,f78701dabc92d935ad4f13d4b82879787b139ab0efba2a7ff15a1f63c045c687,"{""d"":7,""p"":0.00046415888336127773,""r"":7}",
     10352,         0,         0,    1.40,correlated_pymatching,f78701dabc92d935ad4f13d4b82879787b139ab0efba2a7ff15a1f63c045c687,"{""d"":7,""p"":0.00046415888336127773,""r"":7}",
      1024,         0,         0,   0.133,correlated_pymatching,f78701dabc92d935ad4f13d4b82879787b139ab0efba2a7ff15a1f63c045c687,"{""d"":7,""p"":0.00046415888336127773,""r"":7}",
      1024,         0,         0,   0.136,correlated_pymatching,f78701dabc92d935ad4f13d4b82879787b139ab0efba2a7ff15a1f63c045c687,"{""d"":7,""p"":0.00046415888336127773,""r"":7}",
     10352,         2,         0,    1.32,correlated_pymatching,f78701dabc92d935ad4f13d4b82879787b139ab0efba2a7ff15a1f63c045c687,"{""d"":7,""p"":0.00046415888336127773,""r"":7}","{""obs_mistake_mask=E"":2}"
      5869,         0,         0,   0.777,correlated_pymatching,f78701dabc92d935ad4f13d4b82879787b139ab0efba2a7ff15a1f63c045c687,"{""d"":7,""p"":0.00046415888336127773,""r"":7}",
      1024,         0,         0,   0.122,correlated_pymatching,f78701dabc92d935ad4f13d4b82879787b139ab0efba2a7ff15a1f63c045c687,"{""d"":7,""p"":0.00046415888336127773,""r"":7}",
      1024,         0,         0,   0.129,correlated_pymatching,f78701dabc92d935ad4f13d4b82879787b139ab0efba2a7ff15a1f63c045c687,"{""d"":7,""p"":0.00046415888336127773,""r"":7}",
      1024,         0,         0,   0.125,correlated_pymatching,f78701dabc92d935ad4f13d4b82879787b139ab0efba2a7ff15a1f63c045c687,"{""d"":7,""p"":0.00046415888336127773,""r"":7}",
      1024,         0,         0,   0.126,correlated_pymatching,f78701dabc92d935ad4f13d4b82879787b139ab0efba2a7ff15a1f63c045c687,"{""d"":7,""p"":0.00046415888336127773,""r"":7}",
      1024,         0,         0,   0.127,correlated_pymatching,f78701dabc92d935ad4f13d4b82879787b139ab0efba2a7ff15a1f63c045c687,"{""d"":7,""p"":0.00046415888336127773,""r"":7}",
      1024,         0,         0,   0.131,correlated_pymatching,f78701dabc92d935ad4f13d4b82879787b139ab0efba2a7ff15a1f63c045c687,"{""d"":7,""p"":0.00046415888336127773,""r"":7}",
      1024,         0,         0,   0.128,correlated_pymatching,f78701dabc92d935ad4f13d4b82879787b139ab0efba2a7ff15a1f63c045c687,"{""d"":7,""p"":0.00046415888336127773,""r"":7}",
      1024,         0,         0,   0.126,correlated_pymatching,f78701dabc92d935ad4f13d4b82879787b139ab0efba2a7ff15a1f63c045c687,"{""d"":7,""p"":0.00046415888336127773,""r"":7}",
      1024,         0,         0,   0.126,correlated_pymatching,f78701dabc92d935ad4f13d4b82879787b139ab0efba2a7ff15a1f63c045c687,"{""d"":7,""p"":0.00046415888336127773,""r"":7}",
      1024,         0,         0,   0.131,correlated_pymatching,f78701dabc92d935ad4f13d4b82879787b139ab0efba2a7ff15a1f63c045c687,"{""d"":7,""p"":0.00046415888336127773,""r"":7}",
      1024,         0,         0,   0.131,correlated_pymatching,f78701dabc92d935ad4f13d4b82879787b139ab0efba2a7ff15a1f63c045c687,"{""d"":7,""p"":0.00046415888336127773,""r"":7}",
     10352,         0,         0,    1.40,correlated_pymatching,f78701dabc92d935ad4f13d4b82879787b139ab0efba2a7ff15a1f63c045c687,"{""d"":7,""p"":0.00046415888336127773,""r"":7}",
      1024,         0,         0,   0.130,correlated_pymatching,f78701dabc92d935ad4f13d4b82879787b139ab0efba2a7ff15a1f63c045c687,"{""d"":7,""p"":0.00046415888336127773,""r"":7}",
      1024,         0,         0,   0.131,correlated_pymatching,f78701dabc92d935ad4f13d4b82879787b139ab0efba2a7ff15a1f63c045c687,"{""d"":7,""p"":0.00046415888336127773,""r"":7}",
      1024,         0,         0,   0.132,correlated_pymatching,f78701dabc92d935ad4f13d4b82879787b139ab0efba2a7ff15a1f63c045c687,"{""d"":7,""p"":0.00046415888336127773,""r"":7}",
      1024,         0,         0,   0.132,correlated_pymatching,f78701dabc92d935ad4f13d4b82879787b139ab0efba2a7ff15a1f63c045c687,"{""d"":7,""p"":0.00046415888336127773,""r"":7}",
       740,         0,         0,   0.129,correlated_pymatching,f78701dabc92d935ad4f13d4b82879787b139ab0efba2a7ff15a1f63c045c687,"{""d"":7,""p"":0.00046415888336127773,""r"":7}",
      1024,         0,         0,   0.131,correlated_pymatching,f78701dabc92d935ad4f13d4b82879787b139ab0efba2a7ff15a1f63c045c687,"{""d"":7,""p"":0.00046415888336127773,""r"":7}",
      7168,         0,         0,   0.862,correlated_pymatching,f78701dabc92d935ad4f13d4b82879787b139ab0efba2a7ff15a1f63c045c687,"{""d"":7,""p"":0.00046415888336127773,""r"":7}",
       106,         0,         0,   0.110,correlated_pymatching,f78701dabc92d935ad4f13d4b82879787b139ab0efba2a7ff15a1f63c045c687,"{""d"":7,""p"":0.00046415888336127773,""r"":7}",
      7168,         0,         0,   0.883,correlated_pymatching,f78701dabc92d935ad4f13d4b82879787b139ab0efba2a7ff15a1f63c045c687,"{""d"":7,""p"":0.00046415888336127773,""r"":7}",
      9216,         1,         0,    1.13,correlated_pymatching,f78701dabc92d935ad4f13d4b82879787b139ab0efba2a7ff15a1f63c045c687,"{""d"":7,""p"":0.00046415888336127773,""r"":7}","{""obs_mistake_mask=E"":1}"
      8334,         0,         0,    1.15,correlated_pymatching,f78701dabc92d935ad4f13d4b82879787b139ab0efba2a7ff15a1f63c045c687,"{""d"":7,""p"":0.00046415888336127773,""r"":7}",
      9193,         0,         0,    1.16,correlated_pymatching,f78701dabc92d935ad4f13d4b82879787b139ab0efba2a7ff15a1f63c045c687,"{""d"":7,""p"":0.00046415888336127773,""r"":7}",
      2048,         0,         0,   0.246,correlated_pymatching,f78701dabc92d935ad4f13d4b82879787b139ab0efba2a7ff15a1f63c045c687,"{""d"":7,""p"":0.00046415888336127773,""r"":7}",
      8334,         0,         0,    1.15,correlated_pymatching,f78701dabc92d935ad4f13d4b82879787b139ab0efba2a7ff15a1f63c045c687,"{""d"":7,""p"":0.00046415888336127773,""r"":7}",
      7168,         0,         0,   0.900,correlated_pymatching,f78701dabc92d935ad4f13d4b82879787b139ab0efba2a7ff15a1f63c045c687,"{""d"":7,""p"":0.00046415888336127773,""r"":7}",
      2048,         0,         0,   0.245,correlated_pymatching,f78701dabc92d935ad4f13d4b82879787b139ab0efba2a7ff15a1f63c045c687,"{""d"":7,""p"":0.00046415888336127773,""r"":7}",
      2048,         0,         0,   0.258,correlated_pymatching,f78701dabc92d935ad4f13d4b82879787b139ab0efba2a7ff15a1f63c045c687,"{""d"":7,""p"":0.00046415888336127773,""r"":7}",
      7168,         0,         0,   0.899,correlated_pymatching,f78701dabc92d935ad4f13d4b82879787b139ab0efba2a7ff15a1f63c045c687,"{""d"":7,""p"":0.00046415888336127773,""r"":7}",
      2048,         0,         0,   0.252,correlated_pymatching,f78701dabc92d935ad4f13d4b82879787b139ab0efba2a7ff15a1f63c045c687,"{""d"":7,""p"":0.00046415888336127773,""r"":7}",
      2048,         0,         0,   0.253,correlated_pymatching,f78701dabc92d935ad4f13d4b82879787b139ab0efba2a7ff15a1f63c045c687,"{""d"":7,""p"":0.00046415888336127773,""r"":7}",
      2048,         0,         0,   0.253,correlated_pymatching,f78701dabc92d935ad4f13d4b82879787b139ab0efba2a7ff15a1f63c045c687,"{""d"":7,""p"":0.00046415888336127773,""r"":7}",
      2048,         0,         0,   0.252,correlated_pymatching,f78701dabc92d935ad4f13d4b82879787b139ab0efba2a7ff15a1f63c045c687,"{""d"":7,""p"":0.00046415888336127773,""r"":7}",
      2048,         0,         0,   0.255,correlated_pymatching,f78701dabc92d935ad4f13d4b82879787b139ab0efba2a7ff15a1f63c045c687,"{""d"":7,""p"":0.00046415888336127773,""r"":7}",
      9580,         2,         0,    1.23,correlated_pymatching,f78701dabc92d935ad4f13d4b82879787b139ab0efba2a7ff15a1f63c045c687,"{""d"":7,""p"":0.00046415888336127773,""r"":7}","{""obs_mistake_mask=E"":2}"
      7168,         0,         0,   0.907,correlated_pymatching,f78701dabc92d935ad4f13d4b82879787b139ab0efba2a7ff15a1f63c045c687,"{""d"":7,""p"":0.00046415888336127773,""r"":7}",
      2048,         0,         0,   0.260,correlated_pymatching,f78701dabc92d935ad4f13d4b82879787b139ab0efba2a7ff15a1f63c045c687,"{""d"":7,""p"":0.00046415888336127773,""r"":7}",
      2048,         0,         0,   0.261,correlated_pymatching,f78701dabc92d935ad4f13d4b82879787b139ab0efba2a7ff15a1f63c045c687,"{""d"":7,""p"":0.00046415888336127773,""r"":7}",
      2048,         0,         0,   0.261,correlated_pymatching,f78701dabc92d935ad4f13d4b82879787b139ab0efba2a7ff15a1f63c045c687,"{""d"":7,""p"":0.00046415888336127773,""r"":7}",
      7168,         0,         0,   0.911,correlated_pymatching,f78701dabc92d935ad4f13d4b82879787b139ab0efba2a7ff15a1f63c045c687,"{""d"":7,""p"":0.00046415888336127773,""r"":7}",
      2048,         0,         0,   0.259,correlated_pymatching,f78701dabc92d935ad4f13d4b82879787b139ab0efba2a7ff15a1f63c045c687,"{""d"":7,""p"":0.00046415888336127773,""r"":7}",
      2048,         0,         0,   0.260,correlated_pymatching,f78701dabc92d935ad4f13d4b82879787b139ab0efba2a7ff15a1f63c045c687,"{""d"":7,""p"":0.00046415888336127773,""r"":7}",
      2048,         0,         0,   0.262,correlated_pymatching,f78701dabc92d935ad4f13d4b82879787b139ab0efba2a7ff15a1f63c045c687,"{""d"":7,""p"":0.00046415888336127773,""r"":7}",
      2048,         0,         0,   0.262,correlated_pymatching,f78701dabc92d935ad4f13d4b82879787b139ab0efba2a7ff15a1f63c045c687,"{""d"":7,""p"":0.00046415888336127773,""r"":7}",
      2048,         0,         0,   0.261,correlated_pymatching,f78701dabc92d935ad4f13d4b82879787b139ab0efba2a7ff15a1f63c045c687,"{""d"":7,""p"":0.00046415888336127773,""r"":7}",
      1018,         0,         0,   0.133,correlated_pymatching,f78701dabc92d935ad4f13d4b82879787b139ab0efba2a7ff15a1f63c045c687,"{""d"":7,""p"":0.00046415888336127773,""r"":7}",
      1018,         0,         0,   0.141,correlated_pymatching,f78701dabc92d935ad4f13d4b82879787b139ab0efba2a7ff15a1f63c045c687,"{""d"":7,""p"":0.00046415888336127773,""r"":7}",
      2048,         0,         0,   0.247,correlated_pymatching,f78701dabc92d935ad4f13d4b82879787b139ab0efba2a7ff15a1f63c045c687,"{""d"":7,""p"":0.00046415888336127773,""r"":7}",
      2048,         0,         0,   0.243,correlated_pymatching,f78701dabc92d935ad4f13d4b82879787b139ab0efba2a7ff15a1f63c045c687,"{""d"":7,""p"":0.00046415888336127773,""r"":7}",
      2048,         0,         0,   0.260,correlated_pymatching,f78701dabc92d935ad4f13d4b82879787b139ab0efba2a7ff15a1f63c045c687,"{""d"":7,""p"":0.00046415888336127773,""r"":7}",
      2412,         0,         0,   0.360,correlated_pymatching,f78701dabc92d935ad4f13d4b82879787b139ab0efba2a7ff15a1f63c045c687,"{""d"":7,""p"":0.00046415888336127773,""r"":7}",
      2048,         0,         0,   0.250,correlated_pymatching,f78701dabc92d935ad4f13d4b82879787b139ab0efba2a7ff15a1f63c045c687,"{""d"":7,""p"":0.00046415888336127773,""r"":7}",
      2048,         0,         0,   0.250,correlated_pymatching,f78701dabc92d935ad4f13d4b82879787b139ab0efba2a7ff15a1f63c045c687,"{""d"":7,""p"":0.00046415888336127773,""r"":7}",
      2048,         0,         0,   0.250,correlated_pymatching,f78701dabc92d935ad4f13d4b82879787b139ab0efba2a7ff15a1f63c045c687,"{""d"":7,""p"":0.00046415888336127773,""r"":7}",
      2048,         0,         0,   0.251,correlated_pymatching,f78701dabc92d935ad4f13d4b82879787b139ab0efba2a7ff15a1f63c045c687,"{""d"":7,""p"":0.00046415888336127773,""r"":7}",
      2048,         0,         0,   0.253,correlated_pymatching,f78701dabc92d935ad4f13d4b82879787b139ab0efba2a7ff15a1f63c045c687,"{""d"":7,""p"":0.00046415888336127773,""r"":7}",
      2048,         0,         0,   0.261,correlated_pymatching,f78701dabc92d935ad4f13d4b82879787b139ab0efba2a7ff15a1f63c045c687,"{""d"":7,""p"":0.00046415888336127773,""r"":7}",
      2048,         0,         0,   0.261,correlated_pymatching,f78701dabc92d935ad4f13d4b82879787b139ab0efba2a7ff15a1f63c045c687,"{""d"":7,""p"":0.00046415888336127773,""r"":7}",
      2048,         0,         0,   0.261,correlated_pymatching,f78701dabc92d935ad4f13d4b82879787b139ab0efba2a7ff15a1f63c045c687,"{""d"":7,""p"":0.00046415888336127773,""r"":7}",
      3015,         0,         0,   0.383,correlated_pymatching,f78701dabc92d935ad4f13d4b82879787b139ab0efba2a7ff15a1f63c045c687,"{""d"":7,""p"":0.00046415888336127773,""r"":7}",
      2048,         0,         0,   0.262,correlated_pymatching,f78701dabc92d935ad4f13d4b82879787b139ab0efba2a7ff15a1f63c045c687,"{""d"":7,""p"":0.00046415888336127773,""r"":7}",
      2048,         0,         0,   0.263,correlated_pymatching,f78701dabc92d935ad4f13d4b82879787b139ab0efba2a7ff15a1f63c045c687,"{""d"":7,""p"":0.00046415888336127773,""r"":7}",
      4942,         0,         0,   0.607,correlated_pymatching,f78701dabc92d935ad4f13d4b82879787b139ab0efba2a7ff15a1f63c045c687,"{""d"":7,""p"":0.00046415888336127773,""r"":7}",
      2048,         0,         0,   0.262,correlated_pymatching,f78701dabc92d935ad4f13d4b82879787b139ab0efba2a7ff15a1f63c045c687,"{""d"":7,""p"":0.00046415888336127773,""r"":7}",
      4096,         0,         0,   0.518,correlated_pymatching,f78701dabc92d935ad4f13d4b82879787b139ab0efba2a7ff15a1f63c045c687,"{""d"":7,""p"":0.00046415888336127773,""r"":7}",
      2048,         0,         0,   0.263,correlated_pymatching,f78701dabc92d935ad4f13d4b82879787b139ab0efba2a7ff15a1f63c045c687,"{""d"":7,""p"":0.00046415888336127773,""r"":7}",
      2048,         0,         0,   0.261,correlated_pymatching,f78701dabc92d935ad4f13d4b82879787b139ab0efba2a7ff15a1f63c045c687,"{""d"":7,""p"":0.00046415888336127773,""r"":7}",
      4096,         0,         0,   0.486,correlated_pymatching,f78701dabc92d935ad4f13d4b82879787b139ab0efba2a7ff15a1f63c045c687,"{""d"":7,""p"":0.00046415888336127773,""r"":7}",
      5029,         0,         0,   0.642,correlated_pymatching,f78701dabc92d935ad4f13d4b82879787b139ab0efba2a7ff15a1f63c045c687,"{""d"":7,""p"":0.00046415888336127773,""r"":7}",
      2413,         0,         0,   0.377,correlated_pymatching,f78701dabc92d935ad4f13d4b82879787b139ab0efba2a7ff15a1f63c045c687,"{""d"":7,""p"":0.00046415888336127773,""r"":7}",
      6144,         0,         0,   0.785,correlated_pymatching,f78701dabc92d935ad4f13d4b82879787b139ab0efba2a7ff15a1f63c045c687,"{""d"":7,""p"":0.00046415888336127773,""r"":7}",
      2765,         0,         0,   0.383,correlated_pymatching,f78701dabc92d935ad4f13d4b82879787b139ab0efba2a7ff15a1f63c045c687,"{""d"":7,""p"":0.00046415888336127773,""r"":7}",
      2390,         0,         0,   0.378,correlated_pymatching,f78701dabc92d935ad4f13d4b82879787b139ab0efba2a7ff15a1f63c045c687,"{""d"":7,""p"":0.00046415888336127773,""r"":7}",
      2587,         0,         0,   0.361,correlated_pymatching,f78701dabc92d935ad4f13d4b82879787b139ab0efba2a7ff15a1f63c045c687,"{""d"":7,""p"":0.00046415888336127773,""r"":7}",
      1715,         0,         0,   0.256,correlated_pymatching,f78701dabc92d935ad4f13d4b82879787b139ab0efba2a7ff15a1f63c045c687,"{""d"":7,""p"":0.00046415888336127773,""r"":7}",
      4053,         0,         0,   0.517,correlated_pymatching,f78701dabc92d935ad4f13d4b82879787b139ab0efba2a7ff15a1f63c045c687,"{""d"":7,""p"":0.00046415888336127773,""r"":7}",
      2413,         0,         0,   0.381,correlated_pymatching,f78701dabc92d935ad4f13d4b82879787b139ab0efba2a7ff15a1f63c045c687,"{""d"":7,""p"":0.00046415888336127773,""r"":7}",
      3018,         0,         0,   0.391,correlated_pymatching,f78701dabc92d935ad4f13d4b82879787b139ab0efba2a7ff15a1f63c045c687,"{""d"":7,""p"":0.00046415888336127773,""r"":7}",
      2559,         1,         0,   0.374,correlated_pymatching,f78701dabc92d935ad4f13d4b82879787b139ab0efba2a7ff15a1f63c045c687,"{""d"":7,""p"":0.00046415888336127773,""r"":7}","{""obs_mistake_mask=E"":1}"
        89,         0,         0,   0.108,correlated_pymatching,f78701dabc92d935ad4f13d4b82879787b139ab0efba2a7ff15a1f63c045c687,"{""d"":7,""p"":0.00046415888336127773,""r"":7}",
       395,         0,         0,   0.112,correlated_pymatching,f78701dabc92d935ad4f13d4b82879787b139ab0efba2a7ff15a1f63c045c687,"{""d"":7,""p"":0.00046415888336127773,""r"":7}",
       449,         0,         0,   0.121,correlated_pymatching,f78701dabc92d935ad4f13d4b82879787b139ab0efba2a7ff15a1f63c045c687,"{""d"":7,""p"":0.00046415888336127773,""r"":7}",
       449,         0,         0,   0.121,correlated_pymatching,f78701dabc92d935ad4f13d4b82879787b139ab0efba2a7ff15a1f63c045c687,"{""d"":7,""p"":0.00046415888336127773,""r"":7}",
      2005,         0,         0,   0.248,correlated_pymatching,f78701dabc92d935ad4f13d4b82879787b139ab0efba2a7ff15a1f63c045c687,"{""d"":7,""p"":0.00046415888336127773,""r"":7}",
       608,         0,         0,   0.114,correlated_pymatching,f78701dabc92d935ad4f13d4b82879787b139ab0efba2a7ff15a1f63c045c687,"{""d"":7,""p"":0.00046415888336127773,""r"":7}",
       844,         0,         0,   0.124,correlated_pymatching,f78701dabc92d935ad4f13d4b82879787b139ab0efba2a7ff15a1f63c045c687,"{""d"":7,""p"":0.00046415888336127773,""r"":7}",
      2048,         0,         0,   0.249,correlated_pymatching,f78701dabc92d935ad4f13d4b82879787b139ab0efba2a7ff15a1f63c045c687,"{""d"":7,""p"":0.00046415888336127773,""r"":7}",
      1996,         0,         0,   0.250,correlated_pymatching,f78701dabc92d935ad4f13d4b82879787b139ab0efba2a7ff15a1f63c045c687,"{""d"":7,""p"":0.00046415888336127773,""r"":7}",
      1996,         0,         0,   0.252,correlated_pymatching,f78701dabc92d935ad4f13d4b82879787b139ab0efba2a7ff15a1f63c045c687,"{""d"":7,""p"":0.00046415888336127773,""r"":7}",
      1003,         0,         0,   0.129,correlated_pymatching,f78701dabc92d935ad4f13d4b82879787b139ab0efba2a7ff15a1f63c045c687,"{""d"":7,""p"":0.00046415888336127773,""r"":7}",
      1996,         0,         0,   0.251,correlated_pymatching,f78701dabc92d935ad4f13d4b82879787b139ab0efba2a7ff15a1f63c045c687,"{""d"":7,""p"":0.00046415888336127773,""r"":7}",
       496,         0,         0,   0.116,correlated_pymatching,f78701dabc92d935ad4f13d4b82879787b139ab0efba2a7ff15a1f63c045c687,"{""d"":7,""p"":0.00046415888336127773,""r"":7}",
       496,         0,         0,   0.117,correlated_pymatching,f78701dabc92d935ad4f13d4b82879787b139ab0efba2a7ff15a1f63c045c687,"{""d"":7,""p"":0.00046415888336127773,""r"":7}",
      2048,         0,         0,   0.261,correlated_pymatching,f78701dabc92d935ad4f13d4b82879787b139ab0efba2a7ff15a1f63c045c687,"{""d"":7,""p"":0.00046415888336127773,""r"":7}",
      2559,         0,         0,   0.357,correlated_pymatching,f78701dabc92d935ad4f13d4b82879787b139ab0efba2a7ff15a1f63c045c687,"{""d"":7,""p"":0.00046415888336127773,""r"":7}",
      2048,         0,         0,   0.262,correlated_pymatching,f78701dabc92d935ad4f13d4b82879787b139ab0efba2a7ff15a1f63c045c687,"{""d"":7,""p"":0.00046415888336127773,""r"":7}",
      2048,         0,         0,   0.262,correlated_pymatching,f78701dabc92d935ad4f13d4b82879787b139ab0efba2a7ff15a1f63c045c687,"{""d"":7,""p"":0.00046415888336127773,""r"":7}",
      1996,         0,         0,   0.258,correlated_pymatching,f78701dabc92d935ad4f13d4b82879787b139ab0efba2a7ff15a1f63c045c687,"{""d"":7,""p"":0.00046415888336127773,""r"":7}",
      2048,         0,         0,   0.254,correlated_pymatching,f78701dabc92d935ad4f13d4b82879787b139ab0efba2a7ff15a1f63c045c687,"{""d"":7,""p"":0.00046415888336127773,""r"":7}",
       499,         0,         0,   0.124,correlated_pymatching,f78701dabc92d935ad4f13d4b82879787b139ab0efba2a7ff15a1f63c045c687,"{""d"":7,""p"":0.00046415888336127773,""r"":7}",
      1996,         0,         0,   0.260,correlated_pymatching,f78701dabc92d935ad4f13d4b82879787b139ab0efba2a7ff15a1f63c045c687,"{""d"":7,""p"":0.00046415888336127773,""r"":7}",
      2048,         0,         0,   0.251,correlated_pymatching,f78701dabc92d935ad4f13d4b82879787b139ab0efba2a7ff15a1f63c045c687,"{""d"":7,""p"":0.00046415888336127773,""r"":7}",
      2205,         0,         0,   0.341,correlated_pymatching,f78701dabc92d935ad4f13d4b82879787b139ab0efba2a7ff15a1f63c045c687,"{""d"":7,""p"":0.00046415888336127773,""r"":7}",
      1248,         0,         0,   0.231,correlated_pymatching,f78701dabc92d935ad4f13d4b82879787b139ab0efba2a7ff15a1f63c045c687,"{""d"":7,""p"":0.00046415888336127773,""r"":7}",
        75,         0,         0,   0.103,correlated_pymatching,f78701dabc92d935ad4f13d4b82879787b139ab0efba2a7ff15a1f63c045c687,"{""d"":7,""p"":0.00046415888336127773,""r"":7}",
       395,         0,         0,   0.112,correlated_pymatching,f78701dabc92d935ad4f13d4b82879787b139ab0efba2a7ff15a1f63c045c687,"{""d"":7,""p"":0.00046415888336127773,""r"":7}",
      1996,         0,         0,   0.259,correlated_pymatching,f78701dabc92d935ad4f13d4b82879787b139ab0efba2a7ff15a1f63c045c687,"{""d"":7,""p"":0.00046415888336127773,""r"":7}",
        59,         0,         0,   0.102,correlated_pymatching,f78701dabc92d935ad4f13d4b82879787b139ab0efba2a7ff15a1f63c045c687,"{""d"":7,""p"":0.00046415888336127773,""r"":7}",
       524,         0,         0,   0.117,correlated_pymatching,f78701dabc92d935ad4f13d4b82879787b139ab0efba2a7ff15a1f63c045c687,"{""d"":7,""p"":0.00046415888336127773,""r"":7}",
      1996,         0,         0,   0.259,correlated_pymatching,f78701dabc92d935ad4f13d4b82879787b139ab0efba2a7ff15a1f63c045c687,"{""d"":7,""p"":0.00046415888336127773,""r"":7}",
      1620,         0,         0,   0.251,correlated_pymatching,f78701dabc92d935ad4f13d4b82879787b139ab0efba2a7ff15a1f63c045c687,"{""d"":7,""p"":0.00046415888336127773,""r"":7}",
      1996,         0,         0,   0.258,correlated_pymatching,f78701dabc92d935ad4f13d4b82879787b139ab0efba2a7ff15a1f63c045c687,"{""d"":7,""p"":0.00046415888336127773,""r"":7}",
      2131,         0,         0,   0.356,correlated_pymatching,f78701dabc92d935ad4f13d4b82879787b139ab0efba2a7ff15a1f63c045c687,"{""d"":7,""p"":0.00046415888336127773,""r"":7}",
      2050,         0,         0,   0.342,correlated_pymatching,f78701dabc92d935ad4f13d4b82879787b139ab0efba2a7ff15a1f63c045c687,"{""d"":7,""p"":0.00046415888336127773,""r"":7}",
        27,         0,         0,   0.103,correlated_pymatching,f78701dabc92d935ad4f13d4b82879787b139ab0efba2a7ff15a1f63c045c687,"{""d"":7,""p"":0.00046415888336127773,""r"":7}",
       509,         0,         0,   0.106,correlated_pymatching,f78701dabc92d935ad4f13d4b82879787b139ab0efba2a7ff15a1f63c045c687,"{""d"":7,""p"":0.00046415888336127773,""r"":7}",
       511,         0,         0,   0.106,correlated_pymatching,f78701dabc92d935ad4f13d4b82879787b139ab0efba2a7ff15a1f63c045c687,"{""d"":7,""p"":0.00046415888336127773,""r"":7}",
       511,         0,         0,   0.107,correlated_pymatching,f78701dabc92d935ad4f13d4b82879787b139ab0efba2a7ff15a1f63c045c687,"{""d"":7,""p"":0.00046415888336127773,""r"":7}",
         2,         0,         0,   0.096,correlated_pymatching,f78701dabc92d935ad4f13d4b82879787b139ab0efba2a7ff15a1f63c045c687,"{""d"":7,""p"":0.00046415888336127773,""r"":7}",
       511,         0,         0,   0.115,correlated_pymatching,f78701dabc92d935ad4f13d4b82879787b139ab0efba2a7ff15a1f63c045c687,"{""d"":7,""p"":0.00046415888336127773,""r"":7}",
       511,         0,         0,   0.114,correlated_pymatching,f78701dabc92d935ad4f13d4b82879787b139ab0efba2a7ff15a1f63c045c687,"{""d"":7,""p"":0.00046415888336127773,""r"":7}",
         2,         0,         0,   0.096,correlated_pymatching,f78701dabc92d935ad4f13d4b82879787b139ab0efba2a7ff15a1f63c045c687,"{""d"":7,""p"":0.00046415888336127773,""r"":7}",
       354,         0,         0,   0.102,correlated_pymatching,f78701dabc92d935ad4f13d4b82879787b139ab0efba2a7ff15a1f63c045c687,"{""d"":7,""p"":0.00046415888336127773,""r"":7}",
       403,         0,         0,   0.103,correlated_pymatching,f78701dabc92d935ad4f13d4b82879787b139ab0efba2a7ff15a1f63c045c687,"{""d"":7,""p"":0.00046415888336127773,""r"":7}",
        25,         0,         0,   0.098,correlated_pymatching,f78701dabc92d935ad4f13d4b82879787b139ab0efba2a7ff15a1f63c045c687,"{""d"":7,""p"":0.00046415888336127773,""r"":7}",
