     shots,    errors,  discards, seconds,decoder,strong_id,json_metadata,custom_counts
         1,         0,         0,   0.017,correlated_pymatching,469ed0a1029a85e43a8423d93e5772974a8ed7cd211c80644b5625cdc6e90d45,"{""d"":3.0,""p"":0.00046415888336127773,""r"":3.0}",
         1,         0,         0,   0.025,correlated_pymatching,e1cac51cf27cc11ccdd7045143616c4681854a0f697a40559c930dacb6fc08cb,"{""d"":3.0,""p"":0.046415888336127774,""r"":3.0}",
         1,         0,         0,   0.016,correlated_pymatching,11f6eb8199c1352add54e63058a1363f3f0476a602b6b50f324cd9556d08b06f,"{""d"":3.0,""p"":0.002154434690031882,""r"":3.0}",
         1,         0,         0,   0.032,correlated_pymatching,9b7a3de31bd52a3816cf58268fdd9c2393c9c1bdec1aa49450cb771991447405,"{""d"":3.0,""p"":0.021544346900318822,""r"":3.0}",
         1,         1,         0,   0.029,correlated_pymatching,06858e388d21d66cbb48871a551ef27792975c3fb4a04b054a275989e32267b0,"{""d"":3.0,""p"":0.004641588833612777,""r"":3.0}","{""obs_mistake_mask=E"":1}"
         1,         0,         0,   0.032,correlated_pymatching,28f626991bd03a16cab263e35e8ae373757e0fd71cc553f9169b1e631355c7c0,"{""d"":3.0,""p"":0.1,""r"":3.0}",
         1,         0,         0,   0.018,correlated_pymatching,3d5305584e2a69d74a756bf129e68f0096a401a6675ba453b72b13c5ebc9cd27,"{""d"":3.0,""p"":0.001,""r"":3.0}",
        17,         0,         0,   0.018,correlated_pymatching,d03e8ad66fc8e042fc07334756dfcfa1ba79773f7827218083e3aa032ca79802,"{""d"":3.0,""p"":0.0001,""r"":3.0}",
        17,         5,         0,   0.018,correlated_pymatching,581681ce86e077f1cb76fe18f749727e3f468f15d0192fd7015102418413595b,"{""d"":3.0,""p"":0.01,""r"":3.0}","{""obs_mistake_mask=E"":5}"
       272,         0,         0,   0.018,correlated_pymatching,469ed0a1029a85e43a8423d93e5772974a8ed7cd211c80644b5625cdc6e90d45,"{""d"":3.0,""p"":0.00046415888336127773,""r"":3.0}",
        17,         0,         0,   0.018,correlated_pymatching,24978d4f30d011ee4e5902aea4aa94a596fe54b62f28bafd09637c5bff3e5260,"{""d"":3.0,""p"":0.00021544346900318845,""r"":3.0}",
       272,         4,         0,   0.018,correlated_pymatching,3d5305584e2a69d74a756bf129e68f0096a401a6675ba453b72b13c5ebc9cd27,"{""d"":3.0,""p"":0.001,""r"":3.0}","{""obs_mistake_mask=E"":4}"
       272,         6,         0,   0.024,correlated_pymatching,11f6eb8199c1352add54e63058a1363f3f0476a602b6b50f324cd9556d08b06f,"{""d"":3.0,""p"":0.002154434690031882,""r"":3.0}","{""obs_mistake_mask=E"":6}"
       256,        97,         0,   0.016,correlated_pymatching,581681ce86e077f1cb76fe18f749727e3f468f15d0192fd7015102418413595b,"{""d"":3.0,""p"":0.01,""r"":3.0}","{""obs_mistake_mask=E"":97}"
       272,       141,         0,   0.030,correlated_pymatching,9b7a3de31bd52a3816cf58268fdd9c2393c9c1bdec1aa49450cb771991447405,"{""d"":3.0,""p"":0.021544346900318822,""r"":3.0}","{""obs_mistake_mask=E"":141}"
      1280,         0,         0,   0.018,correlated_pymatching,d03e8ad66fc8e042fc07334756dfcfa1ba79773f7827218083e3aa032ca79802,"{""d"":3.0,""p"":0.0001,""r"":3.0}",
      1280,         3,         0,   0.019,correlated_pymatching,24978d4f30d011ee4e5902aea4aa94a596fe54b62f28bafd09637c5bff3e5260,"{""d"":3.0,""p"":0.00021544346900318845,""r"":3.0}","{""obs_mistake_mask=E"":3}"
      2048,         4,         0,   0.022,correlated_pymatching,469ed0a1029a85e43a8423d93e5772974a8ed7cd211c80644b5625cdc6e90d45,"{""d"":3.0,""p"":0.00046415888336127773,""r"":3.0}","{""obs_mistake_mask=E"":4}"
       272,       145,         0,   0.039,correlated_pymatching,28f626991bd03a16cab263e35e8ae373757e0fd71cc553f9169b1e631355c7c0,"{""d"":3.0,""p"":0.1,""r"":3.0}","{""obs_mistake_mask=E"":145}"
         1,         0,         0,   0.039,correlated_pymatching,9f994ca2c284ecd4c6e4c283545775538ed576a847027c596efdaebe2f30a826,"{""d"":5.0,""p"":0.021544346900318822,""r"":5.0}",
         1,         0,         0,   0.039,correlated_pymatching,a50f81865d6b6d34201cc5fbf035f39862052f16ef076d797da2bafce6e88841,"{""d"":5.0,""p"":0.00046415888336127773,""r"":5.0}",
      2048,         1,         0,   0.020,correlated_pymatching,d03e8ad66fc8e042fc07334756dfcfa1ba79773f7827218083e3aa032ca79802,"{""d"":3.0,""p"":0.0001,""r"":3.0}","{""obs_mistake_mask=E"":1}"
         1,         0,         0,   0.040,correlated_pymatching,745961ec464dc090b9d2800818153a5191b18eda07e56d80217194f95b8f8bbd,"{""d"":5.0,""p"":0.0001,""r"":5.0}",
         1,         1,         0,   0.039,correlated_pymatching,2eb63c04cbebca677734a02fde5034345dc945f28721ef0d0d86317d2174d8db,"{""d"":5.0,""p"":0.01,""r"":5.0}","{""obs_mistake_mask=E"":1}"
      2048,         1,         0,   0.020,correlated_pymatching,24978d4f30d011ee4e5902aea4aa94a596fe54b62f28bafd09637c5bff3e5260,"{""d"":3.0,""p"":0.00021544346900318845,""r"":3.0}","{""obs_mistake_mask=E"":1}"
         1,         0,         0,   0.040,correlated_pymatching,7ad32b5dc12cb010842a45b0255bb9fe1695566bc49cdf3831eb02a6048175bd,"{""d"":5.0,""p"":0.001,""r"":5.0}",
         1,         0,         0,   0.040,correlated_pymatching,0458b096363f784bc48a6acbe9b1b091cc7d95b1ad4588fa8c17b28c6bf7761f,"{""d"":5.0,""p"":0.046415888336127774,""r"":5.0}",
         1,         0,         0,   0.040,correlated_pymatching,606c3e923ec90a17c893a84c53b1dac06004c7a078654ff843df3a8c87b49144,"{""d"":5.0,""p"":0.004641588833612777,""r"":5.0}",
      2048,       103,         0,   0.036,correlated_pymatching,11f6eb8199c1352add54e63058a1363f3f0476a602b6b50f324cd9556d08b06f,"{""d"":3.0,""p"":0.002154434690031882,""r"":3.0}","{""obs_mistake_mask=E"":103}"
      1024,       394,         0,   0.036,correlated_pymatching,581681ce86e077f1cb76fe18f749727e3f468f15d0192fd7015102418413595b,"{""d"":3.0,""p"":0.01,""r"":3.0}","{""obs_mistake_mask=E"":394}"
         1,         0,         0,   0.053,correlated_pymatching,2e5e2e3e7a74d8ea5dcf398c0972d0c2503acf1083ae9653707b46510d0c62ea,"{""d"":5.0,""p"":0.00021544346900318845,""r"":5.0}",
       272,        48,         0,   0.064,correlated_pymatching,06858e388d21d66cbb48871a551ef27792975c3fb4a04b054a275989e32267b0,"{""d"":3.0,""p"":0.004641588833612777,""r"":3.0}","{""obs_mistake_mask=E"":48}"
      3072,         5,         0,   0.032,correlated_pymatching,469ed0a1029a85e43a8423d93e5772974a8ed7cd211c80644b5625cdc6e90d45,"{""d"":3.0,""p"":0.00046415888336127773,""r"":3.0}","{""obs_mistake_mask=E"":5}"
       272,       137,         0,   0.071,correlated_pymatching,e1cac51cf27cc11ccdd7045143616c4681854a0f697a40559c930dacb6fc08cb,"{""d"":3.0,""p"":0.046415888336127774,""r"":3.0}","{""obs_mistake_mask=E"":137}"
      3072,         0,         0,   0.028,correlated_pymatching,d03e8ad66fc8e042fc07334756dfcfa1ba79773f7827218083e3aa032ca79802,"{""d"":3.0,""p"":0.0001,""r"":3.0}",
      1024,        12,         0,   0.063,correlated_pymatching,3d5305584e2a69d74a756bf129e68f0096a401a6675ba453b72b13c5ebc9cd27,"{""d"":3.0,""p"":0.001,""r"":3.0}","{""obs_mistake_mask=E"":12}"
      3072,         3,         0,   0.031,correlated_pymatching,24978d4f30d011ee4e5902aea4aa94a596fe54b62f28bafd09637c5bff3e5260,"{""d"":3.0,""p"":0.00021544346900318845,""r"":3.0}","{""obs_mistake_mask=E"":3}"
         8,         0,         0,   0.037,correlated_pymatching,a50f81865d6b6d34201cc5fbf035f39862052f16ef076d797da2bafce6e88841,"{""d"":5.0,""p"":0.00046415888336127773,""r"":5.0}",
      1024,       491,         0,   0.058,correlated_pymatching,9b7a3de31bd52a3816cf58268fdd9c2393c9c1bdec1aa49450cb771991447405,"{""d"":3.0,""p"":0.021544346900318822,""r"":3.0}","{""obs_mistake_mask=E"":491}"
         8,         3,         0,   0.040,correlated_pymatching,9f994ca2c284ecd4c6e4c283545775538ed576a847027c596efdaebe2f30a826,"{""d"":5.0,""p"":0.021544346900318822,""r"":5.0}","{""obs_mistake_mask=E"":3}"
         1,         0,         0,   0.040,correlated_pymatching,e40c96721ba97485a55b8fc72231c6005e027d8d72c8500574910fc3a1358920,"{""d"":5.0,""p"":0.1,""r"":5.0}",
         8,         0,         0,   0.037,correlated_pymatching,745961ec464dc090b9d2800818153a5191b18eda07e56d80217194f95b8f8bbd,"{""d"":5.0,""p"":0.0001,""r"":5.0}",
         8,         0,         0,   0.037,correlated_pymatching,7ad32b5dc12cb010842a45b0255bb9fe1695566bc49cdf3831eb02a6048175bd,"{""d"":5.0,""p"":0.001,""r"":5.0}",
         8,         3,         0,   0.041,correlated_pymatching,2eb63c04cbebca677734a02fde5034345dc945f28721ef0d0d86317d2174d8db,"{""d"":5.0,""p"":0.01,""r"":5.0}","{""obs_mistake_mask=E"":3}"
         8,         2,         0,   0.039,correlated_pymatching,606c3e923ec90a17c893a84c53b1dac06004c7a078654ff843df3a8c87b49144,"{""d"":5.0,""p"":0.004641588833612777,""r"":5.0}","{""obs_mistake_mask=E"":2}"
      1024,       174,         0,   0.028,correlated_pymatching,06858e388d21d66cbb48871a551ef27792975c3fb4a04b054a275989e32267b0,"{""d"":3.0,""p"":0.004641588833612777,""r"":3.0}","{""obs_mistake_mask=E"":174}"
         8,         4,         0,   0.042,correlated_pymatching,0458b096363f784bc48a6acbe9b1b091cc7d95b1ad4588fa8c17b28c6bf7761f,"{""d"":5.0,""p"":0.046415888336127774,""r"":5.0}","{""obs_mistake_mask=E"":4}"
      2048,        79,         0,   0.037,correlated_pymatching,11f6eb8199c1352add54e63058a1363f3f0476a602b6b50f324cd9556d08b06f,"{""d"":3.0,""p"":0.002154434690031882,""r"":3.0}","{""obs_mistake_mask=E"":79}"
         8,         0,         0,   0.037,correlated_pymatching,2e5e2e3e7a74d8ea5dcf398c0972d0c2503acf1083ae9653707b46510d0c62ea,"{""d"":5.0,""p"":0.00021544346900318845,""r"":5.0}",
      4096,        15,         0,   0.043,correlated_pymatching,469ed0a1029a85e43a8423d93e5772974a8ed7cd211c80644b5625cdc6e90d45,"{""d"":3.0,""p"":0.00046415888336127773,""r"":3.0}","{""obs_mistake_mask=E"":15}"
         1,         0,         0,   0.088,correlated_pymatching,30056907d9b2fd1f149824ef71693dea7ba4a4099abc667e17279a2c81d9e92b,"{""d"":5.0,""p"":0.002154434690031882,""r"":5.0}",
      1024,       186,         0,   0.022,correlated_pymatching,06858e388d21d66cbb48871a551ef27792975c3fb4a04b054a275989e32267b0,"{""d"":3.0,""p"":0.004641588833612777,""r"":3.0}","{""obs_mistake_mask=E"":186}"
      4096,         0,         0,   0.039,correlated_pymatching,d03e8ad66fc8e042fc07334756dfcfa1ba79773f7827218083e3aa032ca79802,"{""d"":3.0,""p"":0.0001,""r"":3.0}",
      3072,        39,         0,   0.036,correlated_pymatching,3d5305584e2a69d74a756bf129e68f0096a401a6675ba453b72b13c5ebc9cd27,"{""d"":3.0,""p"":0.001,""r"":3.0}","{""obs_mistake_mask=E"":39}"
       128,         0,         0,   0.038,correlated_pymatching,a50f81865d6b6d34201cc5fbf035f39862052f16ef076d797da2bafce6e88841,"{""d"":5.0,""p"":0.00046415888336127773,""r"":5.0}",
      4096,         4,         0,   0.041,correlated_pymatching,24978d4f30d011ee4e5902aea4aa94a596fe54b62f28bafd09637c5bff3e5260,"{""d"":3.0,""p"":0.00021544346900318845,""r"":3.0}","{""obs_mistake_mask=E"":4}"
       128,         0,         0,   0.038,correlated_pymatching,745961ec464dc090b9d2800818153a5191b18eda07e56d80217194f95b8f8bbd,"{""d"":5.0,""p"":0.0001,""r"":5.0}",
        17,         0,         0,   0.018,correlated_pymatching,d03e8ad66fc8e042fc07334756dfcfa1ba79773f7827218083e3aa032ca79802,"{""d"":3.0,""p"":0.0001,""r"":3.0}",
       128,         0,         0,   0.039,correlated_pymatching,7ad32b5dc12cb010842a45b0255bb9fe1695566bc49cdf3831eb02a6048175bd,"{""d"":5.0,""p"":0.001,""r"":5.0}",
         8,         3,         0,   0.042,correlated_pymatching,e40c96721ba97485a55b8fc72231c6005e027d8d72c8500574910fc3a1358920,"{""d"":5.0,""p"":0.1,""r"":5.0}","{""obs_mistake_mask=E"":3}"
      1024,       517,         0,   0.091,correlated_pymatching,28f626991bd03a16cab263e35e8ae373757e0fd71cc553f9169b1e631355c7c0,"{""d"":3.0,""p"":0.1,""r"":3.0}","{""obs_mistake_mask=E"":517}"
        64,         9,         0,   0.044,correlated_pymatching,606c3e923ec90a17c893a84c53b1dac06004c7a078654ff843df3a8c87b49144,"{""d"":5.0,""p"":0.004641588833612777,""r"":5.0}","{""obs_mistake_mask=E"":9}"
       128,         0,         0,   0.037,correlated_pymatching,2e5e2e3e7a74d8ea5dcf398c0972d0c2503acf1083ae9653707b46510d0c62ea,"{""d"":5.0,""p"":0.00021544346900318845,""r"":5.0}",
        64,        27,         0,   0.050,correlated_pymatching,2eb63c04cbebca677734a02fde5034345dc945f28721ef0d0d86317d2174d8db,"{""d"":5.0,""p"":0.01,""r"":5.0}","{""obs_mistake_mask=E"":27}"
         4,         0,         0,   0.037,correlated_pymatching,30056907d9b2fd1f149824ef71693dea7ba4a4099abc667e17279a2c81d9e92b,"{""d"":5.0,""p"":0.002154434690031882,""r"":5.0}",
      3072,       139,         0,   0.053,correlated_pymatching,11f6eb8199c1352add54e63058a1363f3f0476a602b6b50f324cd9556d08b06f,"{""d"":3.0,""p"":0.002154434690031882,""r"":3.0}","{""obs_mistake_mask=E"":139}"
      1280,         0,         0,   0.019,correlated_pymatching,d03e8ad66fc8e042fc07334756dfcfa1ba79773f7827218083e3aa032ca79802,"{""d"":3.0,""p"":0.0001,""r"":3.0}",
        64,        28,         0,   0.063,correlated_pymatching,9f994ca2c284ecd4c6e4c283545775538ed576a847027c596efdaebe2f30a826,"{""d"":5.0,""p"":0.021544346900318822,""r"":5.0}","{""obs_mistake_mask=E"":28}"
        17,         0,         0,   0.017,correlated_pymatching,24978d4f30d011ee4e5902aea4aa94a596fe54b62f28bafd09637c5bff3e5260,"{""d"":3.0,""p"":0.00021544346900318845,""r"":3.0}",
      1024,       511,         0,   0.083,correlated_pymatching,e1cac51cf27cc11ccdd7045143616c4681854a0f697a40559c930dacb6fc08cb,"{""d"":3.0,""p"":0.046415888336127774,""r"":3.0}","{""obs_mistake_mask=E"":511}"
         1,         1,         0,   0.102,correlated_pymatching,a849ac6ba153901c6771f1587a0f49408cdbb79c1b02e347cc7a5b199e1af83c,"{""d"":7.0,""p"":0.046415888336127774,""r"":7.0}","{""obs_mistake_mask=E"":1}"
      1024,         0,         0,   0.041,correlated_pymatching,745961ec464dc090b9d2800818153a5191b18eda07e56d80217194f95b8f8bbd,"{""d"":5.0,""p"":0.0001,""r"":5.0}",
      4096,        43,         0,   0.048,correlated_pymatching,3d5305584e2a69d74a756bf129e68f0096a401a6675ba453b72b13c5ebc9cd27,"{""d"":3.0,""p"":0.001,""r"":3.0}","{""obs_mistake_mask=E"":43}"
        64,        29,         0,   0.073,correlated_pymatching,0458b096363f784bc48a6acbe9b1b091cc7d95b1ad4588fa8c17b28c6bf7761f,"{""d"":5.0,""p"":0.046415888336127774,""r"":5.0}","{""obs_mistake_mask=E"":29}"
      1024,         0,         0,   0.046,correlated_pymatching,a50f81865d6b6d34201cc5fbf035f39862052f16ef076d797da2bafce6e88841,"{""d"":5.0,""p"":0.00046415888336127773,""r"":5.0}",
      2048,         1,         0,   0.020,correlated_pymatching,d03e8ad66fc8e042fc07334756dfcfa1ba79773f7827218083e3aa032ca79802,"{""d"":3.0,""p"":0.0001,""r"":3.0}","{""obs_mistake_mask=E"":1}"
      1280,         1,         0,   0.018,correlated_pymatching,24978d4f30d011ee4e5902aea4aa94a596fe54b62f28bafd09637c5bff3e5260,"{""d"":3.0,""p"":0.00021544346900318845,""r"":3.0}","{""obs_mistake_mask=E"":1}"
      6144,        15,         0,   0.062,correlated_pymatching,469ed0a1029a85e43a8423d93e5772974a8ed7cd211c80644b5625cdc6e90d45,"{""d"":3.0,""p"":0.00046415888336127773,""r"":3.0}","{""obs_mistake_mask=E"":15}"
      6144,         2,         0,   0.058,correlated_pymatching,d03e8ad66fc8e042fc07334756dfcfa1ba79773f7827218083e3aa032ca79802,"{""d"":3.0,""p"":0.0001,""r"":3.0}","{""obs_mistake_mask=E"":2}"
        17,         0,         0,   0.018,correlated_pymatching,469ed0a1029a85e43a8423d93e5772974a8ed7cd211c80644b5625cdc6e90d45,"{""d"":3.0,""p"":0.00046415888336127773,""r"":3.0}",
      1024,         0,         0,   0.043,correlated_pymatching,2e5e2e3e7a74d8ea5dcf398c0972d0c2503acf1083ae9653707b46510d0c62ea,"{""d"":5.0,""p"":0.00021544346900318845,""r"":5.0}",
         1,         0,         0,   0.104,correlated_pymatching,6f4138706b2861bd7bd4a7ef25ab4bc4bb96c80f874afab6c14fcb3503e4cf84,"{""d"":7.0,""p"":0.002154434690031882,""r"":7.0}",
      1024,         2,         0,   0.054,correlated_pymatching,7ad32b5dc12cb010842a45b0255bb9fe1695566bc49cdf3831eb02a6048175bd,"{""d"":5.0,""p"":0.001,""r"":5.0}","{""obs_mistake_mask=E"":2}"
        64,         1,         0,   0.039,correlated_pymatching,30056907d9b2fd1f149824ef71693dea7ba4a4099abc667e17279a2c81d9e92b,"{""d"":5.0,""p"":0.002154434690031882,""r"":5.0}","{""obs_mistake_mask=E"":1}"
      2048,       103,         0,   0.037,correlated_pymatching,11f6eb8199c1352add54e63058a1363f3f0476a602b6b50f324cd9556d08b06f,"{""d"":3.0,""p"":0.002154434690031882,""r"":3.0}","{""obs_mistake_mask=E"":103}"
      6144,         5,         0,   0.061,correlated_pymatching,24978d4f30d011ee4e5902aea4aa94a596fe54b62f28bafd09637c5bff3e5260,"{""d"":3.0,""p"":0.00021544346900318845,""r"":3.0}","{""obs_mistake_mask=E"":5}"
         1,         0,         0,   0.104,correlated_pymatching,3da66f42efe4b9ee8b75f8d643d901a11e2bc0d91db4c5f0c0317ddd420e34a5,"{""d"":7.0,""p"":0.0001,""r"":7.0}",
         1,         0,         0,   0.106,correlated_pymatching,1ecb6637f802f460e5f34b81b6766b88fe57a1b15130c28a7eb57a8463b28d8b,"{""d"":7.0,""p"":0.004641588833612777,""r"":7.0}",
        17,         0,         0,   0.016,correlated_pymatching,3d5305584e2a69d74a756bf129e68f0096a401a6675ba453b72b13c5ebc9cd27,"{""d"":3.0,""p"":0.001,""r"":3.0}",
         1,         0,         0,   0.105,correlated_pymatching,d821558028d0b71fbf8148e27be7c074e0e8b72611fd5ff402120f6913a24690,"{""d"":7.0,""p"":0.00046415888336127773,""r"":7.0}",
      3072,         0,         0,   0.028,correlated_pymatching,d03e8ad66fc8e042fc07334756dfcfa1ba79773f7827218083e3aa032ca79802,"{""d"":3.0,""p"":0.0001,""r"":3.0}",
      3072,         2,         0,   0.028,correlated_pymatching,24978d4f30d011ee4e5902aea4aa94a596fe54b62f28bafd09637c5bff3e5260,"{""d"":3.0,""p"":0.00021544346900318845,""r"":3.0}","{""obs_mistake_mask=E"":2}"
      1280,         7,         0,   0.020,correlated_pymatching,469ed0a1029a85e43a8423d93e5772974a8ed7cd211c80644b5625cdc6e90d45,"{""d"":3.0,""p"":0.00046415888336127773,""r"":3.0}","{""obs_mistake_mask=E"":7}"
        64,        35,         0,   0.076,correlated_pymatching,e40c96721ba97485a55b8fc72231c6005e027d8d72c8500574910fc3a1358920,"{""d"":5.0,""p"":0.1,""r"":5.0}","{""obs_mistake_mask=E"":35}"
         1,         0,         0,   0.108,correlated_pymatching,b557e1156d22923bb1e5572c63f323fa36b5077673ec4c15ead6a55aac830999,"{""d"":7.0,""p"":0.1,""r"":7.0}",
      1024,         0,         0,   0.040,correlated_pymatching,745961ec464dc090b9d2800818153a5191b18eda07e56d80217194f95b8f8bbd,"{""d"":5.0,""p"":0.0001,""r"":5.0}",
         1,         0,         0,   0.107,correlated_pymatching,2919daae83c4bb355497b537b8eb3fa0541c9a74ae42f34c983947fa1bd75892,"{""d"":7.0,""p"":0.001,""r"":7.0}",
      1024,         0,         0,   0.045,correlated_pymatching,a50f81865d6b6d34201cc5fbf035f39862052f16ef076d797da2bafce6e88841,"{""d"":5.0,""p"":0.00046415888336127773,""r"":5.0}",
      1280,        10,         0,   0.020,correlated_pymatching,3d5305584e2a69d74a756bf129e68f0096a401a6675ba453b72b13c5ebc9cd27,"{""d"":3.0,""p"":0.001,""r"":3.0}","{""obs_mistake_mask=E"":10}"
         1,         0,         0,   0.108,correlated_pymatching,e020dd2c32c8d7bf6cffbce0be23bba9cdcadc6767681b343d85a6541ef25767,"{""d"":7.0,""p"":0.00021544346900318845,""r"":7.0}",
         1,         1,         0,   0.109,correlated_pymatching,a849ac6ba153901c6771f1587a0f49408cdbb79c1b02e347cc7a5b199e1af83c,"{""d"":7.0,""p"":0.046415888336127774,""r"":7.0}","{""obs_mistake_mask=E"":1}"
         1,         0,         0,   0.107,correlated_pymatching,33a101850f98c928fbbc383bb8c285c830115614c745647644cc259ef2a86600,"{""d"":7.0,""p"":0.021544346900318822,""r"":7.0}",
         1,         1,         0,   0.106,correlated_pymatching,3340f1f416574baaf892fb51166199a7af60ef9ffe9b25de28503142f62480ab,"{""d"":7.0,""p"":0.01,""r"":7.0}","{""obs_mistake_mask=E"":1}"
      2048,         7,         0,   0.021,correlated_pymatching,469ed0a1029a85e43a8423d93e5772974a8ed7cd211c80644b5625cdc6e90d45,"{""d"":3.0,""p"":0.00046415888336127773,""r"":3.0}","{""obs_mistake_mask=E"":7}"
       512,        76,         0,   0.086,correlated_pymatching,606c3e923ec90a17c893a84c53b1dac06004c7a078654ff843df3a8c87b49144,"{""d"":5.0,""p"":0.004641588833612777,""r"":5.0}","{""obs_mistake_mask=E"":76}"
      1024,         0,         0,   0.042,correlated_pymatching,2e5e2e3e7a74d8ea5dcf398c0972d0c2503acf1083ae9653707b46510d0c62ea,"{""d"":5.0,""p"":0.00021544346900318845,""r"":5.0}",
      3072,         1,         0,   0.028,correlated_pymatching,24978d4f30d011ee4e5902aea4aa94a596fe54b62f28bafd09637c5bff3e5260,"{""d"":3.0,""p"":0.00021544346900318845,""r"":3.0}","{""obs_mistake_mask=E"":1}"
      5120,        54,         0,   0.060,correlated_pymatching,3d5305584e2a69d74a756bf129e68f0096a401a6675ba453b72b13c5ebc9cd27,"{""d"":3.0,""p"":0.001,""r"":3.0}","{""obs_mistake_mask=E"":54}"
         1,         0,         0,   0.106,correlated_pymatching,b557e1156d22923bb1e5572c63f323fa36b5077673ec4c15ead6a55aac830999,"{""d"":7.0,""p"":0.1,""r"":7.0}",
      2048,        22,         0,   0.022,correlated_pymatching,3d5305584e2a69d74a756bf129e68f0096a401a6675ba453b72b13c5ebc9cd27,"{""d"":3.0,""p"":0.001,""r"":3.0}","{""obs_mistake_mask=E"":22}"
      1024,         8,         0,   0.054,correlated_pymatching,7ad32b5dc12cb010842a45b0255bb9fe1695566bc49cdf3831eb02a6048175bd,"{""d"":5.0,""p"":0.001,""r"":5.0}","{""obs_mistake_mask=E"":8}"
       512,        12,         0,   0.056,correlated_pymatching,30056907d9b2fd1f149824ef71693dea7ba4a4099abc667e17279a2c81d9e92b,"{""d"":5.0,""p"":0.002154434690031882,""r"":5.0}","{""obs_mistake_mask=E"":12}"
      5120,         0,         0,   0.046,correlated_pymatching,d03e8ad66fc8e042fc07334756dfcfa1ba79773f7827218083e3aa032ca79802,"{""d"":3.0,""p"":0.0001,""r"":3.0}",
      3072,         6,         0,   0.031,correlated_pymatching,469ed0a1029a85e43a8423d93e5772974a8ed7cd211c80644b5625cdc6e90d45,"{""d"":3.0,""p"":0.00046415888336127773,""r"":3.0}","{""obs_mistake_mask=E"":6}"
      8192,        27,         0,   0.079,correlated_pymatching,469ed0a1029a85e43a8423d93e5772974a8ed7cd211c80644b5625cdc6e90d45,"{""d"":3.0,""p"":0.00046415888336127773,""r"":3.0}","{""obs_mistake_mask=E"":27}"
      9216,         2,         0,   0.082,correlated_pymatching,d03e8ad66fc8e042fc07334756dfcfa1ba79773f7827218083e3aa032ca79802,"{""d"":3.0,""p"":0.0001,""r"":3.0}","{""obs_mistake_mask=E"":2}"
         4,         1,         0,   0.101,correlated_pymatching,a849ac6ba153901c6771f1587a0f49408cdbb79c1b02e347cc7a5b199e1af83c,"{""d"":7.0,""p"":0.046415888336127774,""r"":7.0}","{""obs_mistake_mask=E"":1}"
      4096,         2,         0,   0.040,correlated_pymatching,24978d4f30d011ee4e5902aea4aa94a596fe54b62f28bafd09637c5bff3e5260,"{""d"":3.0,""p"":0.00021544346900318845,""r"":3.0}","{""obs_mistake_mask=E"":2}"
      8192,         8,         0,   0.080,correlated_pymatching,24978d4f30d011ee4e5902aea4aa94a596fe54b62f28bafd09637c5bff3e5260,"{""d"":3.0,""p"":0.00021544346900318845,""r"":3.0}","{""obs_mistake_mask=E"":8}"
      3072,        41,         0,   0.034,correlated_pymatching,3d5305584e2a69d74a756bf129e68f0096a401a6675ba453b72b13c5ebc9cd27,"{""d"":3.0,""p"":0.001,""r"":3.0}","{""obs_mistake_mask=E"":41}"
         4,         0,         0,   0.097,correlated_pymatching,6f4138706b2861bd7bd4a7ef25ab4bc4bb96c80f874afab6c14fcb3503e4cf84,"{""d"":7.0,""p"":0.002154434690031882,""r"":7.0}",
      1024,         0,         0,   0.055,correlated_pymatching,2e5e2e3e7a74d8ea5dcf398c0972d0c2503acf1083ae9653707b46510d0c62ea,"{""d"":5.0,""p"":0.00021544346900318845,""r"":5.0}",
         4,         0,         0,   0.097,correlated_pymatching,3da66f42efe4b9ee8b75f8d643d901a11e2bc0d91db4c5f0c0317ddd420e34a5,"{""d"":7.0,""p"":0.0001,""r"":7.0}",
      2048,         0,         0,   0.080,correlated_pymatching,745961ec464dc090b9d2800818153a5191b18eda07e56d80217194f95b8f8bbd,"{""d"":5.0,""p"":0.0001,""r"":5.0}",
       512,       246,         0,   0.146,correlated_pymatching,2eb63c04cbebca677734a02fde5034345dc945f28721ef0d0d86317d2174d8db,"{""d"":5.0,""p"":0.01,""r"":5.0}","{""obs_mistake_mask=E"":246}"
         4,         1,         0,   0.100,correlated_pymatching,1ecb6637f802f460e5f34b81b6766b88fe57a1b15130c28a7eb57a8463b28d8b,"{""d"":7.0,""p"":0.004641588833612777,""r"":7.0}","{""obs_mistake_mask=E"":1}"
         4,         0,         0,   0.098,correlated_pymatching,d821558028d0b71fbf8148e27be7c074e0e8b72611fd5ff402120f6913a24690,"{""d"":7.0,""p"":0.00046415888336127773,""r"":7.0}",
      4096,        12,         0,   0.043,correlated_pymatching,469ed0a1029a85e43a8423d93e5772974a8ed7cd211c80644b5625cdc6e90d45,"{""d"":3.0,""p"":0.00046415888336127773,""r"":3.0}","{""obs_mistake_mask=E"":12}"
      6144,         2,         0,   0.055,correlated_pymatching,d03e8ad66fc8e042fc07334756dfcfa1ba79773f7827218083e3aa032ca79802,"{""d"":3.0,""p"":0.0001,""r"":3.0}","{""obs_mistake_mask=E"":2}"
      2048,         0,         0,   0.091,correlated_pymatching,a50f81865d6b6d34201cc5fbf035f39862052f16ef076d797da2bafce6e88841,"{""d"":5.0,""p"":0.00046415888336127773,""r"":5.0}",
      5120,        51,         0,   0.079,correlated_pymatching,3d5305584e2a69d74a756bf129e68f0096a401a6675ba453b72b13c5ebc9cd27,"{""d"":3.0,""p"":0.001,""r"":3.0}","{""obs_mistake_mask=E"":51}"
         4,         0,         0,   0.098,correlated_pymatching,2919daae83c4bb355497b537b8eb3fa0541c9a74ae42f34c983947fa1bd75892,"{""d"":7.0,""p"":0.001,""r"":7.0}",
         1,         0,         0,   0.038,correlated_pymatching,2e5e2e3e7a74d8ea5dcf398c0972d0c2503acf1083ae9653707b46510d0c62ea,"{""d"":5.0,""p"":0.00021544346900318845,""r"":5.0}",
         4,         4,         0,   0.107,correlated_pymatching,b557e1156d22923bb1e5572c63f323fa36b5077673ec4c15ead6a55aac830999,"{""d"":7.0,""p"":0.1,""r"":7.0}","{""obs_mistake_mask=E"":4}"
         4,         0,         0,   0.099,correlated_pymatching,e020dd2c32c8d7bf6cffbce0be23bba9cdcadc6767681b343d85a6541ef25767,"{""d"":7.0,""p"":0.00021544346900318845,""r"":7.0}",
      4096,        35,         0,   0.045,correlated_pymatching,3d5305584e2a69d74a756bf129e68f0096a401a6675ba453b72b13c5ebc9cd27,"{""d"":3.0,""p"":0.001,""r"":3.0}","{""obs_mistake_mask=E"":35}"
      1024,        23,         0,   0.076,correlated_pymatching,30056907d9b2fd1f149824ef71693dea7ba4a4099abc667e17279a2c81d9e92b,"{""d"":5.0,""p"":0.002154434690031882,""r"":5.0}","{""obs_mistake_mask=E"":23}"
         4,         1,         0,   0.101,correlated_pymatching,3340f1f416574baaf892fb51166199a7af60ef9ffe9b25de28503142f62480ab,"{""d"":7.0,""p"":0.01,""r"":7.0}","{""obs_mistake_mask=E"":1}"
         4,         1,         0,   0.104,correlated_pymatching,33a101850f98c928fbbc383bb8c285c830115614c745647644cc259ef2a86600,"{""d"":7.0,""p"":0.021544346900318822,""r"":7.0}","{""obs_mistake_mask=E"":1}"
         4,         3,         0,   0.106,correlated_pymatching,a849ac6ba153901c6771f1587a0f49408cdbb79c1b02e347cc7a5b199e1af83c,"{""d"":7.0,""p"":0.046415888336127774,""r"":7.0}","{""obs_mistake_mask=E"":3}"
      6144,         8,         0,   0.056,correlated_pymatching,24978d4f30d011ee4e5902aea4aa94a596fe54b62f28bafd09637c5bff3e5260,"{""d"":3.0,""p"":0.00021544346900318845,""r"":3.0}","{""obs_mistake_mask=E"":8}"
         4,         4,         0,   0.105,correlated_pymatching,b557e1156d22923bb1e5572c63f323fa36b5077673ec4c15ead6a55aac830999,"{""d"":7.0,""p"":0.1,""r"":7.0}","{""obs_mistake_mask=E"":4}"
         1,         0,         0,   0.045,correlated_pymatching,745961ec464dc090b9d2800818153a5191b18eda07e56d80217194f95b8f8bbd,"{""d"":5.0,""p"":0.0001,""r"":5.0}",
      2048,         2,         0,   0.106,correlated_pymatching,7ad32b5dc12cb010842a45b0255bb9fe1695566bc49cdf3831eb02a6048175bd,"{""d"":5.0,""p"":0.001,""r"":5.0}","{""obs_mistake_mask=E"":2}"
         8,         0,         0,   0.036,correlated_pymatching,2e5e2e3e7a74d8ea5dcf398c0972d0c2503acf1083ae9653707b46510d0c62ea,"{""d"":5.0,""p"":0.00021544346900318845,""r"":5.0}",
      1024,       179,         0,   0.132,correlated_pymatching,606c3e923ec90a17c893a84c53b1dac06004c7a078654ff843df3a8c87b49144,"{""d"":5.0,""p"":0.004641588833612777,""r"":5.0}","{""obs_mistake_mask=E"":179}"
      6144,        17,         0,   0.061,correlated_pymatching,469ed0a1029a85e43a8423d93e5772974a8ed7cd211c80644b5625cdc6e90d45,"{""d"":3.0,""p"":0.00046415888336127773,""r"":3.0}","{""obs_mistake_mask=E"":17}"
     11264,        31,         0,   0.111,correlated_pymatching,469ed0a1029a85e43a8423d93e5772974a8ed7cd211c80644b5625cdc6e90d45,"{""d"":3.0,""p"":0.00046415888336127773,""r"":3.0}","{""obs_mistake_mask=E"":31}"
     12288,         5,         0,   0.109,correlated_pymatching,d03e8ad66fc8e042fc07334756dfcfa1ba79773f7827218083e3aa032ca79802,"{""d"":3.0,""p"":0.0001,""r"":3.0}","{""obs_mistake_mask=E"":5}"
         8,         0,         0,   0.037,correlated_pymatching,745961ec464dc090b9d2800818153a5191b18eda07e56d80217194f95b8f8bbd,"{""d"":5.0,""p"":0.0001,""r"":5.0}",
      5120,        57,         0,   0.055,correlated_pymatching,3d5305584e2a69d74a756bf129e68f0096a401a6675ba453b72b13c5ebc9cd27,"{""d"":3.0,""p"":0.001,""r"":3.0}","{""obs_mistake_mask=E"":57}"
        16,         0,         0,   0.096,correlated_pymatching,6f4138706b2861bd7bd4a7ef25ab4bc4bb96c80f874afab6c14fcb3503e4cf84,"{""d"":7.0,""p"":0.002154434690031882,""r"":7.0}",
        16,         0,         0,   0.094,correlated_pymatching,3da66f42efe4b9ee8b75f8d643d901a11e2bc0d91db4c5f0c0317ddd420e34a5,"{""d"":7.0,""p"":0.0001,""r"":7.0}",
      9216,         1,         0,   0.081,correlated_pymatching,d03e8ad66fc8e042fc07334756dfcfa1ba79773f7827218083e3aa032ca79802,"{""d"":3.0,""p"":0.0001,""r"":3.0}","{""obs_mistake_mask=E"":1}"
     12288,         7,         0,   0.114,correlated_pymatching,24978d4f30d011ee4e5902aea4aa94a596fe54b62f28bafd09637c5bff3e5260,"{""d"":3.0,""p"":0.00021544346900318845,""r"":3.0}","{""obs_mistake_mask=E"":7}"
       128,         0,         0,   0.037,correlated_pymatching,2e5e2e3e7a74d8ea5dcf398c0972d0c2503acf1083ae9653707b46510d0c62ea,"{""d"":5.0,""p"":0.00021544346900318845,""r"":5.0}",
       512,       253,         0,   0.239,correlated_pymatching,9f994ca2c284ecd4c6e4c283545775538ed576a847027c596efdaebe2f30a826,"{""d"":5.0,""p"":0.021544346900318822,""r"":5.0}","{""obs_mistake_mask=E"":253}"
        16,         5,         0,   0.125,correlated_pymatching,a849ac6ba153901c6771f1587a0f49408cdbb79c1b02e347cc7a5b199e1af83c,"{""d"":7.0,""p"":0.046415888336127774,""r"":7.0}","{""obs_mistake_mask=E"":5}"
      1024,        23,         0,   0.075,correlated_pymatching,30056907d9b2fd1f149824ef71693dea7ba4a4099abc667e17279a2c81d9e92b,"{""d"":5.0,""p"":0.002154434690031882,""r"":5.0}","{""obs_mistake_mask=E"":23}"
        16,         4,         0,   0.102,correlated_pymatching,1ecb6637f802f460e5f34b81b6766b88fe57a1b15130c28a7eb57a8463b28d8b,"{""d"":7.0,""p"":0.004641588833612777,""r"":7.0}","{""obs_mistake_mask=E"":4}"
      2048,         2,         0,   0.090,correlated_pymatching,a50f81865d6b6d34201cc5fbf035f39862052f16ef076d797da2bafce6e88841,"{""d"":5.0,""p"":0.00046415888336127773,""r"":5.0}","{""obs_mistake_mask=E"":2}"
       256,       128,         0,   0.192,correlated_pymatching,e40c96721ba97485a55b8fc72231c6005e027d8d72c8500574910fc3a1358920,"{""d"":5.0,""p"":0.1,""r"":5.0}","{""obs_mistake_mask=E"":128}"
      2048,         0,         0,   0.115,correlated_pymatching,745961ec464dc090b9d2800818153a5191b18eda07e56d80217194f95b8f8bbd,"{""d"":5.0,""p"":0.0001,""r"":5.0}",
        16,         0,         0,   0.099,correlated_pymatching,2919daae83c4bb355497b537b8eb3fa0541c9a74ae42f34c983947fa1bd75892,"{""d"":7.0,""p"":0.001,""r"":7.0}",
      9216,         5,         0,   0.083,correlated_pymatching,24978d4f30d011ee4e5902aea4aa94a596fe54b62f28bafd09637c5bff3e5260,"{""d"":3.0,""p"":0.00021544346900318845,""r"":3.0}","{""obs_mistake_mask=E"":5}"
       128,         0,         0,   0.037,correlated_pymatching,745961ec464dc090b9d2800818153a5191b18eda07e56d80217194f95b8f8bbd,"{""d"":5.0,""p"":0.0001,""r"":5.0}",
      9216,        86,         0,   0.105,correlated_pymatching,3d5305584e2a69d74a756bf129e68f0096a401a6675ba453b72b13c5ebc9cd27,"{""d"":3.0,""p"":0.001,""r"":3.0}","{""obs_mistake_mask=E"":86}"
        16,         0,         0,   0.099,correlated_pymatching,e020dd2c32c8d7bf6cffbce0be23bba9cdcadc6767681b343d85a6541ef25767,"{""d"":7.0,""p"":0.00021544346900318845,""r"":7.0}",
      4096,        46,         0,   0.044,correlated_pymatching,3d5305584e2a69d74a756bf129e68f0096a401a6675ba453b72b13c5ebc9cd27,"{""d"":3.0,""p"":0.001,""r"":3.0}","{""obs_mistake_mask=E"":46}"
        16,         0,         0,   0.127,correlated_pymatching,d821558028d0b71fbf8148e27be7c074e0e8b72611fd5ff402120f6913a24690,"{""d"":7.0,""p"":0.00046415888336127773,""r"":7.0}",
      1024,         9,         0,   0.011,correlated_pymatching,3d5305584e2a69d74a756bf129e68f0096a401a6675ba453b72b13c5ebc9cd27,"{""d"":3.0,""p"":0.001,""r"":3.0}","{""obs_mistake_mask=E"":9}"
      1024,         0,         0,   0.042,correlated_pymatching,2e5e2e3e7a74d8ea5dcf398c0972d0c2503acf1083ae9653707b46510d0c62ea,"{""d"":5.0,""p"":0.00021544346900318845,""r"":5.0}",
        16,         9,         0,   0.110,correlated_pymatching,3340f1f416574baaf892fb51166199a7af60ef9ffe9b25de28503142f62480ab,"{""d"":7.0,""p"":0.01,""r"":7.0}","{""obs_mistake_mask=E"":9}"
      8192,        23,         0,   0.080,correlated_pymatching,469ed0a1029a85e43a8423d93e5772974a8ed7cd211c80644b5625cdc6e90d45,"{""d"":3.0,""p"":0.00046415888336127773,""r"":3.0}","{""obs_mistake_mask=E"":23}"
        16,        10,         0,   0.120,correlated_pymatching,33a101850f98c928fbbc383bb8c285c830115614c745647644cc259ef2a86600,"{""d"":7.0,""p"":0.021544346900318822,""r"":7.0}","{""obs_mistake_mask=E"":10}"
        16,        11,         0,   0.132,correlated_pymatching,b557e1156d22923bb1e5572c63f323fa36b5077673ec4c15ead6a55aac830999,"{""d"":7.0,""p"":0.1,""r"":7.0}","{""obs_mistake_mask=E"":11}"
      1024,         0,         0,   0.041,correlated_pymatching,745961ec464dc090b9d2800818153a5191b18eda07e56d80217194f95b8f8bbd,"{""d"":5.0,""p"":0.0001,""r"":5.0}",
        16,         7,         0,   0.128,correlated_pymatching,a849ac6ba153901c6771f1587a0f49408cdbb79c1b02e347cc7a5b199e1af83c,"{""d"":7.0,""p"":0.046415888336127774,""r"":7.0}","{""obs_mistake_mask=E"":7}"
      2048,         7,         0,   0.107,correlated_pymatching,7ad32b5dc12cb010842a45b0255bb9fe1695566bc49cdf3831eb02a6048175bd,"{""d"":5.0,""p"":0.001,""r"":5.0}","{""obs_mistake_mask=E"":7}"
        16,         8,         0,   0.131,correlated_pymatching,b557e1156d22923bb1e5572c63f323fa36b5077673ec4c15ead6a55aac830999,"{""d"":7.0,""p"":0.1,""r"":7.0}","{""obs_mistake_mask=E"":8}"
      1024,        30,         0,   0.075,correlated_pymatching,30056907d9b2fd1f149824ef71693dea7ba4a4099abc667e17279a2c81d9e92b,"{""d"":5.0,""p"":0.002154434690031882,""r"":5.0}","{""obs_mistake_mask=E"":30}"
      1024,         0,         0,   0.042,correlated_pymatching,2e5e2e3e7a74d8ea5dcf398c0972d0c2503acf1083ae9653707b46510d0c62ea,"{""d"":5.0,""p"":0.00021544346900318845,""r"":5.0}",
        64,         0,         0,   0.096,correlated_pymatching,3da66f42efe4b9ee8b75f8d643d901a11e2bc0d91db4c5f0c0317ddd420e34a5,"{""d"":7.0,""p"":0.0001,""r"":7.0}",
      2048,         0,         0,   0.198,correlated_pymatching,2e5e2e3e7a74d8ea5dcf398c0972d0c2503acf1083ae9653707b46510d0c62ea,"{""d"":5.0,""p"":0.00021544346900318845,""r"":5.0}",
        64,         1,         0,   0.102,correlated_pymatching,6f4138706b2861bd7bd4a7ef25ab4bc4bb96c80f874afab6c14fcb3503e4cf84,"{""d"":7.0,""p"":0.002154434690031882,""r"":7.0}","{""obs_mistake_mask=E"":1}"
       512,       238,         0,   0.312,correlated_pymatching,0458b096363f784bc48a6acbe9b1b091cc7d95b1ad4588fa8c17b28c6bf7761f,"{""d"":5.0,""p"":0.046415888336127774,""r"":5.0}","{""obs_mistake_mask=E"":238}"
      1024,       156,         0,   0.130,correlated_pymatching,606c3e923ec90a17c893a84c53b1dac06004c7a078654ff843df3a8c87b49144,"{""d"":5.0,""p"":0.004641588833612777,""r"":5.0}","{""obs_mistake_mask=E"":156}"
     11264,         3,         0,   0.106,correlated_pymatching,d03e8ad66fc8e042fc07334756dfcfa1ba79773f7827218083e3aa032ca79802,"{""d"":3.0,""p"":0.0001,""r"":3.0}","{""obs_mistake_mask=E"":3}"
      1024,         0,         0,   0.040,correlated_pymatching,745961ec464dc090b9d2800818153a5191b18eda07e56d80217194f95b8f8bbd,"{""d"":5.0,""p"":0.0001,""r"":5.0}",
        64,         0,         0,   0.099,correlated_pymatching,2919daae83c4bb355497b537b8eb3fa0541c9a74ae42f34c983947fa1bd75892,"{""d"":7.0,""p"":0.001,""r"":7.0}",
        64,        11,         0,   0.117,correlated_pymatching,1ecb6637f802f460e5f34b81b6766b88fe57a1b15130c28a7eb57a8463b28d8b,"{""d"":7.0,""p"":0.004641588833612777,""r"":7.0}","{""obs_mistake_mask=E"":11}"
        64,         0,         0,   0.098,correlated_pymatching,e020dd2c32c8d7bf6cffbce0be23bba9cdcadc6767681b343d85a6541ef25767,"{""d"":7.0,""p"":0.00021544346900318845,""r"":7.0}",
     15360,        34,         0,   0.151,correlated_pymatching,469ed0a1029a85e43a8423d93e5772974a8ed7cd211c80644b5625cdc6e90d45,"{""d"":3.0,""p"":0.00046415888336127773,""r"":3.0}","{""obs_mistake_mask=E"":34}"
        64,         0,         0,   0.098,correlated_pymatching,d821558028d0b71fbf8148e27be7c074e0e8b72611fd5ff402120f6913a24690,"{""d"":7.0,""p"":0.00046415888336127773,""r"":7.0}",
     12288,         6,         0,   0.112,correlated_pymatching,24978d4f30d011ee4e5902aea4aa94a596fe54b62f28bafd09637c5bff3e5260,"{""d"":3.0,""p"":0.00021544346900318845,""r"":3.0}","{""obs_mistake_mask=E"":6}"
      3072,         0,         0,   0.121,correlated_pymatching,745961ec464dc090b9d2800818153a5191b18eda07e56d80217194f95b8f8bbd,"{""d"":5.0,""p"":0.0001,""r"":5.0}",
     17408,         3,         0,   0.155,correlated_pymatching,d03e8ad66fc8e042fc07334756dfcfa1ba79773f7827218083e3aa032ca79802,"{""d"":3.0,""p"":0.0001,""r"":3.0}","{""obs_mistake_mask=E"":3}"
      3072,         1,         0,   0.136,correlated_pymatching,a50f81865d6b6d34201cc5fbf035f39862052f16ef076d797da2bafce6e88841,"{""d"":5.0,""p"":0.00046415888336127773,""r"":5.0}","{""obs_mistake_mask=E"":1}"
     16384,        13,         0,   0.151,correlated_pymatching,24978d4f30d011ee4e5902aea4aa94a596fe54b62f28bafd09637c5bff3e5260,"{""d"":3.0,""p"":0.00021544346900318845,""r"":3.0}","{""obs_mistake_mask=E"":13}"
         1,         0,         0,   0.038,correlated_pymatching,a50f81865d6b6d34201cc5fbf035f39862052f16ef076d797da2bafce6e88841,"{""d"":5.0,""p"":0.00046415888336127773,""r"":5.0}",
         1,         0,         0,   0.042,correlated_pymatching,7ad32b5dc12cb010842a45b0255bb9fe1695566bc49cdf3831eb02a6048175bd,"{""d"":5.0,""p"":0.001,""r"":5.0}",
      1024,       492,         0,   0.252,correlated_pymatching,2eb63c04cbebca677734a02fde5034345dc945f28721ef0d0d86317d2174d8db,"{""d"":5.0,""p"":0.01,""r"":5.0}","{""obs_mistake_mask=E"":492}"
     11264,        32,         0,   0.110,correlated_pymatching,469ed0a1029a85e43a8423d93e5772974a8ed7cd211c80644b5625cdc6e90d45,"{""d"":3.0,""p"":0.00046415888336127773,""r"":3.0}","{""obs_mistake_mask=E"":32}"
      2048,         0,         0,   0.085,correlated_pymatching,2e5e2e3e7a74d8ea5dcf398c0972d0c2503acf1083ae9653707b46510d0c62ea,"{""d"":5.0,""p"":0.00021544346900318845,""r"":5.0}",
      2048,         6,         0,   0.107,correlated_pymatching,7ad32b5dc12cb010842a45b0255bb9fe1695566bc49cdf3831eb02a6048175bd,"{""d"":5.0,""p"":0.001,""r"":5.0}","{""obs_mistake_mask=E"":6}"
      2048,         0,         0,   0.081,correlated_pymatching,745961ec464dc090b9d2800818153a5191b18eda07e56d80217194f95b8f8bbd,"{""d"":5.0,""p"":0.0001,""r"":5.0}",
       256,         0,         0,   0.099,correlated_pymatching,3da66f42efe4b9ee8b75f8d643d901a11e2bc0d91db4c5f0c0317ddd420e34a5,"{""d"":7.0,""p"":0.0001,""r"":7.0}",
         8,         0,         0,   0.036,correlated_pymatching,a50f81865d6b6d34201cc5fbf035f39862052f16ef076d797da2bafce6e88841,"{""d"":5.0,""p"":0.00046415888336127773,""r"":5.0}",
        64,        33,         0,   0.147,correlated_pymatching,3340f1f416574baaf892fb51166199a7af60ef9ffe9b25de28503142f62480ab,"{""d"":7.0,""p"":0.01,""r"":7.0}","{""obs_mistake_mask=E"":33}"
         8,         0,         0,   0.040,correlated_pymatching,7ad32b5dc12cb010842a45b0255bb9fe1695566bc49cdf3831eb02a6048175bd,"{""d"":5.0,""p"":0.001,""r"":5.0}",
       256,         2,         0,   0.126,correlated_pymatching,6f4138706b2861bd7bd4a7ef25ab4bc4bb96c80f874afab6c14fcb3503e4cf84,"{""d"":7.0,""p"":0.002154434690031882,""r"":7.0}","{""obs_mistake_mask=E"":2}"
      3072,         0,         0,   0.126,correlated_pymatching,2e5e2e3e7a74d8ea5dcf398c0972d0c2503acf1083ae9653707b46510d0c62ea,"{""d"":5.0,""p"":0.00021544346900318845,""r"":5.0}",
        64,        36,         0,   0.221,correlated_pymatching,a849ac6ba153901c6771f1587a0f49408cdbb79c1b02e347cc7a5b199e1af83c,"{""d"":7.0,""p"":0.046415888336127774,""r"":7.0}","{""obs_mistake_mask=E"":36}"
       256,         0,         0,   0.100,correlated_pymatching,e020dd2c32c8d7bf6cffbce0be23bba9cdcadc6767681b343d85a6541ef25767,"{""d"":7.0,""p"":0.00021544346900318845,""r"":7.0}",
         1,         0,         0,   0.037,correlated_pymatching,30056907d9b2fd1f149824ef71693dea7ba4a4099abc667e17279a2c81d9e92b,"{""d"":5.0,""p"":0.002154434690031882,""r"":5.0}",
       128,         0,         0,   0.039,correlated_pymatching,a50f81865d6b6d34201cc5fbf035f39862052f16ef076d797da2bafce6e88841,"{""d"":5.0,""p"":0.00046415888336127773,""r"":5.0}",
       256,         0,         0,   0.110,correlated_pymatching,2919daae83c4bb355497b537b8eb3fa0541c9a74ae42f34c983947fa1bd75892,"{""d"":7.0,""p"":0.001,""r"":7.0}",
      2048,        41,         0,   0.149,correlated_pymatching,30056907d9b2fd1f149824ef71693dea7ba4a4099abc667e17279a2c81d9e92b,"{""d"":5.0,""p"":0.002154434690031882,""r"":5.0}","{""obs_mistake_mask=E"":41}"
       256,         0,         0,   0.103,correlated_pymatching,d821558028d0b71fbf8148e27be7c074e0e8b72611fd5ff402120f6913a24690,"{""d"":7.0,""p"":0.00046415888336127773,""r"":7.0}",
        64,         0,         0,   0.041,correlated_pymatching,7ad32b5dc12cb010842a45b0255bb9fe1695566bc49cdf3831eb02a6048175bd,"{""d"":5.0,""p"":0.001,""r"":5.0}",
        64,        30,         0,   0.188,correlated_pymatching,33a101850f98c928fbbc383bb8c285c830115614c745647644cc259ef2a86600,"{""d"":7.0,""p"":0.021544346900318822,""r"":7.0}","{""obs_mistake_mask=E"":30}"
     16384,         4,         0,   0.148,correlated_pymatching,d03e8ad66fc8e042fc07334756dfcfa1ba79773f7827218083e3aa032ca79802,"{""d"":3.0,""p"":0.0001,""r"":3.0}","{""obs_mistake_mask=E"":4}"
      2048,         0,         0,   0.085,correlated_pymatching,2e5e2e3e7a74d8ea5dcf398c0972d0c2503acf1083ae9653707b46510d0c62ea,"{""d"":5.0,""p"":0.00021544346900318845,""r"":5.0}",
        16,         2,         0,   0.037,correlated_pymatching,30056907d9b2fd1f149824ef71693dea7ba4a4099abc667e17279a2c81d9e92b,"{""d"":5.0,""p"":0.002154434690031882,""r"":5.0}","{""obs_mistake_mask=E"":2}"
      2048,         0,         0,   0.081,correlated_pymatching,745961ec464dc090b9d2800818153a5191b18eda07e56d80217194f95b8f8bbd,"{""d"":5.0,""p"":0.0001,""r"":5.0}",
      1024,         0,         0,   0.047,correlated_pymatching,a50f81865d6b6d34201cc5fbf035f39862052f16ef076d797da2bafce6e88841,"{""d"":5.0,""p"":0.00046415888336127773,""r"":5.0}",
        64,        34,         0,   0.218,correlated_pymatching,a849ac6ba153901c6771f1587a0f49408cdbb79c1b02e347cc7a5b199e1af83c,"{""d"":7.0,""p"":0.046415888336127774,""r"":7.0}","{""obs_mistake_mask=E"":34}"
       512,         1,         0,   0.048,correlated_pymatching,7ad32b5dc12cb010842a45b0255bb9fe1695566bc49cdf3831eb02a6048175bd,"{""d"":5.0,""p"":0.001,""r"":5.0}","{""obs_mistake_mask=E"":1}"
     16384,        14,         0,   0.149,correlated_pymatching,24978d4f30d011ee4e5902aea4aa94a596fe54b62f28bafd09637c5bff3e5260,"{""d"":3.0,""p"":0.00021544346900318845,""r"":3.0}","{""obs_mistake_mask=E"":14}"
        64,        35,         0,   0.232,correlated_pymatching,b557e1156d22923bb1e5572c63f323fa36b5077673ec4c15ead6a55aac830999,"{""d"":7.0,""p"":0.1,""r"":7.0}","{""obs_mistake_mask=E"":35}"
      1024,         0,         0,   0.107,correlated_pymatching,3da66f42efe4b9ee8b75f8d643d901a11e2bc0d91db4c5f0c0317ddd420e34a5,"{""d"":7.0,""p"":0.0001,""r"":7.0}",
      4096,         0,         0,   0.162,correlated_pymatching,745961ec464dc090b9d2800818153a5191b18eda07e56d80217194f95b8f8bbd,"{""d"":5.0,""p"":0.0001,""r"":5.0}",
       256,        37,         0,   0.177,correlated_pymatching,1ecb6637f802f460e5f34b81b6766b88fe57a1b15130c28a7eb57a8463b28d8b,"{""d"":7.0,""p"":0.004641588833612777,""r"":7.0}","{""obs_mistake_mask=E"":37}"
       256,         4,         0,   0.046,correlated_pymatching,30056907d9b2fd1f149824ef71693dea7ba4a4099abc667e17279a2c81d9e92b,"{""d"":5.0,""p"":0.002154434690031882,""r"":5.0}","{""obs_mistake_mask=E"":4}"
        64,        30,         0,   0.234,correlated_pymatching,b557e1156d22923bb1e5572c63f323fa36b5077673ec4c15ead6a55aac830999,"{""d"":7.0,""p"":0.1,""r"":7.0}","{""obs_mistake_mask=E"":30}"
     15360,        45,         0,   0.149,correlated_pymatching,469ed0a1029a85e43a8423d93e5772974a8ed7cd211c80644b5625cdc6e90d45,"{""d"":3.0,""p"":0.00046415888336127773,""r"":3.0}","{""obs_mistake_mask=E"":45}"
      1024,         0,         0,   0.046,correlated_pymatching,a50f81865d6b6d34201cc5fbf035f39862052f16ef076d797da2bafce6e88841,"{""d"":5.0,""p"":0.00046415888336127773,""r"":5.0}",
      4096,         2,         0,   0.181,correlated_pymatching,a50f81865d6b6d34201cc5fbf035f39862052f16ef076d797da2bafce6e88841,"{""d"":5.0,""p"":0.00046415888336127773,""r"":5.0}","{""obs_mistake_mask=E"":2}"
      3072,         8,         0,   0.162,correlated_pymatching,7ad32b5dc12cb010842a45b0255bb9fe1695566bc49cdf3831eb02a6048175bd,"{""d"":5.0,""p"":0.001,""r"":5.0}","{""obs_mistake_mask=E"":8}"
      1024,         0,         0,   0.113,correlated_pymatching,e020dd2c32c8d7bf6cffbce0be23bba9cdcadc6767681b343d85a6541ef25767,"{""d"":7.0,""p"":0.00021544346900318845,""r"":7.0}",
     21504,        63,         0,   0.209,correlated_pymatching,469ed0a1029a85e43a8423d93e5772974a8ed7cd211c80644b5625cdc6e90d45,"{""d"":3.0,""p"":0.00046415888336127773,""r"":3.0}","{""obs_mistake_mask=E"":63}"
      1024,         2,         0,   0.059,correlated_pymatching,7ad32b5dc12cb010842a45b0255bb9fe1695566bc49cdf3831eb02a6048175bd,"{""d"":5.0,""p"":0.001,""r"":5.0}","{""obs_mistake_mask=E"":2}"
     23552,         3,         0,   0.210,correlated_pymatching,d03e8ad66fc8e042fc07334756dfcfa1ba79773f7827218083e3aa032ca79802,"{""d"":3.0,""p"":0.0001,""r"":3.0}","{""obs_mistake_mask=E"":3}"
       512,       247,         0,   0.345,correlated_pymatching,e40c96721ba97485a55b8fc72231c6005e027d8d72c8500574910fc3a1358920,"{""d"":5.0,""p"":0.1,""r"":5.0}","{""obs_mistake_mask=E"":247}"
      1024,         0,         0,   0.123,correlated_pymatching,d821558028d0b71fbf8148e27be7c074e0e8b72611fd5ff402120f6913a24690,"{""d"":7.0,""p"":0.00046415888336127773,""r"":7.0}",
     22528,        13,         0,   0.207,correlated_pymatching,24978d4f30d011ee4e5902aea4aa94a596fe54b62f28bafd09637c5bff3e5260,"{""d"":3.0,""p"":0.00021544346900318845,""r"":3.0}","{""obs_mistake_mask=E"":13}"
      1024,         0,         0,   0.149,correlated_pymatching,2919daae83c4bb355497b537b8eb3fa0541c9a74ae42f34c983947fa1bd75892,"{""d"":7.0,""p"":0.001,""r"":7.0}",
      2048,        50,         0,   0.148,correlated_pymatching,30056907d9b2fd1f149824ef71693dea7ba4a4099abc667e17279a2c81d9e92b,"{""d"":5.0,""p"":0.002154434690031882,""r"":5.0}","{""obs_mistake_mask=E"":50}"
      3072,         0,         0,   0.126,correlated_pymatching,2e5e2e3e7a74d8ea5dcf398c0972d0c2503acf1083ae9653707b46510d0c62ea,"{""d"":5.0,""p"":0.00021544346900318845,""r"":5.0}",
      4096,         0,         0,   0.168,correlated_pymatching,2e5e2e3e7a74d8ea5dcf398c0972d0c2503acf1083ae9653707b46510d0c62ea,"{""d"":5.0,""p"":0.00021544346900318845,""r"":5.0}",
      1024,        27,         0,   0.076,correlated_pymatching,30056907d9b2fd1f149824ef71693dea7ba4a4099abc667e17279a2c81d9e92b,"{""d"":5.0,""p"":0.002154434690031882,""r"":5.0}","{""obs_mistake_mask=E"":27}"
      3072,         0,         0,   0.121,correlated_pymatching,745961ec464dc090b9d2800818153a5191b18eda07e56d80217194f95b8f8bbd,"{""d"":5.0,""p"":0.0001,""r"":5.0}",
      1024,         3,         0,   0.058,correlated_pymatching,7ad32b5dc12cb010842a45b0255bb9fe1695566bc49cdf3831eb02a6048175bd,"{""d"":5.0,""p"":0.001,""r"":5.0}","{""obs_mistake_mask=E"":3}"
      1024,         0,         0,   0.107,correlated_pymatching,3da66f42efe4b9ee8b75f8d643d901a11e2bc0d91db4c5f0c0317ddd420e34a5,"{""d"":7.0,""p"":0.0001,""r"":7.0}",
       512,       234,         0,   0.311,correlated_pymatching,0458b096363f784bc48a6acbe9b1b091cc7d95b1ad4588fa8c17b28c6bf7761f,"{""d"":5.0,""p"":0.046415888336127774,""r"":5.0}","{""obs_mistake_mask=E"":234}"
      2048,         0,         0,   0.090,correlated_pymatching,a50f81865d6b6d34201cc5fbf035f39862052f16ef076d797da2bafce6e88841,"{""d"":5.0,""p"":0.00046415888336127773,""r"":5.0}",
      1024,        10,         0,   0.217,correlated_pymatching,6f4138706b2861bd7bd4a7ef25ab4bc4bb96c80f874afab6c14fcb3503e4cf84,"{""d"":7.0,""p"":0.002154434690031882,""r"":7.0}","{""obs_mistake_mask=E"":10}"
      1024,       501,         0,   0.440,correlated_pymatching,9f994ca2c284ecd4c6e4c283545775538ed576a847027c596efdaebe2f30a826,"{""d"":5.0,""p"":0.021544346900318822,""r"":5.0}","{""obs_mistake_mask=E"":501}"
      1024,         0,         0,   0.111,correlated_pymatching,e020dd2c32c8d7bf6cffbce0be23bba9cdcadc6767681b343d85a6541ef25767,"{""d"":7.0,""p"":0.00021544346900318845,""r"":7.0}",
      1024,        17,         0,   0.077,correlated_pymatching,30056907d9b2fd1f149824ef71693dea7ba4a4099abc667e17279a2c81d9e92b,"{""d"":5.0,""p"":0.002154434690031882,""r"":5.0}","{""obs_mistake_mask=E"":17}"
     23552,         3,         0,   0.211,correlated_pymatching,d03e8ad66fc8e042fc07334756dfcfa1ba79773f7827218083e3aa032ca79802,"{""d"":3.0,""p"":0.0001,""r"":3.0}","{""obs_mistake_mask=E"":3}"
      1024,         0,         0,   0.122,correlated_pymatching,d821558028d0b71fbf8148e27be7c074e0e8b72611fd5ff402120f6913a24690,"{""d"":7.0,""p"":0.00046415888336127773,""r"":7.0}",
       256,       126,         0,   0.299,correlated_pymatching,3340f1f416574baaf892fb51166199a7af60ef9ffe9b25de28503142f62480ab,"{""d"":7.0,""p"":0.01,""r"":7.0}","{""obs_mistake_mask=E"":126}"
     23552,        14,         0,   0.213,correlated_pymatching,24978d4f30d011ee4e5902aea4aa94a596fe54b62f28bafd09637c5bff3e5260,"{""d"":3.0,""p"":0.00021544346900318845,""r"":3.0}","{""obs_mistake_mask=E"":14}"
      2048,         0,         0,   0.093,correlated_pymatching,a50f81865d6b6d34201cc5fbf035f39862052f16ef076d797da2bafce6e88841,"{""d"":5.0,""p"":0.00046415888336127773,""r"":5.0}",
      2048,         6,         0,   0.106,correlated_pymatching,7ad32b5dc12cb010842a45b0255bb9fe1695566bc49cdf3831eb02a6048175bd,"{""d"":5.0,""p"":0.001,""r"":5.0}","{""obs_mistake_mask=E"":6}"
      5120,         0,         0,   0.208,correlated_pymatching,745961ec464dc090b9d2800818153a5191b18eda07e56d80217194f95b8f8bbd,"{""d"":5.0,""p"":0.0001,""r"":5.0}",
     21504,        57,         0,   0.210,correlated_pymatching,469ed0a1029a85e43a8423d93e5772974a8ed7cd211c80644b5625cdc6e90d45,"{""d"":3.0,""p"":0.00046415888336127773,""r"":3.0}","{""obs_mistake_mask=E"":57}"
      1024,         0,         0,   0.146,correlated_pymatching,2919daae83c4bb355497b537b8eb3fa0541c9a74ae42f34c983947fa1bd75892,"{""d"":7.0,""p"":0.001,""r"":7.0}",
       128,        69,         0,   0.282,correlated_pymatching,33a101850f98c928fbbc383bb8c285c830115614c745647644cc259ef2a86600,"{""d"":7.0,""p"":0.021544346900318822,""r"":7.0}","{""obs_mistake_mask=E"":69}"
     19456,        52,         0,   0.189,correlated_pymatching,469ed0a1029a85e43a8423d93e5772974a8ed7cd211c80644b5625cdc6e90d45,"{""d"":3.0,""p"":0.00046415888336127773,""r"":3.0}","{""obs_mistake_mask=E"":52}"
      1024,         4,         0,   0.010,correlated_pymatching,469ed0a1029a85e43a8423d93e5772974a8ed7cd211c80644b5625cdc6e90d45,"{""d"":3.0,""p"":0.00046415888336127773,""r"":3.0}","{""obs_mistake_mask=E"":4}"
      4096,         3,         0,   0.208,correlated_pymatching,a50f81865d6b6d34201cc5fbf035f39862052f16ef076d797da2bafce6e88841,"{""d"":5.0,""p"":0.00046415888336127773,""r"":5.0}","{""obs_mistake_mask=E"":3}"
      1024,        19,         0,   0.079,correlated_pymatching,30056907d9b2fd1f149824ef71693dea7ba4a4099abc667e17279a2c81d9e92b,"{""d"":5.0,""p"":0.002154434690031882,""r"":5.0}","{""obs_mistake_mask=E"":19}"
      3072,         3,         0,   0.213,correlated_pymatching,7ad32b5dc12cb010842a45b0255bb9fe1695566bc49cdf3831eb02a6048175bd,"{""d"":5.0,""p"":0.001,""r"":5.0}","{""obs_mistake_mask=E"":3}"
      4096,         1,         0,   0.161,correlated_pymatching,745961ec464dc090b9d2800818153a5191b18eda07e56d80217194f95b8f8bbd,"{""d"":5.0,""p"":0.0001,""r"":5.0}","{""obs_mistake_mask=E"":1}"
      4096,         0,         0,   0.169,correlated_pymatching,2e5e2e3e7a74d8ea5dcf398c0972d0c2503acf1083ae9653707b46510d0c62ea,"{""d"":5.0,""p"":0.00021544346900318845,""r"":5.0}",
       512,        76,         0,   0.256,correlated_pymatching,1ecb6637f802f460e5f34b81b6766b88fe57a1b15130c28a7eb57a8463b28d8b,"{""d"":7.0,""p"":0.004641588833612777,""r"":7.0}","{""obs_mistake_mask=E"":76}"
      1024,         0,         0,   0.110,correlated_pymatching,e020dd2c32c8d7bf6cffbce0be23bba9cdcadc6767681b343d85a6541ef25767,"{""d"":7.0,""p"":0.00021544346900318845,""r"":7.0}",
       128,        62,         0,   0.339,correlated_pymatching,a849ac6ba153901c6771f1587a0f49408cdbb79c1b02e347cc7a5b199e1af83c,"{""d"":7.0,""p"":0.046415888336127774,""r"":7.0}","{""obs_mistake_mask=E"":62}"
      5120,         0,         0,   0.212,correlated_pymatching,2e5e2e3e7a74d8ea5dcf398c0972d0c2503acf1083ae9653707b46510d0c62ea,"{""d"":5.0,""p"":0.00021544346900318845,""r"":5.0}",
      1024,         0,         0,   0.122,correlated_pymatching,d821558028d0b71fbf8148e27be7c074e0e8b72611fd5ff402120f6913a24690,"{""d"":7.0,""p"":0.00046415888336127773,""r"":7.0}",
      2048,         0,         0,   0.211,correlated_pymatching,3da66f42efe4b9ee8b75f8d643d901a11e2bc0d91db4c5f0c0317ddd420e34a5,"{""d"":7.0,""p"":0.0001,""r"":7.0}",
      3072,        65,         0,   0.234,correlated_pymatching,30056907d9b2fd1f149824ef71693dea7ba4a4099abc667e17279a2c81d9e92b,"{""d"":5.0,""p"":0.002154434690031882,""r"":5.0}","{""obs_mistake_mask=E"":65}"
      2048,         3,         0,   0.107,correlated_pymatching,7ad32b5dc12cb010842a45b0255bb9fe1695566bc49cdf3831eb02a6048175bd,"{""d"":5.0,""p"":0.001,""r"":5.0}","{""obs_mistake_mask=E"":3}"
      1024,        20,         0,   0.076,correlated_pymatching,30056907d9b2fd1f149824ef71693dea7ba4a4099abc667e17279a2c81d9e92b,"{""d"":5.0,""p"":0.002154434690031882,""r"":5.0}","{""obs_mistake_mask=E"":20}"
       128,        66,         0,   0.338,correlated_pymatching,a849ac6ba153901c6771f1587a0f49408cdbb79c1b02e347cc7a5b199e1af83c,"{""d"":7.0,""p"":0.046415888336127774,""r"":7.0}","{""obs_mistake_mask=E"":66}"
      3072,         0,         0,   0.137,correlated_pymatching,a50f81865d6b6d34201cc5fbf035f39862052f16ef076d797da2bafce6e88841,"{""d"":5.0,""p"":0.00046415888336127773,""r"":5.0}",
     32768,         6,         0,   0.291,correlated_pymatching,d03e8ad66fc8e042fc07334756dfcfa1ba79773f7827218083e3aa032ca79802,"{""d"":3.0,""p"":0.0001,""r"":3.0}","{""obs_mistake_mask=E"":6}"
      1024,         7,         0,   0.215,correlated_pymatching,6f4138706b2861bd7bd4a7ef25ab4bc4bb96c80f874afab6c14fcb3503e4cf84,"{""d"":7.0,""p"":0.002154434690031882,""r"":7.0}","{""obs_mistake_mask=E"":7}"
     31744,        26,         0,   0.293,correlated_pymatching,24978d4f30d011ee4e5902aea4aa94a596fe54b62f28bafd09637c5bff3e5260,"{""d"":3.0,""p"":0.00021544346900318845,""r"":3.0}","{""obs_mistake_mask=E"":26}"
         1,         0,         0,   0.101,correlated_pymatching,3da66f42efe4b9ee8b75f8d643d901a11e2bc0d91db4c5f0c0317ddd420e34a5,"{""d"":7.0,""p"":0.0001,""r"":7.0}",
       128,        63,         0,   0.373,correlated_pymatching,b557e1156d22923bb1e5572c63f323fa36b5077673ec4c15ead6a55aac830999,"{""d"":7.0,""p"":0.1,""r"":7.0}","{""obs_mistake_mask=E"":63}"
      1024,         0,         0,   0.148,correlated_pymatching,2919daae83c4bb355497b537b8eb3fa0541c9a74ae42f34c983947fa1bd75892,"{""d"":7.0,""p"":0.001,""r"":7.0}",
         1,         0,         0,   0.102,correlated_pymatching,e020dd2c32c8d7bf6cffbce0be23bba9cdcadc6767681b343d85a6541ef25767,"{""d"":7.0,""p"":0.00021544346900318845,""r"":7.0}",
       128,        64,         0,   0.375,correlated_pymatching,b557e1156d22923bb1e5572c63f323fa36b5077673ec4c15ead6a55aac830999,"{""d"":7.0,""p"":0.1,""r"":7.0}","{""obs_mistake_mask=E"":64}"
         1,         0,         0,   0.101,correlated_pymatching,d821558028d0b71fbf8148e27be7c074e0e8b72611fd5ff402120f6913a24690,"{""d"":7.0,""p"":0.00046415888336127773,""r"":7.0}",
         1,         0,         0,   0.100,correlated_pymatching,2919daae83c4bb355497b537b8eb3fa0541c9a74ae42f34c983947fa1bd75892,"{""d"":7.0,""p"":0.001,""r"":7.0}",
         4,         0,         0,   0.099,correlated_pymatching,3da66f42efe4b9ee8b75f8d643d901a11e2bc0d91db4c5f0c0317ddd420e34a5,"{""d"":7.0,""p"":0.0001,""r"":7.0}",
     32768,         1,         0,   0.295,correlated_pymatching,d03e8ad66fc8e042fc07334756dfcfa1ba79773f7827218083e3aa032ca79802,"{""d"":3.0,""p"":0.0001,""r"":3.0}","{""obs_mistake_mask=E"":1}"
      5120,         1,         0,   0.214,correlated_pymatching,2e5e2e3e7a74d8ea5dcf398c0972d0c2503acf1083ae9653707b46510d0c62ea,"{""d"":5.0,""p"":0.00021544346900318845,""r"":5.0}","{""obs_mistake_mask=E"":1}"
      2048,        42,         0,   0.154,correlated_pymatching,30056907d9b2fd1f149824ef71693dea7ba4a4099abc667e17279a2c81d9e92b,"{""d"":5.0,""p"":0.002154434690031882,""r"":5.0}","{""obs_mistake_mask=E"":42}"
      3072,         9,         0,   0.162,correlated_pymatching,7ad32b5dc12cb010842a45b0255bb9fe1695566bc49cdf3831eb02a6048175bd,"{""d"":5.0,""p"":0.001,""r"":5.0}","{""obs_mistake_mask=E"":9}"
         1,         0,         0,   0.102,correlated_pymatching,6f4138706b2861bd7bd4a7ef25ab4bc4bb96c80f874afab6c14fcb3503e4cf84,"{""d"":7.0,""p"":0.002154434690031882,""r"":7.0}",
         4,         0,         0,   0.101,correlated_pymatching,e020dd2c32c8d7bf6cffbce0be23bba9cdcadc6767681b343d85a6541ef25767,"{""d"":7.0,""p"":0.00021544346900318845,""r"":7.0}",
         1,         0,         0,   0.102,correlated_pymatching,1ecb6637f802f460e5f34b81b6766b88fe57a1b15130c28a7eb57a8463b28d8b,"{""d"":7.0,""p"":0.004641588833612777,""r"":7.0}",
      2048,         0,         0,   0.226,correlated_pymatching,e020dd2c32c8d7bf6cffbce0be23bba9cdcadc6767681b343d85a6541ef25767,"{""d"":7.0,""p"":0.00021544346900318845,""r"":7.0}",
     31744,        23,         0,   0.290,correlated_pymatching,24978d4f30d011ee4e5902aea4aa94a596fe54b62f28bafd09637c5bff3e5260,"{""d"":3.0,""p"":0.00021544346900318845,""r"":3.0}","{""obs_mistake_mask=E"":23}"
         4,         0,         0,   0.100,correlated_pymatching,d821558028d0b71fbf8148e27be7c074e0e8b72611fd5ff402120f6913a24690,"{""d"":7.0,""p"":0.00046415888336127773,""r"":7.0}",
      6144,         0,         0,   0.244,correlated_pymatching,745961ec464dc090b9d2800818153a5191b18eda07e56d80217194f95b8f8bbd,"{""d"":5.0,""p"":0.0001,""r"":5.0}",
         4,         0,         0,   0.100,correlated_pymatching,2919daae83c4bb355497b537b8eb3fa0541c9a74ae42f34c983947fa1bd75892,"{""d"":7.0,""p"":0.001,""r"":7.0}",
      7168,         0,         0,   0.306,correlated_pymatching,745961ec464dc090b9d2800818153a5191b18eda07e56d80217194f95b8f8bbd,"{""d"":5.0,""p"":0.0001,""r"":5.0}",
      4096,         2,         0,   0.184,correlated_pymatching,a50f81865d6b6d34201cc5fbf035f39862052f16ef076d797da2bafce6e88841,"{""d"":5.0,""p"":0.00046415888336127773,""r"":5.0}","{""obs_mistake_mask=E"":2}"
      2048,         0,         0,   0.215,correlated_pymatching,3da66f42efe4b9ee8b75f8d643d901a11e2bc0d91db4c5f0c0317ddd420e34a5,"{""d"":7.0,""p"":0.0001,""r"":7.0}",
      1024,         0,         0,   0.158,correlated_pymatching,2919daae83c4bb355497b537b8eb3fa0541c9a74ae42f34c983947fa1bd75892,"{""d"":7.0,""p"":0.001,""r"":7.0}",
      2048,         0,         0,   0.253,correlated_pymatching,d821558028d0b71fbf8148e27be7c074e0e8b72611fd5ff402120f6913a24690,"{""d"":7.0,""p"":0.00046415888336127773,""r"":7.0}",
      7168,         2,         0,   0.322,correlated_pymatching,a50f81865d6b6d34201cc5fbf035f39862052f16ef076d797da2bafce6e88841,"{""d"":5.0,""p"":0.00046415888336127773,""r"":5.0}","{""obs_mistake_mask=E"":2}"
        16,         0,         0,   0.101,correlated_pymatching,3da66f42efe4b9ee8b75f8d643d901a11e2bc0d91db4c5f0c0317ddd420e34a5,"{""d"":7.0,""p"":0.0001,""r"":7.0}",
      6144,         8,         0,   0.325,correlated_pymatching,7ad32b5dc12cb010842a45b0255bb9fe1695566bc49cdf3831eb02a6048175bd,"{""d"":5.0,""p"":0.001,""r"":5.0}","{""obs_mistake_mask=E"":8}"
      1024,        10,         0,   0.225,correlated_pymatching,6f4138706b2861bd7bd4a7ef25ab4bc4bb96c80f874afab6c14fcb3503e4cf84,"{""d"":7.0,""p"":0.002154434690031882,""r"":7.0}","{""obs_mistake_mask=E"":10}"
         4,         0,         0,   0.100,correlated_pymatching,6f4138706b2861bd7bd4a7ef25ab4bc4bb96c80f874afab6c14fcb3503e4cf84,"{""d"":7.0,""p"":0.002154434690031882,""r"":7.0}",
        16,         0,         0,   0.101,correlated_pymatching,e020dd2c32c8d7bf6cffbce0be23bba9cdcadc6767681b343d85a6541ef25767,"{""d"":7.0,""p"":0.00021544346900318845,""r"":7.0}",
         4,         0,         0,   0.100,correlated_pymatching,1ecb6637f802f460e5f34b81b6766b88fe57a1b15130c28a7eb57a8463b28d8b,"{""d"":7.0,""p"":0.004641588833612777,""r"":7.0}",
        16,         0,         0,   0.100,correlated_pymatching,d821558028d0b71fbf8148e27be7c074e0e8b72611fd5ff402120f6913a24690,"{""d"":7.0,""p"":0.00046415888336127773,""r"":7.0}",
      7168,         0,         0,   0.298,correlated_pymatching,2e5e2e3e7a74d8ea5dcf398c0972d0c2503acf1083ae9653707b46510d0c62ea,"{""d"":5.0,""p"":0.00021544346900318845,""r"":5.0}",
        16,         0,         0,   0.101,correlated_pymatching,2919daae83c4bb355497b537b8eb3fa0541c9a74ae42f34c983947fa1bd75892,"{""d"":7.0,""p"":0.001,""r"":7.0}",
       128,        73,         0,   0.348,correlated_pymatching,a849ac6ba153901c6771f1587a0f49408cdbb79c1b02e347cc7a5b199e1af83c,"{""d"":7.0,""p"":0.046415888336127774,""r"":7.0}","{""obs_mistake_mask=E"":73}"
      4096,        88,         0,   0.303,correlated_pymatching,30056907d9b2fd1f149824ef71693dea7ba4a4099abc667e17279a2c81d9e92b,"{""d"":5.0,""p"":0.002154434690031882,""r"":5.0}","{""obs_mistake_mask=E"":88}"
      2048,        55,         0,   0.153,correlated_pymatching,30056907d9b2fd1f149824ef71693dea7ba4a4099abc667e17279a2c81d9e92b,"{""d"":5.0,""p"":0.002154434690031882,""r"":5.0}","{""obs_mistake_mask=E"":55}"
        64,         0,         0,   0.098,correlated_pymatching,3da66f42efe4b9ee8b75f8d643d901a11e2bc0d91db4c5f0c0317ddd420e34a5,"{""d"":7.0,""p"":0.0001,""r"":7.0}",
       128,        69,         0,   0.349,correlated_pymatching,a849ac6ba153901c6771f1587a0f49408cdbb79c1b02e347cc7a5b199e1af83c,"{""d"":7.0,""p"":0.046415888336127774,""r"":7.0}","{""obs_mistake_mask=E"":69}"
        16,         0,         0,   0.100,correlated_pymatching,6f4138706b2861bd7bd4a7ef25ab4bc4bb96c80f874afab6c14fcb3503e4cf84,"{""d"":7.0,""p"":0.002154434690031882,""r"":7.0}",
        64,         0,         0,   0.102,correlated_pymatching,e020dd2c32c8d7bf6cffbce0be23bba9cdcadc6767681b343d85a6541ef25767,"{""d"":7.0,""p"":0.00021544346900318845,""r"":7.0}",
      1024,       156,         0,   0.427,correlated_pymatching,1ecb6637f802f460e5f34b81b6766b88fe57a1b15130c28a7eb57a8463b28d8b,"{""d"":7.0,""p"":0.004641588833612777,""r"":7.0}","{""obs_mistake_mask=E"":156}"
        16,         6,         0,   0.104,correlated_pymatching,1ecb6637f802f460e5f34b81b6766b88fe57a1b15130c28a7eb57a8463b28d8b,"{""d"":7.0,""p"":0.004641588833612777,""r"":7.0}","{""obs_mistake_mask=E"":6}"
      1024,        17,         0,   0.076,correlated_pymatching,30056907d9b2fd1f149824ef71693dea7ba4a4099abc667e17279a2c81d9e92b,"{""d"":5.0,""p"":0.002154434690031882,""r"":5.0}","{""obs_mistake_mask=E"":17}"
        64,         0,         0,   0.101,correlated_pymatching,d821558028d0b71fbf8148e27be7c074e0e8b72611fd5ff402120f6913a24690,"{""d"":7.0,""p"":0.00046415888336127773,""r"":7.0}",
      4096,        15,         0,   0.219,correlated_pymatching,7ad32b5dc12cb010842a45b0255bb9fe1695566bc49cdf3831eb02a6048175bd,"{""d"":5.0,""p"":0.001,""r"":5.0}","{""obs_mistake_mask=E"":15}"
       256,       123,         0,   0.474,correlated_pymatching,33a101850f98c928fbbc383bb8c285c830115614c745647644cc259ef2a86600,"{""d"":7.0,""p"":0.021544346900318822,""r"":7.0}","{""obs_mistake_mask=E"":123}"
       512,       241,         0,   0.512,correlated_pymatching,3340f1f416574baaf892fb51166199a7af60ef9ffe9b25de28503142f62480ab,"{""d"":7.0,""p"":0.01,""r"":7.0}","{""obs_mistake_mask=E"":241}"
        64,         0,         0,   0.103,correlated_pymatching,2919daae83c4bb355497b537b8eb3fa0541c9a74ae42f34c983947fa1bd75892,"{""d"":7.0,""p"":0.001,""r"":7.0}",
      2048,         0,         0,   0.233,correlated_pymatching,e020dd2c32c8d7bf6cffbce0be23bba9cdcadc6767681b343d85a6541ef25767,"{""d"":7.0,""p"":0.00021544346900318845,""r"":7.0}",
       128,        61,         0,   0.381,correlated_pymatching,b557e1156d22923bb1e5572c63f323fa36b5077673ec4c15ead6a55aac830999,"{""d"":7.0,""p"":0.1,""r"":7.0}","{""obs_mistake_mask=E"":61}"
      2048,         0,         0,   0.221,correlated_pymatching,3da66f42efe4b9ee8b75f8d643d901a11e2bc0d91db4c5f0c0317ddd420e34a5,"{""d"":7.0,""p"":0.0001,""r"":7.0}",
     45056,        15,         0,   0.406,correlated_pymatching,d03e8ad66fc8e042fc07334756dfcfa1ba79773f7827218083e3aa032ca79802,"{""d"":3.0,""p"":0.0001,""r"":3.0}","{""obs_mistake_mask=E"":15}"
      5120,         0,         0,   0.230,correlated_pymatching,a50f81865d6b6d34201cc5fbf035f39862052f16ef076d797da2bafce6e88841,"{""d"":5.0,""p"":0.00046415888336127773,""r"":5.0}",
       256,         0,         0,   0.100,correlated_pymatching,3da66f42efe4b9ee8b75f8d643d901a11e2bc0d91db4c5f0c0317ddd420e34a5,"{""d"":7.0,""p"":0.0001,""r"":7.0}",
      7168,         0,         0,   0.299,correlated_pymatching,2e5e2e3e7a74d8ea5dcf398c0972d0c2503acf1083ae9653707b46510d0c62ea,"{""d"":5.0,""p"":0.00021544346900318845,""r"":5.0}",
     44032,        23,         0,   0.408,correlated_pymatching,24978d4f30d011ee4e5902aea4aa94a596fe54b62f28bafd09637c5bff3e5260,"{""d"":3.0,""p"":0.00021544346900318845,""r"":3.0}","{""obs_mistake_mask=E"":23}"
       128,        62,         0,   0.382,correlated_pymatching,b557e1156d22923bb1e5572c63f323fa36b5077673ec4c15ead6a55aac830999,"{""d"":7.0,""p"":0.1,""r"":7.0}","{""obs_mistake_mask=E"":62}"
        17,         0,         0,   0.017,correlated_pymatching,24978d4f30d011ee4e5902aea4aa94a596fe54b62f28bafd09637c5bff3e5260,"{""d"":3.0,""p"":0.00021544346900318845,""r"":3.0}",
        64,         0,         0,   0.107,correlated_pymatching,6f4138706b2861bd7bd4a7ef25ab4bc4bb96c80f874afab6c14fcb3503e4cf84,"{""d"":7.0,""p"":0.002154434690031882,""r"":7.0}",
       256,         0,         0,   0.106,correlated_pymatching,e020dd2c32c8d7bf6cffbce0be23bba9cdcadc6767681b343d85a6541ef25767,"{""d"":7.0,""p"":0.00021544346900318845,""r"":7.0}",
      1024,         9,         0,   0.215,correlated_pymatching,6f4138706b2861bd7bd4a7ef25ab4bc4bb96c80f874afab6c14fcb3503e4cf84,"{""d"":7.0,""p"":0.002154434690031882,""r"":7.0}","{""obs_mistake_mask=E"":9}"
      1280,         1,         0,   0.018,correlated_pymatching,24978d4f30d011ee4e5902aea4aa94a596fe54b62f28bafd09637c5bff3e5260,"{""d"":3.0,""p"":0.00021544346900318845,""r"":3.0}","{""obs_mistake_mask=E"":1}"
      2048,         0,         0,   0.246,correlated_pymatching,d821558028d0b71fbf8148e27be7c074e0e8b72611fd5ff402120f6913a24690,"{""d"":7.0,""p"":0.00046415888336127773,""r"":7.0}",
       256,         0,         0,   0.107,correlated_pymatching,d821558028d0b71fbf8148e27be7c074e0e8b72611fd5ff402120f6913a24690,"{""d"":7.0,""p"":0.00046415888336127773,""r"":7.0}",
        64,        10,         0,   0.119,correlated_pymatching,1ecb6637f802f460e5f34b81b6766b88fe57a1b15130c28a7eb57a8463b28d8b,"{""d"":7.0,""p"":0.004641588833612777,""r"":7.0}","{""obs_mistake_mask=E"":10}"
      8192,         0,         0,   0.326,correlated_pymatching,745961ec464dc090b9d2800818153a5191b18eda07e56d80217194f95b8f8bbd,"{""d"":5.0,""p"":0.0001,""r"":5.0}",
       256,         0,         0,   0.114,correlated_pymatching,2919daae83c4bb355497b537b8eb3fa0541c9a74ae42f34c983947fa1bd75892,"{""d"":7.0,""p"":0.001,""r"":7.0}",
      3072,         2,         0,   0.028,correlated_pymatching,24978d4f30d011ee4e5902aea4aa94a596fe54b62f28bafd09637c5bff3e5260,"{""d"":3.0,""p"":0.00021544346900318845,""r"":3.0}","{""obs_mistake_mask=E"":2}"
      2048,         1,         0,   0.299,correlated_pymatching,2919daae83c4bb355497b537b8eb3fa0541c9a74ae42f34c983947fa1bd75892,"{""d"":7.0,""p"":0.001,""r"":7.0}","{""obs_mistake_mask=E"":1}"
      3072,         2,         0,   0.028,correlated_pymatching,24978d4f30d011ee4e5902aea4aa94a596fe54b62f28bafd09637c5bff3e5260,"{""d"":3.0,""p"":0.00021544346900318845,""r"":3.0}","{""obs_mistake_mask=E"":2}"
      1024,         0,         0,   0.110,correlated_pymatching,3da66f42efe4b9ee8b75f8d643d901a11e2bc0d91db4c5f0c0317ddd420e34a5,"{""d"":7.0,""p"":0.0001,""r"":7.0}",
     45056,         8,         0,   0.406,correlated_pymatching,d03e8ad66fc8e042fc07334756dfcfa1ba79773f7827218083e3aa032ca79802,"{""d"":3.0,""p"":0.0001,""r"":3.0}","{""obs_mistake_mask=E"":8}"
        17,         0,         0,   0.016,correlated_pymatching,d03e8ad66fc8e042fc07334756dfcfa1ba79773f7827218083e3aa032ca79802,"{""d"":3.0,""p"":0.0001,""r"":3.0}",
      1280,         0,         0,   0.018,correlated_pymatching,d03e8ad66fc8e042fc07334756dfcfa1ba79773f7827218083e3aa032ca79802,"{""d"":3.0,""p"":0.0001,""r"":3.0}",
      5120,         3,         0,   0.047,correlated_pymatching,24978d4f30d011ee4e5902aea4aa94a596fe54b62f28bafd09637c5bff3e5260,"{""d"":3.0,""p"":0.00021544346900318845,""r"":3.0}","{""obs_mistake_mask=E"":3}"
     44032,        41,         0,   0.407,correlated_pymatching,24978d4f30d011ee4e5902aea4aa94a596fe54b62f28bafd09637c5bff3e5260,"{""d"":3.0,""p"":0.00021544346900318845,""r"":3.0}","{""obs_mistake_mask=E"":41}"
      1024,         0,         0,   0.117,correlated_pymatching,e020dd2c32c8d7bf6cffbce0be23bba9cdcadc6767681b343d85a6541ef25767,"{""d"":7.0,""p"":0.00021544346900318845,""r"":7.0}",
       256,         1,         0,   0.128,correlated_pymatching,6f4138706b2861bd7bd4a7ef25ab4bc4bb96c80f874afab6c14fcb3503e4cf84,"{""d"":7.0,""p"":0.002154434690031882,""r"":7.0}","{""obs_mistake_mask=E"":1}"
      3072,         1,         0,   0.027,correlated_pymatching,d03e8ad66fc8e042fc07334756dfcfa1ba79773f7827218083e3aa032ca79802,"{""d"":3.0,""p"":0.0001,""r"":3.0}","{""obs_mistake_mask=E"":1}"
      1024,         0,         0,   0.129,correlated_pymatching,d821558028d0b71fbf8148e27be7c074e0e8b72611fd5ff402120f6913a24690,"{""d"":7.0,""p"":0.00046415888336127773,""r"":7.0}",
     10240,         0,         0,   0.434,correlated_pymatching,745961ec464dc090b9d2800818153a5191b18eda07e56d80217194f95b8f8bbd,"{""d"":5.0,""p"":0.0001,""r"":5.0}",
      3072,         1,         0,   0.027,correlated_pymatching,d03e8ad66fc8e042fc07334756dfcfa1ba79773f7827218083e3aa032ca79802,"{""d"":3.0,""p"":0.0001,""r"":3.0}","{""obs_mistake_mask=E"":1}"
      6144,         4,         0,   0.056,correlated_pymatching,24978d4f30d011ee4e5902aea4aa94a596fe54b62f28bafd09637c5bff3e5260,"{""d"":3.0,""p"":0.00021544346900318845,""r"":3.0}","{""obs_mistake_mask=E"":4}"
       128,        57,         0,   0.344,correlated_pymatching,a849ac6ba153901c6771f1587a0f49408cdbb79c1b02e347cc7a5b199e1af83c,"{""d"":7.0,""p"":0.046415888336127774,""r"":7.0}","{""obs_mistake_mask=E"":57}"
      9216,         2,         0,   0.412,correlated_pymatching,a50f81865d6b6d34201cc5fbf035f39862052f16ef076d797da2bafce6e88841,"{""d"":5.0,""p"":0.00046415888336127773,""r"":5.0}","{""obs_mistake_mask=E"":2}"
      1024,         0,         0,   0.152,correlated_pymatching,2919daae83c4bb355497b537b8eb3fa0541c9a74ae42f34c983947fa1bd75892,"{""d"":7.0,""p"":0.001,""r"":7.0}",
      1024,         0,         0,   0.108,correlated_pymatching,3da66f42efe4b9ee8b75f8d643d901a11e2bc0d91db4c5f0c0317ddd420e34a5,"{""d"":7.0,""p"":0.0001,""r"":7.0}",
       256,        40,         0,   0.178,correlated_pymatching,1ecb6637f802f460e5f34b81b6766b88fe57a1b15130c28a7eb57a8463b28d8b,"{""d"":7.0,""p"":0.004641588833612777,""r"":7.0}","{""obs_mistake_mask=E"":40}"
      5120,         1,         0,   0.045,correlated_pymatching,d03e8ad66fc8e042fc07334756dfcfa1ba79773f7827218083e3aa032ca79802,"{""d"":3.0,""p"":0.0001,""r"":3.0}","{""obs_mistake_mask=E"":1}"
      1024,         7,         0,   0.216,correlated_pymatching,6f4138706b2861bd7bd4a7ef25ab4bc4bb96c80f874afab6c14fcb3503e4cf84,"{""d"":7.0,""p"":0.002154434690031882,""r"":7.0}","{""obs_mistake_mask=E"":7}"
      8192,        18,         0,   0.435,correlated_pymatching,7ad32b5dc12cb010842a45b0255bb9fe1695566bc49cdf3831eb02a6048175bd,"{""d"":5.0,""p"":0.001,""r"":5.0}","{""obs_mistake_mask=E"":18}"
       128,        78,         0,   0.340,correlated_pymatching,a849ac6ba153901c6771f1587a0f49408cdbb79c1b02e347cc7a5b199e1af83c,"{""d"":7.0,""p"":0.046415888336127774,""r"":7.0}","{""obs_mistake_mask=E"":78}"
      6144,        11,         0,   0.324,correlated_pymatching,7ad32b5dc12cb010842a45b0255bb9fe1695566bc49cdf3831eb02a6048175bd,"{""d"":5.0,""p"":0.001,""r"":5.0}","{""obs_mistake_mask=E"":11}"
     10240,         0,         0,   0.424,correlated_pymatching,2e5e2e3e7a74d8ea5dcf398c0972d0c2503acf1083ae9653707b46510d0c62ea,"{""d"":5.0,""p"":0.00021544346900318845,""r"":5.0}",
      1024,         0,         0,   0.115,correlated_pymatching,e020dd2c32c8d7bf6cffbce0be23bba9cdcadc6767681b343d85a6541ef25767,"{""d"":7.0,""p"":0.00021544346900318845,""r"":7.0}",
      8192,         2,         0,   0.075,correlated_pymatching,24978d4f30d011ee4e5902aea4aa94a596fe54b62f28bafd09637c5bff3e5260,"{""d"":3.0,""p"":0.00021544346900318845,""r"":3.0}","{""obs_mistake_mask=E"":2}"
      6144,         2,         0,   0.054,correlated_pymatching,d03e8ad66fc8e042fc07334756dfcfa1ba79773f7827218083e3aa032ca79802,"{""d"":3.0,""p"":0.0001,""r"":3.0}","{""obs_mistake_mask=E"":2}"
      3072,         0,         0,   0.335,correlated_pymatching,e020dd2c32c8d7bf6cffbce0be23bba9cdcadc6767681b343d85a6541ef25767,"{""d"":7.0,""p"":0.00021544346900318845,""r"":7.0}",
      1024,         0,         0,   0.125,correlated_pymatching,d821558028d0b71fbf8148e27be7c074e0e8b72611fd5ff402120f6913a24690,"{""d"":7.0,""p"":0.00046415888336127773,""r"":7.0}",
      7168,         1,         0,   0.322,correlated_pymatching,a50f81865d6b6d34201cc5fbf035f39862052f16ef076d797da2bafce6e88841,"{""d"":5.0,""p"":0.00046415888336127773,""r"":5.0}","{""obs_mistake_mask=E"":1}"
      1024,         0,         0,   0.109,correlated_pymatching,3da66f42efe4b9ee8b75f8d643d901a11e2bc0d91db4c5f0c0317ddd420e34a5,"{""d"":7.0,""p"":0.0001,""r"":7.0}",
      1024,       146,         0,   0.416,correlated_pymatching,1ecb6637f802f460e5f34b81b6766b88fe57a1b15130c28a7eb57a8463b28d8b,"{""d"":7.0,""p"":0.004641588833612777,""r"":7.0}","{""obs_mistake_mask=E"":146}"
       128,        59,         0,   0.367,correlated_pymatching,b557e1156d22923bb1e5572c63f323fa36b5077673ec4c15ead6a55aac830999,"{""d"":7.0,""p"":0.1,""r"":7.0}","{""obs_mistake_mask=E"":59}"
      2048,         0,         0,   0.295,correlated_pymatching,2919daae83c4bb355497b537b8eb3fa0541c9a74ae42f34c983947fa1bd75892,"{""d"":7.0,""p"":0.001,""r"":7.0}",
      1024,         0,         0,   0.154,correlated_pymatching,2919daae83c4bb355497b537b8eb3fa0541c9a74ae42f34c983947fa1bd75892,"{""d"":7.0,""p"":0.001,""r"":7.0}",
      1024,        11,         0,   0.220,correlated_pymatching,6f4138706b2861bd7bd4a7ef25ab4bc4bb96c80f874afab6c14fcb3503e4cf84,"{""d"":7.0,""p"":0.002154434690031882,""r"":7.0}","{""obs_mistake_mask=E"":11}"
      3072,         0,         0,   0.383,correlated_pymatching,3da66f42efe4b9ee8b75f8d643d901a11e2bc0d91db4c5f0c0317ddd420e34a5,"{""d"":7.0,""p"":0.0001,""r"":7.0}",
      9216,         1,         0,   0.082,correlated_pymatching,d03e8ad66fc8e042fc07334756dfcfa1ba79773f7827218083e3aa032ca79802,"{""d"":3.0,""p"":0.0001,""r"":3.0}","{""obs_mistake_mask=E"":1}"
      1024,         0,         0,   0.115,correlated_pymatching,e020dd2c32c8d7bf6cffbce0be23bba9cdcadc6767681b343d85a6541ef25767,"{""d"":7.0,""p"":0.00021544346900318845,""r"":7.0}",
       128,        65,         0,   0.373,correlated_pymatching,b557e1156d22923bb1e5572c63f323fa36b5077673ec4c15ead6a55aac830999,"{""d"":7.0,""p"":0.1,""r"":7.0}","{""obs_mistake_mask=E"":65}"
     12288,         7,         0,   0.112,correlated_pymatching,24978d4f30d011ee4e5902aea4aa94a596fe54b62f28bafd09637c5bff3e5260,"{""d"":3.0,""p"":0.00021544346900318845,""r"":3.0}","{""obs_mistake_mask=E"":7}"
       256,       123,         0,   0.464,correlated_pymatching,33a101850f98c928fbbc383bb8c285c830115614c745647644cc259ef2a86600,"{""d"":7.0,""p"":0.021544346900318822,""r"":7.0}","{""obs_mistake_mask=E"":123}"
      3072,         0,         0,   0.366,correlated_pymatching,d821558028d0b71fbf8148e27be7c074e0e8b72611fd5ff402120f6913a24690,"{""d"":7.0,""p"":0.00046415888336127773,""r"":7.0}",
      1024,         0,         0,   0.126,correlated_pymatching,d821558028d0b71fbf8148e27be7c074e0e8b72611fd5ff402120f6913a24690,"{""d"":7.0,""p"":0.00046415888336127773,""r"":7.0}",
     10240,         0,         0,   0.427,correlated_pymatching,2e5e2e3e7a74d8ea5dcf398c0972d0c2503acf1083ae9653707b46510d0c62ea,"{""d"":5.0,""p"":0.00021544346900318845,""r"":5.0}",
     10240,         0,         0,   0.407,correlated_pymatching,745961ec464dc090b9d2800818153a5191b18eda07e56d80217194f95b8f8bbd,"{""d"":5.0,""p"":0.0001,""r"":5.0}",
       512,        69,         0,   0.257,correlated_pymatching,1ecb6637f802f460e5f34b81b6766b88fe57a1b15130c28a7eb57a8463b28d8b,"{""d"":7.0,""p"":0.004641588833612777,""r"":7.0}","{""obs_mistake_mask=E"":69}"
     12288,         3,         0,   0.110,correlated_pymatching,d03e8ad66fc8e042fc07334756dfcfa1ba79773f7827218083e3aa032ca79802,"{""d"":3.0,""p"":0.0001,""r"":3.0}","{""obs_mistake_mask=E"":3}"
         1,         1,         0,   0.103,correlated_pymatching,33a101850f98c928fbbc383bb8c285c830115614c745647644cc259ef2a86600,"{""d"":7.0,""p"":0.021544346900318822,""r"":7.0}","{""obs_mistake_mask=E"":1}"
      1024,         0,         0,   0.155,correlated_pymatching,2919daae83c4bb355497b537b8eb3fa0541c9a74ae42f34c983947fa1bd75892,"{""d"":7.0,""p"":0.001,""r"":7.0}",
       128,        62,         0,   0.336,correlated_pymatching,a849ac6ba153901c6771f1587a0f49408cdbb79c1b02e347cc7a5b199e1af83c,"{""d"":7.0,""p"":0.046415888336127774,""r"":7.0}","{""obs_mistake_mask=E"":62}"
     16384,        13,         0,   0.149,correlated_pymatching,24978d4f30d011ee4e5902aea4aa94a596fe54b62f28bafd09637c5bff3e5260,"{""d"":3.0,""p"":0.00021544346900318845,""r"":3.0}","{""obs_mistake_mask=E"":13}"
      2048,         0,         0,   0.219,correlated_pymatching,3da66f42efe4b9ee8b75f8d643d901a11e2bc0d91db4c5f0c0317ddd420e34a5,"{""d"":7.0,""p"":0.0001,""r"":7.0}",
     62464,         9,         0,   0.562,correlated_pymatching,d03e8ad66fc8e042fc07334756dfcfa1ba79773f7827218083e3aa032ca79802,"{""d"":3.0,""p"":0.0001,""r"":3.0}","{""obs_mistake_mask=E"":9}"
     61440,        49,         0,   0.566,correlated_pymatching,24978d4f30d011ee4e5902aea4aa94a596fe54b62f28bafd09637c5bff3e5260,"{""d"":3.0,""p"":0.00021544346900318845,""r"":3.0}","{""obs_mistake_mask=E"":49}"
      1024,         8,         0,   0.220,correlated_pymatching,6f4138706b2861bd7bd4a7ef25ab4bc4bb96c80f874afab6c14fcb3503e4cf84,"{""d"":7.0,""p"":0.002154434690031882,""r"":7.0}","{""obs_mistake_mask=E"":8}"
         1,         0,         0,   0.037,correlated_pymatching,745961ec464dc090b9d2800818153a5191b18eda07e56d80217194f95b8f8bbd,"{""d"":5.0,""p"":0.0001,""r"":5.0}",
         1,         0,         0,   0.036,correlated_pymatching,2e5e2e3e7a74d8ea5dcf398c0972d0c2503acf1083ae9653707b46510d0c62ea,"{""d"":5.0,""p"":0.00021544346900318845,""r"":5.0}",
      2048,         0,         0,   0.232,correlated_pymatching,e020dd2c32c8d7bf6cffbce0be23bba9cdcadc6767681b343d85a6541ef25767,"{""d"":7.0,""p"":0.00021544346900318845,""r"":7.0}",
         4,         2,         0,   0.106,correlated_pymatching,33a101850f98c928fbbc383bb8c285c830115614c745647644cc259ef2a86600,"{""d"":7.0,""p"":0.021544346900318822,""r"":7.0}","{""obs_mistake_mask=E"":2}"
     16384,         3,         0,   0.146,correlated_pymatching,d03e8ad66fc8e042fc07334756dfcfa1ba79773f7827218083e3aa032ca79802,"{""d"":3.0,""p"":0.0001,""r"":3.0}","{""obs_mistake_mask=E"":3}"
        16,         0,         0,   0.036,correlated_pymatching,745961ec464dc090b9d2800818153a5191b18eda07e56d80217194f95b8f8bbd,"{""d"":5.0,""p"":0.0001,""r"":5.0}",
        16,         0,         0,   0.036,correlated_pymatching,2e5e2e3e7a74d8ea5dcf398c0972d0c2503acf1083ae9653707b46510d0c62ea,"{""d"":5.0,""p"":0.00021544346900318845,""r"":5.0}",
         1,         0,         0,   0.036,correlated_pymatching,7ad32b5dc12cb010842a45b0255bb9fe1695566bc49cdf3831eb02a6048175bd,"{""d"":5.0,""p"":0.001,""r"":5.0}",
         1,         0,         0,   0.036,correlated_pymatching,a50f81865d6b6d34201cc5fbf035f39862052f16ef076d797da2bafce6e88841,"{""d"":5.0,""p"":0.00046415888336127773,""r"":5.0}",
      2048,        12,         0,   0.426,correlated_pymatching,6f4138706b2861bd7bd4a7ef25ab4bc4bb96c80f874afab6c14fcb3503e4cf84,"{""d"":7.0,""p"":0.002154434690031882,""r"":7.0}","{""obs_mistake_mask=E"":12}"
       256,         0,         0,   0.038,correlated_pymatching,745961ec464dc090b9d2800818153a5191b18eda07e56d80217194f95b8f8bbd,"{""d"":5.0,""p"":0.0001,""r"":5.0}",
       256,         0,         0,   0.037,correlated_pymatching,2e5e2e3e7a74d8ea5dcf398c0972d0c2503acf1083ae9653707b46510d0c62ea,"{""d"":5.0,""p"":0.00021544346900318845,""r"":5.0}",
      1024,         1,         0,   0.154,correlated_pymatching,2919daae83c4bb355497b537b8eb3fa0541c9a74ae42f34c983947fa1bd75892,"{""d"":7.0,""p"":0.001,""r"":7.0}","{""obs_mistake_mask=E"":1}"
      2048,         0,         0,   0.254,correlated_pymatching,d821558028d0b71fbf8148e27be7c074e0e8b72611fd5ff402120f6913a24690,"{""d"":7.0,""p"":0.00046415888336127773,""r"":7.0}",
     63488,        14,         0,   0.568,correlated_pymatching,d03e8ad66fc8e042fc07334756dfcfa1ba79773f7827218083e3aa032ca79802,"{""d"":3.0,""p"":0.0001,""r"":3.0}","{""obs_mistake_mask=E"":14}"
        16,         0,         0,   0.036,correlated_pymatching,7ad32b5dc12cb010842a45b0255bb9fe1695566bc49cdf3831eb02a6048175bd,"{""d"":5.0,""p"":0.001,""r"":5.0}",
      8192,        21,         0,   0.430,correlated_pymatching,7ad32b5dc12cb010842a45b0255bb9fe1695566bc49cdf3831eb02a6048175bd,"{""d"":5.0,""p"":0.001,""r"":5.0}","{""obs_mistake_mask=E"":21}"
        16,         0,         0,   0.036,correlated_pymatching,a50f81865d6b6d34201cc5fbf035f39862052f16ef076d797da2bafce6e88841,"{""d"":5.0,""p"":0.00046415888336127773,""r"":5.0}",
      1024,         0,         0,   0.040,correlated_pymatching,745961ec464dc090b9d2800818153a5191b18eda07e56d80217194f95b8f8bbd,"{""d"":5.0,""p"":0.0001,""r"":5.0}",
     61440,        49,         0,   0.566,correlated_pymatching,24978d4f30d011ee4e5902aea4aa94a596fe54b62f28bafd09637c5bff3e5260,"{""d"":3.0,""p"":0.00021544346900318845,""r"":3.0}","{""obs_mistake_mask=E"":49}"
      1024,         0,         0,   0.042,correlated_pymatching,2e5e2e3e7a74d8ea5dcf398c0972d0c2503acf1083ae9653707b46510d0c62ea,"{""d"":5.0,""p"":0.00021544346900318845,""r"":5.0}",
       128,        62,         0,   0.367,correlated_pymatching,b557e1156d22923bb1e5572c63f323fa36b5077673ec4c15ead6a55aac830999,"{""d"":7.0,""p"":0.1,""r"":7.0}","{""obs_mistake_mask=E"":62}"
       256,         1,         0,   0.041,correlated_pymatching,7ad32b5dc12cb010842a45b0255bb9fe1695566bc49cdf3831eb02a6048175bd,"{""d"":5.0,""p"":0.001,""r"":5.0}","{""obs_mistake_mask=E"":1}"
       256,         0,         0,   0.039,correlated_pymatching,a50f81865d6b6d34201cc5fbf035f39862052f16ef076d797da2bafce6e88841,"{""d"":5.0,""p"":0.00046415888336127773,""r"":5.0}",
      9216,         1,         0,   0.414,correlated_pymatching,a50f81865d6b6d34201cc5fbf035f39862052f16ef076d797da2bafce6e88841,"{""d"":5.0,""p"":0.00046415888336127773,""r"":5.0}","{""obs_mistake_mask=E"":1}"
      4096,         0,         0,   0.444,correlated_pymatching,e020dd2c32c8d7bf6cffbce0be23bba9cdcadc6767681b343d85a6541ef25767,"{""d"":7.0,""p"":0.00021544346900318845,""r"":7.0}",
     22528,        16,         0,   0.205,correlated_pymatching,24978d4f30d011ee4e5902aea4aa94a596fe54b62f28bafd09637c5bff3e5260,"{""d"":3.0,""p"":0.00021544346900318845,""r"":3.0}","{""obs_mistake_mask=E"":16}"
        16,         7,         0,   0.121,correlated_pymatching,33a101850f98c928fbbc383bb8c285c830115614c745647644cc259ef2a86600,"{""d"":7.0,""p"":0.021544346900318822,""r"":7.0}","{""obs_mistake_mask=E"":7}"
      1024,         0,         0,   0.041,correlated_pymatching,745961ec464dc090b9d2800818153a5191b18eda07e56d80217194f95b8f8bbd,"{""d"":5.0,""p"":0.0001,""r"":5.0}",
      1024,         0,         0,   0.042,correlated_pymatching,2e5e2e3e7a74d8ea5dcf398c0972d0c2503acf1083ae9653707b46510d0c62ea,"{""d"":5.0,""p"":0.00021544346900318845,""r"":5.0}",
     14336,         0,         0,   0.571,correlated_pymatching,745961ec464dc090b9d2800818153a5191b18eda07e56d80217194f95b8f8bbd,"{""d"":5.0,""p"":0.0001,""r"":5.0}",
      2048,         0,         0,   0.220,correlated_pymatching,3da66f42efe4b9ee8b75f8d643d901a11e2bc0d91db4c5f0c0317ddd420e34a5,"{""d"":7.0,""p"":0.0001,""r"":7.0}",
      1024,         0,         0,   0.046,correlated_pymatching,a50f81865d6b6d34201cc5fbf035f39862052f16ef076d797da2bafce6e88841,"{""d"":5.0,""p"":0.00046415888336127773,""r"":5.0}",
      1024,         5,         0,   0.054,correlated_pymatching,7ad32b5dc12cb010842a45b0255bb9fe1695566bc49cdf3831eb02a6048175bd,"{""d"":5.0,""p"":0.001,""r"":5.0}","{""obs_mistake_mask=E"":5}"
      4096,         0,         0,   0.418,correlated_pymatching,3da66f42efe4b9ee8b75f8d643d901a11e2bc0d91db4c5f0c0317ddd420e34a5,"{""d"":7.0,""p"":0.0001,""r"":7.0}",
      3072,         5,         0,   0.439,correlated_pymatching,2919daae83c4bb355497b537b8eb3fa0541c9a74ae42f34c983947fa1bd75892,"{""d"":7.0,""p"":0.001,""r"":7.0}","{""obs_mistake_mask=E"":5}"
     13312,         5,         0,   0.596,correlated_pymatching,a50f81865d6b6d34201cc5fbf035f39862052f16ef076d797da2bafce6e88841,"{""d"":5.0,""p"":0.00046415888336127773,""r"":5.0}","{""obs_mistake_mask=E"":5}"
      1024,         5,         0,   0.223,correlated_pymatching,6f4138706b2861bd7bd4a7ef25ab4bc4bb96c80f874afab6c14fcb3503e4cf84,"{""d"":7.0,""p"":0.002154434690031882,""r"":7.0}","{""obs_mistake_mask=E"":5}"
      1024,         0,         0,   0.045,correlated_pymatching,a50f81865d6b6d34201cc5fbf035f39862052f16ef076d797da2bafce6e88841,"{""d"":5.0,""p"":0.00046415888336127773,""r"":5.0}",
      2048,         0,         0,   0.081,correlated_pymatching,745961ec464dc090b9d2800818153a5191b18eda07e56d80217194f95b8f8bbd,"{""d"":5.0,""p"":0.0001,""r"":5.0}",
      1024,         3,         0,   0.053,correlated_pymatching,7ad32b5dc12cb010842a45b0255bb9fe1695566bc49cdf3831eb02a6048175bd,"{""d"":5.0,""p"":0.001,""r"":5.0}","{""obs_mistake_mask=E"":3}"
      2048,         0,         0,   0.232,correlated_pymatching,e020dd2c32c8d7bf6cffbce0be23bba9cdcadc6767681b343d85a6541ef25767,"{""d"":7.0,""p"":0.00021544346900318845,""r"":7.0}",
      2048,         0,         0,   0.083,correlated_pymatching,2e5e2e3e7a74d8ea5dcf398c0972d0c2503acf1083ae9653707b46510d0c62ea,"{""d"":5.0,""p"":0.00021544346900318845,""r"":5.0}",
     23552,         6,         0,   0.210,correlated_pymatching,d03e8ad66fc8e042fc07334756dfcfa1ba79773f7827218083e3aa032ca79802,"{""d"":3.0,""p"":0.0001,""r"":3.0}","{""obs_mistake_mask=E"":6}"
     11264,        26,         0,   0.596,correlated_pymatching,7ad32b5dc12cb010842a45b0255bb9fe1695566bc49cdf3831eb02a6048175bd,"{""d"":5.0,""p"":0.001,""r"":5.0}","{""obs_mistake_mask=E"":26}"
     14336,         0,         0,   0.593,correlated_pymatching,2e5e2e3e7a74d8ea5dcf398c0972d0c2503acf1083ae9653707b46510d0c62ea,"{""d"":5.0,""p"":0.00021544346900318845,""r"":5.0}",
       256,       137,         0,   0.464,correlated_pymatching,33a101850f98c928fbbc383bb8c285c830115614c745647644cc259ef2a86600,"{""d"":7.0,""p"":0.021544346900318822,""r"":7.0}","{""obs_mistake_mask=E"":137}"
      4096,         0,         0,   0.486,correlated_pymatching,d821558028d0b71fbf8148e27be7c074e0e8b72611fd5ff402120f6913a24690,"{""d"":7.0,""p"":0.00046415888336127773,""r"":7.0}",
      2048,         0,         0,   0.091,correlated_pymatching,a50f81865d6b6d34201cc5fbf035f39862052f16ef076d797da2bafce6e88841,"{""d"":5.0,""p"":0.00046415888336127773,""r"":5.0}",
      2048,         0,         0,   0.081,correlated_pymatching,745961ec464dc090b9d2800818153a5191b18eda07e56d80217194f95b8f8bbd,"{""d"":5.0,""p"":0.0001,""r"":5.0}",
      2048,         0,         0,   0.084,correlated_pymatching,2e5e2e3e7a74d8ea5dcf398c0972d0c2503acf1083ae9653707b46510d0c62ea,"{""d"":5.0,""p"":0.00021544346900318845,""r"":5.0}",
      2048,         0,         0,   0.253,correlated_pymatching,d821558028d0b71fbf8148e27be7c074e0e8b72611fd5ff402120f6913a24690,"{""d"":7.0,""p"":0.00046415888336127773,""r"":7.0}",
        64,        35,         0,   0.191,correlated_pymatching,33a101850f98c928fbbc383bb8c285c830115614c745647644cc259ef2a86600,"{""d"":7.0,""p"":0.021544346900318822,""r"":7.0}","{""obs_mistake_mask=E"":35}"
      2048,         6,         0,   0.107,correlated_pymatching,7ad32b5dc12cb010842a45b0255bb9fe1695566bc49cdf3831eb02a6048175bd,"{""d"":5.0,""p"":0.001,""r"":5.0}","{""obs_mistake_mask=E"":6}"
         1,         0,         0,   0.095,correlated_pymatching,3da66f42efe4b9ee8b75f8d643d901a11e2bc0d91db4c5f0c0317ddd420e34a5,"{""d"":7.0,""p"":0.0001,""r"":7.0}",
         1,         0,         0,   0.096,correlated_pymatching,e020dd2c32c8d7bf6cffbce0be23bba9cdcadc6767681b343d85a6541ef25767,"{""d"":7.0,""p"":0.00021544346900318845,""r"":7.0}",
      2048,         1,         0,   0.307,correlated_pymatching,2919daae83c4bb355497b537b8eb3fa0541c9a74ae42f34c983947fa1bd75892,"{""d"":7.0,""p"":0.001,""r"":7.0}","{""obs_mistake_mask=E"":1}"
      2048,         1,         0,   0.091,correlated_pymatching,a50f81865d6b6d34201cc5fbf035f39862052f16ef076d797da2bafce6e88841,"{""d"":5.0,""p"":0.00046415888336127773,""r"":5.0}","{""obs_mistake_mask=E"":1}"
     14336,         0,         0,   0.598,correlated_pymatching,2e5e2e3e7a74d8ea5dcf398c0972d0c2503acf1083ae9653707b46510d0c62ea,"{""d"":5.0,""p"":0.00021544346900318845,""r"":5.0}",
     31744,        21,         0,   0.291,correlated_pymatching,24978d4f30d011ee4e5902aea4aa94a596fe54b62f28bafd09637c5bff3e5260,"{""d"":3.0,""p"":0.00021544346900318845,""r"":3.0}","{""obs_mistake_mask=E"":21}"
      3072,         0,         0,   0.121,correlated_pymatching,745961ec464dc090b9d2800818153a5191b18eda07e56d80217194f95b8f8bbd,"{""d"":5.0,""p"":0.0001,""r"":5.0}",
      1024,         7,         0,   0.221,correlated_pymatching,6f4138706b2861bd7bd4a7ef25ab4bc4bb96c80f874afab6c14fcb3503e4cf84,"{""d"":7.0,""p"":0.002154434690031882,""r"":7.0}","{""obs_mistake_mask=E"":7}"
     14336,         0,         0,   0.572,correlated_pymatching,745961ec464dc090b9d2800818153a5191b18eda07e56d80217194f95b8f8bbd,"{""d"":5.0,""p"":0.0001,""r"":5.0}",
         4,         0,         0,   0.096,correlated_pymatching,3da66f42efe4b9ee8b75f8d643d901a11e2bc0d91db4c5f0c0317ddd420e34a5,"{""d"":7.0,""p"":0.0001,""r"":7.0}",
      2048,         4,         0,   0.108,correlated_pymatching,7ad32b5dc12cb010842a45b0255bb9fe1695566bc49cdf3831eb02a6048175bd,"{""d"":5.0,""p"":0.001,""r"":5.0}","{""obs_mistake_mask=E"":4}"
      3072,         0,         0,   0.127,correlated_pymatching,2e5e2e3e7a74d8ea5dcf398c0972d0c2503acf1083ae9653707b46510d0c62ea,"{""d"":5.0,""p"":0.00021544346900318845,""r"":5.0}",
         4,         0,         0,   0.096,correlated_pymatching,e020dd2c32c8d7bf6cffbce0be23bba9cdcadc6767681b343d85a6541ef25767,"{""d"":7.0,""p"":0.00021544346900318845,""r"":7.0}",
      3072,         0,         0,   0.328,correlated_pymatching,3da66f42efe4b9ee8b75f8d643d901a11e2bc0d91db4c5f0c0317ddd420e34a5,"{""d"":7.0,""p"":0.0001,""r"":7.0}",
      2048,        12,         0,   0.429,correlated_pymatching,6f4138706b2861bd7bd4a7ef25ab4bc4bb96c80f874afab6c14fcb3503e4cf84,"{""d"":7.0,""p"":0.002154434690031882,""r"":7.0}","{""obs_mistake_mask=E"":12}"
      3072,         1,         0,   0.137,correlated_pymatching,a50f81865d6b6d34201cc5fbf035f39862052f16ef076d797da2bafce6e88841,"{""d"":5.0,""p"":0.00046415888336127773,""r"":5.0}","{""obs_mistake_mask=E"":1}"
     32768,         9,         0,   0.293,correlated_pymatching,d03e8ad66fc8e042fc07334756dfcfa1ba79773f7827218083e3aa032ca79802,"{""d"":3.0,""p"":0.0001,""r"":3.0}","{""obs_mistake_mask=E"":9}"
        16,         0,         0,   0.095,correlated_pymatching,3da66f42efe4b9ee8b75f8d643d901a11e2bc0d91db4c5f0c0317ddd420e34a5,"{""d"":7.0,""p"":0.0001,""r"":7.0}",
        16,         0,         0,   0.095,correlated_pymatching,e020dd2c32c8d7bf6cffbce0be23bba9cdcadc6767681b343d85a6541ef25767,"{""d"":7.0,""p"":0.00021544346900318845,""r"":7.0}",
      2048,         4,         0,   0.108,correlated_pymatching,7ad32b5dc12cb010842a45b0255bb9fe1695566bc49cdf3831eb02a6048175bd,"{""d"":5.0,""p"":0.001,""r"":5.0}","{""obs_mistake_mask=E"":4}"
         1,         0,         0,   0.099,correlated_pymatching,d821558028d0b71fbf8148e27be7c074e0e8b72611fd5ff402120f6913a24690,"{""d"":7.0,""p"":0.00046415888336127773,""r"":7.0}",
      3072,         0,         0,   0.345,correlated_pymatching,e020dd2c32c8d7bf6cffbce0be23bba9cdcadc6767681b343d85a6541ef25767,"{""d"":7.0,""p"":0.00021544346900318845,""r"":7.0}",
         1,         0,         0,   0.097,correlated_pymatching,2919daae83c4bb355497b537b8eb3fa0541c9a74ae42f34c983947fa1bd75892,"{""d"":7.0,""p"":0.001,""r"":7.0}",
      4096,         0,         0,   0.162,correlated_pymatching,745961ec464dc090b9d2800818153a5191b18eda07e56d80217194f95b8f8bbd,"{""d"":5.0,""p"":0.0001,""r"":5.0}",
      4096,         0,         0,   0.169,correlated_pymatching,2e5e2e3e7a74d8ea5dcf398c0972d0c2503acf1083ae9653707b46510d0c62ea,"{""d"":5.0,""p"":0.00021544346900318845,""r"":5.0}",
        64,         0,         0,   0.096,correlated_pymatching,3da66f42efe4b9ee8b75f8d643d901a11e2bc0d91db4c5f0c0317ddd420e34a5,"{""d"":7.0,""p"":0.0001,""r"":7.0}",
        64,         0,         0,   0.097,correlated_pymatching,e020dd2c32c8d7bf6cffbce0be23bba9cdcadc6767681b343d85a6541ef25767,"{""d"":7.0,""p"":0.00021544346900318845,""r"":7.0}",
      1024,         7,         0,   0.222,correlated_pymatching,6f4138706b2861bd7bd4a7ef25ab4bc4bb96c80f874afab6c14fcb3503e4cf84,"{""d"":7.0,""p"":0.002154434690031882,""r"":7.0}","{""obs_mistake_mask=E"":7}"
         4,         0,         0,   0.095,correlated_pymatching,2919daae83c4bb355497b537b8eb3fa0541c9a74ae42f34c983947fa1bd75892,"{""d"":7.0,""p"":0.001,""r"":7.0}",
     11264,        30,         0,   0.593,correlated_pymatching,7ad32b5dc12cb010842a45b0255bb9fe1695566bc49cdf3831eb02a6048175bd,"{""d"":5.0,""p"":0.001,""r"":5.0}","{""obs_mistake_mask=E"":30}"
         4,         0,         0,   0.100,correlated_pymatching,d821558028d0b71fbf8148e27be7c074e0e8b72611fd5ff402120f6913a24690,"{""d"":7.0,""p"":0.00046415888336127773,""r"":7.0}",
      2048,         1,         0,   0.304,correlated_pymatching,2919daae83c4bb355497b537b8eb3fa0541c9a74ae42f34c983947fa1bd75892,"{""d"":7.0,""p"":0.001,""r"":7.0}","{""obs_mistake_mask=E"":1}"
      3072,         0,         0,   0.377,correlated_pymatching,d821558028d0b71fbf8148e27be7c074e0e8b72611fd5ff402120f6913a24690,"{""d"":7.0,""p"":0.00046415888336127773,""r"":7.0}",
      3072,         8,         0,   0.161,correlated_pymatching,7ad32b5dc12cb010842a45b0255bb9fe1695566bc49cdf3831eb02a6048175bd,"{""d"":5.0,""p"":0.001,""r"":5.0}","{""obs_mistake_mask=E"":8}"
      4096,         1,         0,   0.183,correlated_pymatching,a50f81865d6b6d34201cc5fbf035f39862052f16ef076d797da2bafce6e88841,"{""d"":5.0,""p"":0.00046415888336127773,""r"":5.0}","{""obs_mistake_mask=E"":1}"
     13312,         4,         0,   0.597,correlated_pymatching,a50f81865d6b6d34201cc5fbf035f39862052f16ef076d797da2bafce6e88841,"{""d"":5.0,""p"":0.00046415888336127773,""r"":5.0}","{""obs_mistake_mask=E"":4}"
       256,         0,         0,   0.098,correlated_pymatching,3da66f42efe4b9ee8b75f8d643d901a11e2bc0d91db4c5f0c0317ddd420e34a5,"{""d"":7.0,""p"":0.0001,""r"":7.0}",
       256,         0,         0,   0.101,correlated_pymatching,e020dd2c32c8d7bf6cffbce0be23bba9cdcadc6767681b343d85a6541ef25767,"{""d"":7.0,""p"":0.00021544346900318845,""r"":7.0}",
     88064,        21,         0,   0.791,correlated_pymatching,d03e8ad66fc8e042fc07334756dfcfa1ba79773f7827218083e3aa032ca79802,"{""d"":3.0,""p"":0.0001,""r"":3.0}","{""obs_mistake_mask=E"":21}"
        16,         0,         0,   0.095,correlated_pymatching,2919daae83c4bb355497b537b8eb3fa0541c9a74ae42f34c983947fa1bd75892,"{""d"":7.0,""p"":0.001,""r"":7.0}",
     81920,        62,         0,   0.793,correlated_pymatching,24978d4f30d011ee4e5902aea4aa94a596fe54b62f28bafd09637c5bff3e5260,"{""d"":3.0,""p"":0.00021544346900318845,""r"":3.0}","{""obs_mistake_mask=E"":62}"
        16,         0,         0,   0.099,correlated_pymatching,d821558028d0b71fbf8148e27be7c074e0e8b72611fd5ff402120f6913a24690,"{""d"":7.0,""p"":0.00046415888336127773,""r"":7.0}",
     72704,        39,         0,   0.666,correlated_pymatching,24978d4f30d011ee4e5902aea4aa94a596fe54b62f28bafd09637c5bff3e5260,"{""d"":3.0,""p"":0.00021544346900318845,""r"":3.0}","{""obs_mistake_mask=E"":39}"
     37888,        25,         0,   0.349,correlated_pymatching,24978d4f30d011ee4e5902aea4aa94a596fe54b62f28bafd09637c5bff3e5260,"{""d"":3.0,""p"":0.00021544346900318845,""r"":3.0}","{""obs_mistake_mask=E"":25}"
      1024,         0,         0,   0.010,correlated_pymatching,24978d4f30d011ee4e5902aea4aa94a596fe54b62f28bafd09637c5bff3e5260,"{""d"":3.0,""p"":0.00021544346900318845,""r"":3.0}",
      4096,         1,         0,   0.598,correlated_pymatching,2919daae83c4bb355497b537b8eb3fa0541c9a74ae42f34c983947fa1bd75892,"{""d"":7.0,""p"":0.001,""r"":7.0}","{""obs_mistake_mask=E"":1}"
      6144,         0,         0,   0.673,correlated_pymatching,e020dd2c32c8d7bf6cffbce0be23bba9cdcadc6767681b343d85a6541ef25767,"{""d"":7.0,""p"":0.00021544346900318845,""r"":7.0}",
      6144,         0,         0,   0.640,correlated_pymatching,3da66f42efe4b9ee8b75f8d643d901a11e2bc0d91db4c5f0c0317ddd420e34a5,"{""d"":7.0,""p"":0.0001,""r"":7.0}",
      5120,         0,         0,   0.210,correlated_pymatching,2e5e2e3e7a74d8ea5dcf398c0972d0c2503acf1083ae9653707b46510d0c62ea,"{""d"":5.0,""p"":0.00021544346900318845,""r"":5.0}",
        17,         0,         0,   0.017,correlated_pymatching,d03e8ad66fc8e042fc07334756dfcfa1ba79773f7827218083e3aa032ca79802,"{""d"":3.0,""p"":0.0001,""r"":3.0}",
      6144,         0,         0,   0.243,correlated_pymatching,745961ec464dc090b9d2800818153a5191b18eda07e56d80217194f95b8f8bbd,"{""d"":5.0,""p"":0.0001,""r"":5.0}",
      1024,         0,         0,   0.107,correlated_pymatching,3da66f42efe4b9ee8b75f8d643d901a11e2bc0d91db4c5f0c0317ddd420e34a5,"{""d"":7.0,""p"":0.0001,""r"":7.0}",
      1280,         0,         0,   0.017,correlated_pymatching,d03e8ad66fc8e042fc07334756dfcfa1ba79773f7827218083e3aa032ca79802,"{""d"":3.0,""p"":0.0001,""r"":3.0}",
      1024,         0,         0,   0.111,correlated_pymatching,e020dd2c32c8d7bf6cffbce0be23bba9cdcadc6767681b343d85a6541ef25767,"{""d"":7.0,""p"":0.00021544346900318845,""r"":7.0}",
        64,         0,         0,   0.099,correlated_pymatching,2919daae83c4bb355497b537b8eb3fa0541c9a74ae42f34c983947fa1bd75892,"{""d"":7.0,""p"":0.001,""r"":7.0}",
        64,         0,         0,   0.098,correlated_pymatching,d821558028d0b71fbf8148e27be7c074e0e8b72611fd5ff402120f6913a24690,"{""d"":7.0,""p"":0.00046415888336127773,""r"":7.0}",
      3072,         0,         0,   0.027,correlated_pymatching,d03e8ad66fc8e042fc07334756dfcfa1ba79773f7827218083e3aa032ca79802,"{""d"":3.0,""p"":0.0001,""r"":3.0}",
     88064,        13,         0,   0.790,correlated_pymatching,d03e8ad66fc8e042fc07334756dfcfa1ba79773f7827218083e3aa032ca79802,"{""d"":3.0,""p"":0.0001,""r"":3.0}","{""obs_mistake_mask=E"":13}"
      5120,         0,         0,   0.612,correlated_pymatching,d821558028d0b71fbf8148e27be7c074e0e8b72611fd5ff402120f6913a24690,"{""d"":7.0,""p"":0.00046415888336127773,""r"":7.0}",
      3072,         0,         0,   0.028,correlated_pymatching,d03e8ad66fc8e042fc07334756dfcfa1ba79773f7827218083e3aa032ca79802,"{""d"":3.0,""p"":0.0001,""r"":3.0}",
      4096,         0,         0,   0.440,correlated_pymatching,3da66f42efe4b9ee8b75f8d643d901a11e2bc0d91db4c5f0c0317ddd420e34a5,"{""d"":7.0,""p"":0.0001,""r"":7.0}",
      4096,        16,         0,   0.216,correlated_pymatching,7ad32b5dc12cb010842a45b0255bb9fe1695566bc49cdf3831eb02a6048175bd,"{""d"":5.0,""p"":0.001,""r"":5.0}","{""obs_mistake_mask=E"":16}"
     45056,         5,         0,   0.401,correlated_pymatching,d03e8ad66fc8e042fc07334756dfcfa1ba79773f7827218083e3aa032ca79802,"{""d"":3.0,""p"":0.0001,""r"":3.0}","{""obs_mistake_mask=E"":5}"
      5120,         1,         0,   0.228,correlated_pymatching,a50f81865d6b6d34201cc5fbf035f39862052f16ef076d797da2bafce6e88841,"{""d"":5.0,""p"":0.00046415888336127773,""r"":5.0}","{""obs_mistake_mask=E"":1}"
      1024,         0,         0,   0.107,correlated_pymatching,3da66f42efe4b9ee8b75f8d643d901a11e2bc0d91db4c5f0c0317ddd420e34a5,"{""d"":7.0,""p"":0.0001,""r"":7.0}",
      5120,         0,         0,   0.046,correlated_pymatching,d03e8ad66fc8e042fc07334756dfcfa1ba79773f7827218083e3aa032ca79802,"{""d"":3.0,""p"":0.0001,""r"":3.0}",
     20480,         0,         0,   0.811,correlated_pymatching,745961ec464dc090b9d2800818153a5191b18eda07e56d80217194f95b8f8bbd,"{""d"":5.0,""p"":0.0001,""r"":5.0}",
      1024,         0,         0,   0.112,correlated_pymatching,e020dd2c32c8d7bf6cffbce0be23bba9cdcadc6767681b343d85a6541ef25767,"{""d"":7.0,""p"":0.00021544346900318845,""r"":7.0}",
       256,         0,         0,   0.108,correlated_pymatching,2919daae83c4bb355497b537b8eb3fa0541c9a74ae42f34c983947fa1bd75892,"{""d"":7.0,""p"":0.001,""r"":7.0}",
       256,         0,         0,   0.105,correlated_pymatching,d821558028d0b71fbf8148e27be7c074e0e8b72611fd5ff402120f6913a24690,"{""d"":7.0,""p"":0.00046415888336127773,""r"":7.0}",
      6144,         1,         0,   0.055,correlated_pymatching,d03e8ad66fc8e042fc07334756dfcfa1ba79773f7827218083e3aa032ca79802,"{""d"":3.0,""p"":0.0001,""r"":3.0}","{""obs_mistake_mask=E"":1}"
     18432,         4,         0,   0.825,correlated_pymatching,a50f81865d6b6d34201cc5fbf035f39862052f16ef076d797da2bafce6e88841,"{""d"":5.0,""p"":0.00046415888336127773,""r"":5.0}","{""obs_mistake_mask=E"":4}"
         1,         0,         0,   0.103,correlated_pymatching,6f4138706b2861bd7bd4a7ef25ab4bc4bb96c80f874afab6c14fcb3503e4cf84,"{""d"":7.0,""p"":0.002154434690031882,""r"":7.0}",
         1,         0,         0,   0.105,correlated_pymatching,6f4138706b2861bd7bd4a7ef25ab4bc4bb96c80f874afab6c14fcb3503e4cf84,"{""d"":7.0,""p"":0.002154434690031882,""r"":7.0}",
      4096,         0,         0,   0.465,correlated_pymatching,e020dd2c32c8d7bf6cffbce0be23bba9cdcadc6767681b343d85a6541ef25767,"{""d"":7.0,""p"":0.00021544346900318845,""r"":7.0}",
      1024,         0,         0,   0.108,correlated_pymatching,3da66f42efe4b9ee8b75f8d643d901a11e2bc0d91db4c5f0c0317ddd420e34a5,"{""d"":7.0,""p"":0.0001,""r"":7.0}",
     19456,         0,         0,   0.806,correlated_pymatching,2e5e2e3e7a74d8ea5dcf398c0972d0c2503acf1083ae9653707b46510d0c62ea,"{""d"":5.0,""p"":0.00021544346900318845,""r"":5.0}",
     15360,        31,         0,   0.817,correlated_pymatching,7ad32b5dc12cb010842a45b0255bb9fe1695566bc49cdf3831eb02a6048175bd,"{""d"":5.0,""p"":0.001,""r"":5.0}","{""obs_mistake_mask=E"":31}"
      1024,         0,         0,   0.111,correlated_pymatching,e020dd2c32c8d7bf6cffbce0be23bba9cdcadc6767681b343d85a6541ef25767,"{""d"":7.0,""p"":0.00021544346900318845,""r"":7.0}",
      9216,         2,         0,   0.083,correlated_pymatching,d03e8ad66fc8e042fc07334756dfcfa1ba79773f7827218083e3aa032ca79802,"{""d"":3.0,""p"":0.0001,""r"":3.0}","{""obs_mistake_mask=E"":2}"
      2048,        11,         0,   0.442,correlated_pymatching,6f4138706b2861bd7bd4a7ef25ab4bc4bb96c80f874afab6c14fcb3503e4cf84,"{""d"":7.0,""p"":0.002154434690031882,""r"":7.0}","{""obs_mistake_mask=E"":11}"
      1024,         0,         0,   0.127,correlated_pymatching,d821558028d0b71fbf8148e27be7c074e0e8b72611fd5ff402120f6913a24690,"{""d"":7.0,""p"":0.00046415888336127773,""r"":7.0}",
      7168,         1,         0,   0.295,correlated_pymatching,2e5e2e3e7a74d8ea5dcf398c0972d0c2503acf1083ae9653707b46510d0c62ea,"{""d"":5.0,""p"":0.00021544346900318845,""r"":5.0}","{""obs_mistake_mask=E"":1}"
      1024,         1,         0,   0.147,correlated_pymatching,2919daae83c4bb355497b537b8eb3fa0541c9a74ae42f34c983947fa1bd75892,"{""d"":7.0,""p"":0.001,""r"":7.0}","{""obs_mistake_mask=E"":1}"
         4,         0,         0,   0.098,correlated_pymatching,6f4138706b2861bd7bd4a7ef25ab4bc4bb96c80f874afab6c14fcb3503e4cf84,"{""d"":7.0,""p"":0.002154434690031882,""r"":7.0}",
      3072,         0,         0,   0.456,correlated_pymatching,2919daae83c4bb355497b537b8eb3fa0541c9a74ae42f34c983947fa1bd75892,"{""d"":7.0,""p"":0.001,""r"":7.0}",
         4,         0,         0,   0.103,correlated_pymatching,6f4138706b2861bd7bd4a7ef25ab4bc4bb96c80f874afab6c14fcb3503e4cf84,"{""d"":7.0,""p"":0.002154434690031882,""r"":7.0}",
      3072,        24,         0,   0.651,correlated_pymatching,6f4138706b2861bd7bd4a7ef25ab4bc4bb96c80f874afab6c14fcb3503e4cf84,"{""d"":7.0,""p"":0.002154434690031882,""r"":7.0}","{""obs_mistake_mask=E"":24}"
      8192,         0,         0,   0.324,correlated_pymatching,745961ec464dc090b9d2800818153a5191b18eda07e56d80217194f95b8f8bbd,"{""d"":5.0,""p"":0.0001,""r"":5.0}",
     12288,         4,         0,   0.110,correlated_pymatching,d03e8ad66fc8e042fc07334756dfcfa1ba79773f7827218083e3aa032ca79802,"{""d"":3.0,""p"":0.0001,""r"":3.0}","{""obs_mistake_mask=E"":4}"
      4096,         0,         0,   0.507,correlated_pymatching,d821558028d0b71fbf8148e27be7c074e0e8b72611fd5ff402120f6913a24690,"{""d"":7.0,""p"":0.00046415888336127773,""r"":7.0}",
        16,         0,         0,   0.100,correlated_pymatching,6f4138706b2861bd7bd4a7ef25ab4bc4bb96c80f874afab6c14fcb3503e4cf84,"{""d"":7.0,""p"":0.002154434690031882,""r"":7.0}",
      1024,         0,         0,   0.126,correlated_pymatching,d821558028d0b71fbf8148e27be7c074e0e8b72611fd5ff402120f6913a24690,"{""d"":7.0,""p"":0.00046415888336127773,""r"":7.0}",
     18432,         0,         0,   0.811,correlated_pymatching,2e5e2e3e7a74d8ea5dcf398c0972d0c2503acf1083ae9653707b46510d0c62ea,"{""d"":5.0,""p"":0.00021544346900318845,""r"":5.0}",
        16,         0,         0,   0.103,correlated_pymatching,6f4138706b2861bd7bd4a7ef25ab4bc4bb96c80f874afab6c14fcb3503e4cf84,"{""d"":7.0,""p"":0.002154434690031882,""r"":7.0}",
     20480,         0,         0,   0.821,correlated_pymatching,745961ec464dc090b9d2800818153a5191b18eda07e56d80217194f95b8f8bbd,"{""d"":5.0,""p"":0.0001,""r"":5.0}",
      6144,        17,         0,   0.324,correlated_pymatching,7ad32b5dc12cb010842a45b0255bb9fe1695566bc49cdf3831eb02a6048175bd,"{""d"":5.0,""p"":0.001,""r"":5.0}","{""obs_mistake_mask=E"":17}"
      7168,         2,         0,   0.320,correlated_pymatching,a50f81865d6b6d34201cc5fbf035f39862052f16ef076d797da2bafce6e88841,"{""d"":5.0,""p"":0.00046415888336127773,""r"":5.0}","{""obs_mistake_mask=E"":2}"
      2048,         0,         0,   0.214,correlated_pymatching,3da66f42efe4b9ee8b75f8d643d901a11e2bc0d91db4c5f0c0317ddd420e34a5,"{""d"":7.0,""p"":0.0001,""r"":7.0}",
      1024,         2,         0,   0.149,correlated_pymatching,2919daae83c4bb355497b537b8eb3fa0541c9a74ae42f34c983947fa1bd75892,"{""d"":7.0,""p"":0.001,""r"":7.0}","{""obs_mistake_mask=E"":2}"
      2048,         0,         0,   0.220,correlated_pymatching,e020dd2c32c8d7bf6cffbce0be23bba9cdcadc6767681b343d85a6541ef25767,"{""d"":7.0,""p"":0.00021544346900318845,""r"":7.0}",
        64,         0,         0,   0.106,correlated_pymatching,6f4138706b2861bd7bd4a7ef25ab4bc4bb96c80f874afab6c14fcb3503e4cf84,"{""d"":7.0,""p"":0.002154434690031882,""r"":7.0}",
     16384,         4,         0,   0.146,correlated_pymatching,d03e8ad66fc8e042fc07334756dfcfa1ba79773f7827218083e3aa032ca79802,"{""d"":3.0,""p"":0.0001,""r"":3.0}","{""obs_mistake_mask=E"":4}"
        64,         1,         0,   0.110,correlated_pymatching,6f4138706b2861bd7bd4a7ef25ab4bc4bb96c80f874afab6c14fcb3503e4cf84,"{""d"":7.0,""p"":0.002154434690031882,""r"":7.0}","{""obs_mistake_mask=E"":1}"
      1024,         0,         0,   0.127,correlated_pymatching,d821558028d0b71fbf8148e27be7c074e0e8b72611fd5ff402120f6913a24690,"{""d"":7.0,""p"":0.00046415888336127773,""r"":7.0}",
      1024,         0,         0,   0.150,correlated_pymatching,2919daae83c4bb355497b537b8eb3fa0541c9a74ae42f34c983947fa1bd75892,"{""d"":7.0,""p"":0.001,""r"":7.0}",
       256,         1,         0,   0.130,correlated_pymatching,6f4138706b2861bd7bd4a7ef25ab4bc4bb96c80f874afab6c14fcb3503e4cf84,"{""d"":7.0,""p"":0.002154434690031882,""r"":7.0}","{""obs_mistake_mask=E"":1}"
      2048,         0,         0,   0.217,correlated_pymatching,3da66f42efe4b9ee8b75f8d643d901a11e2bc0d91db4c5f0c0317ddd420e34a5,"{""d"":7.0,""p"":0.0001,""r"":7.0}",
     15360,        33,         0,   0.813,correlated_pymatching,7ad32b5dc12cb010842a45b0255bb9fe1695566bc49cdf3831eb02a6048175bd,"{""d"":5.0,""p"":0.001,""r"":5.0}","{""obs_mistake_mask=E"":33}"
       256,         0,         0,   0.133,correlated_pymatching,6f4138706b2861bd7bd4a7ef25ab4bc4bb96c80f874afab6c14fcb3503e4cf84,"{""d"":7.0,""p"":0.002154434690031882,""r"":7.0}",
     63488,        15,         0,   0.567,correlated_pymatching,d03e8ad66fc8e042fc07334756dfcfa1ba79773f7827218083e3aa032ca79802,"{""d"":3.0,""p"":0.0001,""r"":3.0}","{""obs_mistake_mask=E"":15}"
      2048,         0,         0,   0.223,correlated_pymatching,e020dd2c32c8d7bf6cffbce0be23bba9cdcadc6767681b343d85a6541ef25767,"{""d"":7.0,""p"":0.00021544346900318845,""r"":7.0}",
      2048,        18,         0,   0.444,correlated_pymatching,6f4138706b2861bd7bd4a7ef25ab4bc4bb96c80f874afab6c14fcb3503e4cf84,"{""d"":7.0,""p"":0.002154434690031882,""r"":7.0}","{""obs_mistake_mask=E"":18}"
     10240,         0,         0,   0.420,correlated_pymatching,2e5e2e3e7a74d8ea5dcf398c0972d0c2503acf1083ae9653707b46510d0c62ea,"{""d"":5.0,""p"":0.00021544346900318845,""r"":5.0}",
     18432,         4,         0,   0.831,correlated_pymatching,a50f81865d6b6d34201cc5fbf035f39862052f16ef076d797da2bafce6e88841,"{""d"":5.0,""p"":0.00046415888336127773,""r"":5.0}","{""obs_mistake_mask=E"":4}"
     23552,         6,         0,   0.210,correlated_pymatching,d03e8ad66fc8e042fc07334756dfcfa1ba79773f7827218083e3aa032ca79802,"{""d"":3.0,""p"":0.0001,""r"":3.0}","{""obs_mistake_mask=E"":6}"
     10240,         0,         0,   0.406,correlated_pymatching,745961ec464dc090b9d2800818153a5191b18eda07e56d80217194f95b8f8bbd,"{""d"":5.0,""p"":0.0001,""r"":5.0}",
      1024,         0,         0,   0.148,correlated_pymatching,2919daae83c4bb355497b537b8eb3fa0541c9a74ae42f34c983947fa1bd75892,"{""d"":7.0,""p"":0.001,""r"":7.0}",
      6144,         0,         0,   0.667,correlated_pymatching,3da66f42efe4b9ee8b75f8d643d901a11e2bc0d91db4c5f0c0317ddd420e34a5,"{""d"":7.0,""p"":0.0001,""r"":7.0}",
      2048,         0,         0,   0.255,correlated_pymatching,d821558028d0b71fbf8148e27be7c074e0e8b72611fd5ff402120f6913a24690,"{""d"":7.0,""p"":0.00046415888336127773,""r"":7.0}",
      5120,         0,         0,   0.580,correlated_pymatching,e020dd2c32c8d7bf6cffbce0be23bba9cdcadc6767681b343d85a6541ef25767,"{""d"":7.0,""p"":0.00021544346900318845,""r"":7.0}",
      9216,         2,         0,   0.412,correlated_pymatching,a50f81865d6b6d34201cc5fbf035f39862052f16ef076d797da2bafce6e88841,"{""d"":5.0,""p"":0.00046415888336127773,""r"":5.0}","{""obs_mistake_mask=E"":2}"
      1024,         6,         0,   0.220,correlated_pymatching,6f4138706b2861bd7bd4a7ef25ab4bc4bb96c80f874afab6c14fcb3503e4cf84,"{""d"":7.0,""p"":0.002154434690031882,""r"":7.0}","{""obs_mistake_mask=E"":6}"
      8192,        19,         0,   0.432,correlated_pymatching,7ad32b5dc12cb010842a45b0255bb9fe1695566bc49cdf3831eb02a6048175bd,"{""d"":5.0,""p"":0.001,""r"":5.0}","{""obs_mistake_mask=E"":19}"
      8192,         0,         0,   0.866,correlated_pymatching,3da66f42efe4b9ee8b75f8d643d901a11e2bc0d91db4c5f0c0317ddd420e34a5,"{""d"":7.0,""p"":0.0001,""r"":7.0}",
      6144,         2,         0,   0.897,correlated_pymatching,2919daae83c4bb355497b537b8eb3fa0541c9a74ae42f34c983947fa1bd75892,"{""d"":7.0,""p"":0.001,""r"":7.0}","{""obs_mistake_mask=E"":2}"
      8192,         0,         0,   0.905,correlated_pymatching,e020dd2c32c8d7bf6cffbce0be23bba9cdcadc6767681b343d85a6541ef25767,"{""d"":7.0,""p"":0.00021544346900318845,""r"":7.0}",
      1024,         5,         0,   0.228,correlated_pymatching,6f4138706b2861bd7bd4a7ef25ab4bc4bb96c80f874afab6c14fcb3503e4cf84,"{""d"":7.0,""p"":0.002154434690031882,""r"":7.0}","{""obs_mistake_mask=E"":5}"
      4096,         2,         0,   0.614,correlated_pymatching,2919daae83c4bb355497b537b8eb3fa0541c9a74ae42f34c983947fa1bd75892,"{""d"":7.0,""p"":0.001,""r"":7.0}","{""obs_mistake_mask=E"":2}"
      7168,         0,         0,   0.862,correlated_pymatching,d821558028d0b71fbf8148e27be7c074e0e8b72611fd5ff402120f6913a24690,"{""d"":7.0,""p"":0.00046415888336127773,""r"":7.0}",
      3072,         0,         0,   0.322,correlated_pymatching,3da66f42efe4b9ee8b75f8d643d901a11e2bc0d91db4c5f0c0317ddd420e34a5,"{""d"":7.0,""p"":0.0001,""r"":7.0}",
      5120,         0,         0,   0.637,correlated_pymatching,d821558028d0b71fbf8148e27be7c074e0e8b72611fd5ff402120f6913a24690,"{""d"":7.0,""p"":0.00046415888336127773,""r"":7.0}",
     32768,         9,         0,   0.291,correlated_pymatching,d03e8ad66fc8e042fc07334756dfcfa1ba79773f7827218083e3aa032ca79802,"{""d"":3.0,""p"":0.0001,""r"":3.0}","{""obs_mistake_mask=E"":9}"
      3072,         0,         0,   0.333,correlated_pymatching,e020dd2c32c8d7bf6cffbce0be23bba9cdcadc6767681b343d85a6541ef25767,"{""d"":7.0,""p"":0.00021544346900318845,""r"":7.0}",
    122880,        35,         0,    1.10,correlated_pymatching,d03e8ad66fc8e042fc07334756dfcfa1ba79773f7827218083e3aa032ca79802,"{""d"":3.0,""p"":0.0001,""r"":3.0}","{""obs_mistake_mask=E"":35}"
      2048,         0,         0,   0.255,correlated_pymatching,d821558028d0b71fbf8148e27be7c074e0e8b72611fd5ff402120f6913a24690,"{""d"":7.0,""p"":0.00046415888336127773,""r"":7.0}",
      2048,         1,         0,   0.299,correlated_pymatching,2919daae83c4bb355497b537b8eb3fa0541c9a74ae42f34c983947fa1bd75892,"{""d"":7.0,""p"":0.001,""r"":7.0}","{""obs_mistake_mask=E"":1}"
      1024,         7,         0,   0.219,correlated_pymatching,6f4138706b2861bd7bd4a7ef25ab4bc4bb96c80f874afab6c14fcb3503e4cf84,"{""d"":7.0,""p"":0.002154434690031882,""r"":7.0}","{""obs_mistake_mask=E"":7}"
      1024,         6,         0,   0.227,correlated_pymatching,6f4138706b2861bd7bd4a7ef25ab4bc4bb96c80f874afab6c14fcb3503e4cf84,"{""d"":7.0,""p"":0.002154434690031882,""r"":7.0}","{""obs_mistake_mask=E"":6}"
    122880,        17,         0,    1.10,correlated_pymatching,d03e8ad66fc8e042fc07334756dfcfa1ba79773f7827218083e3aa032ca79802,"{""d"":3.0,""p"":0.0001,""r"":3.0}","{""obs_mistake_mask=E"":17}"
      4096,        31,         0,   0.870,correlated_pymatching,6f4138706b2861bd7bd4a7ef25ab4bc4bb96c80f874afab6c14fcb3503e4cf84,"{""d"":7.0,""p"":0.002154434690031882,""r"":7.0}","{""obs_mistake_mask=E"":31}"
     28672,         0,         0,    1.14,correlated_pymatching,745961ec464dc090b9d2800818153a5191b18eda07e56d80217194f95b8f8bbd,"{""d"":5.0,""p"":0.0001,""r"":5.0}",
      1024,        12,         0,   0.222,correlated_pymatching,6f4138706b2861bd7bd4a7ef25ab4bc4bb96c80f874afab6c14fcb3503e4cf84,"{""d"":7.0,""p"":0.002154434690031882,""r"":7.0}","{""obs_mistake_mask=E"":12}"
     14336,         0,         0,   0.568,correlated_pymatching,745961ec464dc090b9d2800818153a5191b18eda07e56d80217194f95b8f8bbd,"{""d"":5.0,""p"":0.0001,""r"":5.0}",
     14336,         0,         0,   0.591,correlated_pymatching,2e5e2e3e7a74d8ea5dcf398c0972d0c2503acf1083ae9653707b46510d0c62ea,"{""d"":5.0,""p"":0.00021544346900318845,""r"":5.0}",
      1024,         6,         0,   0.222,correlated_pymatching,6f4138706b2861bd7bd4a7ef25ab4bc4bb96c80f874afab6c14fcb3503e4cf84,"{""d"":7.0,""p"":0.002154434690031882,""r"":7.0}","{""obs_mistake_mask=E"":6}"
      2048,         1,         0,   0.301,correlated_pymatching,2919daae83c4bb355497b537b8eb3fa0541c9a74ae42f34c983947fa1bd75892,"{""d"":7.0,""p"":0.001,""r"":7.0}","{""obs_mistake_mask=E"":1}"
     25600,         5,         0,    1.15,correlated_pymatching,a50f81865d6b6d34201cc5fbf035f39862052f16ef076d797da2bafce6e88841,"{""d"":5.0,""p"":0.00046415888336127773,""r"":5.0}","{""obs_mistake_mask=E"":5}"
      3072,        26,         0,   0.664,correlated_pymatching,6f4138706b2861bd7bd4a7ef25ab4bc4bb96c80f874afab6c14fcb3503e4cf84,"{""d"":7.0,""p"":0.002154434690031882,""r"":7.0}","{""obs_mistake_mask=E"":26}"
     21504,        40,         0,    1.15,correlated_pymatching,7ad32b5dc12cb010842a45b0255bb9fe1695566bc49cdf3831eb02a6048175bd,"{""d"":5.0,""p"":0.001,""r"":5.0}","{""obs_mistake_mask=E"":40}"
     27648,         0,         0,    1.15,correlated_pymatching,2e5e2e3e7a74d8ea5dcf398c0972d0c2503acf1083ae9653707b46510d0c62ea,"{""d"":5.0,""p"":0.00021544346900318845,""r"":5.0}",
      4096,         0,         0,   0.430,correlated_pymatching,3da66f42efe4b9ee8b75f8d643d901a11e2bc0d91db4c5f0c0317ddd420e34a5,"{""d"":7.0,""p"":0.0001,""r"":7.0}",
      3072,         0,         0,   0.380,correlated_pymatching,d821558028d0b71fbf8148e27be7c074e0e8b72611fd5ff402120f6913a24690,"{""d"":7.0,""p"":0.00046415888336127773,""r"":7.0}",
     46080,        15,         0,   0.409,correlated_pymatching,d03e8ad66fc8e042fc07334756dfcfa1ba79773f7827218083e3aa032ca79802,"{""d"":3.0,""p"":0.0001,""r"":3.0}","{""obs_mistake_mask=E"":15}"
     13312,         2,         0,   0.593,correlated_pymatching,a50f81865d6b6d34201cc5fbf035f39862052f16ef076d797da2bafce6e88841,"{""d"":5.0,""p"":0.00046415888336127773,""r"":5.0}","{""obs_mistake_mask=E"":2}"
     11264,        27,         0,   0.590,correlated_pymatching,7ad32b5dc12cb010842a45b0255bb9fe1695566bc49cdf3831eb02a6048175bd,"{""d"":5.0,""p"":0.001,""r"":5.0}","{""obs_mistake_mask=E"":27}"
      4096,         0,         0,   0.442,correlated_pymatching,e020dd2c32c8d7bf6cffbce0be23bba9cdcadc6767681b343d85a6541ef25767,"{""d"":7.0,""p"":0.00021544346900318845,""r"":7.0}",
     15360,        37,         0,   0.814,correlated_pymatching,7ad32b5dc12cb010842a45b0255bb9fe1695566bc49cdf3831eb02a6048175bd,"{""d"":5.0,""p"":0.001,""r"":5.0}","{""obs_mistake_mask=E"":37}"
     88064,        17,         0,   0.785,correlated_pymatching,d03e8ad66fc8e042fc07334756dfcfa1ba79773f7827218083e3aa032ca79802,"{""d"":3.0,""p"":0.0001,""r"":3.0}","{""obs_mistake_mask=E"":17}"
      2048,         6,         0,   0.109,correlated_pymatching,7ad32b5dc12cb010842a45b0255bb9fe1695566bc49cdf3831eb02a6048175bd,"{""d"":5.0,""p"":0.001,""r"":5.0}","{""obs_mistake_mask=E"":6}"
      1024,         1,         0,   0.054,correlated_pymatching,7ad32b5dc12cb010842a45b0255bb9fe1695566bc49cdf3831eb02a6048175bd,"{""d"":5.0,""p"":0.001,""r"":5.0}","{""obs_mistake_mask=E"":1}"
      1024,         4,         0,   0.220,correlated_pymatching,6f4138706b2861bd7bd4a7ef25ab4bc4bb96c80f874afab6c14fcb3503e4cf84,"{""d"":7.0,""p"":0.002154434690031882,""r"":7.0}","{""obs_mistake_mask=E"":4}"
     26624,         1,         0,    1.11,correlated_pymatching,2e5e2e3e7a74d8ea5dcf398c0972d0c2503acf1083ae9653707b46510d0c62ea,"{""d"":5.0,""p"":0.00021544346900318845,""r"":5.0}","{""obs_mistake_mask=E"":1}"
      1024,         5,         0,   0.228,correlated_pymatching,6f4138706b2861bd7bd4a7ef25ab4bc4bb96c80f874afab6c14fcb3503e4cf84,"{""d"":7.0,""p"":0.002154434690031882,""r"":7.0}","{""obs_mistake_mask=E"":5}"
     28672,         0,         0,    1.14,correlated_pymatching,745961ec464dc090b9d2800818153a5191b18eda07e56d80217194f95b8f8bbd,"{""d"":5.0,""p"":0.0001,""r"":5.0}",
      7168,         0,         0,   0.816,correlated_pymatching,e020dd2c32c8d7bf6cffbce0be23bba9cdcadc6767681b343d85a6541ef25767,"{""d"":7.0,""p"":0.00021544346900318845,""r"":7.0}",
         1,         0,         0,   0.037,correlated_pymatching,745961ec464dc090b9d2800818153a5191b18eda07e56d80217194f95b8f8bbd,"{""d"":5.0,""p"":0.0001,""r"":5.0}",
         1,         0,         0,   0.037,correlated_pymatching,2e5e2e3e7a74d8ea5dcf398c0972d0c2503acf1083ae9653707b46510d0c62ea,"{""d"":5.0,""p"":0.00021544346900318845,""r"":5.0}",
         1,         0,         0,   0.036,correlated_pymatching,a50f81865d6b6d34201cc5fbf035f39862052f16ef076d797da2bafce6e88841,"{""d"":5.0,""p"":0.00046415888336127773,""r"":5.0}",
      8192,         0,         0,   0.886,correlated_pymatching,3da66f42efe4b9ee8b75f8d643d901a11e2bc0d91db4c5f0c0317ddd420e34a5,"{""d"":7.0,""p"":0.0001,""r"":7.0}",
        16,         0,         0,   0.037,correlated_pymatching,745961ec464dc090b9d2800818153a5191b18eda07e56d80217194f95b8f8bbd,"{""d"":5.0,""p"":0.0001,""r"":5.0}",
        16,         0,         0,   0.037,correlated_pymatching,2e5e2e3e7a74d8ea5dcf398c0972d0c2503acf1083ae9653707b46510d0c62ea,"{""d"":5.0,""p"":0.00021544346900318845,""r"":5.0}",
        16,         0,         0,   0.036,correlated_pymatching,a50f81865d6b6d34201cc5fbf035f39862052f16ef076d797da2bafce6e88841,"{""d"":5.0,""p"":0.00046415888336127773,""r"":5.0}",
       256,         0,         0,   0.038,correlated_pymatching,745961ec464dc090b9d2800818153a5191b18eda07e56d80217194f95b8f8bbd,"{""d"":5.0,""p"":0.0001,""r"":5.0}",
       256,         0,         0,   0.038,correlated_pymatching,2e5e2e3e7a74d8ea5dcf398c0972d0c2503acf1083ae9653707b46510d0c62ea,"{""d"":5.0,""p"":0.00021544346900318845,""r"":5.0}",
       256,         0,         0,   0.039,correlated_pymatching,a50f81865d6b6d34201cc5fbf035f39862052f16ef076d797da2bafce6e88841,"{""d"":5.0,""p"":0.00046415888336127773,""r"":5.0}",
      1024,         6,         0,   0.222,correlated_pymatching,6f4138706b2861bd7bd4a7ef25ab4bc4bb96c80f874afab6c14fcb3503e4cf84,"{""d"":7.0,""p"":0.002154434690031882,""r"":7.0}","{""obs_mistake_mask=E"":6}"
      1024,         0,         0,   0.041,correlated_pymatching,745961ec464dc090b9d2800818153a5191b18eda07e56d80217194f95b8f8bbd,"{""d"":5.0,""p"":0.0001,""r"":5.0}",
      1024,         0,         0,   0.043,correlated_pymatching,2e5e2e3e7a74d8ea5dcf398c0972d0c2503acf1083ae9653707b46510d0c62ea,"{""d"":5.0,""p"":0.00021544346900318845,""r"":5.0}",
      1024,         0,         0,   0.045,correlated_pymatching,a50f81865d6b6d34201cc5fbf035f39862052f16ef076d797da2bafce6e88841,"{""d"":5.0,""p"":0.00046415888336127773,""r"":5.0}",
      1024,         0,         0,   0.041,correlated_pymatching,745961ec464dc090b9d2800818153a5191b18eda07e56d80217194f95b8f8bbd,"{""d"":5.0,""p"":0.0001,""r"":5.0}",
      1024,         0,         0,   0.043,correlated_pymatching,2e5e2e3e7a74d8ea5dcf398c0972d0c2503acf1083ae9653707b46510d0c62ea,"{""d"":5.0,""p"":0.00021544346900318845,""r"":5.0}",
      3072,         3,         0,   0.443,correlated_pymatching,2919daae83c4bb355497b537b8eb3fa0541c9a74ae42f34c983947fa1bd75892,"{""d"":7.0,""p"":0.001,""r"":7.0}","{""obs_mistake_mask=E"":3}"
      1024,         0,         0,   0.045,correlated_pymatching,a50f81865d6b6d34201cc5fbf035f39862052f16ef076d797da2bafce6e88841,"{""d"":5.0,""p"":0.00046415888336127773,""r"":5.0}",
      1024,         2,         0,   0.227,correlated_pymatching,6f4138706b2861bd7bd4a7ef25ab4bc4bb96c80f874afab6c14fcb3503e4cf84,"{""d"":7.0,""p"":0.002154434690031882,""r"":7.0}","{""obs_mistake_mask=E"":2}"
     24576,         6,         0,    1.11,correlated_pymatching,a50f81865d6b6d34201cc5fbf035f39862052f16ef076d797da2bafce6e88841,"{""d"":5.0,""p"":0.00046415888336127773,""r"":5.0}","{""obs_mistake_mask=E"":6}"
      6144,         1,         0,   0.921,correlated_pymatching,2919daae83c4bb355497b537b8eb3fa0541c9a74ae42f34c983947fa1bd75892,"{""d"":7.0,""p"":0.001,""r"":7.0}","{""obs_mistake_mask=E"":1}"
      2048,         0,         0,   0.082,correlated_pymatching,745961ec464dc090b9d2800818153a5191b18eda07e56d80217194f95b8f8bbd,"{""d"":5.0,""p"":0.0001,""r"":5.0}",
      2048,         0,         0,   0.085,correlated_pymatching,2e5e2e3e7a74d8ea5dcf398c0972d0c2503acf1083ae9653707b46510d0c62ea,"{""d"":5.0,""p"":0.00021544346900318845,""r"":5.0}",
      2048,         1,         0,   0.091,correlated_pymatching,a50f81865d6b6d34201cc5fbf035f39862052f16ef076d797da2bafce6e88841,"{""d"":5.0,""p"":0.00046415888336127773,""r"":5.0}","{""obs_mistake_mask=E"":1}"
      7168,         0,         0,   0.887,correlated_pymatching,d821558028d0b71fbf8148e27be7c074e0e8b72611fd5ff402120f6913a24690,"{""d"":7.0,""p"":0.00046415888336127773,""r"":7.0}",
      4096,         0,         0,   0.508,correlated_pymatching,d821558028d0b71fbf8148e27be7c074e0e8b72611fd5ff402120f6913a24690,"{""d"":7.0,""p"":0.00046415888336127773,""r"":7.0}",
      2048,         0,         0,   0.082,correlated_pymatching,745961ec464dc090b9d2800818153a5191b18eda07e56d80217194f95b8f8bbd,"{""d"":5.0,""p"":0.0001,""r"":5.0}",
      2048,         0,         0,   0.086,correlated_pymatching,2e5e2e3e7a74d8ea5dcf398c0972d0c2503acf1083ae9653707b46510d0c62ea,"{""d"":5.0,""p"":0.00021544346900318845,""r"":5.0}",
      2048,         0,         0,   0.091,correlated_pymatching,a50f81865d6b6d34201cc5fbf035f39862052f16ef076d797da2bafce6e88841,"{""d"":5.0,""p"":0.00046415888336127773,""r"":5.0}",
     10240,         0,         0,    1.12,correlated_pymatching,e020dd2c32c8d7bf6cffbce0be23bba9cdcadc6767681b343d85a6541ef25767,"{""d"":7.0,""p"":0.00021544346900318845,""r"":7.0}",
     63488,         6,         0,   0.562,correlated_pymatching,d03e8ad66fc8e042fc07334756dfcfa1ba79773f7827218083e3aa032ca79802,"{""d"":3.0,""p"":0.0001,""r"":3.0}","{""obs_mistake_mask=E"":6}"
     11264,         0,         0,    1.18,correlated_pymatching,3da66f42efe4b9ee8b75f8d643d901a11e2bc0d91db4c5f0c0317ddd420e34a5,"{""d"":7.0,""p"":0.0001,""r"":7.0}",
      6144,         0,         0,   0.639,correlated_pymatching,3da66f42efe4b9ee8b75f8d643d901a11e2bc0d91db4c5f0c0317ddd420e34a5,"{""d"":7.0,""p"":0.0001,""r"":7.0}",
      8192,         3,         0,    1.19,correlated_pymatching,2919daae83c4bb355497b537b8eb3fa0541c9a74ae42f34c983947fa1bd75892,"{""d"":7.0,""p"":0.001,""r"":7.0}","{""obs_mistake_mask=E"":3}"
      3072,         0,         0,   0.123,correlated_pymatching,745961ec464dc090b9d2800818153a5191b18eda07e56d80217194f95b8f8bbd,"{""d"":5.0,""p"":0.0001,""r"":5.0}",
      3072,         0,         0,   0.128,correlated_pymatching,2e5e2e3e7a74d8ea5dcf398c0972d0c2503acf1083ae9653707b46510d0c62ea,"{""d"":5.0,""p"":0.00021544346900318845,""r"":5.0}",
     19456,         0,         0,   0.797,correlated_pymatching,2e5e2e3e7a74d8ea5dcf398c0972d0c2503acf1083ae9653707b46510d0c62ea,"{""d"":5.0,""p"":0.00021544346900318845,""r"":5.0}",
      3072,         0,         0,   0.137,correlated_pymatching,a50f81865d6b6d34201cc5fbf035f39862052f16ef076d797da2bafce6e88841,"{""d"":5.0,""p"":0.00046415888336127773,""r"":5.0}",
     20480,         0,         0,   0.812,correlated_pymatching,745961ec464dc090b9d2800818153a5191b18eda07e56d80217194f95b8f8bbd,"{""d"":5.0,""p"":0.0001,""r"":5.0}",
      6144,         0,         0,   0.669,correlated_pymatching,e020dd2c32c8d7bf6cffbce0be23bba9cdcadc6767681b343d85a6541ef25767,"{""d"":7.0,""p"":0.00021544346900318845,""r"":7.0}",
     10240,         0,         0,    1.23,correlated_pymatching,d821558028d0b71fbf8148e27be7c074e0e8b72611fd5ff402120f6913a24690,"{""d"":7.0,""p"":0.00046415888336127773,""r"":7.0}",
      2048,        16,         0,   0.441,correlated_pymatching,6f4138706b2861bd7bd4a7ef25ab4bc4bb96c80f874afab6c14fcb3503e4cf84,"{""d"":7.0,""p"":0.002154434690031882,""r"":7.0}","{""obs_mistake_mask=E"":16}"
      4096,         0,         0,   0.163,correlated_pymatching,745961ec464dc090b9d2800818153a5191b18eda07e56d80217194f95b8f8bbd,"{""d"":5.0,""p"":0.0001,""r"":5.0}",
      2048,        10,         0,   0.446,correlated_pymatching,6f4138706b2861bd7bd4a7ef25ab4bc4bb96c80f874afab6c14fcb3503e4cf84,"{""d"":7.0,""p"":0.002154434690031882,""r"":7.0}","{""obs_mistake_mask=E"":10}"
      4096,         0,         0,   0.171,correlated_pymatching,2e5e2e3e7a74d8ea5dcf398c0972d0c2503acf1083ae9653707b46510d0c62ea,"{""d"":5.0,""p"":0.00021544346900318845,""r"":5.0}",
      4096,        49,         0,   0.889,correlated_pymatching,6f4138706b2861bd7bd4a7ef25ab4bc4bb96c80f874afab6c14fcb3503e4cf84,"{""d"":7.0,""p"":0.002154434690031882,""r"":7.0}","{""obs_mistake_mask=E"":49}"
     18432,         9,         0,   0.822,correlated_pymatching,a50f81865d6b6d34201cc5fbf035f39862052f16ef076d797da2bafce6e88841,"{""d"":5.0,""p"":0.00046415888336127773,""r"":5.0}","{""obs_mistake_mask=E"":9}"
      4096,         1,         0,   0.183,correlated_pymatching,a50f81865d6b6d34201cc5fbf035f39862052f16ef076d797da2bafce6e88841,"{""d"":5.0,""p"":0.00046415888336127773,""r"":5.0}","{""obs_mistake_mask=E"":1}"
      4096,         1,         0,   0.596,correlated_pymatching,2919daae83c4bb355497b537b8eb3fa0541c9a74ae42f34c983947fa1bd75892,"{""d"":7.0,""p"":0.001,""r"":7.0}","{""obs_mistake_mask=E"":1}"
      5120,         0,         0,   0.214,correlated_pymatching,2e5e2e3e7a74d8ea5dcf398c0972d0c2503acf1083ae9653707b46510d0c62ea,"{""d"":5.0,""p"":0.00021544346900318845,""r"":5.0}",
      6144,         0,         0,   0.246,correlated_pymatching,745961ec464dc090b9d2800818153a5191b18eda07e56d80217194f95b8f8bbd,"{""d"":5.0,""p"":0.0001,""r"":5.0}",
      6144,        42,         0,    1.30,correlated_pymatching,6f4138706b2861bd7bd4a7ef25ab4bc4bb96c80f874afab6c14fcb3503e4cf84,"{""d"":7.0,""p"":0.002154434690031882,""r"":7.0}","{""obs_mistake_mask=E"":42}"
      5120,         2,         0,   0.228,correlated_pymatching,a50f81865d6b6d34201cc5fbf035f39862052f16ef076d797da2bafce6e88841,"{""d"":5.0,""p"":0.00046415888336127773,""r"":5.0}","{""obs_mistake_mask=E"":2}"
      5120,         0,         0,   0.638,correlated_pymatching,d821558028d0b71fbf8148e27be7c074e0e8b72611fd5ff402120f6913a24690,"{""d"":7.0,""p"":0.00046415888336127773,""r"":7.0}",
    123904,        25,         0,    1.11,correlated_pymatching,d03e8ad66fc8e042fc07334756dfcfa1ba79773f7827218083e3aa032ca79802,"{""d"":3.0,""p"":0.0001,""r"":3.0}","{""obs_mistake_mask=E"":25}"
    172032,        34,         0,    1.54,correlated_pymatching,d03e8ad66fc8e042fc07334756dfcfa1ba79773f7827218083e3aa032ca79802,"{""d"":3.0,""p"":0.0001,""r"":3.0}","{""obs_mistake_mask=E"":34}"
      2048,        17,         0,   0.444,correlated_pymatching,6f4138706b2861bd7bd4a7ef25ab4bc4bb96c80f874afab6c14fcb3503e4cf84,"{""d"":7.0,""p"":0.002154434690031882,""r"":7.0}","{""obs_mistake_mask=E"":17}"
      2048,        16,         0,   0.445,correlated_pymatching,6f4138706b2861bd7bd4a7ef25ab4bc4bb96c80f874afab6c14fcb3503e4cf84,"{""d"":7.0,""p"":0.002154434690031882,""r"":7.0}","{""obs_mistake_mask=E"":16}"
      1024,         8,         0,   0.217,correlated_pymatching,6f4138706b2861bd7bd4a7ef25ab4bc4bb96c80f874afab6c14fcb3503e4cf84,"{""d"":7.0,""p"":0.002154434690031882,""r"":7.0}","{""obs_mistake_mask=E"":8}"
      2048,        17,         0,   0.446,correlated_pymatching,6f4138706b2861bd7bd4a7ef25ab4bc4bb96c80f874afab6c14fcb3503e4cf84,"{""d"":7.0,""p"":0.002154434690031882,""r"":7.0}","{""obs_mistake_mask=E"":17}"
    172032,        40,         0,    1.55,correlated_pymatching,d03e8ad66fc8e042fc07334756dfcfa1ba79773f7827218083e3aa032ca79802,"{""d"":3.0,""p"":0.0001,""r"":3.0}","{""obs_mistake_mask=E"":40}"
      7168,         0,         0,   0.301,correlated_pymatching,2e5e2e3e7a74d8ea5dcf398c0972d0c2503acf1083ae9653707b46510d0c62ea,"{""d"":5.0,""p"":0.00021544346900318845,""r"":5.0}",
     10240,         0,         0,    1.16,correlated_pymatching,e020dd2c32c8d7bf6cffbce0be23bba9cdcadc6767681b343d85a6541ef25767,"{""d"":7.0,""p"":0.00021544346900318845,""r"":7.0}",
     89088,        21,         0,   0.790,correlated_pymatching,d03e8ad66fc8e042fc07334756dfcfa1ba79773f7827218083e3aa032ca79802,"{""d"":3.0,""p"":0.0001,""r"":3.0}","{""obs_mistake_mask=E"":21}"
      8192,         0,         0,   0.328,correlated_pymatching,745961ec464dc090b9d2800818153a5191b18eda07e56d80217194f95b8f8bbd,"{""d"":5.0,""p"":0.0001,""r"":5.0}",
     23552,         4,         0,   0.211,correlated_pymatching,d03e8ad66fc8e042fc07334756dfcfa1ba79773f7827218083e3aa032ca79802,"{""d"":3.0,""p"":0.0001,""r"":3.0}","{""obs_mistake_mask=E"":4}"
     23552,         6,         0,   0.211,correlated_pymatching,d03e8ad66fc8e042fc07334756dfcfa1ba79773f7827218083e3aa032ca79802,"{""d"":3.0,""p"":0.0001,""r"":3.0}","{""obs_mistake_mask=E"":6}"
      9216,         1,         0,   0.082,correlated_pymatching,d03e8ad66fc8e042fc07334756dfcfa1ba79773f7827218083e3aa032ca79802,"{""d"":3.0,""p"":0.0001,""r"":3.0}","{""obs_mistake_mask=E"":1}"
      1024,         0,         0,   0.009,correlated_pymatching,d03e8ad66fc8e042fc07334756dfcfa1ba79773f7827218083e3aa032ca79802,"{""d"":3.0,""p"":0.0001,""r"":3.0}",
      1024,         5,         0,   0.220,correlated_pymatching,6f4138706b2861bd7bd4a7ef25ab4bc4bb96c80f874afab6c14fcb3503e4cf84,"{""d"":7.0,""p"":0.002154434690031882,""r"":7.0}","{""obs_mistake_mask=E"":5}"
      7168,         1,         0,   0.319,correlated_pymatching,a50f81865d6b6d34201cc5fbf035f39862052f16ef076d797da2bafce6e88841,"{""d"":5.0,""p"":0.00046415888336127773,""r"":5.0}","{""obs_mistake_mask=E"":1}"
     38912,         0,         0,    1.56,correlated_pymatching,745961ec464dc090b9d2800818153a5191b18eda07e56d80217194f95b8f8bbd,"{""d"":5.0,""p"":0.0001,""r"":5.0}",
     11264,         0,         0,    1.22,correlated_pymatching,3da66f42efe4b9ee8b75f8d643d901a11e2bc0d91db4c5f0c0317ddd420e34a5,"{""d"":7.0,""p"":0.0001,""r"":7.0}",
      8192,         0,         0,   0.863,correlated_pymatching,3da66f42efe4b9ee8b75f8d643d901a11e2bc0d91db4c5f0c0317ddd420e34a5,"{""d"":7.0,""p"":0.0001,""r"":7.0}",
     34816,         3,         0,    1.56,correlated_pymatching,a50f81865d6b6d34201cc5fbf035f39862052f16ef076d797da2bafce6e88841,"{""d"":5.0,""p"":0.00046415888336127773,""r"":5.0}","{""obs_mistake_mask=E"":3}"
     37888,         1,         0,    1.57,correlated_pymatching,2e5e2e3e7a74d8ea5dcf398c0972d0c2503acf1083ae9653707b46510d0c62ea,"{""d"":5.0,""p"":0.00021544346900318845,""r"":5.0}","{""obs_mistake_mask=E"":1}"
         1,         0,         0,   0.036,correlated_pymatching,a50f81865d6b6d34201cc5fbf035f39862052f16ef076d797da2bafce6e88841,"{""d"":5.0,""p"":0.00046415888336127773,""r"":5.0}",
         1,         0,         0,   0.037,correlated_pymatching,745961ec464dc090b9d2800818153a5191b18eda07e56d80217194f95b8f8bbd,"{""d"":5.0,""p"":0.0001,""r"":5.0}",
         1,         0,         0,   0.037,correlated_pymatching,2e5e2e3e7a74d8ea5dcf398c0972d0c2503acf1083ae9653707b46510d0c62ea,"{""d"":5.0,""p"":0.00021544346900318845,""r"":5.0}",
        16,         0,         0,   0.037,correlated_pymatching,a50f81865d6b6d34201cc5fbf035f39862052f16ef076d797da2bafce6e88841,"{""d"":5.0,""p"":0.00046415888336127773,""r"":5.0}",
        16,         0,         0,   0.038,correlated_pymatching,745961ec464dc090b9d2800818153a5191b18eda07e56d80217194f95b8f8bbd,"{""d"":5.0,""p"":0.0001,""r"":5.0}",
        16,         0,         0,   0.037,correlated_pymatching,2e5e2e3e7a74d8ea5dcf398c0972d0c2503acf1083ae9653707b46510d0c62ea,"{""d"":5.0,""p"":0.00021544346900318845,""r"":5.0}",
       256,         0,         0,   0.040,correlated_pymatching,a50f81865d6b6d34201cc5fbf035f39862052f16ef076d797da2bafce6e88841,"{""d"":5.0,""p"":0.00046415888336127773,""r"":5.0}",
       128,         0,         0,   0.038,correlated_pymatching,745961ec464dc090b9d2800818153a5191b18eda07e56d80217194f95b8f8bbd,"{""d"":5.0,""p"":0.0001,""r"":5.0}",
       256,         0,         0,   0.039,correlated_pymatching,2e5e2e3e7a74d8ea5dcf398c0972d0c2503acf1083ae9653707b46510d0c62ea,"{""d"":5.0,""p"":0.00021544346900318845,""r"":5.0}",
      8192,         0,         0,   0.903,correlated_pymatching,e020dd2c32c8d7bf6cffbce0be23bba9cdcadc6767681b343d85a6541ef25767,"{""d"":7.0,""p"":0.00021544346900318845,""r"":7.0}",
      9216,         0,         0,    1.14,correlated_pymatching,d821558028d0b71fbf8148e27be7c074e0e8b72611fd5ff402120f6913a24690,"{""d"":7.0,""p"":0.00046415888336127773,""r"":7.0}",
         1,         0,         0,   0.095,correlated_pymatching,2919daae83c4bb355497b537b8eb3fa0541c9a74ae42f34c983947fa1bd75892,"{""d"":7.0,""p"":0.001,""r"":7.0}",
         1,         0,         0,   0.104,correlated_pymatching,e020dd2c32c8d7bf6cffbce0be23bba9cdcadc6767681b343d85a6541ef25767,"{""d"":7.0,""p"":0.00021544346900318845,""r"":7.0}",
         1,         0,         0,   0.102,correlated_pymatching,d821558028d0b71fbf8148e27be7c074e0e8b72611fd5ff402120f6913a24690,"{""d"":7.0,""p"":0.00046415888336127773,""r"":7.0}",
         1,         0,         0,   0.102,correlated_pymatching,3da66f42efe4b9ee8b75f8d643d901a11e2bc0d91db4c5f0c0317ddd420e34a5,"{""d"":7.0,""p"":0.0001,""r"":7.0}",
      8192,         2,         0,    1.23,correlated_pymatching,2919daae83c4bb355497b537b8eb3fa0541c9a74ae42f34c983947fa1bd75892,"{""d"":7.0,""p"":0.001,""r"":7.0}","{""obs_mistake_mask=E"":2}"
      1024,         0,         0,   0.044,correlated_pymatching,745961ec464dc090b9d2800818153a5191b18eda07e56d80217194f95b8f8bbd,"{""d"":5.0,""p"":0.0001,""r"":5.0}",
      1024,         0,         0,   0.046,correlated_pymatching,a50f81865d6b6d34201cc5fbf035f39862052f16ef076d797da2bafce6e88841,"{""d"":5.0,""p"":0.00046415888336127773,""r"":5.0}",
      1024,         0,         0,   0.043,correlated_pymatching,2e5e2e3e7a74d8ea5dcf398c0972d0c2503acf1083ae9653707b46510d0c62ea,"{""d"":5.0,""p"":0.00021544346900318845,""r"":5.0}",
         1,         0,         0,   0.095,correlated_pymatching,3da66f42efe4b9ee8b75f8d643d901a11e2bc0d91db4c5f0c0317ddd420e34a5,"{""d"":7.0,""p"":0.0001,""r"":7.0}",
     37888,         3,         0,    1.59,correlated_pymatching,2e5e2e3e7a74d8ea5dcf398c0972d0c2503acf1083ae9653707b46510d0c62ea,"{""d"":5.0,""p"":0.00021544346900318845,""r"":5.0}","{""obs_mistake_mask=E"":3}"
      1024,         0,         0,   0.042,correlated_pymatching,745961ec464dc090b9d2800818153a5191b18eda07e56d80217194f95b8f8bbd,"{""d"":5.0,""p"":0.0001,""r"":5.0}",
      1024,         0,         0,   0.043,correlated_pymatching,2e5e2e3e7a74d8ea5dcf398c0972d0c2503acf1083ae9653707b46510d0c62ea,"{""d"":5.0,""p"":0.00021544346900318845,""r"":5.0}",
      1024,         0,         0,   0.046,correlated_pymatching,a50f81865d6b6d34201cc5fbf035f39862052f16ef076d797da2bafce6e88841,"{""d"":5.0,""p"":0.00046415888336127773,""r"":5.0}",
     38912,         0,         0,    1.56,correlated_pymatching,745961ec464dc090b9d2800818153a5191b18eda07e56d80217194f95b8f8bbd,"{""d"":5.0,""p"":0.0001,""r"":5.0}",
         4,         0,         0,   0.096,correlated_pymatching,2919daae83c4bb355497b537b8eb3fa0541c9a74ae42f34c983947fa1bd75892,"{""d"":7.0,""p"":0.001,""r"":7.0}",
         4,         0,         0,   0.101,correlated_pymatching,e020dd2c32c8d7bf6cffbce0be23bba9cdcadc6767681b343d85a6541ef25767,"{""d"":7.0,""p"":0.00021544346900318845,""r"":7.0}",
         4,         0,         0,   0.100,correlated_pymatching,3da66f42efe4b9ee8b75f8d643d901a11e2bc0d91db4c5f0c0317ddd420e34a5,"{""d"":7.0,""p"":0.0001,""r"":7.0}",
         4,         0,         0,   0.101,correlated_pymatching,d821558028d0b71fbf8148e27be7c074e0e8b72611fd5ff402120f6913a24690,"{""d"":7.0,""p"":0.00046415888336127773,""r"":7.0}",
         4,         0,         0,   0.094,correlated_pymatching,3da66f42efe4b9ee8b75f8d643d901a11e2bc0d91db4c5f0c0317ddd420e34a5,"{""d"":7.0,""p"":0.0001,""r"":7.0}",
     10240,         0,         0,   0.427,correlated_pymatching,2e5e2e3e7a74d8ea5dcf398c0972d0c2503acf1083ae9653707b46510d0c62ea,"{""d"":5.0,""p"":0.00021544346900318845,""r"":5.0}",
      2048,         0,         0,   0.086,correlated_pymatching,745961ec464dc090b9d2800818153a5191b18eda07e56d80217194f95b8f8bbd,"{""d"":5.0,""p"":0.0001,""r"":5.0}",
      2048,         0,         0,   0.087,correlated_pymatching,2e5e2e3e7a74d8ea5dcf398c0972d0c2503acf1083ae9653707b46510d0c62ea,"{""d"":5.0,""p"":0.00021544346900318845,""r"":5.0}",
      2048,         1,         0,   0.092,correlated_pymatching,a50f81865d6b6d34201cc5fbf035f39862052f16ef076d797da2bafce6e88841,"{""d"":5.0,""p"":0.00046415888336127773,""r"":5.0}","{""obs_mistake_mask=E"":1}"
     10240,         0,         0,   0.410,correlated_pymatching,745961ec464dc090b9d2800818153a5191b18eda07e56d80217194f95b8f8bbd,"{""d"":5.0,""p"":0.0001,""r"":5.0}",
        16,         0,         0,   0.098,correlated_pymatching,2919daae83c4bb355497b537b8eb3fa0541c9a74ae42f34c983947fa1bd75892,"{""d"":7.0,""p"":0.001,""r"":7.0}",
     27648,         1,         0,    1.14,correlated_pymatching,2e5e2e3e7a74d8ea5dcf398c0972d0c2503acf1083ae9653707b46510d0c62ea,"{""d"":5.0,""p"":0.00021544346900318845,""r"":5.0}","{""obs_mistake_mask=E"":1}"
      9216,         1,         0,   0.410,correlated_pymatching,a50f81865d6b6d34201cc5fbf035f39862052f16ef076d797da2bafce6e88841,"{""d"":5.0,""p"":0.00046415888336127773,""r"":5.0}","{""obs_mistake_mask=E"":1}"
     28672,         0,         0,    1.14,correlated_pymatching,745961ec464dc090b9d2800818153a5191b18eda07e56d80217194f95b8f8bbd,"{""d"":5.0,""p"":0.0001,""r"":5.0}",
        16,         0,         0,   0.100,correlated_pymatching,e020dd2c32c8d7bf6cffbce0be23bba9cdcadc6767681b343d85a6541ef25767,"{""d"":7.0,""p"":0.00021544346900318845,""r"":7.0}",
        16,         0,         0,   0.100,correlated_pymatching,3da66f42efe4b9ee8b75f8d643d901a11e2bc0d91db4c5f0c0317ddd420e34a5,"{""d"":7.0,""p"":0.0001,""r"":7.0}",
        16,         0,         0,   0.100,correlated_pymatching,d821558028d0b71fbf8148e27be7c074e0e8b72611fd5ff402120f6913a24690,"{""d"":7.0,""p"":0.00046415888336127773,""r"":7.0}",
        16,         0,         0,   0.095,correlated_pymatching,3da66f42efe4b9ee8b75f8d643d901a11e2bc0d91db4c5f0c0317ddd420e34a5,"{""d"":7.0,""p"":0.0001,""r"":7.0}",
      6144,         3,         0,   0.896,correlated_pymatching,2919daae83c4bb355497b537b8eb3fa0541c9a74ae42f34c983947fa1bd75892,"{""d"":7.0,""p"":0.001,""r"":7.0}","{""obs_mistake_mask=E"":3}"
      2048,         0,         0,   0.084,correlated_pymatching,745961ec464dc090b9d2800818153a5191b18eda07e56d80217194f95b8f8bbd,"{""d"":5.0,""p"":0.0001,""r"":5.0}",
      2048,         0,         0,   0.086,correlated_pymatching,2e5e2e3e7a74d8ea5dcf398c0972d0c2503acf1083ae9653707b46510d0c62ea,"{""d"":5.0,""p"":0.00021544346900318845,""r"":5.0}",
      2048,         0,         0,   0.095,correlated_pymatching,a50f81865d6b6d34201cc5fbf035f39862052f16ef076d797da2bafce6e88841,"{""d"":5.0,""p"":0.00046415888336127773,""r"":5.0}",
        64,         0,         0,   0.101,correlated_pymatching,2919daae83c4bb355497b537b8eb3fa0541c9a74ae42f34c983947fa1bd75892,"{""d"":7.0,""p"":0.001,""r"":7.0}",
        64,         0,         0,   0.101,correlated_pymatching,e020dd2c32c8d7bf6cffbce0be23bba9cdcadc6767681b343d85a6541ef25767,"{""d"":7.0,""p"":0.00021544346900318845,""r"":7.0}",
        64,         0,         0,   0.100,correlated_pymatching,3da66f42efe4b9ee8b75f8d643d901a11e2bc0d91db4c5f0c0317ddd420e34a5,"{""d"":7.0,""p"":0.0001,""r"":7.0}",
        64,         0,         0,   0.102,correlated_pymatching,d821558028d0b71fbf8148e27be7c074e0e8b72611fd5ff402120f6913a24690,"{""d"":7.0,""p"":0.00046415888336127773,""r"":7.0}",
        64,         0,         0,   0.098,correlated_pymatching,3da66f42efe4b9ee8b75f8d643d901a11e2bc0d91db4c5f0c0317ddd420e34a5,"{""d"":7.0,""p"":0.0001,""r"":7.0}",
     25600,         3,         0,    1.14,correlated_pymatching,a50f81865d6b6d34201cc5fbf035f39862052f16ef076d797da2bafce6e88841,"{""d"":5.0,""p"":0.00046415888336127773,""r"":5.0}","{""obs_mistake_mask=E"":3}"
      3072,         0,         0,   0.123,correlated_pymatching,745961ec464dc090b9d2800818153a5191b18eda07e56d80217194f95b8f8bbd,"{""d"":5.0,""p"":0.0001,""r"":5.0}",
     34816,         6,         0,    1.57,correlated_pymatching,a50f81865d6b6d34201cc5fbf035f39862052f16ef076d797da2bafce6e88841,"{""d"":5.0,""p"":0.00046415888336127773,""r"":5.0}","{""obs_mistake_mask=E"":6}"
      3072,         0,         0,   0.130,correlated_pymatching,2e5e2e3e7a74d8ea5dcf398c0972d0c2503acf1083ae9653707b46510d0c62ea,"{""d"":5.0,""p"":0.00021544346900318845,""r"":5.0}",
      3072,         1,         0,   0.143,correlated_pymatching,a50f81865d6b6d34201cc5fbf035f39862052f16ef076d797da2bafce6e88841,"{""d"":5.0,""p"":0.00046415888336127773,""r"":5.0}","{""obs_mistake_mask=E"":1}"
       256,         0,         0,   0.110,correlated_pymatching,2919daae83c4bb355497b537b8eb3fa0541c9a74ae42f34c983947fa1bd75892,"{""d"":7.0,""p"":0.001,""r"":7.0}",
      7168,         1,         0,   0.894,correlated_pymatching,d821558028d0b71fbf8148e27be7c074e0e8b72611fd5ff402120f6913a24690,"{""d"":7.0,""p"":0.00046415888336127773,""r"":7.0}","{""obs_mistake_mask=E"":1}"
       256,         0,         0,   0.106,correlated_pymatching,e020dd2c32c8d7bf6cffbce0be23bba9cdcadc6767681b343d85a6541ef25767,"{""d"":7.0,""p"":0.00021544346900318845,""r"":7.0}",
       256,         0,         0,   0.104,correlated_pymatching,3da66f42efe4b9ee8b75f8d643d901a11e2bc0d91db4c5f0c0317ddd420e34a5,"{""d"":7.0,""p"":0.0001,""r"":7.0}",
       256,         0,         0,   0.099,correlated_pymatching,3da66f42efe4b9ee8b75f8d643d901a11e2bc0d91db4c5f0c0317ddd420e34a5,"{""d"":7.0,""p"":0.0001,""r"":7.0}",
       256,         0,         0,   0.107,correlated_pymatching,d821558028d0b71fbf8148e27be7c074e0e8b72611fd5ff402120f6913a24690,"{""d"":7.0,""p"":0.00046415888336127773,""r"":7.0}",
     14336,         0,         0,    1.57,correlated_pymatching,e020dd2c32c8d7bf6cffbce0be23bba9cdcadc6767681b343d85a6541ef25767,"{""d"":7.0,""p"":0.00021544346900318845,""r"":7.0}",
      4096,         0,         0,   0.163,correlated_pymatching,745961ec464dc090b9d2800818153a5191b18eda07e56d80217194f95b8f8bbd,"{""d"":5.0,""p"":0.0001,""r"":5.0}",
      1024,         0,         0,   0.108,correlated_pymatching,3da66f42efe4b9ee8b75f8d643d901a11e2bc0d91db4c5f0c0317ddd420e34a5,"{""d"":7.0,""p"":0.0001,""r"":7.0}",
      1024,         0,         0,   0.112,correlated_pymatching,3da66f42efe4b9ee8b75f8d643d901a11e2bc0d91db4c5f0c0317ddd420e34a5,"{""d"":7.0,""p"":0.0001,""r"":7.0}",
      1024,         0,         0,   0.119,correlated_pymatching,e020dd2c32c8d7bf6cffbce0be23bba9cdcadc6767681b343d85a6541ef25767,"{""d"":7.0,""p"":0.00021544346900318845,""r"":7.0}",
      4096,         0,         0,   0.173,correlated_pymatching,2e5e2e3e7a74d8ea5dcf398c0972d0c2503acf1083ae9653707b46510d0c62ea,"{""d"":5.0,""p"":0.00021544346900318845,""r"":5.0}",
      1024,         0,         0,   0.128,correlated_pymatching,d821558028d0b71fbf8148e27be7c074e0e8b72611fd5ff402120f6913a24690,"{""d"":7.0,""p"":0.00046415888336127773,""r"":7.0}",
      1024,         0,         0,   0.151,correlated_pymatching,2919daae83c4bb355497b537b8eb3fa0541c9a74ae42f34c983947fa1bd75892,"{""d"":7.0,""p"":0.001,""r"":7.0}",
      4096,         1,         0,   0.191,correlated_pymatching,a50f81865d6b6d34201cc5fbf035f39862052f16ef076d797da2bafce6e88841,"{""d"":5.0,""p"":0.00046415888336127773,""r"":5.0}","{""obs_mistake_mask=E"":1}"
     15360,         0,         0,    1.63,correlated_pymatching,3da66f42efe4b9ee8b75f8d643d901a11e2bc0d91db4c5f0c0317ddd420e34a5,"{""d"":7.0,""p"":0.0001,""r"":7.0}",
      1024,         0,         0,   0.107,correlated_pymatching,3da66f42efe4b9ee8b75f8d643d901a11e2bc0d91db4c5f0c0317ddd420e34a5,"{""d"":7.0,""p"":0.0001,""r"":7.0}",
     11264,         5,         0,    1.64,correlated_pymatching,2919daae83c4bb355497b537b8eb3fa0541c9a74ae42f34c983947fa1bd75892,"{""d"":7.0,""p"":0.001,""r"":7.0}","{""obs_mistake_mask=E"":5}"
      1024,         0,         0,   0.111,correlated_pymatching,3da66f42efe4b9ee8b75f8d643d901a11e2bc0d91db4c5f0c0317ddd420e34a5,"{""d"":7.0,""p"":0.0001,""r"":7.0}",
      1024,         0,         0,   0.117,correlated_pymatching,e020dd2c32c8d7bf6cffbce0be23bba9cdcadc6767681b343d85a6541ef25767,"{""d"":7.0,""p"":0.00021544346900318845,""r"":7.0}",
      1024,         0,         0,   0.127,correlated_pymatching,d821558028d0b71fbf8148e27be7c074e0e8b72611fd5ff402120f6913a24690,"{""d"":7.0,""p"":0.00046415888336127773,""r"":7.0}",
      1024,         0,         0,   0.150,correlated_pymatching,2919daae83c4bb355497b537b8eb3fa0541c9a74ae42f34c983947fa1bd75892,"{""d"":7.0,""p"":0.001,""r"":7.0}",
     13312,         0,         0,    1.59,correlated_pymatching,d821558028d0b71fbf8148e27be7c074e0e8b72611fd5ff402120f6913a24690,"{""d"":7.0,""p"":0.00046415888336127773,""r"":7.0}",
     14336,         0,         0,   0.576,correlated_pymatching,745961ec464dc090b9d2800818153a5191b18eda07e56d80217194f95b8f8bbd,"{""d"":5.0,""p"":0.0001,""r"":5.0}",
      1024,         0,         0,   0.108,correlated_pymatching,3da66f42efe4b9ee8b75f8d643d901a11e2bc0d91db4c5f0c0317ddd420e34a5,"{""d"":7.0,""p"":0.0001,""r"":7.0}",
      1024,         0,         0,   0.111,correlated_pymatching,3da66f42efe4b9ee8b75f8d643d901a11e2bc0d91db4c5f0c0317ddd420e34a5,"{""d"":7.0,""p"":0.0001,""r"":7.0}",
     14336,         1,         0,   0.607,correlated_pymatching,2e5e2e3e7a74d8ea5dcf398c0972d0c2503acf1083ae9653707b46510d0c62ea,"{""d"":5.0,""p"":0.00021544346900318845,""r"":5.0}","{""obs_mistake_mask=E"":1}"
      5120,         0,         0,   0.215,correlated_pymatching,2e5e2e3e7a74d8ea5dcf398c0972d0c2503acf1083ae9653707b46510d0c62ea,"{""d"":5.0,""p"":0.00021544346900318845,""r"":5.0}",
      6144,         0,         0,   0.246,correlated_pymatching,745961ec464dc090b9d2800818153a5191b18eda07e56d80217194f95b8f8bbd,"{""d"":5.0,""p"":0.0001,""r"":5.0}",
      1024,         0,         0,   0.117,correlated_pymatching,e020dd2c32c8d7bf6cffbce0be23bba9cdcadc6767681b343d85a6541ef25767,"{""d"":7.0,""p"":0.00021544346900318845,""r"":7.0}",
     13312,         0,         0,   0.595,correlated_pymatching,a50f81865d6b6d34201cc5fbf035f39862052f16ef076d797da2bafce6e88841,"{""d"":5.0,""p"":0.00046415888336127773,""r"":5.0}",
      1024,         0,         0,   0.127,correlated_pymatching,d821558028d0b71fbf8148e27be7c074e0e8b72611fd5ff402120f6913a24690,"{""d"":7.0,""p"":0.00046415888336127773,""r"":7.0}",
      5120,         1,         0,   0.232,correlated_pymatching,a50f81865d6b6d34201cc5fbf035f39862052f16ef076d797da2bafce6e88841,"{""d"":5.0,""p"":0.00046415888336127773,""r"":5.0}","{""obs_mistake_mask=E"":1}"
      1024,         0,         0,   0.151,correlated_pymatching,2919daae83c4bb355497b537b8eb3fa0541c9a74ae42f34c983947fa1bd75892,"{""d"":7.0,""p"":0.001,""r"":7.0}",
      2048,         0,         0,   0.217,correlated_pymatching,3da66f42efe4b9ee8b75f8d643d901a11e2bc0d91db4c5f0c0317ddd420e34a5,"{""d"":7.0,""p"":0.0001,""r"":7.0}",
      2048,         0,         0,   0.219,correlated_pymatching,3da66f42efe4b9ee8b75f8d643d901a11e2bc0d91db4c5f0c0317ddd420e34a5,"{""d"":7.0,""p"":0.0001,""r"":7.0}",
      2048,         0,         0,   0.233,correlated_pymatching,e020dd2c32c8d7bf6cffbce0be23bba9cdcadc6767681b343d85a6541ef25767,"{""d"":7.0,""p"":0.00021544346900318845,""r"":7.0}",
      1024,         0,         0,   0.151,correlated_pymatching,2919daae83c4bb355497b537b8eb3fa0541c9a74ae42f34c983947fa1bd75892,"{""d"":7.0,""p"":0.001,""r"":7.0}",
     10240,         0,         0,    1.17,correlated_pymatching,3da66f42efe4b9ee8b75f8d643d901a11e2bc0d91db4c5f0c0317ddd420e34a5,"{""d"":7.0,""p"":0.0001,""r"":7.0}",
      7168,         0,         0,   0.300,correlated_pymatching,2e5e2e3e7a74d8ea5dcf398c0972d0c2503acf1083ae9653707b46510d0c62ea,"{""d"":5.0,""p"":0.00021544346900318845,""r"":5.0}",
      2048,         0,         0,   0.256,correlated_pymatching,d821558028d0b71fbf8148e27be7c074e0e8b72611fd5ff402120f6913a24690,"{""d"":7.0,""p"":0.00046415888336127773,""r"":7.0}",
      8192,         0,         0,   0.327,correlated_pymatching,745961ec464dc090b9d2800818153a5191b18eda07e56d80217194f95b8f8bbd,"{""d"":5.0,""p"":0.0001,""r"":5.0}",
     10240,         0,         0,    1.12,correlated_pymatching,e020dd2c32c8d7bf6cffbce0be23bba9cdcadc6767681b343d85a6541ef25767,"{""d"":7.0,""p"":0.00021544346900318845,""r"":7.0}",
      7168,         5,         0,   0.326,correlated_pymatching,a50f81865d6b6d34201cc5fbf035f39862052f16ef076d797da2bafce6e88841,"{""d"":5.0,""p"":0.00046415888336127773,""r"":5.0}","{""obs_mistake_mask=E"":5}"
      2048,         0,         0,   0.216,correlated_pymatching,3da66f42efe4b9ee8b75f8d643d901a11e2bc0d91db4c5f0c0317ddd420e34a5,"{""d"":7.0,""p"":0.0001,""r"":7.0}",
      2048,         0,         0,   0.220,correlated_pymatching,3da66f42efe4b9ee8b75f8d643d901a11e2bc0d91db4c5f0c0317ddd420e34a5,"{""d"":7.0,""p"":0.0001,""r"":7.0}",
      2048,         0,         0,   0.232,correlated_pymatching,e020dd2c32c8d7bf6cffbce0be23bba9cdcadc6767681b343d85a6541ef25767,"{""d"":7.0,""p"":0.00021544346900318845,""r"":7.0}",
     13312,         0,         0,    1.56,correlated_pymatching,e020dd2c32c8d7bf6cffbce0be23bba9cdcadc6767681b343d85a6541ef25767,"{""d"":7.0,""p"":0.00021544346900318845,""r"":7.0}",
      2048,         1,         0,   0.298,correlated_pymatching,2919daae83c4bb355497b537b8eb3fa0541c9a74ae42f34c983947fa1bd75892,"{""d"":7.0,""p"":0.001,""r"":7.0}","{""obs_mistake_mask=E"":1}"
      2048,         0,         0,   0.253,correlated_pymatching,d821558028d0b71fbf8148e27be7c074e0e8b72611fd5ff402120f6913a24690,"{""d"":7.0,""p"":0.00046415888336127773,""r"":7.0}",
     14336,         0,         0,    1.56,correlated_pymatching,3da66f42efe4b9ee8b75f8d643d901a11e2bc0d91db4c5f0c0317ddd420e34a5,"{""d"":7.0,""p"":0.0001,""r"":7.0}",
      8192,         1,         0,    1.22,correlated_pymatching,2919daae83c4bb355497b537b8eb3fa0541c9a74ae42f34c983947fa1bd75892,"{""d"":7.0,""p"":0.001,""r"":7.0}","{""obs_mistake_mask=E"":1}"
     10240,         0,         0,   0.431,correlated_pymatching,2e5e2e3e7a74d8ea5dcf398c0972d0c2503acf1083ae9653707b46510d0c62ea,"{""d"":5.0,""p"":0.00021544346900318845,""r"":5.0}",
      3072,         0,         0,   0.321,correlated_pymatching,3da66f42efe4b9ee8b75f8d643d901a11e2bc0d91db4c5f0c0317ddd420e34a5,"{""d"":7.0,""p"":0.0001,""r"":7.0}",
     10240,         0,         0,   0.406,correlated_pymatching,745961ec464dc090b9d2800818153a5191b18eda07e56d80217194f95b8f8bbd,"{""d"":5.0,""p"":0.0001,""r"":5.0}",
      3072,         0,         0,   0.333,correlated_pymatching,3da66f42efe4b9ee8b75f8d643d901a11e2bc0d91db4c5f0c0317ddd420e34a5,"{""d"":7.0,""p"":0.0001,""r"":7.0}",
      9216,         0,         0,    1.15,correlated_pymatching,d821558028d0b71fbf8148e27be7c074e0e8b72611fd5ff402120f6913a24690,"{""d"":7.0,""p"":0.00046415888336127773,""r"":7.0}",
     20480,         0,         0,   0.825,correlated_pymatching,745961ec464dc090b9d2800818153a5191b18eda07e56d80217194f95b8f8bbd,"{""d"":5.0,""p"":0.0001,""r"":5.0}",
      9216,         4,         0,   0.416,correlated_pymatching,a50f81865d6b6d34201cc5fbf035f39862052f16ef076d797da2bafce6e88841,"{""d"":5.0,""p"":0.00046415888336127773,""r"":5.0}","{""obs_mistake_mask=E"":4}"
     19456,         0,         0,   0.822,correlated_pymatching,2e5e2e3e7a74d8ea5dcf398c0972d0c2503acf1083ae9653707b46510d0c62ea,"{""d"":5.0,""p"":0.00021544346900318845,""r"":5.0}",
      3072,         0,         0,   0.346,correlated_pymatching,e020dd2c32c8d7bf6cffbce0be23bba9cdcadc6767681b343d85a6541ef25767,"{""d"":7.0,""p"":0.00021544346900318845,""r"":7.0}",
      2048,         0,         0,   0.298,correlated_pymatching,2919daae83c4bb355497b537b8eb3fa0541c9a74ae42f34c983947fa1bd75892,"{""d"":7.0,""p"":0.001,""r"":7.0}",
     18432,         2,         0,   0.824,correlated_pymatching,a50f81865d6b6d34201cc5fbf035f39862052f16ef076d797da2bafce6e88841,"{""d"":5.0,""p"":0.00046415888336127773,""r"":5.0}","{""obs_mistake_mask=E"":2}"
     13312,         0,         0,    1.65,correlated_pymatching,d821558028d0b71fbf8148e27be7c074e0e8b72611fd5ff402120f6913a24690,"{""d"":7.0,""p"":0.00046415888336127773,""r"":7.0}",
      3072,         0,         0,   0.380,correlated_pymatching,d821558028d0b71fbf8148e27be7c074e0e8b72611fd5ff402120f6913a24690,"{""d"":7.0,""p"":0.00046415888336127773,""r"":7.0}",
     11264,         0,         0,    1.70,correlated_pymatching,2919daae83c4bb355497b537b8eb3fa0541c9a74ae42f34c983947fa1bd75892,"{""d"":7.0,""p"":0.001,""r"":7.0}",
     37888,         0,         0,    1.56,correlated_pymatching,745961ec464dc090b9d2800818153a5191b18eda07e56d80217194f95b8f8bbd,"{""d"":5.0,""p"":0.0001,""r"":5.0}",
     37888,         0,         0,    1.65,correlated_pymatching,2e5e2e3e7a74d8ea5dcf398c0972d0c2503acf1083ae9653707b46510d0c62ea,"{""d"":5.0,""p"":0.00021544346900318845,""r"":5.0}",
      4096,         0,         0,   0.428,correlated_pymatching,3da66f42efe4b9ee8b75f8d643d901a11e2bc0d91db4c5f0c0317ddd420e34a5,"{""d"":7.0,""p"":0.0001,""r"":7.0}",
      4096,         0,         0,   0.440,correlated_pymatching,3da66f42efe4b9ee8b75f8d643d901a11e2bc0d91db4c5f0c0317ddd420e34a5,"{""d"":7.0,""p"":0.0001,""r"":7.0}",
     34816,         6,         0,    1.63,correlated_pymatching,a50f81865d6b6d34201cc5fbf035f39862052f16ef076d797da2bafce6e88841,"{""d"":5.0,""p"":0.00046415888336127773,""r"":5.0}","{""obs_mistake_mask=E"":6}"
     54272,         1,         0,    2.20,correlated_pymatching,745961ec464dc090b9d2800818153a5191b18eda07e56d80217194f95b8f8bbd,"{""d"":5.0,""p"":0.0001,""r"":5.0}","{""obs_mistake_mask=E"":1}"
     48128,         9,         0,    2.17,correlated_pymatching,a50f81865d6b6d34201cc5fbf035f39862052f16ef076d797da2bafce6e88841,"{""d"":5.0,""p"":0.00046415888336127773,""r"":5.0}","{""obs_mistake_mask=E"":9}"
      3072,         1,         0,   0.445,correlated_pymatching,2919daae83c4bb355497b537b8eb3fa0541c9a74ae42f34c983947fa1bd75892,"{""d"":7.0,""p"":0.001,""r"":7.0}","{""obs_mistake_mask=E"":1}"
      4096,         0,         0,   0.468,correlated_pymatching,e020dd2c32c8d7bf6cffbce0be23bba9cdcadc6767681b343d85a6541ef25767,"{""d"":7.0,""p"":0.00021544346900318845,""r"":7.0}",
     14336,         0,         0,   0.572,correlated_pymatching,745961ec464dc090b9d2800818153a5191b18eda07e56d80217194f95b8f8bbd,"{""d"":5.0,""p"":0.0001,""r"":5.0}",
     14336,         0,         0,   0.601,correlated_pymatching,2e5e2e3e7a74d8ea5dcf398c0972d0c2503acf1083ae9653707b46510d0c62ea,"{""d"":5.0,""p"":0.00021544346900318845,""r"":5.0}",
     52224,         4,         0,    2.19,correlated_pymatching,2e5e2e3e7a74d8ea5dcf398c0972d0c2503acf1083ae9653707b46510d0c62ea,"{""d"":5.0,""p"":0.00021544346900318845,""r"":5.0}","{""obs_mistake_mask=E"":4}"
     13312,         6,         0,   0.602,correlated_pymatching,a50f81865d6b6d34201cc5fbf035f39862052f16ef076d797da2bafce6e88841,"{""d"":5.0,""p"":0.00046415888336127773,""r"":5.0}","{""obs_mistake_mask=E"":6}"
      4096,         0,         0,   0.510,correlated_pymatching,d821558028d0b71fbf8148e27be7c074e0e8b72611fd5ff402120f6913a24690,"{""d"":7.0,""p"":0.00046415888336127773,""r"":7.0}",
     54272,         0,         0,    2.18,correlated_pymatching,745961ec464dc090b9d2800818153a5191b18eda07e56d80217194f95b8f8bbd,"{""d"":5.0,""p"":0.0001,""r"":5.0}",
     52224,         3,         0,    2.21,correlated_pymatching,2e5e2e3e7a74d8ea5dcf398c0972d0c2503acf1083ae9653707b46510d0c62ea,"{""d"":5.0,""p"":0.00021544346900318845,""r"":5.0}","{""obs_mistake_mask=E"":3}"
      6144,         0,         0,   0.645,correlated_pymatching,3da66f42efe4b9ee8b75f8d643d901a11e2bc0d91db4c5f0c0317ddd420e34a5,"{""d"":7.0,""p"":0.0001,""r"":7.0}",
     48128,         7,         0,    2.22,correlated_pymatching,a50f81865d6b6d34201cc5fbf035f39862052f16ef076d797da2bafce6e88841,"{""d"":5.0,""p"":0.00046415888336127773,""r"":5.0}","{""obs_mistake_mask=E"":7}"
      6144,         0,         0,   0.664,correlated_pymatching,3da66f42efe4b9ee8b75f8d643d901a11e2bc0d91db4c5f0c0317ddd420e34a5,"{""d"":7.0,""p"":0.0001,""r"":7.0}",
     15360,         0,         0,    1.60,correlated_pymatching,3da66f42efe4b9ee8b75f8d643d901a11e2bc0d91db4c5f0c0317ddd420e34a5,"{""d"":7.0,""p"":0.0001,""r"":7.0}",
      5120,         0,         0,   0.583,correlated_pymatching,e020dd2c32c8d7bf6cffbce0be23bba9cdcadc6767681b343d85a6541ef25767,"{""d"":7.0,""p"":0.00021544346900318845,""r"":7.0}",
      4096,         0,         0,   0.594,correlated_pymatching,2919daae83c4bb355497b537b8eb3fa0541c9a74ae42f34c983947fa1bd75892,"{""d"":7.0,""p"":0.001,""r"":7.0}",
     26624,         0,         0,    1.13,correlated_pymatching,745961ec464dc090b9d2800818153a5191b18eda07e56d80217194f95b8f8bbd,"{""d"":5.0,""p"":0.0001,""r"":5.0}",
     26624,         1,         0,    1.12,correlated_pymatching,2e5e2e3e7a74d8ea5dcf398c0972d0c2503acf1083ae9653707b46510d0c62ea,"{""d"":5.0,""p"":0.00021544346900318845,""r"":5.0}","{""obs_mistake_mask=E"":1}"
     24576,         9,         0,    1.13,correlated_pymatching,a50f81865d6b6d34201cc5fbf035f39862052f16ef076d797da2bafce6e88841,"{""d"":5.0,""p"":0.00046415888336127773,""r"":5.0}","{""obs_mistake_mask=E"":9}"
     14336,         0,         0,    1.65,correlated_pymatching,e020dd2c32c8d7bf6cffbce0be23bba9cdcadc6767681b343d85a6541ef25767,"{""d"":7.0,""p"":0.00021544346900318845,""r"":7.0}",
     20480,         0,         0,    2.26,correlated_pymatching,e020dd2c32c8d7bf6cffbce0be23bba9cdcadc6767681b343d85a6541ef25767,"{""d"":7.0,""p"":0.00021544346900318845,""r"":7.0}",
      5120,         0,         0,   0.633,correlated_pymatching,d821558028d0b71fbf8148e27be7c074e0e8b72611fd5ff402120f6913a24690,"{""d"":7.0,""p"":0.00046415888336127773,""r"":7.0}",
     15360,         3,         0,    2.24,correlated_pymatching,2919daae83c4bb355497b537b8eb3fa0541c9a74ae42f34c983947fa1bd75892,"{""d"":7.0,""p"":0.001,""r"":7.0}","{""obs_mistake_mask=E"":3}"
     21504,         0,         0,    2.27,correlated_pymatching,3da66f42efe4b9ee8b75f8d643d901a11e2bc0d91db4c5f0c0317ddd420e34a5,"{""d"":7.0,""p"":0.0001,""r"":7.0}",
     20480,         0,         0,   0.817,correlated_pymatching,745961ec464dc090b9d2800818153a5191b18eda07e56d80217194f95b8f8bbd,"{""d"":5.0,""p"":0.0001,""r"":5.0}",
     19456,         0,         0,   0.816,correlated_pymatching,2e5e2e3e7a74d8ea5dcf398c0972d0c2503acf1083ae9653707b46510d0c62ea,"{""d"":5.0,""p"":0.00021544346900318845,""r"":5.0}",
     18432,         1,         0,    2.23,correlated_pymatching,d821558028d0b71fbf8148e27be7c074e0e8b72611fd5ff402120f6913a24690,"{""d"":7.0,""p"":0.00046415888336127773,""r"":7.0}","{""obs_mistake_mask=E"":1}"
     18432,         5,         0,   0.832,correlated_pymatching,a50f81865d6b6d34201cc5fbf035f39862052f16ef076d797da2bafce6e88841,"{""d"":5.0,""p"":0.00046415888336127773,""r"":5.0}","{""obs_mistake_mask=E"":5}"
     11264,         2,         0,    1.65,correlated_pymatching,2919daae83c4bb355497b537b8eb3fa0541c9a74ae42f34c983947fa1bd75892,"{""d"":7.0,""p"":0.001,""r"":7.0}","{""obs_mistake_mask=E"":2}"
     13312,         0,         0,    1.66,correlated_pymatching,d821558028d0b71fbf8148e27be7c074e0e8b72611fd5ff402120f6913a24690,"{""d"":7.0,""p"":0.00046415888336127773,""r"":7.0}",
      8192,         0,         0,   0.867,correlated_pymatching,3da66f42efe4b9ee8b75f8d643d901a11e2bc0d91db4c5f0c0317ddd420e34a5,"{""d"":7.0,""p"":0.0001,""r"":7.0}",
      7168,         0,         0,   0.817,correlated_pymatching,e020dd2c32c8d7bf6cffbce0be23bba9cdcadc6767681b343d85a6541ef25767,"{""d"":7.0,""p"":0.00021544346900318845,""r"":7.0}",
     19456,         0,         0,    2.22,correlated_pymatching,e020dd2c32c8d7bf6cffbce0be23bba9cdcadc6767681b343d85a6541ef25767,"{""d"":7.0,""p"":0.00021544346900318845,""r"":7.0}",
      8192,         0,         0,   0.880,correlated_pymatching,3da66f42efe4b9ee8b75f8d643d901a11e2bc0d91db4c5f0c0317ddd420e34a5,"{""d"":7.0,""p"":0.0001,""r"":7.0}",
      6144,         1,         0,   0.898,correlated_pymatching,2919daae83c4bb355497b537b8eb3fa0541c9a74ae42f34c983947fa1bd75892,"{""d"":7.0,""p"":0.001,""r"":7.0}","{""obs_mistake_mask=E"":1}"
     19456,         0,         0,    2.18,correlated_pymatching,3da66f42efe4b9ee8b75f8d643d901a11e2bc0d91db4c5f0c0317ddd420e34a5,"{""d"":7.0,""p"":0.0001,""r"":7.0}",
      7168,         0,         0,   0.895,correlated_pymatching,d821558028d0b71fbf8148e27be7c074e0e8b72611fd5ff402120f6913a24690,"{""d"":7.0,""p"":0.00046415888336127773,""r"":7.0}",
     17408,         1,         0,    2.20,correlated_pymatching,d821558028d0b71fbf8148e27be7c074e0e8b72611fd5ff402120f6913a24690,"{""d"":7.0,""p"":0.00046415888336127773,""r"":7.0}","{""obs_mistake_mask=E"":1}"
     55296,         0,         0,    2.20,correlated_pymatching,745961ec464dc090b9d2800818153a5191b18eda07e56d80217194f95b8f8bbd,"{""d"":5.0,""p"":0.0001,""r"":5.0}",
     26624,         1,         0,    1.11,correlated_pymatching,2e5e2e3e7a74d8ea5dcf398c0972d0c2503acf1083ae9653707b46510d0c62ea,"{""d"":5.0,""p"":0.00021544346900318845,""r"":5.0}","{""obs_mistake_mask=E"":1}"
     28672,         0,         0,    1.14,correlated_pymatching,745961ec464dc090b9d2800818153a5191b18eda07e56d80217194f95b8f8bbd,"{""d"":5.0,""p"":0.0001,""r"":5.0}",
     53248,         1,         0,    2.20,correlated_pymatching,2e5e2e3e7a74d8ea5dcf398c0972d0c2503acf1083ae9653707b46510d0c62ea,"{""d"":5.0,""p"":0.00021544346900318845,""r"":5.0}","{""obs_mistake_mask=E"":1}"
     15360,         3,         0,    2.33,correlated_pymatching,2919daae83c4bb355497b537b8eb3fa0541c9a74ae42f34c983947fa1bd75892,"{""d"":7.0,""p"":0.001,""r"":7.0}","{""obs_mistake_mask=E"":3}"
     24576,         7,         0,    1.11,correlated_pymatching,a50f81865d6b6d34201cc5fbf035f39862052f16ef076d797da2bafce6e88841,"{""d"":5.0,""p"":0.00046415888336127773,""r"":5.0}","{""obs_mistake_mask=E"":7}"
     49152,        15,         0,    2.20,correlated_pymatching,a50f81865d6b6d34201cc5fbf035f39862052f16ef076d797da2bafce6e88841,"{""d"":5.0,""p"":0.00046415888336127773,""r"":5.0}","{""obs_mistake_mask=E"":15}"
     39936,         0,         0,    1.59,correlated_pymatching,745961ec464dc090b9d2800818153a5191b18eda07e56d80217194f95b8f8bbd,"{""d"":5.0,""p"":0.0001,""r"":5.0}",
     37888,         0,         0,    1.59,correlated_pymatching,2e5e2e3e7a74d8ea5dcf398c0972d0c2503acf1083ae9653707b46510d0c62ea,"{""d"":5.0,""p"":0.00021544346900318845,""r"":5.0}",
     34816,        10,         0,    1.56,correlated_pymatching,a50f81865d6b6d34201cc5fbf035f39862052f16ef076d797da2bafce6e88841,"{""d"":5.0,""p"":0.00046415888336127773,""r"":5.0}","{""obs_mistake_mask=E"":10}"
     10240,         0,         0,    1.16,correlated_pymatching,e020dd2c32c8d7bf6cffbce0be23bba9cdcadc6767681b343d85a6541ef25767,"{""d"":7.0,""p"":0.00021544346900318845,""r"":7.0}",
     11264,         0,         0,    1.19,correlated_pymatching,3da66f42efe4b9ee8b75f8d643d901a11e2bc0d91db4c5f0c0317ddd420e34a5,"{""d"":7.0,""p"":0.0001,""r"":7.0}",
     11264,         0,         0,    1.22,correlated_pymatching,3da66f42efe4b9ee8b75f8d643d901a11e2bc0d91db4c5f0c0317ddd420e34a5,"{""d"":7.0,""p"":0.0001,""r"":7.0}",
      8192,         0,         0,    1.20,correlated_pymatching,2919daae83c4bb355497b537b8eb3fa0541c9a74ae42f34c983947fa1bd75892,"{""d"":7.0,""p"":0.001,""r"":7.0}",
     21504,         0,         0,    2.24,correlated_pymatching,3da66f42efe4b9ee8b75f8d643d901a11e2bc0d91db4c5f0c0317ddd420e34a5,"{""d"":7.0,""p"":0.0001,""r"":7.0}",
      9216,         0,         0,    1.15,correlated_pymatching,d821558028d0b71fbf8148e27be7c074e0e8b72611fd5ff402120f6913a24690,"{""d"":7.0,""p"":0.00046415888336127773,""r"":7.0}",
     20480,         0,         0,    2.25,correlated_pymatching,e020dd2c32c8d7bf6cffbce0be23bba9cdcadc6767681b343d85a6541ef25767,"{""d"":7.0,""p"":0.00021544346900318845,""r"":7.0}",
     75776,         0,         0,    3.05,correlated_pymatching,745961ec464dc090b9d2800818153a5191b18eda07e56d80217194f95b8f8bbd,"{""d"":5.0,""p"":0.0001,""r"":5.0}",
     67584,        19,         0,    3.06,correlated_pymatching,a50f81865d6b6d34201cc5fbf035f39862052f16ef076d797da2bafce6e88841,"{""d"":5.0,""p"":0.00046415888336127773,""r"":5.0}","{""obs_mistake_mask=E"":19}"
     72704,         2,         0,    3.04,correlated_pymatching,2e5e2e3e7a74d8ea5dcf398c0972d0c2503acf1083ae9653707b46510d0c62ea,"{""d"":5.0,""p"":0.00021544346900318845,""r"":5.0}","{""obs_mistake_mask=E"":2}"
     75776,         0,         0,    3.05,correlated_pymatching,745961ec464dc090b9d2800818153a5191b18eda07e56d80217194f95b8f8bbd,"{""d"":5.0,""p"":0.0001,""r"":5.0}",
     72704,         1,         0,    3.06,correlated_pymatching,2e5e2e3e7a74d8ea5dcf398c0972d0c2503acf1083ae9653707b46510d0c62ea,"{""d"":5.0,""p"":0.00021544346900318845,""r"":5.0}","{""obs_mistake_mask=E"":1}"
     15360,         4,         0,    2.25,correlated_pymatching,2919daae83c4bb355497b537b8eb3fa0541c9a74ae42f34c983947fa1bd75892,"{""d"":7.0,""p"":0.001,""r"":7.0}","{""obs_mistake_mask=E"":4}"
     17408,         0,         0,    2.19,correlated_pymatching,d821558028d0b71fbf8148e27be7c074e0e8b72611fd5ff402120f6913a24690,"{""d"":7.0,""p"":0.00046415888336127773,""r"":7.0}",
     38912,         0,         0,    1.56,correlated_pymatching,745961ec464dc090b9d2800818153a5191b18eda07e56d80217194f95b8f8bbd,"{""d"":5.0,""p"":0.0001,""r"":5.0}",
     37888,         0,         0,    1.59,correlated_pymatching,2e5e2e3e7a74d8ea5dcf398c0972d0c2503acf1083ae9653707b46510d0c62ea,"{""d"":5.0,""p"":0.00021544346900318845,""r"":5.0}",
     67584,        24,         0,    3.06,correlated_pymatching,a50f81865d6b6d34201cc5fbf035f39862052f16ef076d797da2bafce6e88841,"{""d"":5.0,""p"":0.00046415888336127773,""r"":5.0}","{""obs_mistake_mask=E"":24}"
     34816,        10,         0,    1.57,correlated_pymatching,a50f81865d6b6d34201cc5fbf035f39862052f16ef076d797da2bafce6e88841,"{""d"":5.0,""p"":0.00046415888336127773,""r"":5.0}","{""obs_mistake_mask=E"":10}"
     27648,         0,         0,    3.05,correlated_pymatching,e020dd2c32c8d7bf6cffbce0be23bba9cdcadc6767681b343d85a6541ef25767,"{""d"":7.0,""p"":0.00021544346900318845,""r"":7.0}",
     21504,         9,         0,    3.14,correlated_pymatching,2919daae83c4bb355497b537b8eb3fa0541c9a74ae42f34c983947fa1bd75892,"{""d"":7.0,""p"":0.001,""r"":7.0}","{""obs_mistake_mask=E"":9}"
     25600,         0,         0,    3.08,correlated_pymatching,d821558028d0b71fbf8148e27be7c074e0e8b72611fd5ff402120f6913a24690,"{""d"":7.0,""p"":0.00046415888336127773,""r"":7.0}",
     29696,         0,         0,    3.14,correlated_pymatching,3da66f42efe4b9ee8b75f8d643d901a11e2bc0d91db4c5f0c0317ddd420e34a5,"{""d"":7.0,""p"":0.0001,""r"":7.0}",
     13312,         0,         0,    1.60,correlated_pymatching,e020dd2c32c8d7bf6cffbce0be23bba9cdcadc6767681b343d85a6541ef25767,"{""d"":7.0,""p"":0.00021544346900318845,""r"":7.0}",
     15360,         0,         0,    1.65,correlated_pymatching,3da66f42efe4b9ee8b75f8d643d901a11e2bc0d91db4c5f0c0317ddd420e34a5,"{""d"":7.0,""p"":0.0001,""r"":7.0}",
     15360,         0,         0,    1.65,correlated_pymatching,3da66f42efe4b9ee8b75f8d643d901a11e2bc0d91db4c5f0c0317ddd420e34a5,"{""d"":7.0,""p"":0.0001,""r"":7.0}",
     11264,         3,         0,    1.65,correlated_pymatching,2919daae83c4bb355497b537b8eb3fa0541c9a74ae42f34c983947fa1bd75892,"{""d"":7.0,""p"":0.001,""r"":7.0}","{""obs_mistake_mask=E"":3}"
     52224,         2,         0,    2.18,correlated_pymatching,2e5e2e3e7a74d8ea5dcf398c0972d0c2503acf1083ae9653707b46510d0c62ea,"{""d"":5.0,""p"":0.00021544346900318845,""r"":5.0}","{""obs_mistake_mask=E"":2}"
     55296,         0,         0,    2.21,correlated_pymatching,745961ec464dc090b9d2800818153a5191b18eda07e56d80217194f95b8f8bbd,"{""d"":5.0,""p"":0.0001,""r"":5.0}",
     49152,        13,         0,    2.20,correlated_pymatching,a50f81865d6b6d34201cc5fbf035f39862052f16ef076d797da2bafce6e88841,"{""d"":5.0,""p"":0.00046415888336127773,""r"":5.0}","{""obs_mistake_mask=E"":13}"
     13312,         1,         0,    1.65,correlated_pymatching,d821558028d0b71fbf8148e27be7c074e0e8b72611fd5ff402120f6913a24690,"{""d"":7.0,""p"":0.00046415888336127773,""r"":7.0}","{""obs_mistake_mask=E"":1}"
     26624,         0,         0,    3.06,correlated_pymatching,e020dd2c32c8d7bf6cffbce0be23bba9cdcadc6767681b343d85a6541ef25767,"{""d"":7.0,""p"":0.00021544346900318845,""r"":7.0}",
     28672,         0,         0,    3.12,correlated_pymatching,3da66f42efe4b9ee8b75f8d643d901a11e2bc0d91db4c5f0c0317ddd420e34a5,"{""d"":7.0,""p"":0.0001,""r"":7.0}",
     24576,         0,         0,    3.05,correlated_pymatching,d821558028d0b71fbf8148e27be7c074e0e8b72611fd5ff402120f6913a24690,"{""d"":7.0,""p"":0.00046415888336127773,""r"":7.0}",
     76800,         1,         0,    3.06,correlated_pymatching,745961ec464dc090b9d2800818153a5191b18eda07e56d80217194f95b8f8bbd,"{""d"":5.0,""p"":0.0001,""r"":5.0}","{""obs_mistake_mask=E"":1}"
     74752,         1,         0,    3.08,correlated_pymatching,2e5e2e3e7a74d8ea5dcf398c0972d0c2503acf1083ae9653707b46510d0c62ea,"{""d"":5.0,""p"":0.00021544346900318845,""r"":5.0}","{""obs_mistake_mask=E"":1}"
     20480,         5,         0,    3.11,correlated_pymatching,2919daae83c4bb355497b537b8eb3fa0541c9a74ae42f34c983947fa1bd75892,"{""d"":7.0,""p"":0.001,""r"":7.0}","{""obs_mistake_mask=E"":5}"
     68608,        19,         0,    3.07,correlated_pymatching,a50f81865d6b6d34201cc5fbf035f39862052f16ef076d797da2bafce6e88841,"{""d"":5.0,""p"":0.00046415888336127773,""r"":5.0}","{""obs_mistake_mask=E"":19}"
     54272,         0,         0,    2.19,correlated_pymatching,745961ec464dc090b9d2800818153a5191b18eda07e56d80217194f95b8f8bbd,"{""d"":5.0,""p"":0.0001,""r"":5.0}",
     51200,         2,         0,    2.18,correlated_pymatching,2e5e2e3e7a74d8ea5dcf398c0972d0c2503acf1083ae9653707b46510d0c62ea,"{""d"":5.0,""p"":0.00021544346900318845,""r"":5.0}","{""obs_mistake_mask=E"":2}"
     47104,         8,         0,    2.18,correlated_pymatching,a50f81865d6b6d34201cc5fbf035f39862052f16ef076d797da2bafce6e88841,"{""d"":5.0,""p"":0.00046415888336127773,""r"":5.0}","{""obs_mistake_mask=E"":8}"
     29696,         0,         0,    3.12,correlated_pymatching,3da66f42efe4b9ee8b75f8d643d901a11e2bc0d91db4c5f0c0317ddd420e34a5,"{""d"":7.0,""p"":0.0001,""r"":7.0}",
     28672,         0,         0,    3.14,correlated_pymatching,e020dd2c32c8d7bf6cffbce0be23bba9cdcadc6767681b343d85a6541ef25767,"{""d"":7.0,""p"":0.00021544346900318845,""r"":7.0}",
     19456,         0,         0,    2.22,correlated_pymatching,e020dd2c32c8d7bf6cffbce0be23bba9cdcadc6767681b343d85a6541ef25767,"{""d"":7.0,""p"":0.00021544346900318845,""r"":7.0}",
     24576,         0,         0,    3.07,correlated_pymatching,d821558028d0b71fbf8148e27be7c074e0e8b72611fd5ff402120f6913a24690,"{""d"":7.0,""p"":0.00046415888336127773,""r"":7.0}",
     21504,         8,         0,    3.15,correlated_pymatching,2919daae83c4bb355497b537b8eb3fa0541c9a74ae42f34c983947fa1bd75892,"{""d"":7.0,""p"":0.001,""r"":7.0}","{""obs_mistake_mask=E"":8}"
     21504,         0,         0,    2.27,correlated_pymatching,3da66f42efe4b9ee8b75f8d643d901a11e2bc0d91db4c5f0c0317ddd420e34a5,"{""d"":7.0,""p"":0.0001,""r"":7.0}",
     15360,         7,         0,    2.23,correlated_pymatching,2919daae83c4bb355497b537b8eb3fa0541c9a74ae42f34c983947fa1bd75892,"{""d"":7.0,""p"":0.001,""r"":7.0}","{""obs_mistake_mask=E"":7}"
     20480,         0,         0,    2.26,correlated_pymatching,3da66f42efe4b9ee8b75f8d643d901a11e2bc0d91db4c5f0c0317ddd420e34a5,"{""d"":7.0,""p"":0.0001,""r"":7.0}",
     18432,         0,         0,    2.30,correlated_pymatching,d821558028d0b71fbf8148e27be7c074e0e8b72611fd5ff402120f6913a24690,"{""d"":7.0,""p"":0.00046415888336127773,""r"":7.0}",
    106496,         0,         0,    4.29,correlated_pymatching,745961ec464dc090b9d2800818153a5191b18eda07e56d80217194f95b8f8bbd,"{""d"":5.0,""p"":0.0001,""r"":5.0}",
     95232,        37,         0,    4.30,correlated_pymatching,a50f81865d6b6d34201cc5fbf035f39862052f16ef076d797da2bafce6e88841,"{""d"":5.0,""p"":0.00046415888336127773,""r"":5.0}","{""obs_mistake_mask=E"":37}"
    102400,         4,         0,    4.27,correlated_pymatching,2e5e2e3e7a74d8ea5dcf398c0972d0c2503acf1083ae9653707b46510d0c62ea,"{""d"":5.0,""p"":0.00021544346900318845,""r"":5.0}","{""obs_mistake_mask=E"":4}"
     72704,         1,         0,    3.04,correlated_pymatching,2e5e2e3e7a74d8ea5dcf398c0972d0c2503acf1083ae9653707b46510d0c62ea,"{""d"":5.0,""p"":0.00021544346900318845,""r"":5.0}","{""obs_mistake_mask=E"":1}"
     76800,         1,         0,    3.06,correlated_pymatching,745961ec464dc090b9d2800818153a5191b18eda07e56d80217194f95b8f8bbd,"{""d"":5.0,""p"":0.0001,""r"":5.0}","{""obs_mistake_mask=E"":1}"
     68608,        11,         0,    3.07,correlated_pymatching,a50f81865d6b6d34201cc5fbf035f39862052f16ef076d797da2bafce6e88841,"{""d"":5.0,""p"":0.00046415888336127773,""r"":5.0}","{""obs_mistake_mask=E"":11}"
    106496,         1,         0,    4.27,correlated_pymatching,745961ec464dc090b9d2800818153a5191b18eda07e56d80217194f95b8f8bbd,"{""d"":5.0,""p"":0.0001,""r"":5.0}","{""obs_mistake_mask=E"":1}"
    101376,         5,         0,    4.27,correlated_pymatching,2e5e2e3e7a74d8ea5dcf398c0972d0c2503acf1083ae9653707b46510d0c62ea,"{""d"":5.0,""p"":0.00021544346900318845,""r"":5.0}","{""obs_mistake_mask=E"":5}"
     94208,        24,         0,    4.27,correlated_pymatching,a50f81865d6b6d34201cc5fbf035f39862052f16ef076d797da2bafce6e88841,"{""d"":5.0,""p"":0.00046415888336127773,""r"":5.0}","{""obs_mistake_mask=E"":24}"
     38912,         0,         0,    4.28,correlated_pymatching,e020dd2c32c8d7bf6cffbce0be23bba9cdcadc6767681b343d85a6541ef25767,"{""d"":7.0,""p"":0.00021544346900318845,""r"":7.0}",
     35840,         0,         0,    4.32,correlated_pymatching,d821558028d0b71fbf8148e27be7c074e0e8b72611fd5ff402120f6913a24690,"{""d"":7.0,""p"":0.00046415888336127773,""r"":7.0}",
     29696,         8,         0,    4.32,correlated_pymatching,2919daae83c4bb355497b537b8eb3fa0541c9a74ae42f34c983947fa1bd75892,"{""d"":7.0,""p"":0.001,""r"":7.0}","{""obs_mistake_mask=E"":8}"
     40960,         0,         0,    4.31,correlated_pymatching,3da66f42efe4b9ee8b75f8d643d901a11e2bc0d91db4c5f0c0317ddd420e34a5,"{""d"":7.0,""p"":0.0001,""r"":7.0}",
     76800,         0,         0,    3.08,correlated_pymatching,745961ec464dc090b9d2800818153a5191b18eda07e56d80217194f95b8f8bbd,"{""d"":5.0,""p"":0.0001,""r"":5.0}",
     73728,         1,         0,    3.08,correlated_pymatching,2e5e2e3e7a74d8ea5dcf398c0972d0c2503acf1083ae9653707b46510d0c62ea,"{""d"":5.0,""p"":0.00021544346900318845,""r"":5.0}","{""obs_mistake_mask=E"":1}"
     37888,         0,         0,    4.35,correlated_pymatching,e020dd2c32c8d7bf6cffbce0be23bba9cdcadc6767681b343d85a6541ef25767,"{""d"":7.0,""p"":0.00021544346900318845,""r"":7.0}",
     67584,        18,         0,    3.06,correlated_pymatching,a50f81865d6b6d34201cc5fbf035f39862052f16ef076d797da2bafce6e88841,"{""d"":5.0,""p"":0.00046415888336127773,""r"":5.0}","{""obs_mistake_mask=E"":18}"
     39936,         0,         0,    4.36,correlated_pymatching,3da66f42efe4b9ee8b75f8d643d901a11e2bc0d91db4c5f0c0317ddd420e34a5,"{""d"":7.0,""p"":0.0001,""r"":7.0}",
     34816,         0,         0,    4.31,correlated_pymatching,d821558028d0b71fbf8148e27be7c074e0e8b72611fd5ff402120f6913a24690,"{""d"":7.0,""p"":0.00046415888336127773,""r"":7.0}",
    107520,         1,         0,    4.29,correlated_pymatching,745961ec464dc090b9d2800818153a5191b18eda07e56d80217194f95b8f8bbd,"{""d"":5.0,""p"":0.0001,""r"":5.0}","{""obs_mistake_mask=E"":1}"
    103424,         1,         0,    4.26,correlated_pymatching,2e5e2e3e7a74d8ea5dcf398c0972d0c2503acf1083ae9653707b46510d0c62ea,"{""d"":5.0,""p"":0.00021544346900318845,""r"":5.0}","{""obs_mistake_mask=E"":1}"
     28672,        15,         0,    4.35,correlated_pymatching,2919daae83c4bb355497b537b8eb3fa0541c9a74ae42f34c983947fa1bd75892,"{""d"":7.0,""p"":0.001,""r"":7.0}","{""obs_mistake_mask=E"":15}"
     96256,        28,         0,    4.30,correlated_pymatching,a50f81865d6b6d34201cc5fbf035f39862052f16ef076d797da2bafce6e88841,"{""d"":5.0,""p"":0.00046415888336127773,""r"":5.0}","{""obs_mistake_mask=E"":28}"
     27648,         0,         0,    3.15,correlated_pymatching,e020dd2c32c8d7bf6cffbce0be23bba9cdcadc6767681b343d85a6541ef25767,"{""d"":7.0,""p"":0.00021544346900318845,""r"":7.0}",
     29696,         0,         0,    3.12,correlated_pymatching,3da66f42efe4b9ee8b75f8d643d901a11e2bc0d91db4c5f0c0317ddd420e34a5,"{""d"":7.0,""p"":0.0001,""r"":7.0}",
     28672,         0,         0,    3.09,correlated_pymatching,3da66f42efe4b9ee8b75f8d643d901a11e2bc0d91db4c5f0c0317ddd420e34a5,"{""d"":7.0,""p"":0.0001,""r"":7.0}",
     21504,         9,         0,    3.13,correlated_pymatching,2919daae83c4bb355497b537b8eb3fa0541c9a74ae42f34c983947fa1bd75892,"{""d"":7.0,""p"":0.001,""r"":7.0}","{""obs_mistake_mask=E"":9}"
     24576,         0,         0,    3.05,correlated_pymatching,d821558028d0b71fbf8148e27be7c074e0e8b72611fd5ff402120f6913a24690,"{""d"":7.0,""p"":0.00046415888336127773,""r"":7.0}",
     40960,         0,         0,    4.30,correlated_pymatching,3da66f42efe4b9ee8b75f8d643d901a11e2bc0d91db4c5f0c0317ddd420e34a5,"{""d"":7.0,""p"":0.0001,""r"":7.0}",
     39936,         0,         0,    4.37,correlated_pymatching,e020dd2c32c8d7bf6cffbce0be23bba9cdcadc6767681b343d85a6541ef25767,"{""d"":7.0,""p"":0.00021544346900318845,""r"":7.0}",
     34816,         0,         0,    4.34,correlated_pymatching,d821558028d0b71fbf8148e27be7c074e0e8b72611fd5ff402120f6913a24690,"{""d"":7.0,""p"":0.00046415888336127773,""r"":7.0}",
     29696,         8,         0,    4.33,correlated_pymatching,2919daae83c4bb355497b537b8eb3fa0541c9a74ae42f34c983947fa1bd75892,"{""d"":7.0,""p"":0.001,""r"":7.0}","{""obs_mistake_mask=E"":8}"
    102400,         2,         0,    4.29,correlated_pymatching,2e5e2e3e7a74d8ea5dcf398c0972d0c2503acf1083ae9653707b46510d0c62ea,"{""d"":5.0,""p"":0.00021544346900318845,""r"":5.0}","{""obs_mistake_mask=E"":2}"
    106496,         0,         0,    4.26,correlated_pymatching,745961ec464dc090b9d2800818153a5191b18eda07e56d80217194f95b8f8bbd,"{""d"":5.0,""p"":0.0001,""r"":5.0}",
     96256,        18,         0,    4.30,correlated_pymatching,a50f81865d6b6d34201cc5fbf035f39862052f16ef076d797da2bafce6e88841,"{""d"":5.0,""p"":0.00046415888336127773,""r"":5.0}","{""obs_mistake_mask=E"":18}"
    107520,         0,         0,    4.29,correlated_pymatching,745961ec464dc090b9d2800818153a5191b18eda07e56d80217194f95b8f8bbd,"{""d"":5.0,""p"":0.0001,""r"":5.0}",
    102400,         2,         0,    4.28,correlated_pymatching,2e5e2e3e7a74d8ea5dcf398c0972d0c2503acf1083ae9653707b46510d0c62ea,"{""d"":5.0,""p"":0.00021544346900318845,""r"":5.0}","{""obs_mistake_mask=E"":2}"
     95232,        27,         0,    4.30,correlated_pymatching,a50f81865d6b6d34201cc5fbf035f39862052f16ef076d797da2bafce6e88841,"{""d"":5.0,""p"":0.00046415888336127773,""r"":5.0}","{""obs_mistake_mask=E"":27}"
    129024,        35,         0,    5.83,correlated_pymatching,a50f81865d6b6d34201cc5fbf035f39862052f16ef076d797da2bafce6e88841,"{""d"":5.0,""p"":0.00046415888336127773,""r"":5.0}","{""obs_mistake_mask=E"":35}"
    117760,        29,         0,    5.33,correlated_pymatching,a50f81865d6b6d34201cc5fbf035f39862052f16ef076d797da2bafce6e88841,"{""d"":5.0,""p"":0.00046415888336127773,""r"":5.0}","{""obs_mistake_mask=E"":29}"
     30720,         8,         0,    1.37,correlated_pymatching,a50f81865d6b6d34201cc5fbf035f39862052f16ef076d797da2bafce6e88841,"{""d"":5.0,""p"":0.00046415888336127773,""r"":5.0}","{""obs_mistake_mask=E"":8}"
     82944,        25,         0,    3.70,correlated_pymatching,a50f81865d6b6d34201cc5fbf035f39862052f16ef076d797da2bafce6e88841,"{""d"":5.0,""p"":0.00046415888336127773,""r"":5.0}","{""obs_mistake_mask=E"":25}"
      1024,         0,         0,   0.046,correlated_pymatching,a50f81865d6b6d34201cc5fbf035f39862052f16ef076d797da2bafce6e88841,"{""d"":5.0,""p"":0.00046415888336127773,""r"":5.0}",
    148480,         0,         0,    5.97,correlated_pymatching,745961ec464dc090b9d2800818153a5191b18eda07e56d80217194f95b8f8bbd,"{""d"":5.0,""p"":0.0001,""r"":5.0}",
    143360,         5,         0,    6.00,correlated_pymatching,2e5e2e3e7a74d8ea5dcf398c0972d0c2503acf1083ae9653707b46510d0c62ea,"{""d"":5.0,""p"":0.00021544346900318845,""r"":5.0}","{""obs_mistake_mask=E"":5}"
         1,         0,         0,   0.102,correlated_pymatching,d821558028d0b71fbf8148e27be7c074e0e8b72611fd5ff402120f6913a24690,"{""d"":7.0,""p"":0.00046415888336127773,""r"":7.0}",
         1,         0,         0,   0.105,correlated_pymatching,e020dd2c32c8d7bf6cffbce0be23bba9cdcadc6767681b343d85a6541ef25767,"{""d"":7.0,""p"":0.00021544346900318845,""r"":7.0}",
         1,         0,         0,   0.097,correlated_pymatching,d821558028d0b71fbf8148e27be7c074e0e8b72611fd5ff402120f6913a24690,"{""d"":7.0,""p"":0.00046415888336127773,""r"":7.0}",
         1,         0,         0,   0.102,correlated_pymatching,2919daae83c4bb355497b537b8eb3fa0541c9a74ae42f34c983947fa1bd75892,"{""d"":7.0,""p"":0.001,""r"":7.0}",
         1,         0,         0,   0.097,correlated_pymatching,2919daae83c4bb355497b537b8eb3fa0541c9a74ae42f34c983947fa1bd75892,"{""d"":7.0,""p"":0.001,""r"":7.0}",
    149504,         0,         0,    6.00,correlated_pymatching,745961ec464dc090b9d2800818153a5191b18eda07e56d80217194f95b8f8bbd,"{""d"":5.0,""p"":0.0001,""r"":5.0}",
    142336,         3,         0,    6.00,correlated_pymatching,2e5e2e3e7a74d8ea5dcf398c0972d0c2503acf1083ae9653707b46510d0c62ea,"{""d"":5.0,""p"":0.00021544346900318845,""r"":5.0}","{""obs_mistake_mask=E"":3}"
         4,         0,         0,   0.102,correlated_pymatching,d821558028d0b71fbf8148e27be7c074e0e8b72611fd5ff402120f6913a24690,"{""d"":7.0,""p"":0.00046415888336127773,""r"":7.0}",
         4,         0,         0,   0.102,correlated_pymatching,e020dd2c32c8d7bf6cffbce0be23bba9cdcadc6767681b343d85a6541ef25767,"{""d"":7.0,""p"":0.00021544346900318845,""r"":7.0}",
         4,         0,         0,   0.099,correlated_pymatching,d821558028d0b71fbf8148e27be7c074e0e8b72611fd5ff402120f6913a24690,"{""d"":7.0,""p"":0.00046415888336127773,""r"":7.0}",
         4,         0,         0,   0.102,correlated_pymatching,2919daae83c4bb355497b537b8eb3fa0541c9a74ae42f34c983947fa1bd75892,"{""d"":7.0,""p"":0.001,""r"":7.0}",
         4,         0,         0,   0.098,correlated_pymatching,2919daae83c4bb355497b537b8eb3fa0541c9a74ae42f34c983947fa1bd75892,"{""d"":7.0,""p"":0.001,""r"":7.0}",
        16,         0,         0,   0.101,correlated_pymatching,d821558028d0b71fbf8148e27be7c074e0e8b72611fd5ff402120f6913a24690,"{""d"":7.0,""p"":0.00046415888336127773,""r"":7.0}",
        16,         0,         0,   0.100,correlated_pymatching,d821558028d0b71fbf8148e27be7c074e0e8b72611fd5ff402120f6913a24690,"{""d"":7.0,""p"":0.00046415888336127773,""r"":7.0}",
        16,         0,         0,   0.102,correlated_pymatching,e020dd2c32c8d7bf6cffbce0be23bba9cdcadc6767681b343d85a6541ef25767,"{""d"":7.0,""p"":0.00021544346900318845,""r"":7.0}",
        16,         0,         0,   0.101,correlated_pymatching,2919daae83c4bb355497b537b8eb3fa0541c9a74ae42f34c983947fa1bd75892,"{""d"":7.0,""p"":0.001,""r"":7.0}",
        16,         0,         0,   0.100,correlated_pymatching,2919daae83c4bb355497b537b8eb3fa0541c9a74ae42f34c983947fa1bd75892,"{""d"":7.0,""p"":0.001,""r"":7.0}",
        64,         0,         0,   0.099,correlated_pymatching,d821558028d0b71fbf8148e27be7c074e0e8b72611fd5ff402120f6913a24690,"{""d"":7.0,""p"":0.00046415888336127773,""r"":7.0}",
        64,         0,         0,   0.103,correlated_pymatching,d821558028d0b71fbf8148e27be7c074e0e8b72611fd5ff402120f6913a24690,"{""d"":7.0,""p"":0.00046415888336127773,""r"":7.0}",
        64,         0,         0,   0.103,correlated_pymatching,e020dd2c32c8d7bf6cffbce0be23bba9cdcadc6767681b343d85a6541ef25767,"{""d"":7.0,""p"":0.00021544346900318845,""r"":7.0}",
        64,         0,         0,   0.103,correlated_pymatching,2919daae83c4bb355497b537b8eb3fa0541c9a74ae42f34c983947fa1bd75892,"{""d"":7.0,""p"":0.001,""r"":7.0}",
        64,         1,         0,   0.102,correlated_pymatching,2919daae83c4bb355497b537b8eb3fa0541c9a74ae42f34c983947fa1bd75892,"{""d"":7.0,""p"":0.001,""r"":7.0}","{""obs_mistake_mask=E"":1}"
     37888,         0,         0,    4.31,correlated_pymatching,e020dd2c32c8d7bf6cffbce0be23bba9cdcadc6767681b343d85a6541ef25767,"{""d"":7.0,""p"":0.00021544346900318845,""r"":7.0}",
       256,         0,         0,   0.105,correlated_pymatching,d821558028d0b71fbf8148e27be7c074e0e8b72611fd5ff402120f6913a24690,"{""d"":7.0,""p"":0.00046415888336127773,""r"":7.0}",
       256,         0,         0,   0.109,correlated_pymatching,d821558028d0b71fbf8148e27be7c074e0e8b72611fd5ff402120f6913a24690,"{""d"":7.0,""p"":0.00046415888336127773,""r"":7.0}",
       256,         0,         0,   0.107,correlated_pymatching,e020dd2c32c8d7bf6cffbce0be23bba9cdcadc6767681b343d85a6541ef25767,"{""d"":7.0,""p"":0.00021544346900318845,""r"":7.0}",
       256,         0,         0,   0.112,correlated_pymatching,2919daae83c4bb355497b537b8eb3fa0541c9a74ae42f34c983947fa1bd75892,"{""d"":7.0,""p"":0.001,""r"":7.0}",
       256,         1,         0,   0.115,correlated_pymatching,2919daae83c4bb355497b537b8eb3fa0541c9a74ae42f34c983947fa1bd75892,"{""d"":7.0,""p"":0.001,""r"":7.0}","{""obs_mistake_mask=E"":1}"
     40960,         0,         0,    4.31,correlated_pymatching,3da66f42efe4b9ee8b75f8d643d901a11e2bc0d91db4c5f0c0317ddd420e34a5,"{""d"":7.0,""p"":0.0001,""r"":7.0}",
     39936,         0,         0,    4.34,correlated_pymatching,3da66f42efe4b9ee8b75f8d643d901a11e2bc0d91db4c5f0c0317ddd420e34a5,"{""d"":7.0,""p"":0.0001,""r"":7.0}",
      1024,         0,         0,   0.119,correlated_pymatching,e020dd2c32c8d7bf6cffbce0be23bba9cdcadc6767681b343d85a6541ef25767,"{""d"":7.0,""p"":0.00021544346900318845,""r"":7.0}",
     29696,         7,         0,    4.32,correlated_pymatching,2919daae83c4bb355497b537b8eb3fa0541c9a74ae42f34c983947fa1bd75892,"{""d"":7.0,""p"":0.001,""r"":7.0}","{""obs_mistake_mask=E"":7}"
      1024,         0,         0,   0.125,correlated_pymatching,d821558028d0b71fbf8148e27be7c074e0e8b72611fd5ff402120f6913a24690,"{""d"":7.0,""p"":0.00046415888336127773,""r"":7.0}",
      1024,         0,         0,   0.128,correlated_pymatching,d821558028d0b71fbf8148e27be7c074e0e8b72611fd5ff402120f6913a24690,"{""d"":7.0,""p"":0.00046415888336127773,""r"":7.0}",
     54272,         0,         0,    5.98,correlated_pymatching,e020dd2c32c8d7bf6cffbce0be23bba9cdcadc6767681b343d85a6541ef25767,"{""d"":7.0,""p"":0.00021544346900318845,""r"":7.0}",
      1024,         0,         0,   0.152,correlated_pymatching,2919daae83c4bb355497b537b8eb3fa0541c9a74ae42f34c983947fa1bd75892,"{""d"":7.0,""p"":0.001,""r"":7.0}",
      1024,         0,         0,   0.155,correlated_pymatching,2919daae83c4bb355497b537b8eb3fa0541c9a74ae42f34c983947fa1bd75892,"{""d"":7.0,""p"":0.001,""r"":7.0}",
      1024,         0,         0,   0.118,correlated_pymatching,e020dd2c32c8d7bf6cffbce0be23bba9cdcadc6767681b343d85a6541ef25767,"{""d"":7.0,""p"":0.00021544346900318845,""r"":7.0}",
     34816,         0,         0,    4.31,correlated_pymatching,d821558028d0b71fbf8148e27be7c074e0e8b72611fd5ff402120f6913a24690,"{""d"":7.0,""p"":0.00046415888336127773,""r"":7.0}",
      1024,         0,         0,   0.125,correlated_pymatching,d821558028d0b71fbf8148e27be7c074e0e8b72611fd5ff402120f6913a24690,"{""d"":7.0,""p"":0.00046415888336127773,""r"":7.0}",
      1024,         0,         0,   0.128,correlated_pymatching,d821558028d0b71fbf8148e27be7c074e0e8b72611fd5ff402120f6913a24690,"{""d"":7.0,""p"":0.00046415888336127773,""r"":7.0}",
      1024,         0,         0,   0.150,correlated_pymatching,2919daae83c4bb355497b537b8eb3fa0541c9a74ae42f34c983947fa1bd75892,"{""d"":7.0,""p"":0.001,""r"":7.0}",
      1024,         0,         0,   0.154,correlated_pymatching,2919daae83c4bb355497b537b8eb3fa0541c9a74ae42f34c983947fa1bd75892,"{""d"":7.0,""p"":0.001,""r"":7.0}",
      1024,         0,         0,   0.118,correlated_pymatching,e020dd2c32c8d7bf6cffbce0be23bba9cdcadc6767681b343d85a6541ef25767,"{""d"":7.0,""p"":0.00021544346900318845,""r"":7.0}",
      1024,         0,         0,   0.124,correlated_pymatching,d821558028d0b71fbf8148e27be7c074e0e8b72611fd5ff402120f6913a24690,"{""d"":7.0,""p"":0.00046415888336127773,""r"":7.0}",
      1024,         0,         0,   0.128,correlated_pymatching,d821558028d0b71fbf8148e27be7c074e0e8b72611fd5ff402120f6913a24690,"{""d"":7.0,""p"":0.00046415888336127773,""r"":7.0}",
     57344,         0,         0,    6.03,correlated_pymatching,3da66f42efe4b9ee8b75f8d643d901a11e2bc0d91db4c5f0c0317ddd420e34a5,"{""d"":7.0,""p"":0.0001,""r"":7.0}",
     50176,         1,         0,    6.04,correlated_pymatching,d821558028d0b71fbf8148e27be7c074e0e8b72611fd5ff402120f6913a24690,"{""d"":7.0,""p"":0.00046415888336127773,""r"":7.0}","{""obs_mistake_mask=E"":1}"
      1024,         0,         0,   0.152,correlated_pymatching,2919daae83c4bb355497b537b8eb3fa0541c9a74ae42f34c983947fa1bd75892,"{""d"":7.0,""p"":0.001,""r"":7.0}",
      1024,         2,         0,   0.155,correlated_pymatching,2919daae83c4bb355497b537b8eb3fa0541c9a74ae42f34c983947fa1bd75892,"{""d"":7.0,""p"":0.001,""r"":7.0}","{""obs_mistake_mask=E"":2}"
     41984,        23,         0,    6.12,correlated_pymatching,2919daae83c4bb355497b537b8eb3fa0541c9a74ae42f34c983947fa1bd75892,"{""d"":7.0,""p"":0.001,""r"":7.0}","{""obs_mistake_mask=E"":23}"
      2048,         0,         0,   0.238,correlated_pymatching,e020dd2c32c8d7bf6cffbce0be23bba9cdcadc6767681b343d85a6541ef25767,"{""d"":7.0,""p"":0.00021544346900318845,""r"":7.0}",
      1024,         0,         0,   0.150,correlated_pymatching,2919daae83c4bb355497b537b8eb3fa0541c9a74ae42f34c983947fa1bd75892,"{""d"":7.0,""p"":0.001,""r"":7.0}",
      2048,         0,         0,   0.248,correlated_pymatching,d821558028d0b71fbf8148e27be7c074e0e8b72611fd5ff402120f6913a24690,"{""d"":7.0,""p"":0.00046415888336127773,""r"":7.0}",
      1024,         1,         0,   0.156,correlated_pymatching,2919daae83c4bb355497b537b8eb3fa0541c9a74ae42f34c983947fa1bd75892,"{""d"":7.0,""p"":0.001,""r"":7.0}","{""obs_mistake_mask=E"":1}"
      2048,         0,         0,   0.255,correlated_pymatching,d821558028d0b71fbf8148e27be7c074e0e8b72611fd5ff402120f6913a24690,"{""d"":7.0,""p"":0.00046415888336127773,""r"":7.0}",
      2048,         0,         0,   0.236,correlated_pymatching,e020dd2c32c8d7bf6cffbce0be23bba9cdcadc6767681b343d85a6541ef25767,"{""d"":7.0,""p"":0.00021544346900318845,""r"":7.0}",
      2048,         0,         0,   0.249,correlated_pymatching,d821558028d0b71fbf8148e27be7c074e0e8b72611fd5ff402120f6913a24690,"{""d"":7.0,""p"":0.00046415888336127773,""r"":7.0}",
      2048,         0,         0,   0.254,correlated_pymatching,d821558028d0b71fbf8148e27be7c074e0e8b72611fd5ff402120f6913a24690,"{""d"":7.0,""p"":0.00046415888336127773,""r"":7.0}",
      2048,         0,         0,   0.302,correlated_pymatching,2919daae83c4bb355497b537b8eb3fa0541c9a74ae42f34c983947fa1bd75892,"{""d"":7.0,""p"":0.001,""r"":7.0}",
     52224,         0,         0,    5.98,correlated_pymatching,e020dd2c32c8d7bf6cffbce0be23bba9cdcadc6767681b343d85a6541ef25767,"{""d"":7.0,""p"":0.00021544346900318845,""r"":7.0}",
      2048,         0,         0,   0.307,correlated_pymatching,2919daae83c4bb355497b537b8eb3fa0541c9a74ae42f34c983947fa1bd75892,"{""d"":7.0,""p"":0.001,""r"":7.0}",
     55296,         0,         0,    6.07,correlated_pymatching,3da66f42efe4b9ee8b75f8d643d901a11e2bc0d91db4c5f0c0317ddd420e34a5,"{""d"":7.0,""p"":0.0001,""r"":7.0}",
      3072,         0,         0,   0.351,correlated_pymatching,e020dd2c32c8d7bf6cffbce0be23bba9cdcadc6767681b343d85a6541ef25767,"{""d"":7.0,""p"":0.00021544346900318845,""r"":7.0}",
      2048,         1,         0,   0.301,correlated_pymatching,2919daae83c4bb355497b537b8eb3fa0541c9a74ae42f34c983947fa1bd75892,"{""d"":7.0,""p"":0.001,""r"":7.0}","{""obs_mistake_mask=E"":1}"
      3072,         0,         0,   0.370,correlated_pymatching,d821558028d0b71fbf8148e27be7c074e0e8b72611fd5ff402120f6913a24690,"{""d"":7.0,""p"":0.00046415888336127773,""r"":7.0}",
     48128,         0,         0,    5.98,correlated_pymatching,d821558028d0b71fbf8148e27be7c074e0e8b72611fd5ff402120f6913a24690,"{""d"":7.0,""p"":0.00046415888336127773,""r"":7.0}",
      2048,         0,         0,   0.310,correlated_pymatching,2919daae83c4bb355497b537b8eb3fa0541c9a74ae42f34c983947fa1bd75892,"{""d"":7.0,""p"":0.001,""r"":7.0}",
      3072,         0,         0,   0.383,correlated_pymatching,d821558028d0b71fbf8148e27be7c074e0e8b72611fd5ff402120f6913a24690,"{""d"":7.0,""p"":0.00046415888336127773,""r"":7.0}",
    149504,         0,         0,    5.97,correlated_pymatching,745961ec464dc090b9d2800818153a5191b18eda07e56d80217194f95b8f8bbd,"{""d"":5.0,""p"":0.0001,""r"":5.0}",
    145408,         7,         0,    5.99,correlated_pymatching,2e5e2e3e7a74d8ea5dcf398c0972d0c2503acf1083ae9653707b46510d0c62ea,"{""d"":5.0,""p"":0.00021544346900318845,""r"":5.0}","{""obs_mistake_mask=E"":7}"
     39936,        16,         0,    6.06,correlated_pymatching,2919daae83c4bb355497b537b8eb3fa0541c9a74ae42f34c983947fa1bd75892,"{""d"":7.0,""p"":0.001,""r"":7.0}","{""obs_mistake_mask=E"":16}"
      4096,         0,         0,   0.469,correlated_pymatching,e020dd2c32c8d7bf6cffbce0be23bba9cdcadc6767681b343d85a6541ef25767,"{""d"":7.0,""p"":0.00021544346900318845,""r"":7.0}",
      3072,         1,         0,   0.453,correlated_pymatching,2919daae83c4bb355497b537b8eb3fa0541c9a74ae42f34c983947fa1bd75892,"{""d"":7.0,""p"":0.001,""r"":7.0}","{""obs_mistake_mask=E"":1}"
      3072,         2,         0,   0.463,correlated_pymatching,2919daae83c4bb355497b537b8eb3fa0541c9a74ae42f34c983947fa1bd75892,"{""d"":7.0,""p"":0.001,""r"":7.0}","{""obs_mistake_mask=E"":2}"
      4096,         0,         0,   0.495,correlated_pymatching,d821558028d0b71fbf8148e27be7c074e0e8b72611fd5ff402120f6913a24690,"{""d"":7.0,""p"":0.00046415888336127773,""r"":7.0}",
      4096,         2,         0,   0.513,correlated_pymatching,d821558028d0b71fbf8148e27be7c074e0e8b72611fd5ff402120f6913a24690,"{""d"":7.0,""p"":0.00046415888336127773,""r"":7.0}","{""obs_mistake_mask=E"":2}"
      5120,         0,         0,   0.592,correlated_pymatching,e020dd2c32c8d7bf6cffbce0be23bba9cdcadc6767681b343d85a6541ef25767,"{""d"":7.0,""p"":0.00021544346900318845,""r"":7.0}",
      4096,         1,         0,   0.603,correlated_pymatching,2919daae83c4bb355497b537b8eb3fa0541c9a74ae42f34c983947fa1bd75892,"{""d"":7.0,""p"":0.001,""r"":7.0}","{""obs_mistake_mask=E"":1}"
      4096,         5,         0,   0.616,correlated_pymatching,2919daae83c4bb355497b537b8eb3fa0541c9a74ae42f34c983947fa1bd75892,"{""d"":7.0,""p"":0.001,""r"":7.0}","{""obs_mistake_mask=E"":5}"
      5120,         0,         0,   0.620,correlated_pymatching,d821558028d0b71fbf8148e27be7c074e0e8b72611fd5ff402120f6913a24690,"{""d"":7.0,""p"":0.00046415888336127773,""r"":7.0}",
     57344,         0,         0,    6.05,correlated_pymatching,3da66f42efe4b9ee8b75f8d643d901a11e2bc0d91db4c5f0c0317ddd420e34a5,"{""d"":7.0,""p"":0.0001,""r"":7.0}",
      5120,         0,         0,   0.642,correlated_pymatching,d821558028d0b71fbf8148e27be7c074e0e8b72611fd5ff402120f6913a24690,"{""d"":7.0,""p"":0.00046415888336127773,""r"":7.0}",
     54272,         0,         0,    5.98,correlated_pymatching,e020dd2c32c8d7bf6cffbce0be23bba9cdcadc6767681b343d85a6541ef25767,"{""d"":7.0,""p"":0.00021544346900318845,""r"":7.0}",
     40960,        17,         0,    5.99,correlated_pymatching,2919daae83c4bb355497b537b8eb3fa0541c9a74ae42f34c983947fa1bd75892,"{""d"":7.0,""p"":0.001,""r"":7.0}","{""obs_mistake_mask=E"":17}"
     48128,         2,         0,    6.01,correlated_pymatching,d821558028d0b71fbf8148e27be7c074e0e8b72611fd5ff402120f6913a24690,"{""d"":7.0,""p"":0.00046415888336127773,""r"":7.0}","{""obs_mistake_mask=E"":2}"
      7168,         0,         0,   0.822,correlated_pymatching,e020dd2c32c8d7bf6cffbce0be23bba9cdcadc6767681b343d85a6541ef25767,"{""d"":7.0,""p"":0.00021544346900318845,""r"":7.0}",
      6144,         2,         0,   0.904,correlated_pymatching,2919daae83c4bb355497b537b8eb3fa0541c9a74ae42f34c983947fa1bd75892,"{""d"":7.0,""p"":0.001,""r"":7.0}","{""obs_mistake_mask=E"":2}"
      7168,         0,         0,   0.864,correlated_pymatching,d821558028d0b71fbf8148e27be7c074e0e8b72611fd5ff402120f6913a24690,"{""d"":7.0,""p"":0.00046415888336127773,""r"":7.0}",
      6144,         4,         0,   0.924,correlated_pymatching,2919daae83c4bb355497b537b8eb3fa0541c9a74ae42f34c983947fa1bd75892,"{""d"":7.0,""p"":0.001,""r"":7.0}","{""obs_mistake_mask=E"":4}"
      7168,         0,         0,   0.897,correlated_pymatching,d821558028d0b71fbf8148e27be7c074e0e8b72611fd5ff402120f6913a24690,"{""d"":7.0,""p"":0.00046415888336127773,""r"":7.0}",
    149504,         0,         0,    5.97,correlated_pymatching,745961ec464dc090b9d2800818153a5191b18eda07e56d80217194f95b8f8bbd,"{""d"":5.0,""p"":0.0001,""r"":5.0}",
    142336,         6,         0,    5.98,correlated_pymatching,2e5e2e3e7a74d8ea5dcf398c0972d0c2503acf1083ae9653707b46510d0c62ea,"{""d"":5.0,""p"":0.00021544346900318845,""r"":5.0}","{""obs_mistake_mask=E"":6}"
     10240,         0,         0,    1.18,correlated_pymatching,e020dd2c32c8d7bf6cffbce0be23bba9cdcadc6767681b343d85a6541ef25767,"{""d"":7.0,""p"":0.00021544346900318845,""r"":7.0}",
      9216,         0,         0,    1.11,correlated_pymatching,d821558028d0b71fbf8148e27be7c074e0e8b72611fd5ff402120f6913a24690,"{""d"":7.0,""p"":0.00046415888336127773,""r"":7.0}",
      8192,         5,         0,    1.20,correlated_pymatching,2919daae83c4bb355497b537b8eb3fa0541c9a74ae42f34c983947fa1bd75892,"{""d"":7.0,""p"":0.001,""r"":7.0}","{""obs_mistake_mask=E"":5}"
      9216,         0,         0,    1.17,correlated_pymatching,d821558028d0b71fbf8148e27be7c074e0e8b72611fd5ff402120f6913a24690,"{""d"":7.0,""p"":0.00046415888336127773,""r"":7.0}",
      8192,         3,         0,    1.37,correlated_pymatching,2919daae83c4bb355497b537b8eb3fa0541c9a74ae42f34c983947fa1bd75892,"{""d"":7.0,""p"":0.001,""r"":7.0}","{""obs_mistake_mask=E"":3}"
    142336,         6,         0,    5.98,correlated_pymatching,2e5e2e3e7a74d8ea5dcf398c0972d0c2503acf1083ae9653707b46510d0c62ea,"{""d"":5.0,""p"":0.00021544346900318845,""r"":5.0}","{""obs_mistake_mask=E"":6}"
    149504,         0,         0,    6.00,correlated_pymatching,745961ec464dc090b9d2800818153a5191b18eda07e56d80217194f95b8f8bbd,"{""d"":5.0,""p"":0.0001,""r"":5.0}",
     13312,         0,         0,    1.58,correlated_pymatching,e020dd2c32c8d7bf6cffbce0be23bba9cdcadc6767681b343d85a6541ef25767,"{""d"":7.0,""p"":0.00021544346900318845,""r"":7.0}",
     52224,         0,         0,    6.00,correlated_pymatching,e020dd2c32c8d7bf6cffbce0be23bba9cdcadc6767681b343d85a6541ef25767,"{""d"":7.0,""p"":0.00021544346900318845,""r"":7.0}",
     11264,         5,         0,    1.66,correlated_pymatching,2919daae83c4bb355497b537b8eb3fa0541c9a74ae42f34c983947fa1bd75892,"{""d"":7.0,""p"":0.001,""r"":7.0}","{""obs_mistake_mask=E"":5}"
     12288,         0,         0,    1.72,correlated_pymatching,d821558028d0b71fbf8148e27be7c074e0e8b72611fd5ff402120f6913a24690,"{""d"":7.0,""p"":0.00046415888336127773,""r"":7.0}",
     57344,         0,         0,    6.06,correlated_pymatching,3da66f42efe4b9ee8b75f8d643d901a11e2bc0d91db4c5f0c0317ddd420e34a5,"{""d"":7.0,""p"":0.0001,""r"":7.0}",
     40960,        10,         0,    5.98,correlated_pymatching,2919daae83c4bb355497b537b8eb3fa0541c9a74ae42f34c983947fa1bd75892,"{""d"":7.0,""p"":0.001,""r"":7.0}","{""obs_mistake_mask=E"":10}"
     55296,         0,         0,    6.00,correlated_pymatching,3da66f42efe4b9ee8b75f8d643d901a11e2bc0d91db4c5f0c0317ddd420e34a5,"{""d"":7.0,""p"":0.0001,""r"":7.0}",
     13312,         1,         0,    1.66,correlated_pymatching,d821558028d0b71fbf8148e27be7c074e0e8b72611fd5ff402120f6913a24690,"{""d"":7.0,""p"":0.00046415888336127773,""r"":7.0}","{""obs_mistake_mask=E"":1}"
     48128,         0,         0,    6.03,correlated_pymatching,d821558028d0b71fbf8148e27be7c074e0e8b72611fd5ff402120f6913a24690,"{""d"":7.0,""p"":0.00046415888336127773,""r"":7.0}",
     11264,         2,         0,    1.70,correlated_pymatching,2919daae83c4bb355497b537b8eb3fa0541c9a74ae42f34c983947fa1bd75892,"{""d"":7.0,""p"":0.001,""r"":7.0}","{""obs_mistake_mask=E"":2}"
    207872,         1,         0,    8.37,correlated_pymatching,745961ec464dc090b9d2800818153a5191b18eda07e56d80217194f95b8f8bbd,"{""d"":5.0,""p"":0.0001,""r"":5.0}","{""obs_mistake_mask=E"":1}"
    199680,        11,         0,    8.36,correlated_pymatching,2e5e2e3e7a74d8ea5dcf398c0972d0c2503acf1083ae9653707b46510d0c62ea,"{""d"":5.0,""p"":0.00021544346900318845,""r"":5.0}","{""obs_mistake_mask=E"":11}"
    197632,         3,         0,    8.35,correlated_pymatching,2e5e2e3e7a74d8ea5dcf398c0972d0c2503acf1083ae9653707b46510d0c62ea,"{""d"":5.0,""p"":0.00021544346900318845,""r"":5.0}","{""obs_mistake_mask=E"":3}"
    207872,         1,         0,    8.37,correlated_pymatching,745961ec464dc090b9d2800818153a5191b18eda07e56d80217194f95b8f8bbd,"{""d"":5.0,""p"":0.0001,""r"":5.0}","{""obs_mistake_mask=E"":1}"
     19456,         0,         0,    2.23,correlated_pymatching,e020dd2c32c8d7bf6cffbce0be23bba9cdcadc6767681b343d85a6541ef25767,"{""d"":7.0,""p"":0.00021544346900318845,""r"":7.0}",
     14336,         0,         0,    2.22,correlated_pymatching,d821558028d0b71fbf8148e27be7c074e0e8b72611fd5ff402120f6913a24690,"{""d"":7.0,""p"":0.00046415888336127773,""r"":7.0}",
     15360,         5,         0,    2.26,correlated_pymatching,2919daae83c4bb355497b537b8eb3fa0541c9a74ae42f34c983947fa1bd75892,"{""d"":7.0,""p"":0.001,""r"":7.0}","{""obs_mistake_mask=E"":5}"
     18432,         0,         0,    2.30,correlated_pymatching,d821558028d0b71fbf8148e27be7c074e0e8b72611fd5ff402120f6913a24690,"{""d"":7.0,""p"":0.00046415888336127773,""r"":7.0}",
     75776,         1,         0,    8.43,correlated_pymatching,e020dd2c32c8d7bf6cffbce0be23bba9cdcadc6767681b343d85a6541ef25767,"{""d"":7.0,""p"":0.00021544346900318845,""r"":7.0}","{""obs_mistake_mask=E"":1}"
     15360,        10,         0,    2.32,correlated_pymatching,2919daae83c4bb355497b537b8eb3fa0541c9a74ae42f34c983947fa1bd75892,"{""d"":7.0,""p"":0.001,""r"":7.0}","{""obs_mistake_mask=E"":10}"
     69632,         3,         0,    8.43,correlated_pymatching,d821558028d0b71fbf8148e27be7c074e0e8b72611fd5ff402120f6913a24690,"{""d"":7.0,""p"":0.00046415888336127773,""r"":7.0}","{""obs_mistake_mask=E"":3}"
     79872,         0,         0,    8.47,correlated_pymatching,3da66f42efe4b9ee8b75f8d643d901a11e2bc0d91db4c5f0c0317ddd420e34a5,"{""d"":7.0,""p"":0.0001,""r"":7.0}",
     57344,        21,         0,    8.40,correlated_pymatching,2919daae83c4bb355497b537b8eb3fa0541c9a74ae42f34c983947fa1bd75892,"{""d"":7.0,""p"":0.001,""r"":7.0}","{""obs_mistake_mask=E"":21}"
     72704,         0,         0,    8.37,correlated_pymatching,e020dd2c32c8d7bf6cffbce0be23bba9cdcadc6767681b343d85a6541ef25767,"{""d"":7.0,""p"":0.00021544346900318845,""r"":7.0}",
     76800,         0,         0,    8.43,correlated_pymatching,3da66f42efe4b9ee8b75f8d643d901a11e2bc0d91db4c5f0c0317ddd420e34a5,"{""d"":7.0,""p"":0.0001,""r"":7.0}",
     67584,         0,         0,    8.48,correlated_pymatching,d821558028d0b71fbf8148e27be7c074e0e8b72611fd5ff402120f6913a24690,"{""d"":7.0,""p"":0.00046415888336127773,""r"":7.0}",
    208896,         1,         0,    8.36,correlated_pymatching,745961ec464dc090b9d2800818153a5191b18eda07e56d80217194f95b8f8bbd,"{""d"":5.0,""p"":0.0001,""r"":5.0}","{""obs_mistake_mask=E"":1}"
    182272,         6,         0,    8.38,correlated_pymatching,2e5e2e3e7a74d8ea5dcf398c0972d0c2503acf1083ae9653707b46510d0c62ea,"{""d"":5.0,""p"":0.00021544346900318845,""r"":5.0}","{""obs_mistake_mask=E"":6}"
     55296,        11,         0,    8.41,correlated_pymatching,2919daae83c4bb355497b537b8eb3fa0541c9a74ae42f34c983947fa1bd75892,"{""d"":7.0,""p"":0.001,""r"":7.0}","{""obs_mistake_mask=E"":11}"
     78848,         0,         0,    8.40,correlated_pymatching,3da66f42efe4b9ee8b75f8d643d901a11e2bc0d91db4c5f0c0317ddd420e34a5,"{""d"":7.0,""p"":0.0001,""r"":7.0}",
     75776,         0,         0,    8.51,correlated_pymatching,e020dd2c32c8d7bf6cffbce0be23bba9cdcadc6767681b343d85a6541ef25767,"{""d"":7.0,""p"":0.00021544346900318845,""r"":7.0}",
     26624,         0,         0,    3.06,correlated_pymatching,e020dd2c32c8d7bf6cffbce0be23bba9cdcadc6767681b343d85a6541ef25767,"{""d"":7.0,""p"":0.00021544346900318845,""r"":7.0}",
     66560,         2,         0,    8.43,correlated_pymatching,d821558028d0b71fbf8148e27be7c074e0e8b72611fd5ff402120f6913a24690,"{""d"":7.0,""p"":0.00046415888336127773,""r"":7.0}","{""obs_mistake_mask=E"":2}"
     57344,        15,         0,    8.48,correlated_pymatching,2919daae83c4bb355497b537b8eb3fa0541c9a74ae42f34c983947fa1bd75892,"{""d"":7.0,""p"":0.001,""r"":7.0}","{""obs_mistake_mask=E"":15}"
     24576,         0,         0,    3.09,correlated_pymatching,d821558028d0b71fbf8148e27be7c074e0e8b72611fd5ff402120f6913a24690,"{""d"":7.0,""p"":0.00046415888336127773,""r"":7.0}",
     20480,         8,         0,    3.15,correlated_pymatching,2919daae83c4bb355497b537b8eb3fa0541c9a74ae42f34c983947fa1bd75892,"{""d"":7.0,""p"":0.001,""r"":7.0}","{""obs_mistake_mask=E"":8}"
     24576,         0,         0,    3.10,correlated_pymatching,d821558028d0b71fbf8148e27be7c074e0e8b72611fd5ff402120f6913a24690,"{""d"":7.0,""p"":0.00046415888336127773,""r"":7.0}",
     20480,         4,         0,    3.09,correlated_pymatching,2919daae83c4bb355497b537b8eb3fa0541c9a74ae42f34c983947fa1bd75892,"{""d"":7.0,""p"":0.001,""r"":7.0}","{""obs_mistake_mask=E"":4}"
    207872,         0,         0,    8.36,correlated_pymatching,745961ec464dc090b9d2800818153a5191b18eda07e56d80217194f95b8f8bbd,"{""d"":5.0,""p"":0.0001,""r"":5.0}",
    196608,         7,         0,    8.37,correlated_pymatching,2e5e2e3e7a74d8ea5dcf398c0972d0c2503acf1083ae9653707b46510d0c62ea,"{""d"":5.0,""p"":0.00021544346900318845,""r"":5.0}","{""obs_mistake_mask=E"":7}"
    106793,         1,         0,    4.33,correlated_pymatching,745961ec464dc090b9d2800818153a5191b18eda07e56d80217194f95b8f8bbd,"{""d"":5.0,""p"":0.0001,""r"":5.0}","{""obs_mistake_mask=E"":1}"
    178176,         0,         0,    7.16,correlated_pymatching,745961ec464dc090b9d2800818153a5191b18eda07e56d80217194f95b8f8bbd,"{""d"":5.0,""p"":0.0001,""r"":5.0}",
     66560,         0,         0,    2.67,correlated_pymatching,745961ec464dc090b9d2800818153a5191b18eda07e56d80217194f95b8f8bbd,"{""d"":5.0,""p"":0.0001,""r"":5.0}",
    115598,         1,         0,    4.65,correlated_pymatching,745961ec464dc090b9d2800818153a5191b18eda07e56d80217194f95b8f8bbd,"{""d"":5.0,""p"":0.0001,""r"":5.0}","{""obs_mistake_mask=E"":1}"
     13134,         0,         0,   0.533,correlated_pymatching,745961ec464dc090b9d2800818153a5191b18eda07e56d80217194f95b8f8bbd,"{""d"":5.0,""p"":0.0001,""r"":5.0}",
     10507,         0,         0,   0.461,correlated_pymatching,745961ec464dc090b9d2800818153a5191b18eda07e56d80217194f95b8f8bbd,"{""d"":5.0,""p"":0.0001,""r"":5.0}",
     10507,         0,         0,   0.448,correlated_pymatching,745961ec464dc090b9d2800818153a5191b18eda07e56d80217194f95b8f8bbd,"{""d"":5.0,""p"":0.0001,""r"":5.0}",
     10240,         0,         0,   0.419,correlated_pymatching,745961ec464dc090b9d2800818153a5191b18eda07e56d80217194f95b8f8bbd,"{""d"":5.0,""p"":0.0001,""r"":5.0}",
     10240,         0,         0,   0.420,correlated_pymatching,745961ec464dc090b9d2800818153a5191b18eda07e56d80217194f95b8f8bbd,"{""d"":5.0,""p"":0.0001,""r"":5.0}",
       267,         0,         0,   0.038,correlated_pymatching,745961ec464dc090b9d2800818153a5191b18eda07e56d80217194f95b8f8bbd,"{""d"":5.0,""p"":0.0001,""r"":5.0}",
      3072,         0,         0,   0.127,correlated_pymatching,745961ec464dc090b9d2800818153a5191b18eda07e56d80217194f95b8f8bbd,"{""d"":5.0,""p"":0.0001,""r"":5.0}",
       267,         0,         0,   0.044,correlated_pymatching,745961ec464dc090b9d2800818153a5191b18eda07e56d80217194f95b8f8bbd,"{""d"":5.0,""p"":0.0001,""r"":5.0}",
       711,         0,         0,   0.040,correlated_pymatching,745961ec464dc090b9d2800818153a5191b18eda07e56d80217194f95b8f8bbd,"{""d"":5.0,""p"":0.0001,""r"":5.0}",
      1541,         0,         0,   0.084,correlated_pymatching,745961ec464dc090b9d2800818153a5191b18eda07e56d80217194f95b8f8bbd,"{""d"":5.0,""p"":0.0001,""r"":5.0}",
       559,         0,         0,   0.039,correlated_pymatching,745961ec464dc090b9d2800818153a5191b18eda07e56d80217194f95b8f8bbd,"{""d"":5.0,""p"":0.0001,""r"":5.0}",
      1037,         0,         0,   0.086,correlated_pymatching,745961ec464dc090b9d2800818153a5191b18eda07e56d80217194f95b8f8bbd,"{""d"":5.0,""p"":0.0001,""r"":5.0}",
      1037,         0,         0,   0.084,correlated_pymatching,745961ec464dc090b9d2800818153a5191b18eda07e56d80217194f95b8f8bbd,"{""d"":5.0,""p"":0.0001,""r"":5.0}",
      1037,         0,         0,   0.085,correlated_pymatching,745961ec464dc090b9d2800818153a5191b18eda07e56d80217194f95b8f8bbd,"{""d"":5.0,""p"":0.0001,""r"":5.0}",
      1024,         0,         0,   0.041,correlated_pymatching,745961ec464dc090b9d2800818153a5191b18eda07e56d80217194f95b8f8bbd,"{""d"":5.0,""p"":0.0001,""r"":5.0}",
       478,         0,         0,   0.038,correlated_pymatching,745961ec464dc090b9d2800818153a5191b18eda07e56d80217194f95b8f8bbd,"{""d"":5.0,""p"":0.0001,""r"":5.0}",
        10,         0,         0,   0.046,correlated_pymatching,745961ec464dc090b9d2800818153a5191b18eda07e56d80217194f95b8f8bbd,"{""d"":5.0,""p"":0.0001,""r"":5.0}",
    187392,         9,         0,    7.87,correlated_pymatching,2e5e2e3e7a74d8ea5dcf398c0972d0c2503acf1083ae9653707b46510d0c62ea,"{""d"":5.0,""p"":0.00021544346900318845,""r"":5.0}","{""obs_mistake_mask=E"":9}"
    119808,         4,         0,    5.06,correlated_pymatching,2e5e2e3e7a74d8ea5dcf398c0972d0c2503acf1083ae9653707b46510d0c62ea,"{""d"":5.0,""p"":0.00021544346900318845,""r"":5.0}","{""obs_mistake_mask=E"":4}"
    125952,         2,         0,    5.27,correlated_pymatching,2e5e2e3e7a74d8ea5dcf398c0972d0c2503acf1083ae9653707b46510d0c62ea,"{""d"":5.0,""p"":0.00021544346900318845,""r"":5.0}","{""obs_mistake_mask=E"":2}"
         1,         0,         0,   0.037,correlated_pymatching,2e5e2e3e7a74d8ea5dcf398c0972d0c2503acf1083ae9653707b46510d0c62ea,"{""d"":5.0,""p"":0.00021544346900318845,""r"":5.0}",
        16,         0,         0,   0.038,correlated_pymatching,2e5e2e3e7a74d8ea5dcf398c0972d0c2503acf1083ae9653707b46510d0c62ea,"{""d"":5.0,""p"":0.00021544346900318845,""r"":5.0}",
       128,         0,         0,   0.038,correlated_pymatching,2e5e2e3e7a74d8ea5dcf398c0972d0c2503acf1083ae9653707b46510d0c62ea,"{""d"":5.0,""p"":0.00021544346900318845,""r"":5.0}",
      1024,         0,         0,   0.044,correlated_pymatching,2e5e2e3e7a74d8ea5dcf398c0972d0c2503acf1083ae9653707b46510d0c62ea,"{""d"":5.0,""p"":0.00021544346900318845,""r"":5.0}",
         1,         0,         0,   0.102,correlated_pymatching,e020dd2c32c8d7bf6cffbce0be23bba9cdcadc6767681b343d85a6541ef25767,"{""d"":7.0,""p"":0.00021544346900318845,""r"":7.0}",
         1,         0,         0,   0.107,correlated_pymatching,3da66f42efe4b9ee8b75f8d643d901a11e2bc0d91db4c5f0c0317ddd420e34a5,"{""d"":7.0,""p"":0.0001,""r"":7.0}",
         1,         0,         0,   0.104,correlated_pymatching,e020dd2c32c8d7bf6cffbce0be23bba9cdcadc6767681b343d85a6541ef25767,"{""d"":7.0,""p"":0.00021544346900318845,""r"":7.0}",
         1,         0,         0,   0.105,correlated_pymatching,3da66f42efe4b9ee8b75f8d643d901a11e2bc0d91db4c5f0c0317ddd420e34a5,"{""d"":7.0,""p"":0.0001,""r"":7.0}",
      1024,         0,         0,   0.044,correlated_pymatching,2e5e2e3e7a74d8ea5dcf398c0972d0c2503acf1083ae9653707b46510d0c62ea,"{""d"":5.0,""p"":0.00021544346900318845,""r"":5.0}",
         4,         0,         0,   0.100,correlated_pymatching,e020dd2c32c8d7bf6cffbce0be23bba9cdcadc6767681b343d85a6541ef25767,"{""d"":7.0,""p"":0.00021544346900318845,""r"":7.0}",
         4,         0,         0,   0.101,correlated_pymatching,3da66f42efe4b9ee8b75f8d643d901a11e2bc0d91db4c5f0c0317ddd420e34a5,"{""d"":7.0,""p"":0.0001,""r"":7.0}",
         4,         0,         0,   0.101,correlated_pymatching,e020dd2c32c8d7bf6cffbce0be23bba9cdcadc6767681b343d85a6541ef25767,"{""d"":7.0,""p"":0.00021544346900318845,""r"":7.0}",
         4,         0,         0,   0.100,correlated_pymatching,3da66f42efe4b9ee8b75f8d643d901a11e2bc0d91db4c5f0c0317ddd420e34a5,"{""d"":7.0,""p"":0.0001,""r"":7.0}",
      2048,         1,         0,   0.088,correlated_pymatching,2e5e2e3e7a74d8ea5dcf398c0972d0c2503acf1083ae9653707b46510d0c62ea,"{""d"":5.0,""p"":0.00021544346900318845,""r"":5.0}","{""obs_mistake_mask=E"":1}"
       317,         0,         0,   0.039,correlated_pymatching,2e5e2e3e7a74d8ea5dcf398c0972d0c2503acf1083ae9653707b46510d0c62ea,"{""d"":5.0,""p"":0.00021544346900318845,""r"":5.0}",
     76800,         5,         0,    3.66,correlated_pymatching,2e5e2e3e7a74d8ea5dcf398c0972d0c2503acf1083ae9653707b46510d0c62ea,"{""d"":5.0,""p"":0.00021544346900318845,""r"":5.0}","{""obs_mistake_mask=E"":5}"
        16,         0,         0,   0.100,correlated_pymatching,3da66f42efe4b9ee8b75f8d643d901a11e2bc0d91db4c5f0c0317ddd420e34a5,"{""d"":7.0,""p"":0.0001,""r"":7.0}",
        16,         0,         0,   0.099,correlated_pymatching,e020dd2c32c8d7bf6cffbce0be23bba9cdcadc6767681b343d85a6541ef25767,"{""d"":7.0,""p"":0.00021544346900318845,""r"":7.0}",
      8284,         0,         0,   0.387,correlated_pymatching,2e5e2e3e7a74d8ea5dcf398c0972d0c2503acf1083ae9653707b46510d0c62ea,"{""d"":5.0,""p"":0.00021544346900318845,""r"":5.0}",
        16,         0,         0,   0.137,correlated_pymatching,e020dd2c32c8d7bf6cffbce0be23bba9cdcadc6767681b343d85a6541ef25767,"{""d"":7.0,""p"":0.00021544346900318845,""r"":7.0}",
        16,         0,         0,   0.137,correlated_pymatching,3da66f42efe4b9ee8b75f8d643d901a11e2bc0d91db4c5f0c0317ddd420e34a5,"{""d"":7.0,""p"":0.0001,""r"":7.0}",
      2048,         0,         0,   0.092,correlated_pymatching,2e5e2e3e7a74d8ea5dcf398c0972d0c2503acf1083ae9653707b46510d0c62ea,"{""d"":5.0,""p"":0.00021544346900318845,""r"":5.0}",
        64,         0,         0,   0.102,correlated_pymatching,3da66f42efe4b9ee8b75f8d643d901a11e2bc0d91db4c5f0c0317ddd420e34a5,"{""d"":7.0,""p"":0.0001,""r"":7.0}",
        64,         0,         0,   0.102,correlated_pymatching,e020dd2c32c8d7bf6cffbce0be23bba9cdcadc6767681b343d85a6541ef25767,"{""d"":7.0,""p"":0.00021544346900318845,""r"":7.0}",
        64,         0,         0,   0.100,correlated_pymatching,e020dd2c32c8d7bf6cffbce0be23bba9cdcadc6767681b343d85a6541ef25767,"{""d"":7.0,""p"":0.00021544346900318845,""r"":7.0}",
        64,         0,         0,   0.101,correlated_pymatching,3da66f42efe4b9ee8b75f8d643d901a11e2bc0d91db4c5f0c0317ddd420e34a5,"{""d"":7.0,""p"":0.0001,""r"":7.0}",
       256,         0,         0,   0.106,correlated_pymatching,3da66f42efe4b9ee8b75f8d643d901a11e2bc0d91db4c5f0c0317ddd420e34a5,"{""d"":7.0,""p"":0.0001,""r"":7.0}",
       256,         0,         0,   0.106,correlated_pymatching,e020dd2c32c8d7bf6cffbce0be23bba9cdcadc6767681b343d85a6541ef25767,"{""d"":7.0,""p"":0.00021544346900318845,""r"":7.0}",
       256,         0,         0,   0.104,correlated_pymatching,e020dd2c32c8d7bf6cffbce0be23bba9cdcadc6767681b343d85a6541ef25767,"{""d"":7.0,""p"":0.00021544346900318845,""r"":7.0}",
      4096,         0,         0,   0.175,correlated_pymatching,2e5e2e3e7a74d8ea5dcf398c0972d0c2503acf1083ae9653707b46510d0c62ea,"{""d"":5.0,""p"":0.00021544346900318845,""r"":5.0}",
       256,         0,         0,   0.102,correlated_pymatching,3da66f42efe4b9ee8b75f8d643d901a11e2bc0d91db4c5f0c0317ddd420e34a5,"{""d"":7.0,""p"":0.0001,""r"":7.0}",
      1024,         0,         0,   0.116,correlated_pymatching,3da66f42efe4b9ee8b75f8d643d901a11e2bc0d91db4c5f0c0317ddd420e34a5,"{""d"":7.0,""p"":0.0001,""r"":7.0}",
      1024,         0,         0,   0.121,correlated_pymatching,e020dd2c32c8d7bf6cffbce0be23bba9cdcadc6767681b343d85a6541ef25767,"{""d"":7.0,""p"":0.00021544346900318845,""r"":7.0}",
      1024,         0,         0,   0.119,correlated_pymatching,e020dd2c32c8d7bf6cffbce0be23bba9cdcadc6767681b343d85a6541ef25767,"{""d"":7.0,""p"":0.00021544346900318845,""r"":7.0}",
      1024,         0,         0,   0.113,correlated_pymatching,3da66f42efe4b9ee8b75f8d643d901a11e2bc0d91db4c5f0c0317ddd420e34a5,"{""d"":7.0,""p"":0.0001,""r"":7.0}",
     18524,         1,         0,   0.828,correlated_pymatching,2e5e2e3e7a74d8ea5dcf398c0972d0c2503acf1083ae9653707b46510d0c62ea,"{""d"":5.0,""p"":0.00021544346900318845,""r"":5.0}","{""obs_mistake_mask=E"":1}"
     39936,         2,         0,    1.68,correlated_pymatching,2e5e2e3e7a74d8ea5dcf398c0972d0c2503acf1083ae9653707b46510d0c62ea,"{""d"":5.0,""p"":0.00021544346900318845,""r"":5.0}","{""obs_mistake_mask=E"":2}"
      1024,         0,         0,   0.114,correlated_pymatching,3da66f42efe4b9ee8b75f8d643d901a11e2bc0d91db4c5f0c0317ddd420e34a5,"{""d"":7.0,""p"":0.0001,""r"":7.0}",
      1024,         0,         0,   0.118,correlated_pymatching,e020dd2c32c8d7bf6cffbce0be23bba9cdcadc6767681b343d85a6541ef25767,"{""d"":7.0,""p"":0.00021544346900318845,""r"":7.0}",
      5120,         0,         0,   0.219,correlated_pymatching,2e5e2e3e7a74d8ea5dcf398c0972d0c2503acf1083ae9653707b46510d0c62ea,"{""d"":5.0,""p"":0.00021544346900318845,""r"":5.0}",
      1024,         0,         0,   0.119,correlated_pymatching,e020dd2c32c8d7bf6cffbce0be23bba9cdcadc6767681b343d85a6541ef25767,"{""d"":7.0,""p"":0.00021544346900318845,""r"":7.0}",
      1024,         0,         0,   0.115,correlated_pymatching,3da66f42efe4b9ee8b75f8d643d901a11e2bc0d91db4c5f0c0317ddd420e34a5,"{""d"":7.0,""p"":0.0001,""r"":7.0}",
      1024,         0,         0,   0.112,correlated_pymatching,3da66f42efe4b9ee8b75f8d643d901a11e2bc0d91db4c5f0c0317ddd420e34a5,"{""d"":7.0,""p"":0.0001,""r"":7.0}",
      1024,         0,         0,   0.116,correlated_pymatching,e020dd2c32c8d7bf6cffbce0be23bba9cdcadc6767681b343d85a6541ef25767,"{""d"":7.0,""p"":0.00021544346900318845,""r"":7.0}",
      1024,         0,         0,   0.113,correlated_pymatching,3da66f42efe4b9ee8b75f8d643d901a11e2bc0d91db4c5f0c0317ddd420e34a5,"{""d"":7.0,""p"":0.0001,""r"":7.0}",
      1024,         0,         0,   0.118,correlated_pymatching,e020dd2c32c8d7bf6cffbce0be23bba9cdcadc6767681b343d85a6541ef25767,"{""d"":7.0,""p"":0.00021544346900318845,""r"":7.0}",
     24841,         1,         0,    1.08,correlated_pymatching,2e5e2e3e7a74d8ea5dcf398c0972d0c2503acf1083ae9653707b46510d0c62ea,"{""d"":5.0,""p"":0.00021544346900318845,""r"":5.0}","{""obs_mistake_mask=E"":1}"
     15360,         0,         0,   0.684,correlated_pymatching,2e5e2e3e7a74d8ea5dcf398c0972d0c2503acf1083ae9653707b46510d0c62ea,"{""d"":5.0,""p"":0.00021544346900318845,""r"":5.0}",
     16384,         0,         0,   0.690,correlated_pymatching,2e5e2e3e7a74d8ea5dcf398c0972d0c2503acf1083ae9653707b46510d0c62ea,"{""d"":5.0,""p"":0.00021544346900318845,""r"":5.0}",
      5574,         0,         0,   0.258,correlated_pymatching,2e5e2e3e7a74d8ea5dcf398c0972d0c2503acf1083ae9653707b46510d0c62ea,"{""d"":5.0,""p"":0.00021544346900318845,""r"":5.0}",
      7168,         0,         0,   0.303,correlated_pymatching,2e5e2e3e7a74d8ea5dcf398c0972d0c2503acf1083ae9653707b46510d0c62ea,"{""d"":5.0,""p"":0.00021544346900318845,""r"":5.0}",
      7168,         1,         0,   0.313,correlated_pymatching,2e5e2e3e7a74d8ea5dcf398c0972d0c2503acf1083ae9653707b46510d0c62ea,"{""d"":5.0,""p"":0.00021544346900318845,""r"":5.0}","{""obs_mistake_mask=E"":1}"
      2048,         0,         0,   0.226,correlated_pymatching,3da66f42efe4b9ee8b75f8d643d901a11e2bc0d91db4c5f0c0317ddd420e34a5,"{""d"":7.0,""p"":0.0001,""r"":7.0}",
      2048,         0,         0,   0.233,correlated_pymatching,e020dd2c32c8d7bf6cffbce0be23bba9cdcadc6767681b343d85a6541ef25767,"{""d"":7.0,""p"":0.00021544346900318845,""r"":7.0}",
      2048,         0,         0,   0.222,correlated_pymatching,3da66f42efe4b9ee8b75f8d643d901a11e2bc0d91db4c5f0c0317ddd420e34a5,"{""d"":7.0,""p"":0.0001,""r"":7.0}",
      2048,         0,         0,   0.234,correlated_pymatching,e020dd2c32c8d7bf6cffbce0be23bba9cdcadc6767681b343d85a6541ef25767,"{""d"":7.0,""p"":0.00021544346900318845,""r"":7.0}",
      2756,         0,         0,   0.129,correlated_pymatching,2e5e2e3e7a74d8ea5dcf398c0972d0c2503acf1083ae9653707b46510d0c62ea,"{""d"":5.0,""p"":0.00021544346900318845,""r"":5.0}",
      3532,         0,         0,   0.176,correlated_pymatching,2e5e2e3e7a74d8ea5dcf398c0972d0c2503acf1083ae9653707b46510d0c62ea,"{""d"":5.0,""p"":0.00021544346900318845,""r"":5.0}",
     73728,         0,         0,    8.48,correlated_pymatching,e020dd2c32c8d7bf6cffbce0be23bba9cdcadc6767681b343d85a6541ef25767,"{""d"":7.0,""p"":0.00021544346900318845,""r"":7.0}",
      5120,         0,         0,   0.218,correlated_pymatching,2e5e2e3e7a74d8ea5dcf398c0972d0c2503acf1083ae9653707b46510d0c62ea,"{""d"":5.0,""p"":0.00021544346900318845,""r"":5.0}",
      4123,         0,         0,   0.220,correlated_pymatching,2e5e2e3e7a74d8ea5dcf398c0972d0c2503acf1083ae9653707b46510d0c62ea,"{""d"":5.0,""p"":0.00021544346900318845,""r"":5.0}",
      4096,         0,         0,   0.179,correlated_pymatching,2e5e2e3e7a74d8ea5dcf398c0972d0c2503acf1083ae9653707b46510d0c62ea,"{""d"":5.0,""p"":0.00021544346900318845,""r"":5.0}",
      3464,         0,         0,   0.178,correlated_pymatching,2e5e2e3e7a74d8ea5dcf398c0972d0c2503acf1083ae9653707b46510d0c62ea,"{""d"":5.0,""p"":0.00021544346900318845,""r"":5.0}",
        27,         0,         0,   0.038,correlated_pymatching,2e5e2e3e7a74d8ea5dcf398c0972d0c2503acf1083ae9653707b46510d0c62ea,"{""d"":5.0,""p"":0.00021544346900318845,""r"":5.0}",
     75776,         0,         0,    8.41,correlated_pymatching,3da66f42efe4b9ee8b75f8d643d901a11e2bc0d91db4c5f0c0317ddd420e34a5,"{""d"":7.0,""p"":0.0001,""r"":7.0}",
      1994,         0,         0,   0.096,correlated_pymatching,2e5e2e3e7a74d8ea5dcf398c0972d0c2503acf1083ae9653707b46510d0c62ea,"{""d"":5.0,""p"":0.00021544346900318845,""r"":5.0}",
       530,         0,         0,   0.047,correlated_pymatching,2e5e2e3e7a74d8ea5dcf398c0972d0c2503acf1083ae9653707b46510d0c62ea,"{""d"":5.0,""p"":0.00021544346900318845,""r"":5.0}",
      1312,         0,         0,   0.089,correlated_pymatching,2e5e2e3e7a74d8ea5dcf398c0972d0c2503acf1083ae9653707b46510d0c62ea,"{""d"":5.0,""p"":0.00021544346900318845,""r"":5.0}",
      2048,         0,         0,   0.227,correlated_pymatching,3da66f42efe4b9ee8b75f8d643d901a11e2bc0d91db4c5f0c0317ddd420e34a5,"{""d"":7.0,""p"":0.0001,""r"":7.0}",
       540,         0,         0,   0.047,correlated_pymatching,2e5e2e3e7a74d8ea5dcf398c0972d0c2503acf1083ae9653707b46510d0c62ea,"{""d"":5.0,""p"":0.00021544346900318845,""r"":5.0}",
      2048,         0,         0,   0.234,correlated_pymatching,e020dd2c32c8d7bf6cffbce0be23bba9cdcadc6767681b343d85a6541ef25767,"{""d"":7.0,""p"":0.00021544346900318845,""r"":7.0}",
      2048,         0,         0,   0.223,correlated_pymatching,3da66f42efe4b9ee8b75f8d643d901a11e2bc0d91db4c5f0c0317ddd420e34a5,"{""d"":7.0,""p"":0.0001,""r"":7.0}",
     77824,         0,         0,    8.47,correlated_pymatching,3da66f42efe4b9ee8b75f8d643d901a11e2bc0d91db4c5f0c0317ddd420e34a5,"{""d"":7.0,""p"":0.0001,""r"":7.0}",
      2048,         0,         0,   0.232,correlated_pymatching,e020dd2c32c8d7bf6cffbce0be23bba9cdcadc6767681b343d85a6541ef25767,"{""d"":7.0,""p"":0.00021544346900318845,""r"":7.0}",
     56320,        19,         0,    8.53,correlated_pymatching,2919daae83c4bb355497b537b8eb3fa0541c9a74ae42f34c983947fa1bd75892,"{""d"":7.0,""p"":0.001,""r"":7.0}","{""obs_mistake_mask=E"":19}"
     66560,         0,         0,    8.37,correlated_pymatching,d821558028d0b71fbf8148e27be7c074e0e8b72611fd5ff402120f6913a24690,"{""d"":7.0,""p"":0.00046415888336127773,""r"":7.0}",
         1,         0,         0,   0.106,correlated_pymatching,d821558028d0b71fbf8148e27be7c074e0e8b72611fd5ff402120f6913a24690,"{""d"":7.0,""p"":0.00046415888336127773,""r"":7.0}",
         1,         0,         0,   0.110,correlated_pymatching,2919daae83c4bb355497b537b8eb3fa0541c9a74ae42f34c983947fa1bd75892,"{""d"":7.0,""p"":0.001,""r"":7.0}",
         1,         0,         0,   0.104,correlated_pymatching,2919daae83c4bb355497b537b8eb3fa0541c9a74ae42f34c983947fa1bd75892,"{""d"":7.0,""p"":0.001,""r"":7.0}",
         1,         0,         0,   0.107,correlated_pymatching,3da66f42efe4b9ee8b75f8d643d901a11e2bc0d91db4c5f0c0317ddd420e34a5,"{""d"":7.0,""p"":0.0001,""r"":7.0}",
         1,         0,         0,   0.099,correlated_pymatching,e020dd2c32c8d7bf6cffbce0be23bba9cdcadc6767681b343d85a6541ef25767,"{""d"":7.0,""p"":0.00021544346900318845,""r"":7.0}",
         1,         0,         0,   0.105,correlated_pymatching,d821558028d0b71fbf8148e27be7c074e0e8b72611fd5ff402120f6913a24690,"{""d"":7.0,""p"":0.00046415888336127773,""r"":7.0}",
      3072,         0,         0,   0.340,correlated_pymatching,3da66f42efe4b9ee8b75f8d643d901a11e2bc0d91db4c5f0c0317ddd420e34a5,"{""d"":7.0,""p"":0.0001,""r"":7.0}",
         4,         0,         0,   0.107,correlated_pymatching,d821558028d0b71fbf8148e27be7c074e0e8b72611fd5ff402120f6913a24690,"{""d"":7.0,""p"":0.00046415888336127773,""r"":7.0}",
         4,         0,         0,   0.106,correlated_pymatching,2919daae83c4bb355497b537b8eb3fa0541c9a74ae42f34c983947fa1bd75892,"{""d"":7.0,""p"":0.001,""r"":7.0}",
         4,         0,         0,   0.099,correlated_pymatching,e020dd2c32c8d7bf6cffbce0be23bba9cdcadc6767681b343d85a6541ef25767,"{""d"":7.0,""p"":0.00021544346900318845,""r"":7.0}",
         4,         0,         0,   0.106,correlated_pymatching,2919daae83c4bb355497b537b8eb3fa0541c9a74ae42f34c983947fa1bd75892,"{""d"":7.0,""p"":0.001,""r"":7.0}",
         4,         0,         0,   0.106,correlated_pymatching,3da66f42efe4b9ee8b75f8d643d901a11e2bc0d91db4c5f0c0317ddd420e34a5,"{""d"":7.0,""p"":0.0001,""r"":7.0}",
      3072,         0,         0,   0.347,correlated_pymatching,3da66f42efe4b9ee8b75f8d643d901a11e2bc0d91db4c5f0c0317ddd420e34a5,"{""d"":7.0,""p"":0.0001,""r"":7.0}",
         4,         0,         0,   0.105,correlated_pymatching,d821558028d0b71fbf8148e27be7c074e0e8b72611fd5ff402120f6913a24690,"{""d"":7.0,""p"":0.00046415888336127773,""r"":7.0}",
      3072,         0,         0,   0.363,correlated_pymatching,e020dd2c32c8d7bf6cffbce0be23bba9cdcadc6767681b343d85a6541ef25767,"{""d"":7.0,""p"":0.00021544346900318845,""r"":7.0}",
      3072,         0,         0,   0.352,correlated_pymatching,e020dd2c32c8d7bf6cffbce0be23bba9cdcadc6767681b343d85a6541ef25767,"{""d"":7.0,""p"":0.00021544346900318845,""r"":7.0}",
        16,         0,         0,   0.099,correlated_pymatching,e020dd2c32c8d7bf6cffbce0be23bba9cdcadc6767681b343d85a6541ef25767,"{""d"":7.0,""p"":0.00021544346900318845,""r"":7.0}",
        16,         0,         0,   0.107,correlated_pymatching,d821558028d0b71fbf8148e27be7c074e0e8b72611fd5ff402120f6913a24690,"{""d"":7.0,""p"":0.00046415888336127773,""r"":7.0}",
        16,         0,         0,   0.108,correlated_pymatching,2919daae83c4bb355497b537b8eb3fa0541c9a74ae42f34c983947fa1bd75892,"{""d"":7.0,""p"":0.001,""r"":7.0}",
        16,         0,         0,   0.107,correlated_pymatching,2919daae83c4bb355497b537b8eb3fa0541c9a74ae42f34c983947fa1bd75892,"{""d"":7.0,""p"":0.001,""r"":7.0}",
        16,         0,         0,   0.105,correlated_pymatching,3da66f42efe4b9ee8b75f8d643d901a11e2bc0d91db4c5f0c0317ddd420e34a5,"{""d"":7.0,""p"":0.0001,""r"":7.0}",
        16,         0,         0,   0.104,correlated_pymatching,d821558028d0b71fbf8148e27be7c074e0e8b72611fd5ff402120f6913a24690,"{""d"":7.0,""p"":0.00046415888336127773,""r"":7.0}",
        64,         0,         0,   0.101,correlated_pymatching,e020dd2c32c8d7bf6cffbce0be23bba9cdcadc6767681b343d85a6541ef25767,"{""d"":7.0,""p"":0.00021544346900318845,""r"":7.0}",
        64,         0,         0,   0.107,correlated_pymatching,d821558028d0b71fbf8148e27be7c074e0e8b72611fd5ff402120f6913a24690,"{""d"":7.0,""p"":0.00046415888336127773,""r"":7.0}",
        64,         0,         0,   0.105,correlated_pymatching,3da66f42efe4b9ee8b75f8d643d901a11e2bc0d91db4c5f0c0317ddd420e34a5,"{""d"":7.0,""p"":0.0001,""r"":7.0}",
        64,         0,         0,   0.108,correlated_pymatching,2919daae83c4bb355497b537b8eb3fa0541c9a74ae42f34c983947fa1bd75892,"{""d"":7.0,""p"":0.001,""r"":7.0}",
        64,         0,         0,   0.110,correlated_pymatching,2919daae83c4bb355497b537b8eb3fa0541c9a74ae42f34c983947fa1bd75892,"{""d"":7.0,""p"":0.001,""r"":7.0}",
        64,         0,         0,   0.105,correlated_pymatching,d821558028d0b71fbf8148e27be7c074e0e8b72611fd5ff402120f6913a24690,"{""d"":7.0,""p"":0.00046415888336127773,""r"":7.0}",
       256,         0,         0,   0.113,correlated_pymatching,e020dd2c32c8d7bf6cffbce0be23bba9cdcadc6767681b343d85a6541ef25767,"{""d"":7.0,""p"":0.00021544346900318845,""r"":7.0}",
       256,         0,         0,   0.110,correlated_pymatching,d821558028d0b71fbf8148e27be7c074e0e8b72611fd5ff402120f6913a24690,"{""d"":7.0,""p"":0.00046415888336127773,""r"":7.0}",
       256,         0,         0,   0.106,correlated_pymatching,3da66f42efe4b9ee8b75f8d643d901a11e2bc0d91db4c5f0c0317ddd420e34a5,"{""d"":7.0,""p"":0.0001,""r"":7.0}",
       256,         0,         0,   0.111,correlated_pymatching,d821558028d0b71fbf8148e27be7c074e0e8b72611fd5ff402120f6913a24690,"{""d"":7.0,""p"":0.00046415888336127773,""r"":7.0}",
       256,         0,         0,   0.118,correlated_pymatching,2919daae83c4bb355497b537b8eb3fa0541c9a74ae42f34c983947fa1bd75892,"{""d"":7.0,""p"":0.001,""r"":7.0}",
       256,         0,         0,   0.120,correlated_pymatching,2919daae83c4bb355497b537b8eb3fa0541c9a74ae42f34c983947fa1bd75892,"{""d"":7.0,""p"":0.001,""r"":7.0}",
      4096,         0,         0,   0.453,correlated_pymatching,3da66f42efe4b9ee8b75f8d643d901a11e2bc0d91db4c5f0c0317ddd420e34a5,"{""d"":7.0,""p"":0.0001,""r"":7.0}",
      1024,         0,         0,   0.113,correlated_pymatching,e020dd2c32c8d7bf6cffbce0be23bba9cdcadc6767681b343d85a6541ef25767,"{""d"":7.0,""p"":0.00021544346900318845,""r"":7.0}",
      1024,         0,         0,   0.115,correlated_pymatching,3da66f42efe4b9ee8b75f8d643d901a11e2bc0d91db4c5f0c0317ddd420e34a5,"{""d"":7.0,""p"":0.0001,""r"":7.0}",
      1024,         0,         0,   0.131,correlated_pymatching,d821558028d0b71fbf8148e27be7c074e0e8b72611fd5ff402120f6913a24690,"{""d"":7.0,""p"":0.00046415888336127773,""r"":7.0}",
      1024,         0,         0,   0.131,correlated_pymatching,d821558028d0b71fbf8148e27be7c074e0e8b72611fd5ff402120f6913a24690,"{""d"":7.0,""p"":0.00046415888336127773,""r"":7.0}",
      4096,         0,         0,   0.461,correlated_pymatching,3da66f42efe4b9ee8b75f8d643d901a11e2bc0d91db4c5f0c0317ddd420e34a5,"{""d"":7.0,""p"":0.0001,""r"":7.0}",
     36864,         0,         0,    4.28,correlated_pymatching,e020dd2c32c8d7bf6cffbce0be23bba9cdcadc6767681b343d85a6541ef25767,"{""d"":7.0,""p"":0.00021544346900318845,""r"":7.0}",
      4096,         0,         0,   0.476,correlated_pymatching,e020dd2c32c8d7bf6cffbce0be23bba9cdcadc6767681b343d85a6541ef25767,"{""d"":7.0,""p"":0.00021544346900318845,""r"":7.0}",
      1024,         1,         0,   0.159,correlated_pymatching,2919daae83c4bb355497b537b8eb3fa0541c9a74ae42f34c983947fa1bd75892,"{""d"":7.0,""p"":0.001,""r"":7.0}","{""obs_mistake_mask=E"":1}"
      1024,         2,         0,   0.161,correlated_pymatching,2919daae83c4bb355497b537b8eb3fa0541c9a74ae42f34c983947fa1bd75892,"{""d"":7.0,""p"":0.001,""r"":7.0}","{""obs_mistake_mask=E"":2}"
      4096,         0,         0,   0.471,correlated_pymatching,e020dd2c32c8d7bf6cffbce0be23bba9cdcadc6767681b343d85a6541ef25767,"{""d"":7.0,""p"":0.00021544346900318845,""r"":7.0}",
      1024,         0,         0,   0.116,correlated_pymatching,e020dd2c32c8d7bf6cffbce0be23bba9cdcadc6767681b343d85a6541ef25767,"{""d"":7.0,""p"":0.00021544346900318845,""r"":7.0}",
      1024,         0,         0,   0.112,correlated_pymatching,3da66f42efe4b9ee8b75f8d643d901a11e2bc0d91db4c5f0c0317ddd420e34a5,"{""d"":7.0,""p"":0.0001,""r"":7.0}",
      1024,         0,         0,   0.133,correlated_pymatching,d821558028d0b71fbf8148e27be7c074e0e8b72611fd5ff402120f6913a24690,"{""d"":7.0,""p"":0.00046415888336127773,""r"":7.0}",
      1024,         0,         0,   0.130,correlated_pymatching,d821558028d0b71fbf8148e27be7c074e0e8b72611fd5ff402120f6913a24690,"{""d"":7.0,""p"":0.00046415888336127773,""r"":7.0}",
      1024,         0,         0,   0.159,correlated_pymatching,2919daae83c4bb355497b537b8eb3fa0541c9a74ae42f34c983947fa1bd75892,"{""d"":7.0,""p"":0.001,""r"":7.0}",
      1024,         0,         0,   0.112,correlated_pymatching,e020dd2c32c8d7bf6cffbce0be23bba9cdcadc6767681b343d85a6541ef25767,"{""d"":7.0,""p"":0.00021544346900318845,""r"":7.0}",
      1024,         0,         0,   0.160,correlated_pymatching,2919daae83c4bb355497b537b8eb3fa0541c9a74ae42f34c983947fa1bd75892,"{""d"":7.0,""p"":0.001,""r"":7.0}",
      1024,         0,         0,   0.113,correlated_pymatching,3da66f42efe4b9ee8b75f8d643d901a11e2bc0d91db4c5f0c0317ddd420e34a5,"{""d"":7.0,""p"":0.0001,""r"":7.0}",
      1024,         0,         0,   0.133,correlated_pymatching,d821558028d0b71fbf8148e27be7c074e0e8b72611fd5ff402120f6913a24690,"{""d"":7.0,""p"":0.00046415888336127773,""r"":7.0}",
      1024,         0,         0,   0.129,correlated_pymatching,d821558028d0b71fbf8148e27be7c074e0e8b72611fd5ff402120f6913a24690,"{""d"":7.0,""p"":0.00046415888336127773,""r"":7.0}",
      1024,         0,         0,   0.157,correlated_pymatching,2919daae83c4bb355497b537b8eb3fa0541c9a74ae42f34c983947fa1bd75892,"{""d"":7.0,""p"":0.001,""r"":7.0}",
      1024,         0,         0,   0.159,correlated_pymatching,2919daae83c4bb355497b537b8eb3fa0541c9a74ae42f34c983947fa1bd75892,"{""d"":7.0,""p"":0.001,""r"":7.0}",
     33792,         1,         0,    4.36,correlated_pymatching,d821558028d0b71fbf8148e27be7c074e0e8b72611fd5ff402120f6913a24690,"{""d"":7.0,""p"":0.00046415888336127773,""r"":7.0}","{""obs_mistake_mask=E"":1}"
     27648,         7,         0,    4.33,correlated_pymatching,2919daae83c4bb355497b537b8eb3fa0541c9a74ae42f34c983947fa1bd75892,"{""d"":7.0,""p"":0.001,""r"":7.0}","{""obs_mistake_mask=E"":7}"
      2048,         0,         0,   0.226,correlated_pymatching,e020dd2c32c8d7bf6cffbce0be23bba9cdcadc6767681b343d85a6541ef25767,"{""d"":7.0,""p"":0.00021544346900318845,""r"":7.0}",
      2048,         0,         0,   0.223,correlated_pymatching,3da66f42efe4b9ee8b75f8d643d901a11e2bc0d91db4c5f0c0317ddd420e34a5,"{""d"":7.0,""p"":0.0001,""r"":7.0}",
     33792,         1,         0,    4.27,correlated_pymatching,d821558028d0b71fbf8148e27be7c074e0e8b72611fd5ff402120f6913a24690,"{""d"":7.0,""p"":0.00046415888336127773,""r"":7.0}","{""obs_mistake_mask=E"":1}"
      1024,         0,         0,   0.157,correlated_pymatching,2919daae83c4bb355497b537b8eb3fa0541c9a74ae42f34c983947fa1bd75892,"{""d"":7.0,""p"":0.001,""r"":7.0}",
      1024,         0,         0,   0.161,correlated_pymatching,2919daae83c4bb355497b537b8eb3fa0541c9a74ae42f34c983947fa1bd75892,"{""d"":7.0,""p"":0.001,""r"":7.0}",
      2048,         0,         0,   0.268,correlated_pymatching,d821558028d0b71fbf8148e27be7c074e0e8b72611fd5ff402120f6913a24690,"{""d"":7.0,""p"":0.00046415888336127773,""r"":7.0}",
      2048,         0,         0,   0.261,correlated_pymatching,d821558028d0b71fbf8148e27be7c074e0e8b72611fd5ff402120f6913a24690,"{""d"":7.0,""p"":0.00046415888336127773,""r"":7.0}",
      5120,         0,         0,   0.567,correlated_pymatching,3da66f42efe4b9ee8b75f8d643d901a11e2bc0d91db4c5f0c0317ddd420e34a5,"{""d"":7.0,""p"":0.0001,""r"":7.0}",
      5120,         0,         0,   0.596,correlated_pymatching,e020dd2c32c8d7bf6cffbce0be23bba9cdcadc6767681b343d85a6541ef25767,"{""d"":7.0,""p"":0.00021544346900318845,""r"":7.0}",
      5120,         0,         0,   0.593,correlated_pymatching,e020dd2c32c8d7bf6cffbce0be23bba9cdcadc6767681b343d85a6541ef25767,"{""d"":7.0,""p"":0.00021544346900318845,""r"":7.0}",
      2048,         0,         0,   0.225,correlated_pymatching,e020dd2c32c8d7bf6cffbce0be23bba9cdcadc6767681b343d85a6541ef25767,"{""d"":7.0,""p"":0.00021544346900318845,""r"":7.0}",
      2048,         0,         0,   0.227,correlated_pymatching,3da66f42efe4b9ee8b75f8d643d901a11e2bc0d91db4c5f0c0317ddd420e34a5,"{""d"":7.0,""p"":0.0001,""r"":7.0}",
      6144,         0,         0,   0.677,correlated_pymatching,3da66f42efe4b9ee8b75f8d643d901a11e2bc0d91db4c5f0c0317ddd420e34a5,"{""d"":7.0,""p"":0.0001,""r"":7.0}",
     28672,         6,         0,    4.35,correlated_pymatching,2919daae83c4bb355497b537b8eb3fa0541c9a74ae42f34c983947fa1bd75892,"{""d"":7.0,""p"":0.001,""r"":7.0}","{""obs_mistake_mask=E"":6}"
      2048,         0,         0,   0.262,correlated_pymatching,d821558028d0b71fbf8148e27be7c074e0e8b72611fd5ff402120f6913a24690,"{""d"":7.0,""p"":0.00046415888336127773,""r"":7.0}",
      2048,         0,         0,   0.265,correlated_pymatching,d821558028d0b71fbf8148e27be7c074e0e8b72611fd5ff402120f6913a24690,"{""d"":7.0,""p"":0.00046415888336127773,""r"":7.0}",
      2048,         0,         0,   0.315,correlated_pymatching,2919daae83c4bb355497b537b8eb3fa0541c9a74ae42f34c983947fa1bd75892,"{""d"":7.0,""p"":0.001,""r"":7.0}",
      2048,         0,         0,   0.319,correlated_pymatching,2919daae83c4bb355497b537b8eb3fa0541c9a74ae42f34c983947fa1bd75892,"{""d"":7.0,""p"":0.001,""r"":7.0}",
      3072,         0,         0,   0.338,correlated_pymatching,e020dd2c32c8d7bf6cffbce0be23bba9cdcadc6767681b343d85a6541ef25767,"{""d"":7.0,""p"":0.00021544346900318845,""r"":7.0}",
      3072,         0,         0,   0.348,correlated_pymatching,3da66f42efe4b9ee8b75f8d643d901a11e2bc0d91db4c5f0c0317ddd420e34a5,"{""d"":7.0,""p"":0.0001,""r"":7.0}",
      2048,         2,         0,   0.314,correlated_pymatching,2919daae83c4bb355497b537b8eb3fa0541c9a74ae42f34c983947fa1bd75892,"{""d"":7.0,""p"":0.001,""r"":7.0}","{""obs_mistake_mask=E"":2}"
      2048,         1,         0,   0.319,correlated_pymatching,2919daae83c4bb355497b537b8eb3fa0541c9a74ae42f34c983947fa1bd75892,"{""d"":7.0,""p"":0.001,""r"":7.0}","{""obs_mistake_mask=E"":1}"
      3072,         0,         0,   0.387,correlated_pymatching,d821558028d0b71fbf8148e27be7c074e0e8b72611fd5ff402120f6913a24690,"{""d"":7.0,""p"":0.00046415888336127773,""r"":7.0}",
      3072,         0,         0,   0.388,correlated_pymatching,d821558028d0b71fbf8148e27be7c074e0e8b72611fd5ff402120f6913a24690,"{""d"":7.0,""p"":0.00046415888336127773,""r"":7.0}",
      7168,         0,         0,   0.810,correlated_pymatching,3da66f42efe4b9ee8b75f8d643d901a11e2bc0d91db4c5f0c0317ddd420e34a5,"{""d"":7.0,""p"":0.0001,""r"":7.0}",
      4096,         0,         0,   0.452,correlated_pymatching,e020dd2c32c8d7bf6cffbce0be23bba9cdcadc6767681b343d85a6541ef25767,"{""d"":7.0,""p"":0.00021544346900318845,""r"":7.0}",
      4096,         0,         0,   0.462,correlated_pymatching,3da66f42efe4b9ee8b75f8d643d901a11e2bc0d91db4c5f0c0317ddd420e34a5,"{""d"":7.0,""p"":0.0001,""r"":7.0}",
      7168,         0,         0,   0.839,correlated_pymatching,e020dd2c32c8d7bf6cffbce0be23bba9cdcadc6767681b343d85a6541ef25767,"{""d"":7.0,""p"":0.00021544346900318845,""r"":7.0}",
      7168,         0,         0,   0.841,correlated_pymatching,e020dd2c32c8d7bf6cffbce0be23bba9cdcadc6767681b343d85a6541ef25767,"{""d"":7.0,""p"":0.00021544346900318845,""r"":7.0}",
      7168,         0,         0,   0.797,correlated_pymatching,3da66f42efe4b9ee8b75f8d643d901a11e2bc0d91db4c5f0c0317ddd420e34a5,"{""d"":7.0,""p"":0.0001,""r"":7.0}",
      3072,         2,         0,   0.472,correlated_pymatching,2919daae83c4bb355497b537b8eb3fa0541c9a74ae42f34c983947fa1bd75892,"{""d"":7.0,""p"":0.001,""r"":7.0}","{""obs_mistake_mask=E"":2}"
      3072,         0,         0,   0.478,correlated_pymatching,2919daae83c4bb355497b537b8eb3fa0541c9a74ae42f34c983947fa1bd75892,"{""d"":7.0,""p"":0.001,""r"":7.0}",
      4096,         0,         0,   0.513,correlated_pymatching,d821558028d0b71fbf8148e27be7c074e0e8b72611fd5ff402120f6913a24690,"{""d"":7.0,""p"":0.00046415888336127773,""r"":7.0}",
      4096,         0,         0,   0.518,correlated_pymatching,d821558028d0b71fbf8148e27be7c074e0e8b72611fd5ff402120f6913a24690,"{""d"":7.0,""p"":0.00046415888336127773,""r"":7.0}",
      5120,         0,         0,   0.575,correlated_pymatching,3da66f42efe4b9ee8b75f8d643d901a11e2bc0d91db4c5f0c0317ddd420e34a5,"{""d"":7.0,""p"":0.0001,""r"":7.0}",
      6144,         0,         0,   0.677,correlated_pymatching,e020dd2c32c8d7bf6cffbce0be23bba9cdcadc6767681b343d85a6541ef25767,"{""d"":7.0,""p"":0.00021544346900318845,""r"":7.0}",
      4096,         1,         0,   0.629,correlated_pymatching,2919daae83c4bb355497b537b8eb3fa0541c9a74ae42f34c983947fa1bd75892,"{""d"":7.0,""p"":0.001,""r"":7.0}","{""obs_mistake_mask=E"":1}"
      4096,         1,         0,   0.636,correlated_pymatching,2919daae83c4bb355497b537b8eb3fa0541c9a74ae42f34c983947fa1bd75892,"{""d"":7.0,""p"":0.001,""r"":7.0}","{""obs_mistake_mask=E"":1}"
      5120,         0,         0,   0.657,correlated_pymatching,d821558028d0b71fbf8148e27be7c074e0e8b72611fd5ff402120f6913a24690,"{""d"":7.0,""p"":0.00046415888336127773,""r"":7.0}",
      5120,         0,         0,   0.656,correlated_pymatching,d821558028d0b71fbf8148e27be7c074e0e8b72611fd5ff402120f6913a24690,"{""d"":7.0,""p"":0.00046415888336127773,""r"":7.0}",
     10240,         0,         0,    1.14,correlated_pymatching,3da66f42efe4b9ee8b75f8d643d901a11e2bc0d91db4c5f0c0317ddd420e34a5,"{""d"":7.0,""p"":0.0001,""r"":7.0}",
     10240,         0,         0,    1.15,correlated_pymatching,3da66f42efe4b9ee8b75f8d643d901a11e2bc0d91db4c5f0c0317ddd420e34a5,"{""d"":7.0,""p"":0.0001,""r"":7.0}",
     10240,         0,         0,    1.20,correlated_pymatching,e020dd2c32c8d7bf6cffbce0be23bba9cdcadc6767681b343d85a6541ef25767,"{""d"":7.0,""p"":0.00021544346900318845,""r"":7.0}",
     10240,         0,         0,    1.20,correlated_pymatching,e020dd2c32c8d7bf6cffbce0be23bba9cdcadc6767681b343d85a6541ef25767,"{""d"":7.0,""p"":0.00021544346900318845,""r"":7.0}",
      7168,         0,         0,   0.795,correlated_pymatching,e020dd2c32c8d7bf6cffbce0be23bba9cdcadc6767681b343d85a6541ef25767,"{""d"":7.0,""p"":0.00021544346900318845,""r"":7.0}",
      8192,         0,         0,   0.904,correlated_pymatching,3da66f42efe4b9ee8b75f8d643d901a11e2bc0d91db4c5f0c0317ddd420e34a5,"{""d"":7.0,""p"":0.0001,""r"":7.0}",
      5120,         1,         0,   0.797,correlated_pymatching,2919daae83c4bb355497b537b8eb3fa0541c9a74ae42f34c983947fa1bd75892,"{""d"":7.0,""p"":0.001,""r"":7.0}","{""obs_mistake_mask=E"":1}"
      6144,         3,         0,   0.944,correlated_pymatching,2919daae83c4bb355497b537b8eb3fa0541c9a74ae42f34c983947fa1bd75892,"{""d"":7.0,""p"":0.001,""r"":7.0}","{""obs_mistake_mask=E"":3}"
      7168,         0,         0,   0.903,correlated_pymatching,d821558028d0b71fbf8148e27be7c074e0e8b72611fd5ff402120f6913a24690,"{""d"":7.0,""p"":0.00046415888336127773,""r"":7.0}",
      7168,         0,         0,   0.907,correlated_pymatching,d821558028d0b71fbf8148e27be7c074e0e8b72611fd5ff402120f6913a24690,"{""d"":7.0,""p"":0.00046415888336127773,""r"":7.0}",
     14336,         0,         0,    1.61,correlated_pymatching,3da66f42efe4b9ee8b75f8d643d901a11e2bc0d91db4c5f0c0317ddd420e34a5,"{""d"":7.0,""p"":0.0001,""r"":7.0}",
     10240,         0,         0,    1.16,correlated_pymatching,3da66f42efe4b9ee8b75f8d643d901a11e2bc0d91db4c5f0c0317ddd420e34a5,"{""d"":7.0,""p"":0.0001,""r"":7.0}",
      7168,         2,         0,    1.11,correlated_pymatching,2919daae83c4bb355497b537b8eb3fa0541c9a74ae42f34c983947fa1bd75892,"{""d"":7.0,""p"":0.001,""r"":7.0}","{""obs_mistake_mask=E"":2}"
     10240,         0,         0,    1.29,correlated_pymatching,e020dd2c32c8d7bf6cffbce0be23bba9cdcadc6767681b343d85a6541ef25767,"{""d"":7.0,""p"":0.00021544346900318845,""r"":7.0}",
     13312,         0,         0,    1.56,correlated_pymatching,e020dd2c32c8d7bf6cffbce0be23bba9cdcadc6767681b343d85a6541ef25767,"{""d"":7.0,""p"":0.00021544346900318845,""r"":7.0}",
     14336,         0,         0,    1.60,correlated_pymatching,3da66f42efe4b9ee8b75f8d643d901a11e2bc0d91db4c5f0c0317ddd420e34a5,"{""d"":7.0,""p"":0.0001,""r"":7.0}",
     13312,         0,         0,    1.55,correlated_pymatching,e020dd2c32c8d7bf6cffbce0be23bba9cdcadc6767681b343d85a6541ef25767,"{""d"":7.0,""p"":0.00021544346900318845,""r"":7.0}",
      8192,         1,         0,    1.12,correlated_pymatching,d821558028d0b71fbf8148e27be7c074e0e8b72611fd5ff402120f6913a24690,"{""d"":7.0,""p"":0.00046415888336127773,""r"":7.0}","{""obs_mistake_mask=E"":1}"
      9216,         1,         0,    1.17,correlated_pymatching,d821558028d0b71fbf8148e27be7c074e0e8b72611fd5ff402120f6913a24690,"{""d"":7.0,""p"":0.00046415888336127773,""r"":7.0}","{""obs_mistake_mask=E"":1}"
      8192,         2,         0,    1.26,correlated_pymatching,2919daae83c4bb355497b537b8eb3fa0541c9a74ae42f34c983947fa1bd75892,"{""d"":7.0,""p"":0.001,""r"":7.0}","{""obs_mistake_mask=E"":2}"
    101376,         0,         0,    11.8,correlated_pymatching,e020dd2c32c8d7bf6cffbce0be23bba9cdcadc6767681b343d85a6541ef25767,"{""d"":7.0,""p"":0.00021544346900318845,""r"":7.0}",
     75776,        31,         0,    11.7,correlated_pymatching,2919daae83c4bb355497b537b8eb3fa0541c9a74ae42f34c983947fa1bd75892,"{""d"":7.0,""p"":0.001,""r"":7.0}","{""obs_mistake_mask=E"":31}"
     92160,         3,         0,    11.8,correlated_pymatching,d821558028d0b71fbf8148e27be7c074e0e8b72611fd5ff402120f6913a24690,"{""d"":7.0,""p"":0.00046415888336127773,""r"":7.0}","{""obs_mistake_mask=E"":3}"
    106496,         0,         0,    11.8,correlated_pymatching,3da66f42efe4b9ee8b75f8d643d901a11e2bc0d91db4c5f0c0317ddd420e34a5,"{""d"":7.0,""p"":0.0001,""r"":7.0}",
     99328,         0,         0,    11.8,correlated_pymatching,e020dd2c32c8d7bf6cffbce0be23bba9cdcadc6767681b343d85a6541ef25767,"{""d"":7.0,""p"":0.00021544346900318845,""r"":7.0}",
     14336,         0,         0,    1.66,correlated_pymatching,3da66f42efe4b9ee8b75f8d643d901a11e2bc0d91db4c5f0c0317ddd420e34a5,"{""d"":7.0,""p"":0.0001,""r"":7.0}",
     10240,         3,         0,    1.59,correlated_pymatching,2919daae83c4bb355497b537b8eb3fa0541c9a74ae42f34c983947fa1bd75892,"{""d"":7.0,""p"":0.001,""r"":7.0}","{""obs_mistake_mask=E"":3}"
      9216,         0,         0,    1.58,correlated_pymatching,e020dd2c32c8d7bf6cffbce0be23bba9cdcadc6767681b343d85a6541ef25767,"{""d"":7.0,""p"":0.00021544346900318845,""r"":7.0}",
    102400,         0,         0,    11.7,correlated_pymatching,3da66f42efe4b9ee8b75f8d643d901a11e2bc0d91db4c5f0c0317ddd420e34a5,"{""d"":7.0,""p"":0.0001,""r"":7.0}",
     12288,         1,         0,    1.56,correlated_pymatching,d821558028d0b71fbf8148e27be7c074e0e8b72611fd5ff402120f6913a24690,"{""d"":7.0,""p"":0.00046415888336127773,""r"":7.0}","{""obs_mistake_mask=E"":1}"
     51200,         1,         0,    6.01,correlated_pymatching,e020dd2c32c8d7bf6cffbce0be23bba9cdcadc6767681b343d85a6541ef25767,"{""d"":7.0,""p"":0.00021544346900318845,""r"":7.0}","{""obs_mistake_mask=E"":1}"
     10240,         2,         0,    1.61,correlated_pymatching,2919daae83c4bb355497b537b8eb3fa0541c9a74ae42f34c983947fa1bd75892,"{""d"":7.0,""p"":0.001,""r"":7.0}","{""obs_mistake_mask=E"":2}"
     13312,         1,         0,    1.68,correlated_pymatching,d821558028d0b71fbf8148e27be7c074e0e8b72611fd5ff402120f6913a24690,"{""d"":7.0,""p"":0.00046415888336127773,""r"":7.0}","{""obs_mistake_mask=E"":1}"
     89088,         1,         0,    11.7,correlated_pymatching,d821558028d0b71fbf8148e27be7c074e0e8b72611fd5ff402120f6913a24690,"{""d"":7.0,""p"":0.00046415888336127773,""r"":7.0}","{""obs_mistake_mask=E"":1}"
     20480,         0,         0,    2.29,correlated_pymatching,3da66f42efe4b9ee8b75f8d643d901a11e2bc0d91db4c5f0c0317ddd420e34a5,"{""d"":7.0,""p"":0.0001,""r"":7.0}",
     75776,        18,         0,    11.8,correlated_pymatching,2919daae83c4bb355497b537b8eb3fa0541c9a74ae42f34c983947fa1bd75892,"{""d"":7.0,""p"":0.001,""r"":7.0}","{""obs_mistake_mask=E"":18}"
     46080,        20,         0,    7.18,correlated_pymatching,2919daae83c4bb355497b537b8eb3fa0541c9a74ae42f34c983947fa1bd75892,"{""d"":7.0,""p"":0.001,""r"":7.0}","{""obs_mistake_mask=E"":20}"
     50176,         1,         0,    6.08,correlated_pymatching,d821558028d0b71fbf8148e27be7c074e0e8b72611fd5ff402120f6913a24690,"{""d"":7.0,""p"":0.00046415888336127773,""r"":7.0}","{""obs_mistake_mask=E"":1}"
     40960,        11,         0,    6.03,correlated_pymatching,2919daae83c4bb355497b537b8eb3fa0541c9a74ae42f34c983947fa1bd75892,"{""d"":7.0,""p"":0.001,""r"":7.0}","{""obs_mistake_mask=E"":11}"
      8192,         1,         0,    1.21,correlated_pymatching,2919daae83c4bb355497b537b8eb3fa0541c9a74ae42f34c983947fa1bd75892,"{""d"":7.0,""p"":0.001,""r"":7.0}","{""obs_mistake_mask=E"":1}"
     69632,        22,         0,    10.5,correlated_pymatching,2919daae83c4bb355497b537b8eb3fa0541c9a74ae42f34c983947fa1bd75892,"{""d"":7.0,""p"":0.001,""r"":7.0}","{""obs_mistake_mask=E"":22}"
     19456,         0,         0,    2.26,correlated_pymatching,e020dd2c32c8d7bf6cffbce0be23bba9cdcadc6767681b343d85a6541ef25767,"{""d"":7.0,""p"":0.00021544346900318845,""r"":7.0}",
     19456,         0,         0,    2.27,correlated_pymatching,e020dd2c32c8d7bf6cffbce0be23bba9cdcadc6767681b343d85a6541ef25767,"{""d"":7.0,""p"":0.00021544346900318845,""r"":7.0}",
     20480,         0,         0,    2.27,correlated_pymatching,3da66f42efe4b9ee8b75f8d643d901a11e2bc0d91db4c5f0c0317ddd420e34a5,"{""d"":7.0,""p"":0.0001,""r"":7.0}",
      3072,         0,         0,   0.472,correlated_pymatching,2919daae83c4bb355497b537b8eb3fa0541c9a74ae42f34c983947fa1bd75892,"{""d"":7.0,""p"":0.001,""r"":7.0}",
     37888,         9,         0,    5.80,correlated_pymatching,2919daae83c4bb355497b537b8eb3fa0541c9a74ae42f34c983947fa1bd75892,"{""d"":7.0,""p"":0.001,""r"":7.0}","{""obs_mistake_mask=E"":9}"
     48128,         1,         0,    6.09,correlated_pymatching,d821558028d0b71fbf8148e27be7c074e0e8b72611fd5ff402120f6913a24690,"{""d"":7.0,""p"":0.00046415888336127773,""r"":7.0}","{""obs_mistake_mask=E"":1}"
      5120,         3,         0,   0.797,correlated_pymatching,2919daae83c4bb355497b537b8eb3fa0541c9a74ae42f34c983947fa1bd75892,"{""d"":7.0,""p"":0.001,""r"":7.0}","{""obs_mistake_mask=E"":3}"
      1024,         0,         0,   0.158,correlated_pymatching,2919daae83c4bb355497b537b8eb3fa0541c9a74ae42f34c983947fa1bd75892,"{""d"":7.0,""p"":0.001,""r"":7.0}",
         1,         0,         0,   0.103,correlated_pymatching,e020dd2c32c8d7bf6cffbce0be23bba9cdcadc6767681b343d85a6541ef25767,"{""d"":7.0,""p"":0.00021544346900318845,""r"":7.0}",
         1,         0,         0,   0.097,correlated_pymatching,3da66f42efe4b9ee8b75f8d643d901a11e2bc0d91db4c5f0c0317ddd420e34a5,"{""d"":7.0,""p"":0.0001,""r"":7.0}",
         1,         0,         0,   0.103,correlated_pymatching,d821558028d0b71fbf8148e27be7c074e0e8b72611fd5ff402120f6913a24690,"{""d"":7.0,""p"":0.00046415888336127773,""r"":7.0}",
         1,         0,         0,   0.100,correlated_pymatching,e020dd2c32c8d7bf6cffbce0be23bba9cdcadc6767681b343d85a6541ef25767,"{""d"":7.0,""p"":0.00021544346900318845,""r"":7.0}",
         1,         0,         0,   0.099,correlated_pymatching,e020dd2c32c8d7bf6cffbce0be23bba9cdcadc6767681b343d85a6541ef25767,"{""d"":7.0,""p"":0.00021544346900318845,""r"":7.0}",
         1,         0,         0,   0.103,correlated_pymatching,d821558028d0b71fbf8148e27be7c074e0e8b72611fd5ff402120f6913a24690,"{""d"":7.0,""p"":0.00046415888336127773,""r"":7.0}",
         1,         0,         0,   0.103,correlated_pymatching,3da66f42efe4b9ee8b75f8d643d901a11e2bc0d91db4c5f0c0317ddd420e34a5,"{""d"":7.0,""p"":0.0001,""r"":7.0}",
         1,         0,         0,   0.098,correlated_pymatching,3da66f42efe4b9ee8b75f8d643d901a11e2bc0d91db4c5f0c0317ddd420e34a5,"{""d"":7.0,""p"":0.0001,""r"":7.0}",
         4,         0,         0,   0.102,correlated_pymatching,e020dd2c32c8d7bf6cffbce0be23bba9cdcadc6767681b343d85a6541ef25767,"{""d"":7.0,""p"":0.00021544346900318845,""r"":7.0}",
         4,         0,         0,   0.097,correlated_pymatching,3da66f42efe4b9ee8b75f8d643d901a11e2bc0d91db4c5f0c0317ddd420e34a5,"{""d"":7.0,""p"":0.0001,""r"":7.0}",
         4,         0,         0,   0.098,correlated_pymatching,e020dd2c32c8d7bf6cffbce0be23bba9cdcadc6767681b343d85a6541ef25767,"{""d"":7.0,""p"":0.00021544346900318845,""r"":7.0}",
         4,         0,         0,   0.103,correlated_pymatching,d821558028d0b71fbf8148e27be7c074e0e8b72611fd5ff402120f6913a24690,"{""d"":7.0,""p"":0.00046415888336127773,""r"":7.0}",
         4,         0,         0,   0.097,correlated_pymatching,e020dd2c32c8d7bf6cffbce0be23bba9cdcadc6767681b343d85a6541ef25767,"{""d"":7.0,""p"":0.00021544346900318845,""r"":7.0}",
         4,         0,         0,   0.097,correlated_pymatching,3da66f42efe4b9ee8b75f8d643d901a11e2bc0d91db4c5f0c0317ddd420e34a5,"{""d"":7.0,""p"":0.0001,""r"":7.0}",
         4,         0,         0,   0.102,correlated_pymatching,d821558028d0b71fbf8148e27be7c074e0e8b72611fd5ff402120f6913a24690,"{""d"":7.0,""p"":0.00046415888336127773,""r"":7.0}",
         4,         0,         0,   0.102,correlated_pymatching,3da66f42efe4b9ee8b75f8d643d901a11e2bc0d91db4c5f0c0317ddd420e34a5,"{""d"":7.0,""p"":0.0001,""r"":7.0}",
        16,         0,         0,   0.097,correlated_pymatching,3da66f42efe4b9ee8b75f8d643d901a11e2bc0d91db4c5f0c0317ddd420e34a5,"{""d"":7.0,""p"":0.0001,""r"":7.0}",
        16,         0,         0,   0.102,correlated_pymatching,e020dd2c32c8d7bf6cffbce0be23bba9cdcadc6767681b343d85a6541ef25767,"{""d"":7.0,""p"":0.00021544346900318845,""r"":7.0}",
        16,         0,         0,   0.099,correlated_pymatching,e020dd2c32c8d7bf6cffbce0be23bba9cdcadc6767681b343d85a6541ef25767,"{""d"":7.0,""p"":0.00021544346900318845,""r"":7.0}",
        16,         0,         0,   0.098,correlated_pymatching,e020dd2c32c8d7bf6cffbce0be23bba9cdcadc6767681b343d85a6541ef25767,"{""d"":7.0,""p"":0.00021544346900318845,""r"":7.0}",
        16,         0,         0,   0.103,correlated_pymatching,d821558028d0b71fbf8148e27be7c074e0e8b72611fd5ff402120f6913a24690,"{""d"":7.0,""p"":0.00046415888336127773,""r"":7.0}",
        16,         0,         0,   0.098,correlated_pymatching,3da66f42efe4b9ee8b75f8d643d901a11e2bc0d91db4c5f0c0317ddd420e34a5,"{""d"":7.0,""p"":0.0001,""r"":7.0}",
        16,         0,         0,   0.102,correlated_pymatching,d821558028d0b71fbf8148e27be7c074e0e8b72611fd5ff402120f6913a24690,"{""d"":7.0,""p"":0.00046415888336127773,""r"":7.0}",
        16,         0,         0,   0.102,correlated_pymatching,3da66f42efe4b9ee8b75f8d643d901a11e2bc0d91db4c5f0c0317ddd420e34a5,"{""d"":7.0,""p"":0.0001,""r"":7.0}",
        64,         0,         0,   0.097,correlated_pymatching,3da66f42efe4b9ee8b75f8d643d901a11e2bc0d91db4c5f0c0317ddd420e34a5,"{""d"":7.0,""p"":0.0001,""r"":7.0}",
        64,         0,         0,   0.104,correlated_pymatching,e020dd2c32c8d7bf6cffbce0be23bba9cdcadc6767681b343d85a6541ef25767,"{""d"":7.0,""p"":0.00021544346900318845,""r"":7.0}",
        64,         0,         0,   0.099,correlated_pymatching,e020dd2c32c8d7bf6cffbce0be23bba9cdcadc6767681b343d85a6541ef25767,"{""d"":7.0,""p"":0.00021544346900318845,""r"":7.0}",
        64,         0,         0,   0.099,correlated_pymatching,e020dd2c32c8d7bf6cffbce0be23bba9cdcadc6767681b343d85a6541ef25767,"{""d"":7.0,""p"":0.00021544346900318845,""r"":7.0}",
        64,         0,         0,   0.098,correlated_pymatching,3da66f42efe4b9ee8b75f8d643d901a11e2bc0d91db4c5f0c0317ddd420e34a5,"{""d"":7.0,""p"":0.0001,""r"":7.0}",
        64,         0,         0,   0.105,correlated_pymatching,d821558028d0b71fbf8148e27be7c074e0e8b72611fd5ff402120f6913a24690,"{""d"":7.0,""p"":0.00046415888336127773,""r"":7.0}",
        64,         0,         0,   0.102,correlated_pymatching,3da66f42efe4b9ee8b75f8d643d901a11e2bc0d91db4c5f0c0317ddd420e34a5,"{""d"":7.0,""p"":0.0001,""r"":7.0}",
        64,         0,         0,   0.103,correlated_pymatching,d821558028d0b71fbf8148e27be7c074e0e8b72611fd5ff402120f6913a24690,"{""d"":7.0,""p"":0.00046415888336127773,""r"":7.0}",
    106496,         0,         0,    11.8,correlated_pymatching,3da66f42efe4b9ee8b75f8d643d901a11e2bc0d91db4c5f0c0317ddd420e34a5,"{""d"":7.0,""p"":0.0001,""r"":7.0}",
       256,         0,         0,   0.100,correlated_pymatching,3da66f42efe4b9ee8b75f8d643d901a11e2bc0d91db4c5f0c0317ddd420e34a5,"{""d"":7.0,""p"":0.0001,""r"":7.0}",
       256,         0,         0,   0.103,correlated_pymatching,e020dd2c32c8d7bf6cffbce0be23bba9cdcadc6767681b343d85a6541ef25767,"{""d"":7.0,""p"":0.00021544346900318845,""r"":7.0}",
       256,         0,         0,   0.103,correlated_pymatching,e020dd2c32c8d7bf6cffbce0be23bba9cdcadc6767681b343d85a6541ef25767,"{""d"":7.0,""p"":0.00021544346900318845,""r"":7.0}",
       256,         0,         0,   0.107,correlated_pymatching,e020dd2c32c8d7bf6cffbce0be23bba9cdcadc6767681b343d85a6541ef25767,"{""d"":7.0,""p"":0.00021544346900318845,""r"":7.0}",
       256,         0,         0,   0.101,correlated_pymatching,3da66f42efe4b9ee8b75f8d643d901a11e2bc0d91db4c5f0c0317ddd420e34a5,"{""d"":7.0,""p"":0.0001,""r"":7.0}",
       256,         0,         0,   0.106,correlated_pymatching,3da66f42efe4b9ee8b75f8d643d901a11e2bc0d91db4c5f0c0317ddd420e34a5,"{""d"":7.0,""p"":0.0001,""r"":7.0}",
       256,         0,         0,   0.112,correlated_pymatching,d821558028d0b71fbf8148e27be7c074e0e8b72611fd5ff402120f6913a24690,"{""d"":7.0,""p"":0.00046415888336127773,""r"":7.0}",
       256,         0,         0,   0.110,correlated_pymatching,d821558028d0b71fbf8148e27be7c074e0e8b72611fd5ff402120f6913a24690,"{""d"":7.0,""p"":0.00046415888336127773,""r"":7.0}",
      1024,         0,         0,   0.109,correlated_pymatching,3da66f42efe4b9ee8b75f8d643d901a11e2bc0d91db4c5f0c0317ddd420e34a5,"{""d"":7.0,""p"":0.0001,""r"":7.0}",
      1024,         0,         0,   0.109,correlated_pymatching,3da66f42efe4b9ee8b75f8d643d901a11e2bc0d91db4c5f0c0317ddd420e34a5,"{""d"":7.0,""p"":0.0001,""r"":7.0}",
      1024,         0,         0,   0.115,correlated_pymatching,e020dd2c32c8d7bf6cffbce0be23bba9cdcadc6767681b343d85a6541ef25767,"{""d"":7.0,""p"":0.00021544346900318845,""r"":7.0}",
      1024,         0,         0,   0.116,correlated_pymatching,e020dd2c32c8d7bf6cffbce0be23bba9cdcadc6767681b343d85a6541ef25767,"{""d"":7.0,""p"":0.00021544346900318845,""r"":7.0}",
      1024,         0,         0,   0.122,correlated_pymatching,e020dd2c32c8d7bf6cffbce0be23bba9cdcadc6767681b343d85a6541ef25767,"{""d"":7.0,""p"":0.00021544346900318845,""r"":7.0}",
      1024,         0,         0,   0.115,correlated_pymatching,3da66f42efe4b9ee8b75f8d643d901a11e2bc0d91db4c5f0c0317ddd420e34a5,"{""d"":7.0,""p"":0.0001,""r"":7.0}",
      1024,         0,         0,   0.133,correlated_pymatching,d821558028d0b71fbf8148e27be7c074e0e8b72611fd5ff402120f6913a24690,"{""d"":7.0,""p"":0.00046415888336127773,""r"":7.0}",
      1024,         0,         0,   0.131,correlated_pymatching,d821558028d0b71fbf8148e27be7c074e0e8b72611fd5ff402120f6913a24690,"{""d"":7.0,""p"":0.00046415888336127773,""r"":7.0}",
     92160,         0,         0,    11.7,correlated_pymatching,e020dd2c32c8d7bf6cffbce0be23bba9cdcadc6767681b343d85a6541ef25767,"{""d"":7.0,""p"":0.00021544346900318845,""r"":7.0}",
      1024,         0,         0,   0.109,correlated_pymatching,3da66f42efe4b9ee8b75f8d643d901a11e2bc0d91db4c5f0c0317ddd420e34a5,"{""d"":7.0,""p"":0.0001,""r"":7.0}",
      1024,         0,         0,   0.110,correlated_pymatching,3da66f42efe4b9ee8b75f8d643d901a11e2bc0d91db4c5f0c0317ddd420e34a5,"{""d"":7.0,""p"":0.0001,""r"":7.0}",
      1024,         0,         0,   0.114,correlated_pymatching,e020dd2c32c8d7bf6cffbce0be23bba9cdcadc6767681b343d85a6541ef25767,"{""d"":7.0,""p"":0.00021544346900318845,""r"":7.0}",
      1024,         0,         0,   0.115,correlated_pymatching,e020dd2c32c8d7bf6cffbce0be23bba9cdcadc6767681b343d85a6541ef25767,"{""d"":7.0,""p"":0.00021544346900318845,""r"":7.0}",
      1024,         0,         0,   0.122,correlated_pymatching,e020dd2c32c8d7bf6cffbce0be23bba9cdcadc6767681b343d85a6541ef25767,"{""d"":7.0,""p"":0.00021544346900318845,""r"":7.0}",
      1024,         0,         0,   0.116,correlated_pymatching,3da66f42efe4b9ee8b75f8d643d901a11e2bc0d91db4c5f0c0317ddd420e34a5,"{""d"":7.0,""p"":0.0001,""r"":7.0}",
      1024,         0,         0,   0.131,correlated_pymatching,d821558028d0b71fbf8148e27be7c074e0e8b72611fd5ff402120f6913a24690,"{""d"":7.0,""p"":0.00046415888336127773,""r"":7.0}",
      1024,         0,         0,   0.133,correlated_pymatching,d821558028d0b71fbf8148e27be7c074e0e8b72611fd5ff402120f6913a24690,"{""d"":7.0,""p"":0.00046415888336127773,""r"":7.0}",
      1024,         0,         0,   0.109,correlated_pymatching,3da66f42efe4b9ee8b75f8d643d901a11e2bc0d91db4c5f0c0317ddd420e34a5,"{""d"":7.0,""p"":0.0001,""r"":7.0}",
      1024,         0,         0,   0.109,correlated_pymatching,3da66f42efe4b9ee8b75f8d643d901a11e2bc0d91db4c5f0c0317ddd420e34a5,"{""d"":7.0,""p"":0.0001,""r"":7.0}",
      1024,         0,         0,   0.113,correlated_pymatching,e020dd2c32c8d7bf6cffbce0be23bba9cdcadc6767681b343d85a6541ef25767,"{""d"":7.0,""p"":0.00021544346900318845,""r"":7.0}",
      1024,         0,         0,   0.114,correlated_pymatching,e020dd2c32c8d7bf6cffbce0be23bba9cdcadc6767681b343d85a6541ef25767,"{""d"":7.0,""p"":0.00021544346900318845,""r"":7.0}",
      1024,         0,         0,   0.115,correlated_pymatching,3da66f42efe4b9ee8b75f8d643d901a11e2bc0d91db4c5f0c0317ddd420e34a5,"{""d"":7.0,""p"":0.0001,""r"":7.0}",
      1024,         0,         0,   0.122,correlated_pymatching,e020dd2c32c8d7bf6cffbce0be23bba9cdcadc6767681b343d85a6541ef25767,"{""d"":7.0,""p"":0.00021544346900318845,""r"":7.0}",
      1024,         0,         0,   0.130,correlated_pymatching,d821558028d0b71fbf8148e27be7c074e0e8b72611fd5ff402120f6913a24690,"{""d"":7.0,""p"":0.00046415888336127773,""r"":7.0}",
      1024,         0,         0,   0.132,correlated_pymatching,d821558028d0b71fbf8148e27be7c074e0e8b72611fd5ff402120f6913a24690,"{""d"":7.0,""p"":0.00046415888336127773,""r"":7.0}",
     92160,         2,         0,    11.7,correlated_pymatching,d821558028d0b71fbf8148e27be7c074e0e8b72611fd5ff402120f6913a24690,"{""d"":7.0,""p"":0.00046415888336127773,""r"":7.0}","{""obs_mistake_mask=E"":2}"
      2048,         0,         0,   0.217,correlated_pymatching,3da66f42efe4b9ee8b75f8d643d901a11e2bc0d91db4c5f0c0317ddd420e34a5,"{""d"":7.0,""p"":0.0001,""r"":7.0}",
      2048,         0,         0,   0.218,correlated_pymatching,3da66f42efe4b9ee8b75f8d643d901a11e2bc0d91db4c5f0c0317ddd420e34a5,"{""d"":7.0,""p"":0.0001,""r"":7.0}",
      2048,         0,         0,   0.227,correlated_pymatching,e020dd2c32c8d7bf6cffbce0be23bba9cdcadc6767681b343d85a6541ef25767,"{""d"":7.0,""p"":0.00021544346900318845,""r"":7.0}",
      2048,         0,         0,   0.227,correlated_pymatching,e020dd2c32c8d7bf6cffbce0be23bba9cdcadc6767681b343d85a6541ef25767,"{""d"":7.0,""p"":0.00021544346900318845,""r"":7.0}",
      2048,         0,         0,   0.229,correlated_pymatching,3da66f42efe4b9ee8b75f8d643d901a11e2bc0d91db4c5f0c0317ddd420e34a5,"{""d"":7.0,""p"":0.0001,""r"":7.0}",
      2048,         0,         0,   0.242,correlated_pymatching,e020dd2c32c8d7bf6cffbce0be23bba9cdcadc6767681b343d85a6541ef25767,"{""d"":7.0,""p"":0.00021544346900318845,""r"":7.0}",
      2048,         0,         0,   0.260,correlated_pymatching,d821558028d0b71fbf8148e27be7c074e0e8b72611fd5ff402120f6913a24690,"{""d"":7.0,""p"":0.00046415888336127773,""r"":7.0}",
      2048,         0,         0,   0.262,correlated_pymatching,d821558028d0b71fbf8148e27be7c074e0e8b72611fd5ff402120f6913a24690,"{""d"":7.0,""p"":0.00046415888336127773,""r"":7.0}",
      2048,         0,         0,   0.217,correlated_pymatching,3da66f42efe4b9ee8b75f8d643d901a11e2bc0d91db4c5f0c0317ddd420e34a5,"{""d"":7.0,""p"":0.0001,""r"":7.0}",
      2048,         0,         0,   0.216,correlated_pymatching,3da66f42efe4b9ee8b75f8d643d901a11e2bc0d91db4c5f0c0317ddd420e34a5,"{""d"":7.0,""p"":0.0001,""r"":7.0}",
     20480,         0,         0,    2.26,correlated_pymatching,3da66f42efe4b9ee8b75f8d643d901a11e2bc0d91db4c5f0c0317ddd420e34a5,"{""d"":7.0,""p"":0.0001,""r"":7.0}",
      2048,         0,         0,   0.225,correlated_pymatching,e020dd2c32c8d7bf6cffbce0be23bba9cdcadc6767681b343d85a6541ef25767,"{""d"":7.0,""p"":0.00021544346900318845,""r"":7.0}",
      2048,         0,         0,   0.226,correlated_pymatching,e020dd2c32c8d7bf6cffbce0be23bba9cdcadc6767681b343d85a6541ef25767,"{""d"":7.0,""p"":0.00021544346900318845,""r"":7.0}",
     20480,         0,         0,    2.26,correlated_pymatching,e020dd2c32c8d7bf6cffbce0be23bba9cdcadc6767681b343d85a6541ef25767,"{""d"":7.0,""p"":0.00021544346900318845,""r"":7.0}",
      2048,         0,         0,   0.227,correlated_pymatching,3da66f42efe4b9ee8b75f8d643d901a11e2bc0d91db4c5f0c0317ddd420e34a5,"{""d"":7.0,""p"":0.0001,""r"":7.0}",
      2048,         0,         0,   0.243,correlated_pymatching,e020dd2c32c8d7bf6cffbce0be23bba9cdcadc6767681b343d85a6541ef25767,"{""d"":7.0,""p"":0.00021544346900318845,""r"":7.0}",
      2048,         0,         0,   0.260,correlated_pymatching,d821558028d0b71fbf8148e27be7c074e0e8b72611fd5ff402120f6913a24690,"{""d"":7.0,""p"":0.00046415888336127773,""r"":7.0}",
      2048,         1,         0,   0.262,correlated_pymatching,d821558028d0b71fbf8148e27be7c074e0e8b72611fd5ff402120f6913a24690,"{""d"":7.0,""p"":0.00046415888336127773,""r"":7.0}","{""obs_mistake_mask=E"":1}"
     17408,         1,         0,    2.20,correlated_pymatching,d821558028d0b71fbf8148e27be7c074e0e8b72611fd5ff402120f6913a24690,"{""d"":7.0,""p"":0.00046415888336127773,""r"":7.0}","{""obs_mistake_mask=E"":1}"
     17408,         0,         0,    2.20,correlated_pymatching,d821558028d0b71fbf8148e27be7c074e0e8b72611fd5ff402120f6913a24690,"{""d"":7.0,""p"":0.00046415888336127773,""r"":7.0}",
      3072,         0,         0,   0.326,correlated_pymatching,3da66f42efe4b9ee8b75f8d643d901a11e2bc0d91db4c5f0c0317ddd420e34a5,"{""d"":7.0,""p"":0.0001,""r"":7.0}",
      3072,         0,         0,   0.328,correlated_pymatching,3da66f42efe4b9ee8b75f8d643d901a11e2bc0d91db4c5f0c0317ddd420e34a5,"{""d"":7.0,""p"":0.0001,""r"":7.0}",
      2048,         0,         0,   0.298,correlated_pymatching,3da66f42efe4b9ee8b75f8d643d901a11e2bc0d91db4c5f0c0317ddd420e34a5,"{""d"":7.0,""p"":0.0001,""r"":7.0}",
      3072,         0,         0,   0.336,correlated_pymatching,e020dd2c32c8d7bf6cffbce0be23bba9cdcadc6767681b343d85a6541ef25767,"{""d"":7.0,""p"":0.00021544346900318845,""r"":7.0}",
      3072,         0,         0,   0.337,correlated_pymatching,e020dd2c32c8d7bf6cffbce0be23bba9cdcadc6767681b343d85a6541ef25767,"{""d"":7.0,""p"":0.00021544346900318845,""r"":7.0}",
      3072,         0,         0,   0.365,correlated_pymatching,e020dd2c32c8d7bf6cffbce0be23bba9cdcadc6767681b343d85a6541ef25767,"{""d"":7.0,""p"":0.00021544346900318845,""r"":7.0}",
      3072,         0,         0,   0.393,correlated_pymatching,d821558028d0b71fbf8148e27be7c074e0e8b72611fd5ff402120f6913a24690,"{""d"":7.0,""p"":0.00046415888336127773,""r"":7.0}",
      3072,         0,         0,   0.394,correlated_pymatching,d821558028d0b71fbf8148e27be7c074e0e8b72611fd5ff402120f6913a24690,"{""d"":7.0,""p"":0.00046415888336127773,""r"":7.0}",
      4096,         0,         0,   0.433,correlated_pymatching,3da66f42efe4b9ee8b75f8d643d901a11e2bc0d91db4c5f0c0317ddd420e34a5,"{""d"":7.0,""p"":0.0001,""r"":7.0}",
      4096,         0,         0,   0.435,correlated_pymatching,3da66f42efe4b9ee8b75f8d643d901a11e2bc0d91db4c5f0c0317ddd420e34a5,"{""d"":7.0,""p"":0.0001,""r"":7.0}",
      4096,         0,         0,   0.458,correlated_pymatching,3da66f42efe4b9ee8b75f8d643d901a11e2bc0d91db4c5f0c0317ddd420e34a5,"{""d"":7.0,""p"":0.0001,""r"":7.0}",
      4096,         0,         0,   0.451,correlated_pymatching,e020dd2c32c8d7bf6cffbce0be23bba9cdcadc6767681b343d85a6541ef25767,"{""d"":7.0,""p"":0.00021544346900318845,""r"":7.0}",
      4096,         0,         0,   0.452,correlated_pymatching,e020dd2c32c8d7bf6cffbce0be23bba9cdcadc6767681b343d85a6541ef25767,"{""d"":7.0,""p"":0.00021544346900318845,""r"":7.0}",
      4096,         0,         0,   0.489,correlated_pymatching,e020dd2c32c8d7bf6cffbce0be23bba9cdcadc6767681b343d85a6541ef25767,"{""d"":7.0,""p"":0.00021544346900318845,""r"":7.0}",
      4096,         0,         0,   0.525,correlated_pymatching,d821558028d0b71fbf8148e27be7c074e0e8b72611fd5ff402120f6913a24690,"{""d"":7.0,""p"":0.00046415888336127773,""r"":7.0}",
      4096,         0,         0,   0.526,correlated_pymatching,d821558028d0b71fbf8148e27be7c074e0e8b72611fd5ff402120f6913a24690,"{""d"":7.0,""p"":0.00046415888336127773,""r"":7.0}",
      5120,         0,         0,   0.568,correlated_pymatching,3da66f42efe4b9ee8b75f8d643d901a11e2bc0d91db4c5f0c0317ddd420e34a5,"{""d"":7.0,""p"":0.0001,""r"":7.0}",
      5120,         0,         0,   0.646,correlated_pymatching,3da66f42efe4b9ee8b75f8d643d901a11e2bc0d91db4c5f0c0317ddd420e34a5,"{""d"":7.0,""p"":0.0001,""r"":7.0}",
      5120,         0,         0,   0.570,correlated_pymatching,e020dd2c32c8d7bf6cffbce0be23bba9cdcadc6767681b343d85a6541ef25767,"{""d"":7.0,""p"":0.00021544346900318845,""r"":7.0}",
      6144,         0,         0,   0.650,correlated_pymatching,3da66f42efe4b9ee8b75f8d643d901a11e2bc0d91db4c5f0c0317ddd420e34a5,"{""d"":7.0,""p"":0.0001,""r"":7.0}",
     27648,         0,         0,    3.08,correlated_pymatching,3da66f42efe4b9ee8b75f8d643d901a11e2bc0d91db4c5f0c0317ddd420e34a5,"{""d"":7.0,""p"":0.0001,""r"":7.0}",
      6144,         0,         0,   0.681,correlated_pymatching,e020dd2c32c8d7bf6cffbce0be23bba9cdcadc6767681b343d85a6541ef25767,"{""d"":7.0,""p"":0.00021544346900318845,""r"":7.0}",
      5120,         0,         0,   0.601,correlated_pymatching,e020dd2c32c8d7bf6cffbce0be23bba9cdcadc6767681b343d85a6541ef25767,"{""d"":7.0,""p"":0.00021544346900318845,""r"":7.0}",
     27648,         0,         0,    3.06,correlated_pymatching,3da66f42efe4b9ee8b75f8d643d901a11e2bc0d91db4c5f0c0317ddd420e34a5,"{""d"":7.0,""p"":0.0001,""r"":7.0}",
     26624,         0,         0,    3.08,correlated_pymatching,e020dd2c32c8d7bf6cffbce0be23bba9cdcadc6767681b343d85a6541ef25767,"{""d"":7.0,""p"":0.00021544346900318845,""r"":7.0}",
     26624,         0,         0,    3.08,correlated_pymatching,e020dd2c32c8d7bf6cffbce0be23bba9cdcadc6767681b343d85a6541ef25767,"{""d"":7.0,""p"":0.00021544346900318845,""r"":7.0}",
      5120,         0,         0,   0.652,correlated_pymatching,d821558028d0b71fbf8148e27be7c074e0e8b72611fd5ff402120f6913a24690,"{""d"":7.0,""p"":0.00046415888336127773,""r"":7.0}",
      5120,         0,         0,   0.655,correlated_pymatching,d821558028d0b71fbf8148e27be7c074e0e8b72611fd5ff402120f6913a24690,"{""d"":7.0,""p"":0.00046415888336127773,""r"":7.0}",
      7168,         0,         0,   0.794,correlated_pymatching,3da66f42efe4b9ee8b75f8d643d901a11e2bc0d91db4c5f0c0317ddd420e34a5,"{""d"":7.0,""p"":0.0001,""r"":7.0}",
      7168,         0,         0,   0.803,correlated_pymatching,e020dd2c32c8d7bf6cffbce0be23bba9cdcadc6767681b343d85a6541ef25767,"{""d"":7.0,""p"":0.00021544346900318845,""r"":7.0}",
      8192,         0,         0,   0.871,correlated_pymatching,3da66f42efe4b9ee8b75f8d643d901a11e2bc0d91db4c5f0c0317ddd420e34a5,"{""d"":7.0,""p"":0.0001,""r"":7.0}",
      8192,         0,         0,   0.872,correlated_pymatching,3da66f42efe4b9ee8b75f8d643d901a11e2bc0d91db4c5f0c0317ddd420e34a5,"{""d"":7.0,""p"":0.0001,""r"":7.0}",
      7168,         0,         0,   0.801,correlated_pymatching,e020dd2c32c8d7bf6cffbce0be23bba9cdcadc6767681b343d85a6541ef25767,"{""d"":7.0,""p"":0.00021544346900318845,""r"":7.0}",
      7168,         0,         0,   0.842,correlated_pymatching,e020dd2c32c8d7bf6cffbce0be23bba9cdcadc6767681b343d85a6541ef25767,"{""d"":7.0,""p"":0.00021544346900318845,""r"":7.0}",
      7168,         0,         0,   0.914,correlated_pymatching,d821558028d0b71fbf8148e27be7c074e0e8b72611fd5ff402120f6913a24690,"{""d"":7.0,""p"":0.00046415888336127773,""r"":7.0}",
      7168,         0,         0,   0.920,correlated_pymatching,d821558028d0b71fbf8148e27be7c074e0e8b72611fd5ff402120f6913a24690,"{""d"":7.0,""p"":0.00046415888336127773,""r"":7.0}",
    100352,         0,         0,    11.8,correlated_pymatching,e020dd2c32c8d7bf6cffbce0be23bba9cdcadc6767681b343d85a6541ef25767,"{""d"":7.0,""p"":0.00021544346900318845,""r"":7.0}",
    110592,         0,         0,    11.8,correlated_pymatching,3da66f42efe4b9ee8b75f8d643d901a11e2bc0d91db4c5f0c0317ddd420e34a5,"{""d"":7.0,""p"":0.0001,""r"":7.0}",
     92160,         1,         0,    11.7,correlated_pymatching,d821558028d0b71fbf8148e27be7c074e0e8b72611fd5ff402120f6913a24690,"{""d"":7.0,""p"":0.00046415888336127773,""r"":7.0}","{""obs_mistake_mask=E"":1}"
    106496,         0,         0,    11.8,correlated_pymatching,3da66f42efe4b9ee8b75f8d643d901a11e2bc0d91db4c5f0c0317ddd420e34a5,"{""d"":7.0,""p"":0.0001,""r"":7.0}",
     27648,         0,         0,    3.06,correlated_pymatching,e020dd2c32c8d7bf6cffbce0be23bba9cdcadc6767681b343d85a6541ef25767,"{""d"":7.0,""p"":0.00021544346900318845,""r"":7.0}",
     27648,         0,         0,    3.08,correlated_pymatching,3da66f42efe4b9ee8b75f8d643d901a11e2bc0d91db4c5f0c0317ddd420e34a5,"{""d"":7.0,""p"":0.0001,""r"":7.0}",
     10240,         0,         0,    1.14,correlated_pymatching,3da66f42efe4b9ee8b75f8d643d901a11e2bc0d91db4c5f0c0317ddd420e34a5,"{""d"":7.0,""p"":0.0001,""r"":7.0}",
     10240,         0,         0,    1.13,correlated_pymatching,e020dd2c32c8d7bf6cffbce0be23bba9cdcadc6767681b343d85a6541ef25767,"{""d"":7.0,""p"":0.00021544346900318845,""r"":7.0}",
     24576,         1,         0,    3.13,correlated_pymatching,d821558028d0b71fbf8148e27be7c074e0e8b72611fd5ff402120f6913a24690,"{""d"":7.0,""p"":0.00046415888336127773,""r"":7.0}","{""obs_mistake_mask=E"":1}"
     24576,         0,         0,    3.10,correlated_pymatching,d821558028d0b71fbf8148e27be7c074e0e8b72611fd5ff402120f6913a24690,"{""d"":7.0,""p"":0.00046415888336127773,""r"":7.0}",
     10240,         0,         0,    1.12,correlated_pymatching,e020dd2c32c8d7bf6cffbce0be23bba9cdcadc6767681b343d85a6541ef25767,"{""d"":7.0,""p"":0.00021544346900318845,""r"":7.0}",
     11264,         0,         0,    1.20,correlated_pymatching,3da66f42efe4b9ee8b75f8d643d901a11e2bc0d91db4c5f0c0317ddd420e34a5,"{""d"":7.0,""p"":0.0001,""r"":7.0}",
     11264,         0,         0,    1.19,correlated_pymatching,3da66f42efe4b9ee8b75f8d643d901a11e2bc0d91db4c5f0c0317ddd420e34a5,"{""d"":7.0,""p"":0.0001,""r"":7.0}",
      9216,         0,         0,    1.14,correlated_pymatching,e020dd2c32c8d7bf6cffbce0be23bba9cdcadc6767681b343d85a6541ef25767,"{""d"":7.0,""p"":0.00021544346900318845,""r"":7.0}",
      8192,         0,         0,    1.13,correlated_pymatching,d821558028d0b71fbf8148e27be7c074e0e8b72611fd5ff402120f6913a24690,"{""d"":7.0,""p"":0.00046415888336127773,""r"":7.0}",
      9216,         0,         0,    1.20,correlated_pymatching,d821558028d0b71fbf8148e27be7c074e0e8b72611fd5ff402120f6913a24690,"{""d"":7.0,""p"":0.00046415888336127773,""r"":7.0}",
     14336,         0,         0,    1.59,correlated_pymatching,3da66f42efe4b9ee8b75f8d643d901a11e2bc0d91db4c5f0c0317ddd420e34a5,"{""d"":7.0,""p"":0.0001,""r"":7.0}",
     14336,         0,         0,    1.60,correlated_pymatching,e020dd2c32c8d7bf6cffbce0be23bba9cdcadc6767681b343d85a6541ef25767,"{""d"":7.0,""p"":0.00021544346900318845,""r"":7.0}",
     14336,         0,         0,    1.59,correlated_pymatching,e020dd2c32c8d7bf6cffbce0be23bba9cdcadc6767681b343d85a6541ef25767,"{""d"":7.0,""p"":0.00021544346900318845,""r"":7.0}",
     15360,         0,         0,    1.62,correlated_pymatching,3da66f42efe4b9ee8b75f8d643d901a11e2bc0d91db4c5f0c0317ddd420e34a5,"{""d"":7.0,""p"":0.0001,""r"":7.0}",
     13312,         0,         0,    1.56,correlated_pymatching,e020dd2c32c8d7bf6cffbce0be23bba9cdcadc6767681b343d85a6541ef25767,"{""d"":7.0,""p"":0.00021544346900318845,""r"":7.0}",
     15360,         0,         0,    1.63,correlated_pymatching,3da66f42efe4b9ee8b75f8d643d901a11e2bc0d91db4c5f0c0317ddd420e34a5,"{""d"":7.0,""p"":0.0001,""r"":7.0}",
     12288,         0,         0,    1.56,correlated_pymatching,d821558028d0b71fbf8148e27be7c074e0e8b72611fd5ff402120f6913a24690,"{""d"":7.0,""p"":0.00046415888336127773,""r"":7.0}",
     12288,         0,         0,    1.56,correlated_pymatching,d821558028d0b71fbf8148e27be7c074e0e8b72611fd5ff402120f6913a24690,"{""d"":7.0,""p"":0.00046415888336127773,""r"":7.0}",
     38912,         0,         0,    4.34,correlated_pymatching,3da66f42efe4b9ee8b75f8d643d901a11e2bc0d91db4c5f0c0317ddd420e34a5,"{""d"":7.0,""p"":0.0001,""r"":7.0}",
     36864,         0,         0,    4.27,correlated_pymatching,e020dd2c32c8d7bf6cffbce0be23bba9cdcadc6767681b343d85a6541ef25767,"{""d"":7.0,""p"":0.00021544346900318845,""r"":7.0}",
     36864,         0,         0,    4.27,correlated_pymatching,e020dd2c32c8d7bf6cffbce0be23bba9cdcadc6767681b343d85a6541ef25767,"{""d"":7.0,""p"":0.00021544346900318845,""r"":7.0}",
     38912,         0,         0,    4.30,correlated_pymatching,3da66f42efe4b9ee8b75f8d643d901a11e2bc0d91db4c5f0c0317ddd420e34a5,"{""d"":7.0,""p"":0.0001,""r"":7.0}",
     72704,         1,         0,    8.47,correlated_pymatching,e020dd2c32c8d7bf6cffbce0be23bba9cdcadc6767681b343d85a6541ef25767,"{""d"":7.0,""p"":0.00021544346900318845,""r"":7.0}","{""obs_mistake_mask=E"":1}"
     69632,         1,         0,    8.47,correlated_pymatching,d821558028d0b71fbf8148e27be7c074e0e8b72611fd5ff402120f6913a24690,"{""d"":7.0,""p"":0.00046415888336127773,""r"":7.0}","{""obs_mistake_mask=E"":1}"
     66560,         0,         0,    8.46,correlated_pymatching,d821558028d0b71fbf8148e27be7c074e0e8b72611fd5ff402120f6913a24690,"{""d"":7.0,""p"":0.00046415888336127773,""r"":7.0}",
     20480,         0,         0,    2.26,correlated_pymatching,3da66f42efe4b9ee8b75f8d643d901a11e2bc0d91db4c5f0c0317ddd420e34a5,"{""d"":7.0,""p"":0.0001,""r"":7.0}",
     20480,         0,         0,    2.28,correlated_pymatching,e020dd2c32c8d7bf6cffbce0be23bba9cdcadc6767681b343d85a6541ef25767,"{""d"":7.0,""p"":0.00021544346900318845,""r"":7.0}",
     20480,         0,         0,    2.25,correlated_pymatching,e020dd2c32c8d7bf6cffbce0be23bba9cdcadc6767681b343d85a6541ef25767,"{""d"":7.0,""p"":0.00021544346900318845,""r"":7.0}",
     21504,         0,         0,    2.27,correlated_pymatching,3da66f42efe4b9ee8b75f8d643d901a11e2bc0d91db4c5f0c0317ddd420e34a5,"{""d"":7.0,""p"":0.0001,""r"":7.0}",
     19456,         0,         0,    2.29,correlated_pymatching,e020dd2c32c8d7bf6cffbce0be23bba9cdcadc6767681b343d85a6541ef25767,"{""d"":7.0,""p"":0.00021544346900318845,""r"":7.0}",
     21504,         0,         0,    2.28,correlated_pymatching,3da66f42efe4b9ee8b75f8d643d901a11e2bc0d91db4c5f0c0317ddd420e34a5,"{""d"":7.0,""p"":0.0001,""r"":7.0}",
     38912,         0,         0,    4.33,correlated_pymatching,e020dd2c32c8d7bf6cffbce0be23bba9cdcadc6767681b343d85a6541ef25767,"{""d"":7.0,""p"":0.00021544346900318845,""r"":7.0}",
     38912,         0,         0,    4.35,correlated_pymatching,3da66f42efe4b9ee8b75f8d643d901a11e2bc0d91db4c5f0c0317ddd420e34a5,"{""d"":7.0,""p"":0.0001,""r"":7.0}",
     17408,         0,         0,    2.23,correlated_pymatching,d821558028d0b71fbf8148e27be7c074e0e8b72611fd5ff402120f6913a24690,"{""d"":7.0,""p"":0.00046415888336127773,""r"":7.0}",
     17408,         0,         0,    2.20,correlated_pymatching,d821558028d0b71fbf8148e27be7c074e0e8b72611fd5ff402120f6913a24690,"{""d"":7.0,""p"":0.00046415888336127773,""r"":7.0}",
     33792,         1,         0,    4.29,correlated_pymatching,d821558028d0b71fbf8148e27be7c074e0e8b72611fd5ff402120f6913a24690,"{""d"":7.0,""p"":0.00046415888336127773,""r"":7.0}","{""obs_mistake_mask=E"":1}"
     33792,         0,         0,    4.32,correlated_pymatching,d821558028d0b71fbf8148e27be7c074e0e8b72611fd5ff402120f6913a24690,"{""d"":7.0,""p"":0.00046415888336127773,""r"":7.0}",
     27648,         0,         0,    3.06,correlated_pymatching,3da66f42efe4b9ee8b75f8d643d901a11e2bc0d91db4c5f0c0317ddd420e34a5,"{""d"":7.0,""p"":0.0001,""r"":7.0}",
     27648,         0,         0,    3.09,correlated_pymatching,e020dd2c32c8d7bf6cffbce0be23bba9cdcadc6767681b343d85a6541ef25767,"{""d"":7.0,""p"":0.00021544346900318845,""r"":7.0}",
     92680,         0,         0,    11.1,correlated_pymatching,3da66f42efe4b9ee8b75f8d643d901a11e2bc0d91db4c5f0c0317ddd420e34a5,"{""d"":7.0,""p"":0.0001,""r"":7.0}",
     29696,         0,         0,    3.13,correlated_pymatching,3da66f42efe4b9ee8b75f8d643d901a11e2bc0d91db4c5f0c0317ddd420e34a5,"{""d"":7.0,""p"":0.0001,""r"":7.0}",
     24576,         0,         0,    3.24,correlated_pymatching,e020dd2c32c8d7bf6cffbce0be23bba9cdcadc6767681b343d85a6541ef25767,"{""d"":7.0,""p"":0.00021544346900318845,""r"":7.0}",
     26624,         0,         0,    3.15,correlated_pymatching,e020dd2c32c8d7bf6cffbce0be23bba9cdcadc6767681b343d85a6541ef25767,"{""d"":7.0,""p"":0.00021544346900318845,""r"":7.0}",
     29696,         0,         0,    3.15,correlated_pymatching,3da66f42efe4b9ee8b75f8d643d901a11e2bc0d91db4c5f0c0317ddd420e34a5,"{""d"":7.0,""p"":0.0001,""r"":7.0}",
     24576,         0,         0,    3.13,correlated_pymatching,d821558028d0b71fbf8148e27be7c074e0e8b72611fd5ff402120f6913a24690,"{""d"":7.0,""p"":0.00046415888336127773,""r"":7.0}",
     24576,         1,         0,    3.16,correlated_pymatching,d821558028d0b71fbf8148e27be7c074e0e8b72611fd5ff402120f6913a24690,"{""d"":7.0,""p"":0.00046415888336127773,""r"":7.0}","{""obs_mistake_mask=E"":1}"
    118419,         0,         0,    13.3,correlated_pymatching,3da66f42efe4b9ee8b75f8d643d901a11e2bc0d91db4c5f0c0317ddd420e34a5,"{""d"":7.0,""p"":0.0001,""r"":7.0}",
     54272,         0,         0,    6.04,correlated_pymatching,3da66f42efe4b9ee8b75f8d643d901a11e2bc0d91db4c5f0c0317ddd420e34a5,"{""d"":7.0,""p"":0.0001,""r"":7.0}",
     54272,         0,         0,    6.02,correlated_pymatching,3da66f42efe4b9ee8b75f8d643d901a11e2bc0d91db4c5f0c0317ddd420e34a5,"{""d"":7.0,""p"":0.0001,""r"":7.0}",
     52224,         0,         0,    6.06,correlated_pymatching,e020dd2c32c8d7bf6cffbce0be23bba9cdcadc6767681b343d85a6541ef25767,"{""d"":7.0,""p"":0.00021544346900318845,""r"":7.0}",
     52224,         0,         0,    6.07,correlated_pymatching,e020dd2c32c8d7bf6cffbce0be23bba9cdcadc6767681b343d85a6541ef25767,"{""d"":7.0,""p"":0.00021544346900318845,""r"":7.0}",
    102255,         0,         0,    14.7,correlated_pymatching,3da66f42efe4b9ee8b75f8d643d901a11e2bc0d91db4c5f0c0317ddd420e34a5,"{""d"":7.0,""p"":0.0001,""r"":7.0}",
     86016,         0,         0,    9.13,correlated_pymatching,3da66f42efe4b9ee8b75f8d643d901a11e2bc0d91db4c5f0c0317ddd420e34a5,"{""d"":7.0,""p"":0.0001,""r"":7.0}",
     83091,         0,         0,    9.31,correlated_pymatching,3da66f42efe4b9ee8b75f8d643d901a11e2bc0d91db4c5f0c0317ddd420e34a5,"{""d"":7.0,""p"":0.0001,""r"":7.0}",
    122656,         0,         0,    13.6,correlated_pymatching,e020dd2c32c8d7bf6cffbce0be23bba9cdcadc6767681b343d85a6541ef25767,"{""d"":7.0,""p"":0.00021544346900318845,""r"":7.0}",
    144384,         0,         0,    16.0,correlated_pymatching,e020dd2c32c8d7bf6cffbce0be23bba9cdcadc6767681b343d85a6541ef25767,"{""d"":7.0,""p"":0.00021544346900318845,""r"":7.0}",
    131072,         0,         0,    15.4,correlated_pymatching,e020dd2c32c8d7bf6cffbce0be23bba9cdcadc6767681b343d85a6541ef25767,"{""d"":7.0,""p"":0.00021544346900318845,""r"":7.0}",
     54272,         0,         0,    6.01,correlated_pymatching,e020dd2c32c8d7bf6cffbce0be23bba9cdcadc6767681b343d85a6541ef25767,"{""d"":7.0,""p"":0.00021544346900318845,""r"":7.0}",
     54272,         0,         0,    6.04,correlated_pymatching,3da66f42efe4b9ee8b75f8d643d901a11e2bc0d91db4c5f0c0317ddd420e34a5,"{""d"":7.0,""p"":0.0001,""r"":7.0}",
     47104,         0,         0,    6.01,correlated_pymatching,d821558028d0b71fbf8148e27be7c074e0e8b72611fd5ff402120f6913a24690,"{""d"":7.0,""p"":0.00046415888336127773,""r"":7.0}",
     47104,         0,         0,    5.98,correlated_pymatching,d821558028d0b71fbf8148e27be7c074e0e8b72611fd5ff402120f6913a24690,"{""d"":7.0,""p"":0.00046415888336127773,""r"":7.0}",
    135168,         0,         0,    16.4,correlated_pymatching,d821558028d0b71fbf8148e27be7c074e0e8b72611fd5ff402120f6913a24690,"{""d"":7.0,""p"":0.00046415888336127773,""r"":7.0}",
    128000,         4,         0,    16.4,correlated_pymatching,d821558028d0b71fbf8148e27be7c074e0e8b72611fd5ff402120f6913a24690,"{""d"":7.0,""p"":0.00046415888336127773,""r"":7.0}","{""obs_mistake_mask=E"":4}"
     38912,         0,         0,    4.31,correlated_pymatching,3da66f42efe4b9ee8b75f8d643d901a11e2bc0d91db4c5f0c0317ddd420e34a5,"{""d"":7.0,""p"":0.0001,""r"":7.0}",
     38912,         0,         0,    4.35,correlated_pymatching,e020dd2c32c8d7bf6cffbce0be23bba9cdcadc6767681b343d85a6541ef25767,"{""d"":7.0,""p"":0.00021544346900318845,""r"":7.0}",
     28672,         0,         0,    4.27,correlated_pymatching,e020dd2c32c8d7bf6cffbce0be23bba9cdcadc6767681b343d85a6541ef25767,"{""d"":7.0,""p"":0.00021544346900318845,""r"":7.0}",
     40960,         0,         0,    4.35,correlated_pymatching,3da66f42efe4b9ee8b75f8d643d901a11e2bc0d91db4c5f0c0317ddd420e34a5,"{""d"":7.0,""p"":0.0001,""r"":7.0}",
     36864,         0,         0,    4.34,correlated_pymatching,e020dd2c32c8d7bf6cffbce0be23bba9cdcadc6767681b343d85a6541ef25767,"{""d"":7.0,""p"":0.00021544346900318845,""r"":7.0}",
     40960,         0,         0,    4.37,correlated_pymatching,3da66f42efe4b9ee8b75f8d643d901a11e2bc0d91db4c5f0c0317ddd420e34a5,"{""d"":7.0,""p"":0.0001,""r"":7.0}",
     33792,         0,         0,    4.30,correlated_pymatching,d821558028d0b71fbf8148e27be7c074e0e8b72611fd5ff402120f6913a24690,"{""d"":7.0,""p"":0.00046415888336127773,""r"":7.0}",
     33792,         0,         0,    4.35,correlated_pymatching,d821558028d0b71fbf8148e27be7c074e0e8b72611fd5ff402120f6913a24690,"{""d"":7.0,""p"":0.00046415888336127773,""r"":7.0}",
     13446,         0,         0,    1.59,correlated_pymatching,3da66f42efe4b9ee8b75f8d643d901a11e2bc0d91db4c5f0c0317ddd420e34a5,"{""d"":7.0,""p"":0.0001,""r"":7.0}",
     50577,         0,         0,    5.45,correlated_pymatching,3da66f42efe4b9ee8b75f8d643d901a11e2bc0d91db4c5f0c0317ddd420e34a5,"{""d"":7.0,""p"":0.0001,""r"":7.0}",
    110854,         0,         0,    13.0,correlated_pymatching,e020dd2c32c8d7bf6cffbce0be23bba9cdcadc6767681b343d85a6541ef25767,"{""d"":7.0,""p"":0.00021544346900318845,""r"":7.0}",
     80896,         0,         0,    9.40,correlated_pymatching,e020dd2c32c8d7bf6cffbce0be23bba9cdcadc6767681b343d85a6541ef25767,"{""d"":7.0,""p"":0.00021544346900318845,""r"":7.0}",
    128000,         0,         0,    16.4,correlated_pymatching,d821558028d0b71fbf8148e27be7c074e0e8b72611fd5ff402120f6913a24690,"{""d"":7.0,""p"":0.00046415888336127773,""r"":7.0}",
     45979,         0,         0,    5.16,correlated_pymatching,3da66f42efe4b9ee8b75f8d643d901a11e2bc0d91db4c5f0c0317ddd420e34a5,"{""d"":7.0,""p"":0.0001,""r"":7.0}",
     41984,         0,         0,    4.47,correlated_pymatching,3da66f42efe4b9ee8b75f8d643d901a11e2bc0d91db4c5f0c0317ddd420e34a5,"{""d"":7.0,""p"":0.0001,""r"":7.0}",
     41799,         0,         0,    4.47,correlated_pymatching,3da66f42efe4b9ee8b75f8d643d901a11e2bc0d91db4c5f0c0317ddd420e34a5,"{""d"":7.0,""p"":0.0001,""r"":7.0}",
     41799,         0,         0,    4.66,correlated_pymatching,3da66f42efe4b9ee8b75f8d643d901a11e2bc0d91db4c5f0c0317ddd420e34a5,"{""d"":7.0,""p"":0.0001,""r"":7.0}",
     41799,         0,         0,    4.70,correlated_pymatching,3da66f42efe4b9ee8b75f8d643d901a11e2bc0d91db4c5f0c0317ddd420e34a5,"{""d"":7.0,""p"":0.0001,""r"":7.0}",
     37888,         0,         0,    4.20,correlated_pymatching,3da66f42efe4b9ee8b75f8d643d901a11e2bc0d91db4c5f0c0317ddd420e34a5,"{""d"":7.0,""p"":0.0001,""r"":7.0}",
     26583,         0,         0,    2.84,correlated_pymatching,3da66f42efe4b9ee8b75f8d643d901a11e2bc0d91db4c5f0c0317ddd420e34a5,"{""d"":7.0,""p"":0.0001,""r"":7.0}",
     23552,         0,         0,    2.63,correlated_pymatching,3da66f42efe4b9ee8b75f8d643d901a11e2bc0d91db4c5f0c0317ddd420e34a5,"{""d"":7.0,""p"":0.0001,""r"":7.0}",
     27648,         0,         0,    2.95,correlated_pymatching,3da66f42efe4b9ee8b75f8d643d901a11e2bc0d91db4c5f0c0317ddd420e34a5,"{""d"":7.0,""p"":0.0001,""r"":7.0}",
     29696,         0,         0,    3.31,correlated_pymatching,3da66f42efe4b9ee8b75f8d643d901a11e2bc0d91db4c5f0c0317ddd420e34a5,"{""d"":7.0,""p"":0.0001,""r"":7.0}",
     12355,         0,         0,    1.40,correlated_pymatching,3da66f42efe4b9ee8b75f8d643d901a11e2bc0d91db4c5f0c0317ddd420e34a5,"{""d"":7.0,""p"":0.0001,""r"":7.0}",
     11527,         0,         0,    1.37,correlated_pymatching,3da66f42efe4b9ee8b75f8d643d901a11e2bc0d91db4c5f0c0317ddd420e34a5,"{""d"":7.0,""p"":0.0001,""r"":7.0}",
     13312,         0,         0,    1.51,correlated_pymatching,3da66f42efe4b9ee8b75f8d643d901a11e2bc0d91db4c5f0c0317ddd420e34a5,"{""d"":7.0,""p"":0.0001,""r"":7.0}",
     12288,         0,         0,    1.39,correlated_pymatching,3da66f42efe4b9ee8b75f8d643d901a11e2bc0d91db4c5f0c0317ddd420e34a5,"{""d"":7.0,""p"":0.0001,""r"":7.0}",
     12288,         0,         0,    1.40,correlated_pymatching,3da66f42efe4b9ee8b75f8d643d901a11e2bc0d91db4c5f0c0317ddd420e34a5,"{""d"":7.0,""p"":0.0001,""r"":7.0}",
     20480,         0,         0,    2.19,correlated_pymatching,3da66f42efe4b9ee8b75f8d643d901a11e2bc0d91db4c5f0c0317ddd420e34a5,"{""d"":7.0,""p"":0.0001,""r"":7.0}",
     13312,         0,         0,    1.43,correlated_pymatching,3da66f42efe4b9ee8b75f8d643d901a11e2bc0d91db4c5f0c0317ddd420e34a5,"{""d"":7.0,""p"":0.0001,""r"":7.0}",
     44555,         0,         0,    4.99,correlated_pymatching,e020dd2c32c8d7bf6cffbce0be23bba9cdcadc6767681b343d85a6541ef25767,"{""d"":7.0,""p"":0.00021544346900318845,""r"":7.0}",
       242,         0,         0,   0.107,correlated_pymatching,3da66f42efe4b9ee8b75f8d643d901a11e2bc0d91db4c5f0c0317ddd420e34a5,"{""d"":7.0,""p"":0.0001,""r"":7.0}",
      1217,         0,         0,   0.218,correlated_pymatching,3da66f42efe4b9ee8b75f8d643d901a11e2bc0d91db4c5f0c0317ddd420e34a5,"{""d"":7.0,""p"":0.0001,""r"":7.0}",
       645,         0,         0,   0.117,correlated_pymatching,3da66f42efe4b9ee8b75f8d643d901a11e2bc0d91db4c5f0c0317ddd420e34a5,"{""d"":7.0,""p"":0.0001,""r"":7.0}",
      1446,         0,         0,   0.233,correlated_pymatching,3da66f42efe4b9ee8b75f8d643d901a11e2bc0d91db4c5f0c0317ddd420e34a5,"{""d"":7.0,""p"":0.0001,""r"":7.0}",
      1920,         0,         0,   0.220,correlated_pymatching,3da66f42efe4b9ee8b75f8d643d901a11e2bc0d91db4c5f0c0317ddd420e34a5,"{""d"":7.0,""p"":0.0001,""r"":7.0}",
      2928,         0,         0,   0.343,correlated_pymatching,3da66f42efe4b9ee8b75f8d643d901a11e2bc0d91db4c5f0c0317ddd420e34a5,"{""d"":7.0,""p"":0.0001,""r"":7.0}",
      1130,         0,         0,   0.208,correlated_pymatching,3da66f42efe4b9ee8b75f8d643d901a11e2bc0d91db4c5f0c0317ddd420e34a5,"{""d"":7.0,""p"":0.0001,""r"":7.0}",
      4547,         0,         0,   0.542,correlated_pymatching,3da66f42efe4b9ee8b75f8d643d901a11e2bc0d91db4c5f0c0317ddd420e34a5,"{""d"":7.0,""p"":0.0001,""r"":7.0}",
      4547,         0,         0,   0.552,correlated_pymatching,3da66f42efe4b9ee8b75f8d643d901a11e2bc0d91db4c5f0c0317ddd420e34a5,"{""d"":7.0,""p"":0.0001,""r"":7.0}",
      4547,         0,         0,   0.570,correlated_pymatching,3da66f42efe4b9ee8b75f8d643d901a11e2bc0d91db4c5f0c0317ddd420e34a5,"{""d"":7.0,""p"":0.0001,""r"":7.0}",
        75,         0,         0,   0.103,correlated_pymatching,3da66f42efe4b9ee8b75f8d643d901a11e2bc0d91db4c5f0c0317ddd420e34a5,"{""d"":7.0,""p"":0.0001,""r"":7.0}",
      4096,         0,         0,   0.461,correlated_pymatching,3da66f42efe4b9ee8b75f8d643d901a11e2bc0d91db4c5f0c0317ddd420e34a5,"{""d"":7.0,""p"":0.0001,""r"":7.0}",
       130,         0,         0,   0.099,correlated_pymatching,3da66f42efe4b9ee8b75f8d643d901a11e2bc0d91db4c5f0c0317ddd420e34a5,"{""d"":7.0,""p"":0.0001,""r"":7.0}",
      4357,         0,         0,   0.563,correlated_pymatching,3da66f42efe4b9ee8b75f8d643d901a11e2bc0d91db4c5f0c0317ddd420e34a5,"{""d"":7.0,""p"":0.0001,""r"":7.0}",
       782,         0,         0,   0.111,correlated_pymatching,3da66f42efe4b9ee8b75f8d643d901a11e2bc0d91db4c5f0c0317ddd420e34a5,"{""d"":7.0,""p"":0.0001,""r"":7.0}",
      2048,         0,         0,   0.234,correlated_pymatching,3da66f42efe4b9ee8b75f8d643d901a11e2bc0d91db4c5f0c0317ddd420e34a5,"{""d"":7.0,""p"":0.0001,""r"":7.0}",
      3072,         0,         0,   0.340,correlated_pymatching,3da66f42efe4b9ee8b75f8d643d901a11e2bc0d91db4c5f0c0317ddd420e34a5,"{""d"":7.0,""p"":0.0001,""r"":7.0}",
       782,         0,         0,   0.109,correlated_pymatching,3da66f42efe4b9ee8b75f8d643d901a11e2bc0d91db4c5f0c0317ddd420e34a5,"{""d"":7.0,""p"":0.0001,""r"":7.0}",
       190,         0,         0,   0.104,correlated_pymatching,3da66f42efe4b9ee8b75f8d643d901a11e2bc0d91db4c5f0c0317ddd420e34a5,"{""d"":7.0,""p"":0.0001,""r"":7.0}",
      2048,         0,         0,   0.216,correlated_pymatching,3da66f42efe4b9ee8b75f8d643d901a11e2bc0d91db4c5f0c0317ddd420e34a5,"{""d"":7.0,""p"":0.0001,""r"":7.0}",
      3072,         0,         0,   0.335,correlated_pymatching,3da66f42efe4b9ee8b75f8d643d901a11e2bc0d91db4c5f0c0317ddd420e34a5,"{""d"":7.0,""p"":0.0001,""r"":7.0}",
       782,         0,         0,   0.106,correlated_pymatching,3da66f42efe4b9ee8b75f8d643d901a11e2bc0d91db4c5f0c0317ddd420e34a5,"{""d"":7.0,""p"":0.0001,""r"":7.0}",
       261,         0,         0,   0.105,correlated_pymatching,3da66f42efe4b9ee8b75f8d643d901a11e2bc0d91db4c5f0c0317ddd420e34a5,"{""d"":7.0,""p"":0.0001,""r"":7.0}",
      2574,         0,         0,   0.327,correlated_pymatching,3da66f42efe4b9ee8b75f8d643d901a11e2bc0d91db4c5f0c0317ddd420e34a5,"{""d"":7.0,""p"":0.0001,""r"":7.0}",
       329,         0,         0,   0.104,correlated_pymatching,3da66f42efe4b9ee8b75f8d643d901a11e2bc0d91db4c5f0c0317ddd420e34a5,"{""d"":7.0,""p"":0.0001,""r"":7.0}",
       827,         0,         0,   0.119,correlated_pymatching,3da66f42efe4b9ee8b75f8d643d901a11e2bc0d91db4c5f0c0317ddd420e34a5,"{""d"":7.0,""p"":0.0001,""r"":7.0}",
       103,         0,         0,   0.111,correlated_pymatching,3da66f42efe4b9ee8b75f8d643d901a11e2bc0d91db4c5f0c0317ddd420e34a5,"{""d"":7.0,""p"":0.0001,""r"":7.0}",
       782,         0,         0,   0.110,correlated_pymatching,3da66f42efe4b9ee8b75f8d643d901a11e2bc0d91db4c5f0c0317ddd420e34a5,"{""d"":7.0,""p"":0.0001,""r"":7.0}",
     96256,         0,         0,    11.7,correlated_pymatching,d821558028d0b71fbf8148e27be7c074e0e8b72611fd5ff402120f6913a24690,"{""d"":7.0,""p"":0.00046415888336127773,""r"":7.0}",
       418,         0,         0,   0.099,correlated_pymatching,3da66f42efe4b9ee8b75f8d643d901a11e2bc0d91db4c5f0c0317ddd420e34a5,"{""d"":7.0,""p"":0.0001,""r"":7.0}",
       329,         0,         0,   0.105,correlated_pymatching,3da66f42efe4b9ee8b75f8d643d901a11e2bc0d91db4c5f0c0317ddd420e34a5,"{""d"":7.0,""p"":0.0001,""r"":7.0}",
     19926,         2,         0,    2.60,correlated_pymatching,d821558028d0b71fbf8148e27be7c074e0e8b72611fd5ff402120f6913a24690,"{""d"":7.0,""p"":0.00046415888336127773,""r"":7.0}","{""obs_mistake_mask=E"":2}"
      1179,         0,         0,   0.215,correlated_pymatching,3da66f42efe4b9ee8b75f8d643d901a11e2bc0d91db4c5f0c0317ddd420e34a5,"{""d"":7.0,""p"":0.0001,""r"":7.0}",
        71,         0,         0,   0.107,correlated_pymatching,3da66f42efe4b9ee8b75f8d643d901a11e2bc0d91db4c5f0c0317ddd420e34a5,"{""d"":7.0,""p"":0.0001,""r"":7.0}",
    123904,         3,         0,    15.7,correlated_pymatching,d821558028d0b71fbf8148e27be7c074e0e8b72611fd5ff402120f6913a24690,"{""d"":7.0,""p"":0.00046415888336127773,""r"":7.0}","{""obs_mistake_mask=E"":3}"
     48128,         0,         0,    5.67,correlated_pymatching,e020dd2c32c8d7bf6cffbce0be23bba9cdcadc6767681b343d85a6541ef25767,"{""d"":7.0,""p"":0.00021544346900318845,""r"":7.0}",
     48128,         0,         0,    5.33,correlated_pymatching,e020dd2c32c8d7bf6cffbce0be23bba9cdcadc6767681b343d85a6541ef25767,"{""d"":7.0,""p"":0.00021544346900318845,""r"":7.0}",
     59392,         0,         0,    6.90,correlated_pymatching,e020dd2c32c8d7bf6cffbce0be23bba9cdcadc6767681b343d85a6541ef25767,"{""d"":7.0,""p"":0.00021544346900318845,""r"":7.0}",
     59392,         0,         0,    6.92,correlated_pymatching,e020dd2c32c8d7bf6cffbce0be23bba9cdcadc6767681b343d85a6541ef25767,"{""d"":7.0,""p"":0.00021544346900318845,""r"":7.0}",
     93184,         4,         0,    11.8,correlated_pymatching,d821558028d0b71fbf8148e27be7c074e0e8b72611fd5ff402120f6913a24690,"{""d"":7.0,""p"":0.00046415888336127773,""r"":7.0}","{""obs_mistake_mask=E"":4}"
     38912,         0,         0,    4.27,correlated_pymatching,e020dd2c32c8d7bf6cffbce0be23bba9cdcadc6767681b343d85a6541ef25767,"{""d"":7.0,""p"":0.00021544346900318845,""r"":7.0}",
         1,         0,         0,   0.099,correlated_pymatching,e020dd2c32c8d7bf6cffbce0be23bba9cdcadc6767681b343d85a6541ef25767,"{""d"":7.0,""p"":0.00021544346900318845,""r"":7.0}",
         1,         0,         0,   0.102,correlated_pymatching,d821558028d0b71fbf8148e27be7c074e0e8b72611fd5ff402120f6913a24690,"{""d"":7.0,""p"":0.00046415888336127773,""r"":7.0}",
         1,         0,         0,   0.098,correlated_pymatching,e020dd2c32c8d7bf6cffbce0be23bba9cdcadc6767681b343d85a6541ef25767,"{""d"":7.0,""p"":0.00021544346900318845,""r"":7.0}",
         1,         0,         0,   0.098,correlated_pymatching,d821558028d0b71fbf8148e27be7c074e0e8b72611fd5ff402120f6913a24690,"{""d"":7.0,""p"":0.00046415888336127773,""r"":7.0}",
         1,         0,         0,   0.104,correlated_pymatching,d821558028d0b71fbf8148e27be7c074e0e8b72611fd5ff402120f6913a24690,"{""d"":7.0,""p"":0.00046415888336127773,""r"":7.0}",
         1,         0,         0,   0.098,correlated_pymatching,e020dd2c32c8d7bf6cffbce0be23bba9cdcadc6767681b343d85a6541ef25767,"{""d"":7.0,""p"":0.00021544346900318845,""r"":7.0}",
         1,         0,         0,   0.097,correlated_pymatching,d821558028d0b71fbf8148e27be7c074e0e8b72611fd5ff402120f6913a24690,"{""d"":7.0,""p"":0.00046415888336127773,""r"":7.0}",
         1,         0,         0,   0.097,correlated_pymatching,e020dd2c32c8d7bf6cffbce0be23bba9cdcadc6767681b343d85a6541ef25767,"{""d"":7.0,""p"":0.00021544346900318845,""r"":7.0}",
         1,         0,         0,   0.102,correlated_pymatching,e020dd2c32c8d7bf6cffbce0be23bba9cdcadc6767681b343d85a6541ef25767,"{""d"":7.0,""p"":0.00021544346900318845,""r"":7.0}",
         1,         0,         0,   0.103,correlated_pymatching,d821558028d0b71fbf8148e27be7c074e0e8b72611fd5ff402120f6913a24690,"{""d"":7.0,""p"":0.00046415888336127773,""r"":7.0}",
         1,         0,         0,   0.104,correlated_pymatching,d821558028d0b71fbf8148e27be7c074e0e8b72611fd5ff402120f6913a24690,"{""d"":7.0,""p"":0.00046415888336127773,""r"":7.0}",
         4,         0,         0,   0.101,correlated_pymatching,e020dd2c32c8d7bf6cffbce0be23bba9cdcadc6767681b343d85a6541ef25767,"{""d"":7.0,""p"":0.00021544346900318845,""r"":7.0}",
         4,         0,         0,   0.098,correlated_pymatching,e020dd2c32c8d7bf6cffbce0be23bba9cdcadc6767681b343d85a6541ef25767,"{""d"":7.0,""p"":0.00021544346900318845,""r"":7.0}",
         4,         0,         0,   0.097,correlated_pymatching,d821558028d0b71fbf8148e27be7c074e0e8b72611fd5ff402120f6913a24690,"{""d"":7.0,""p"":0.00046415888336127773,""r"":7.0}",
         4,         0,         0,   0.103,correlated_pymatching,d821558028d0b71fbf8148e27be7c074e0e8b72611fd5ff402120f6913a24690,"{""d"":7.0,""p"":0.00046415888336127773,""r"":7.0}",
         4,         0,         0,   0.098,correlated_pymatching,e020dd2c32c8d7bf6cffbce0be23bba9cdcadc6767681b343d85a6541ef25767,"{""d"":7.0,""p"":0.00021544346900318845,""r"":7.0}",
         4,         0,         0,   0.102,correlated_pymatching,d821558028d0b71fbf8148e27be7c074e0e8b72611fd5ff402120f6913a24690,"{""d"":7.0,""p"":0.00046415888336127773,""r"":7.0}",
         4,         0,         0,   0.098,correlated_pymatching,d821558028d0b71fbf8148e27be7c074e0e8b72611fd5ff402120f6913a24690,"{""d"":7.0,""p"":0.00046415888336127773,""r"":7.0}",
         4,         0,         0,   0.098,correlated_pymatching,e020dd2c32c8d7bf6cffbce0be23bba9cdcadc6767681b343d85a6541ef25767,"{""d"":7.0,""p"":0.00021544346900318845,""r"":7.0}",
         4,         0,         0,   0.102,correlated_pymatching,e020dd2c32c8d7bf6cffbce0be23bba9cdcadc6767681b343d85a6541ef25767,"{""d"":7.0,""p"":0.00021544346900318845,""r"":7.0}",
         4,         0,         0,   0.103,correlated_pymatching,d821558028d0b71fbf8148e27be7c074e0e8b72611fd5ff402120f6913a24690,"{""d"":7.0,""p"":0.00046415888336127773,""r"":7.0}",
         4,         0,         0,   0.103,correlated_pymatching,d821558028d0b71fbf8148e27be7c074e0e8b72611fd5ff402120f6913a24690,"{""d"":7.0,""p"":0.00046415888336127773,""r"":7.0}",
        16,         0,         0,   0.102,correlated_pymatching,e020dd2c32c8d7bf6cffbce0be23bba9cdcadc6767681b343d85a6541ef25767,"{""d"":7.0,""p"":0.00021544346900318845,""r"":7.0}",
        16,         0,         0,   0.100,correlated_pymatching,e020dd2c32c8d7bf6cffbce0be23bba9cdcadc6767681b343d85a6541ef25767,"{""d"":7.0,""p"":0.00021544346900318845,""r"":7.0}",
        16,         0,         0,   0.099,correlated_pymatching,d821558028d0b71fbf8148e27be7c074e0e8b72611fd5ff402120f6913a24690,"{""d"":7.0,""p"":0.00046415888336127773,""r"":7.0}",
        16,         0,         0,   0.104,correlated_pymatching,d821558028d0b71fbf8148e27be7c074e0e8b72611fd5ff402120f6913a24690,"{""d"":7.0,""p"":0.00046415888336127773,""r"":7.0}",
        16,         0,         0,   0.100,correlated_pymatching,e020dd2c32c8d7bf6cffbce0be23bba9cdcadc6767681b343d85a6541ef25767,"{""d"":7.0,""p"":0.00021544346900318845,""r"":7.0}",
        16,         0,         0,   0.103,correlated_pymatching,d821558028d0b71fbf8148e27be7c074e0e8b72611fd5ff402120f6913a24690,"{""d"":7.0,""p"":0.00046415888336127773,""r"":7.0}",
        16,         0,         0,   0.099,correlated_pymatching,e020dd2c32c8d7bf6cffbce0be23bba9cdcadc6767681b343d85a6541ef25767,"{""d"":7.0,""p"":0.00021544346900318845,""r"":7.0}",
        16,         0,         0,   0.100,correlated_pymatching,d821558028d0b71fbf8148e27be7c074e0e8b72611fd5ff402120f6913a24690,"{""d"":7.0,""p"":0.00046415888336127773,""r"":7.0}",
        16,         0,         0,   0.103,correlated_pymatching,e020dd2c32c8d7bf6cffbce0be23bba9cdcadc6767681b343d85a6541ef25767,"{""d"":7.0,""p"":0.00021544346900318845,""r"":7.0}",
        16,         0,         0,   0.103,correlated_pymatching,d821558028d0b71fbf8148e27be7c074e0e8b72611fd5ff402120f6913a24690,"{""d"":7.0,""p"":0.00046415888336127773,""r"":7.0}",
        16,         0,         0,   0.104,correlated_pymatching,d821558028d0b71fbf8148e27be7c074e0e8b72611fd5ff402120f6913a24690,"{""d"":7.0,""p"":0.00046415888336127773,""r"":7.0}",
        64,         0,         0,   0.101,correlated_pymatching,e020dd2c32c8d7bf6cffbce0be23bba9cdcadc6767681b343d85a6541ef25767,"{""d"":7.0,""p"":0.00021544346900318845,""r"":7.0}",
        64,         0,         0,   0.100,correlated_pymatching,e020dd2c32c8d7bf6cffbce0be23bba9cdcadc6767681b343d85a6541ef25767,"{""d"":7.0,""p"":0.00021544346900318845,""r"":7.0}",
        64,         0,         0,   0.100,correlated_pymatching,d821558028d0b71fbf8148e27be7c074e0e8b72611fd5ff402120f6913a24690,"{""d"":7.0,""p"":0.00046415888336127773,""r"":7.0}",
        64,         0,         0,   0.099,correlated_pymatching,e020dd2c32c8d7bf6cffbce0be23bba9cdcadc6767681b343d85a6541ef25767,"{""d"":7.0,""p"":0.00021544346900318845,""r"":7.0}",
        64,         0,         0,   0.104,correlated_pymatching,d821558028d0b71fbf8148e27be7c074e0e8b72611fd5ff402120f6913a24690,"{""d"":7.0,""p"":0.00046415888336127773,""r"":7.0}",
        64,         0,         0,   0.099,correlated_pymatching,e020dd2c32c8d7bf6cffbce0be23bba9cdcadc6767681b343d85a6541ef25767,"{""d"":7.0,""p"":0.00021544346900318845,""r"":7.0}",
        64,         0,         0,   0.101,correlated_pymatching,d821558028d0b71fbf8148e27be7c074e0e8b72611fd5ff402120f6913a24690,"{""d"":7.0,""p"":0.00046415888336127773,""r"":7.0}",
        64,         0,         0,   0.106,correlated_pymatching,d821558028d0b71fbf8148e27be7c074e0e8b72611fd5ff402120f6913a24690,"{""d"":7.0,""p"":0.00046415888336127773,""r"":7.0}",
        64,         0,         0,   0.105,correlated_pymatching,e020dd2c32c8d7bf6cffbce0be23bba9cdcadc6767681b343d85a6541ef25767,"{""d"":7.0,""p"":0.00021544346900318845,""r"":7.0}",
        64,         0,         0,   0.106,correlated_pymatching,d821558028d0b71fbf8148e27be7c074e0e8b72611fd5ff402120f6913a24690,"{""d"":7.0,""p"":0.00046415888336127773,""r"":7.0}",
        64,         0,         0,   0.105,correlated_pymatching,d821558028d0b71fbf8148e27be7c074e0e8b72611fd5ff402120f6913a24690,"{""d"":7.0,""p"":0.00046415888336127773,""r"":7.0}",
       256,         0,         0,   0.106,correlated_pymatching,e020dd2c32c8d7bf6cffbce0be23bba9cdcadc6767681b343d85a6541ef25767,"{""d"":7.0,""p"":0.00021544346900318845,""r"":7.0}",
       256,         0,         0,   0.104,correlated_pymatching,e020dd2c32c8d7bf6cffbce0be23bba9cdcadc6767681b343d85a6541ef25767,"{""d"":7.0,""p"":0.00021544346900318845,""r"":7.0}",
       256,         0,         0,   0.106,correlated_pymatching,d821558028d0b71fbf8148e27be7c074e0e8b72611fd5ff402120f6913a24690,"{""d"":7.0,""p"":0.00046415888336127773,""r"":7.0}",
       256,         0,         0,   0.104,correlated_pymatching,e020dd2c32c8d7bf6cffbce0be23bba9cdcadc6767681b343d85a6541ef25767,"{""d"":7.0,""p"":0.00021544346900318845,""r"":7.0}",
       256,         0,         0,   0.103,correlated_pymatching,e020dd2c32c8d7bf6cffbce0be23bba9cdcadc6767681b343d85a6541ef25767,"{""d"":7.0,""p"":0.00021544346900318845,""r"":7.0}",
       256,         0,         0,   0.109,correlated_pymatching,d821558028d0b71fbf8148e27be7c074e0e8b72611fd5ff402120f6913a24690,"{""d"":7.0,""p"":0.00046415888336127773,""r"":7.0}",
       256,         0,         0,   0.106,correlated_pymatching,d821558028d0b71fbf8148e27be7c074e0e8b72611fd5ff402120f6913a24690,"{""d"":7.0,""p"":0.00046415888336127773,""r"":7.0}",
       256,         0,         0,   0.110,correlated_pymatching,d821558028d0b71fbf8148e27be7c074e0e8b72611fd5ff402120f6913a24690,"{""d"":7.0,""p"":0.00046415888336127773,""r"":7.0}",
       256,         0,         0,   0.106,correlated_pymatching,e020dd2c32c8d7bf6cffbce0be23bba9cdcadc6767681b343d85a6541ef25767,"{""d"":7.0,""p"":0.00021544346900318845,""r"":7.0}",
       256,         0,         0,   0.110,correlated_pymatching,d821558028d0b71fbf8148e27be7c074e0e8b72611fd5ff402120f6913a24690,"{""d"":7.0,""p"":0.00046415888336127773,""r"":7.0}",
       256,         0,         0,   0.110,correlated_pymatching,d821558028d0b71fbf8148e27be7c074e0e8b72611fd5ff402120f6913a24690,"{""d"":7.0,""p"":0.00046415888336127773,""r"":7.0}",
      1024,         0,         0,   0.119,correlated_pymatching,e020dd2c32c8d7bf6cffbce0be23bba9cdcadc6767681b343d85a6541ef25767,"{""d"":7.0,""p"":0.00021544346900318845,""r"":7.0}",
      1024,         0,         0,   0.115,correlated_pymatching,e020dd2c32c8d7bf6cffbce0be23bba9cdcadc6767681b343d85a6541ef25767,"{""d"":7.0,""p"":0.00021544346900318845,""r"":7.0}",
      1024,         0,         0,   0.116,correlated_pymatching,e020dd2c32c8d7bf6cffbce0be23bba9cdcadc6767681b343d85a6541ef25767,"{""d"":7.0,""p"":0.00021544346900318845,""r"":7.0}",
      1024,         0,         0,   0.116,correlated_pymatching,e020dd2c32c8d7bf6cffbce0be23bba9cdcadc6767681b343d85a6541ef25767,"{""d"":7.0,""p"":0.00021544346900318845,""r"":7.0}",
      1024,         0,         0,   0.126,correlated_pymatching,d821558028d0b71fbf8148e27be7c074e0e8b72611fd5ff402120f6913a24690,"{""d"":7.0,""p"":0.00046415888336127773,""r"":7.0}",
      1024,         0,         0,   0.127,correlated_pymatching,d821558028d0b71fbf8148e27be7c074e0e8b72611fd5ff402120f6913a24690,"{""d"":7.0,""p"":0.00046415888336127773,""r"":7.0}",
      1024,         0,         0,   0.131,correlated_pymatching,d821558028d0b71fbf8148e27be7c074e0e8b72611fd5ff402120f6913a24690,"{""d"":7.0,""p"":0.00046415888336127773,""r"":7.0}",
      1024,         0,         0,   0.118,correlated_pymatching,e020dd2c32c8d7bf6cffbce0be23bba9cdcadc6767681b343d85a6541ef25767,"{""d"":7.0,""p"":0.00021544346900318845,""r"":7.0}",
      1024,         0,         0,   0.130,correlated_pymatching,d821558028d0b71fbf8148e27be7c074e0e8b72611fd5ff402120f6913a24690,"{""d"":7.0,""p"":0.00046415888336127773,""r"":7.0}",
      1024,         0,         0,   0.130,correlated_pymatching,d821558028d0b71fbf8148e27be7c074e0e8b72611fd5ff402120f6913a24690,"{""d"":7.0,""p"":0.00046415888336127773,""r"":7.0}",
      1024,         0,         0,   0.131,correlated_pymatching,d821558028d0b71fbf8148e27be7c074e0e8b72611fd5ff402120f6913a24690,"{""d"":7.0,""p"":0.00046415888336127773,""r"":7.0}",
      1024,         0,         0,   0.120,correlated_pymatching,e020dd2c32c8d7bf6cffbce0be23bba9cdcadc6767681b343d85a6541ef25767,"{""d"":7.0,""p"":0.00021544346900318845,""r"":7.0}",
      1024,         0,         0,   0.115,correlated_pymatching,e020dd2c32c8d7bf6cffbce0be23bba9cdcadc6767681b343d85a6541ef25767,"{""d"":7.0,""p"":0.00021544346900318845,""r"":7.0}",
      1024,         0,         0,   0.115,correlated_pymatching,e020dd2c32c8d7bf6cffbce0be23bba9cdcadc6767681b343d85a6541ef25767,"{""d"":7.0,""p"":0.00021544346900318845,""r"":7.0}",
      1024,         0,         0,   0.115,correlated_pymatching,e020dd2c32c8d7bf6cffbce0be23bba9cdcadc6767681b343d85a6541ef25767,"{""d"":7.0,""p"":0.00021544346900318845,""r"":7.0}",
      1024,         0,         0,   0.126,correlated_pymatching,d821558028d0b71fbf8148e27be7c074e0e8b72611fd5ff402120f6913a24690,"{""d"":7.0,""p"":0.00046415888336127773,""r"":7.0}",
     43331,         0,         0,    4.86,correlated_pymatching,e020dd2c32c8d7bf6cffbce0be23bba9cdcadc6767681b343d85a6541ef25767,"{""d"":7.0,""p"":0.00021544346900318845,""r"":7.0}",
     43008,         0,         0,    6.57,correlated_pymatching,e020dd2c32c8d7bf6cffbce0be23bba9cdcadc6767681b343d85a6541ef25767,"{""d"":7.0,""p"":0.00021544346900318845,""r"":7.0}",
      1024,         0,         0,   0.118,correlated_pymatching,e020dd2c32c8d7bf6cffbce0be23bba9cdcadc6767681b343d85a6541ef25767,"{""d"":7.0,""p"":0.00021544346900318845,""r"":7.0}",
      1024,         0,         0,   0.126,correlated_pymatching,d821558028d0b71fbf8148e27be7c074e0e8b72611fd5ff402120f6913a24690,"{""d"":7.0,""p"":0.00046415888336127773,""r"":7.0}",
      1024,         0,         0,   0.130,correlated_pymatching,d821558028d0b71fbf8148e27be7c074e0e8b72611fd5ff402120f6913a24690,"{""d"":7.0,""p"":0.00046415888336127773,""r"":7.0}",
      1024,         0,         0,   0.130,correlated_pymatching,d821558028d0b71fbf8148e27be7c074e0e8b72611fd5ff402120f6913a24690,"{""d"":7.0,""p"":0.00046415888336127773,""r"":7.0}",
      1024,         0,         0,   0.130,correlated_pymatching,d821558028d0b71fbf8148e27be7c074e0e8b72611fd5ff402120f6913a24690,"{""d"":7.0,""p"":0.00046415888336127773,""r"":7.0}",
      1024,         0,         0,   0.131,correlated_pymatching,d821558028d0b71fbf8148e27be7c074e0e8b72611fd5ff402120f6913a24690,"{""d"":7.0,""p"":0.00046415888336127773,""r"":7.0}",
     40960,         0,         0,    4.84,correlated_pymatching,e020dd2c32c8d7bf6cffbce0be23bba9cdcadc6767681b343d85a6541ef25767,"{""d"":7.0,""p"":0.00021544346900318845,""r"":7.0}",
     32768,         0,         0,    3.82,correlated_pymatching,e020dd2c32c8d7bf6cffbce0be23bba9cdcadc6767681b343d85a6541ef25767,"{""d"":7.0,""p"":0.00021544346900318845,""r"":7.0}",
      1024,         0,         0,   0.115,correlated_pymatching,e020dd2c32c8d7bf6cffbce0be23bba9cdcadc6767681b343d85a6541ef25767,"{""d"":7.0,""p"":0.00021544346900318845,""r"":7.0}",
      1024,         0,         0,   0.120,correlated_pymatching,e020dd2c32c8d7bf6cffbce0be23bba9cdcadc6767681b343d85a6541ef25767,"{""d"":7.0,""p"":0.00021544346900318845,""r"":7.0}",
      1024,         0,         0,   0.114,correlated_pymatching,e020dd2c32c8d7bf6cffbce0be23bba9cdcadc6767681b343d85a6541ef25767,"{""d"":7.0,""p"":0.00021544346900318845,""r"":7.0}",
     32768,         0,         0,    3.80,correlated_pymatching,e020dd2c32c8d7bf6cffbce0be23bba9cdcadc6767681b343d85a6541ef25767,"{""d"":7.0,""p"":0.00021544346900318845,""r"":7.0}",
      1024,         0,         0,   0.115,correlated_pymatching,e020dd2c32c8d7bf6cffbce0be23bba9cdcadc6767681b343d85a6541ef25767,"{""d"":7.0,""p"":0.00021544346900318845,""r"":7.0}",
      1024,         0,         0,   0.126,correlated_pymatching,d821558028d0b71fbf8148e27be7c074e0e8b72611fd5ff402120f6913a24690,"{""d"":7.0,""p"":0.00046415888336127773,""r"":7.0}",
       323,         0,         0,   0.103,correlated_pymatching,e020dd2c32c8d7bf6cffbce0be23bba9cdcadc6767681b343d85a6541ef25767,"{""d"":7.0,""p"":0.00021544346900318845,""r"":7.0}",
      1024,         0,         0,   0.117,correlated_pymatching,e020dd2c32c8d7bf6cffbce0be23bba9cdcadc6767681b343d85a6541ef25767,"{""d"":7.0,""p"":0.00021544346900318845,""r"":7.0}",
      1024,         0,         0,   0.125,correlated_pymatching,d821558028d0b71fbf8148e27be7c074e0e8b72611fd5ff402120f6913a24690,"{""d"":7.0,""p"":0.00046415888336127773,""r"":7.0}",
      1024,         0,         0,   0.128,correlated_pymatching,d821558028d0b71fbf8148e27be7c074e0e8b72611fd5ff402120f6913a24690,"{""d"":7.0,""p"":0.00046415888336127773,""r"":7.0}",
      1024,         0,         0,   0.129,correlated_pymatching,d821558028d0b71fbf8148e27be7c074e0e8b72611fd5ff402120f6913a24690,"{""d"":7.0,""p"":0.00046415888336127773,""r"":7.0}",
      1024,         0,         0,   0.130,correlated_pymatching,d821558028d0b71fbf8148e27be7c074e0e8b72611fd5ff402120f6913a24690,"{""d"":7.0,""p"":0.00046415888336127773,""r"":7.0}",
      1024,         0,         0,   0.130,correlated_pymatching,d821558028d0b71fbf8148e27be7c074e0e8b72611fd5ff402120f6913a24690,"{""d"":7.0,""p"":0.00046415888336127773,""r"":7.0}",
      7427,         0,         0,   0.907,correlated_pymatching,e020dd2c32c8d7bf6cffbce0be23bba9cdcadc6767681b343d85a6541ef25767,"{""d"":7.0,""p"":0.00021544346900318845,""r"":7.0}",
      2048,         0,         0,   0.229,correlated_pymatching,e020dd2c32c8d7bf6cffbce0be23bba9cdcadc6767681b343d85a6541ef25767,"{""d"":7.0,""p"":0.00021544346900318845,""r"":7.0}",
      2048,         0,         0,   0.228,correlated_pymatching,e020dd2c32c8d7bf6cffbce0be23bba9cdcadc6767681b343d85a6541ef25767,"{""d"":7.0,""p"":0.00021544346900318845,""r"":7.0}",
      2048,         0,         0,   0.228,correlated_pymatching,e020dd2c32c8d7bf6cffbce0be23bba9cdcadc6767681b343d85a6541ef25767,"{""d"":7.0,""p"":0.00021544346900318845,""r"":7.0}",
      2048,         0,         0,   0.241,correlated_pymatching,e020dd2c32c8d7bf6cffbce0be23bba9cdcadc6767681b343d85a6541ef25767,"{""d"":7.0,""p"":0.00021544346900318845,""r"":7.0}",
      2048,         0,         0,   0.237,correlated_pymatching,e020dd2c32c8d7bf6cffbce0be23bba9cdcadc6767681b343d85a6541ef25767,"{""d"":7.0,""p"":0.00021544346900318845,""r"":7.0}",
      2048,         0,         0,   0.250,correlated_pymatching,d821558028d0b71fbf8148e27be7c074e0e8b72611fd5ff402120f6913a24690,"{""d"":7.0,""p"":0.00046415888336127773,""r"":7.0}",
      2048,         0,         0,   0.247,correlated_pymatching,d821558028d0b71fbf8148e27be7c074e0e8b72611fd5ff402120f6913a24690,"{""d"":7.0,""p"":0.00046415888336127773,""r"":7.0}",
      2048,         0,         0,   0.257,correlated_pymatching,d821558028d0b71fbf8148e27be7c074e0e8b72611fd5ff402120f6913a24690,"{""d"":7.0,""p"":0.00046415888336127773,""r"":7.0}",
      2048,         0,         0,   0.259,correlated_pymatching,d821558028d0b71fbf8148e27be7c074e0e8b72611fd5ff402120f6913a24690,"{""d"":7.0,""p"":0.00046415888336127773,""r"":7.0}",
      2048,         0,         0,   0.262,correlated_pymatching,d821558028d0b71fbf8148e27be7c074e0e8b72611fd5ff402120f6913a24690,"{""d"":7.0,""p"":0.00046415888336127773,""r"":7.0}",
      2048,         0,         0,   0.263,correlated_pymatching,d821558028d0b71fbf8148e27be7c074e0e8b72611fd5ff402120f6913a24690,"{""d"":7.0,""p"":0.00046415888336127773,""r"":7.0}",
      2048,         0,         0,   0.228,correlated_pymatching,e020dd2c32c8d7bf6cffbce0be23bba9cdcadc6767681b343d85a6541ef25767,"{""d"":7.0,""p"":0.00021544346900318845,""r"":7.0}",
      2048,         0,         0,   0.228,correlated_pymatching,e020dd2c32c8d7bf6cffbce0be23bba9cdcadc6767681b343d85a6541ef25767,"{""d"":7.0,""p"":0.00021544346900318845,""r"":7.0}",
      2048,         0,         0,   0.226,correlated_pymatching,e020dd2c32c8d7bf6cffbce0be23bba9cdcadc6767681b343d85a6541ef25767,"{""d"":7.0,""p"":0.00021544346900318845,""r"":7.0}",
      2048,         0,         0,   0.242,correlated_pymatching,e020dd2c32c8d7bf6cffbce0be23bba9cdcadc6767681b343d85a6541ef25767,"{""d"":7.0,""p"":0.00021544346900318845,""r"":7.0}",
      2048,         0,         0,   0.240,correlated_pymatching,e020dd2c32c8d7bf6cffbce0be23bba9cdcadc6767681b343d85a6541ef25767,"{""d"":7.0,""p"":0.00021544346900318845,""r"":7.0}",
      2048,         0,         0,   0.247,correlated_pymatching,d821558028d0b71fbf8148e27be7c074e0e8b72611fd5ff402120f6913a24690,"{""d"":7.0,""p"":0.00046415888336127773,""r"":7.0}",
      2048,         0,         0,   0.247,correlated_pymatching,d821558028d0b71fbf8148e27be7c074e0e8b72611fd5ff402120f6913a24690,"{""d"":7.0,""p"":0.00046415888336127773,""r"":7.0}",
      2048,         0,         0,   0.255,correlated_pymatching,d821558028d0b71fbf8148e27be7c074e0e8b72611fd5ff402120f6913a24690,"{""d"":7.0,""p"":0.00046415888336127773,""r"":7.0}",
      2048,         0,         0,   0.258,correlated_pymatching,d821558028d0b71fbf8148e27be7c074e0e8b72611fd5ff402120f6913a24690,"{""d"":7.0,""p"":0.00046415888336127773,""r"":7.0}",
     13856,         0,         0,    2.24,correlated_pymatching,e020dd2c32c8d7bf6cffbce0be23bba9cdcadc6767681b343d85a6541ef25767,"{""d"":7.0,""p"":0.00021544346900318845,""r"":7.0}",
      2048,         0,         0,   0.257,correlated_pymatching,d821558028d0b71fbf8148e27be7c074e0e8b72611fd5ff402120f6913a24690,"{""d"":7.0,""p"":0.00046415888336127773,""r"":7.0}",
     13312,         0,         0,    1.57,correlated_pymatching,e020dd2c32c8d7bf6cffbce0be23bba9cdcadc6767681b343d85a6541ef25767,"{""d"":7.0,""p"":0.00021544346900318845,""r"":7.0}",
     13312,         0,         0,    1.54,correlated_pymatching,e020dd2c32c8d7bf6cffbce0be23bba9cdcadc6767681b343d85a6541ef25767,"{""d"":7.0,""p"":0.00021544346900318845,""r"":7.0}",
     13856,         0,         0,    1.59,correlated_pymatching,e020dd2c32c8d7bf6cffbce0be23bba9cdcadc6767681b343d85a6541ef25767,"{""d"":7.0,""p"":0.00021544346900318845,""r"":7.0}",
      2048,         0,         0,   0.317,correlated_pymatching,d821558028d0b71fbf8148e27be7c074e0e8b72611fd5ff402120f6913a24690,"{""d"":7.0,""p"":0.00046415888336127773,""r"":7.0}",
     13312,         0,         0,    1.55,correlated_pymatching,e020dd2c32c8d7bf6cffbce0be23bba9cdcadc6767681b343d85a6541ef25767,"{""d"":7.0,""p"":0.00021544346900318845,""r"":7.0}",
       544,         0,         0,   0.112,correlated_pymatching,e020dd2c32c8d7bf6cffbce0be23bba9cdcadc6767681b343d85a6541ef25767,"{""d"":7.0,""p"":0.00021544346900318845,""r"":7.0}",
      3072,         0,         0,   0.345,correlated_pymatching,e020dd2c32c8d7bf6cffbce0be23bba9cdcadc6767681b343d85a6541ef25767,"{""d"":7.0,""p"":0.00021544346900318845,""r"":7.0}",
       736,         0,         0,   0.117,correlated_pymatching,e020dd2c32c8d7bf6cffbce0be23bba9cdcadc6767681b343d85a6541ef25767,"{""d"":7.0,""p"":0.00021544346900318845,""r"":7.0}",
      3072,         0,         0,   0.345,correlated_pymatching,e020dd2c32c8d7bf6cffbce0be23bba9cdcadc6767681b343d85a6541ef25767,"{""d"":7.0,""p"":0.00021544346900318845,""r"":7.0}",
      3072,         0,         0,   0.343,correlated_pymatching,e020dd2c32c8d7bf6cffbce0be23bba9cdcadc6767681b343d85a6541ef25767,"{""d"":7.0,""p"":0.00021544346900318845,""r"":7.0}",
      2048,         0,         0,   0.303,correlated_pymatching,d821558028d0b71fbf8148e27be7c074e0e8b72611fd5ff402120f6913a24690,"{""d"":7.0,""p"":0.00046415888336127773,""r"":7.0}",
      3072,         0,         0,   0.359,correlated_pymatching,e020dd2c32c8d7bf6cffbce0be23bba9cdcadc6767681b343d85a6541ef25767,"{""d"":7.0,""p"":0.00021544346900318845,""r"":7.0}",
      2048,         0,         0,   0.409,correlated_pymatching,e020dd2c32c8d7bf6cffbce0be23bba9cdcadc6767681b343d85a6541ef25767,"{""d"":7.0,""p"":0.00021544346900318845,""r"":7.0}",
      3072,         0,         0,   0.372,correlated_pymatching,d821558028d0b71fbf8148e27be7c074e0e8b72611fd5ff402120f6913a24690,"{""d"":7.0,""p"":0.00046415888336127773,""r"":7.0}",
      9180,         0,         0,    1.02,correlated_pymatching,e020dd2c32c8d7bf6cffbce0be23bba9cdcadc6767681b343d85a6541ef25767,"{""d"":7.0,""p"":0.00021544346900318845,""r"":7.0}",
      3072,         0,         0,   0.387,correlated_pymatching,d821558028d0b71fbf8148e27be7c074e0e8b72611fd5ff402120f6913a24690,"{""d"":7.0,""p"":0.00046415888336127773,""r"":7.0}",
      8192,         0,         0,   0.968,correlated_pymatching,e020dd2c32c8d7bf6cffbce0be23bba9cdcadc6767681b343d85a6541ef25767,"{""d"":7.0,""p"":0.00021544346900318845,""r"":7.0}",
      8192,         0,         0,   0.969,correlated_pymatching,e020dd2c32c8d7bf6cffbce0be23bba9cdcadc6767681b343d85a6541ef25767,"{""d"":7.0,""p"":0.00021544346900318845,""r"":7.0}",
      3072,         0,         0,   0.390,correlated_pymatching,d821558028d0b71fbf8148e27be7c074e0e8b72611fd5ff402120f6913a24690,"{""d"":7.0,""p"":0.00046415888336127773,""r"":7.0}",
      8192,         0,         0,   0.971,correlated_pymatching,e020dd2c32c8d7bf6cffbce0be23bba9cdcadc6767681b343d85a6541ef25767,"{""d"":7.0,""p"":0.00021544346900318845,""r"":7.0}",
      3072,         0,         0,   0.390,correlated_pymatching,d821558028d0b71fbf8148e27be7c074e0e8b72611fd5ff402120f6913a24690,"{""d"":7.0,""p"":0.00046415888336127773,""r"":7.0}",
      8192,         0,         0,   0.922,correlated_pymatching,e020dd2c32c8d7bf6cffbce0be23bba9cdcadc6767681b343d85a6541ef25767,"{""d"":7.0,""p"":0.00021544346900318845,""r"":7.0}",
      9180,         0,         0,    1.02,correlated_pymatching,e020dd2c32c8d7bf6cffbce0be23bba9cdcadc6767681b343d85a6541ef25767,"{""d"":7.0,""p"":0.00021544346900318845,""r"":7.0}",
      3072,         0,         0,   0.388,correlated_pymatching,d821558028d0b71fbf8148e27be7c074e0e8b72611fd5ff402120f6913a24690,"{""d"":7.0,""p"":0.00046415888336127773,""r"":7.0}",
     14793,         0,         0,    1.93,correlated_pymatching,d821558028d0b71fbf8148e27be7c074e0e8b72611fd5ff402120f6913a24690,"{""d"":7.0,""p"":0.00046415888336127773,""r"":7.0}",
     55296,         2,         0,    7.12,correlated_pymatching,d821558028d0b71fbf8148e27be7c074e0e8b72611fd5ff402120f6913a24690,"{""d"":7.0,""p"":0.00046415888336127773,""r"":7.0}","{""obs_mistake_mask=E"":2}"
     54272,         0,         0,    7.12,correlated_pymatching,d821558028d0b71fbf8148e27be7c074e0e8b72611fd5ff402120f6913a24690,"{""d"":7.0,""p"":0.00046415888336127773,""r"":7.0}",
       988,         0,         0,   0.119,correlated_pymatching,e020dd2c32c8d7bf6cffbce0be23bba9cdcadc6767681b343d85a6541ef25767,"{""d"":7.0,""p"":0.00021544346900318845,""r"":7.0}",
       988,         0,         0,   0.127,correlated_pymatching,e020dd2c32c8d7bf6cffbce0be23bba9cdcadc6767681b343d85a6541ef25767,"{""d"":7.0,""p"":0.00021544346900318845,""r"":7.0}",
       988,         0,         0,   0.126,correlated_pymatching,e020dd2c32c8d7bf6cffbce0be23bba9cdcadc6767681b343d85a6541ef25767,"{""d"":7.0,""p"":0.00021544346900318845,""r"":7.0}",
     50176,         1,         0,    6.40,correlated_pymatching,d821558028d0b71fbf8148e27be7c074e0e8b72611fd5ff402120f6913a24690,"{""d"":7.0,""p"":0.00046415888336127773,""r"":7.0}","{""obs_mistake_mask=E"":1}"
     57344,         1,         0,    7.28,correlated_pymatching,d821558028d0b71fbf8148e27be7c074e0e8b72611fd5ff402120f6913a24690,"{""d"":7.0,""p"":0.00046415888336127773,""r"":7.0}","{""obs_mistake_mask=E"":1}"
       668,         0,         0,   0.114,correlated_pymatching,e020dd2c32c8d7bf6cffbce0be23bba9cdcadc6767681b343d85a6541ef25767,"{""d"":7.0,""p"":0.00021544346900318845,""r"":7.0}",
       334,         0,         0,   0.109,correlated_pymatching,e020dd2c32c8d7bf6cffbce0be23bba9cdcadc6767681b343d85a6541ef25767,"{""d"":7.0,""p"":0.00021544346900318845,""r"":7.0}",
      4176,         0,         0,   0.594,correlated_pymatching,e020dd2c32c8d7bf6cffbce0be23bba9cdcadc6767681b343d85a6541ef25767,"{""d"":7.0,""p"":0.00021544346900318845,""r"":7.0}",
       334,         0,         0,   0.109,correlated_pymatching,e020dd2c32c8d7bf6cffbce0be23bba9cdcadc6767681b343d85a6541ef25767,"{""d"":7.0,""p"":0.00021544346900318845,""r"":7.0}",
      4096,         0,         0,   0.476,correlated_pymatching,e020dd2c32c8d7bf6cffbce0be23bba9cdcadc6767681b343d85a6541ef25767,"{""d"":7.0,""p"":0.00021544346900318845,""r"":7.0}",
      4096,         0,         0,   0.459,correlated_pymatching,e020dd2c32c8d7bf6cffbce0be23bba9cdcadc6767681b343d85a6541ef25767,"{""d"":7.0,""p"":0.00021544346900318845,""r"":7.0}",
      4096,         0,         0,   0.459,correlated_pymatching,e020dd2c32c8d7bf6cffbce0be23bba9cdcadc6767681b343d85a6541ef25767,"{""d"":7.0,""p"":0.00021544346900318845,""r"":7.0}",
      4096,         0,         0,   0.460,correlated_pymatching,e020dd2c32c8d7bf6cffbce0be23bba9cdcadc6767681b343d85a6541ef25767,"{""d"":7.0,""p"":0.00021544346900318845,""r"":7.0}",
      4096,         0,         0,   0.457,correlated_pymatching,e020dd2c32c8d7bf6cffbce0be23bba9cdcadc6767681b343d85a6541ef25767,"{""d"":7.0,""p"":0.00021544346900318845,""r"":7.0}",
      4176,         0,         0,   0.577,correlated_pymatching,e020dd2c32c8d7bf6cffbce0be23bba9cdcadc6767681b343d85a6541ef25767,"{""d"":7.0,""p"":0.00021544346900318845,""r"":7.0}",
     47104,         0,         0,    5.99,correlated_pymatching,d821558028d0b71fbf8148e27be7c074e0e8b72611fd5ff402120f6913a24690,"{""d"":7.0,""p"":0.00046415888336127773,""r"":7.0}",
      4096,         0,         0,   0.491,correlated_pymatching,d821558028d0b71fbf8148e27be7c074e0e8b72611fd5ff402120f6913a24690,"{""d"":7.0,""p"":0.00046415888336127773,""r"":7.0}",
      3072,         0,         0,   0.337,correlated_pymatching,e020dd2c32c8d7bf6cffbce0be23bba9cdcadc6767681b343d85a6541ef25767,"{""d"":7.0,""p"":0.00021544346900318845,""r"":7.0}",
      3667,         0,         0,   0.473,correlated_pymatching,e020dd2c32c8d7bf6cffbce0be23bba9cdcadc6767681b343d85a6541ef25767,"{""d"":7.0,""p"":0.00021544346900318845,""r"":7.0}",
       561,         0,         0,   0.115,correlated_pymatching,e020dd2c32c8d7bf6cffbce0be23bba9cdcadc6767681b343d85a6541ef25767,"{""d"":7.0,""p"":0.00021544346900318845,""r"":7.0}",
        80,         0,         0,   0.110,correlated_pymatching,e020dd2c32c8d7bf6cffbce0be23bba9cdcadc6767681b343d85a6541ef25767,"{""d"":7.0,""p"":0.00021544346900318845,""r"":7.0}",
      3667,         0,         0,   0.471,correlated_pymatching,e020dd2c32c8d7bf6cffbce0be23bba9cdcadc6767681b343d85a6541ef25767,"{""d"":7.0,""p"":0.00021544346900318845,""r"":7.0}",
        80,         0,         0,   0.106,correlated_pymatching,e020dd2c32c8d7bf6cffbce0be23bba9cdcadc6767681b343d85a6541ef25767,"{""d"":7.0,""p"":0.00021544346900318845,""r"":7.0}",
        80,         0,         0,   0.100,correlated_pymatching,e020dd2c32c8d7bf6cffbce0be23bba9cdcadc6767681b343d85a6541ef25767,"{""d"":7.0,""p"":0.00021544346900318845,""r"":7.0}",
        80,         0,         0,   0.107,correlated_pymatching,e020dd2c32c8d7bf6cffbce0be23bba9cdcadc6767681b343d85a6541ef25767,"{""d"":7.0,""p"":0.00021544346900318845,""r"":7.0}",
        80,         0,         0,   0.107,correlated_pymatching,e020dd2c32c8d7bf6cffbce0be23bba9cdcadc6767681b343d85a6541ef25767,"{""d"":7.0,""p"":0.00021544346900318845,""r"":7.0}",
      2106,         0,         0,   0.331,correlated_pymatching,e020dd2c32c8d7bf6cffbce0be23bba9cdcadc6767681b343d85a6541ef25767,"{""d"":7.0,""p"":0.00021544346900318845,""r"":7.0}",
      4096,         0,         0,   0.784,correlated_pymatching,e020dd2c32c8d7bf6cffbce0be23bba9cdcadc6767681b343d85a6541ef25767,"{""d"":7.0,""p"":0.00021544346900318845,""r"":7.0}",
      4096,         0,         0,   0.502,correlated_pymatching,d821558028d0b71fbf8148e27be7c074e0e8b72611fd5ff402120f6913a24690,"{""d"":7.0,""p"":0.00046415888336127773,""r"":7.0}",
      2106,         0,         0,   0.321,correlated_pymatching,e020dd2c32c8d7bf6cffbce0be23bba9cdcadc6767681b343d85a6541ef25767,"{""d"":7.0,""p"":0.00021544346900318845,""r"":7.0}",
     47104,         2,         0,    6.07,correlated_pymatching,d821558028d0b71fbf8148e27be7c074e0e8b72611fd5ff402120f6913a24690,"{""d"":7.0,""p"":0.00046415888336127773,""r"":7.0}","{""obs_mistake_mask=E"":2}"
      2048,         0,         0,   0.243,correlated_pymatching,e020dd2c32c8d7bf6cffbce0be23bba9cdcadc6767681b343d85a6541ef25767,"{""d"":7.0,""p"":0.00021544346900318845,""r"":7.0}",
       595,         0,         0,   0.106,correlated_pymatching,e020dd2c32c8d7bf6cffbce0be23bba9cdcadc6767681b343d85a6541ef25767,"{""d"":7.0,""p"":0.00021544346900318845,""r"":7.0}",
      2048,         0,         0,   0.243,correlated_pymatching,e020dd2c32c8d7bf6cffbce0be23bba9cdcadc6767681b343d85a6541ef25767,"{""d"":7.0,""p"":0.00021544346900318845,""r"":7.0}",
       324,         0,         0,   0.111,correlated_pymatching,e020dd2c32c8d7bf6cffbce0be23bba9cdcadc6767681b343d85a6541ef25767,"{""d"":7.0,""p"":0.00021544346900318845,""r"":7.0}",
       509,         0,         0,   0.112,correlated_pymatching,e020dd2c32c8d7bf6cffbce0be23bba9cdcadc6767681b343d85a6541ef25767,"{""d"":7.0,""p"":0.00021544346900318845,""r"":7.0}",
      2048,         0,         0,   0.242,correlated_pymatching,e020dd2c32c8d7bf6cffbce0be23bba9cdcadc6767681b343d85a6541ef25767,"{""d"":7.0,""p"":0.00021544346900318845,""r"":7.0}",
      1024,         0,         0,   0.121,correlated_pymatching,e020dd2c32c8d7bf6cffbce0be23bba9cdcadc6767681b343d85a6541ef25767,"{""d"":7.0,""p"":0.00021544346900318845,""r"":7.0}",
      4096,         0,         0,   0.525,correlated_pymatching,d821558028d0b71fbf8148e27be7c074e0e8b72611fd5ff402120f6913a24690,"{""d"":7.0,""p"":0.00046415888336127773,""r"":7.0}",
      1024,         0,         0,   0.112,correlated_pymatching,e020dd2c32c8d7bf6cffbce0be23bba9cdcadc6767681b343d85a6541ef25767,"{""d"":7.0,""p"":0.00021544346900318845,""r"":7.0}",
       901,         0,         0,   0.111,correlated_pymatching,e020dd2c32c8d7bf6cffbce0be23bba9cdcadc6767681b343d85a6541ef25767,"{""d"":7.0,""p"":0.00021544346900318845,""r"":7.0}",
       216,         0,         0,   0.112,correlated_pymatching,e020dd2c32c8d7bf6cffbce0be23bba9cdcadc6767681b343d85a6541ef25767,"{""d"":7.0,""p"":0.00021544346900318845,""r"":7.0}",
      4096,         0,         0,   0.529,correlated_pymatching,d821558028d0b71fbf8148e27be7c074e0e8b72611fd5ff402120f6913a24690,"{""d"":7.0,""p"":0.00046415888336127773,""r"":7.0}",
      4096,         0,         0,   0.518,correlated_pymatching,d821558028d0b71fbf8148e27be7c074e0e8b72611fd5ff402120f6913a24690,"{""d"":7.0,""p"":0.00046415888336127773,""r"":7.0}",
      1410,         0,         0,   0.229,correlated_pymatching,e020dd2c32c8d7bf6cffbce0be23bba9cdcadc6767681b343d85a6541ef25767,"{""d"":7.0,""p"":0.00021544346900318845,""r"":7.0}",
         2,         0,         0,   0.104,correlated_pymatching,e020dd2c32c8d7bf6cffbce0be23bba9cdcadc6767681b343d85a6541ef25767,"{""d"":7.0,""p"":0.00021544346900318845,""r"":7.0}",
        58,         0,         0,   0.096,correlated_pymatching,e020dd2c32c8d7bf6cffbce0be23bba9cdcadc6767681b343d85a6541ef25767,"{""d"":7.0,""p"":0.00021544346900318845,""r"":7.0}",
        80,         0,         0,   0.154,correlated_pymatching,e020dd2c32c8d7bf6cffbce0be23bba9cdcadc6767681b343d85a6541ef25767,"{""d"":7.0,""p"":0.00021544346900318845,""r"":7.0}",
        58,         0,         0,   0.105,correlated_pymatching,e020dd2c32c8d7bf6cffbce0be23bba9cdcadc6767681b343d85a6541ef25767,"{""d"":7.0,""p"":0.00021544346900318845,""r"":7.0}",
      1986,         0,         0,   0.268,correlated_pymatching,d821558028d0b71fbf8148e27be7c074e0e8b72611fd5ff402120f6913a24690,"{""d"":7.0,""p"":0.00046415888336127773,""r"":7.0}",
      4096,         1,         0,   0.520,correlated_pymatching,d821558028d0b71fbf8148e27be7c074e0e8b72611fd5ff402120f6913a24690,"{""d"":7.0,""p"":0.00046415888336127773,""r"":7.0}","{""obs_mistake_mask=E"":1}"
      1264,         0,         0,   0.211,correlated_pymatching,e020dd2c32c8d7bf6cffbce0be23bba9cdcadc6767681b343d85a6541ef25767,"{""d"":7.0,""p"":0.00021544346900318845,""r"":7.0}",
        58,         0,         0,   0.111,correlated_pymatching,e020dd2c32c8d7bf6cffbce0be23bba9cdcadc6767681b343d85a6541ef25767,"{""d"":7.0,""p"":0.00021544346900318845,""r"":7.0}",
       203,         0,         0,   0.111,correlated_pymatching,e020dd2c32c8d7bf6cffbce0be23bba9cdcadc6767681b343d85a6541ef25767,"{""d"":7.0,""p"":0.00021544346900318845,""r"":7.0}",
        66,         0,         0,   0.111,correlated_pymatching,e020dd2c32c8d7bf6cffbce0be23bba9cdcadc6767681b343d85a6541ef25767,"{""d"":7.0,""p"":0.00021544346900318845,""r"":7.0}",
        71,         0,         0,   0.112,correlated_pymatching,e020dd2c32c8d7bf6cffbce0be23bba9cdcadc6767681b343d85a6541ef25767,"{""d"":7.0,""p"":0.00021544346900318845,""r"":7.0}",
      1986,         0,         0,   0.251,correlated_pymatching,d821558028d0b71fbf8148e27be7c074e0e8b72611fd5ff402120f6913a24690,"{""d"":7.0,""p"":0.00046415888336127773,""r"":7.0}",
     23552,         1,         0,    2.85,correlated_pymatching,d821558028d0b71fbf8148e27be7c074e0e8b72611fd5ff402120f6913a24690,"{""d"":7.0,""p"":0.00046415888336127773,""r"":7.0}","{""obs_mistake_mask=E"":1}"
     21504,         0,         0,    2.72,correlated_pymatching,d821558028d0b71fbf8148e27be7c074e0e8b72611fd5ff402120f6913a24690,"{""d"":7.0,""p"":0.00046415888336127773,""r"":7.0}",
     21504,         0,         0,    2.75,correlated_pymatching,d821558028d0b71fbf8148e27be7c074e0e8b72611fd5ff402120f6913a24690,"{""d"":7.0,""p"":0.00046415888336127773,""r"":7.0}",
         1,         0,         0,   0.105,correlated_pymatching,d821558028d0b71fbf8148e27be7c074e0e8b72611fd5ff402120f6913a24690,"{""d"":7.0,""p"":0.00046415888336127773,""r"":7.0}",
         1,         0,         0,   0.104,correlated_pymatching,d821558028d0b71fbf8148e27be7c074e0e8b72611fd5ff402120f6913a24690,"{""d"":7.0,""p"":0.00046415888336127773,""r"":7.0}",
         1,         0,         0,   0.103,correlated_pymatching,d821558028d0b71fbf8148e27be7c074e0e8b72611fd5ff402120f6913a24690,"{""d"":7.0,""p"":0.00046415888336127773,""r"":7.0}",
         1,         0,         0,   0.104,correlated_pymatching,d821558028d0b71fbf8148e27be7c074e0e8b72611fd5ff402120f6913a24690,"{""d"":7.0,""p"":0.00046415888336127773,""r"":7.0}",
         1,         0,         0,   0.102,correlated_pymatching,d821558028d0b71fbf8148e27be7c074e0e8b72611fd5ff402120f6913a24690,"{""d"":7.0,""p"":0.00046415888336127773,""r"":7.0}",
         1,         0,         0,   0.097,correlated_pymatching,d821558028d0b71fbf8148e27be7c074e0e8b72611fd5ff402120f6913a24690,"{""d"":7.0,""p"":0.00046415888336127773,""r"":7.0}",
         1,         0,         0,   0.103,correlated_pymatching,d821558028d0b71fbf8148e27be7c074e0e8b72611fd5ff402120f6913a24690,"{""d"":7.0,""p"":0.00046415888336127773,""r"":7.0}",
         1,         0,         0,   0.099,correlated_pymatching,d821558028d0b71fbf8148e27be7c074e0e8b72611fd5ff402120f6913a24690,"{""d"":7.0,""p"":0.00046415888336127773,""r"":7.0}",
         1,         0,         0,   0.099,correlated_pymatching,d821558028d0b71fbf8148e27be7c074e0e8b72611fd5ff402120f6913a24690,"{""d"":7.0,""p"":0.00046415888336127773,""r"":7.0}",
         1,         0,         0,   0.104,correlated_pymatching,d821558028d0b71fbf8148e27be7c074e0e8b72611fd5ff402120f6913a24690,"{""d"":7.0,""p"":0.00046415888336127773,""r"":7.0}",
         1,         0,         0,   0.099,correlated_pymatching,d821558028d0b71fbf8148e27be7c074e0e8b72611fd5ff402120f6913a24690,"{""d"":7.0,""p"":0.00046415888336127773,""r"":7.0}",
         1,         0,         0,   0.100,correlated_pymatching,d821558028d0b71fbf8148e27be7c074e0e8b72611fd5ff402120f6913a24690,"{""d"":7.0,""p"":0.00046415888336127773,""r"":7.0}",
         1,         0,         0,   0.099,correlated_pymatching,d821558028d0b71fbf8148e27be7c074e0e8b72611fd5ff402120f6913a24690,"{""d"":7.0,""p"":0.00046415888336127773,""r"":7.0}",
         1,         0,         0,   0.100,correlated_pymatching,d821558028d0b71fbf8148e27be7c074e0e8b72611fd5ff402120f6913a24690,"{""d"":7.0,""p"":0.00046415888336127773,""r"":7.0}",
         1,         0,         0,   0.099,correlated_pymatching,d821558028d0b71fbf8148e27be7c074e0e8b72611fd5ff402120f6913a24690,"{""d"":7.0,""p"":0.00046415888336127773,""r"":7.0}",
      5120,         0,         0,   0.608,correlated_pymatching,d821558028d0b71fbf8148e27be7c074e0e8b72611fd5ff402120f6913a24690,"{""d"":7.0,""p"":0.00046415888336127773,""r"":7.0}",
         4,         0,         0,   0.105,correlated_pymatching,d821558028d0b71fbf8148e27be7c074e0e8b72611fd5ff402120f6913a24690,"{""d"":7.0,""p"":0.00046415888336127773,""r"":7.0}",
         4,         0,         0,   0.105,correlated_pymatching,d821558028d0b71fbf8148e27be7c074e0e8b72611fd5ff402120f6913a24690,"{""d"":7.0,""p"":0.00046415888336127773,""r"":7.0}",
         4,         0,         0,   0.104,correlated_pymatching,d821558028d0b71fbf8148e27be7c074e0e8b72611fd5ff402120f6913a24690,"{""d"":7.0,""p"":0.00046415888336127773,""r"":7.0}",
         4,         0,         0,   0.097,correlated_pymatching,d821558028d0b71fbf8148e27be7c074e0e8b72611fd5ff402120f6913a24690,"{""d"":7.0,""p"":0.00046415888336127773,""r"":7.0}",
         4,         0,         0,   0.105,correlated_pymatching,d821558028d0b71fbf8148e27be7c074e0e8b72611fd5ff402120f6913a24690,"{""d"":7.0,""p"":0.00046415888336127773,""r"":7.0}",
         4,         0,         0,   0.104,correlated_pymatching,d821558028d0b71fbf8148e27be7c074e0e8b72611fd5ff402120f6913a24690,"{""d"":7.0,""p"":0.00046415888336127773,""r"":7.0}",
         4,         0,         0,   0.098,correlated_pymatching,d821558028d0b71fbf8148e27be7c074e0e8b72611fd5ff402120f6913a24690,"{""d"":7.0,""p"":0.00046415888336127773,""r"":7.0}",
         4,         0,         0,   0.099,correlated_pymatching,d821558028d0b71fbf8148e27be7c074e0e8b72611fd5ff402120f6913a24690,"{""d"":7.0,""p"":0.00046415888336127773,""r"":7.0}",
         4,         0,         0,   0.103,correlated_pymatching,d821558028d0b71fbf8148e27be7c074e0e8b72611fd5ff402120f6913a24690,"{""d"":7.0,""p"":0.00046415888336127773,""r"":7.0}",
         4,         0,         0,   0.105,correlated_pymatching,d821558028d0b71fbf8148e27be7c074e0e8b72611fd5ff402120f6913a24690,"{""d"":7.0,""p"":0.00046415888336127773,""r"":7.0}",
         4,         0,         0,   0.099,correlated_pymatching,d821558028d0b71fbf8148e27be7c074e0e8b72611fd5ff402120f6913a24690,"{""d"":7.0,""p"":0.00046415888336127773,""r"":7.0}",
         4,         0,         0,   0.100,correlated_pymatching,d821558028d0b71fbf8148e27be7c074e0e8b72611fd5ff402120f6913a24690,"{""d"":7.0,""p"":0.00046415888336127773,""r"":7.0}",
         4,         0,         0,   0.099,correlated_pymatching,d821558028d0b71fbf8148e27be7c074e0e8b72611fd5ff402120f6913a24690,"{""d"":7.0,""p"":0.00046415888336127773,""r"":7.0}",
         4,         0,         0,   0.099,correlated_pymatching,d821558028d0b71fbf8148e27be7c074e0e8b72611fd5ff402120f6913a24690,"{""d"":7.0,""p"":0.00046415888336127773,""r"":7.0}",
         4,         0,         0,   0.102,correlated_pymatching,d821558028d0b71fbf8148e27be7c074e0e8b72611fd5ff402120f6913a24690,"{""d"":7.0,""p"":0.00046415888336127773,""r"":7.0}",
      5120,         0,         0,   0.616,correlated_pymatching,d821558028d0b71fbf8148e27be7c074e0e8b72611fd5ff402120f6913a24690,"{""d"":7.0,""p"":0.00046415888336127773,""r"":7.0}",
         1,         0,         0,   0.164,correlated_pymatching,d821558028d0b71fbf8148e27be7c074e0e8b72611fd5ff402120f6913a24690,"{""d"":7.0,""p"":0.00046415888336127773,""r"":7.0}",
        16,         0,         0,   0.106,correlated_pymatching,d821558028d0b71fbf8148e27be7c074e0e8b72611fd5ff402120f6913a24690,"{""d"":7.0,""p"":0.00046415888336127773,""r"":7.0}",
        16,         1,         0,   0.104,correlated_pymatching,d821558028d0b71fbf8148e27be7c074e0e8b72611fd5ff402120f6913a24690,"{""d"":7.0,""p"":0.00046415888336127773,""r"":7.0}","{""obs_mistake_mask=E"":1}"
        16,         0,         0,   0.098,correlated_pymatching,d821558028d0b71fbf8148e27be7c074e0e8b72611fd5ff402120f6913a24690,"{""d"":7.0,""p"":0.00046415888336127773,""r"":7.0}",
        16,         0,         0,   0.104,correlated_pymatching,d821558028d0b71fbf8148e27be7c074e0e8b72611fd5ff402120f6913a24690,"{""d"":7.0,""p"":0.00046415888336127773,""r"":7.0}",
        16,         0,         0,   0.098,correlated_pymatching,d821558028d0b71fbf8148e27be7c074e0e8b72611fd5ff402120f6913a24690,"{""d"":7.0,""p"":0.00046415888336127773,""r"":7.0}",
        16,         0,         0,   0.099,correlated_pymatching,d821558028d0b71fbf8148e27be7c074e0e8b72611fd5ff402120f6913a24690,"{""d"":7.0,""p"":0.00046415888336127773,""r"":7.0}",
        16,         0,         0,   0.105,correlated_pymatching,d821558028d0b71fbf8148e27be7c074e0e8b72611fd5ff402120f6913a24690,"{""d"":7.0,""p"":0.00046415888336127773,""r"":7.0}",
        16,         0,         0,   0.105,correlated_pymatching,d821558028d0b71fbf8148e27be7c074e0e8b72611fd5ff402120f6913a24690,"{""d"":7.0,""p"":0.00046415888336127773,""r"":7.0}",
      4096,         0,         0,   0.574,correlated_pymatching,d821558028d0b71fbf8148e27be7c074e0e8b72611fd5ff402120f6913a24690,"{""d"":7.0,""p"":0.00046415888336127773,""r"":7.0}",
        16,         0,         0,   0.104,correlated_pymatching,d821558028d0b71fbf8148e27be7c074e0e8b72611fd5ff402120f6913a24690,"{""d"":7.0,""p"":0.00046415888336127773,""r"":7.0}",
        16,         0,         0,   0.099,correlated_pymatching,d821558028d0b71fbf8148e27be7c074e0e8b72611fd5ff402120f6913a24690,"{""d"":7.0,""p"":0.00046415888336127773,""r"":7.0}",
        16,         0,         0,   0.106,correlated_pymatching,d821558028d0b71fbf8148e27be7c074e0e8b72611fd5ff402120f6913a24690,"{""d"":7.0,""p"":0.00046415888336127773,""r"":7.0}",
        16,         0,         0,   0.099,correlated_pymatching,d821558028d0b71fbf8148e27be7c074e0e8b72611fd5ff402120f6913a24690,"{""d"":7.0,""p"":0.00046415888336127773,""r"":7.0}",
        16,         0,         0,   0.099,correlated_pymatching,d821558028d0b71fbf8148e27be7c074e0e8b72611fd5ff402120f6913a24690,"{""d"":7.0,""p"":0.00046415888336127773,""r"":7.0}",
        16,         0,         0,   0.099,correlated_pymatching,d821558028d0b71fbf8148e27be7c074e0e8b72611fd5ff402120f6913a24690,"{""d"":7.0,""p"":0.00046415888336127773,""r"":7.0}",
        16,         0,         0,   0.103,correlated_pymatching,d821558028d0b71fbf8148e27be7c074e0e8b72611fd5ff402120f6913a24690,"{""d"":7.0,""p"":0.00046415888336127773,""r"":7.0}",
      5120,         0,         0,   0.669,correlated_pymatching,d821558028d0b71fbf8148e27be7c074e0e8b72611fd5ff402120f6913a24690,"{""d"":7.0,""p"":0.00046415888336127773,""r"":7.0}",
      5120,         0,         0,   0.650,correlated_pymatching,d821558028d0b71fbf8148e27be7c074e0e8b72611fd5ff402120f6913a24690,"{""d"":7.0,""p"":0.00046415888336127773,""r"":7.0}",
        64,         0,         0,   0.101,correlated_pymatching,d821558028d0b71fbf8148e27be7c074e0e8b72611fd5ff402120f6913a24690,"{""d"":7.0,""p"":0.00046415888336127773,""r"":7.0}",
        64,         0,         0,   0.105,correlated_pymatching,d821558028d0b71fbf8148e27be7c074e0e8b72611fd5ff402120f6913a24690,"{""d"":7.0,""p"":0.00046415888336127773,""r"":7.0}",
        64,         0,         0,   0.105,correlated_pymatching,d821558028d0b71fbf8148e27be7c074e0e8b72611fd5ff402120f6913a24690,"{""d"":7.0,""p"":0.00046415888336127773,""r"":7.0}",
        64,         0,         0,   0.105,correlated_pymatching,d821558028d0b71fbf8148e27be7c074e0e8b72611fd5ff402120f6913a24690,"{""d"":7.0,""p"":0.00046415888336127773,""r"":7.0}",
        64,         0,         0,   0.101,correlated_pymatching,d821558028d0b71fbf8148e27be7c074e0e8b72611fd5ff402120f6913a24690,"{""d"":7.0,""p"":0.00046415888336127773,""r"":7.0}",
        64,         0,         0,   0.102,correlated_pymatching,d821558028d0b71fbf8148e27be7c074e0e8b72611fd5ff402120f6913a24690,"{""d"":7.0,""p"":0.00046415888336127773,""r"":7.0}",
        64,         0,         0,   0.107,correlated_pymatching,d821558028d0b71fbf8148e27be7c074e0e8b72611fd5ff402120f6913a24690,"{""d"":7.0,""p"":0.00046415888336127773,""r"":7.0}",
        64,         0,         0,   0.106,correlated_pymatching,d821558028d0b71fbf8148e27be7c074e0e8b72611fd5ff402120f6913a24690,"{""d"":7.0,""p"":0.00046415888336127773,""r"":7.0}",
        64,         0,         0,   0.102,correlated_pymatching,d821558028d0b71fbf8148e27be7c074e0e8b72611fd5ff402120f6913a24690,"{""d"":7.0,""p"":0.00046415888336127773,""r"":7.0}",
        64,         0,         0,   0.105,correlated_pymatching,d821558028d0b71fbf8148e27be7c074e0e8b72611fd5ff402120f6913a24690,"{""d"":7.0,""p"":0.00046415888336127773,""r"":7.0}",
        64,         0,         0,   0.101,correlated_pymatching,d821558028d0b71fbf8148e27be7c074e0e8b72611fd5ff402120f6913a24690,"{""d"":7.0,""p"":0.00046415888336127773,""r"":7.0}",
        64,         0,         0,   0.101,correlated_pymatching,d821558028d0b71fbf8148e27be7c074e0e8b72611fd5ff402120f6913a24690,"{""d"":7.0,""p"":0.00046415888336127773,""r"":7.0}",
        64,         0,         0,   0.101,correlated_pymatching,d821558028d0b71fbf8148e27be7c074e0e8b72611fd5ff402120f6913a24690,"{""d"":7.0,""p"":0.00046415888336127773,""r"":7.0}",
        64,         0,         0,   0.107,correlated_pymatching,d821558028d0b71fbf8148e27be7c074e0e8b72611fd5ff402120f6913a24690,"{""d"":7.0,""p"":0.00046415888336127773,""r"":7.0}",
         2,         0,         0,   0.168,correlated_pymatching,d821558028d0b71fbf8148e27be7c074e0e8b72611fd5ff402120f6913a24690,"{""d"":7.0,""p"":0.00046415888336127773,""r"":7.0}",
        64,         0,         0,   0.105,correlated_pymatching,d821558028d0b71fbf8148e27be7c074e0e8b72611fd5ff402120f6913a24690,"{""d"":7.0,""p"":0.00046415888336127773,""r"":7.0}",
      5120,         0,         0,   0.654,correlated_pymatching,d821558028d0b71fbf8148e27be7c074e0e8b72611fd5ff402120f6913a24690,"{""d"":7.0,""p"":0.00046415888336127773,""r"":7.0}",
       256,         0,         0,   0.105,correlated_pymatching,d821558028d0b71fbf8148e27be7c074e0e8b72611fd5ff402120f6913a24690,"{""d"":7.0,""p"":0.00046415888336127773,""r"":7.0}",
       256,         0,         0,   0.111,correlated_pymatching,d821558028d0b71fbf8148e27be7c074e0e8b72611fd5ff402120f6913a24690,"{""d"":7.0,""p"":0.00046415888336127773,""r"":7.0}",
       256,         0,         0,   0.112,correlated_pymatching,d821558028d0b71fbf8148e27be7c074e0e8b72611fd5ff402120f6913a24690,"{""d"":7.0,""p"":0.00046415888336127773,""r"":7.0}",
       256,         0,         0,   0.107,correlated_pymatching,d821558028d0b71fbf8148e27be7c074e0e8b72611fd5ff402120f6913a24690,"{""d"":7.0,""p"":0.00046415888336127773,""r"":7.0}",
       256,         0,         0,   0.106,correlated_pymatching,d821558028d0b71fbf8148e27be7c074e0e8b72611fd5ff402120f6913a24690,"{""d"":7.0,""p"":0.00046415888336127773,""r"":7.0}",
       256,         0,         0,   0.111,correlated_pymatching,d821558028d0b71fbf8148e27be7c074e0e8b72611fd5ff402120f6913a24690,"{""d"":7.0,""p"":0.00046415888336127773,""r"":7.0}",
       256,         0,         0,   0.107,correlated_pymatching,d821558028d0b71fbf8148e27be7c074e0e8b72611fd5ff402120f6913a24690,"{""d"":7.0,""p"":0.00046415888336127773,""r"":7.0}",
       256,         0,         0,   0.111,correlated_pymatching,d821558028d0b71fbf8148e27be7c074e0e8b72611fd5ff402120f6913a24690,"{""d"":7.0,""p"":0.00046415888336127773,""r"":7.0}",
       256,         0,         0,   0.112,correlated_pymatching,d821558028d0b71fbf8148e27be7c074e0e8b72611fd5ff402120f6913a24690,"{""d"":7.0,""p"":0.00046415888336127773,""r"":7.0}",
       256,         0,         0,   0.110,correlated_pymatching,d821558028d0b71fbf8148e27be7c074e0e8b72611fd5ff402120f6913a24690,"{""d"":7.0,""p"":0.00046415888336127773,""r"":7.0}",
       256,         0,         0,   0.107,correlated_pymatching,d821558028d0b71fbf8148e27be7c074e0e8b72611fd5ff402120f6913a24690,"{""d"":7.0,""p"":0.00046415888336127773,""r"":7.0}",
       256,         1,         0,   0.107,correlated_pymatching,d821558028d0b71fbf8148e27be7c074e0e8b72611fd5ff402120f6913a24690,"{""d"":7.0,""p"":0.00046415888336127773,""r"":7.0}","{""obs_mistake_mask=E"":1}"
       256,         0,         0,   0.106,correlated_pymatching,d821558028d0b71fbf8148e27be7c074e0e8b72611fd5ff402120f6913a24690,"{""d"":7.0,""p"":0.00046415888336127773,""r"":7.0}",
       256,         0,         0,   0.111,correlated_pymatching,d821558028d0b71fbf8148e27be7c074e0e8b72611fd5ff402120f6913a24690,"{""d"":7.0,""p"":0.00046415888336127773,""r"":7.0}",
       256,         0,         0,   0.110,correlated_pymatching,d821558028d0b71fbf8148e27be7c074e0e8b72611fd5ff402120f6913a24690,"{""d"":7.0,""p"":0.00046415888336127773,""r"":7.0}",
         4,         0,         0,   0.165,correlated_pymatching,d821558028d0b71fbf8148e27be7c074e0e8b72611fd5ff402120f6913a24690,"{""d"":7.0,""p"":0.00046415888336127773,""r"":7.0}",
      1024,         0,         0,   0.127,correlated_pymatching,d821558028d0b71fbf8148e27be7c074e0e8b72611fd5ff402120f6913a24690,"{""d"":7.0,""p"":0.00046415888336127773,""r"":7.0}",
      1024,         0,         0,   0.127,correlated_pymatching,d821558028d0b71fbf8148e27be7c074e0e8b72611fd5ff402120f6913a24690,"{""d"":7.0,""p"":0.00046415888336127773,""r"":7.0}",
      1024,         0,         0,   0.128,correlated_pymatching,d821558028d0b71fbf8148e27be7c074e0e8b72611fd5ff402120f6913a24690,"{""d"":7.0,""p"":0.00046415888336127773,""r"":7.0}",
      1024,         0,         0,   0.133,correlated_pymatching,d821558028d0b71fbf8148e27be7c074e0e8b72611fd5ff402120f6913a24690,"{""d"":7.0,""p"":0.00046415888336127773,""r"":7.0}",
      1024,         0,         0,   0.134,correlated_pymatching,d821558028d0b71fbf8148e27be7c074e0e8b72611fd5ff402120f6913a24690,"{""d"":7.0,""p"":0.00046415888336127773,""r"":7.0}",
      1024,         0,         0,   0.133,correlated_pymatching,d821558028d0b71fbf8148e27be7c074e0e8b72611fd5ff402120f6913a24690,"{""d"":7.0,""p"":0.00046415888336127773,""r"":7.0}",
      1024,         0,         0,   0.126,correlated_pymatching,d821558028d0b71fbf8148e27be7c074e0e8b72611fd5ff402120f6913a24690,"{""d"":7.0,""p"":0.00046415888336127773,""r"":7.0}",
      1024,         0,         0,   0.127,correlated_pymatching,d821558028d0b71fbf8148e27be7c074e0e8b72611fd5ff402120f6913a24690,"{""d"":7.0,""p"":0.00046415888336127773,""r"":7.0}",
      1024,         0,         0,   0.132,correlated_pymatching,d821558028d0b71fbf8148e27be7c074e0e8b72611fd5ff402120f6913a24690,"{""d"":7.0,""p"":0.00046415888336127773,""r"":7.0}",
      1024,         0,         0,   0.128,correlated_pymatching,d821558028d0b71fbf8148e27be7c074e0e8b72611fd5ff402120f6913a24690,"{""d"":7.0,""p"":0.00046415888336127773,""r"":7.0}",
      1024,         0,         0,   0.126,correlated_pymatching,d821558028d0b71fbf8148e27be7c074e0e8b72611fd5ff402120f6913a24690,"{""d"":7.0,""p"":0.00046415888336127773,""r"":7.0}",
      1024,         0,         0,   0.132,correlated_pymatching,d821558028d0b71fbf8148e27be7c074e0e8b72611fd5ff402120f6913a24690,"{""d"":7.0,""p"":0.00046415888336127773,""r"":7.0}",
      1024,         0,         0,   0.131,correlated_pymatching,d821558028d0b71fbf8148e27be7c074e0e8b72611fd5ff402120f6913a24690,"{""d"":7.0,""p"":0.00046415888336127773,""r"":7.0}",
      1024,         0,         0,   0.132,correlated_pymatching,d821558028d0b71fbf8148e27be7c074e0e8b72611fd5ff402120f6913a24690,"{""d"":7.0,""p"":0.00046415888336127773,""r"":7.0}",
      1024,         0,         0,   0.131,correlated_pymatching,d821558028d0b71fbf8148e27be7c074e0e8b72611fd5ff402120f6913a24690,"{""d"":7.0,""p"":0.00046415888336127773,""r"":7.0}",
      1024,         0,         0,   0.127,correlated_pymatching,d821558028d0b71fbf8148e27be7c074e0e8b72611fd5ff402120f6913a24690,"{""d"":7.0,""p"":0.00046415888336127773,""r"":7.0}",
         8,         0,         0,   0.169,correlated_pymatching,d821558028d0b71fbf8148e27be7c074e0e8b72611fd5ff402120f6913a24690,"{""d"":7.0,""p"":0.00046415888336127773,""r"":7.0}",
      1024,         0,         0,   0.127,correlated_pymatching,d821558028d0b71fbf8148e27be7c074e0e8b72611fd5ff402120f6913a24690,"{""d"":7.0,""p"":0.00046415888336127773,""r"":7.0}",
      1024,         0,         0,   0.128,correlated_pymatching,d821558028d0b71fbf8148e27be7c074e0e8b72611fd5ff402120f6913a24690,"{""d"":7.0,""p"":0.00046415888336127773,""r"":7.0}",
      1024,         0,         0,   0.132,correlated_pymatching,d821558028d0b71fbf8148e27be7c074e0e8b72611fd5ff402120f6913a24690,"{""d"":7.0,""p"":0.00046415888336127773,""r"":7.0}",
      1024,         0,         0,   0.127,correlated_pymatching,d821558028d0b71fbf8148e27be7c074e0e8b72611fd5ff402120f6913a24690,"{""d"":7.0,""p"":0.00046415888336127773,""r"":7.0}",
      1024,         0,         0,   0.132,correlated_pymatching,d821558028d0b71fbf8148e27be7c074e0e8b72611fd5ff402120f6913a24690,"{""d"":7.0,""p"":0.00046415888336127773,""r"":7.0}",
      1024,         0,         0,   0.134,correlated_pymatching,d821558028d0b71fbf8148e27be7c074e0e8b72611fd5ff402120f6913a24690,"{""d"":7.0,""p"":0.00046415888336127773,""r"":7.0}",
      1024,         0,         0,   0.126,correlated_pymatching,d821558028d0b71fbf8148e27be7c074e0e8b72611fd5ff402120f6913a24690,"{""d"":7.0,""p"":0.00046415888336127773,""r"":7.0}",
      1024,         0,         0,   0.126,correlated_pymatching,d821558028d0b71fbf8148e27be7c074e0e8b72611fd5ff402120f6913a24690,"{""d"":7.0,""p"":0.00046415888336127773,""r"":7.0}",
      1024,         0,         0,   0.128,correlated_pymatching,d821558028d0b71fbf8148e27be7c074e0e8b72611fd5ff402120f6913a24690,"{""d"":7.0,""p"":0.00046415888336127773,""r"":7.0}",
      1024,         0,         0,   0.132,correlated_pymatching,d821558028d0b71fbf8148e27be7c074e0e8b72611fd5ff402120f6913a24690,"{""d"":7.0,""p"":0.00046415888336127773,""r"":7.0}",
      1024,         0,         0,   0.131,correlated_pymatching,d821558028d0b71fbf8148e27be7c074e0e8b72611fd5ff402120f6913a24690,"{""d"":7.0,""p"":0.00046415888336127773,""r"":7.0}",
      1024,         0,         0,   0.133,correlated_pymatching,d821558028d0b71fbf8148e27be7c074e0e8b72611fd5ff402120f6913a24690,"{""d"":7.0,""p"":0.00046415888336127773,""r"":7.0}",
      1024,         0,         0,   0.133,correlated_pymatching,d821558028d0b71fbf8148e27be7c074e0e8b72611fd5ff402120f6913a24690,"{""d"":7.0,""p"":0.00046415888336127773,""r"":7.0}",
      1024,         0,         0,   0.131,correlated_pymatching,d821558028d0b71fbf8148e27be7c074e0e8b72611fd5ff402120f6913a24690,"{""d"":7.0,""p"":0.00046415888336127773,""r"":7.0}",
      7293,         0,         0,    1.04,correlated_pymatching,d821558028d0b71fbf8148e27be7c074e0e8b72611fd5ff402120f6913a24690,"{""d"":7.0,""p"":0.00046415888336127773,""r"":7.0}",
     12288,         0,         0,    1.57,correlated_pymatching,d821558028d0b71fbf8148e27be7c074e0e8b72611fd5ff402120f6913a24690,"{""d"":7.0,""p"":0.00046415888336127773,""r"":7.0}",
      1024,         0,         0,   0.126,correlated_pymatching,d821558028d0b71fbf8148e27be7c074e0e8b72611fd5ff402120f6913a24690,"{""d"":7.0,""p"":0.00046415888336127773,""r"":7.0}",
     12288,         0,         0,    1.56,correlated_pymatching,d821558028d0b71fbf8148e27be7c074e0e8b72611fd5ff402120f6913a24690,"{""d"":7.0,""p"":0.00046415888336127773,""r"":7.0}",
      1024,         0,         0,   0.125,correlated_pymatching,d821558028d0b71fbf8148e27be7c074e0e8b72611fd5ff402120f6913a24690,"{""d"":7.0,""p"":0.00046415888336127773,""r"":7.0}",
      1024,         0,         0,   0.126,correlated_pymatching,d821558028d0b71fbf8148e27be7c074e0e8b72611fd5ff402120f6913a24690,"{""d"":7.0,""p"":0.00046415888336127773,""r"":7.0}",
      1024,         0,         0,   0.127,correlated_pymatching,d821558028d0b71fbf8148e27be7c074e0e8b72611fd5ff402120f6913a24690,"{""d"":7.0,""p"":0.00046415888336127773,""r"":7.0}",
      1024,         0,         0,   0.131,correlated_pymatching,d821558028d0b71fbf8148e27be7c074e0e8b72611fd5ff402120f6913a24690,"{""d"":7.0,""p"":0.00046415888336127773,""r"":7.0}",
      1024,         0,         0,   0.126,correlated_pymatching,d821558028d0b71fbf8148e27be7c074e0e8b72611fd5ff402120f6913a24690,"{""d"":7.0,""p"":0.00046415888336127773,""r"":7.0}",
      1024,         0,         0,   0.133,correlated_pymatching,d821558028d0b71fbf8148e27be7c074e0e8b72611fd5ff402120f6913a24690,"{""d"":7.0,""p"":0.00046415888336127773,""r"":7.0}",
      1024,         0,         0,   0.126,correlated_pymatching,d821558028d0b71fbf8148e27be7c074e0e8b72611fd5ff402120f6913a24690,"{""d"":7.0,""p"":0.00046415888336127773,""r"":7.0}",
      1024,         0,         0,   0.128,correlated_pymatching,d821558028d0b71fbf8148e27be7c074e0e8b72611fd5ff402120f6913a24690,"{""d"":7.0,""p"":0.00046415888336127773,""r"":7.0}",
      1024,         0,         0,   0.134,correlated_pymatching,d821558028d0b71fbf8148e27be7c074e0e8b72611fd5ff402120f6913a24690,"{""d"":7.0,""p"":0.00046415888336127773,""r"":7.0}",
      1024,         0,         0,   0.131,correlated_pymatching,d821558028d0b71fbf8148e27be7c074e0e8b72611fd5ff402120f6913a24690,"{""d"":7.0,""p"":0.00046415888336127773,""r"":7.0}",
      1024,         0,         0,   0.131,correlated_pymatching,d821558028d0b71fbf8148e27be7c074e0e8b72611fd5ff402120f6913a24690,"{""d"":7.0,""p"":0.00046415888336127773,""r"":7.0}",
     13312,         0,         0,    1.60,correlated_pymatching,d821558028d0b71fbf8148e27be7c074e0e8b72611fd5ff402120f6913a24690,"{""d"":7.0,""p"":0.00046415888336127773,""r"":7.0}",
      1024,         0,         0,   0.132,correlated_pymatching,d821558028d0b71fbf8148e27be7c074e0e8b72611fd5ff402120f6913a24690,"{""d"":7.0,""p"":0.00046415888336127773,""r"":7.0}",
        16,         0,         0,   0.165,correlated_pymatching,d821558028d0b71fbf8148e27be7c074e0e8b72611fd5ff402120f6913a24690,"{""d"":7.0,""p"":0.00046415888336127773,""r"":7.0}",
      1024,         0,         0,   0.131,correlated_pymatching,d821558028d0b71fbf8148e27be7c074e0e8b72611fd5ff402120f6913a24690,"{""d"":7.0,""p"":0.00046415888336127773,""r"":7.0}",
      1024,         0,         0,   0.133,correlated_pymatching,d821558028d0b71fbf8148e27be7c074e0e8b72611fd5ff402120f6913a24690,"{""d"":7.0,""p"":0.00046415888336127773,""r"":7.0}",
     12288,         0,         0,    1.55,correlated_pymatching,d821558028d0b71fbf8148e27be7c074e0e8b72611fd5ff402120f6913a24690,"{""d"":7.0,""p"":0.00046415888336127773,""r"":7.0}",
     12288,         0,         0,    1.56,correlated_pymatching,d821558028d0b71fbf8148e27be7c074e0e8b72611fd5ff402120f6913a24690,"{""d"":7.0,""p"":0.00046415888336127773,""r"":7.0}",
        85,         0,         0,   0.116,correlated_pymatching,d821558028d0b71fbf8148e27be7c074e0e8b72611fd5ff402120f6913a24690,"{""d"":7.0,""p"":0.00046415888336127773,""r"":7.0}",
      7168,         0,         0,   0.879,correlated_pymatching,d821558028d0b71fbf8148e27be7c074e0e8b72611fd5ff402120f6913a24690,"{""d"":7.0,""p"":0.00046415888336127773,""r"":7.0}",
        32,         0,         0,   0.165,correlated_pymatching,d821558028d0b71fbf8148e27be7c074e0e8b72611fd5ff402120f6913a24690,"{""d"":7.0,""p"":0.00046415888336127773,""r"":7.0}",
      7168,         0,         0,   0.858,correlated_pymatching,d821558028d0b71fbf8148e27be7c074e0e8b72611fd5ff402120f6913a24690,"{""d"":7.0,""p"":0.00046415888336127773,""r"":7.0}",
      2048,         0,         0,   0.251,correlated_pymatching,d821558028d0b71fbf8148e27be7c074e0e8b72611fd5ff402120f6913a24690,"{""d"":7.0,""p"":0.00046415888336127773,""r"":7.0}",
      2048,         0,         0,   0.253,correlated_pymatching,d821558028d0b71fbf8148e27be7c074e0e8b72611fd5ff402120f6913a24690,"{""d"":7.0,""p"":0.00046415888336127773,""r"":7.0}",
      2048,         0,         0,   0.254,correlated_pymatching,d821558028d0b71fbf8148e27be7c074e0e8b72611fd5ff402120f6913a24690,"{""d"":7.0,""p"":0.00046415888336127773,""r"":7.0}",
      2048,         0,         0,   0.251,correlated_pymatching,d821558028d0b71fbf8148e27be7c074e0e8b72611fd5ff402120f6913a24690,"{""d"":7.0,""p"":0.00046415888336127773,""r"":7.0}",
      2048,         0,         0,   0.253,correlated_pymatching,d821558028d0b71fbf8148e27be7c074e0e8b72611fd5ff402120f6913a24690,"{""d"":7.0,""p"":0.00046415888336127773,""r"":7.0}",
      2048,         0,         0,   0.253,correlated_pymatching,d821558028d0b71fbf8148e27be7c074e0e8b72611fd5ff402120f6913a24690,"{""d"":7.0,""p"":0.00046415888336127773,""r"":7.0}",
      2048,         0,         0,   0.254,correlated_pymatching,d821558028d0b71fbf8148e27be7c074e0e8b72611fd5ff402120f6913a24690,"{""d"":7.0,""p"":0.00046415888336127773,""r"":7.0}",
      2048,         1,         0,   0.263,correlated_pymatching,d821558028d0b71fbf8148e27be7c074e0e8b72611fd5ff402120f6913a24690,"{""d"":7.0,""p"":0.00046415888336127773,""r"":7.0}","{""obs_mistake_mask=E"":1}"
      2048,         0,         0,   0.265,correlated_pymatching,d821558028d0b71fbf8148e27be7c074e0e8b72611fd5ff402120f6913a24690,"{""d"":7.0,""p"":0.00046415888336127773,""r"":7.0}",
      2048,         0,         0,   0.266,correlated_pymatching,d821558028d0b71fbf8148e27be7c074e0e8b72611fd5ff402120f6913a24690,"{""d"":7.0,""p"":0.00046415888336127773,""r"":7.0}",
      2048,         0,         0,   0.264,correlated_pymatching,d821558028d0b71fbf8148e27be7c074e0e8b72611fd5ff402120f6913a24690,"{""d"":7.0,""p"":0.00046415888336127773,""r"":7.0}",
      2048,         0,         0,   0.265,correlated_pymatching,d821558028d0b71fbf8148e27be7c074e0e8b72611fd5ff402120f6913a24690,"{""d"":7.0,""p"":0.00046415888336127773,""r"":7.0}",
      2048,         0,         0,   0.267,correlated_pymatching,d821558028d0b71fbf8148e27be7c074e0e8b72611fd5ff402120f6913a24690,"{""d"":7.0,""p"":0.00046415888336127773,""r"":7.0}",
      8794,         0,         0,    1.17,correlated_pymatching,d821558028d0b71fbf8148e27be7c074e0e8b72611fd5ff402120f6913a24690,"{""d"":7.0,""p"":0.00046415888336127773,""r"":7.0}",
      2048,         0,         0,   0.262,correlated_pymatching,d821558028d0b71fbf8148e27be7c074e0e8b72611fd5ff402120f6913a24690,"{""d"":7.0,""p"":0.00046415888336127773,""r"":7.0}",
      2048,         0,         0,   0.265,correlated_pymatching,d821558028d0b71fbf8148e27be7c074e0e8b72611fd5ff402120f6913a24690,"{""d"":7.0,""p"":0.00046415888336127773,""r"":7.0}",
      9569,         0,         0,    1.28,correlated_pymatching,d821558028d0b71fbf8148e27be7c074e0e8b72611fd5ff402120f6913a24690,"{""d"":7.0,""p"":0.00046415888336127773,""r"":7.0}",
      7168,         0,         0,   0.905,correlated_pymatching,d821558028d0b71fbf8148e27be7c074e0e8b72611fd5ff402120f6913a24690,"{""d"":7.0,""p"":0.00046415888336127773,""r"":7.0}",
      9569,         1,         0,    1.22,correlated_pymatching,d821558028d0b71fbf8148e27be7c074e0e8b72611fd5ff402120f6913a24690,"{""d"":7.0,""p"":0.00046415888336127773,""r"":7.0}","{""obs_mistake_mask=E"":1}"
      6144,         0,         0,   0.773,correlated_pymatching,d821558028d0b71fbf8148e27be7c074e0e8b72611fd5ff402120f6913a24690,"{""d"":7.0,""p"":0.00046415888336127773,""r"":7.0}",
      1637,         0,         0,   0.254,correlated_pymatching,d821558028d0b71fbf8148e27be7c074e0e8b72611fd5ff402120f6913a24690,"{""d"":7.0,""p"":0.00046415888336127773,""r"":7.0}",
      6370,         1,         0,   0.893,correlated_pymatching,d821558028d0b71fbf8148e27be7c074e0e8b72611fd5ff402120f6913a24690,"{""d"":7.0,""p"":0.00046415888336127773,""r"":7.0}","{""obs_mistake_mask=E"":1}"
        64,         0,         0,   0.173,correlated_pymatching,d821558028d0b71fbf8148e27be7c074e0e8b72611fd5ff402120f6913a24690,"{""d"":7.0,""p"":0.00046415888336127773,""r"":7.0}",
      1637,         0,         0,   0.239,correlated_pymatching,d821558028d0b71fbf8148e27be7c074e0e8b72611fd5ff402120f6913a24690,"{""d"":7.0,""p"":0.00046415888336127773,""r"":7.0}",
      9569,         0,         0,    1.29,correlated_pymatching,d821558028d0b71fbf8148e27be7c074e0e8b72611fd5ff402120f6913a24690,"{""d"":7.0,""p"":0.00046415888336127773,""r"":7.0}",
      7168,         0,         0,   0.919,correlated_pymatching,d821558028d0b71fbf8148e27be7c074e0e8b72611fd5ff402120f6913a24690,"{""d"":7.0,""p"":0.00046415888336127773,""r"":7.0}",
      1699,         0,         0,   0.234,correlated_pymatching,d821558028d0b71fbf8148e27be7c074e0e8b72611fd5ff402120f6913a24690,"{""d"":7.0,""p"":0.00046415888336127773,""r"":7.0}",
        78,         0,         0,   0.111,correlated_pymatching,d821558028d0b71fbf8148e27be7c074e0e8b72611fd5ff402120f6913a24690,"{""d"":7.0,""p"":0.00046415888336127773,""r"":7.0}",
       179,         0,         0,   0.113,correlated_pymatching,d821558028d0b71fbf8148e27be7c074e0e8b72611fd5ff402120f6913a24690,"{""d"":7.0,""p"":0.00046415888336127773,""r"":7.0}",
      2048,         0,         0,   0.250,correlated_pymatching,d821558028d0b71fbf8148e27be7c074e0e8b72611fd5ff402120f6913a24690,"{""d"":7.0,""p"":0.00046415888336127773,""r"":7.0}",
      2048,         0,         0,   0.252,correlated_pymatching,d821558028d0b71fbf8148e27be7c074e0e8b72611fd5ff402120f6913a24690,"{""d"":7.0,""p"":0.00046415888336127773,""r"":7.0}",
      2048,         0,         0,   0.255,correlated_pymatching,d821558028d0b71fbf8148e27be7c074e0e8b72611fd5ff402120f6913a24690,"{""d"":7.0,""p"":0.00046415888336127773,""r"":7.0}",
       919,         0,         0,   0.137,correlated_pymatching,d821558028d0b71fbf8148e27be7c074e0e8b72611fd5ff402120f6913a24690,"{""d"":7.0,""p"":0.00046415888336127773,""r"":7.0}",
      2048,         0,         0,   0.251,correlated_pymatching,d821558028d0b71fbf8148e27be7c074e0e8b72611fd5ff402120f6913a24690,"{""d"":7.0,""p"":0.00046415888336127773,""r"":7.0}",
      3816,         0,         0,   0.513,correlated_pymatching,d821558028d0b71fbf8148e27be7c074e0e8b72611fd5ff402120f6913a24690,"{""d"":7.0,""p"":0.00046415888336127773,""r"":7.0}",
      2048,         0,         0,   0.251,correlated_pymatching,d821558028d0b71fbf8148e27be7c074e0e8b72611fd5ff402120f6913a24690,"{""d"":7.0,""p"":0.00046415888336127773,""r"":7.0}",
      2048,         0,         0,   0.253,correlated_pymatching,d821558028d0b71fbf8148e27be7c074e0e8b72611fd5ff402120f6913a24690,"{""d"":7.0,""p"":0.00046415888336127773,""r"":7.0}",
       919,         0,         0,   0.123,correlated_pymatching,d821558028d0b71fbf8148e27be7c074e0e8b72611fd5ff402120f6913a24690,"{""d"":7.0,""p"":0.00046415888336127773,""r"":7.0}",
      2048,         0,         0,   0.254,correlated_pymatching,d821558028d0b71fbf8148e27be7c074e0e8b72611fd5ff402120f6913a24690,"{""d"":7.0,""p"":0.00046415888336127773,""r"":7.0}",
       535,         0,         0,   0.120,correlated_pymatching,d821558028d0b71fbf8148e27be7c074e0e8b72611fd5ff402120f6913a24690,"{""d"":7.0,""p"":0.00046415888336127773,""r"":7.0}",
      1537,         0,         0,   0.248,correlated_pymatching,d821558028d0b71fbf8148e27be7c074e0e8b72611fd5ff402120f6913a24690,"{""d"":7.0,""p"":0.00046415888336127773,""r"":7.0}",
      4096,         0,         0,   0.499,correlated_pymatching,d821558028d0b71fbf8148e27be7c074e0e8b72611fd5ff402120f6913a24690,"{""d"":7.0,""p"":0.00046415888336127773,""r"":7.0}",
      2048,         0,         0,   0.264,correlated_pymatching,d821558028d0b71fbf8148e27be7c074e0e8b72611fd5ff402120f6913a24690,"{""d"":7.0,""p"":0.00046415888336127773,""r"":7.0}",
      2048,         0,         0,   0.264,correlated_pymatching,d821558028d0b71fbf8148e27be7c074e0e8b72611fd5ff402120f6913a24690,"{""d"":7.0,""p"":0.00046415888336127773,""r"":7.0}",
       128,         0,         0,   0.171,correlated_pymatching,d821558028d0b71fbf8148e27be7c074e0e8b72611fd5ff402120f6913a24690,"{""d"":7.0,""p"":0.00046415888336127773,""r"":7.0}",
      2048,         0,         0,   0.264,correlated_pymatching,d821558028d0b71fbf8148e27be7c074e0e8b72611fd5ff402120f6913a24690,"{""d"":7.0,""p"":0.00046415888336127773,""r"":7.0}",
      2048,         0,         0,   0.261,correlated_pymatching,d821558028d0b71fbf8148e27be7c074e0e8b72611fd5ff402120f6913a24690,"{""d"":7.0,""p"":0.00046415888336127773,""r"":7.0}",
      2048,         0,         0,   0.263,correlated_pymatching,d821558028d0b71fbf8148e27be7c074e0e8b72611fd5ff402120f6913a24690,"{""d"":7.0,""p"":0.00046415888336127773,""r"":7.0}",
      3329,         0,         0,   0.498,correlated_pymatching,d821558028d0b71fbf8148e27be7c074e0e8b72611fd5ff402120f6913a24690,"{""d"":7.0,""p"":0.00046415888336127773,""r"":7.0}",
      2048,         1,         0,   0.261,correlated_pymatching,d821558028d0b71fbf8148e27be7c074e0e8b72611fd5ff402120f6913a24690,"{""d"":7.0,""p"":0.00046415888336127773,""r"":7.0}","{""obs_mistake_mask=E"":1}"
      2048,         0,         0,   0.264,correlated_pymatching,d821558028d0b71fbf8148e27be7c074e0e8b72611fd5ff402120f6913a24690,"{""d"":7.0,""p"":0.00046415888336127773,""r"":7.0}",
      4185,         1,         0,   0.616,correlated_pymatching,d821558028d0b71fbf8148e27be7c074e0e8b72611fd5ff402120f6913a24690,"{""d"":7.0,""p"":0.00046415888336127773,""r"":7.0}","{""obs_mistake_mask=E"":1}"
       973,         0,         0,   0.127,correlated_pymatching,d821558028d0b71fbf8148e27be7c074e0e8b72611fd5ff402120f6913a24690,"{""d"":7.0,""p"":0.00046415888336127773,""r"":7.0}",
       145,         0,         0,   0.103,correlated_pymatching,d821558028d0b71fbf8148e27be7c074e0e8b72611fd5ff402120f6913a24690,"{""d"":7.0,""p"":0.00046415888336127773,""r"":7.0}",
      4096,         0,         0,   0.530,correlated_pymatching,d821558028d0b71fbf8148e27be7c074e0e8b72611fd5ff402120f6913a24690,"{""d"":7.0,""p"":0.00046415888336127773,""r"":7.0}",
       919,         0,         0,   0.126,correlated_pymatching,d821558028d0b71fbf8148e27be7c074e0e8b72611fd5ff402120f6913a24690,"{""d"":7.0,""p"":0.00046415888336127773,""r"":7.0}",
       794,         0,         0,   0.120,correlated_pymatching,d821558028d0b71fbf8148e27be7c074e0e8b72611fd5ff402120f6913a24690,"{""d"":7.0,""p"":0.00046415888336127773,""r"":7.0}",
       822,         0,         0,   0.126,correlated_pymatching,d821558028d0b71fbf8148e27be7c074e0e8b72611fd5ff402120f6913a24690,"{""d"":7.0,""p"":0.00046415888336127773,""r"":7.0}",
      1699,         0,         0,   0.260,correlated_pymatching,d821558028d0b71fbf8148e27be7c074e0e8b72611fd5ff402120f6913a24690,"{""d"":7.0,""p"":0.00046415888336127773,""r"":7.0}",
       880,         0,         0,   0.134,correlated_pymatching,d821558028d0b71fbf8148e27be7c074e0e8b72611fd5ff402120f6913a24690,"{""d"":7.0,""p"":0.00046415888336127773,""r"":7.0}",
      2859,         0,         0,   0.389,correlated_pymatching,d821558028d0b71fbf8148e27be7c074e0e8b72611fd5ff402120f6913a24690,"{""d"":7.0,""p"":0.00046415888336127773,""r"":7.0}",
      2303,         0,         0,   0.375,correlated_pymatching,d821558028d0b71fbf8148e27be7c074e0e8b72611fd5ff402120f6913a24690,"{""d"":7.0,""p"":0.00046415888336127773,""r"":7.0}",
      2303,         0,         0,   0.354,correlated_pymatching,d821558028d0b71fbf8148e27be7c074e0e8b72611fd5ff402120f6913a24690,"{""d"":7.0,""p"":0.00046415888336127773,""r"":7.0}",
       358,         0,         0,   0.111,correlated_pymatching,d821558028d0b71fbf8148e27be7c074e0e8b72611fd5ff402120f6913a24690,"{""d"":7.0,""p"":0.00046415888336127773,""r"":7.0}",
       256,         0,         0,   0.177,correlated_pymatching,d821558028d0b71fbf8148e27be7c074e0e8b72611fd5ff402120f6913a24690,"{""d"":7.0,""p"":0.00046415888336127773,""r"":7.0}",
      1475,         0,         0,   0.243,correlated_pymatching,d821558028d0b71fbf8148e27be7c074e0e8b72611fd5ff402120f6913a24690,"{""d"":7.0,""p"":0.00046415888336127773,""r"":7.0}",
      1446,         0,         0,   0.240,correlated_pymatching,d821558028d0b71fbf8148e27be7c074e0e8b72611fd5ff402120f6913a24690,"{""d"":7.0,""p"":0.00046415888336127773,""r"":7.0}",
      2048,         0,         0,   0.252,correlated_pymatching,d821558028d0b71fbf8148e27be7c074e0e8b72611fd5ff402120f6913a24690,"{""d"":7.0,""p"":0.00046415888336127773,""r"":7.0}",
       536,         0,         0,   0.119,correlated_pymatching,d821558028d0b71fbf8148e27be7c074e0e8b72611fd5ff402120f6913a24690,"{""d"":7.0,""p"":0.00046415888336127773,""r"":7.0}",
      2044,         0,         0,   0.253,correlated_pymatching,d821558028d0b71fbf8148e27be7c074e0e8b72611fd5ff402120f6913a24690,"{""d"":7.0,""p"":0.00046415888336127773,""r"":7.0}",
      2044,         0,         0,   0.253,correlated_pymatching,d821558028d0b71fbf8148e27be7c074e0e8b72611fd5ff402120f6913a24690,"{""d"":7.0,""p"":0.00046415888336127773,""r"":7.0}",
      1508,         0,         0,   0.239,correlated_pymatching,d821558028d0b71fbf8148e27be7c074e0e8b72611fd5ff402120f6913a24690,"{""d"":7.0,""p"":0.00046415888336127773,""r"":7.0}",
      1785,         0,         0,   0.247,correlated_pymatching,d821558028d0b71fbf8148e27be7c074e0e8b72611fd5ff402120f6913a24690,"{""d"":7.0,""p"":0.00046415888336127773,""r"":7.0}",
      1785,         0,         0,   0.247,correlated_pymatching,d821558028d0b71fbf8148e27be7c074e0e8b72611fd5ff402120f6913a24690,"{""d"":7.0,""p"":0.00046415888336127773,""r"":7.0}",
      3072,         0,         0,   0.390,correlated_pymatching,d821558028d0b71fbf8148e27be7c074e0e8b72611fd5ff402120f6913a24690,"{""d"":7.0,""p"":0.00046415888336127773,""r"":7.0}",
      1482,         0,         0,   0.232,correlated_pymatching,d821558028d0b71fbf8148e27be7c074e0e8b72611fd5ff402120f6913a24690,"{""d"":7.0,""p"":0.00046415888336127773,""r"":7.0}",
      1745,         0,         0,   0.259,correlated_pymatching,d821558028d0b71fbf8148e27be7c074e0e8b72611fd5ff402120f6913a24690,"{""d"":7.0,""p"":0.00046415888336127773,""r"":7.0}",
       880,         0,         0,   0.128,correlated_pymatching,d821558028d0b71fbf8148e27be7c074e0e8b72611fd5ff402120f6913a24690,"{""d"":7.0,""p"":0.00046415888336127773,""r"":7.0}",
      1508,         0,         0,   0.249,correlated_pymatching,d821558028d0b71fbf8148e27be7c074e0e8b72611fd5ff402120f6913a24690,"{""d"":7.0,""p"":0.00046415888336127773,""r"":7.0}",
      1508,         0,         0,   0.249,correlated_pymatching,d821558028d0b71fbf8148e27be7c074e0e8b72611fd5ff402120f6913a24690,"{""d"":7.0,""p"":0.00046415888336127773,""r"":7.0}",
      1508,         0,         0,   0.250,correlated_pymatching,d821558028d0b71fbf8148e27be7c074e0e8b72611fd5ff402120f6913a24690,"{""d"":7.0,""p"":0.00046415888336127773,""r"":7.0}",
       218,         0,         0,   0.117,correlated_pymatching,d821558028d0b71fbf8148e27be7c074e0e8b72611fd5ff402120f6913a24690,"{""d"":7.0,""p"":0.00046415888336127773,""r"":7.0}",
      1508,         0,         0,   0.250,correlated_pymatching,d821558028d0b71fbf8148e27be7c074e0e8b72611fd5ff402120f6913a24690,"{""d"":7.0,""p"":0.00046415888336127773,""r"":7.0}",
      1508,         0,         0,   0.250,correlated_pymatching,d821558028d0b71fbf8148e27be7c074e0e8b72611fd5ff402120f6913a24690,"{""d"":7.0,""p"":0.00046415888336127773,""r"":7.0}",
      1544,         0,         0,   0.248,correlated_pymatching,d821558028d0b71fbf8148e27be7c074e0e8b72611fd5ff402120f6913a24690,"{""d"":7.0,""p"":0.00046415888336127773,""r"":7.0}",
      1749,         0,         0,   0.253,correlated_pymatching,d821558028d0b71fbf8148e27be7c074e0e8b72611fd5ff402120f6913a24690,"{""d"":7.0,""p"":0.00046415888336127773,""r"":7.0}",
      1534,         0,         0,   0.250,correlated_pymatching,d821558028d0b71fbf8148e27be7c074e0e8b72611fd5ff402120f6913a24690,"{""d"":7.0,""p"":0.00046415888336127773,""r"":7.0}",
       273,         0,         0,   0.116,correlated_pymatching,d821558028d0b71fbf8148e27be7c074e0e8b72611fd5ff402120f6913a24690,"{""d"":7.0,""p"":0.00046415888336127773,""r"":7.0}",
      1051,         0,         0,   0.228,correlated_pymatching,d821558028d0b71fbf8148e27be7c074e0e8b72611fd5ff402120f6913a24690,"{""d"":7.0,""p"":0.00046415888336127773,""r"":7.0}",
       722,         0,         0,   0.120,correlated_pymatching,d821558028d0b71fbf8148e27be7c074e0e8b72611fd5ff402120f6913a24690,"{""d"":7.0,""p"":0.00046415888336127773,""r"":7.0}",
       232,         0,         0,   0.114,correlated_pymatching,d821558028d0b71fbf8148e27be7c074e0e8b72611fd5ff402120f6913a24690,"{""d"":7.0,""p"":0.00046415888336127773,""r"":7.0}",
       106,         0,         0,   0.097,correlated_pymatching,d821558028d0b71fbf8148e27be7c074e0e8b72611fd5ff402120f6913a24690,"{""d"":7.0,""p"":0.00046415888336127773,""r"":7.0}",
       255,         0,         0,   0.107,correlated_pymatching,d821558028d0b71fbf8148e27be7c074e0e8b72611fd5ff402120f6913a24690,"{""d"":7.0,""p"":0.00046415888336127773,""r"":7.0}",
      1749,         0,         0,   0.241,correlated_pymatching,d821558028d0b71fbf8148e27be7c074e0e8b72611fd5ff402120f6913a24690,"{""d"":7.0,""p"":0.00046415888336127773,""r"":7.0}",
        85,         0,         0,   0.105,correlated_pymatching,d821558028d0b71fbf8148e27be7c074e0e8b72611fd5ff402120f6913a24690,"{""d"":7.0,""p"":0.00046415888336127773,""r"":7.0}",
         7,         0,         0,   0.095,correlated_pymatching,d821558028d0b71fbf8148e27be7c074e0e8b72611fd5ff402120f6913a24690,"{""d"":7.0,""p"":0.00046415888336127773,""r"":7.0}",
      1377,         0,         0,   0.233,correlated_pymatching,d821558028d0b71fbf8148e27be7c074e0e8b72611fd5ff402120f6913a24690,"{""d"":7.0,""p"":0.00046415888336127773,""r"":7.0}",
       188,         0,         0,   0.100,correlated_pymatching,d821558028d0b71fbf8148e27be7c074e0e8b72611fd5ff402120f6913a24690,"{""d"":7.0,""p"":0.00046415888336127773,""r"":7.0}",
        72,         0,         0,   0.101,correlated_pymatching,d821558028d0b71fbf8148e27be7c074e0e8b72611fd5ff402120f6913a24690,"{""d"":7.0,""p"":0.00046415888336127773,""r"":7.0}",
      1749,         0,         0,   0.240,correlated_pymatching,d821558028d0b71fbf8148e27be7c074e0e8b72611fd5ff402120f6913a24690,"{""d"":7.0,""p"":0.00046415888336127773,""r"":7.0}",
      1122,         0,         0,   0.224,correlated_pymatching,d821558028d0b71fbf8148e27be7c074e0e8b72611fd5ff402120f6913a24690,"{""d"":7.0,""p"":0.00046415888336127773,""r"":7.0}",
        42,         0,         0,   0.100,correlated_pymatching,d821558028d0b71fbf8148e27be7c074e0e8b72611fd5ff402120f6913a24690,"{""d"":7.0,""p"":0.00046415888336127773,""r"":7.0}",
      1423,         0,         0,   0.227,correlated_pymatching,d821558028d0b71fbf8148e27be7c074e0e8b72611fd5ff402120f6913a24690,"{""d"":7.0,""p"":0.00046415888336127773,""r"":7.0}",
        46,         0,         0,   0.099,correlated_pymatching,d821558028d0b71fbf8148e27be7c074e0e8b72611fd5ff402120f6913a24690,"{""d"":7.0,""p"":0.00046415888336127773,""r"":7.0}",
       112,         0,         0,   0.107,correlated_pymatching,d821558028d0b71fbf8148e27be7c074e0e8b72611fd5ff402120f6913a24690,"{""d"":7.0,""p"":0.00046415888336127773,""r"":7.0}",
        64,         0,         0,   0.106,correlated_pymatching,d821558028d0b71fbf8148e27be7c074e0e8b72611fd5ff402120f6913a24690,"{""d"":7.0,""p"":0.00046415888336127773,""r"":7.0}",
       112,         0,         0,   0.107,correlated_pymatching,d821558028d0b71fbf8148e27be7c074e0e8b72611fd5ff402120f6913a24690,"{""d"":7.0,""p"":0.00046415888336127773,""r"":7.0}",
       112,         0,         0,   0.106,correlated_pymatching,d821558028d0b71fbf8148e27be7c074e0e8b72611fd5ff402120f6913a24690,"{""d"":7.0,""p"":0.00046415888336127773,""r"":7.0}",
       112,         0,         0,   0.108,correlated_pymatching,d821558028d0b71fbf8148e27be7c074e0e8b72611fd5ff402120f6913a24690,"{""d"":7.0,""p"":0.00046415888336127773,""r"":7.0}",
       112,         0,         0,   0.108,correlated_pymatching,d821558028d0b71fbf8148e27be7c074e0e8b72611fd5ff402120f6913a24690,"{""d"":7.0,""p"":0.00046415888336127773,""r"":7.0}",
      1423,         0,         0,   0.376,correlated_pymatching,d821558028d0b71fbf8148e27be7c074e0e8b72611fd5ff402120f6913a24690,"{""d"":7.0,""p"":0.00046415888336127773,""r"":7.0}",
         1,         0,         0,   0.015,correlated_pymatching,c9231510271ae89c75ccd7a9fcdd7f83c7695072d4c6a2019726651563870b78,"{""d"":3,""p"":0.021544346900318822,""r"":3}",
         1,         0,         0,   0.037,correlated_pymatching,4e1d76e30d73905945fea823a79497226f2df99e76c94def17544c12713a19be,"{""d"":3,""p"":0.0001,""r"":3}",
         1,         0,         0,   0.015,correlated_pymatching,1f939bb7c247b3c0fd802879444a090a5a90a79bbeba4dd86a1b5d1ca0ef9b73,"{""d"":3,""p"":0.01,""r"":3}",
         1,         0,         0,   0.014,correlated_pymatching,ccb0c463bf7ed27e215ad570e670da23695418edb947db8c9d81436fedb700d4,"{""d"":3,""p"":0.1,""r"":3}",
         1,         0,         0,   0.019,correlated_pymatching,5f7350c02e66631d80088cfd16542fc634dfd08f78b3c5918b715693106a753c,"{""d"":3,""p"":0.004641588833612777,""r"":3}",
         1,         1,         0,   0.019,correlated_pymatching,904c821957917f1e38140366147b40f8672ff1cbb2533709d9691b533f035452,"{""d"":3,""p"":0.046415888336127774,""r"":3}","{""obs_mistake_mask=E"":1}"
         1,         0,         0,   0.023,correlated_pymatching,8f8f24a7df15ebab99a3c2793985809be35e977dae4c0d3c2182479f091f3966,"{""d"":3,""p"":0.001,""r"":3}",
         1,         0,         0,   0.030,correlated_pymatching,ceac47bfa799f906ffe0cb39b13b88b7a29157af5a13afc4a4a44a91b12bb408,"{""d"":3,""p"":0.002154434690031882,""r"":3}",
        16,         5,         0,   0.019,correlated_pymatching,1f939bb7c247b3c0fd802879444a090a5a90a79bbeba4dd86a1b5d1ca0ef9b73,"{""d"":3,""p"":0.01,""r"":3}","{""obs_mistake_mask=E"":5}"
        16,         7,         0,   0.016,correlated_pymatching,904c821957917f1e38140366147b40f8672ff1cbb2533709d9691b533f035452,"{""d"":3,""p"":0.046415888336127774,""r"":3}","{""obs_mistake_mask=E"":7}"
        16,         7,         0,   0.024,correlated_pymatching,c9231510271ae89c75ccd7a9fcdd7f83c7695072d4c6a2019726651563870b78,"{""d"":3,""p"":0.021544346900318822,""r"":3}","{""obs_mistake_mask=E"":7}"
        16,         0,         0,   0.026,correlated_pymatching,4e1d76e30d73905945fea823a79497226f2df99e76c94def17544c12713a19be,"{""d"":3,""p"":0.0001,""r"":3}",
        16,         5,         0,   0.020,correlated_pymatching,5f7350c02e66631d80088cfd16542fc634dfd08f78b3c5918b715693106a753c,"{""d"":3,""p"":0.004641588833612777,""r"":3}","{""obs_mistake_mask=E"":5}"
        16,        10,         0,   0.024,correlated_pymatching,ccb0c463bf7ed27e215ad570e670da23695418edb947db8c9d81436fedb700d4,"{""d"":3,""p"":0.1,""r"":3}","{""obs_mistake_mask=E"":10}"
         1,         0,         0,   0.024,correlated_pymatching,0008fdb23e82890800a1ea66e164e1f21e6bf67cd10199bfb5a0e7097a63b78a,"{""d"":3,""p"":0.00021544346900318845,""r"":3}",
         1,         0,         0,   0.025,correlated_pymatching,95fd4bf830e56eb4f39a02ca975f13c8dc490f34436c9ef61d7cbf06f63043ed,"{""d"":3,""p"":0.00046415888336127773,""r"":3}",
        16,         0,         0,   0.029,correlated_pymatching,ceac47bfa799f906ffe0cb39b13b88b7a29157af5a13afc4a4a44a91b12bb408,"{""d"":3,""p"":0.002154434690031882,""r"":3}",
       272,         2,         0,   0.036,correlated_pymatching,8f8f24a7df15ebab99a3c2793985809be35e977dae4c0d3c2182479f091f3966,"{""d"":3,""p"":0.001,""r"":3}","{""obs_mistake_mask=E"":2}"
        16,         0,         0,   0.016,correlated_pymatching,0008fdb23e82890800a1ea66e164e1f21e6bf67cd10199bfb5a0e7097a63b78a,"{""d"":3,""p"":0.00021544346900318845,""r"":3}",
       256,        37,         0,   0.024,correlated_pymatching,5f7350c02e66631d80088cfd16542fc634dfd08f78b3c5918b715693106a753c,"{""d"":3,""p"":0.004641588833612777,""r"":3}","{""obs_mistake_mask=E"":37}"
       256,       130,         0,   0.031,correlated_pymatching,c9231510271ae89c75ccd7a9fcdd7f83c7695072d4c6a2019726651563870b78,"{""d"":3,""p"":0.021544346900318822,""r"":3}","{""obs_mistake_mask=E"":130}"
        16,         0,         0,   0.020,correlated_pymatching,95fd4bf830e56eb4f39a02ca975f13c8dc490f34436c9ef61d7cbf06f63043ed,"{""d"":3,""p"":0.00046415888336127773,""r"":3}",
       256,         0,         0,   0.033,correlated_pymatching,4e1d76e30d73905945fea823a79497226f2df99e76c94def17544c12713a19be,"{""d"":3,""p"":0.0001,""r"":3}",
       256,        96,         0,   0.036,correlated_pymatching,1f939bb7c247b3c0fd802879444a090a5a90a79bbeba4dd86a1b5d1ca0ef9b73,"{""d"":3,""p"":0.01,""r"":3}","{""obs_mistake_mask=E"":96}"
       256,         1,         0,   0.020,correlated_pymatching,0008fdb23e82890800a1ea66e164e1f21e6bf67cd10199bfb5a0e7097a63b78a,"{""d"":3,""p"":0.00021544346900318845,""r"":3}","{""obs_mistake_mask=E"":1}"
      1024,        11,         0,   0.024,correlated_pymatching,8f8f24a7df15ebab99a3c2793985809be35e977dae4c0d3c2182479f091f3966,"{""d"":3,""p"":0.001,""r"":3}","{""obs_mistake_mask=E"":11}"
       256,       129,         0,   0.049,correlated_pymatching,904c821957917f1e38140366147b40f8672ff1cbb2533709d9691b533f035452,"{""d"":3,""p"":0.046415888336127774,""r"":3}","{""obs_mistake_mask=E"":129}"
       256,        15,         0,   0.032,correlated_pymatching,ceac47bfa799f906ffe0cb39b13b88b7a29157af5a13afc4a4a44a91b12bb408,"{""d"":3,""p"":0.002154434690031882,""r"":3}","{""obs_mistake_mask=E"":15}"
       256,       132,         0,   0.060,correlated_pymatching,ccb0c463bf7ed27e215ad570e670da23695418edb947db8c9d81436fedb700d4,"{""d"":3,""p"":0.1,""r"":3}","{""obs_mistake_mask=E"":132}"
      1024,         1,         0,   0.033,correlated_pymatching,4e1d76e30d73905945fea823a79497226f2df99e76c94def17544c12713a19be,"{""d"":3,""p"":0.0001,""r"":3}","{""obs_mistake_mask=E"":1}"
      1024,       150,         0,   0.040,correlated_pymatching,5f7350c02e66631d80088cfd16542fc634dfd08f78b3c5918b715693106a753c,"{""d"":3,""p"":0.004641588833612777,""r"":3}","{""obs_mistake_mask=E"":150}"
      1280,         3,         0,   0.040,correlated_pymatching,95fd4bf830e56eb4f39a02ca975f13c8dc490f34436c9ef61d7cbf06f63043ed,"{""d"":3,""p"":0.00046415888336127773,""r"":3}","{""obs_mistake_mask=E"":3}"
      2048,         1,         0,   0.036,correlated_pymatching,0008fdb23e82890800a1ea66e164e1f21e6bf67cd10199bfb5a0e7097a63b78a,"{""d"":3,""p"":0.00021544346900318845,""r"":3}","{""obs_mistake_mask=E"":1}"
      1024,        39,         0,   0.040,correlated_pymatching,ceac47bfa799f906ffe0cb39b13b88b7a29157af5a13afc4a4a44a91b12bb408,"{""d"":3,""p"":0.002154434690031882,""r"":3}","{""obs_mistake_mask=E"":39}"
      2048,        15,         0,   0.054,correlated_pymatching,8f8f24a7df15ebab99a3c2793985809be35e977dae4c0d3c2182479f091f3966,"{""d"":3,""p"":0.001,""r"":3}","{""obs_mistake_mask=E"":15}"
      1024,         3,         0,   0.030,correlated_pymatching,95fd4bf830e56eb4f39a02ca975f13c8dc490f34436c9ef61d7cbf06f63043ed,"{""d"":3,""p"":0.00046415888336127773,""r"":3}","{""obs_mistake_mask=E"":3}"
         1,         0,         0,   0.083,correlated_pymatching,84e621b5815ca4064bfb13d53dc96865766c320a24ea47fc87382d2a7d5c7ff7,"{""d"":5,""p"":0.001,""r"":5}",
         1,         0,         0,   0.088,correlated_pymatching,39f9cb248ab10ec607b9ccaaf482514ae8e1581ef787a88a015fb5c26342afdd,"{""d"":5,""p"":0.00046415888336127773,""r"":5}",
      1024,       422,         0,   0.074,correlated_pymatching,1f939bb7c247b3c0fd802879444a090a5a90a79bbeba4dd86a1b5d1ca0ef9b73,"{""d"":3,""p"":0.01,""r"":3}","{""obs_mistake_mask=E"":422}"
         1,         0,         0,   0.088,correlated_pymatching,fe7c60f3112f5f756b2cb8715b3b780d1357bfbf47449ce6c94d04af6e77331b,"{""d"":5,""p"":0.0001,""r"":5}",
         1,         1,         0,   0.098,correlated_pymatching,b8e1cb8781e00d4b664a3e397fd7be4f688a9aa56fb48177ada79a2f0af93d07,"{""d"":5,""p"":0.046415888336127774,""r"":5}","{""obs_mistake_mask=E"":1}"
      1024,       165,         0,   0.048,correlated_pymatching,5f7350c02e66631d80088cfd16542fc634dfd08f78b3c5918b715693106a753c,"{""d"":3,""p"":0.004641588833612777,""r"":3}","{""obs_mistake_mask=E"":165}"
         1,         0,         0,   0.091,correlated_pymatching,59aab0a882cc8f89db654a9397af09501dae674141c8d9cb22ebe4d8c37f43a2,"{""d"":5,""p"":0.004641588833612777,""r"":5}",
         1,         0,         0,   0.088,correlated_pymatching,3f140357877ec0bc3d7ae36f067429667d7b4a327fabd9d8f83480f2415abd3d,"{""d"":5,""p"":0.00021544346900318845,""r"":5}",
      2048,         0,         0,   0.042,correlated_pymatching,0008fdb23e82890800a1ea66e164e1f21e6bf67cd10199bfb5a0e7097a63b78a,"{""d"":3,""p"":0.00021544346900318845,""r"":3}",
      2048,         0,         0,   0.064,correlated_pymatching,4e1d76e30d73905945fea823a79497226f2df99e76c94def17544c12713a19be,"{""d"":3,""p"":0.0001,""r"":3}",
         1,         1,         0,   0.101,correlated_pymatching,f2e7a6f2e775c2b6ff353506ca9e0ee790be5b7eca7f4046fe757fbd3ed6d8c3,"{""d"":5,""p"":0.01,""r"":5}","{""obs_mistake_mask=E"":1}"
         1,         1,         0,   0.078,correlated_pymatching,27083a031d52769b19818d9f384154c70b2d1a6603d480e373f8efb6efc4fd36,"{""d"":5,""p"":0.1,""r"":5}","{""obs_mistake_mask=E"":1}"
         1,         0,         0,   0.085,correlated_pymatching,067e28b160f4fe006737a13070738f0b57cfc2efae37e8708932650d5950cc67,"{""d"":5,""p"":0.002154434690031882,""r"":5}",
         1,         0,         0,   0.097,correlated_pymatching,29e4e0c838d8ff254f28a5a71a38d383b2596a1368a6dd777cc63e772dd2e039,"{""d"":5,""p"":0.021544346900318822,""r"":5}",
      1024,        48,         0,   0.047,correlated_pymatching,ceac47bfa799f906ffe0cb39b13b88b7a29157af5a13afc4a4a44a91b12bb408,"{""d"":3,""p"":0.002154434690031882,""r"":3}","{""obs_mistake_mask=E"":48}"
      2048,        27,         0,   0.049,correlated_pymatching,8f8f24a7df15ebab99a3c2793985809be35e977dae4c0d3c2182479f091f3966,"{""d"":3,""p"":0.001,""r"":3}","{""obs_mistake_mask=E"":27}"
      3072,         5,         0,   0.054,correlated_pymatching,95fd4bf830e56eb4f39a02ca975f13c8dc490f34436c9ef61d7cbf06f63043ed,"{""d"":3,""p"":0.00046415888336127773,""r"":3}","{""obs_mistake_mask=E"":5}"
      1024,       549,         0,   0.128,correlated_pymatching,c9231510271ae89c75ccd7a9fcdd7f83c7695072d4c6a2019726651563870b78,"{""d"":3,""p"":0.021544346900318822,""r"":3}","{""obs_mistake_mask=E"":549}"
      1024,       185,         0,   0.048,correlated_pymatching,5f7350c02e66631d80088cfd16542fc634dfd08f78b3c5918b715693106a753c,"{""d"":3,""p"":0.004641588833612777,""r"":3}","{""obs_mistake_mask=E"":185}"
         4,         3,         0,   0.064,correlated_pymatching,b8e1cb8781e00d4b664a3e397fd7be4f688a9aa56fb48177ada79a2f0af93d07,"{""d"":5,""p"":0.046415888336127774,""r"":5}","{""obs_mistake_mask=E"":3}"
      3072,         5,         0,   0.060,correlated_pymatching,0008fdb23e82890800a1ea66e164e1f21e6bf67cd10199bfb5a0e7097a63b78a,"{""d"":3,""p"":0.00021544346900318845,""r"":3}","{""obs_mistake_mask=E"":5}"
         1,         0,         0,   0.019,correlated_pymatching,4e1d76e30d73905945fea823a79497226f2df99e76c94def17544c12713a19be,"{""d"":3,""p"":0.0001,""r"":3}",
         4,         0,         0,   0.077,correlated_pymatching,fe7c60f3112f5f756b2cb8715b3b780d1357bfbf47449ce6c94d04af6e77331b,"{""d"":5,""p"":0.0001,""r"":5}",
         4,         0,         0,   0.081,correlated_pymatching,39f9cb248ab10ec607b9ccaaf482514ae8e1581ef787a88a015fb5c26342afdd,"{""d"":5,""p"":0.00046415888336127773,""r"":5}",
         4,         0,         0,   0.086,correlated_pymatching,84e621b5815ca4064bfb13d53dc96865766c320a24ea47fc87382d2a7d5c7ff7,"{""d"":5,""p"":0.001,""r"":5}",
         4,         2,         0,   0.080,correlated_pymatching,59aab0a882cc8f89db654a9397af09501dae674141c8d9cb22ebe4d8c37f43a2,"{""d"":5,""p"":0.004641588833612777,""r"":5}","{""obs_mistake_mask=E"":2}"
         4,         0,         0,   0.077,correlated_pymatching,3f140357877ec0bc3d7ae36f067429667d7b4a327fabd9d8f83480f2415abd3d,"{""d"":5,""p"":0.00021544346900318845,""r"":5}",
      2048,         0,         0,   0.067,correlated_pymatching,4e1d76e30d73905945fea823a79497226f2df99e76c94def17544c12713a19be,"{""d"":3,""p"":0.0001,""r"":3}",
        16,         0,         0,   0.019,correlated_pymatching,4e1d76e30d73905945fea823a79497226f2df99e76c94def17544c12713a19be,"{""d"":3,""p"":0.0001,""r"":3}",
      3072,        37,         0,   0.066,correlated_pymatching,8f8f24a7df15ebab99a3c2793985809be35e977dae4c0d3c2182479f091f3966,"{""d"":3,""p"":0.001,""r"":3}","{""obs_mistake_mask=E"":37}"
      1024,       508,         0,   0.169,correlated_pymatching,904c821957917f1e38140366147b40f8672ff1cbb2533709d9691b533f035452,"{""d"":3,""p"":0.046415888336127774,""r"":3}","{""obs_mistake_mask=E"":508}"
         4,         0,         0,   0.084,correlated_pymatching,067e28b160f4fe006737a13070738f0b57cfc2efae37e8708932650d5950cc67,"{""d"":5,""p"":0.002154434690031882,""r"":5}",
         4,         2,         0,   0.084,correlated_pymatching,29e4e0c838d8ff254f28a5a71a38d383b2596a1368a6dd777cc63e772dd2e039,"{""d"":5,""p"":0.021544346900318822,""r"":5}","{""obs_mistake_mask=E"":2}"
         4,         3,         0,   0.089,correlated_pymatching,27083a031d52769b19818d9f384154c70b2d1a6603d480e373f8efb6efc4fd36,"{""d"":5,""p"":0.1,""r"":5}","{""obs_mistake_mask=E"":3}"
         4,         4,         0,   0.093,correlated_pymatching,f2e7a6f2e775c2b6ff353506ca9e0ee790be5b7eca7f4046fe757fbd3ed6d8c3,"{""d"":5,""p"":0.01,""r"":5}","{""obs_mistake_mask=E"":4}"
      3072,         4,         0,   0.070,correlated_pymatching,95fd4bf830e56eb4f39a02ca975f13c8dc490f34436c9ef61d7cbf06f63043ed,"{""d"":3,""p"":0.00046415888336127773,""r"":3}","{""obs_mistake_mask=E"":4}"
         1,         0,         0,   0.021,correlated_pymatching,0008fdb23e82890800a1ea66e164e1f21e6bf67cd10199bfb5a0e7097a63b78a,"{""d"":3,""p"":0.00021544346900318845,""r"":3}",
         1,         0,         0,   0.017,correlated_pymatching,95fd4bf830e56eb4f39a02ca975f13c8dc490f34436c9ef61d7cbf06f63043ed,"{""d"":3,""p"":0.00046415888336127773,""r"":3}",
      2048,        94,         0,   0.097,correlated_pymatching,ceac47bfa799f906ffe0cb39b13b88b7a29157af5a13afc4a4a44a91b12bb408,"{""d"":3,""p"":0.002154434690031882,""r"":3}","{""obs_mistake_mask=E"":94}"
      1280,         0,         0,   0.036,correlated_pymatching,4e1d76e30d73905945fea823a79497226f2df99e76c94def17544c12713a19be,"{""d"":3,""p"":0.0001,""r"":3}",
        16,         0,         0,   0.015,correlated_pymatching,0008fdb23e82890800a1ea66e164e1f21e6bf67cd10199bfb5a0e7097a63b78a,"{""d"":3,""p"":0.00021544346900318845,""r"":3}",
      1024,       531,         0,   0.183,correlated_pymatching,ccb0c463bf7ed27e215ad570e670da23695418edb947db8c9d81436fedb700d4,"{""d"":3,""p"":0.1,""r"":3}","{""obs_mistake_mask=E"":531}"
        16,         0,         0,   0.024,correlated_pymatching,95fd4bf830e56eb4f39a02ca975f13c8dc490f34436c9ef61d7cbf06f63043ed,"{""d"":3,""p"":0.00046415888336127773,""r"":3}",
        16,         0,         0,   0.071,correlated_pymatching,39f9cb248ab10ec607b9ccaaf482514ae8e1581ef787a88a015fb5c26342afdd,"{""d"":5,""p"":0.00046415888336127773,""r"":5}",
      4096,         0,         0,   0.075,correlated_pymatching,0008fdb23e82890800a1ea66e164e1f21e6bf67cd10199bfb5a0e7097a63b78a,"{""d"":3,""p"":0.00021544346900318845,""r"":3}",
        16,         0,         0,   0.076,correlated_pymatching,fe7c60f3112f5f756b2cb8715b3b780d1357bfbf47449ce6c94d04af6e77331b,"{""d"":5,""p"":0.0001,""r"":5}",
        16,         0,         0,   0.074,correlated_pymatching,84e621b5815ca4064bfb13d53dc96865766c320a24ea47fc87382d2a7d5c7ff7,"{""d"":5,""p"":0.001,""r"":5}",
        16,         6,         0,   0.079,correlated_pymatching,59aab0a882cc8f89db654a9397af09501dae674141c8d9cb22ebe4d8c37f43a2,"{""d"":5,""p"":0.004641588833612777,""r"":5}","{""obs_mistake_mask=E"":6}"
        16,         0,         0,   0.078,correlated_pymatching,3f140357877ec0bc3d7ae36f067429667d7b4a327fabd9d8f83480f2415abd3d,"{""d"":5,""p"":0.00021544346900318845,""r"":5}",
       256,         0,         0,   0.020,correlated_pymatching,95fd4bf830e56eb4f39a02ca975f13c8dc490f34436c9ef61d7cbf06f63043ed,"{""d"":3,""p"":0.00046415888336127773,""r"":3}",
      2048,         0,         0,   0.040,correlated_pymatching,4e1d76e30d73905945fea823a79497226f2df99e76c94def17544c12713a19be,"{""d"":3,""p"":0.0001,""r"":3}",
      1280,         0,         0,   0.040,correlated_pymatching,0008fdb23e82890800a1ea66e164e1f21e6bf67cd10199bfb5a0e7097a63b78a,"{""d"":3,""p"":0.00021544346900318845,""r"":3}",
         1,         0,         0,   0.018,correlated_pymatching,8f8f24a7df15ebab99a3c2793985809be35e977dae4c0d3c2182479f091f3966,"{""d"":3,""p"":0.001,""r"":3}",
      3072,         1,         0,   0.091,correlated_pymatching,4e1d76e30d73905945fea823a79497226f2df99e76c94def17544c12713a19be,"{""d"":3,""p"":0.0001,""r"":3}","{""obs_mistake_mask=E"":1}"
        16,         1,         0,   0.074,correlated_pymatching,067e28b160f4fe006737a13070738f0b57cfc2efae37e8708932650d5950cc67,"{""d"":5,""p"":0.002154434690031882,""r"":5}","{""obs_mistake_mask=E"":1}"
        16,         7,         0,   0.092,correlated_pymatching,29e4e0c838d8ff254f28a5a71a38d383b2596a1368a6dd777cc63e772dd2e039,"{""d"":5,""p"":0.021544346900318822,""r"":5}","{""obs_mistake_mask=E"":7}"
      1024,         0,         0,   0.052,correlated_pymatching,4e1d76e30d73905945fea823a79497226f2df99e76c94def17544c12713a19be,"{""d"":3,""p"":0.0001,""r"":3}",
        16,         5,         0,   0.112,correlated_pymatching,27083a031d52769b19818d9f384154c70b2d1a6603d480e373f8efb6efc4fd36,"{""d"":5,""p"":0.1,""r"":5}","{""obs_mistake_mask=E"":5}"
        16,         8,         0,   0.110,correlated_pymatching,f2e7a6f2e775c2b6ff353506ca9e0ee790be5b7eca7f4046fe757fbd3ed6d8c3,"{""d"":5,""p"":0.01,""r"":5}","{""obs_mistake_mask=E"":8}"
      2048,         8,         0,   0.059,correlated_pymatching,95fd4bf830e56eb4f39a02ca975f13c8dc490f34436c9ef61d7cbf06f63043ed,"{""d"":3,""p"":0.00046415888336127773,""r"":3}","{""obs_mistake_mask=E"":8}"
      1024,         0,         0,   0.068,correlated_pymatching,0008fdb23e82890800a1ea66e164e1f21e6bf67cd10199bfb5a0e7097a63b78a,"{""d"":3,""p"":0.00021544346900318845,""r"":3}",
        16,         0,         0,   0.068,correlated_pymatching,8f8f24a7df15ebab99a3c2793985809be35e977dae4c0d3c2182479f091f3966,"{""d"":3,""p"":0.001,""r"":3}",
        32,        12,         0,   0.177,correlated_pymatching,b8e1cb8781e00d4b664a3e397fd7be4f688a9aa56fb48177ada79a2f0af93d07,"{""d"":5,""p"":0.046415888336127774,""r"":5}","{""obs_mistake_mask=E"":12}"
      3072,        30,         0,   0.137,correlated_pymatching,8f8f24a7df15ebab99a3c2793985809be35e977dae4c0d3c2182479f091f3966,"{""d"":3,""p"":0.001,""r"":3}","{""obs_mistake_mask=E"":30}"
      2048,        84,         0,   0.120,correlated_pymatching,ceac47bfa799f906ffe0cb39b13b88b7a29157af5a13afc4a4a44a91b12bb408,"{""d"":3,""p"":0.002154434690031882,""r"":3}","{""obs_mistake_mask=E"":84}"
         1,         0,         0,   0.065,correlated_pymatching,ceac47bfa799f906ffe0cb39b13b88b7a29157af5a13afc4a4a44a91b12bb408,"{""d"":3,""p"":0.002154434690031882,""r"":3}",
      3072,         9,         0,   0.144,correlated_pymatching,95fd4bf830e56eb4f39a02ca975f13c8dc490f34436c9ef61d7cbf06f63043ed,"{""d"":3,""p"":0.00046415888336127773,""r"":3}","{""obs_mistake_mask=E"":9}"
       128,         0,         0,   0.105,correlated_pymatching,84e621b5815ca4064bfb13d53dc96865766c320a24ea47fc87382d2a7d5c7ff7,"{""d"":5,""p"":0.001,""r"":5}",
      3072,         1,         0,   0.112,correlated_pymatching,0008fdb23e82890800a1ea66e164e1f21e6bf67cd10199bfb5a0e7097a63b78a,"{""d"":3,""p"":0.00021544346900318845,""r"":3}","{""obs_mistake_mask=E"":1}"
        64,         0,         0,   0.110,correlated_pymatching,fe7c60f3112f5f756b2cb8715b3b780d1357bfbf47449ce6c94d04af6e77331b,"{""d"":5,""p"":0.0001,""r"":5}",
         8,         0,         0,   0.015,correlated_pymatching,ceac47bfa799f906ffe0cb39b13b88b7a29157af5a13afc4a4a44a91b12bb408,"{""d"":3,""p"":0.002154434690031882,""r"":3}",
       128,         0,         0,   0.121,correlated_pymatching,39f9cb248ab10ec607b9ccaaf482514ae8e1581ef787a88a015fb5c26342afdd,"{""d"":5,""p"":0.00046415888336127773,""r"":5}",
      2048,         5,         0,   0.048,correlated_pymatching,95fd4bf830e56eb4f39a02ca975f13c8dc490f34436c9ef61d7cbf06f63043ed,"{""d"":3,""p"":0.00046415888336127773,""r"":3}","{""obs_mistake_mask=E"":5}"
      3072,         1,         0,   0.056,correlated_pymatching,4e1d76e30d73905945fea823a79497226f2df99e76c94def17544c12713a19be,"{""d"":3,""p"":0.0001,""r"":3}","{""obs_mistake_mask=E"":1}"
        64,         9,         0,   0.116,correlated_pymatching,59aab0a882cc8f89db654a9397af09501dae674141c8d9cb22ebe4d8c37f43a2,"{""d"":5,""p"":0.004641588833612777,""r"":5}","{""obs_mistake_mask=E"":9}"
      1152,         8,         0,   0.040,correlated_pymatching,8f8f24a7df15ebab99a3c2793985809be35e977dae4c0d3c2182479f091f3966,"{""d"":3,""p"":0.001,""r"":3}","{""obs_mistake_mask=E"":8}"
        64,         0,         0,   0.125,correlated_pymatching,3f140357877ec0bc3d7ae36f067429667d7b4a327fabd9d8f83480f2415abd3d,"{""d"":5,""p"":0.00021544346900318845,""r"":5}",
       128,         6,         0,   0.028,correlated_pymatching,ceac47bfa799f906ffe0cb39b13b88b7a29157af5a13afc4a4a44a91b12bb408,"{""d"":3,""p"":0.002154434690031882,""r"":3}","{""obs_mistake_mask=E"":6}"
      3072,         1,         0,   0.115,correlated_pymatching,4e1d76e30d73905945fea823a79497226f2df99e76c94def17544c12713a19be,"{""d"":3,""p"":0.0001,""r"":3}","{""obs_mistake_mask=E"":1}"
      3072,         5,         0,   0.059,correlated_pymatching,0008fdb23e82890800a1ea66e164e1f21e6bf67cd10199bfb5a0e7097a63b78a,"{""d"":3,""p"":0.00021544346900318845,""r"":3}","{""obs_mistake_mask=E"":5}"
       128,         7,         0,   0.117,correlated_pymatching,067e28b160f4fe006737a13070738f0b57cfc2efae37e8708932650d5950cc67,"{""d"":5,""p"":0.002154434690031882,""r"":5}","{""obs_mistake_mask=E"":7}"
         1,         0,         0,   0.229,correlated_pymatching,d1d80894df98a61ed33aca504bc42b868338fcea765089a400acba4dd4c369c2,"{""d"":7,""p"":0.004641588833612777,""r"":7}",
      2048,        24,         0,   0.038,correlated_pymatching,8f8f24a7df15ebab99a3c2793985809be35e977dae4c0d3c2182479f091f3966,"{""d"":3,""p"":0.001,""r"":3}","{""obs_mistake_mask=E"":24}"
         1,         0,         0,   0.270,correlated_pymatching,1af5a8d16dfe6abd574790e66dfc9331cc1a7511d9442ded56a0edf86c82b0da,"{""d"":7,""p"":0.00021544346900318845,""r"":7}",
         1,         0,         0,   0.255,correlated_pymatching,526a9c53121d2590a78619e118eac90c4306ffdf6462386d67efd6891e283792,"{""d"":7,""p"":0.00046415888336127773,""r"":7}",
        64,        27,         0,   0.098,correlated_pymatching,f2e7a6f2e775c2b6ff353506ca9e0ee790be5b7eca7f4046fe757fbd3ed6d8c3,"{""d"":5,""p"":0.01,""r"":5}","{""obs_mistake_mask=E"":27}"
         1,         0,         0,   0.256,correlated_pymatching,d3e30c5b0b2200726401824e77efbf50d245b14f269dc22b503fae9332def7e9,"{""d"":7,""p"":0.046415888336127774,""r"":7}",
         1,         0,         0,   0.237,correlated_pymatching,d3e30c5b0b2200726401824e77efbf50d245b14f269dc22b503fae9332def7e9,"{""d"":7,""p"":0.046415888336127774,""r"":7}",
      3072,         8,         0,   0.058,correlated_pymatching,95fd4bf830e56eb4f39a02ca975f13c8dc490f34436c9ef61d7cbf06f63043ed,"{""d"":3,""p"":0.00046415888336127773,""r"":3}","{""obs_mistake_mask=E"":8}"
         1,         1,         0,   0.238,correlated_pymatching,03dd2f6a0421220a87f1dc45c9803ec4898508fd69fe006e191935aa820b9880,"{""d"":7,""p"":0.1,""r"":7}","{""obs_mistake_mask=E"":1}"
         1,         0,         0,   0.242,correlated_pymatching,93987be23167563c302db1eb9277a334620a58339c5dcc88038cbaaa3e49319e,"{""d"":7,""p"":0.01,""r"":7}",
         1,         0,         0,   0.227,correlated_pymatching,03dd2f6a0421220a87f1dc45c9803ec4898508fd69fe006e191935aa820b9880,"{""d"":7,""p"":0.1,""r"":7}",
         1,         0,         0,   0.275,correlated_pymatching,38d00c745a2d4a3a17c6dbc1bbe5617fb3b5e2aa1d862e832a2558b8e0215781,"{""d"":7,""p"":0.0001,""r"":7}",
         1,         1,         0,   0.267,correlated_pymatching,ce506fdd196abab16c37ff3bba50300bac294497f29df3b57091132f541a5074,"{""d"":7,""p"":0.021544346900318822,""r"":7}","{""obs_mistake_mask=E"":1}"
         1,         0,         0,   0.278,correlated_pymatching,9f0d5c5ebeaacfa819af94ab1908d72ac2a5c6fa363048dff740a59665befc15,"{""d"":7,""p"":0.001,""r"":7}",
       256,         0,         0,   0.080,correlated_pymatching,fe7c60f3112f5f756b2cb8715b3b780d1357bfbf47449ce6c94d04af6e77331b,"{""d"":5,""p"":0.0001,""r"":5}",
         1,         0,         0,   0.277,correlated_pymatching,34734f877c4048906a7282d6aac755b3eddcd1da98427026ac56e106e56cff50,"{""d"":7,""p"":0.002154434690031882,""r"":7}",
      2048,        97,         0,   0.061,correlated_pymatching,ceac47bfa799f906ffe0cb39b13b88b7a29157af5a13afc4a4a44a91b12bb408,"{""d"":3,""p"":0.002154434690031882,""r"":3}","{""obs_mistake_mask=E"":97}"
       512,         0,         0,   0.086,correlated_pymatching,39f9cb248ab10ec607b9ccaaf482514ae8e1581ef787a88a015fb5c26342afdd,"{""d"":5,""p"":0.00046415888336127773,""r"":5}",
      4096,         1,         0,   0.078,correlated_pymatching,4e1d76e30d73905945fea823a79497226f2df99e76c94def17544c12713a19be,"{""d"":3,""p"":0.0001,""r"":3}","{""obs_mistake_mask=E"":1}"
      3072,         0,         0,   0.060,correlated_pymatching,0008fdb23e82890800a1ea66e164e1f21e6bf67cd10199bfb5a0e7097a63b78a,"{""d"":3,""p"":0.00021544346900318845,""r"":3}",
      5120,        53,         0,   0.119,correlated_pymatching,8f8f24a7df15ebab99a3c2793985809be35e977dae4c0d3c2182479f091f3966,"{""d"":3,""p"":0.001,""r"":3}","{""obs_mistake_mask=E"":53}"
        64,        38,         0,   0.163,correlated_pymatching,29e4e0c838d8ff254f28a5a71a38d383b2596a1368a6dd777cc63e772dd2e039,"{""d"":5,""p"":0.021544346900318822,""r"":5}","{""obs_mistake_mask=E"":38}"
       512,         2,         0,   0.104,correlated_pymatching,84e621b5815ca4064bfb13d53dc96865766c320a24ea47fc87382d2a7d5c7ff7,"{""d"":5,""p"":0.001,""r"":5}","{""obs_mistake_mask=E"":2}"
       256,         0,         0,   0.084,correlated_pymatching,3f140357877ec0bc3d7ae36f067429667d7b4a327fabd9d8f83480f2415abd3d,"{""d"":5,""p"":0.00021544346900318845,""r"":5}",
        64,        31,         0,   0.153,correlated_pymatching,27083a031d52769b19818d9f384154c70b2d1a6603d480e373f8efb6efc4fd36,"{""d"":5,""p"":0.1,""r"":5}","{""obs_mistake_mask=E"":31}"
      2048,        23,         0,   0.058,correlated_pymatching,8f8f24a7df15ebab99a3c2793985809be35e977dae4c0d3c2182479f091f3966,"{""d"":3,""p"":0.001,""r"":3}","{""obs_mistake_mask=E"":23}"
      5120,        16,         0,   0.119,correlated_pymatching,95fd4bf830e56eb4f39a02ca975f13c8dc490f34436c9ef61d7cbf06f63043ed,"{""d"":3,""p"":0.00046415888336127773,""r"":3}","{""obs_mistake_mask=E"":16}"
      3072,       162,         0,   0.143,correlated_pymatching,ceac47bfa799f906ffe0cb39b13b88b7a29157af5a13afc4a4a44a91b12bb408,"{""d"":3,""p"":0.002154434690031882,""r"":3}","{""obs_mistake_mask=E"":162}"
        64,        30,         0,   0.163,correlated_pymatching,b8e1cb8781e00d4b664a3e397fd7be4f688a9aa56fb48177ada79a2f0af93d07,"{""d"":5,""p"":0.046415888336127774,""r"":5}","{""obs_mistake_mask=E"":30}"
       256,        45,         0,   0.128,correlated_pymatching,59aab0a882cc8f89db654a9397af09501dae674141c8d9cb22ebe4d8c37f43a2,"{""d"":5,""p"":0.004641588833612777,""r"":5}","{""obs_mistake_mask=E"":45}"
      2048,        88,         0,   0.060,correlated_pymatching,ceac47bfa799f906ffe0cb39b13b88b7a29157af5a13afc4a4a44a91b12bb408,"{""d"":3,""p"":0.002154434690031882,""r"":3}","{""obs_mistake_mask=E"":88}"
       512,         8,         0,   0.118,correlated_pymatching,067e28b160f4fe006737a13070738f0b57cfc2efae37e8708932650d5950cc67,"{""d"":5,""p"":0.002154434690031882,""r"":5}","{""obs_mistake_mask=E"":8}"
      4096,        11,         0,   0.090,correlated_pymatching,95fd4bf830e56eb4f39a02ca975f13c8dc490f34436c9ef61d7cbf06f63043ed,"{""d"":3,""p"":0.00046415888336127773,""r"":3}","{""obs_mistake_mask=E"":11}"
      8192,         5,         0,   0.163,correlated_pymatching,0008fdb23e82890800a1ea66e164e1f21e6bf67cd10199bfb5a0e7097a63b78a,"{""d"":3,""p"":0.00021544346900318845,""r"":3}","{""obs_mistake_mask=E"":5}"
      1024,         0,         0,   0.084,correlated_pymatching,fe7c60f3112f5f756b2cb8715b3b780d1357bfbf47449ce6c94d04af6e77331b,"{""d"":5,""p"":0.0001,""r"":5}",
      4096,         0,         0,   0.079,correlated_pymatching,0008fdb23e82890800a1ea66e164e1f21e6bf67cd10199bfb5a0e7097a63b78a,"{""d"":3,""p"":0.00021544346900318845,""r"":3}",
      3072,        25,         0,   0.071,correlated_pymatching,8f8f24a7df15ebab99a3c2793985809be35e977dae4c0d3c2182479f091f3966,"{""d"":3,""p"":0.001,""r"":3}","{""obs_mistake_mask=E"":25}"
      5120,         0,         0,   0.155,correlated_pymatching,4e1d76e30d73905945fea823a79497226f2df99e76c94def17544c12713a19be,"{""d"":3,""p"":0.0001,""r"":3}",
      1024,         1,         0,   0.096,correlated_pymatching,39f9cb248ab10ec607b9ccaaf482514ae8e1581ef787a88a015fb5c26342afdd,"{""d"":5,""p"":0.00046415888336127773,""r"":5}","{""obs_mistake_mask=E"":1}"
      1024,         0,         0,   0.088,correlated_pymatching,3f140357877ec0bc3d7ae36f067429667d7b4a327fabd9d8f83480f2415abd3d,"{""d"":5,""p"":0.00021544346900318845,""r"":5}",
      1024,         5,         0,   0.110,correlated_pymatching,84e621b5815ca4064bfb13d53dc96865766c320a24ea47fc87382d2a7d5c7ff7,"{""d"":5,""p"":0.001,""r"":5}","{""obs_mistake_mask=E"":5}"
      6144,         0,         0,   0.121,correlated_pymatching,4e1d76e30d73905945fea823a79497226f2df99e76c94def17544c12713a19be,"{""d"":3,""p"":0.0001,""r"":3}",
      1024,         0,         0,   0.084,correlated_pymatching,fe7c60f3112f5f756b2cb8715b3b780d1357bfbf47449ce6c94d04af6e77331b,"{""d"":5,""p"":0.0001,""r"":5}",
         2,         0,         0,   0.198,correlated_pymatching,1af5a8d16dfe6abd574790e66dfc9331cc1a7511d9442ded56a0edf86c82b0da,"{""d"":7,""p"":0.00021544346900318845,""r"":7}",
         2,         0,         0,   0.204,correlated_pymatching,d1d80894df98a61ed33aca504bc42b868338fcea765089a400acba4dd4c369c2,"{""d"":7,""p"":0.004641588833612777,""r"":7}",
       256,       112,         0,   0.202,correlated_pymatching,f2e7a6f2e775c2b6ff353506ca9e0ee790be5b7eca7f4046fe757fbd3ed6d8c3,"{""d"":5,""p"":0.01,""r"":5}","{""obs_mistake_mask=E"":112}"
         2,         0,         0,   0.204,correlated_pymatching,526a9c53121d2590a78619e118eac90c4306ffdf6462386d67efd6891e283792,"{""d"":7,""p"":0.00046415888336127773,""r"":7}",
      7168,        23,         0,   0.147,correlated_pymatching,95fd4bf830e56eb4f39a02ca975f13c8dc490f34436c9ef61d7cbf06f63043ed,"{""d"":3,""p"":0.00046415888336127773,""r"":3}","{""obs_mistake_mask=E"":23}"
      7168,        84,         0,   0.167,correlated_pymatching,8f8f24a7df15ebab99a3c2793985809be35e977dae4c0d3c2182479f091f3966,"{""d"":3,""p"":0.001,""r"":3}","{""obs_mistake_mask=E"":84}"
         2,         1,         0,   0.204,correlated_pymatching,d3e30c5b0b2200726401824e77efbf50d245b14f269dc22b503fae9332def7e9,"{""d"":7,""p"":0.046415888336127774,""r"":7}","{""obs_mistake_mask=E"":1}"
      4096,        44,         0,   0.089,correlated_pymatching,8f8f24a7df15ebab99a3c2793985809be35e977dae4c0d3c2182479f091f3966,"{""d"":3,""p"":0.001,""r"":3}","{""obs_mistake_mask=E"":44}"
         2,         1,         0,   0.208,correlated_pymatching,93987be23167563c302db1eb9277a334620a58339c5dcc88038cbaaa3e49319e,"{""d"":7,""p"":0.01,""r"":7}","{""obs_mistake_mask=E"":1}"
      5120,        19,         0,   0.119,correlated_pymatching,95fd4bf830e56eb4f39a02ca975f13c8dc490f34436c9ef61d7cbf06f63043ed,"{""d"":3,""p"":0.00046415888336127773,""r"":3}","{""obs_mistake_mask=E"":19}"
       128,        61,         0,   0.180,correlated_pymatching,29e4e0c838d8ff254f28a5a71a38d383b2596a1368a6dd777cc63e772dd2e039,"{""d"":5,""p"":0.021544346900318822,""r"":5}","{""obs_mistake_mask=E"":61}"
         2,         0,         0,   0.212,correlated_pymatching,38d00c745a2d4a3a17c6dbc1bbe5617fb3b5e2aa1d862e832a2558b8e0215781,"{""d"":7,""p"":0.0001,""r"":7}",
      1024,         1,         0,   0.086,correlated_pymatching,3f140357877ec0bc3d7ae36f067429667d7b4a327fabd9d8f83480f2415abd3d,"{""d"":5,""p"":0.00021544346900318845,""r"":5}","{""obs_mistake_mask=E"":1}"
         2,         0,         0,   0.216,correlated_pymatching,03dd2f6a0421220a87f1dc45c9803ec4898508fd69fe006e191935aa820b9880,"{""d"":7,""p"":0.1,""r"":7}",
         2,         2,         0,   0.218,correlated_pymatching,d3e30c5b0b2200726401824e77efbf50d245b14f269dc22b503fae9332def7e9,"{""d"":7,""p"":0.046415888336127774,""r"":7}","{""obs_mistake_mask=E"":2}"
      1024,         0,         0,   0.099,correlated_pymatching,39f9cb248ab10ec607b9ccaaf482514ae8e1581ef787a88a015fb5c26342afdd,"{""d"":5,""p"":0.00046415888336127773,""r"":5}",
         2,         1,         0,   0.212,correlated_pymatching,ce506fdd196abab16c37ff3bba50300bac294497f29df3b57091132f541a5074,"{""d"":7,""p"":0.021544346900318822,""r"":7}","{""obs_mistake_mask=E"":1}"
         2,         1,         0,   0.221,correlated_pymatching,03dd2f6a0421220a87f1dc45c9803ec4898508fd69fe006e191935aa820b9880,"{""d"":7,""p"":0.1,""r"":7}","{""obs_mistake_mask=E"":1}"
         2,         0,         0,   0.208,correlated_pymatching,34734f877c4048906a7282d6aac755b3eddcd1da98427026ac56e106e56cff50,"{""d"":7,""p"":0.002154434690031882,""r"":7}",
         2,         0,         0,   0.214,correlated_pymatching,9f0d5c5ebeaacfa819af94ab1908d72ac2a5c6fa363048dff740a59665befc15,"{""d"":7,""p"":0.001,""r"":7}",
      6144,         3,         0,   0.119,correlated_pymatching,0008fdb23e82890800a1ea66e164e1f21e6bf67cd10199bfb5a0e7097a63b78a,"{""d"":3,""p"":0.00021544346900318845,""r"":3}","{""obs_mistake_mask=E"":3}"
      1024,        30,         0,   0.156,correlated_pymatching,067e28b160f4fe006737a13070738f0b57cfc2efae37e8708932650d5950cc67,"{""d"":5,""p"":0.002154434690031882,""r"":5}","{""obs_mistake_mask=E"":30}"
      1024,         1,         0,   0.117,correlated_pymatching,84e621b5815ca4064bfb13d53dc96865766c320a24ea47fc87382d2a7d5c7ff7,"{""d"":5,""p"":0.001,""r"":5}","{""obs_mistake_mask=E"":1}"
       128,        61,         0,   0.240,correlated_pymatching,27083a031d52769b19818d9f384154c70b2d1a6603d480e373f8efb6efc4fd36,"{""d"":5,""p"":0.1,""r"":5}","{""obs_mistake_mask=E"":61}"
       128,        64,         0,   0.218,correlated_pymatching,b8e1cb8781e00d4b664a3e397fd7be4f688a9aa56fb48177ada79a2f0af93d07,"{""d"":5,""p"":0.046415888336127774,""r"":5}","{""obs_mistake_mask=E"":64}"
         1,         0,         0,   0.085,correlated_pymatching,3f140357877ec0bc3d7ae36f067429667d7b4a327fabd9d8f83480f2415abd3d,"{""d"":5,""p"":0.00021544346900318845,""r"":5}",
      8192,         3,         0,   0.155,correlated_pymatching,4e1d76e30d73905945fea823a79497226f2df99e76c94def17544c12713a19be,"{""d"":3,""p"":0.0001,""r"":3}","{""obs_mistake_mask=E"":3}"
     11264,        11,         0,   0.215,correlated_pymatching,0008fdb23e82890800a1ea66e164e1f21e6bf67cd10199bfb5a0e7097a63b78a,"{""d"":3,""p"":0.00021544346900318845,""r"":3}","{""obs_mistake_mask=E"":11}"
      5120,        51,         0,   0.127,correlated_pymatching,8f8f24a7df15ebab99a3c2793985809be35e977dae4c0d3c2182479f091f3966,"{""d"":3,""p"":0.001,""r"":3}","{""obs_mistake_mask=E"":51}"
      6144,        67,         0,   0.143,correlated_pymatching,8f8f24a7df15ebab99a3c2793985809be35e977dae4c0d3c2182479f091f3966,"{""d"":3,""p"":0.001,""r"":3}","{""obs_mistake_mask=E"":67}"
      2048,         0,         0,   0.162,correlated_pymatching,fe7c60f3112f5f756b2cb8715b3b780d1357bfbf47449ce6c94d04af6e77331b,"{""d"":5,""p"":0.0001,""r"":5}",
      1024,       178,         0,   0.269,correlated_pymatching,59aab0a882cc8f89db654a9397af09501dae674141c8d9cb22ebe4d8c37f43a2,"{""d"":5,""p"":0.004641588833612777,""r"":5}","{""obs_mistake_mask=E"":178}"
      7168,         1,         0,   0.226,correlated_pymatching,4e1d76e30d73905945fea823a79497226f2df99e76c94def17544c12713a19be,"{""d"":3,""p"":0.0001,""r"":3}","{""obs_mistake_mask=E"":1}"
      1024,        14,         0,   0.024,correlated_pymatching,8f8f24a7df15ebab99a3c2793985809be35e977dae4c0d3c2182479f091f3966,"{""d"":3,""p"":0.001,""r"":3}","{""obs_mistake_mask=E"":14}"
      7168,        16,         0,   0.151,correlated_pymatching,95fd4bf830e56eb4f39a02ca975f13c8dc490f34436c9ef61d7cbf06f63043ed,"{""d"":3,""p"":0.00046415888336127773,""r"":3}","{""obs_mistake_mask=E"":16}"
         4,         0,         0,   0.074,correlated_pymatching,3f140357877ec0bc3d7ae36f067429667d7b4a327fabd9d8f83480f2415abd3d,"{""d"":5,""p"":0.00021544346900318845,""r"":5}",
      1024,         4,         0,   0.110,correlated_pymatching,84e621b5815ca4064bfb13d53dc96865766c320a24ea47fc87382d2a7d5c7ff7,"{""d"":5,""p"":0.001,""r"":5}","{""obs_mistake_mask=E"":4}"
      8192,         2,         0,   0.158,correlated_pymatching,0008fdb23e82890800a1ea66e164e1f21e6bf67cd10199bfb5a0e7097a63b78a,"{""d"":3,""p"":0.00021544346900318845,""r"":3}","{""obs_mistake_mask=E"":2}"
      2048,         0,         0,   0.179,correlated_pymatching,3f140357877ec0bc3d7ae36f067429667d7b4a327fabd9d8f83480f2415abd3d,"{""d"":5,""p"":0.00021544346900318845,""r"":5}",
      1024,        22,         0,   0.155,correlated_pymatching,067e28b160f4fe006737a13070738f0b57cfc2efae37e8708932650d5950cc67,"{""d"":5,""p"":0.002154434690031882,""r"":5}","{""obs_mistake_mask=E"":22}"
         4,         1,         0,   0.211,correlated_pymatching,d1d80894df98a61ed33aca504bc42b868338fcea765089a400acba4dd4c369c2,"{""d"":7,""p"":0.004641588833612777,""r"":7}","{""obs_mistake_mask=E"":1}"
         4,         0,         0,   0.190,correlated_pymatching,38d00c745a2d4a3a17c6dbc1bbe5617fb3b5e2aa1d862e832a2558b8e0215781,"{""d"":7,""p"":0.0001,""r"":7}",
         4,         0,         0,   0.216,correlated_pymatching,1af5a8d16dfe6abd574790e66dfc9331cc1a7511d9442ded56a0edf86c82b0da,"{""d"":7,""p"":0.00021544346900318845,""r"":7}",
         1,         0,         0,   0.141,correlated_pymatching,fe7c60f3112f5f756b2cb8715b3b780d1357bfbf47449ce6c94d04af6e77331b,"{""d"":5,""p"":0.0001,""r"":5}",
         4,         0,         0,   0.212,correlated_pymatching,526a9c53121d2590a78619e118eac90c4306ffdf6462386d67efd6891e283792,"{""d"":7,""p"":0.00046415888336127773,""r"":7}",
      9216,        27,         0,   0.211,correlated_pymatching,95fd4bf830e56eb4f39a02ca975f13c8dc490f34436c9ef61d7cbf06f63043ed,"{""d"":3,""p"":0.00046415888336127773,""r"":3}","{""obs_mistake_mask=E"":27}"
         4,         0,         0,   0.199,correlated_pymatching,93987be23167563c302db1eb9277a334620a58339c5dcc88038cbaaa3e49319e,"{""d"":7,""p"":0.01,""r"":7}",
      2048,         0,         0,   0.196,correlated_pymatching,39f9cb248ab10ec607b9ccaaf482514ae8e1581ef787a88a015fb5c26342afdd,"{""d"":5,""p"":0.00046415888336127773,""r"":5}",
         4,         2,         0,   0.220,correlated_pymatching,d3e30c5b0b2200726401824e77efbf50d245b14f269dc22b503fae9332def7e9,"{""d"":7,""p"":0.046415888336127774,""r"":7}","{""obs_mistake_mask=E"":2}"
         4,         0,         0,   0.204,correlated_pymatching,9f0d5c5ebeaacfa819af94ab1908d72ac2a5c6fa363048dff740a59665befc15,"{""d"":7,""p"":0.001,""r"":7}",
         4,         0,         0,   0.204,correlated_pymatching,34734f877c4048906a7282d6aac755b3eddcd1da98427026ac56e106e56cff50,"{""d"":7,""p"":0.002154434690031882,""r"":7}",
         4,         1,         0,   0.220,correlated_pymatching,d3e30c5b0b2200726401824e77efbf50d245b14f269dc22b503fae9332def7e9,"{""d"":7,""p"":0.046415888336127774,""r"":7}","{""obs_mistake_mask=E"":1}"
         4,         1,         0,   0.221,correlated_pymatching,03dd2f6a0421220a87f1dc45c9803ec4898508fd69fe006e191935aa820b9880,"{""d"":7,""p"":0.1,""r"":7}","{""obs_mistake_mask=E"":1}"
         4,         2,         0,   0.220,correlated_pymatching,ce506fdd196abab16c37ff3bba50300bac294497f29df3b57091132f541a5074,"{""d"":7,""p"":0.021544346900318822,""r"":7}","{""obs_mistake_mask=E"":2}"
         4,         3,         0,   0.224,correlated_pymatching,03dd2f6a0421220a87f1dc45c9803ec4898508fd69fe006e191935aa820b9880,"{""d"":7,""p"":0.1,""r"":7}","{""obs_mistake_mask=E"":3}"
        32,         0,         0,   0.080,correlated_pymatching,3f140357877ec0bc3d7ae36f067429667d7b4a327fabd9d8f83480f2415abd3d,"{""d"":5,""p"":0.00021544346900318845,""r"":5}",
       256,       117,         0,   0.284,correlated_pymatching,29e4e0c838d8ff254f28a5a71a38d383b2596a1368a6dd777cc63e772dd2e039,"{""d"":5,""p"":0.021544346900318822,""r"":5}","{""obs_mistake_mask=E"":117}"
       512,       249,         0,   0.308,correlated_pymatching,f2e7a6f2e775c2b6ff353506ca9e0ee790be5b7eca7f4046fe757fbd3ed6d8c3,"{""d"":5,""p"":0.01,""r"":5}","{""obs_mistake_mask=E"":249}"
     11264,         5,         0,   0.212,correlated_pymatching,4e1d76e30d73905945fea823a79497226f2df99e76c94def17544c12713a19be,"{""d"":3,""p"":0.0001,""r"":3}","{""obs_mistake_mask=E"":5}"
      2048,         0,         0,   0.177,correlated_pymatching,fe7c60f3112f5f756b2cb8715b3b780d1357bfbf47449ce6c94d04af6e77331b,"{""d"":5,""p"":0.0001,""r"":5}",
         4,         0,         0,   0.119,correlated_pymatching,fe7c60f3112f5f756b2cb8715b3b780d1357bfbf47449ce6c94d04af6e77331b,"{""d"":5,""p"":0.0001,""r"":5}",
       128,         0,         0,   0.076,correlated_pymatching,3f140357877ec0bc3d7ae36f067429667d7b4a327fabd9d8f83480f2415abd3d,"{""d"":5,""p"":0.00021544346900318845,""r"":5}",
      1024,        23,         0,   0.156,correlated_pymatching,067e28b160f4fe006737a13070738f0b57cfc2efae37e8708932650d5950cc67,"{""d"":5,""p"":0.002154434690031882,""r"":5}","{""obs_mistake_mask=E"":23}"
         1,         0,         0,   0.088,correlated_pymatching,39f9cb248ab10ec607b9ccaaf482514ae8e1581ef787a88a015fb5c26342afdd,"{""d"":5,""p"":0.00046415888336127773,""r"":5}",
         1,         0,         0,   0.088,correlated_pymatching,84e621b5815ca4064bfb13d53dc96865766c320a24ea47fc87382d2a7d5c7ff7,"{""d"":5,""p"":0.001,""r"":5}",
      2048,         0,         0,   0.180,correlated_pymatching,3f140357877ec0bc3d7ae36f067429667d7b4a327fabd9d8f83480f2415abd3d,"{""d"":5,""p"":0.00021544346900318845,""r"":5}",
     10240,        32,         0,   0.227,correlated_pymatching,95fd4bf830e56eb4f39a02ca975f13c8dc490f34436c9ef61d7cbf06f63043ed,"{""d"":3,""p"":0.00046415888336127773,""r"":3}","{""obs_mistake_mask=E"":32}"
      2048,         0,         0,   0.179,correlated_pymatching,39f9cb248ab10ec607b9ccaaf482514ae8e1581ef787a88a015fb5c26342afdd,"{""d"":5,""p"":0.00046415888336127773,""r"":5}",
      2048,         6,         0,   0.228,correlated_pymatching,84e621b5815ca4064bfb13d53dc96865766c320a24ea47fc87382d2a7d5c7ff7,"{""d"":5,""p"":0.001,""r"":5}","{""obs_mistake_mask=E"":6}"
     15360,        11,         0,   0.294,correlated_pymatching,0008fdb23e82890800a1ea66e164e1f21e6bf67cd10199bfb5a0e7097a63b78a,"{""d"":3,""p"":0.00021544346900318845,""r"":3}","{""obs_mistake_mask=E"":11}"
         8,         0,         0,   0.204,correlated_pymatching,1af5a8d16dfe6abd574790e66dfc9331cc1a7511d9442ded56a0edf86c82b0da,"{""d"":7,""p"":0.00021544346900318845,""r"":7}",
         8,         1,         0,   0.209,correlated_pymatching,d1d80894df98a61ed33aca504bc42b868338fcea765089a400acba4dd4c369c2,"{""d"":7,""p"":0.004641588833612777,""r"":7}","{""obs_mistake_mask=E"":1}"
     11264,         8,         0,   0.219,correlated_pymatching,0008fdb23e82890800a1ea66e164e1f21e6bf67cd10199bfb5a0e7097a63b78a,"{""d"":3,""p"":0.00021544346900318845,""r"":3}","{""obs_mistake_mask=E"":8}"
       512,         0,         0,   0.084,correlated_pymatching,3f140357877ec0bc3d7ae36f067429667d7b4a327fabd9d8f83480f2415abd3d,"{""d"":5,""p"":0.00021544346900318845,""r"":5}",
         8,         0,         0,   0.208,correlated_pymatching,526a9c53121d2590a78619e118eac90c4306ffdf6462386d67efd6891e283792,"{""d"":7,""p"":0.00046415888336127773,""r"":7}",
         8,         0,         0,   0.217,correlated_pymatching,38d00c745a2d4a3a17c6dbc1bbe5617fb3b5e2aa1d862e832a2558b8e0215781,"{""d"":7,""p"":0.0001,""r"":7}",
      1024,       182,         0,   0.276,correlated_pymatching,59aab0a882cc8f89db654a9397af09501dae674141c8d9cb22ebe4d8c37f43a2,"{""d"":5,""p"":0.004641588833612777,""r"":5}","{""obs_mistake_mask=E"":182}"
         8,         0,         0,   0.204,correlated_pymatching,34734f877c4048906a7282d6aac755b3eddcd1da98427026ac56e106e56cff50,"{""d"":7,""p"":0.002154434690031882,""r"":7}",
         8,         5,         0,   0.231,correlated_pymatching,93987be23167563c302db1eb9277a334620a58339c5dcc88038cbaaa3e49319e,"{""d"":7,""p"":0.01,""r"":7}","{""obs_mistake_mask=E"":5}"
       256,       121,         0,   0.350,correlated_pymatching,b8e1cb8781e00d4b664a3e397fd7be4f688a9aa56fb48177ada79a2f0af93d07,"{""d"":5,""p"":0.046415888336127774,""r"":5}","{""obs_mistake_mask=E"":121}"
         8,         0,         0,   0.216,correlated_pymatching,9f0d5c5ebeaacfa819af94ab1908d72ac2a5c6fa363048dff740a59665befc15,"{""d"":7,""p"":0.001,""r"":7}",
         4,         0,         0,   0.073,correlated_pymatching,84e621b5815ca4064bfb13d53dc96865766c320a24ea47fc87382d2a7d5c7ff7,"{""d"":5,""p"":0.001,""r"":5}",
         4,         0,         0,   0.081,correlated_pymatching,39f9cb248ab10ec607b9ccaaf482514ae8e1581ef787a88a015fb5c26342afdd,"{""d"":5,""p"":0.00046415888336127773,""r"":5}",
        16,         0,         0,   0.132,correlated_pymatching,fe7c60f3112f5f756b2cb8715b3b780d1357bfbf47449ce6c94d04af6e77331b,"{""d"":5,""p"":0.0001,""r"":5}",
         8,         5,         0,   0.238,correlated_pymatching,d3e30c5b0b2200726401824e77efbf50d245b14f269dc22b503fae9332def7e9,"{""d"":7,""p"":0.046415888336127774,""r"":7}","{""obs_mistake_mask=E"":5}"
     10240,         1,         0,   0.320,correlated_pymatching,4e1d76e30d73905945fea823a79497226f2df99e76c94def17544c12713a19be,"{""d"":3,""p"":0.0001,""r"":3}","{""obs_mistake_mask=E"":1}"
         8,         3,         0,   0.236,correlated_pymatching,ce506fdd196abab16c37ff3bba50300bac294497f29df3b57091132f541a5074,"{""d"":7,""p"":0.021544346900318822,""r"":7}","{""obs_mistake_mask=E"":3}"
         8,         2,         0,   0.242,correlated_pymatching,d3e30c5b0b2200726401824e77efbf50d245b14f269dc22b503fae9332def7e9,"{""d"":7,""p"":0.046415888336127774,""r"":7}","{""obs_mistake_mask=E"":2}"
       256,       137,         0,   0.396,correlated_pymatching,27083a031d52769b19818d9f384154c70b2d1a6603d480e373f8efb6efc4fd36,"{""d"":5,""p"":0.1,""r"":5}","{""obs_mistake_mask=E"":137}"
         8,         4,         0,   0.247,correlated_pymatching,03dd2f6a0421220a87f1dc45c9803ec4898508fd69fe006e191935aa820b9880,"{""d"":7,""p"":0.1,""r"":7}","{""obs_mistake_mask=E"":4}"
         8,         2,         0,   0.244,correlated_pymatching,03dd2f6a0421220a87f1dc45c9803ec4898508fd69fe006e191935aa820b9880,"{""d"":7,""p"":0.1,""r"":7}","{""obs_mistake_mask=E"":2}"
      1024,         0,         0,   0.092,correlated_pymatching,3f140357877ec0bc3d7ae36f067429667d7b4a327fabd9d8f83480f2415abd3d,"{""d"":5,""p"":0.00021544346900318845,""r"":5}",
      1024,        14,         0,   0.153,correlated_pymatching,067e28b160f4fe006737a13070738f0b57cfc2efae37e8708932650d5950cc67,"{""d"":5,""p"":0.002154434690031882,""r"":5}","{""obs_mistake_mask=E"":14}"
     14336,        29,         0,   0.310,correlated_pymatching,95fd4bf830e56eb4f39a02ca975f13c8dc490f34436c9ef61d7cbf06f63043ed,"{""d"":3,""p"":0.00046415888336127773,""r"":3}","{""obs_mistake_mask=E"":29}"
         1,         0,         0,   0.080,correlated_pymatching,067e28b160f4fe006737a13070738f0b57cfc2efae37e8708932650d5950cc67,"{""d"":5,""p"":0.002154434690031882,""r"":5}",
        32,         0,         0,   0.078,correlated_pymatching,84e621b5815ca4064bfb13d53dc96865766c320a24ea47fc87382d2a7d5c7ff7,"{""d"":5,""p"":0.001,""r"":5}",
        16,         0,         0,   0.080,correlated_pymatching,39f9cb248ab10ec607b9ccaaf482514ae8e1581ef787a88a015fb5c26342afdd,"{""d"":5,""p"":0.00046415888336127773,""r"":5}",
      3072,         0,         0,   0.253,correlated_pymatching,fe7c60f3112f5f756b2cb8715b3b780d1357bfbf47449ce6c94d04af6e77331b,"{""d"":5,""p"":0.0001,""r"":5}",
        64,         0,         0,   0.128,correlated_pymatching,fe7c60f3112f5f756b2cb8715b3b780d1357bfbf47449ce6c94d04af6e77331b,"{""d"":5,""p"":0.0001,""r"":5}",
      1024,         0,         0,   0.088,correlated_pymatching,3f140357877ec0bc3d7ae36f067429667d7b4a327fabd9d8f83480f2415abd3d,"{""d"":5,""p"":0.00021544346900318845,""r"":5}",
         4,         0,         0,   0.081,correlated_pymatching,067e28b160f4fe006737a13070738f0b57cfc2efae37e8708932650d5950cc67,"{""d"":5,""p"":0.002154434690031882,""r"":5}",
        16,         0,         0,   0.192,correlated_pymatching,526a9c53121d2590a78619e118eac90c4306ffdf6462386d67efd6891e283792,"{""d"":7,""p"":0.00046415888336127773,""r"":7}",
        64,         0,         0,   0.074,correlated_pymatching,39f9cb248ab10ec607b9ccaaf482514ae8e1581ef787a88a015fb5c26342afdd,"{""d"":5,""p"":0.00046415888336127773,""r"":5}",
        16,         0,         0,   0.205,correlated_pymatching,1af5a8d16dfe6abd574790e66dfc9331cc1a7511d9442ded56a0edf86c82b0da,"{""d"":7,""p"":0.00021544346900318845,""r"":7}",
       128,         1,         0,   0.089,correlated_pymatching,84e621b5815ca4064bfb13d53dc96865766c320a24ea47fc87382d2a7d5c7ff7,"{""d"":5,""p"":0.001,""r"":5}","{""obs_mistake_mask=E"":1}"
     15360,         4,         0,   0.300,correlated_pymatching,4e1d76e30d73905945fea823a79497226f2df99e76c94def17544c12713a19be,"{""d"":3,""p"":0.0001,""r"":3}","{""obs_mistake_mask=E"":4}"
        16,         3,         0,   0.212,correlated_pymatching,d1d80894df98a61ed33aca504bc42b868338fcea765089a400acba4dd4c369c2,"{""d"":7,""p"":0.004641588833612777,""r"":7}","{""obs_mistake_mask=E"":3}"
        16,         0,         0,   0.209,correlated_pymatching,38d00c745a2d4a3a17c6dbc1bbe5617fb3b5e2aa1d862e832a2558b8e0215781,"{""d"":7,""p"":0.0001,""r"":7}",
      2048,         6,         0,   0.237,correlated_pymatching,84e621b5815ca4064bfb13d53dc96865766c320a24ea47fc87382d2a7d5c7ff7,"{""d"":5,""p"":0.001,""r"":5}","{""obs_mistake_mask=E"":6}"
        16,         1,         0,   0.204,correlated_pymatching,34734f877c4048906a7282d6aac755b3eddcd1da98427026ac56e106e56cff50,"{""d"":7,""p"":0.002154434690031882,""r"":7}","{""obs_mistake_mask=E"":1}"
      3072,         1,         0,   0.271,correlated_pymatching,3f140357877ec0bc3d7ae36f067429667d7b4a327fabd9d8f83480f2415abd3d,"{""d"":5,""p"":0.00021544346900318845,""r"":5}","{""obs_mistake_mask=E"":1}"
        16,         0,         0,   0.204,correlated_pymatching,9f0d5c5ebeaacfa819af94ab1908d72ac2a5c6fa363048dff740a59665befc15,"{""d"":7,""p"":0.001,""r"":7}",
        16,         6,         0,   0.229,correlated_pymatching,93987be23167563c302db1eb9277a334620a58339c5dcc88038cbaaa3e49319e,"{""d"":7,""p"":0.01,""r"":7}","{""obs_mistake_mask=E"":6}"
        16,         1,         0,   0.075,correlated_pymatching,067e28b160f4fe006737a13070738f0b57cfc2efae37e8708932650d5950cc67,"{""d"":5,""p"":0.002154434690031882,""r"":5}","{""obs_mistake_mask=E"":1}"
     13312,        46,         0,   0.294,correlated_pymatching,95fd4bf830e56eb4f39a02ca975f13c8dc490f34436c9ef61d7cbf06f63043ed,"{""d"":3,""p"":0.00046415888336127773,""r"":3}","{""obs_mistake_mask=E"":46}"
      3072,         0,         0,   0.300,correlated_pymatching,39f9cb248ab10ec607b9ccaaf482514ae8e1581ef787a88a015fb5c26342afdd,"{""d"":5,""p"":0.00046415888336127773,""r"":5}",
       512,         0,         0,   0.093,correlated_pymatching,39f9cb248ab10ec607b9ccaaf482514ae8e1581ef787a88a015fb5c26342afdd,"{""d"":5,""p"":0.00046415888336127773,""r"":5}",
       512,         2,         0,   0.088,correlated_pymatching,84e621b5815ca4064bfb13d53dc96865766c320a24ea47fc87382d2a7d5c7ff7,"{""d"":5,""p"":0.001,""r"":5}","{""obs_mistake_mask=E"":2}"
     15360,         9,         0,   0.301,correlated_pymatching,0008fdb23e82890800a1ea66e164e1f21e6bf67cd10199bfb5a0e7097a63b78a,"{""d"":3,""p"":0.00021544346900318845,""r"":3}","{""obs_mistake_mask=E"":9}"
       256,         0,         0,   0.136,correlated_pymatching,fe7c60f3112f5f756b2cb8715b3b780d1357bfbf47449ce6c94d04af6e77331b,"{""d"":5,""p"":0.0001,""r"":5}",
        16,         8,         0,   0.251,correlated_pymatching,ce506fdd196abab16c37ff3bba50300bac294497f29df3b57091132f541a5074,"{""d"":7,""p"":0.021544346900318822,""r"":7}","{""obs_mistake_mask=E"":8}"
        16,         4,         0,   0.285,correlated_pymatching,d3e30c5b0b2200726401824e77efbf50d245b14f269dc22b503fae9332def7e9,"{""d"":7,""p"":0.046415888336127774,""r"":7}","{""obs_mistake_mask=E"":4}"
        16,        10,         0,   0.270,correlated_pymatching,d3e30c5b0b2200726401824e77efbf50d245b14f269dc22b503fae9332def7e9,"{""d"":7,""p"":0.046415888336127774,""r"":7}","{""obs_mistake_mask=E"":10}"
       128,         5,         0,   0.086,correlated_pymatching,067e28b160f4fe006737a13070738f0b57cfc2efae37e8708932650d5950cc67,"{""d"":5,""p"":0.002154434690031882,""r"":5}","{""obs_mistake_mask=E"":5}"
        16,         5,         0,   0.276,correlated_pymatching,03dd2f6a0421220a87f1dc45c9803ec4898508fd69fe006e191935aa820b9880,"{""d"":7,""p"":0.1,""r"":7}","{""obs_mistake_mask=E"":5}"
      2048,         0,         0,   0.175,correlated_pymatching,3f140357877ec0bc3d7ae36f067429667d7b4a327fabd9d8f83480f2415abd3d,"{""d"":5,""p"":0.00021544346900318845,""r"":5}",
        16,         7,         0,   0.284,correlated_pymatching,03dd2f6a0421220a87f1dc45c9803ec4898508fd69fe006e191935aa820b9880,"{""d"":7,""p"":0.1,""r"":7}","{""obs_mistake_mask=E"":7}"
       512,       240,         0,   0.494,correlated_pymatching,29e4e0c838d8ff254f28a5a71a38d383b2596a1368a6dd777cc63e772dd2e039,"{""d"":5,""p"":0.021544346900318822,""r"":5}","{""obs_mistake_mask=E"":240}"
      1024,         0,         0,   0.097,correlated_pymatching,39f9cb248ab10ec607b9ccaaf482514ae8e1581ef787a88a015fb5c26342afdd,"{""d"":5,""p"":0.00046415888336127773,""r"":5}",
       256,       141,         0,   0.370,correlated_pymatching,b8e1cb8781e00d4b664a3e397fd7be4f688a9aa56fb48177ada79a2f0af93d07,"{""d"":5,""p"":0.046415888336127774,""r"":5}","{""obs_mistake_mask=E"":141}"
        32,         0,         0,   0.204,correlated_pymatching,1af5a8d16dfe6abd574790e66dfc9331cc1a7511d9442ded56a0edf86c82b0da,"{""d"":7,""p"":0.00021544346900318845,""r"":7}",
        32,         0,         0,   0.216,correlated_pymatching,526a9c53121d2590a78619e118eac90c4306ffdf6462386d67efd6891e283792,"{""d"":7,""p"":0.00046415888336127773,""r"":7}",
      2048,        48,         0,   0.314,correlated_pymatching,067e28b160f4fe006737a13070738f0b57cfc2efae37e8708932650d5950cc67,"{""d"":5,""p"":0.002154434690031882,""r"":5}","{""obs_mistake_mask=E"":48}"
      1024,         1,         0,   0.122,correlated_pymatching,84e621b5815ca4064bfb13d53dc96865766c320a24ea47fc87382d2a7d5c7ff7,"{""d"":5,""p"":0.001,""r"":5}","{""obs_mistake_mask=E"":1}"
     21504,        12,         0,   0.421,correlated_pymatching,0008fdb23e82890800a1ea66e164e1f21e6bf67cd10199bfb5a0e7097a63b78a,"{""d"":3,""p"":0.00021544346900318845,""r"":3}","{""obs_mistake_mask=E"":12}"
        32,         0,         0,   0.208,correlated_pymatching,38d00c745a2d4a3a17c6dbc1bbe5617fb3b5e2aa1d862e832a2558b8e0215781,"{""d"":7,""p"":0.0001,""r"":7}",
        32,         7,         0,   0.219,correlated_pymatching,d1d80894df98a61ed33aca504bc42b868338fcea765089a400acba4dd4c369c2,"{""d"":7,""p"":0.004641588833612777,""r"":7}","{""obs_mistake_mask=E"":7}"
        32,         0,         0,   0.196,correlated_pymatching,9f0d5c5ebeaacfa819af94ab1908d72ac2a5c6fa363048dff740a59665befc15,"{""d"":7,""p"":0.001,""r"":7}",
        32,         0,         0,   0.216,correlated_pymatching,34734f877c4048906a7282d6aac755b3eddcd1da98427026ac56e106e56cff50,"{""d"":7,""p"":0.002154434690031882,""r"":7}",
      1024,         0,         0,   0.139,correlated_pymatching,fe7c60f3112f5f756b2cb8715b3b780d1357bfbf47449ce6c94d04af6e77331b,"{""d"":5,""p"":0.0001,""r"":5}",
       256,       129,         0,   0.387,correlated_pymatching,27083a031d52769b19818d9f384154c70b2d1a6603d480e373f8efb6efc4fd36,"{""d"":5,""p"":0.1,""r"":5}","{""obs_mistake_mask=E"":129}"
       512,         7,         0,   0.118,correlated_pymatching,067e28b160f4fe006737a13070738f0b57cfc2efae37e8708932650d5950cc67,"{""d"":5,""p"":0.002154434690031882,""r"":5}","{""obs_mistake_mask=E"":7}"
     13312,         1,         0,   0.415,correlated_pymatching,4e1d76e30d73905945fea823a79497226f2df99e76c94def17544c12713a19be,"{""d"":3,""p"":0.0001,""r"":3}","{""obs_mistake_mask=E"":1}"
      1024,         0,         0,   0.102,correlated_pymatching,39f9cb248ab10ec607b9ccaaf482514ae8e1581ef787a88a015fb5c26342afdd,"{""d"":5,""p"":0.00046415888336127773,""r"":5}",
      4096,         0,         0,   0.336,correlated_pymatching,fe7c60f3112f5f756b2cb8715b3b780d1357bfbf47449ce6c94d04af6e77331b,"{""d"":5,""p"":0.0001,""r"":5}",
        32,        24,         0,   0.252,correlated_pymatching,93987be23167563c302db1eb9277a334620a58339c5dcc88038cbaaa3e49319e,"{""d"":7,""p"":0.01,""r"":7}","{""obs_mistake_mask=E"":24}"
      1024,         1,         0,   0.105,correlated_pymatching,84e621b5815ca4064bfb13d53dc96865766c320a24ea47fc87382d2a7d5c7ff7,"{""d"":5,""p"":0.001,""r"":5}","{""obs_mistake_mask=E"":1}"
     17408,        47,         0,   0.418,correlated_pymatching,95fd4bf830e56eb4f39a02ca975f13c8dc490f34436c9ef61d7cbf06f63043ed,"{""d"":3,""p"":0.00046415888336127773,""r"":3}","{""obs_mistake_mask=E"":47}"
      2048,         0,         0,   0.180,correlated_pymatching,3f140357877ec0bc3d7ae36f067429667d7b4a327fabd9d8f83480f2415abd3d,"{""d"":5,""p"":0.00021544346900318845,""r"":5}",
      3072,         9,         0,   0.320,correlated_pymatching,84e621b5815ca4064bfb13d53dc96865766c320a24ea47fc87382d2a7d5c7ff7,"{""d"":5,""p"":0.001,""r"":5}","{""obs_mistake_mask=E"":9}"
      3072,         4,         0,   0.296,correlated_pymatching,39f9cb248ab10ec607b9ccaaf482514ae8e1581ef787a88a015fb5c26342afdd,"{""d"":5,""p"":0.00046415888336127773,""r"":5}","{""obs_mistake_mask=E"":4}"
      4096,         1,         0,   0.351,correlated_pymatching,3f140357877ec0bc3d7ae36f067429667d7b4a327fabd9d8f83480f2415abd3d,"{""d"":5,""p"":0.00021544346900318845,""r"":5}","{""obs_mistake_mask=E"":1}"
      1024,         0,         0,   0.144,correlated_pymatching,fe7c60f3112f5f756b2cb8715b3b780d1357bfbf47449ce6c94d04af6e77331b,"{""d"":5,""p"":0.0001,""r"":5}",
         1,         0,         0,   0.078,correlated_pymatching,b8e1cb8781e00d4b664a3e397fd7be4f688a9aa56fb48177ada79a2f0af93d07,"{""d"":5,""p"":0.046415888336127774,""r"":5}",
        64,         0,         0,   0.199,correlated_pymatching,1af5a8d16dfe6abd574790e66dfc9331cc1a7511d9442ded56a0edf86c82b0da,"{""d"":7,""p"":0.00021544346900318845,""r"":7}",
         1,         0,         0,   0.098,correlated_pymatching,27083a031d52769b19818d9f384154c70b2d1a6603d480e373f8efb6efc4fd36,"{""d"":5,""p"":0.1,""r"":5}",
        64,         0,         0,   0.204,correlated_pymatching,526a9c53121d2590a78619e118eac90c4306ffdf6462386d67efd6891e283792,"{""d"":7,""p"":0.00046415888336127773,""r"":7}",
     20480,         3,         0,   0.405,correlated_pymatching,4e1d76e30d73905945fea823a79497226f2df99e76c94def17544c12713a19be,"{""d"":3,""p"":0.0001,""r"":3}","{""obs_mistake_mask=E"":3}"
        32,        19,         0,   0.304,correlated_pymatching,ce506fdd196abab16c37ff3bba50300bac294497f29df3b57091132f541a5074,"{""d"":7,""p"":0.021544346900318822,""r"":7}","{""obs_mistake_mask=E"":19}"
      1024,        27,         0,   0.156,correlated_pymatching,067e28b160f4fe006737a13070738f0b57cfc2efae37e8708932650d5950cc67,"{""d"":5,""p"":0.002154434690031882,""r"":5}","{""obs_mistake_mask=E"":27}"
        64,         0,         0,   0.212,correlated_pymatching,38d00c745a2d4a3a17c6dbc1bbe5617fb3b5e2aa1d862e832a2558b8e0215781,"{""d"":7,""p"":0.0001,""r"":7}",
      1024,         0,         0,   0.122,correlated_pymatching,84e621b5815ca4064bfb13d53dc96865766c320a24ea47fc87382d2a7d5c7ff7,"{""d"":5,""p"":0.001,""r"":5}",
        64,         0,         0,   0.224,correlated_pymatching,9f0d5c5ebeaacfa819af94ab1908d72ac2a5c6fa363048dff740a59665befc15,"{""d"":7,""p"":0.001,""r"":7}",
        32,        15,         0,   0.328,correlated_pymatching,d3e30c5b0b2200726401824e77efbf50d245b14f269dc22b503fae9332def7e9,"{""d"":7,""p"":0.046415888336127774,""r"":7}","{""obs_mistake_mask=E"":15}"
      2048,         0,         0,   0.191,correlated_pymatching,39f9cb248ab10ec607b9ccaaf482514ae8e1581ef787a88a015fb5c26342afdd,"{""d"":5,""p"":0.00046415888336127773,""r"":5}",
        64,         0,         0,   0.240,correlated_pymatching,34734f877c4048906a7282d6aac755b3eddcd1da98427026ac56e106e56cff50,"{""d"":7,""p"":0.002154434690031882,""r"":7}",
        32,        22,         0,   0.348,correlated_pymatching,d3e30c5b0b2200726401824e77efbf50d245b14f269dc22b503fae9332def7e9,"{""d"":7,""p"":0.046415888336127774,""r"":7}","{""obs_mistake_mask=E"":22}"
         4,         4,         0,   0.082,correlated_pymatching,27083a031d52769b19818d9f384154c70b2d1a6603d480e373f8efb6efc4fd36,"{""d"":5,""p"":0.1,""r"":5}","{""obs_mistake_mask=E"":4}"
     18432,        54,         0,   0.413,correlated_pymatching,95fd4bf830e56eb4f39a02ca975f13c8dc490f34436c9ef61d7cbf06f63043ed,"{""d"":3,""p"":0.00046415888336127773,""r"":3}","{""obs_mistake_mask=E"":54}"
         4,         1,         0,   0.095,correlated_pymatching,b8e1cb8781e00d4b664a3e397fd7be4f688a9aa56fb48177ada79a2f0af93d07,"{""d"":5,""p"":0.046415888336127774,""r"":5}","{""obs_mistake_mask=E"":1}"
        64,        10,         0,   0.273,correlated_pymatching,d1d80894df98a61ed33aca504bc42b868338fcea765089a400acba4dd4c369c2,"{""d"":7,""p"":0.004641588833612777,""r"":7}","{""obs_mistake_mask=E"":10}"
     21504,        16,         0,   0.419,correlated_pymatching,0008fdb23e82890800a1ea66e164e1f21e6bf67cd10199bfb5a0e7097a63b78a,"{""d"":3,""p"":0.00021544346900318845,""r"":3}","{""obs_mistake_mask=E"":16}"
        32,        20,         0,   0.368,correlated_pymatching,03dd2f6a0421220a87f1dc45c9803ec4898508fd69fe006e191935aa820b9880,"{""d"":7,""p"":0.1,""r"":7}","{""obs_mistake_mask=E"":20}"
      2048,        53,         0,   0.312,correlated_pymatching,067e28b160f4fe006737a13070738f0b57cfc2efae37e8708932650d5950cc67,"{""d"":5,""p"":0.002154434690031882,""r"":5}","{""obs_mistake_mask=E"":53}"
      1024,         0,         0,   0.133,correlated_pymatching,fe7c60f3112f5f756b2cb8715b3b780d1357bfbf47449ce6c94d04af6e77331b,"{""d"":5,""p"":0.0001,""r"":5}",
        32,        15,         0,   0.372,correlated_pymatching,03dd2f6a0421220a87f1dc45c9803ec4898508fd69fe006e191935aa820b9880,"{""d"":7,""p"":0.1,""r"":7}","{""obs_mistake_mask=E"":15}"
       256,       123,         0,   0.385,correlated_pymatching,b8e1cb8781e00d4b664a3e397fd7be4f688a9aa56fb48177ada79a2f0af93d07,"{""d"":5,""p"":0.046415888336127774,""r"":5}","{""obs_mistake_mask=E"":123}"
        16,         5,         0,   0.099,correlated_pymatching,27083a031d52769b19818d9f384154c70b2d1a6603d480e373f8efb6efc4fd36,"{""d"":5,""p"":0.1,""r"":5}","{""obs_mistake_mask=E"":5}"
        16,        10,         0,   0.094,correlated_pymatching,b8e1cb8781e00d4b664a3e397fd7be4f688a9aa56fb48177ada79a2f0af93d07,"{""d"":5,""p"":0.046415888336127774,""r"":5}","{""obs_mistake_mask=E"":10}"
      1024,        19,         0,   0.173,correlated_pymatching,067e28b160f4fe006737a13070738f0b57cfc2efae37e8708932650d5950cc67,"{""d"":5,""p"":0.002154434690031882,""r"":5}","{""obs_mistake_mask=E"":19}"
      3072,         1,         0,   0.268,correlated_pymatching,3f140357877ec0bc3d7ae36f067429667d7b4a327fabd9d8f83480f2415abd3d,"{""d"":5,""p"":0.00021544346900318845,""r"":5}","{""obs_mistake_mask=E"":1}"
        64,        32,         0,   0.312,correlated_pymatching,93987be23167563c302db1eb9277a334620a58339c5dcc88038cbaaa3e49319e,"{""d"":7,""p"":0.01,""r"":7}","{""obs_mistake_mask=E"":32}"
       128,         0,         0,   0.233,correlated_pymatching,1af5a8d16dfe6abd574790e66dfc9331cc1a7511d9442ded56a0edf86c82b0da,"{""d"":7,""p"":0.00021544346900318845,""r"":7}",
       128,         0,         0,   0.228,correlated_pymatching,526a9c53121d2590a78619e118eac90c4306ffdf6462386d67efd6891e283792,"{""d"":7,""p"":0.00046415888336127773,""r"":7}",
       128,         0,         0,   0.219,correlated_pymatching,38d00c745a2d4a3a17c6dbc1bbe5617fb3b5e2aa1d862e832a2558b8e0215781,"{""d"":7,""p"":0.0001,""r"":7}",
      2048,         5,         0,   0.228,correlated_pymatching,84e621b5815ca4064bfb13d53dc96865766c320a24ea47fc87382d2a7d5c7ff7,"{""d"":5,""p"":0.001,""r"":5}","{""obs_mistake_mask=E"":5}"
       256,       136,         0,   0.417,correlated_pymatching,27083a031d52769b19818d9f384154c70b2d1a6603d480e373f8efb6efc4fd36,"{""d"":5,""p"":0.1,""r"":5}","{""obs_mistake_mask=E"":136}"
      2048,         0,         0,   0.196,correlated_pymatching,39f9cb248ab10ec607b9ccaaf482514ae8e1581ef787a88a015fb5c26342afdd,"{""d"":5,""p"":0.00046415888336127773,""r"":5}",
       128,         0,         0,   0.240,correlated_pymatching,9f0d5c5ebeaacfa819af94ab1908d72ac2a5c6fa363048dff740a59665befc15,"{""d"":7,""p"":0.001,""r"":7}",
      1024,         0,         0,   0.179,correlated_pymatching,fe7c60f3112f5f756b2cb8715b3b780d1357bfbf47449ce6c94d04af6e77331b,"{""d"":5,""p"":0.0001,""r"":5}",
       128,         1,         0,   0.233,correlated_pymatching,34734f877c4048906a7282d6aac755b3eddcd1da98427026ac56e106e56cff50,"{""d"":7,""p"":0.002154434690031882,""r"":7}","{""obs_mistake_mask=E"":1}"
      5120,         0,         0,   0.430,correlated_pymatching,fe7c60f3112f5f756b2cb8715b3b780d1357bfbf47449ce6c94d04af6e77331b,"{""d"":5,""p"":0.0001,""r"":5}",
        32,        16,         0,   0.308,correlated_pymatching,ce506fdd196abab16c37ff3bba50300bac294497f29df3b57091132f541a5074,"{""d"":7,""p"":0.021544346900318822,""r"":7}","{""obs_mistake_mask=E"":16}"
        64,        27,         0,   0.145,correlated_pymatching,b8e1cb8781e00d4b664a3e397fd7be4f688a9aa56fb48177ada79a2f0af93d07,"{""d"":5,""p"":0.046415888336127774,""r"":5}","{""obs_mistake_mask=E"":27}"
      1024,        13,         0,   0.157,correlated_pymatching,067e28b160f4fe006737a13070738f0b57cfc2efae37e8708932650d5950cc67,"{""d"":5,""p"":0.002154434690031882,""r"":5}","{""obs_mistake_mask=E"":13}"
        64,        32,         0,   0.178,correlated_pymatching,27083a031d52769b19818d9f384154c70b2d1a6603d480e373f8efb6efc4fd36,"{""d"":5,""p"":0.1,""r"":5}","{""obs_mistake_mask=E"":32}"
       128,        19,         0,   0.285,correlated_pymatching,d1d80894df98a61ed33aca504bc42b868338fcea765089a400acba4dd4c369c2,"{""d"":7,""p"":0.004641588833612777,""r"":7}","{""obs_mistake_mask=E"":19}"
        32,        14,         0,   0.318,correlated_pymatching,d3e30c5b0b2200726401824e77efbf50d245b14f269dc22b503fae9332def7e9,"{""d"":7,""p"":0.046415888336127774,""r"":7}","{""obs_mistake_mask=E"":14}"
     29696,        23,         0,   0.593,correlated_pymatching,0008fdb23e82890800a1ea66e164e1f21e6bf67cd10199bfb5a0e7097a63b78a,"{""d"":3,""p"":0.00021544346900318845,""r"":3}","{""obs_mistake_mask=E"":23}"
        32,        16,         0,   0.350,correlated_pymatching,d3e30c5b0b2200726401824e77efbf50d245b14f269dc22b503fae9332def7e9,"{""d"":7,""p"":0.046415888336127774,""r"":7}","{""obs_mistake_mask=E"":16}"
      4096,        13,         0,   0.474,correlated_pymatching,84e621b5815ca4064bfb13d53dc96865766c320a24ea47fc87382d2a7d5c7ff7,"{""d"":5,""p"":0.001,""r"":5}","{""obs_mistake_mask=E"":13}"
       256,         0,         0,   0.207,correlated_pymatching,1af5a8d16dfe6abd574790e66dfc9331cc1a7511d9442ded56a0edf86c82b0da,"{""d"":7,""p"":0.00021544346900318845,""r"":7}",
     17408,         6,         0,   0.569,correlated_pymatching,4e1d76e30d73905945fea823a79497226f2df99e76c94def17544c12713a19be,"{""d"":3,""p"":0.0001,""r"":3}","{""obs_mistake_mask=E"":6}"
      5120,         0,         0,   0.464,correlated_pymatching,3f140357877ec0bc3d7ae36f067429667d7b4a327fabd9d8f83480f2415abd3d,"{""d"":5,""p"":0.00021544346900318845,""r"":5}",
       256,         0,         0,   0.215,correlated_pymatching,526a9c53121d2590a78619e118eac90c4306ffdf6462386d67efd6891e283792,"{""d"":7,""p"":0.00046415888336127773,""r"":7}",
       256,         0,         0,   0.212,correlated_pymatching,38d00c745a2d4a3a17c6dbc1bbe5617fb3b5e2aa1d862e832a2558b8e0215781,"{""d"":7,""p"":0.0001,""r"":7}",
        32,        19,         0,   0.347,correlated_pymatching,03dd2f6a0421220a87f1dc45c9803ec4898508fd69fe006e191935aa820b9880,"{""d"":7,""p"":0.1,""r"":7}","{""obs_mistake_mask=E"":19}"
      5120,         1,         0,   0.491,correlated_pymatching,39f9cb248ab10ec607b9ccaaf482514ae8e1581ef787a88a015fb5c26342afdd,"{""d"":5,""p"":0.00046415888336127773,""r"":5}","{""obs_mistake_mask=E"":1}"
        32,        19,         0,   0.345,correlated_pymatching,03dd2f6a0421220a87f1dc45c9803ec4898508fd69fe006e191935aa820b9880,"{""d"":7,""p"":0.1,""r"":7}","{""obs_mistake_mask=E"":19}"
      2048,         3,         0,   0.213,correlated_pymatching,39f9cb248ab10ec607b9ccaaf482514ae8e1581ef787a88a015fb5c26342afdd,"{""d"":5,""p"":0.00046415888336127773,""r"":5}","{""obs_mistake_mask=E"":3}"
     26624,        80,         0,   0.569,correlated_pymatching,95fd4bf830e56eb4f39a02ca975f13c8dc490f34436c9ef61d7cbf06f63043ed,"{""d"":3,""p"":0.00046415888336127773,""r"":3}","{""obs_mistake_mask=E"":80}"
     18432,        53,         0,   0.410,correlated_pymatching,95fd4bf830e56eb4f39a02ca975f13c8dc490f34436c9ef61d7cbf06f63043ed,"{""d"":3,""p"":0.00046415888336127773,""r"":3}","{""obs_mistake_mask=E"":53}"
      1024,        25,         0,   0.157,correlated_pymatching,067e28b160f4fe006737a13070738f0b57cfc2efae37e8708932650d5950cc67,"{""d"":5,""p"":0.002154434690031882,""r"":5}","{""obs_mistake_mask=E"":25}"
      2048,         3,         0,   0.249,correlated_pymatching,84e621b5815ca4064bfb13d53dc96865766c320a24ea47fc87382d2a7d5c7ff7,"{""d"":5,""p"":0.001,""r"":5}","{""obs_mistake_mask=E"":3}"
      1024,         3,         0,   0.024,correlated_pymatching,95fd4bf830e56eb4f39a02ca975f13c8dc490f34436c9ef61d7cbf06f63043ed,"{""d"":3,""p"":0.00046415888336127773,""r"":3}","{""obs_mistake_mask=E"":3}"
       256,         0,         0,   0.227,correlated_pymatching,9f0d5c5ebeaacfa819af94ab1908d72ac2a5c6fa363048dff740a59665befc15,"{""d"":7,""p"":0.001,""r"":7}",
        64,        30,         0,   0.311,correlated_pymatching,93987be23167563c302db1eb9277a334620a58339c5dcc88038cbaaa3e49319e,"{""d"":7,""p"":0.01,""r"":7}","{""obs_mistake_mask=E"":30}"
       256,         1,         0,   0.257,correlated_pymatching,34734f877c4048906a7282d6aac755b3eddcd1da98427026ac56e106e56cff50,"{""d"":7,""p"":0.002154434690031882,""r"":7}","{""obs_mistake_mask=E"":1}"
      2048,         1,         0,   0.274,correlated_pymatching,fe7c60f3112f5f756b2cb8715b3b780d1357bfbf47449ce6c94d04af6e77331b,"{""d"":5,""p"":0.0001,""r"":5}","{""obs_mistake_mask=E"":1}"
      4096,         1,         0,   0.379,correlated_pymatching,3f140357877ec0bc3d7ae36f067429667d7b4a327fabd9d8f83480f2415abd3d,"{""d"":5,""p"":0.00021544346900318845,""r"":5}","{""obs_mistake_mask=E"":1}"
     28672,         4,         0,   0.571,correlated_pymatching,4e1d76e30d73905945fea823a79497226f2df99e76c94def17544c12713a19be,"{""d"":3,""p"":0.0001,""r"":3}","{""obs_mistake_mask=E"":4}"
      3072,        63,         0,   0.479,correlated_pymatching,067e28b160f4fe006737a13070738f0b57cfc2efae37e8708932650d5950cc67,"{""d"":5,""p"":0.002154434690031882,""r"":5}","{""obs_mistake_mask=E"":63}"
        32,        16,         0,   0.303,correlated_pymatching,ce506fdd196abab16c37ff3bba50300bac294497f29df3b57091132f541a5074,"{""d"":7,""p"":0.021544346900318822,""r"":7}","{""obs_mistake_mask=E"":16}"
       512,         0,         0,   0.224,correlated_pymatching,1af5a8d16dfe6abd574790e66dfc9331cc1a7511d9442ded56a0edf86c82b0da,"{""d"":7,""p"":0.00021544346900318845,""r"":7}",
       512,         0,         0,   0.212,correlated_pymatching,38d00c745a2d4a3a17c6dbc1bbe5617fb3b5e2aa1d862e832a2558b8e0215781,"{""d"":7,""p"":0.0001,""r"":7}",
       512,         0,         0,   0.236,correlated_pymatching,526a9c53121d2590a78619e118eac90c4306ffdf6462386d67efd6891e283792,"{""d"":7,""p"":0.00046415888336127773,""r"":7}",
     28672,        15,         0,   0.576,correlated_pymatching,0008fdb23e82890800a1ea66e164e1f21e6bf67cd10199bfb5a0e7097a63b78a,"{""d"":3,""p"":0.00021544346900318845,""r"":3}","{""obs_mistake_mask=E"":15}"
        32,        13,         0,   0.348,correlated_pymatching,d3e30c5b0b2200726401824e77efbf50d245b14f269dc22b503fae9332def7e9,"{""d"":7,""p"":0.046415888336127774,""r"":7}","{""obs_mistake_mask=E"":13}"
        32,        13,         0,   0.335,correlated_pymatching,d3e30c5b0b2200726401824e77efbf50d245b14f269dc22b503fae9332def7e9,"{""d"":7,""p"":0.046415888336127774,""r"":7}","{""obs_mistake_mask=E"":13}"
       256,        37,         0,   0.368,correlated_pymatching,d1d80894df98a61ed33aca504bc42b868338fcea765089a400acba4dd4c369c2,"{""d"":7,""p"":0.004641588833612777,""r"":7}","{""obs_mistake_mask=E"":37}"
       512,         0,         0,   0.239,correlated_pymatching,9f0d5c5ebeaacfa819af94ab1908d72ac2a5c6fa363048dff740a59665befc15,"{""d"":7,""p"":0.001,""r"":7}",
         1,         0,         0,   0.190,correlated_pymatching,38d00c745a2d4a3a17c6dbc1bbe5617fb3b5e2aa1d862e832a2558b8e0215781,"{""d"":7,""p"":0.0001,""r"":7}",
        32,        17,         0,   0.352,correlated_pymatching,03dd2f6a0421220a87f1dc45c9803ec4898508fd69fe006e191935aa820b9880,"{""d"":7,""p"":0.1,""r"":7}","{""obs_mistake_mask=E"":17}"
         1,         0,         0,   0.226,correlated_pymatching,1af5a8d16dfe6abd574790e66dfc9331cc1a7511d9442ded56a0edf86c82b0da,"{""d"":7,""p"":0.00021544346900318845,""r"":7}",
      2048,        41,         0,   0.313,correlated_pymatching,067e28b160f4fe006737a13070738f0b57cfc2efae37e8708932650d5950cc67,"{""d"":5,""p"":0.002154434690031882,""r"":5}","{""obs_mistake_mask=E"":41}"
        32,        12,         0,   0.351,correlated_pymatching,03dd2f6a0421220a87f1dc45c9803ec4898508fd69fe006e191935aa820b9880,"{""d"":7,""p"":0.1,""r"":7}","{""obs_mistake_mask=E"":12}"
        64,        31,         0,   0.300,correlated_pymatching,93987be23167563c302db1eb9277a334620a58339c5dcc88038cbaaa3e49319e,"{""d"":7,""p"":0.01,""r"":7}","{""obs_mistake_mask=E"":31}"
      3072,         7,         0,   0.323,correlated_pymatching,84e621b5815ca4064bfb13d53dc96865766c320a24ea47fc87382d2a7d5c7ff7,"{""d"":5,""p"":0.001,""r"":5}","{""obs_mistake_mask=E"":7}"
         1,         0,         0,   0.223,correlated_pymatching,526a9c53121d2590a78619e118eac90c4306ffdf6462386d67efd6891e283792,"{""d"":7,""p"":0.00046415888336127773,""r"":7}",
         1,         0,         0,   0.237,correlated_pymatching,9f0d5c5ebeaacfa819af94ab1908d72ac2a5c6fa363048dff740a59665befc15,"{""d"":7,""p"":0.001,""r"":7}",
      4096,         2,         0,   0.397,correlated_pymatching,39f9cb248ab10ec607b9ccaaf482514ae8e1581ef787a88a015fb5c26342afdd,"{""d"":5,""p"":0.00046415888336127773,""r"":5}","{""obs_mistake_mask=E"":2}"
       512,         3,         0,   0.324,correlated_pymatching,34734f877c4048906a7282d6aac755b3eddcd1da98427026ac56e106e56cff50,"{""d"":7,""p"":0.002154434690031882,""r"":7}","{""obs_mistake_mask=E"":3}"
        32,        18,         0,   0.306,correlated_pymatching,ce506fdd196abab16c37ff3bba50300bac294497f29df3b57091132f541a5074,"{""d"":7,""p"":0.021544346900318822,""r"":7}","{""obs_mistake_mask=E"":18}"
      2048,        48,         0,   0.379,correlated_pymatching,067e28b160f4fe006737a13070738f0b57cfc2efae37e8708932650d5950cc67,"{""d"":5,""p"":0.002154434690031882,""r"":5}","{""obs_mistake_mask=E"":48}"
      1024,        24,         0,   0.158,correlated_pymatching,067e28b160f4fe006737a13070738f0b57cfc2efae37e8708932650d5950cc67,"{""d"":5,""p"":0.002154434690031882,""r"":5}","{""obs_mistake_mask=E"":24}"
      7168,         0,         0,   0.659,correlated_pymatching,fe7c60f3112f5f756b2cb8715b3b780d1357bfbf47449ce6c94d04af6e77331b,"{""d"":5,""p"":0.0001,""r"":5}",
      4096,         0,         0,   0.416,correlated_pymatching,3f140357877ec0bc3d7ae36f067429667d7b4a327fabd9d8f83480f2415abd3d,"{""d"":5,""p"":0.00021544346900318845,""r"":5}",
      3072,         0,         0,   0.427,correlated_pymatching,fe7c60f3112f5f756b2cb8715b3b780d1357bfbf47449ce6c94d04af6e77331b,"{""d"":5,""p"":0.0001,""r"":5}",
         1,         0,         0,   0.206,correlated_pymatching,34734f877c4048906a7282d6aac755b3eddcd1da98427026ac56e106e56cff50,"{""d"":7,""p"":0.002154434690031882,""r"":7}",
         2,         0,         0,   0.227,correlated_pymatching,38d00c745a2d4a3a17c6dbc1bbe5617fb3b5e2aa1d862e832a2558b8e0215781,"{""d"":7,""p"":0.0001,""r"":7}",
         1,         1,         0,   0.241,correlated_pymatching,d1d80894df98a61ed33aca504bc42b868338fcea765089a400acba4dd4c369c2,"{""d"":7,""p"":0.004641588833612777,""r"":7}","{""obs_mistake_mask=E"":1}"
      6144,         1,         0,   0.576,correlated_pymatching,39f9cb248ab10ec607b9ccaaf482514ae8e1581ef787a88a015fb5c26342afdd,"{""d"":5,""p"":0.00046415888336127773,""r"":5}","{""obs_mistake_mask=E"":1}"
      5120,        14,         0,   0.630,correlated_pymatching,84e621b5815ca4064bfb13d53dc96865766c320a24ea47fc87382d2a7d5c7ff7,"{""d"":5,""p"":0.001,""r"":5}","{""obs_mistake_mask=E"":14}"
         2,         0,         0,   0.196,correlated_pymatching,9f0d5c5ebeaacfa819af94ab1908d72ac2a5c6fa363048dff740a59665befc15,"{""d"":7,""p"":0.001,""r"":7}",
         2,         0,         0,   0.236,correlated_pymatching,1af5a8d16dfe6abd574790e66dfc9331cc1a7511d9442ded56a0edf86c82b0da,"{""d"":7,""p"":0.00021544346900318845,""r"":7}",
         2,         0,         0,   0.212,correlated_pymatching,526a9c53121d2590a78619e118eac90c4306ffdf6462386d67efd6891e283792,"{""d"":7,""p"":0.00046415888336127773,""r"":7}",
        32,        14,         0,   0.328,correlated_pymatching,d3e30c5b0b2200726401824e77efbf50d245b14f269dc22b503fae9332def7e9,"{""d"":7,""p"":0.046415888336127774,""r"":7}","{""obs_mistake_mask=E"":14}"
        32,        18,         0,   0.333,correlated_pymatching,d3e30c5b0b2200726401824e77efbf50d245b14f269dc22b503fae9332def7e9,"{""d"":7,""p"":0.046415888336127774,""r"":7}","{""obs_mistake_mask=E"":18}"
      1024,         0,         0,   0.340,correlated_pymatching,9f0d5c5ebeaacfa819af94ab1908d72ac2a5c6fa363048dff740a59665befc15,"{""d"":7,""p"":0.001,""r"":7}",
      7168,         0,         0,   0.652,correlated_pymatching,3f140357877ec0bc3d7ae36f067429667d7b4a327fabd9d8f83480f2415abd3d,"{""d"":5,""p"":0.00021544346900318845,""r"":5}",
      2048,         0,         0,   0.472,correlated_pymatching,1af5a8d16dfe6abd574790e66dfc9331cc1a7511d9442ded56a0edf86c82b0da,"{""d"":7,""p"":0.00021544346900318845,""r"":7}",
        32,         9,         0,   0.333,correlated_pymatching,03dd2f6a0421220a87f1dc45c9803ec4898508fd69fe006e191935aa820b9880,"{""d"":7,""p"":0.1,""r"":7}","{""obs_mistake_mask=E"":9}"
       256,        28,         0,   0.413,correlated_pymatching,d1d80894df98a61ed33aca504bc42b868338fcea765089a400acba4dd4c369c2,"{""d"":7,""p"":0.004641588833612777,""r"":7}","{""obs_mistake_mask=E"":28}"
      2048,         0,         0,   0.494,correlated_pymatching,38d00c745a2d4a3a17c6dbc1bbe5617fb3b5e2aa1d862e832a2558b8e0215781,"{""d"":7,""p"":0.0001,""r"":7}",
        32,        13,         0,   0.351,correlated_pymatching,03dd2f6a0421220a87f1dc45c9803ec4898508fd69fe006e191935aa820b9880,"{""d"":7,""p"":0.1,""r"":7}","{""obs_mistake_mask=E"":13}"
      2048,         0,         0,   0.510,correlated_pymatching,526a9c53121d2590a78619e118eac90c4306ffdf6462386d67efd6891e283792,"{""d"":7,""p"":0.00046415888336127773,""r"":7}",
     37888,        27,         0,   0.790,correlated_pymatching,0008fdb23e82890800a1ea66e164e1f21e6bf67cd10199bfb5a0e7097a63b78a,"{""d"":3,""p"":0.00021544346900318845,""r"":3}","{""obs_mistake_mask=E"":27}"
         2,         0,         0,   0.203,correlated_pymatching,34734f877c4048906a7282d6aac755b3eddcd1da98427026ac56e106e56cff50,"{""d"":7,""p"":0.002154434690031882,""r"":7}",
         4,         0,         0,   0.204,correlated_pymatching,38d00c745a2d4a3a17c6dbc1bbe5617fb3b5e2aa1d862e832a2558b8e0215781,"{""d"":7,""p"":0.0001,""r"":7}",
         2,         0,         0,   0.194,correlated_pymatching,d1d80894df98a61ed33aca504bc42b868338fcea765089a400acba4dd4c369c2,"{""d"":7,""p"":0.004641588833612777,""r"":7}",
       128,        64,         0,   0.408,correlated_pymatching,93987be23167563c302db1eb9277a334620a58339c5dcc88038cbaaa3e49319e,"{""d"":7,""p"":0.01,""r"":7}","{""obs_mistake_mask=E"":64}"
       512,         1,         0,   0.368,correlated_pymatching,34734f877c4048906a7282d6aac755b3eddcd1da98427026ac56e106e56cff50,"{""d"":7,""p"":0.002154434690031882,""r"":7}","{""obs_mistake_mask=E"":1}"
         4,         0,         0,   0.212,correlated_pymatching,1af5a8d16dfe6abd574790e66dfc9331cc1a7511d9442ded56a0edf86c82b0da,"{""d"":7,""p"":0.00021544346900318845,""r"":7}",
        32,        13,         0,   0.342,correlated_pymatching,ce506fdd196abab16c37ff3bba50300bac294497f29df3b57091132f541a5074,"{""d"":7,""p"":0.021544346900318822,""r"":7}","{""obs_mistake_mask=E"":13}"
     25600,         7,         0,   0.832,correlated_pymatching,4e1d76e30d73905945fea823a79497226f2df99e76c94def17544c12713a19be,"{""d"":3,""p"":0.0001,""r"":3}","{""obs_mistake_mask=E"":7}"
      4096,         1,         0,   0.406,correlated_pymatching,39f9cb248ab10ec607b9ccaaf482514ae8e1581ef787a88a015fb5c26342afdd,"{""d"":5,""p"":0.00046415888336127773,""r"":5}","{""obs_mistake_mask=E"":1}"
         4,         0,         0,   0.233,correlated_pymatching,9f0d5c5ebeaacfa819af94ab1908d72ac2a5c6fa363048dff740a59665befc15,"{""d"":7,""p"":0.001,""r"":7}",
         4,         0,         0,   0.225,correlated_pymatching,526a9c53121d2590a78619e118eac90c4306ffdf6462386d67efd6891e283792,"{""d"":7,""p"":0.00046415888336127773,""r"":7}",
      4096,         8,         0,   0.475,correlated_pymatching,84e621b5815ca4064bfb13d53dc96865766c320a24ea47fc87382d2a7d5c7ff7,"{""d"":5,""p"":0.001,""r"":5}","{""obs_mistake_mask=E"":8}"
     37888,        11,         0,   0.792,correlated_pymatching,4e1d76e30d73905945fea823a79497226f2df99e76c94def17544c12713a19be,"{""d"":3,""p"":0.0001,""r"":3}","{""obs_mistake_mask=E"":11}"
        32,        18,         0,   0.324,correlated_pymatching,d3e30c5b0b2200726401824e77efbf50d245b14f269dc22b503fae9332def7e9,"{""d"":7,""p"":0.046415888336127774,""r"":7}","{""obs_mistake_mask=E"":18}"
        32,        19,         0,   0.352,correlated_pymatching,d3e30c5b0b2200726401824e77efbf50d245b14f269dc22b503fae9332def7e9,"{""d"":7,""p"":0.046415888336127774,""r"":7}","{""obs_mistake_mask=E"":19}"
         4,         0,         0,   0.233,correlated_pymatching,34734f877c4048906a7282d6aac755b3eddcd1da98427026ac56e106e56cff50,"{""d"":7,""p"":0.002154434690031882,""r"":7}",
         8,         0,         0,   0.240,correlated_pymatching,38d00c745a2d4a3a17c6dbc1bbe5617fb3b5e2aa1d862e832a2558b8e0215781,"{""d"":7,""p"":0.0001,""r"":7}",
         4,         2,         0,   0.236,correlated_pymatching,d1d80894df98a61ed33aca504bc42b868338fcea765089a400acba4dd4c369c2,"{""d"":7,""p"":0.004641588833612777,""r"":7}","{""obs_mistake_mask=E"":2}"
      3072,         0,         0,   0.467,correlated_pymatching,fe7c60f3112f5f756b2cb8715b3b780d1357bfbf47449ce6c94d04af6e77331b,"{""d"":5,""p"":0.0001,""r"":5}",
         8,         0,         0,   0.204,correlated_pymatching,1af5a8d16dfe6abd574790e66dfc9331cc1a7511d9442ded56a0edf86c82b0da,"{""d"":7,""p"":0.00021544346900318845,""r"":7}",
         8,         0,         0,   0.215,correlated_pymatching,9f0d5c5ebeaacfa819af94ab1908d72ac2a5c6fa363048dff740a59665befc15,"{""d"":7,""p"":0.001,""r"":7}",
        32,        16,         0,   0.332,correlated_pymatching,03dd2f6a0421220a87f1dc45c9803ec4898508fd69fe006e191935aa820b9880,"{""d"":7,""p"":0.1,""r"":7}","{""obs_mistake_mask=E"":16}"
       256,        35,         0,   0.340,correlated_pymatching,d1d80894df98a61ed33aca504bc42b868338fcea765089a400acba4dd4c369c2,"{""d"":7,""p"":0.004641588833612777,""r"":7}","{""obs_mistake_mask=E"":35}"
        32,         7,         0,   0.358,correlated_pymatching,03dd2f6a0421220a87f1dc45c9803ec4898508fd69fe006e191935aa820b9880,"{""d"":7,""p"":0.1,""r"":7}","{""obs_mistake_mask=E"":7}"
     36864,        30,         0,   0.808,correlated_pymatching,0008fdb23e82890800a1ea66e164e1f21e6bf67cd10199bfb5a0e7097a63b78a,"{""d"":3,""p"":0.00021544346900318845,""r"":3}","{""obs_mistake_mask=E"":30}"
         8,         0,         0,   0.235,correlated_pymatching,526a9c53121d2590a78619e118eac90c4306ffdf6462386d67efd6891e283792,"{""d"":7,""p"":0.00046415888336127773,""r"":7}",
         1,         0,         0,   0.251,correlated_pymatching,ce506fdd196abab16c37ff3bba50300bac294497f29df3b57091132f541a5074,"{""d"":7,""p"":0.021544346900318822,""r"":7}",
         1,         0,         0,   0.299,correlated_pymatching,93987be23167563c302db1eb9277a334620a58339c5dcc88038cbaaa3e49319e,"{""d"":7,""p"":0.01,""r"":7}",
      2048,         0,         0,   0.477,correlated_pymatching,38d00c745a2d4a3a17c6dbc1bbe5617fb3b5e2aa1d862e832a2558b8e0215781,"{""d"":7,""p"":0.0001,""r"":7}",
      7168,         0,         0,   0.657,correlated_pymatching,3f140357877ec0bc3d7ae36f067429667d7b4a327fabd9d8f83480f2415abd3d,"{""d"":5,""p"":0.00021544346900318845,""r"":5}",
         8,         1,         0,   0.219,correlated_pymatching,34734f877c4048906a7282d6aac755b3eddcd1da98427026ac56e106e56cff50,"{""d"":7,""p"":0.002154434690031882,""r"":7}","{""obs_mistake_mask=E"":1}"
        16,         0,         0,   0.204,correlated_pymatching,38d00c745a2d4a3a17c6dbc1bbe5617fb3b5e2aa1d862e832a2558b8e0215781,"{""d"":7,""p"":0.0001,""r"":7}",
        16,         0,         0,   0.200,correlated_pymatching,1af5a8d16dfe6abd574790e66dfc9331cc1a7511d9442ded56a0edf86c82b0da,"{""d"":7,""p"":0.00021544346900318845,""r"":7}",
         8,         0,         0,   0.228,correlated_pymatching,d1d80894df98a61ed33aca504bc42b868338fcea765089a400acba4dd4c369c2,"{""d"":7,""p"":0.004641588833612777,""r"":7}",
      2048,         0,         0,   0.564,correlated_pymatching,1af5a8d16dfe6abd574790e66dfc9331cc1a7511d9442ded56a0edf86c82b0da,"{""d"":7,""p"":0.00021544346900318845,""r"":7}",
        16,         0,         0,   0.207,correlated_pymatching,9f0d5c5ebeaacfa819af94ab1908d72ac2a5c6fa363048dff740a59665befc15,"{""d"":7,""p"":0.001,""r"":7}",
       128,        70,         0,   0.480,correlated_pymatching,93987be23167563c302db1eb9277a334620a58339c5dcc88038cbaaa3e49319e,"{""d"":7,""p"":0.01,""r"":7}","{""obs_mistake_mask=E"":70}"
      2048,         0,         0,   0.540,correlated_pymatching,526a9c53121d2590a78619e118eac90c4306ffdf6462386d67efd6891e283792,"{""d"":7,""p"":0.00046415888336127773,""r"":7}",
        32,        16,         0,   0.343,correlated_pymatching,d3e30c5b0b2200726401824e77efbf50d245b14f269dc22b503fae9332def7e9,"{""d"":7,""p"":0.046415888336127774,""r"":7}","{""obs_mistake_mask=E"":16}"
        16,         0,         0,   0.216,correlated_pymatching,526a9c53121d2590a78619e118eac90c4306ffdf6462386d67efd6891e283792,"{""d"":7,""p"":0.00046415888336127773,""r"":7}",
         2,         1,         0,   0.221,correlated_pymatching,ce506fdd196abab16c37ff3bba50300bac294497f29df3b57091132f541a5074,"{""d"":7,""p"":0.021544346900318822,""r"":7}","{""obs_mistake_mask=E"":1}"
         2,         0,         0,   0.219,correlated_pymatching,93987be23167563c302db1eb9277a334620a58339c5dcc88038cbaaa3e49319e,"{""d"":7,""p"":0.01,""r"":7}",
        32,        12,         0,   0.331,correlated_pymatching,d3e30c5b0b2200726401824e77efbf50d245b14f269dc22b503fae9332def7e9,"{""d"":7,""p"":0.046415888336127774,""r"":7}","{""obs_mistake_mask=E"":12}"
      2048,         1,         0,   0.684,correlated_pymatching,9f0d5c5ebeaacfa819af94ab1908d72ac2a5c6fa363048dff740a59665befc15,"{""d"":7,""p"":0.001,""r"":7}","{""obs_mistake_mask=E"":1}"
      9216,         0,         0,   0.815,correlated_pymatching,fe7c60f3112f5f756b2cb8715b3b780d1357bfbf47449ce6c94d04af6e77331b,"{""d"":5,""p"":0.0001,""r"":5}",
        32,        14,         0,   0.348,correlated_pymatching,03dd2f6a0421220a87f1dc45c9803ec4898508fd69fe006e191935aa820b9880,"{""d"":7,""p"":0.1,""r"":7}","{""obs_mistake_mask=E"":14}"
        32,        16,         0,   0.352,correlated_pymatching,03dd2f6a0421220a87f1dc45c9803ec4898508fd69fe006e191935aa820b9880,"{""d"":7,""p"":0.1,""r"":7}","{""obs_mistake_mask=E"":16}"
      6144,         1,         0,   0.569,correlated_pymatching,39f9cb248ab10ec607b9ccaaf482514ae8e1581ef787a88a015fb5c26342afdd,"{""d"":5,""p"":0.00046415888336127773,""r"":5}","{""obs_mistake_mask=E"":1}"
        16,         0,         0,   0.204,correlated_pymatching,34734f877c4048906a7282d6aac755b3eddcd1da98427026ac56e106e56cff50,"{""d"":7,""p"":0.002154434690031882,""r"":7}",
      8192,         3,         0,   0.826,correlated_pymatching,39f9cb248ab10ec607b9ccaaf482514ae8e1581ef787a88a015fb5c26342afdd,"{""d"":5,""p"":0.00046415888336127773,""r"":5}","{""obs_mistake_mask=E"":3}"
        32,         0,         0,   0.212,correlated_pymatching,38d00c745a2d4a3a17c6dbc1bbe5617fb3b5e2aa1d862e832a2558b8e0215781,"{""d"":7,""p"":0.0001,""r"":7}",
        32,         0,         0,   0.212,correlated_pymatching,1af5a8d16dfe6abd574790e66dfc9331cc1a7511d9442ded56a0edf86c82b0da,"{""d"":7,""p"":0.00021544346900318845,""r"":7}",
        96,        45,         0,   0.623,correlated_pymatching,ce506fdd196abab16c37ff3bba50300bac294497f29df3b57091132f541a5074,"{""d"":7,""p"":0.021544346900318822,""r"":7}","{""obs_mistake_mask=E"":45}"
      8192,         0,         0,   0.800,correlated_pymatching,3f140357877ec0bc3d7ae36f067429667d7b4a327fabd9d8f83480f2415abd3d,"{""d"":5,""p"":0.00021544346900318845,""r"":5}",
        16,         1,         0,   0.216,correlated_pymatching,d1d80894df98a61ed33aca504bc42b868338fcea765089a400acba4dd4c369c2,"{""d"":7,""p"":0.004641588833612777,""r"":7}","{""obs_mistake_mask=E"":1}"
      7168,        12,         0,   0.873,correlated_pymatching,84e621b5815ca4064bfb13d53dc96865766c320a24ea47fc87382d2a7d5c7ff7,"{""d"":5,""p"":0.001,""r"":5}","{""obs_mistake_mask=E"":12}"
        32,         0,         0,   0.209,correlated_pymatching,9f0d5c5ebeaacfa819af94ab1908d72ac2a5c6fa363048dff740a59665befc15,"{""d"":7,""p"":0.001,""r"":7}",
      5120,        11,         0,   0.606,correlated_pymatching,84e621b5815ca4064bfb13d53dc96865766c320a24ea47fc87382d2a7d5c7ff7,"{""d"":5,""p"":0.001,""r"":5}","{""obs_mistake_mask=E"":11}"
        32,         0,         0,   0.212,correlated_pymatching,526a9c53121d2590a78619e118eac90c4306ffdf6462386d67efd6891e283792,"{""d"":7,""p"":0.00046415888336127773,""r"":7}",
         4,         3,         0,   0.208,correlated_pymatching,ce506fdd196abab16c37ff3bba50300bac294497f29df3b57091132f541a5074,"{""d"":7,""p"":0.021544346900318822,""r"":7}","{""obs_mistake_mask=E"":3}"
      1024,         8,         0,   0.699,correlated_pymatching,34734f877c4048906a7282d6aac755b3eddcd1da98427026ac56e106e56cff50,"{""d"":7,""p"":0.002154434690031882,""r"":7}","{""obs_mistake_mask=E"":8}"
         4,         1,         0,   0.207,correlated_pymatching,93987be23167563c302db1eb9277a334620a58339c5dcc88038cbaaa3e49319e,"{""d"":7,""p"":0.01,""r"":7}","{""obs_mistake_mask=E"":1}"
      4096,         0,         0,   0.583,correlated_pymatching,fe7c60f3112f5f756b2cb8715b3b780d1357bfbf47449ce6c94d04af6e77331b,"{""d"":5,""p"":0.0001,""r"":5}",
        32,         0,         0,   0.212,correlated_pymatching,34734f877c4048906a7282d6aac755b3eddcd1da98427026ac56e106e56cff50,"{""d"":7,""p"":0.002154434690031882,""r"":7}",
        64,         0,         0,   0.203,correlated_pymatching,38d00c745a2d4a3a17c6dbc1bbe5617fb3b5e2aa1d862e832a2558b8e0215781,"{""d"":7,""p"":0.0001,""r"":7}",
        64,         0,         0,   0.215,correlated_pymatching,1af5a8d16dfe6abd574790e66dfc9331cc1a7511d9442ded56a0edf86c82b0da,"{""d"":7,""p"":0.00021544346900318845,""r"":7}",
       128,        62,         0,   0.416,correlated_pymatching,93987be23167563c302db1eb9277a334620a58339c5dcc88038cbaaa3e49319e,"{""d"":7,""p"":0.01,""r"":7}","{""obs_mistake_mask=E"":62}"
        64,         0,         0,   0.216,correlated_pymatching,9f0d5c5ebeaacfa819af94ab1908d72ac2a5c6fa363048dff740a59665befc15,"{""d"":7,""p"":0.001,""r"":7}",
        32,         8,         0,   0.228,correlated_pymatching,d1d80894df98a61ed33aca504bc42b868338fcea765089a400acba4dd4c369c2,"{""d"":7,""p"":0.004641588833612777,""r"":7}","{""obs_mistake_mask=E"":8}"
        64,         0,         0,   0.216,correlated_pymatching,526a9c53121d2590a78619e118eac90c4306ffdf6462386d67efd6891e283792,"{""d"":7,""p"":0.00046415888336127773,""r"":7}",
         8,         5,         0,   0.224,correlated_pymatching,93987be23167563c302db1eb9277a334620a58339c5dcc88038cbaaa3e49319e,"{""d"":7,""p"":0.01,""r"":7}","{""obs_mistake_mask=E"":5}"
         8,         4,         0,   0.236,correlated_pymatching,ce506fdd196abab16c37ff3bba50300bac294497f29df3b57091132f541a5074,"{""d"":7,""p"":0.021544346900318822,""r"":7}","{""obs_mistake_mask=E"":4}"
       512,        74,         0,   0.726,correlated_pymatching,d1d80894df98a61ed33aca504bc42b868338fcea765089a400acba4dd4c369c2,"{""d"":7,""p"":0.004641588833612777,""r"":7}","{""obs_mistake_mask=E"":74}"
        64,         0,         0,   0.220,correlated_pymatching,34734f877c4048906a7282d6aac755b3eddcd1da98427026ac56e106e56cff50,"{""d"":7,""p"":0.002154434690031882,""r"":7}",
       128,         0,         0,   0.221,correlated_pymatching,38d00c745a2d4a3a17c6dbc1bbe5617fb3b5e2aa1d862e832a2558b8e0215781,"{""d"":7,""p"":0.0001,""r"":7}",
       128,         0,         0,   0.210,correlated_pymatching,1af5a8d16dfe6abd574790e66dfc9331cc1a7511d9442ded56a0edf86c82b0da,"{""d"":7,""p"":0.00021544346900318845,""r"":7}",
      3072,         0,         0,   0.669,correlated_pymatching,38d00c745a2d4a3a17c6dbc1bbe5617fb3b5e2aa1d862e832a2558b8e0215781,"{""d"":7,""p"":0.0001,""r"":7}",
     52224,        43,         0,    1.11,correlated_pymatching,0008fdb23e82890800a1ea66e164e1f21e6bf67cd10199bfb5a0e7097a63b78a,"{""d"":3,""p"":0.00021544346900318845,""r"":3}","{""obs_mistake_mask=E"":43}"
       128,         0,         0,   0.222,correlated_pymatching,9f0d5c5ebeaacfa819af94ab1908d72ac2a5c6fa363048dff740a59665befc15,"{""d"":7,""p"":0.001,""r"":7}",
       128,         0,         0,   0.216,correlated_pymatching,526a9c53121d2590a78619e118eac90c4306ffdf6462386d67efd6891e283792,"{""d"":7,""p"":0.00046415888336127773,""r"":7}",
        64,         8,         0,   0.248,correlated_pymatching,d1d80894df98a61ed33aca504bc42b868338fcea765089a400acba4dd4c369c2,"{""d"":7,""p"":0.004641588833612777,""r"":7}","{""obs_mistake_mask=E"":8}"
      3072,         0,         0,   0.696,correlated_pymatching,1af5a8d16dfe6abd574790e66dfc9331cc1a7511d9442ded56a0edf86c82b0da,"{""d"":7,""p"":0.00021544346900318845,""r"":7}",
      2048,         0,         0,   0.624,correlated_pymatching,9f0d5c5ebeaacfa819af94ab1908d72ac2a5c6fa363048dff740a59665befc15,"{""d"":7,""p"":0.001,""r"":7}",
        64,        30,         0,   0.673,correlated_pymatching,d3e30c5b0b2200726401824e77efbf50d245b14f269dc22b503fae9332def7e9,"{""d"":7,""p"":0.046415888336127774,""r"":7}","{""obs_mistake_mask=E"":30}"
     34816,         5,         0,    1.13,correlated_pymatching,4e1d76e30d73905945fea823a79497226f2df99e76c94def17544c12713a19be,"{""d"":3,""p"":0.0001,""r"":3}","{""obs_mistake_mask=E"":5}"
        16,         9,         0,   0.228,correlated_pymatching,93987be23167563c302db1eb9277a334620a58339c5dcc88038cbaaa3e49319e,"{""d"":7,""p"":0.01,""r"":7}","{""obs_mistake_mask=E"":9}"
        64,        32,         0,   0.660,correlated_pymatching,d3e30c5b0b2200726401824e77efbf50d245b14f269dc22b503fae9332def7e9,"{""d"":7,""p"":0.046415888336127774,""r"":7}","{""obs_mistake_mask=E"":32}"
        16,         9,         0,   0.256,correlated_pymatching,ce506fdd196abab16c37ff3bba50300bac294497f29df3b57091132f541a5074,"{""d"":7,""p"":0.021544346900318822,""r"":7}","{""obs_mistake_mask=E"":9}"
      9216,         0,         0,   0.804,correlated_pymatching,3f140357877ec0bc3d7ae36f067429667d7b4a327fabd9d8f83480f2415abd3d,"{""d"":5,""p"":0.00021544346900318845,""r"":5}",
     55296,        10,         0,    1.11,correlated_pymatching,4e1d76e30d73905945fea823a79497226f2df99e76c94def17544c12713a19be,"{""d"":3,""p"":0.0001,""r"":3}","{""obs_mistake_mask=E"":10}"
      3072,         0,         0,   0.773,correlated_pymatching,526a9c53121d2590a78619e118eac90c4306ffdf6462386d67efd6891e283792,"{""d"":7,""p"":0.00046415888336127773,""r"":7}",
       256,         0,         0,   0.216,correlated_pymatching,38d00c745a2d4a3a17c6dbc1bbe5617fb3b5e2aa1d862e832a2558b8e0215781,"{""d"":7,""p"":0.0001,""r"":7}",
       256,         0,         0,   0.217,correlated_pymatching,1af5a8d16dfe6abd574790e66dfc9331cc1a7511d9442ded56a0edf86c82b0da,"{""d"":7,""p"":0.00021544346900318845,""r"":7}",
        64,        28,         0,   0.683,correlated_pymatching,03dd2f6a0421220a87f1dc45c9803ec4898508fd69fe006e191935aa820b9880,"{""d"":7,""p"":0.1,""r"":7}","{""obs_mistake_mask=E"":28}"
       128,         1,         0,   0.242,correlated_pymatching,34734f877c4048906a7282d6aac755b3eddcd1da98427026ac56e106e56cff50,"{""d"":7,""p"":0.002154434690031882,""r"":7}","{""obs_mistake_mask=E"":1}"
        64,        30,         0,   0.696,correlated_pymatching,03dd2f6a0421220a87f1dc45c9803ec4898508fd69fe006e191935aa820b9880,"{""d"":7,""p"":0.1,""r"":7}","{""obs_mistake_mask=E"":30}"
       256,         0,         0,   0.241,correlated_pymatching,9f0d5c5ebeaacfa819af94ab1908d72ac2a5c6fa363048dff740a59665befc15,"{""d"":7,""p"":0.001,""r"":7}",
       256,         0,         0,   0.220,correlated_pymatching,526a9c53121d2590a78619e118eac90c4306ffdf6462386d67efd6891e283792,"{""d"":7,""p"":0.00046415888336127773,""r"":7}",
      1024,        13,         0,   0.649,correlated_pymatching,34734f877c4048906a7282d6aac755b3eddcd1da98427026ac56e106e56cff50,"{""d"":7,""p"":0.002154434690031882,""r"":7}","{""obs_mistake_mask=E"":13}"
     57344,        40,         0,    1.11,correlated_pymatching,0008fdb23e82890800a1ea66e164e1f21e6bf67cd10199bfb5a0e7097a63b78a,"{""d"":3,""p"":0.00021544346900318845,""r"":3}","{""obs_mistake_mask=E"":40}"
        32,        14,         0,   0.256,correlated_pymatching,93987be23167563c302db1eb9277a334620a58339c5dcc88038cbaaa3e49319e,"{""d"":7,""p"":0.01,""r"":7}","{""obs_mistake_mask=E"":14}"
       128,        18,         0,   0.292,correlated_pymatching,d1d80894df98a61ed33aca504bc42b868338fcea765089a400acba4dd4c369c2,"{""d"":7,""p"":0.004641588833612777,""r"":7}","{""obs_mistake_mask=E"":18}"
       128,        72,         0,   0.786,correlated_pymatching,ce506fdd196abab16c37ff3bba50300bac294497f29df3b57091132f541a5074,"{""d"":7,""p"":0.021544346900318822,""r"":7}","{""obs_mistake_mask=E"":72}"
      9216,         2,         0,   0.863,correlated_pymatching,39f9cb248ab10ec607b9ccaaf482514ae8e1581ef787a88a015fb5c26342afdd,"{""d"":5,""p"":0.00046415888336127773,""r"":5}","{""obs_mistake_mask=E"":2}"
       512,         0,         0,   0.216,correlated_pymatching,38d00c745a2d4a3a17c6dbc1bbe5617fb3b5e2aa1d862e832a2558b8e0215781,"{""d"":7,""p"":0.0001,""r"":7}",
        32,        17,         0,   0.300,correlated_pymatching,ce506fdd196abab16c37ff3bba50300bac294497f29df3b57091132f541a5074,"{""d"":7,""p"":0.021544346900318822,""r"":7}","{""obs_mistake_mask=E"":17}"
       512,         0,         0,   0.232,correlated_pymatching,1af5a8d16dfe6abd574790e66dfc9331cc1a7511d9442ded56a0edf86c82b0da,"{""d"":7,""p"":0.00021544346900318845,""r"":7}",
       256,         4,         0,   0.274,correlated_pymatching,34734f877c4048906a7282d6aac755b3eddcd1da98427026ac56e106e56cff50,"{""d"":7,""p"":0.002154434690031882,""r"":7}","{""obs_mistake_mask=E"":4}"
      8192,        15,         0,   0.904,correlated_pymatching,84e621b5815ca4064bfb13d53dc96865766c320a24ea47fc87382d2a7d5c7ff7,"{""d"":5,""p"":0.001,""r"":5}","{""obs_mistake_mask=E"":15}"
       512,         0,         0,   0.240,correlated_pymatching,526a9c53121d2590a78619e118eac90c4306ffdf6462386d67efd6891e283792,"{""d"":7,""p"":0.00046415888336127773,""r"":7}",
       512,         0,         0,   0.262,correlated_pymatching,9f0d5c5ebeaacfa819af94ab1908d72ac2a5c6fa363048dff740a59665befc15,"{""d"":7,""p"":0.001,""r"":7}",
      6144,         0,         0,   0.863,correlated_pymatching,fe7c60f3112f5f756b2cb8715b3b780d1357bfbf47449ce6c94d04af6e77331b,"{""d"":5,""p"":0.0001,""r"":5}",
       256,       131,         0,   0.826,correlated_pymatching,93987be23167563c302db1eb9277a334620a58339c5dcc88038cbaaa3e49319e,"{""d"":7,""p"":0.01,""r"":7}","{""obs_mistake_mask=E"":131}"
       512,        74,         0,   0.736,correlated_pymatching,d1d80894df98a61ed33aca504bc42b868338fcea765089a400acba4dd4c369c2,"{""d"":7,""p"":0.004641588833612777,""r"":7}","{""obs_mistake_mask=E"":74}"
        64,        26,         0,   0.312,correlated_pymatching,93987be23167563c302db1eb9277a334620a58339c5dcc88038cbaaa3e49319e,"{""d"":7,""p"":0.01,""r"":7}","{""obs_mistake_mask=E"":26}"
     14336,         0,         0,    1.19,correlated_pymatching,fe7c60f3112f5f756b2cb8715b3b780d1357bfbf47449ce6c94d04af6e77331b,"{""d"":5,""p"":0.0001,""r"":5}",
     12288,         2,         0,    1.15,correlated_pymatching,39f9cb248ab10ec607b9ccaaf482514ae8e1581ef787a88a015fb5c26342afdd,"{""d"":5,""p"":0.00046415888336127773,""r"":5}","{""obs_mistake_mask=E"":2}"
         1,         0,         0,   0.017,correlated_pymatching,4e1d76e30d73905945fea823a79497226f2df99e76c94def17544c12713a19be,"{""d"":3,""p"":0.0001,""r"":3}",
         1,         0,         0,   0.018,correlated_pymatching,0008fdb23e82890800a1ea66e164e1f21e6bf67cd10199bfb5a0e7097a63b78a,"{""d"":3,""p"":0.00021544346900318845,""r"":3}",
     13312,         1,         0,    1.15,correlated_pymatching,3f140357877ec0bc3d7ae36f067429667d7b4a327fabd9d8f83480f2415abd3d,"{""d"":5,""p"":0.00021544346900318845,""r"":5}","{""obs_mistake_mask=E"":1}"
       256,        39,         0,   0.375,correlated_pymatching,d1d80894df98a61ed33aca504bc42b868338fcea765089a400acba4dd4c369c2,"{""d"":7,""p"":0.004641588833612777,""r"":7}","{""obs_mistake_mask=E"":39}"
     10240,        30,         0,    1.14,correlated_pymatching,84e621b5815ca4064bfb13d53dc96865766c320a24ea47fc87382d2a7d5c7ff7,"{""d"":5,""p"":0.001,""r"":5}","{""obs_mistake_mask=E"":30}"
        16,         0,         0,   0.015,correlated_pymatching,0008fdb23e82890800a1ea66e164e1f21e6bf67cd10199bfb5a0e7097a63b78a,"{""d"":3,""p"":0.00021544346900318845,""r"":3}",
        64,        35,         0,   0.658,correlated_pymatching,d3e30c5b0b2200726401824e77efbf50d245b14f269dc22b503fae9332def7e9,"{""d"":7,""p"":0.046415888336127774,""r"":7}","{""obs_mistake_mask=E"":35}"
        16,         0,         0,   0.024,correlated_pymatching,4e1d76e30d73905945fea823a79497226f2df99e76c94def17544c12713a19be,"{""d"":3,""p"":0.0001,""r"":3}",
        64,        28,         0,   0.672,correlated_pymatching,d3e30c5b0b2200726401824e77efbf50d245b14f269dc22b503fae9332def7e9,"{""d"":7,""p"":0.046415888336127774,""r"":7}","{""obs_mistake_mask=E"":28}"
      1280,         0,         0,   0.055,correlated_pymatching,4e1d76e30d73905945fea823a79497226f2df99e76c94def17544c12713a19be,"{""d"":3,""p"":0.0001,""r"":3}",
      1280,         0,         0,   0.062,correlated_pymatching,0008fdb23e82890800a1ea66e164e1f21e6bf67cd10199bfb5a0e7097a63b78a,"{""d"":3,""p"":0.00021544346900318845,""r"":3}",
       512,         5,         0,   0.334,correlated_pymatching,34734f877c4048906a7282d6aac755b3eddcd1da98427026ac56e106e56cff50,"{""d"":7,""p"":0.002154434690031882,""r"":7}","{""obs_mistake_mask=E"":5}"
        64,        33,         0,   0.415,correlated_pymatching,ce506fdd196abab16c37ff3bba50300bac294497f29df3b57091132f541a5074,"{""d"":7,""p"":0.021544346900318822,""r"":7}","{""obs_mistake_mask=E"":33}"
      2048,         0,         0,   0.040,correlated_pymatching,4e1d76e30d73905945fea823a79497226f2df99e76c94def17544c12713a19be,"{""d"":3,""p"":0.0001,""r"":3}",
      2048,         5,         0,   0.040,correlated_pymatching,0008fdb23e82890800a1ea66e164e1f21e6bf67cd10199bfb5a0e7097a63b78a,"{""d"":3,""p"":0.00021544346900318845,""r"":3}","{""obs_mistake_mask=E"":5}"
      1024,         1,         0,   0.320,correlated_pymatching,9f0d5c5ebeaacfa819af94ab1908d72ac2a5c6fa363048dff740a59665befc15,"{""d"":7,""p"":0.001,""r"":7}","{""obs_mistake_mask=E"":1}"
      2048,         0,         0,   0.484,correlated_pymatching,38d00c745a2d4a3a17c6dbc1bbe5617fb3b5e2aa1d862e832a2558b8e0215781,"{""d"":7,""p"":0.0001,""r"":7}",
      3072,         1,         0,   0.057,correlated_pymatching,4e1d76e30d73905945fea823a79497226f2df99e76c94def17544c12713a19be,"{""d"":3,""p"":0.0001,""r"":3}","{""obs_mistake_mask=E"":1}"
        64,        34,         0,   0.686,correlated_pymatching,03dd2f6a0421220a87f1dc45c9803ec4898508fd69fe006e191935aa820b9880,"{""d"":7,""p"":0.1,""r"":7}","{""obs_mistake_mask=E"":34}"
      3072,         4,         0,   0.060,correlated_pymatching,0008fdb23e82890800a1ea66e164e1f21e6bf67cd10199bfb5a0e7097a63b78a,"{""d"":3,""p"":0.00021544346900318845,""r"":3}","{""obs_mistake_mask=E"":4}"
      4096,         0,         0,   0.924,correlated_pymatching,38d00c745a2d4a3a17c6dbc1bbe5617fb3b5e2aa1d862e832a2558b8e0215781,"{""d"":7,""p"":0.0001,""r"":7}",
        64,        40,         0,   0.696,correlated_pymatching,03dd2f6a0421220a87f1dc45c9803ec4898508fd69fe006e191935aa820b9880,"{""d"":7,""p"":0.1,""r"":7}","{""obs_mistake_mask=E"":40}"
      2048,         0,         0,   0.492,correlated_pymatching,1af5a8d16dfe6abd574790e66dfc9331cc1a7511d9442ded56a0edf86c82b0da,"{""d"":7,""p"":0.00021544346900318845,""r"":7}",
      3072,         2,         0,   0.055,correlated_pymatching,0008fdb23e82890800a1ea66e164e1f21e6bf67cd10199bfb5a0e7097a63b78a,"{""d"":3,""p"":0.00021544346900318845,""r"":3}","{""obs_mistake_mask=E"":2}"
      4096,         1,         0,   0.075,correlated_pymatching,4e1d76e30d73905945fea823a79497226f2df99e76c94def17544c12713a19be,"{""d"":3,""p"":0.0001,""r"":3}","{""obs_mistake_mask=E"":1}"
      3072,         0,         0,   0.900,correlated_pymatching,9f0d5c5ebeaacfa819af94ab1908d72ac2a5c6fa363048dff740a59665befc15,"{""d"":7,""p"":0.001,""r"":7}",
      4096,         0,         0,   0.961,correlated_pymatching,1af5a8d16dfe6abd574790e66dfc9331cc1a7511d9442ded56a0edf86c82b0da,"{""d"":7,""p"":0.00021544346900318845,""r"":7}",
      4096,         4,         0,   0.080,correlated_pymatching,0008fdb23e82890800a1ea66e164e1f21e6bf67cd10199bfb5a0e7097a63b78a,"{""d"":3,""p"":0.00021544346900318845,""r"":3}","{""obs_mistake_mask=E"":4}"
      4096,         1,         0,   0.079,correlated_pymatching,4e1d76e30d73905945fea823a79497226f2df99e76c94def17544c12713a19be,"{""d"":3,""p"":0.0001,""r"":3}","{""obs_mistake_mask=E"":1}"
      2048,         0,         0,   0.580,correlated_pymatching,526a9c53121d2590a78619e118eac90c4306ffdf6462386d67efd6891e283792,"{""d"":7,""p"":0.00046415888336127773,""r"":7}",
       256,        38,         0,   0.381,correlated_pymatching,d1d80894df98a61ed33aca504bc42b868338fcea765089a400acba4dd4c369c2,"{""d"":7,""p"":0.004641588833612777,""r"":7}","{""obs_mistake_mask=E"":38}"
       128,        54,         0,   0.767,correlated_pymatching,ce506fdd196abab16c37ff3bba50300bac294497f29df3b57091132f541a5074,"{""d"":7,""p"":0.021544346900318822,""r"":7}","{""obs_mistake_mask=E"":54}"
      6144,         6,         0,   0.119,correlated_pymatching,0008fdb23e82890800a1ea66e164e1f21e6bf67cd10199bfb5a0e7097a63b78a,"{""d"":3,""p"":0.00021544346900318845,""r"":3}","{""obs_mistake_mask=E"":6}"
       512,         0,         0,   0.338,correlated_pymatching,34734f877c4048906a7282d6aac755b3eddcd1da98427026ac56e106e56cff50,"{""d"":7,""p"":0.002154434690031882,""r"":7}",
      6144,         1,         0,   0.111,correlated_pymatching,4e1d76e30d73905945fea823a79497226f2df99e76c94def17544c12713a19be,"{""d"":3,""p"":0.0001,""r"":3}","{""obs_mistake_mask=E"":1}"
      4096,         0,         0,    1.04,correlated_pymatching,526a9c53121d2590a78619e118eac90c4306ffdf6462386d67efd6891e283792,"{""d"":7,""p"":0.00046415888336127773,""r"":7}",
      1536,        20,         0,   0.957,correlated_pymatching,34734f877c4048906a7282d6aac755b3eddcd1da98427026ac56e106e56cff50,"{""d"":7,""p"":0.002154434690031882,""r"":7}","{""obs_mistake_mask=E"":20}"
        64,        34,         0,   0.408,correlated_pymatching,ce506fdd196abab16c37ff3bba50300bac294497f29df3b57091132f541a5074,"{""d"":7,""p"":0.021544346900318822,""r"":7}","{""obs_mistake_mask=E"":34}"
     13312,         0,         0,    1.18,correlated_pymatching,3f140357877ec0bc3d7ae36f067429667d7b4a327fabd9d8f83480f2415abd3d,"{""d"":5,""p"":0.00021544346900318845,""r"":5}",
      7168,         1,         0,   0.151,correlated_pymatching,4e1d76e30d73905945fea823a79497226f2df99e76c94def17544c12713a19be,"{""d"":3,""p"":0.0001,""r"":3}","{""obs_mistake_mask=E"":1}"
      8192,         8,         0,   0.167,correlated_pymatching,0008fdb23e82890800a1ea66e164e1f21e6bf67cd10199bfb5a0e7097a63b78a,"{""d"":3,""p"":0.00021544346900318845,""r"":3}","{""obs_mistake_mask=E"":8}"
      2048,         0,         0,   0.452,correlated_pymatching,38d00c745a2d4a3a17c6dbc1bbe5617fb3b5e2aa1d862e832a2558b8e0215781,"{""d"":7,""p"":0.0001,""r"":7}",
       512,        53,         0,   0.731,correlated_pymatching,d1d80894df98a61ed33aca504bc42b868338fcea765089a400acba4dd4c369c2,"{""d"":7,""p"":0.004641588833612777,""r"":7}","{""obs_mistake_mask=E"":53}"
      2048,         0,         0,   0.491,correlated_pymatching,1af5a8d16dfe6abd574790e66dfc9331cc1a7511d9442ded56a0edf86c82b0da,"{""d"":7,""p"":0.00021544346900318845,""r"":7}",
       256,        50,         0,   0.384,correlated_pymatching,d1d80894df98a61ed33aca504bc42b868338fcea765089a400acba4dd4c369c2,"{""d"":7,""p"":0.004641588833612777,""r"":7}","{""obs_mistake_mask=E"":50}"
      2048,         0,         0,   0.650,correlated_pymatching,9f0d5c5ebeaacfa819af94ab1908d72ac2a5c6fa363048dff740a59665befc15,"{""d"":7,""p"":0.001,""r"":7}",
     11264,        10,         0,   0.218,correlated_pymatching,0008fdb23e82890800a1ea66e164e1f21e6bf67cd10199bfb5a0e7097a63b78a,"{""d"":3,""p"":0.00021544346900318845,""r"":3}","{""obs_mistake_mask=E"":10}"
     12288,         2,         0,   0.226,correlated_pymatching,4e1d76e30d73905945fea823a79497226f2df99e76c94def17544c12713a19be,"{""d"":3,""p"":0.0001,""r"":3}","{""obs_mistake_mask=E"":2}"
     76800,        49,         0,    1.55,correlated_pymatching,0008fdb23e82890800a1ea66e164e1f21e6bf67cd10199bfb5a0e7097a63b78a,"{""d"":3,""p"":0.00021544346900318845,""r"":3}","{""obs_mistake_mask=E"":49}"
     12288,         2,         0,    1.21,correlated_pymatching,39f9cb248ab10ec607b9ccaaf482514ae8e1581ef787a88a015fb5c26342afdd,"{""d"":5,""p"":0.00046415888336127773,""r"":5}","{""obs_mistake_mask=E"":2}"
     10240,        13,         0,    1.11,correlated_pymatching,84e621b5815ca4064bfb13d53dc96865766c320a24ea47fc87382d2a7d5c7ff7,"{""d"":5,""p"":0.001,""r"":5}","{""obs_mistake_mask=E"":13}"
     49152,         6,         0,    1.56,correlated_pymatching,4e1d76e30d73905945fea823a79497226f2df99e76c94def17544c12713a19be,"{""d"":3,""p"":0.0001,""r"":3}","{""obs_mistake_mask=E"":6}"
      2048,         0,         0,   0.572,correlated_pymatching,526a9c53121d2590a78619e118eac90c4306ffdf6462386d67efd6891e283792,"{""d"":7,""p"":0.00046415888336127773,""r"":7}",
        64,        29,         0,   0.424,correlated_pymatching,ce506fdd196abab16c37ff3bba50300bac294497f29df3b57091132f541a5074,"{""d"":7,""p"":0.021544346900318822,""r"":7}","{""obs_mistake_mask=E"":29}"
     78848,        15,         0,    1.55,correlated_pymatching,4e1d76e30d73905945fea823a79497226f2df99e76c94def17544c12713a19be,"{""d"":3,""p"":0.0001,""r"":3}","{""obs_mistake_mask=E"":15}"
         1,         0,         0,   0.100,correlated_pymatching,3f140357877ec0bc3d7ae36f067429667d7b4a327fabd9d8f83480f2415abd3d,"{""d"":5,""p"":0.00021544346900318845,""r"":5}",
        96,        43,         0,   0.989,correlated_pymatching,d3e30c5b0b2200726401824e77efbf50d245b14f269dc22b503fae9332def7e9,"{""d"":7,""p"":0.046415888336127774,""r"":7}","{""obs_mistake_mask=E"":43}"
         1,         0,         0,   0.109,correlated_pymatching,fe7c60f3112f5f756b2cb8715b3b780d1357bfbf47449ce6c94d04af6e77331b,"{""d"":5,""p"":0.0001,""r"":5}",
         4,         0,         0,   0.074,correlated_pymatching,3f140357877ec0bc3d7ae36f067429667d7b4a327fabd9d8f83480f2415abd3d,"{""d"":5,""p"":0.00021544346900318845,""r"":5}",
         4,         0,         0,   0.072,correlated_pymatching,fe7c60f3112f5f756b2cb8715b3b780d1357bfbf47449ce6c94d04af6e77331b,"{""d"":5,""p"":0.0001,""r"":5}",
      9216,         0,         0,    1.22,correlated_pymatching,fe7c60f3112f5f756b2cb8715b3b780d1357bfbf47449ce6c94d04af6e77331b,"{""d"":5,""p"":0.0001,""r"":5}",
     15360,        11,         0,   0.298,correlated_pymatching,0008fdb23e82890800a1ea66e164e1f21e6bf67cd10199bfb5a0e7097a63b78a,"{""d"":3,""p"":0.00021544346900318845,""r"":3}","{""obs_mistake_mask=E"":11}"
      1024,         5,         0,   0.692,correlated_pymatching,34734f877c4048906a7282d6aac755b3eddcd1da98427026ac56e106e56cff50,"{""d"":7,""p"":0.002154434690031882,""r"":7}","{""obs_mistake_mask=E"":5}"
     15360,         3,         0,   0.310,correlated_pymatching,4e1d76e30d73905945fea823a79497226f2df99e76c94def17544c12713a19be,"{""d"":3,""p"":0.0001,""r"":3}","{""obs_mistake_mask=E"":3}"
     78848,        54,         0,    1.55,correlated_pymatching,0008fdb23e82890800a1ea66e164e1f21e6bf67cd10199bfb5a0e7097a63b78a,"{""d"":3,""p"":0.00021544346900318845,""r"":3}","{""obs_mistake_mask=E"":54}"
      1024,         0,         0,   0.020,correlated_pymatching,0008fdb23e82890800a1ea66e164e1f21e6bf67cd10199bfb5a0e7097a63b78a,"{""d"":3,""p"":0.00021544346900318845,""r"":3}",
     15360,        15,         0,   0.318,correlated_pymatching,0008fdb23e82890800a1ea66e164e1f21e6bf67cd10199bfb5a0e7097a63b78a,"{""d"":3,""p"":0.00021544346900318845,""r"":3}","{""obs_mistake_mask=E"":15}"
      1024,         1,         0,   0.020,correlated_pymatching,0008fdb23e82890800a1ea66e164e1f21e6bf67cd10199bfb5a0e7097a63b78a,"{""d"":3,""p"":0.00021544346900318845,""r"":3}","{""obs_mistake_mask=E"":1}"
        32,         0,         0,   0.072,correlated_pymatching,3f140357877ec0bc3d7ae36f067429667d7b4a327fabd9d8f83480f2415abd3d,"{""d"":5,""p"":0.00021544346900318845,""r"":5}",
        32,         0,         0,   0.074,correlated_pymatching,fe7c60f3112f5f756b2cb8715b3b780d1357bfbf47449ce6c94d04af6e77331b,"{""d"":5,""p"":0.0001,""r"":5}",
       128,        63,         0,   0.796,correlated_pymatching,ce506fdd196abab16c37ff3bba50300bac294497f29df3b57091132f541a5074,"{""d"":7,""p"":0.021544346900318822,""r"":7}","{""obs_mistake_mask=E"":63}"
       256,         0,         0,   0.084,correlated_pymatching,3f140357877ec0bc3d7ae36f067429667d7b4a327fabd9d8f83480f2415abd3d,"{""d"":5,""p"":0.00021544346900318845,""r"":5}",
        96,        43,         0,    1.04,correlated_pymatching,03dd2f6a0421220a87f1dc45c9803ec4898508fd69fe006e191935aa820b9880,"{""d"":7,""p"":0.1,""r"":7}","{""obs_mistake_mask=E"":43}"
        96,        54,         0,    1.07,correlated_pymatching,03dd2f6a0421220a87f1dc45c9803ec4898508fd69fe006e191935aa820b9880,"{""d"":7,""p"":0.1,""r"":7}","{""obs_mistake_mask=E"":54}"
       256,         0,         0,   0.083,correlated_pymatching,fe7c60f3112f5f756b2cb8715b3b780d1357bfbf47449ce6c94d04af6e77331b,"{""d"":5,""p"":0.0001,""r"":5}",
       160,        87,         0,    1.22,correlated_pymatching,d3e30c5b0b2200726401824e77efbf50d245b14f269dc22b503fae9332def7e9,"{""d"":7,""p"":0.046415888336127774,""r"":7}","{""obs_mistake_mask=E"":87}"
      5120,         0,         0,    1.12,correlated_pymatching,38d00c745a2d4a3a17c6dbc1bbe5617fb3b5e2aa1d862e832a2558b8e0215781,"{""d"":7,""p"":0.0001,""r"":7}",
      3072,         0,         0,   0.694,correlated_pymatching,38d00c745a2d4a3a17c6dbc1bbe5617fb3b5e2aa1d862e832a2558b8e0215781,"{""d"":7,""p"":0.0001,""r"":7}",
      1024,         0,         0,   0.075,correlated_pymatching,fe7c60f3112f5f756b2cb8715b3b780d1357bfbf47449ce6c94d04af6e77331b,"{""d"":5,""p"":0.0001,""r"":5}",
      1024,         0,         0,   0.080,correlated_pymatching,3f140357877ec0bc3d7ae36f067429667d7b4a327fabd9d8f83480f2415abd3d,"{""d"":5,""p"":0.00021544346900318845,""r"":5}",
        64,        32,         0,   0.396,correlated_pymatching,ce506fdd196abab16c37ff3bba50300bac294497f29df3b57091132f541a5074,"{""d"":7,""p"":0.021544346900318822,""r"":7}","{""obs_mistake_mask=E"":32}"
        32,         7,         0,   0.336,correlated_pymatching,d3e30c5b0b2200726401824e77efbf50d245b14f269dc22b503fae9332def7e9,"{""d"":7,""p"":0.046415888336127774,""r"":7}","{""obs_mistake_mask=E"":7}"
         1,         0,         0,   0.092,correlated_pymatching,39f9cb248ab10ec607b9ccaaf482514ae8e1581ef787a88a015fb5c26342afdd,"{""d"":5,""p"":0.00046415888336127773,""r"":5}",
         1,         0,         0,   0.087,correlated_pymatching,84e621b5815ca4064bfb13d53dc96865766c320a24ea47fc87382d2a7d5c7ff7,"{""d"":5,""p"":0.001,""r"":5}",
      1024,         0,         0,   0.093,correlated_pymatching,fe7c60f3112f5f756b2cb8715b3b780d1357bfbf47449ce6c94d04af6e77331b,"{""d"":5,""p"":0.0001,""r"":5}",
      1024,         0,         0,   0.093,correlated_pymatching,3f140357877ec0bc3d7ae36f067429667d7b4a327fabd9d8f83480f2415abd3d,"{""d"":5,""p"":0.00021544346900318845,""r"":5}",
      3072,         0,         0,   0.726,correlated_pymatching,1af5a8d16dfe6abd574790e66dfc9331cc1a7511d9442ded56a0edf86c82b0da,"{""d"":7,""p"":0.00021544346900318845,""r"":7}",
      2048,         0,         0,   0.648,correlated_pymatching,9f0d5c5ebeaacfa819af94ab1908d72ac2a5c6fa363048dff740a59665befc15,"{""d"":7,""p"":0.001,""r"":7}",
         4,         0,         0,   0.079,correlated_pymatching,39f9cb248ab10ec607b9ccaaf482514ae8e1581ef787a88a015fb5c26342afdd,"{""d"":5,""p"":0.00046415888336127773,""r"":5}",
         4,         0,         0,   0.081,correlated_pymatching,84e621b5815ca4064bfb13d53dc96865766c320a24ea47fc87382d2a7d5c7ff7,"{""d"":5,""p"":0.001,""r"":5}",
      5120,         0,         0,    1.16,correlated_pymatching,1af5a8d16dfe6abd574790e66dfc9331cc1a7511d9442ded56a0edf86c82b0da,"{""d"":7,""p"":0.00021544346900318845,""r"":7}",
      1024,         0,         0,   0.084,correlated_pymatching,fe7c60f3112f5f756b2cb8715b3b780d1357bfbf47449ce6c94d04af6e77331b,"{""d"":5,""p"":0.0001,""r"":5}",
      1024,         0,         0,   0.086,correlated_pymatching,3f140357877ec0bc3d7ae36f067429667d7b4a327fabd9d8f83480f2415abd3d,"{""d"":5,""p"":0.00021544346900318845,""r"":5}",
        16,         0,         0,   0.074,correlated_pymatching,39f9cb248ab10ec607b9ccaaf482514ae8e1581ef787a88a015fb5c26342afdd,"{""d"":5,""p"":0.00046415888336127773,""r"":5}",
        16,         0,         0,   0.075,correlated_pymatching,84e621b5815ca4064bfb13d53dc96865766c320a24ea47fc87382d2a7d5c7ff7,"{""d"":5,""p"":0.001,""r"":5}",
      4096,         0,         0,    1.28,correlated_pymatching,9f0d5c5ebeaacfa819af94ab1908d72ac2a5c6fa363048dff740a59665befc15,"{""d"":7,""p"":0.001,""r"":7}",
     22528,         5,         0,   0.421,correlated_pymatching,4e1d76e30d73905945fea823a79497226f2df99e76c94def17544c12713a19be,"{""d"":3,""p"":0.0001,""r"":3}","{""obs_mistake_mask=E"":5}"
     19456,         0,         0,    1.62,correlated_pymatching,fe7c60f3112f5f756b2cb8715b3b780d1357bfbf47449ce6c94d04af6e77331b,"{""d"":5,""p"":0.0001,""r"":5}",
        32,        18,         0,   0.338,correlated_pymatching,03dd2f6a0421220a87f1dc45c9803ec4898508fd69fe006e191935aa820b9880,"{""d"":7,""p"":0.1,""r"":7}","{""obs_mistake_mask=E"":18}"
        32,        19,         0,   0.342,correlated_pymatching,03dd2f6a0421220a87f1dc45c9803ec4898508fd69fe006e191935aa820b9880,"{""d"":7,""p"":0.1,""r"":7}","{""obs_mistake_mask=E"":19}"
        64,        30,         0,   0.399,correlated_pymatching,ce506fdd196abab16c37ff3bba50300bac294497f29df3b57091132f541a5074,"{""d"":7,""p"":0.021544346900318822,""r"":7}","{""obs_mistake_mask=E"":30}"
       128,         0,         0,   0.081,correlated_pymatching,39f9cb248ab10ec607b9ccaaf482514ae8e1581ef787a88a015fb5c26342afdd,"{""d"":5,""p"":0.00046415888336127773,""r"":5}",
     17408,         4,         0,    1.64,correlated_pymatching,39f9cb248ab10ec607b9ccaaf482514ae8e1581ef787a88a015fb5c26342afdd,"{""d"":5,""p"":0.00046415888336127773,""r"":5}","{""obs_mistake_mask=E"":4}"
       128,         0,         0,   0.084,correlated_pymatching,84e621b5815ca4064bfb13d53dc96865766c320a24ea47fc87382d2a7d5c7ff7,"{""d"":5,""p"":0.001,""r"":5}",
     14336,        37,         0,    1.61,correlated_pymatching,84e621b5815ca4064bfb13d53dc96865766c320a24ea47fc87382d2a7d5c7ff7,"{""d"":5,""p"":0.001,""r"":5}","{""obs_mistake_mask=E"":37}"
         1,         0,         0,   0.207,correlated_pymatching,38d00c745a2d4a3a17c6dbc1bbe5617fb3b5e2aa1d862e832a2558b8e0215781,"{""d"":7,""p"":0.0001,""r"":7}",
     18432,         1,         0,    1.63,correlated_pymatching,3f140357877ec0bc3d7ae36f067429667d7b4a327fabd9d8f83480f2415abd3d,"{""d"":5,""p"":0.00021544346900318845,""r"":5}","{""obs_mistake_mask=E"":1}"
      2048,         0,         0,   0.168,correlated_pymatching,fe7c60f3112f5f756b2cb8715b3b780d1357bfbf47449ce6c94d04af6e77331b,"{""d"":5,""p"":0.0001,""r"":5}",
      2048,         0,         0,   0.177,correlated_pymatching,3f140357877ec0bc3d7ae36f067429667d7b4a327fabd9d8f83480f2415abd3d,"{""d"":5,""p"":0.00021544346900318845,""r"":5}",
       512,         0,         0,   0.088,correlated_pymatching,39f9cb248ab10ec607b9ccaaf482514ae8e1581ef787a88a015fb5c26342afdd,"{""d"":5,""p"":0.00046415888336127773,""r"":5}",
       512,         2,         0,   0.088,correlated_pymatching,84e621b5815ca4064bfb13d53dc96865766c320a24ea47fc87382d2a7d5c7ff7,"{""d"":5,""p"":0.001,""r"":5}","{""obs_mistake_mask=E"":2}"
        64,        36,         0,   0.468,correlated_pymatching,d3e30c5b0b2200726401824e77efbf50d245b14f269dc22b503fae9332def7e9,"{""d"":7,""p"":0.046415888336127774,""r"":7}","{""obs_mistake_mask=E"":36}"
      3072,         0,         0,   0.807,correlated_pymatching,526a9c53121d2590a78619e118eac90c4306ffdf6462386d67efd6891e283792,"{""d"":7,""p"":0.00046415888336127773,""r"":7}",
      1024,         0,         0,   0.096,correlated_pymatching,39f9cb248ab10ec607b9ccaaf482514ae8e1581ef787a88a015fb5c26342afdd,"{""d"":5,""p"":0.00046415888336127773,""r"":5}",
      5120,         0,         0,    1.29,correlated_pymatching,526a9c53121d2590a78619e118eac90c4306ffdf6462386d67efd6891e283792,"{""d"":7,""p"":0.00046415888336127773,""r"":7}",
      1024,         8,         0,   0.662,correlated_pymatching,34734f877c4048906a7282d6aac755b3eddcd1da98427026ac56e106e56cff50,"{""d"":7,""p"":0.002154434690031882,""r"":7}","{""obs_mistake_mask=E"":8}"
         1,         0,         0,   0.020,correlated_pymatching,4e1d76e30d73905945fea823a79497226f2df99e76c94def17544c12713a19be,"{""d"":3,""p"":0.0001,""r"":3}",
        16,         0,         0,   0.020,correlated_pymatching,4e1d76e30d73905945fea823a79497226f2df99e76c94def17544c12713a19be,"{""d"":3,""p"":0.0001,""r"":3}",
         2,         0,         0,   0.192,correlated_pymatching,38d00c745a2d4a3a17c6dbc1bbe5617fb3b5e2aa1d862e832a2558b8e0215781,"{""d"":7,""p"":0.0001,""r"":7}",
      1024,         0,         0,   0.115,correlated_pymatching,84e621b5815ca4064bfb13d53dc96865766c320a24ea47fc87382d2a7d5c7ff7,"{""d"":5,""p"":0.001,""r"":5}",
      2048,         0,         0,   0.164,correlated_pymatching,fe7c60f3112f5f756b2cb8715b3b780d1357bfbf47449ce6c94d04af6e77331b,"{""d"":5,""p"":0.0001,""r"":5}",
      2048,        20,         0,    1.32,correlated_pymatching,34734f877c4048906a7282d6aac755b3eddcd1da98427026ac56e106e56cff50,"{""d"":7,""p"":0.002154434690031882,""r"":7}","{""obs_mistake_mask=E"":20}"
      2048,         0,         0,   0.170,correlated_pymatching,3f140357877ec0bc3d7ae36f067429667d7b4a327fabd9d8f83480f2415abd3d,"{""d"":5,""p"":0.00021544346900318845,""r"":5}",
      1280,         0,         0,   0.035,correlated_pymatching,4e1d76e30d73905945fea823a79497226f2df99e76c94def17544c12713a19be,"{""d"":3,""p"":0.0001,""r"":3}",
      1024,         0,         0,   0.092,correlated_pymatching,39f9cb248ab10ec607b9ccaaf482514ae8e1581ef787a88a015fb5c26342afdd,"{""d"":5,""p"":0.00046415888336127773,""r"":5}",
      2048,         0,         0,   0.040,correlated_pymatching,4e1d76e30d73905945fea823a79497226f2df99e76c94def17544c12713a19be,"{""d"":3,""p"":0.0001,""r"":3}",
      1024,         2,         0,   0.105,correlated_pymatching,84e621b5815ca4064bfb13d53dc96865766c320a24ea47fc87382d2a7d5c7ff7,"{""d"":5,""p"":0.001,""r"":5}","{""obs_mistake_mask=E"":2}"
      3072,         1,         0,   0.060,correlated_pymatching,4e1d76e30d73905945fea823a79497226f2df99e76c94def17544c12713a19be,"{""d"":3,""p"":0.0001,""r"":3}","{""obs_mistake_mask=E"":1}"
         1,         0,         0,   0.084,correlated_pymatching,fe7c60f3112f5f756b2cb8715b3b780d1357bfbf47449ce6c94d04af6e77331b,"{""d"":5,""p"":0.0001,""r"":5}",
      3072,         0,         0,   0.060,correlated_pymatching,4e1d76e30d73905945fea823a79497226f2df99e76c94def17544c12713a19be,"{""d"":3,""p"":0.0001,""r"":3}",
         4,         0,         0,   0.204,correlated_pymatching,38d00c745a2d4a3a17c6dbc1bbe5617fb3b5e2aa1d862e832a2558b8e0215781,"{""d"":7,""p"":0.0001,""r"":7}",
         4,         0,         0,   0.076,correlated_pymatching,fe7c60f3112f5f756b2cb8715b3b780d1357bfbf47449ce6c94d04af6e77331b,"{""d"":5,""p"":0.0001,""r"":5}",
         1,         0,         0,   0.208,correlated_pymatching,1af5a8d16dfe6abd574790e66dfc9331cc1a7511d9442ded56a0edf86c82b0da,"{""d"":7,""p"":0.00021544346900318845,""r"":7}",
      1024,         3,         0,   0.123,correlated_pymatching,84e621b5815ca4064bfb13d53dc96865766c320a24ea47fc87382d2a7d5c7ff7,"{""d"":5,""p"":0.001,""r"":5}","{""obs_mistake_mask=E"":3}"
         1,         0,         0,   0.220,correlated_pymatching,526a9c53121d2590a78619e118eac90c4306ffdf6462386d67efd6891e283792,"{""d"":7,""p"":0.00046415888336127773,""r"":7}",
      2048,         0,         0,   0.196,correlated_pymatching,39f9cb248ab10ec607b9ccaaf482514ae8e1581ef787a88a015fb5c26342afdd,"{""d"":5,""p"":0.00046415888336127773,""r"":5}",
         1,         0,         0,   0.217,correlated_pymatching,34734f877c4048906a7282d6aac755b3eddcd1da98427026ac56e106e56cff50,"{""d"":7,""p"":0.002154434690031882,""r"":7}",
         1,         0,         0,   0.222,correlated_pymatching,9f0d5c5ebeaacfa819af94ab1908d72ac2a5c6fa363048dff740a59665befc15,"{""d"":7,""p"":0.001,""r"":7}",
      3072,         0,         0,   0.258,correlated_pymatching,fe7c60f3112f5f756b2cb8715b3b780d1357bfbf47449ce6c94d04af6e77331b,"{""d"":5,""p"":0.0001,""r"":5}",
        16,         0,         0,   0.072,correlated_pymatching,fe7c60f3112f5f756b2cb8715b3b780d1357bfbf47449ce6c94d04af6e77331b,"{""d"":5,""p"":0.0001,""r"":5}",
      5120,         1,         0,   0.095,correlated_pymatching,4e1d76e30d73905945fea823a79497226f2df99e76c94def17544c12713a19be,"{""d"":3,""p"":0.0001,""r"":3}","{""obs_mistake_mask=E"":1}"
      3072,         0,         0,   0.264,correlated_pymatching,3f140357877ec0bc3d7ae36f067429667d7b4a327fabd9d8f83480f2415abd3d,"{""d"":5,""p"":0.00021544346900318845,""r"":5}",
     30720,         9,         0,   0.576,correlated_pymatching,4e1d76e30d73905945fea823a79497226f2df99e76c94def17544c12713a19be,"{""d"":3,""p"":0.0001,""r"":3}","{""obs_mistake_mask=E"":9}"
       128,         0,         0,   0.081,correlated_pymatching,fe7c60f3112f5f756b2cb8715b3b780d1357bfbf47449ce6c94d04af6e77331b,"{""d"":5,""p"":0.0001,""r"":5}",
         8,         0,         0,   0.200,correlated_pymatching,38d00c745a2d4a3a17c6dbc1bbe5617fb3b5e2aa1d862e832a2558b8e0215781,"{""d"":7,""p"":0.0001,""r"":7}",
     18432,         1,         0,    1.63,correlated_pymatching,3f140357877ec0bc3d7ae36f067429667d7b4a327fabd9d8f83480f2415abd3d,"{""d"":5,""p"":0.00021544346900318845,""r"":5}","{""obs_mistake_mask=E"":1}"
      6144,         2,         0,   0.119,correlated_pymatching,4e1d76e30d73905945fea823a79497226f2df99e76c94def17544c12713a19be,"{""d"":3,""p"":0.0001,""r"":3}","{""obs_mistake_mask=E"":2}"
      4096,         0,         0,   0.928,correlated_pymatching,38d00c745a2d4a3a17c6dbc1bbe5617fb3b5e2aa1d862e832a2558b8e0215781,"{""d"":7,""p"":0.0001,""r"":7}",
         2,         0,         0,   0.202,correlated_pymatching,1af5a8d16dfe6abd574790e66dfc9331cc1a7511d9442ded56a0edf86c82b0da,"{""d"":7,""p"":0.00021544346900318845,""r"":7}",
         2,         0,         0,   0.194,correlated_pymatching,526a9c53121d2590a78619e118eac90c4306ffdf6462386d67efd6891e283792,"{""d"":7,""p"":0.00046415888336127773,""r"":7}",
       512,         0,         0,   0.080,correlated_pymatching,fe7c60f3112f5f756b2cb8715b3b780d1357bfbf47449ce6c94d04af6e77331b,"{""d"":5,""p"":0.0001,""r"":5}",
      2048,         2,         0,   0.192,correlated_pymatching,39f9cb248ab10ec607b9ccaaf482514ae8e1581ef787a88a015fb5c26342afdd,"{""d"":5,""p"":0.00046415888336127773,""r"":5}","{""obs_mistake_mask=E"":2}"
      2048,         9,         0,   0.221,correlated_pymatching,84e621b5815ca4064bfb13d53dc96865766c320a24ea47fc87382d2a7d5c7ff7,"{""d"":5,""p"":0.001,""r"":5}","{""obs_mistake_mask=E"":9}"
         2,         0,         0,   0.192,correlated_pymatching,34734f877c4048906a7282d6aac755b3eddcd1da98427026ac56e106e56cff50,"{""d"":7,""p"":0.002154434690031882,""r"":7}",
         2,         0,         0,   0.208,correlated_pymatching,9f0d5c5ebeaacfa819af94ab1908d72ac2a5c6fa363048dff740a59665befc15,"{""d"":7,""p"":0.001,""r"":7}",
      1024,         0,         0,   0.084,correlated_pymatching,fe7c60f3112f5f756b2cb8715b3b780d1357bfbf47449ce6c94d04af6e77331b,"{""d"":5,""p"":0.0001,""r"":5}",
      8192,         0,         0,   0.167,correlated_pymatching,4e1d76e30d73905945fea823a79497226f2df99e76c94def17544c12713a19be,"{""d"":3,""p"":0.0001,""r"":3}",
      3072,         0,         0,   0.963,correlated_pymatching,9f0d5c5ebeaacfa819af94ab1908d72ac2a5c6fa363048dff740a59665befc15,"{""d"":7,""p"":0.001,""r"":7}",
      4096,         0,         0,   0.989,correlated_pymatching,1af5a8d16dfe6abd574790e66dfc9331cc1a7511d9442ded56a0edf86c82b0da,"{""d"":7,""p"":0.00021544346900318845,""r"":7}",
        16,         0,         0,   0.195,correlated_pymatching,38d00c745a2d4a3a17c6dbc1bbe5617fb3b5e2aa1d862e832a2558b8e0215781,"{""d"":7,""p"":0.0001,""r"":7}",
      4096,         0,         0,   0.332,correlated_pymatching,fe7c60f3112f5f756b2cb8715b3b780d1357bfbf47449ce6c94d04af6e77331b,"{""d"":5,""p"":0.0001,""r"":5}",
         4,         0,         0,   0.192,correlated_pymatching,526a9c53121d2590a78619e118eac90c4306ffdf6462386d67efd6891e283792,"{""d"":7,""p"":0.00046415888336127773,""r"":7}",
         4,         0,         0,   0.204,correlated_pymatching,1af5a8d16dfe6abd574790e66dfc9331cc1a7511d9442ded56a0edf86c82b0da,"{""d"":7,""p"":0.00021544346900318845,""r"":7}",
      4096,         0,         0,   0.347,correlated_pymatching,3f140357877ec0bc3d7ae36f067429667d7b4a327fabd9d8f83480f2415abd3d,"{""d"":5,""p"":0.00021544346900318845,""r"":5}",
         4,         1,         0,   0.204,correlated_pymatching,34734f877c4048906a7282d6aac755b3eddcd1da98427026ac56e106e56cff50,"{""d"":7,""p"":0.002154434690031882,""r"":7}","{""obs_mistake_mask=E"":1}"
      2048,         4,         0,   0.222,correlated_pymatching,84e621b5815ca4064bfb13d53dc96865766c320a24ea47fc87382d2a7d5c7ff7,"{""d"":5,""p"":0.001,""r"":5}","{""obs_mistake_mask=E"":4}"
         4,         0,         0,   0.204,correlated_pymatching,9f0d5c5ebeaacfa819af94ab1908d72ac2a5c6fa363048dff740a59665befc15,"{""d"":7,""p"":0.001,""r"":7}",
     17408,         5,         0,    1.63,correlated_pymatching,39f9cb248ab10ec607b9ccaaf482514ae8e1581ef787a88a015fb5c26342afdd,"{""d"":5,""p"":0.00046415888336127773,""r"":5}","{""obs_mistake_mask=E"":5}"
      2048,         0,         0,   0.172,correlated_pymatching,fe7c60f3112f5f756b2cb8715b3b780d1357bfbf47449ce6c94d04af6e77331b,"{""d"":5,""p"":0.0001,""r"":5}",
      3072,         0,         0,   0.798,correlated_pymatching,526a9c53121d2590a78619e118eac90c4306ffdf6462386d67efd6891e283792,"{""d"":7,""p"":0.00046415888336127773,""r"":7}",
      3072,         1,         0,   0.288,correlated_pymatching,39f9cb248ab10ec607b9ccaaf482514ae8e1581ef787a88a015fb5c26342afdd,"{""d"":5,""p"":0.00046415888336127773,""r"":5}","{""obs_mistake_mask=E"":1}"
     15360,        26,         0,    1.67,correlated_pymatching,84e621b5815ca4064bfb13d53dc96865766c320a24ea47fc87382d2a7d5c7ff7,"{""d"":5,""p"":0.001,""r"":5}","{""obs_mistake_mask=E"":26}"
     11264,         3,         0,   0.215,correlated_pymatching,4e1d76e30d73905945fea823a79497226f2df99e76c94def17544c12713a19be,"{""d"":3,""p"":0.0001,""r"":3}","{""obs_mistake_mask=E"":3}"
        32,         0,         0,   0.204,correlated_pymatching,38d00c745a2d4a3a17c6dbc1bbe5617fb3b5e2aa1d862e832a2558b8e0215781,"{""d"":7,""p"":0.0001,""r"":7}",
         8,         0,         0,   0.213,correlated_pymatching,526a9c53121d2590a78619e118eac90c4306ffdf6462386d67efd6891e283792,"{""d"":7,""p"":0.00046415888336127773,""r"":7}",
         8,         0,         0,   0.204,correlated_pymatching,1af5a8d16dfe6abd574790e66dfc9331cc1a7511d9442ded56a0edf86c82b0da,"{""d"":7,""p"":0.00021544346900318845,""r"":7}",
         8,         0,         0,   0.204,correlated_pymatching,34734f877c4048906a7282d6aac755b3eddcd1da98427026ac56e106e56cff50,"{""d"":7,""p"":0.002154434690031882,""r"":7}",
      2048,         0,         0,   0.170,correlated_pymatching,fe7c60f3112f5f756b2cb8715b3b780d1357bfbf47449ce6c94d04af6e77331b,"{""d"":5,""p"":0.0001,""r"":5}",
         8,         0,         0,   0.212,correlated_pymatching,9f0d5c5ebeaacfa819af94ab1908d72ac2a5c6fa363048dff740a59665befc15,"{""d"":7,""p"":0.001,""r"":7}",
     12288,         0,         0,    1.68,correlated_pymatching,fe7c60f3112f5f756b2cb8715b3b780d1357bfbf47449ce6c94d04af6e77331b,"{""d"":5,""p"":0.0001,""r"":5}",
      1536,         6,         0,    1.01,correlated_pymatching,34734f877c4048906a7282d6aac755b3eddcd1da98427026ac56e106e56cff50,"{""d"":7,""p"":0.002154434690031882,""r"":7}","{""obs_mistake_mask=E"":6}"
        64,         0,         0,   0.198,correlated_pymatching,38d00c745a2d4a3a17c6dbc1bbe5617fb3b5e2aa1d862e832a2558b8e0215781,"{""d"":7,""p"":0.0001,""r"":7}",
      3072,         8,         0,   0.333,correlated_pymatching,84e621b5815ca4064bfb13d53dc96865766c320a24ea47fc87382d2a7d5c7ff7,"{""d"":5,""p"":0.001,""r"":5}","{""obs_mistake_mask=E"":8}"
        16,         0,         0,   0.188,correlated_pymatching,1af5a8d16dfe6abd574790e66dfc9331cc1a7511d9442ded56a0edf86c82b0da,"{""d"":7,""p"":0.00021544346900318845,""r"":7}",
      5120,         0,         0,   0.431,correlated_pymatching,fe7c60f3112f5f756b2cb8715b3b780d1357bfbf47449ce6c94d04af6e77331b,"{""d"":5,""p"":0.0001,""r"":5}",
      2048,         0,         0,   0.168,correlated_pymatching,fe7c60f3112f5f756b2cb8715b3b780d1357bfbf47449ce6c94d04af6e77331b,"{""d"":5,""p"":0.0001,""r"":5}",
        16,         0,         0,   0.204,correlated_pymatching,526a9c53121d2590a78619e118eac90c4306ffdf6462386d67efd6891e283792,"{""d"":7,""p"":0.00046415888336127773,""r"":7}",
        16,         0,         0,   0.188,correlated_pymatching,34734f877c4048906a7282d6aac755b3eddcd1da98427026ac56e106e56cff50,"{""d"":7,""p"":0.002154434690031882,""r"":7}",
      7168,         0,         0,    1.56,correlated_pymatching,38d00c745a2d4a3a17c6dbc1bbe5617fb3b5e2aa1d862e832a2558b8e0215781,"{""d"":7,""p"":0.0001,""r"":7}",
      5120,         1,         0,   0.441,correlated_pymatching,3f140357877ec0bc3d7ae36f067429667d7b4a327fabd9d8f83480f2415abd3d,"{""d"":5,""p"":0.00021544346900318845,""r"":5}","{""obs_mistake_mask=E"":1}"
     15360,         4,         0,   0.289,correlated_pymatching,4e1d76e30d73905945fea823a79497226f2df99e76c94def17544c12713a19be,"{""d"":3,""p"":0.0001,""r"":3}","{""obs_mistake_mask=E"":4}"
        16,         0,         0,   0.208,correlated_pymatching,9f0d5c5ebeaacfa819af94ab1908d72ac2a5c6fa363048dff740a59665befc15,"{""d"":7,""p"":0.001,""r"":7}",
      4096,         1,         0,   0.380,correlated_pymatching,39f9cb248ab10ec607b9ccaaf482514ae8e1581ef787a88a015fb5c26342afdd,"{""d"":5,""p"":0.00046415888336127773,""r"":5}","{""obs_mistake_mask=E"":1}"
     41984,        12,         0,   0.799,correlated_pymatching,4e1d76e30d73905945fea823a79497226f2df99e76c94def17544c12713a19be,"{""d"":3,""p"":0.0001,""r"":3}","{""obs_mistake_mask=E"":12}"
       128,         0,         0,   0.247,correlated_pymatching,38d00c745a2d4a3a17c6dbc1bbe5617fb3b5e2aa1d862e832a2558b8e0215781,"{""d"":7,""p"":0.0001,""r"":7}",
      7168,         0,         0,    1.60,correlated_pymatching,1af5a8d16dfe6abd574790e66dfc9331cc1a7511d9442ded56a0edf86c82b0da,"{""d"":7,""p"":0.00021544346900318845,""r"":7}",
      2048,         0,         0,   0.224,correlated_pymatching,fe7c60f3112f5f756b2cb8715b3b780d1357bfbf47449ce6c94d04af6e77331b,"{""d"":5,""p"":0.0001,""r"":5}",
      5120,         1,         0,    1.56,correlated_pymatching,9f0d5c5ebeaacfa819af94ab1908d72ac2a5c6fa363048dff740a59665befc15,"{""d"":7,""p"":0.001,""r"":7}","{""obs_mistake_mask=E"":1}"
        32,         0,         0,   0.259,correlated_pymatching,1af5a8d16dfe6abd574790e66dfc9331cc1a7511d9442ded56a0edf86c82b0da,"{""d"":7,""p"":0.00021544346900318845,""r"":7}",
        32,         0,         0,   0.244,correlated_pymatching,526a9c53121d2590a78619e118eac90c4306ffdf6462386d67efd6891e283792,"{""d"":7,""p"":0.00046415888336127773,""r"":7}",
        32,         0,         0,   0.257,correlated_pymatching,34734f877c4048906a7282d6aac755b3eddcd1da98427026ac56e106e56cff50,"{""d"":7,""p"":0.002154434690031882,""r"":7}",
     70656,         8,         0,    2.18,correlated_pymatching,4e1d76e30d73905945fea823a79497226f2df99e76c94def17544c12713a19be,"{""d"":3,""p"":0.0001,""r"":3}","{""obs_mistake_mask=E"":8}"
        32,         0,         0,   0.260,correlated_pymatching,9f0d5c5ebeaacfa819af94ab1908d72ac2a5c6fa363048dff740a59665befc15,"{""d"":7,""p"":0.001,""r"":7}",
    110592,        18,         0,    2.17,correlated_pymatching,4e1d76e30d73905945fea823a79497226f2df99e76c94def17544c12713a19be,"{""d"":3,""p"":0.0001,""r"":3}","{""obs_mistake_mask=E"":18}"
       256,         0,         0,   0.202,correlated_pymatching,38d00c745a2d4a3a17c6dbc1bbe5617fb3b5e2aa1d862e832a2558b8e0215781,"{""d"":7,""p"":0.0001,""r"":7}",
     16384,         5,         0,   0.407,correlated_pymatching,4e1d76e30d73905945fea823a79497226f2df99e76c94def17544c12713a19be,"{""d"":3,""p"":0.0001,""r"":3}","{""obs_mistake_mask=E"":5}"
        64,         0,         0,   0.206,correlated_pymatching,526a9c53121d2590a78619e118eac90c4306ffdf6462386d67efd6891e283792,"{""d"":7,""p"":0.00046415888336127773,""r"":7}",
        64,         0,         0,   0.215,correlated_pymatching,1af5a8d16dfe6abd574790e66dfc9331cc1a7511d9442ded56a0edf86c82b0da,"{""d"":7,""p"":0.00021544346900318845,""r"":7}",
      4096,         9,         0,   0.512,correlated_pymatching,84e621b5815ca4064bfb13d53dc96865766c320a24ea47fc87382d2a7d5c7ff7,"{""d"":5,""p"":0.001,""r"":5}","{""obs_mistake_mask=E"":9}"
        64,         0,         0,   0.226,correlated_pymatching,34734f877c4048906a7282d6aac755b3eddcd1da98427026ac56e106e56cff50,"{""d"":7,""p"":0.002154434690031882,""r"":7}",
      4096,         3,         0,   0.431,correlated_pymatching,39f9cb248ab10ec607b9ccaaf482514ae8e1581ef787a88a015fb5c26342afdd,"{""d"":5,""p"":0.00046415888336127773,""r"":5}","{""obs_mistake_mask=E"":3}"
        64,         0,         0,   0.216,correlated_pymatching,9f0d5c5ebeaacfa819af94ab1908d72ac2a5c6fa363048dff740a59665befc15,"{""d"":7,""p"":0.001,""r"":7}",
      6144,         0,         0,    1.61,correlated_pymatching,526a9c53121d2590a78619e118eac90c4306ffdf6462386d67efd6891e283792,"{""d"":7,""p"":0.00046415888336127773,""r"":7}",
      4096,         0,         0,   0.335,correlated_pymatching,fe7c60f3112f5f756b2cb8715b3b780d1357bfbf47449ce6c94d04af6e77331b,"{""d"":5,""p"":0.0001,""r"":5}",
      5120,         0,         0,    1.19,correlated_pymatching,38d00c745a2d4a3a17c6dbc1bbe5617fb3b5e2aa1d862e832a2558b8e0215781,"{""d"":7,""p"":0.0001,""r"":7}",
      6144,         0,         0,   0.589,correlated_pymatching,fe7c60f3112f5f756b2cb8715b3b780d1357bfbf47449ce6c94d04af6e77331b,"{""d"":5,""p"":0.0001,""r"":5}",
      2560,        28,         0,    1.63,correlated_pymatching,34734f877c4048906a7282d6aac755b3eddcd1da98427026ac56e106e56cff50,"{""d"":7,""p"":0.002154434690031882,""r"":7}","{""obs_mistake_mask=E"":28}"
      6144,         0,         0,   0.575,correlated_pymatching,3f140357877ec0bc3d7ae36f067429667d7b4a327fabd9d8f83480f2415abd3d,"{""d"":5,""p"":0.00021544346900318845,""r"":5}",
       512,         0,         0,   0.216,correlated_pymatching,38d00c745a2d4a3a17c6dbc1bbe5617fb3b5e2aa1d862e832a2558b8e0215781,"{""d"":7,""p"":0.0001,""r"":7}",
       128,         0,         0,   0.201,correlated_pymatching,1af5a8d16dfe6abd574790e66dfc9331cc1a7511d9442ded56a0edf86c82b0da,"{""d"":7,""p"":0.00021544346900318845,""r"":7}",
       128,         0,         0,   0.213,correlated_pymatching,526a9c53121d2590a78619e118eac90c4306ffdf6462386d67efd6891e283792,"{""d"":7,""p"":0.00046415888336127773,""r"":7}",
       128,         0,         0,   0.228,correlated_pymatching,34734f877c4048906a7282d6aac755b3eddcd1da98427026ac56e106e56cff50,"{""d"":7,""p"":0.002154434690031882,""r"":7}",
       128,         1,         0,   0.228,correlated_pymatching,9f0d5c5ebeaacfa819af94ab1908d72ac2a5c6fa363048dff740a59665befc15,"{""d"":7,""p"":0.001,""r"":7}","{""obs_mistake_mask=E"":1}"
      5120,         0,         0,    1.27,correlated_pymatching,1af5a8d16dfe6abd574790e66dfc9331cc1a7511d9442ded56a0edf86c82b0da,"{""d"":7,""p"":0.00021544346900318845,""r"":7}",
      4096,         1,         0,    1.33,correlated_pymatching,9f0d5c5ebeaacfa819af94ab1908d72ac2a5c6fa363048dff740a59665befc15,"{""d"":7,""p"":0.001,""r"":7}","{""obs_mistake_mask=E"":1}"
       256,         0,         0,   0.208,correlated_pymatching,1af5a8d16dfe6abd574790e66dfc9331cc1a7511d9442ded56a0edf86c82b0da,"{""d"":7,""p"":0.00021544346900318845,""r"":7}",
       256,         0,         0,   0.204,correlated_pymatching,526a9c53121d2590a78619e118eac90c4306ffdf6462386d67efd6891e283792,"{""d"":7,""p"":0.00046415888336127773,""r"":7}",
     25600,         0,         0,    2.21,correlated_pymatching,fe7c60f3112f5f756b2cb8715b3b780d1357bfbf47449ce6c94d04af6e77331b,"{""d"":5,""p"":0.0001,""r"":5}",
     19456,        45,         0,    2.19,correlated_pymatching,84e621b5815ca4064bfb13d53dc96865766c320a24ea47fc87382d2a7d5c7ff7,"{""d"":5,""p"":0.001,""r"":5}","{""obs_mistake_mask=E"":45}"
       256,         2,         0,   0.253,correlated_pymatching,34734f877c4048906a7282d6aac755b3eddcd1da98427026ac56e106e56cff50,"{""d"":7,""p"":0.002154434690031882,""r"":7}","{""obs_mistake_mask=E"":2}"
     24576,         1,         0,    2.19,correlated_pymatching,3f140357877ec0bc3d7ae36f067429667d7b4a327fabd9d8f83480f2415abd3d,"{""d"":5,""p"":0.00021544346900318845,""r"":5}","{""obs_mistake_mask=E"":1}"
      5120,         0,         0,   0.435,correlated_pymatching,fe7c60f3112f5f756b2cb8715b3b780d1357bfbf47449ce6c94d04af6e77331b,"{""d"":5,""p"":0.0001,""r"":5}",
       256,         0,         0,   0.236,correlated_pymatching,9f0d5c5ebeaacfa819af94ab1908d72ac2a5c6fa363048dff740a59665befc15,"{""d"":7,""p"":0.001,""r"":7}",
     23552,         8,         0,    2.27,correlated_pymatching,39f9cb248ab10ec607b9ccaaf482514ae8e1581ef787a88a015fb5c26342afdd,"{""d"":5,""p"":0.00046415888336127773,""r"":5}","{""obs_mistake_mask=E"":8}"
     28672,         9,         0,   0.567,correlated_pymatching,4e1d76e30d73905945fea823a79497226f2df99e76c94def17544c12713a19be,"{""d"":3,""p"":0.0001,""r"":3}","{""obs_mistake_mask=E"":9}"
      5120,         0,         0,    1.37,correlated_pymatching,526a9c53121d2590a78619e118eac90c4306ffdf6462386d67efd6891e283792,"{""d"":7,""p"":0.00046415888336127773,""r"":7}",
      2048,         0,         0,   0.444,correlated_pymatching,38d00c745a2d4a3a17c6dbc1bbe5617fb3b5e2aa1d862e832a2558b8e0215781,"{""d"":7,""p"":0.0001,""r"":7}",
       512,         0,         0,   0.210,correlated_pymatching,1af5a8d16dfe6abd574790e66dfc9331cc1a7511d9442ded56a0edf86c82b0da,"{""d"":7,""p"":0.00021544346900318845,""r"":7}",
       512,         0,         0,   0.215,correlated_pymatching,526a9c53121d2590a78619e118eac90c4306ffdf6462386d67efd6891e283792,"{""d"":7,""p"":0.00046415888336127773,""r"":7}",
      6144,         4,         0,   0.591,correlated_pymatching,39f9cb248ab10ec607b9ccaaf482514ae8e1581ef787a88a015fb5c26342afdd,"{""d"":5,""p"":0.00046415888336127773,""r"":5}","{""obs_mistake_mask=E"":4}"
      6144,        14,         0,   0.671,correlated_pymatching,84e621b5815ca4064bfb13d53dc96865766c320a24ea47fc87382d2a7d5c7ff7,"{""d"":5,""p"":0.001,""r"":5}","{""obs_mistake_mask=E"":14}"
     54272,        15,         0,    1.11,correlated_pymatching,4e1d76e30d73905945fea823a79497226f2df99e76c94def17544c12713a19be,"{""d"":3,""p"":0.0001,""r"":3}","{""obs_mistake_mask=E"":15}"
       512,         0,         0,   0.268,correlated_pymatching,9f0d5c5ebeaacfa819af94ab1908d72ac2a5c6fa363048dff740a59665befc15,"{""d"":7,""p"":0.001,""r"":7}",
      2048,        19,         0,    1.34,correlated_pymatching,34734f877c4048906a7282d6aac755b3eddcd1da98427026ac56e106e56cff50,"{""d"":7,""p"":0.002154434690031882,""r"":7}","{""obs_mistake_mask=E"":19}"
       512,         5,         0,   0.335,correlated_pymatching,34734f877c4048906a7282d6aac755b3eddcd1da98427026ac56e106e56cff50,"{""d"":7,""p"":0.002154434690031882,""r"":7}","{""obs_mistake_mask=E"":5}"
      9216,         0,         0,   0.799,correlated_pymatching,3f140357877ec0bc3d7ae36f067429667d7b4a327fabd9d8f83480f2415abd3d,"{""d"":5,""p"":0.00021544346900318845,""r"":5}",
     10240,         0,         0,   0.857,correlated_pymatching,fe7c60f3112f5f756b2cb8715b3b780d1357bfbf47449ce6c94d04af6e77331b,"{""d"":5,""p"":0.0001,""r"":5}",
      2048,         0,         0,   0.437,correlated_pymatching,38d00c745a2d4a3a17c6dbc1bbe5617fb3b5e2aa1d862e832a2558b8e0215781,"{""d"":7,""p"":0.0001,""r"":7}",
      2048,         0,         0,   0.468,correlated_pymatching,1af5a8d16dfe6abd574790e66dfc9331cc1a7511d9442ded56a0edf86c82b0da,"{""d"":7,""p"":0.00021544346900318845,""r"":7}",
     24576,         0,         0,    2.18,correlated_pymatching,3f140357877ec0bc3d7ae36f067429667d7b4a327fabd9d8f83480f2415abd3d,"{""d"":5,""p"":0.00021544346900318845,""r"":5}",
      7168,         0,         0,   0.584,correlated_pymatching,fe7c60f3112f5f756b2cb8715b3b780d1357bfbf47449ce6c94d04af6e77331b,"{""d"":5,""p"":0.0001,""r"":5}",
      1024,         0,         0,   0.318,correlated_pymatching,9f0d5c5ebeaacfa819af94ab1908d72ac2a5c6fa363048dff740a59665befc15,"{""d"":7,""p"":0.001,""r"":7}",
      2048,         0,         0,   0.516,correlated_pymatching,526a9c53121d2590a78619e118eac90c4306ffdf6462386d67efd6891e283792,"{""d"":7,""p"":0.00046415888336127773,""r"":7}",
       512,         4,         0,   0.336,correlated_pymatching,34734f877c4048906a7282d6aac755b3eddcd1da98427026ac56e106e56cff50,"{""d"":7,""p"":0.002154434690031882,""r"":7}","{""obs_mistake_mask=E"":4}"
     41984,        12,         0,   0.800,correlated_pymatching,4e1d76e30d73905945fea823a79497226f2df99e76c94def17544c12713a19be,"{""d"":3,""p"":0.0001,""r"":3}","{""obs_mistake_mask=E"":12}"
     23552,         6,         0,    2.25,correlated_pymatching,39f9cb248ab10ec607b9ccaaf482514ae8e1581ef787a88a015fb5c26342afdd,"{""d"":5,""p"":0.00046415888336127773,""r"":5}","{""obs_mistake_mask=E"":6}"
     19456,        39,         0,    2.21,correlated_pymatching,84e621b5815ca4064bfb13d53dc96865766c320a24ea47fc87382d2a7d5c7ff7,"{""d"":5,""p"":0.001,""r"":5}","{""obs_mistake_mask=E"":39}"
      9216,         6,         0,   0.863,correlated_pymatching,39f9cb248ab10ec607b9ccaaf482514ae8e1581ef787a88a015fb5c26342afdd,"{""d"":5,""p"":0.00046415888336127773,""r"":5}","{""obs_mistake_mask=E"":6}"
      2048,         0,         0,   0.462,correlated_pymatching,1af5a8d16dfe6abd574790e66dfc9331cc1a7511d9442ded56a0edf86c82b0da,"{""d"":7,""p"":0.00021544346900318845,""r"":7}",
      8192,        22,         0,   0.897,correlated_pymatching,84e621b5815ca4064bfb13d53dc96865766c320a24ea47fc87382d2a7d5c7ff7,"{""d"":5,""p"":0.001,""r"":5}","{""obs_mistake_mask=E"":22}"
      2048,         0,         0,   0.510,correlated_pymatching,526a9c53121d2590a78619e118eac90c4306ffdf6462386d67efd6891e283792,"{""d"":7,""p"":0.00046415888336127773,""r"":7}",
     15360,         0,         0,    2.21,correlated_pymatching,fe7c60f3112f5f756b2cb8715b3b780d1357bfbf47449ce6c94d04af6e77331b,"{""d"":5,""p"":0.0001,""r"":5}",
      7168,         0,         0,    1.60,correlated_pymatching,38d00c745a2d4a3a17c6dbc1bbe5617fb3b5e2aa1d862e832a2558b8e0215781,"{""d"":7,""p"":0.0001,""r"":7}",
      3072,         0,         0,   0.678,correlated_pymatching,38d00c745a2d4a3a17c6dbc1bbe5617fb3b5e2aa1d862e832a2558b8e0215781,"{""d"":7,""p"":0.0001,""r"":7}",
      2048,         1,         0,   0.641,correlated_pymatching,9f0d5c5ebeaacfa819af94ab1908d72ac2a5c6fa363048dff740a59665befc15,"{""d"":7,""p"":0.001,""r"":7}","{""obs_mistake_mask=E"":1}"
      1024,         6,         0,   0.660,correlated_pymatching,34734f877c4048906a7282d6aac755b3eddcd1da98427026ac56e106e56cff50,"{""d"":7,""p"":0.002154434690031882,""r"":7}","{""obs_mistake_mask=E"":6}"
     10240,         0,         0,    2.30,correlated_pymatching,38d00c745a2d4a3a17c6dbc1bbe5617fb3b5e2aa1d862e832a2558b8e0215781,"{""d"":7,""p"":0.0001,""r"":7}",
     10240,         0,         0,   0.838,correlated_pymatching,fe7c60f3112f5f756b2cb8715b3b780d1357bfbf47449ce6c94d04af6e77331b,"{""d"":5,""p"":0.0001,""r"":5}",
      7168,         1,         0,    2.20,correlated_pymatching,9f0d5c5ebeaacfa819af94ab1908d72ac2a5c6fa363048dff740a59665befc15,"{""d"":7,""p"":0.001,""r"":7}","{""obs_mistake_mask=E"":1}"
      5120,         1,         0,    1.60,correlated_pymatching,9f0d5c5ebeaacfa819af94ab1908d72ac2a5c6fa363048dff740a59665befc15,"{""d"":7,""p"":0.001,""r"":7}","{""obs_mistake_mask=E"":1}"
      7168,         0,         0,    1.69,correlated_pymatching,1af5a8d16dfe6abd574790e66dfc9331cc1a7511d9442ded56a0edf86c82b0da,"{""d"":7,""p"":0.00021544346900318845,""r"":7}",
     10240,         0,         0,    2.33,correlated_pymatching,1af5a8d16dfe6abd574790e66dfc9331cc1a7511d9442ded56a0edf86c82b0da,"{""d"":7,""p"":0.00021544346900318845,""r"":7}",
     13312,         0,         0,    1.13,correlated_pymatching,3f140357877ec0bc3d7ae36f067429667d7b4a327fabd9d8f83480f2415abd3d,"{""d"":5,""p"":0.00021544346900318845,""r"":5}",
     14336,         0,         0,    1.19,correlated_pymatching,fe7c60f3112f5f756b2cb8715b3b780d1357bfbf47449ce6c94d04af6e77331b,"{""d"":5,""p"":0.0001,""r"":5}",
      6144,         0,         0,    1.60,correlated_pymatching,526a9c53121d2590a78619e118eac90c4306ffdf6462386d67efd6891e283792,"{""d"":7,""p"":0.00046415888336127773,""r"":7}",
      3072,         0,         0,   0.683,correlated_pymatching,1af5a8d16dfe6abd574790e66dfc9331cc1a7511d9442ded56a0edf86c82b0da,"{""d"":7,""p"":0.00021544346900318845,""r"":7}",
     81920,        18,         0,    1.56,correlated_pymatching,4e1d76e30d73905945fea823a79497226f2df99e76c94def17544c12713a19be,"{""d"":3,""p"":0.0001,""r"":3}","{""obs_mistake_mask=E"":18}"
      9216,         0,         0,    2.36,correlated_pymatching,526a9c53121d2590a78619e118eac90c4306ffdf6462386d67efd6891e283792,"{""d"":7,""p"":0.00046415888336127773,""r"":7}",
      2048,         0,         0,   0.681,correlated_pymatching,9f0d5c5ebeaacfa819af94ab1908d72ac2a5c6fa363048dff740a59665befc15,"{""d"":7,""p"":0.001,""r"":7}",
      3584,        18,         0,    2.31,correlated_pymatching,34734f877c4048906a7282d6aac755b3eddcd1da98427026ac56e106e56cff50,"{""d"":7,""p"":0.002154434690031882,""r"":7}","{""obs_mistake_mask=E"":18}"
      3072,         0,         0,   0.805,correlated_pymatching,526a9c53121d2590a78619e118eac90c4306ffdf6462386d67efd6891e283792,"{""d"":7,""p"":0.00046415888336127773,""r"":7}",
      2560,        25,         0,    1.64,correlated_pymatching,34734f877c4048906a7282d6aac755b3eddcd1da98427026ac56e106e56cff50,"{""d"":7,""p"":0.002154434690031882,""r"":7}","{""obs_mistake_mask=E"":25}"
     57344,        11,         0,    1.11,correlated_pymatching,4e1d76e30d73905945fea823a79497226f2df99e76c94def17544c12713a19be,"{""d"":3,""p"":0.0001,""r"":3}","{""obs_mistake_mask=E"":11}"
      1024,         8,         0,   0.642,correlated_pymatching,34734f877c4048906a7282d6aac755b3eddcd1da98427026ac56e106e56cff50,"{""d"":7,""p"":0.002154434690031882,""r"":7}","{""obs_mistake_mask=E"":8}"
      4096,         0,         0,   0.887,correlated_pymatching,38d00c745a2d4a3a17c6dbc1bbe5617fb3b5e2aa1d862e832a2558b8e0215781,"{""d"":7,""p"":0.0001,""r"":7}",
     12288,         2,         0,    1.16,correlated_pymatching,39f9cb248ab10ec607b9ccaaf482514ae8e1581ef787a88a015fb5c26342afdd,"{""d"":5,""p"":0.00046415888336127773,""r"":5}","{""obs_mistake_mask=E"":2}"
     10240,        27,         0,    1.14,correlated_pymatching,84e621b5815ca4064bfb13d53dc96865766c320a24ea47fc87382d2a7d5c7ff7,"{""d"":5,""p"":0.001,""r"":5}","{""obs_mistake_mask=E"":27}"
     20480,        51,         0,    2.29,correlated_pymatching,84e621b5815ca4064bfb13d53dc96865766c320a24ea47fc87382d2a7d5c7ff7,"{""d"":5,""p"":0.001,""r"":5}","{""obs_mistake_mask=E"":51}"
     12288,        34,         0,    1.39,correlated_pymatching,84e621b5815ca4064bfb13d53dc96865766c320a24ea47fc87382d2a7d5c7ff7,"{""d"":5,""p"":0.001,""r"":5}","{""obs_mistake_mask=E"":34}"
      1024,         3,         0,   0.132,correlated_pymatching,84e621b5815ca4064bfb13d53dc96865766c320a24ea47fc87382d2a7d5c7ff7,"{""d"":5,""p"":0.001,""r"":5}","{""obs_mistake_mask=E"":3}"
     97280,        13,         0,    3.06,correlated_pymatching,4e1d76e30d73905945fea823a79497226f2df99e76c94def17544c12713a19be,"{""d"":3,""p"":0.0001,""r"":3}","{""obs_mistake_mask=E"":13}"
    152576,        29,         0,    3.05,correlated_pymatching,4e1d76e30d73905945fea823a79497226f2df99e76c94def17544c12713a19be,"{""d"":3,""p"":0.0001,""r"":3}","{""obs_mistake_mask=E"":29}"
         1,         0,         0,   0.078,correlated_pymatching,3f140357877ec0bc3d7ae36f067429667d7b4a327fabd9d8f83480f2415abd3d,"{""d"":5,""p"":0.00021544346900318845,""r"":5}",
         1,         0,         0,   0.083,correlated_pymatching,39f9cb248ab10ec607b9ccaaf482514ae8e1581ef787a88a015fb5c26342afdd,"{""d"":5,""p"":0.00046415888336127773,""r"":5}",
      4096,         0,         0,   0.954,correlated_pymatching,1af5a8d16dfe6abd574790e66dfc9331cc1a7511d9442ded56a0edf86c82b0da,"{""d"":7,""p"":0.00021544346900318845,""r"":7}",
         4,         0,         0,   0.130,correlated_pymatching,3f140357877ec0bc3d7ae36f067429667d7b4a327fabd9d8f83480f2415abd3d,"{""d"":5,""p"":0.00021544346900318845,""r"":5}",
     14336,         0,         0,    1.25,correlated_pymatching,fe7c60f3112f5f756b2cb8715b3b780d1357bfbf47449ce6c94d04af6e77331b,"{""d"":5,""p"":0.0001,""r"":5}",
         4,         0,         0,   0.135,correlated_pymatching,39f9cb248ab10ec607b9ccaaf482514ae8e1581ef787a88a015fb5c26342afdd,"{""d"":5,""p"":0.00046415888336127773,""r"":5}",
        16,         0,         0,   0.098,correlated_pymatching,3f140357877ec0bc3d7ae36f067429667d7b4a327fabd9d8f83480f2415abd3d,"{""d"":5,""p"":0.00021544346900318845,""r"":5}",
        16,         0,         0,   0.092,correlated_pymatching,39f9cb248ab10ec607b9ccaaf482514ae8e1581ef787a88a015fb5c26342afdd,"{""d"":5,""p"":0.00046415888336127773,""r"":5}",
        64,         0,         0,   0.074,correlated_pymatching,3f140357877ec0bc3d7ae36f067429667d7b4a327fabd9d8f83480f2415abd3d,"{""d"":5,""p"":0.00021544346900318845,""r"":5}",
        64,         0,         0,   0.081,correlated_pymatching,39f9cb248ab10ec607b9ccaaf482514ae8e1581ef787a88a015fb5c26342afdd,"{""d"":5,""p"":0.00046415888336127773,""r"":5}",
         1,         0,         0,   0.284,correlated_pymatching,38d00c745a2d4a3a17c6dbc1bbe5617fb3b5e2aa1d862e832a2558b8e0215781,"{""d"":7,""p"":0.0001,""r"":7}",
       512,         0,         0,   0.084,correlated_pymatching,3f140357877ec0bc3d7ae36f067429667d7b4a327fabd9d8f83480f2415abd3d,"{""d"":5,""p"":0.00021544346900318845,""r"":5}",
      4096,         0,         0,    1.01,correlated_pymatching,526a9c53121d2590a78619e118eac90c4306ffdf6462386d67efd6891e283792,"{""d"":7,""p"":0.00046415888336127773,""r"":7}",
       256,         1,         0,   0.084,correlated_pymatching,39f9cb248ab10ec607b9ccaaf482514ae8e1581ef787a88a015fb5c26342afdd,"{""d"":5,""p"":0.00046415888336127773,""r"":5}","{""obs_mistake_mask=E"":1}"
      3072,         0,         0,    1.05,correlated_pymatching,9f0d5c5ebeaacfa819af94ab1908d72ac2a5c6fa363048dff740a59665befc15,"{""d"":7,""p"":0.001,""r"":7}",
      1024,         0,         0,   0.072,correlated_pymatching,3f140357877ec0bc3d7ae36f067429667d7b4a327fabd9d8f83480f2415abd3d,"{""d"":5,""p"":0.00021544346900318845,""r"":5}",
      1536,        17,         0,    1.06,correlated_pymatching,34734f877c4048906a7282d6aac755b3eddcd1da98427026ac56e106e56cff50,"{""d"":7,""p"":0.002154434690031882,""r"":7}","{""obs_mistake_mask=E"":17}"
      1024,         0,         0,   0.094,correlated_pymatching,39f9cb248ab10ec607b9ccaaf482514ae8e1581ef787a88a015fb5c26342afdd,"{""d"":5,""p"":0.00046415888336127773,""r"":5}",
     35840,         0,         0,    3.11,correlated_pymatching,fe7c60f3112f5f756b2cb8715b3b780d1357bfbf47449ce6c94d04af6e77331b,"{""d"":5,""p"":0.0001,""r"":5}",
     33792,         2,         0,    3.06,correlated_pymatching,3f140357877ec0bc3d7ae36f067429667d7b4a327fabd9d8f83480f2415abd3d,"{""d"":5,""p"":0.00021544346900318845,""r"":5}","{""obs_mistake_mask=E"":2}"
         2,         0,         0,   0.207,correlated_pymatching,38d00c745a2d4a3a17c6dbc1bbe5617fb3b5e2aa1d862e832a2558b8e0215781,"{""d"":7,""p"":0.0001,""r"":7}",
      1024,         0,         0,   0.098,correlated_pymatching,3f140357877ec0bc3d7ae36f067429667d7b4a327fabd9d8f83480f2415abd3d,"{""d"":5,""p"":0.00021544346900318845,""r"":5}",
     17408,         1,         0,    1.57,correlated_pymatching,3f140357877ec0bc3d7ae36f067429667d7b4a327fabd9d8f83480f2415abd3d,"{""d"":5,""p"":0.00021544346900318845,""r"":5}","{""obs_mistake_mask=E"":1}"
      1024,         0,         0,   0.097,correlated_pymatching,39f9cb248ab10ec607b9ccaaf482514ae8e1581ef787a88a015fb5c26342afdd,"{""d"":5,""p"":0.00046415888336127773,""r"":5}",
     32768,         8,         0,    3.11,correlated_pymatching,39f9cb248ab10ec607b9ccaaf482514ae8e1581ef787a88a015fb5c26342afdd,"{""d"":5,""p"":0.00046415888336127773,""r"":5}","{""obs_mistake_mask=E"":8}"
     17408,         1,         0,    1.57,correlated_pymatching,fe7c60f3112f5f756b2cb8715b3b780d1357bfbf47449ce6c94d04af6e77331b,"{""d"":5,""p"":0.0001,""r"":5}","{""obs_mistake_mask=E"":1}"
      5120,         0,         0,    1.14,correlated_pymatching,38d00c745a2d4a3a17c6dbc1bbe5617fb3b5e2aa1d862e832a2558b8e0215781,"{""d"":7,""p"":0.0001,""r"":7}",
      2048,         0,         0,   0.177,correlated_pymatching,3f140357877ec0bc3d7ae36f067429667d7b4a327fabd9d8f83480f2415abd3d,"{""d"":5,""p"":0.00021544346900318845,""r"":5}",
         4,         0,         0,   0.204,correlated_pymatching,38d00c745a2d4a3a17c6dbc1bbe5617fb3b5e2aa1d862e832a2558b8e0215781,"{""d"":7,""p"":0.0001,""r"":7}",
      2048,         0,         0,   0.183,correlated_pymatching,39f9cb248ab10ec607b9ccaaf482514ae8e1581ef787a88a015fb5c26342afdd,"{""d"":5,""p"":0.00046415888336127773,""r"":5}",
      2048,         1,         0,   0.169,correlated_pymatching,3f140357877ec0bc3d7ae36f067429667d7b4a327fabd9d8f83480f2415abd3d,"{""d"":5,""p"":0.00021544346900318845,""r"":5}","{""obs_mistake_mask=E"":1}"
      9216,         0,         0,    2.25,correlated_pymatching,38d00c745a2d4a3a17c6dbc1bbe5617fb3b5e2aa1d862e832a2558b8e0215781,"{""d"":7,""p"":0.0001,""r"":7}",
         8,         0,         0,   0.210,correlated_pymatching,38d00c745a2d4a3a17c6dbc1bbe5617fb3b5e2aa1d862e832a2558b8e0215781,"{""d"":7,""p"":0.0001,""r"":7}",
     72704,        24,         0,    1.56,correlated_pymatching,4e1d76e30d73905945fea823a79497226f2df99e76c94def17544c12713a19be,"{""d"":3,""p"":0.0001,""r"":3}","{""obs_mistake_mask=E"":24}"
      2048,         2,         0,   0.198,correlated_pymatching,39f9cb248ab10ec607b9ccaaf482514ae8e1581ef787a88a015fb5c26342afdd,"{""d"":5,""p"":0.00046415888336127773,""r"":5}","{""obs_mistake_mask=E"":2}"
     34816,         1,         0,    3.12,correlated_pymatching,3f140357877ec0bc3d7ae36f067429667d7b4a327fabd9d8f83480f2415abd3d,"{""d"":5,""p"":0.00021544346900318845,""r"":5}","{""obs_mistake_mask=E"":1}"
        16,         0,         0,   0.191,correlated_pymatching,38d00c745a2d4a3a17c6dbc1bbe5617fb3b5e2aa1d862e832a2558b8e0215781,"{""d"":7,""p"":0.0001,""r"":7}",
      9216,         0,         0,    2.18,correlated_pymatching,1af5a8d16dfe6abd574790e66dfc9331cc1a7511d9442ded56a0edf86c82b0da,"{""d"":7,""p"":0.00021544346900318845,""r"":7}",
      3072,         1,         0,   0.284,correlated_pymatching,3f140357877ec0bc3d7ae36f067429667d7b4a327fabd9d8f83480f2415abd3d,"{""d"":5,""p"":0.00021544346900318845,""r"":5}","{""obs_mistake_mask=E"":1}"
     16384,         2,         0,    1.61,correlated_pymatching,39f9cb248ab10ec607b9ccaaf482514ae8e1581ef787a88a015fb5c26342afdd,"{""d"":5,""p"":0.00046415888336127773,""r"":5}","{""obs_mistake_mask=E"":2}"
      3072,         2,         0,   0.276,correlated_pymatching,39f9cb248ab10ec607b9ccaaf482514ae8e1581ef787a88a015fb5c26342afdd,"{""d"":5,""p"":0.00046415888336127773,""r"":5}","{""obs_mistake_mask=E"":2}"
      5120,         0,         0,    1.20,correlated_pymatching,1af5a8d16dfe6abd574790e66dfc9331cc1a7511d9442ded56a0edf86c82b0da,"{""d"":7,""p"":0.00021544346900318845,""r"":7}",
      8192,         0,         0,    2.19,correlated_pymatching,526a9c53121d2590a78619e118eac90c4306ffdf6462386d67efd6891e283792,"{""d"":7,""p"":0.00046415888336127773,""r"":7}",
        32,         0,         0,   0.221,correlated_pymatching,38d00c745a2d4a3a17c6dbc1bbe5617fb3b5e2aa1d862e832a2558b8e0215781,"{""d"":7,""p"":0.0001,""r"":7}",
    107520,        25,         0,    2.18,correlated_pymatching,4e1d76e30d73905945fea823a79497226f2df99e76c94def17544c12713a19be,"{""d"":3,""p"":0.0001,""r"":3}","{""obs_mistake_mask=E"":25}"
      8192,         1,         0,    2.49,correlated_pymatching,9f0d5c5ebeaacfa819af94ab1908d72ac2a5c6fa363048dff740a59665befc15,"{""d"":7,""p"":0.001,""r"":7}","{""obs_mistake_mask=E"":1}"
     31744,         5,         0,    3.11,correlated_pymatching,39f9cb248ab10ec607b9ccaaf482514ae8e1581ef787a88a015fb5c26342afdd,"{""d"":5,""p"":0.00046415888336127773,""r"":5}","{""obs_mistake_mask=E"":5}"
      4096,         0,         0,   0.347,correlated_pymatching,3f140357877ec0bc3d7ae36f067429667d7b4a327fabd9d8f83480f2415abd3d,"{""d"":5,""p"":0.00021544346900318845,""r"":5}",
      3072,         1,         0,   0.291,correlated_pymatching,39f9cb248ab10ec607b9ccaaf482514ae8e1581ef787a88a015fb5c26342afdd,"{""d"":5,""p"":0.00046415888336127773,""r"":5}","{""obs_mistake_mask=E"":1}"
        64,         0,         0,   0.212,correlated_pymatching,38d00c745a2d4a3a17c6dbc1bbe5617fb3b5e2aa1d862e832a2558b8e0215781,"{""d"":7,""p"":0.0001,""r"":7}",
      5120,        50,         0,    2.26,correlated_pymatching,34734f877c4048906a7282d6aac755b3eddcd1da98427026ac56e106e56cff50,"{""d"":7,""p"":0.002154434690031882,""r"":7}","{""obs_mistake_mask=E"":50}"
      5120,         0,         0,    1.28,correlated_pymatching,526a9c53121d2590a78619e118eac90c4306ffdf6462386d67efd6891e283792,"{""d"":7,""p"":0.00046415888336127773,""r"":7}",
     21504,         0,         0,    3.10,correlated_pymatching,fe7c60f3112f5f756b2cb8715b3b780d1357bfbf47449ce6c94d04af6e77331b,"{""d"":5,""p"":0.0001,""r"":5}",
      4096,         2,         0,    1.29,correlated_pymatching,9f0d5c5ebeaacfa819af94ab1908d72ac2a5c6fa363048dff740a59665befc15,"{""d"":7,""p"":0.001,""r"":7}","{""obs_mistake_mask=E"":2}"
     19456,         0,         0,    1.57,correlated_pymatching,fe7c60f3112f5f756b2cb8715b3b780d1357bfbf47449ce6c94d04af6e77331b,"{""d"":5,""p"":0.0001,""r"":5}",
      2048,        10,         0,    1.32,correlated_pymatching,34734f877c4048906a7282d6aac755b3eddcd1da98427026ac56e106e56cff50,"{""d"":7,""p"":0.002154434690031882,""r"":7}","{""obs_mistake_mask=E"":10}"
       128,         0,         0,   0.216,correlated_pymatching,38d00c745a2d4a3a17c6dbc1bbe5617fb3b5e2aa1d862e832a2558b8e0215781,"{""d"":7,""p"":0.0001,""r"":7}",
      5120,         0,         0,   0.446,correlated_pymatching,3f140357877ec0bc3d7ae36f067429667d7b4a327fabd9d8f83480f2415abd3d,"{""d"":5,""p"":0.00021544346900318845,""r"":5}",
       256,         0,         0,   0.212,correlated_pymatching,38d00c745a2d4a3a17c6dbc1bbe5617fb3b5e2aa1d862e832a2558b8e0215781,"{""d"":7,""p"":0.0001,""r"":7}",
      5120,         1,         0,   0.468,correlated_pymatching,39f9cb248ab10ec607b9ccaaf482514ae8e1581ef787a88a015fb5c26342afdd,"{""d"":5,""p"":0.00046415888336127773,""r"":5}","{""obs_mistake_mask=E"":1}"
     14336,         0,         0,    3.26,correlated_pymatching,38d00c745a2d4a3a17c6dbc1bbe5617fb3b5e2aa1d862e832a2558b8e0215781,"{""d"":7,""p"":0.0001,""r"":7}",
     10240,         1,         0,    3.18,correlated_pymatching,9f0d5c5ebeaacfa819af94ab1908d72ac2a5c6fa363048dff740a59665befc15,"{""d"":7,""p"":0.001,""r"":7}","{""obs_mistake_mask=E"":1}"
     13312,         0,         0,    3.11,correlated_pymatching,1af5a8d16dfe6abd574790e66dfc9331cc1a7511d9442ded56a0edf86c82b0da,"{""d"":7,""p"":0.00021544346900318845,""r"":7}",
       512,         0,         0,   0.220,correlated_pymatching,38d00c745a2d4a3a17c6dbc1bbe5617fb3b5e2aa1d862e832a2558b8e0215781,"{""d"":7,""p"":0.0001,""r"":7}",
      7168,         0,         0,    1.57,correlated_pymatching,38d00c745a2d4a3a17c6dbc1bbe5617fb3b5e2aa1d862e832a2558b8e0215781,"{""d"":7,""p"":0.0001,""r"":7}",
     12288,         0,         0,    3.13,correlated_pymatching,526a9c53121d2590a78619e118eac90c4306ffdf6462386d67efd6891e283792,"{""d"":7,""p"":0.00046415888336127773,""r"":7}",
      6144,         1,         0,   0.579,correlated_pymatching,39f9cb248ab10ec607b9ccaaf482514ae8e1581ef787a88a015fb5c26342afdd,"{""d"":5,""p"":0.00046415888336127773,""r"":5}","{""obs_mistake_mask=E"":1}"
      7168,         0,         0,   0.621,correlated_pymatching,3f140357877ec0bc3d7ae36f067429667d7b4a327fabd9d8f83480f2415abd3d,"{""d"":5,""p"":0.00021544346900318845,""r"":5}",
      2048,         0,         0,   0.476,correlated_pymatching,38d00c745a2d4a3a17c6dbc1bbe5617fb3b5e2aa1d862e832a2558b8e0215781,"{""d"":7,""p"":0.0001,""r"":7}",
      7168,        56,         0,    3.33,correlated_pymatching,34734f877c4048906a7282d6aac755b3eddcd1da98427026ac56e106e56cff50,"{""d"":7,""p"":0.002154434690031882,""r"":7}","{""obs_mistake_mask=E"":56}"
     26624,         3,         0,    2.26,correlated_pymatching,3f140357877ec0bc3d7ae36f067429667d7b4a327fabd9d8f83480f2415abd3d,"{""d"":5,""p"":0.00021544346900318845,""r"":5}","{""obs_mistake_mask=E"":3}"
     26624,         0,         0,    2.21,correlated_pymatching,fe7c60f3112f5f756b2cb8715b3b780d1357bfbf47449ce6c94d04af6e77331b,"{""d"":5,""p"":0.0001,""r"":5}",
      7168,         0,         0,    1.63,correlated_pymatching,1af5a8d16dfe6abd574790e66dfc9331cc1a7511d9442ded56a0edf86c82b0da,"{""d"":7,""p"":0.00021544346900318845,""r"":7}",
    115712,        25,         0,    2.17,correlated_pymatching,4e1d76e30d73905945fea823a79497226f2df99e76c94def17544c12713a19be,"{""d"":3,""p"":0.0001,""r"":3}","{""obs_mistake_mask=E"":25}"
      2048,         0,         0,   0.472,correlated_pymatching,38d00c745a2d4a3a17c6dbc1bbe5617fb3b5e2aa1d862e832a2558b8e0215781,"{""d"":7,""p"":0.0001,""r"":7}",
      6144,         0,         0,    1.56,correlated_pymatching,526a9c53121d2590a78619e118eac90c4306ffdf6462386d67efd6891e283792,"{""d"":7,""p"":0.00046415888336127773,""r"":7}",
      5120,         0,         0,    1.64,correlated_pymatching,9f0d5c5ebeaacfa819af94ab1908d72ac2a5c6fa363048dff740a59665befc15,"{""d"":7,""p"":0.001,""r"":7}",
      9216,         0,         0,   0.806,correlated_pymatching,3f140357877ec0bc3d7ae36f067429667d7b4a327fabd9d8f83480f2415abd3d,"{""d"":5,""p"":0.00021544346900318845,""r"":5}",
      2560,        20,         0,    1.61,correlated_pymatching,34734f877c4048906a7282d6aac755b3eddcd1da98427026ac56e106e56cff50,"{""d"":7,""p"":0.002154434690031882,""r"":7}","{""obs_mistake_mask=E"":20}"
     23552,         6,         0,    2.22,correlated_pymatching,39f9cb248ab10ec607b9ccaaf482514ae8e1581ef787a88a015fb5c26342afdd,"{""d"":5,""p"":0.00046415888336127773,""r"":5}","{""obs_mistake_mask=E"":6}"
      9216,         2,         0,   0.863,correlated_pymatching,39f9cb248ab10ec607b9ccaaf482514ae8e1581ef787a88a015fb5c26342afdd,"{""d"":5,""p"":0.00046415888336127773,""r"":5}","{""obs_mistake_mask=E"":2}"
      3072,         0,         0,   0.703,correlated_pymatching,38d00c745a2d4a3a17c6dbc1bbe5617fb3b5e2aa1d862e832a2558b8e0215781,"{""d"":7,""p"":0.0001,""r"":7}",
     26624,         1,         0,    2.21,correlated_pymatching,fe7c60f3112f5f756b2cb8715b3b780d1357bfbf47449ce6c94d04af6e77331b,"{""d"":5,""p"":0.0001,""r"":5}","{""obs_mistake_mask=E"":1}"
    131072,        24,         0,    4.26,correlated_pymatching,4e1d76e30d73905945fea823a79497226f2df99e76c94def17544c12713a19be,"{""d"":3,""p"":0.0001,""r"":3}","{""obs_mistake_mask=E"":24}"
    220160,        36,         0,    4.26,correlated_pymatching,4e1d76e30d73905945fea823a79497226f2df99e76c94def17544c12713a19be,"{""d"":3,""p"":0.0001,""r"":3}","{""obs_mistake_mask=E"":36}"
     52224,        16,         0,   0.990,correlated_pymatching,4e1d76e30d73905945fea823a79497226f2df99e76c94def17544c12713a19be,"{""d"":3,""p"":0.0001,""r"":3}","{""obs_mistake_mask=E"":16}"
      2048,         0,         0,   0.069,correlated_pymatching,4e1d76e30d73905945fea823a79497226f2df99e76c94def17544c12713a19be,"{""d"":3,""p"":0.0001,""r"":3}",
     14336,         0,         0,    3.27,correlated_pymatching,38d00c745a2d4a3a17c6dbc1bbe5617fb3b5e2aa1d862e832a2558b8e0215781,"{""d"":7,""p"":0.0001,""r"":7}",
    141312,        27,         0,    2.74,correlated_pymatching,4e1d76e30d73905945fea823a79497226f2df99e76c94def17544c12713a19be,"{""d"":3,""p"":0.0001,""r"":3}","{""obs_mistake_mask=E"":27}"
      1024,         0,         0,   0.024,correlated_pymatching,4e1d76e30d73905945fea823a79497226f2df99e76c94def17544c12713a19be,"{""d"":3,""p"":0.0001,""r"":3}",
     13312,         0,         0,    3.21,correlated_pymatching,1af5a8d16dfe6abd574790e66dfc9331cc1a7511d9442ded56a0edf86c82b0da,"{""d"":7,""p"":0.00021544346900318845,""r"":7}",
     10240,         0,         0,    2.30,correlated_pymatching,38d00c745a2d4a3a17c6dbc1bbe5617fb3b5e2aa1d862e832a2558b8e0215781,"{""d"":7,""p"":0.0001,""r"":7}",
     14336,         0,         0,    1.19,correlated_pymatching,3f140357877ec0bc3d7ae36f067429667d7b4a327fabd9d8f83480f2415abd3d,"{""d"":5,""p"":0.00021544346900318845,""r"":5}",
     12288,         0,         0,    3.28,correlated_pymatching,526a9c53121d2590a78619e118eac90c4306ffdf6462386d67efd6891e283792,"{""d"":7,""p"":0.00046415888336127773,""r"":7}",
     12288,         3,         0,    1.16,correlated_pymatching,39f9cb248ab10ec607b9ccaaf482514ae8e1581ef787a88a015fb5c26342afdd,"{""d"":5,""p"":0.00046415888336127773,""r"":5}","{""obs_mistake_mask=E"":3}"
         1,         0,         0,   0.214,correlated_pymatching,34734f877c4048906a7282d6aac755b3eddcd1da98427026ac56e106e56cff50,"{""d"":7,""p"":0.002154434690031882,""r"":7}",
         1,         0,         0,   0.222,correlated_pymatching,9f0d5c5ebeaacfa819af94ab1908d72ac2a5c6fa363048dff740a59665befc15,"{""d"":7,""p"":0.001,""r"":7}",
         1,         0,         0,   0.254,correlated_pymatching,526a9c53121d2590a78619e118eac90c4306ffdf6462386d67efd6891e283792,"{""d"":7,""p"":0.00046415888336127773,""r"":7}",
     10240,         1,         0,    3.28,correlated_pymatching,9f0d5c5ebeaacfa819af94ab1908d72ac2a5c6fa363048dff740a59665befc15,"{""d"":7,""p"":0.001,""r"":7}","{""obs_mistake_mask=E"":1}"
     52224,         0,         0,    4.29,correlated_pymatching,fe7c60f3112f5f756b2cb8715b3b780d1357bfbf47449ce6c94d04af6e77331b,"{""d"":5,""p"":0.0001,""r"":5}",
      4096,         0,         0,   0.935,correlated_pymatching,38d00c745a2d4a3a17c6dbc1bbe5617fb3b5e2aa1d862e832a2558b8e0215781,"{""d"":7,""p"":0.0001,""r"":7}",
     50176,         1,         0,    4.33,correlated_pymatching,3f140357877ec0bc3d7ae36f067429667d7b4a327fabd9d8f83480f2415abd3d,"{""d"":5,""p"":0.00021544346900318845,""r"":5}","{""obs_mistake_mask=E"":1}"
         2,         1,         0,   0.197,correlated_pymatching,34734f877c4048906a7282d6aac755b3eddcd1da98427026ac56e106e56cff50,"{""d"":7,""p"":0.002154434690031882,""r"":7}","{""obs_mistake_mask=E"":1}"
         2,         0,         0,   0.215,correlated_pymatching,9f0d5c5ebeaacfa819af94ab1908d72ac2a5c6fa363048dff740a59665befc15,"{""d"":7,""p"":0.001,""r"":7}",
         2,         0,         0,   0.212,correlated_pymatching,526a9c53121d2590a78619e118eac90c4306ffdf6462386d67efd6891e283792,"{""d"":7,""p"":0.00046415888336127773,""r"":7}",
      7168,        56,         0,    3.27,correlated_pymatching,34734f877c4048906a7282d6aac755b3eddcd1da98427026ac56e106e56cff50,"{""d"":7,""p"":0.002154434690031882,""r"":7}","{""obs_mistake_mask=E"":56}"
         1,         0,         0,   0.352,correlated_pymatching,1af5a8d16dfe6abd574790e66dfc9331cc1a7511d9442ded56a0edf86c82b0da,"{""d"":7,""p"":0.00021544346900318845,""r"":7}",
     46080,         9,         0,    4.35,correlated_pymatching,39f9cb248ab10ec607b9ccaaf482514ae8e1581ef787a88a015fb5c26342afdd,"{""d"":5,""p"":0.00046415888336127773,""r"":5}","{""obs_mistake_mask=E"":9}"
      5120,        37,         0,    2.27,correlated_pymatching,34734f877c4048906a7282d6aac755b3eddcd1da98427026ac56e106e56cff50,"{""d"":7,""p"":0.002154434690031882,""r"":7}","{""obs_mistake_mask=E"":37}"
         4,         0,         0,   0.204,correlated_pymatching,34734f877c4048906a7282d6aac755b3eddcd1da98427026ac56e106e56cff50,"{""d"":7,""p"":0.002154434690031882,""r"":7}",
         4,         0,         0,   0.204,correlated_pymatching,9f0d5c5ebeaacfa819af94ab1908d72ac2a5c6fa363048dff740a59665befc15,"{""d"":7,""p"":0.001,""r"":7}",
         4,         0,         0,   0.207,correlated_pymatching,526a9c53121d2590a78619e118eac90c4306ffdf6462386d67efd6891e283792,"{""d"":7,""p"":0.00046415888336127773,""r"":7}",
     10240,         0,         0,    2.31,correlated_pymatching,1af5a8d16dfe6abd574790e66dfc9331cc1a7511d9442ded56a0edf86c82b0da,"{""d"":7,""p"":0.00021544346900318845,""r"":7}",
      3584,        26,         0,    1.88,correlated_pymatching,34734f877c4048906a7282d6aac755b3eddcd1da98427026ac56e106e56cff50,"{""d"":7,""p"":0.002154434690031882,""r"":7}","{""obs_mistake_mask=E"":26}"
         1,         0,         0,   0.354,correlated_pymatching,1af5a8d16dfe6abd574790e66dfc9331cc1a7511d9442ded56a0edf86c82b0da,"{""d"":7,""p"":0.00021544346900318845,""r"":7}",
         8,         0,         0,   0.212,correlated_pymatching,9f0d5c5ebeaacfa819af94ab1908d72ac2a5c6fa363048dff740a59665befc15,"{""d"":7,""p"":0.001,""r"":7}",
         8,         0,         0,   0.195,correlated_pymatching,526a9c53121d2590a78619e118eac90c4306ffdf6462386d67efd6891e283792,"{""d"":7,""p"":0.00046415888336127773,""r"":7}",
      1024,         8,         0,   0.470,correlated_pymatching,34734f877c4048906a7282d6aac755b3eddcd1da98427026ac56e106e56cff50,"{""d"":7,""p"":0.002154434690031882,""r"":7}","{""obs_mistake_mask=E"":8}"
     49152,         4,         0,    4.28,correlated_pymatching,3f140357877ec0bc3d7ae36f067429667d7b4a327fabd9d8f83480f2415abd3d,"{""d"":5,""p"":0.00021544346900318845,""r"":5}","{""obs_mistake_mask=E"":4}"
        16,         0,         0,   0.204,correlated_pymatching,9f0d5c5ebeaacfa819af94ab1908d72ac2a5c6fa363048dff740a59665befc15,"{""d"":7,""p"":0.001,""r"":7}",
        16,         0,         0,   0.224,correlated_pymatching,526a9c53121d2590a78619e118eac90c4306ffdf6462386d67efd6891e283792,"{""d"":7,""p"":0.00046415888336127773,""r"":7}",
      9216,         0,         0,    2.31,correlated_pymatching,526a9c53121d2590a78619e118eac90c4306ffdf6462386d67efd6891e283792,"{""d"":7,""p"":0.00046415888336127773,""r"":7}",
      7168,         6,         0,    2.23,correlated_pymatching,9f0d5c5ebeaacfa819af94ab1908d72ac2a5c6fa363048dff740a59665befc15,"{""d"":7,""p"":0.001,""r"":7}","{""obs_mistake_mask=E"":6}"
         1,         0,         0,   0.081,correlated_pymatching,fe7c60f3112f5f756b2cb8715b3b780d1357bfbf47449ce6c94d04af6e77331b,"{""d"":5,""p"":0.0001,""r"":5}",
         1,         0,         0,   0.074,correlated_pymatching,39f9cb248ab10ec607b9ccaaf482514ae8e1581ef787a88a015fb5c26342afdd,"{""d"":5,""p"":0.00046415888336127773,""r"":5}",
         1,         0,         0,   0.083,correlated_pymatching,3f140357877ec0bc3d7ae36f067429667d7b4a327fabd9d8f83480f2415abd3d,"{""d"":5,""p"":0.00021544346900318845,""r"":5}",
         1,         0,         0,   0.336,correlated_pymatching,1af5a8d16dfe6abd574790e66dfc9331cc1a7511d9442ded56a0edf86c82b0da,"{""d"":7,""p"":0.00021544346900318845,""r"":7}",
         8,         0,         0,   0.072,correlated_pymatching,39f9cb248ab10ec607b9ccaaf482514ae8e1581ef787a88a015fb5c26342afdd,"{""d"":5,""p"":0.00046415888336127773,""r"":5}",
         4,         0,         0,   0.070,correlated_pymatching,3f140357877ec0bc3d7ae36f067429667d7b4a327fabd9d8f83480f2415abd3d,"{""d"":5,""p"":0.00021544346900318845,""r"":5}",
         4,         0,         0,   0.082,correlated_pymatching,fe7c60f3112f5f756b2cb8715b3b780d1357bfbf47449ce6c94d04af6e77331b,"{""d"":5,""p"":0.0001,""r"":5}",
        32,         0,         0,   0.208,correlated_pymatching,9f0d5c5ebeaacfa819af94ab1908d72ac2a5c6fa363048dff740a59665befc15,"{""d"":7,""p"":0.001,""r"":7}",
        32,         0,         0,   0.074,correlated_pymatching,3f140357877ec0bc3d7ae36f067429667d7b4a327fabd9d8f83480f2415abd3d,"{""d"":5,""p"":0.00021544346900318845,""r"":5}",
        32,         0,         0,   0.210,correlated_pymatching,526a9c53121d2590a78619e118eac90c4306ffdf6462386d67efd6891e283792,"{""d"":7,""p"":0.00046415888336127773,""r"":7}",
        16,         0,         0,   0.076,correlated_pymatching,fe7c60f3112f5f756b2cb8715b3b780d1357bfbf47449ce6c94d04af6e77331b,"{""d"":5,""p"":0.0001,""r"":5}",
        64,         0,         0,   0.082,correlated_pymatching,39f9cb248ab10ec607b9ccaaf482514ae8e1581ef787a88a015fb5c26342afdd,"{""d"":5,""p"":0.00046415888336127773,""r"":5}",
     46080,         8,         0,    4.30,correlated_pymatching,39f9cb248ab10ec607b9ccaaf482514ae8e1581ef787a88a015fb5c26342afdd,"{""d"":5,""p"":0.00046415888336127773,""r"":5}","{""obs_mistake_mask=E"":8}"
        64,         0,         0,   0.061,correlated_pymatching,fe7c60f3112f5f756b2cb8715b3b780d1357bfbf47449ce6c94d04af6e77331b,"{""d"":5,""p"":0.0001,""r"":5}",
       256,         0,         0,   0.076,correlated_pymatching,3f140357877ec0bc3d7ae36f067429667d7b4a327fabd9d8f83480f2415abd3d,"{""d"":5,""p"":0.00021544346900318845,""r"":5}",
       256,         0,         0,   0.074,correlated_pymatching,39f9cb248ab10ec607b9ccaaf482514ae8e1581ef787a88a015fb5c26342afdd,"{""d"":5,""p"":0.00046415888336127773,""r"":5}",
         1,         0,         0,   0.207,correlated_pymatching,38d00c745a2d4a3a17c6dbc1bbe5617fb3b5e2aa1d862e832a2558b8e0215781,"{""d"":7,""p"":0.0001,""r"":7}",
        64,         0,         0,   0.202,correlated_pymatching,9f0d5c5ebeaacfa819af94ab1908d72ac2a5c6fa363048dff740a59665befc15,"{""d"":7,""p"":0.001,""r"":7}",
       512,         0,         0,   0.094,correlated_pymatching,fe7c60f3112f5f756b2cb8715b3b780d1357bfbf47449ce6c94d04af6e77331b,"{""d"":5,""p"":0.0001,""r"":5}",
      1024,         0,         0,   0.089,correlated_pymatching,3f140357877ec0bc3d7ae36f067429667d7b4a327fabd9d8f83480f2415abd3d,"{""d"":5,""p"":0.00021544346900318845,""r"":5}",
      1024,         1,         0,   0.096,correlated_pymatching,39f9cb248ab10ec607b9ccaaf482514ae8e1581ef787a88a015fb5c26342afdd,"{""d"":5,""p"":0.00046415888336127773,""r"":5}","{""obs_mistake_mask=E"":1}"
     36864,         1,         0,    3.06,correlated_pymatching,fe7c60f3112f5f756b2cb8715b3b780d1357bfbf47449ce6c94d04af6e77331b,"{""d"":5,""p"":0.0001,""r"":5}","{""obs_mistake_mask=E"":1}"
     35840,         0,         0,    3.10,correlated_pymatching,3f140357877ec0bc3d7ae36f067429667d7b4a327fabd9d8f83480f2415abd3d,"{""d"":5,""p"":0.00021544346900318845,""r"":5}",
         1,         0,         0,   0.335,correlated_pymatching,1af5a8d16dfe6abd574790e66dfc9331cc1a7511d9442ded56a0edf86c82b0da,"{""d"":7,""p"":0.00021544346900318845,""r"":7}",
     30720,         0,         0,    4.27,correlated_pymatching,fe7c60f3112f5f756b2cb8715b3b780d1357bfbf47449ce6c94d04af6e77331b,"{""d"":5,""p"":0.0001,""r"":5}",
      5120,         0,         0,    1.16,correlated_pymatching,38d00c745a2d4a3a17c6dbc1bbe5617fb3b5e2aa1d862e832a2558b8e0215781,"{""d"":7,""p"":0.0001,""r"":7}",
        64,         0,         0,   0.221,correlated_pymatching,526a9c53121d2590a78619e118eac90c4306ffdf6462386d67efd6891e283792,"{""d"":7,""p"":0.00046415888336127773,""r"":7}",
      1024,         0,         0,   0.084,correlated_pymatching,fe7c60f3112f5f756b2cb8715b3b780d1357bfbf47449ce6c94d04af6e77331b,"{""d"":5,""p"":0.0001,""r"":5}",
      1024,         0,         0,   0.088,correlated_pymatching,3f140357877ec0bc3d7ae36f067429667d7b4a327fabd9d8f83480f2415abd3d,"{""d"":5,""p"":0.00021544346900318845,""r"":5}",
      1024,         0,         0,   0.096,correlated_pymatching,39f9cb248ab10ec607b9ccaaf482514ae8e1581ef787a88a015fb5c26342afdd,"{""d"":5,""p"":0.00046415888336127773,""r"":5}",
         2,         0,         0,   0.191,correlated_pymatching,38d00c745a2d4a3a17c6dbc1bbe5617fb3b5e2aa1d862e832a2558b8e0215781,"{""d"":7,""p"":0.0001,""r"":7}",
      1024,         0,         0,   0.078,correlated_pymatching,3f140357877ec0bc3d7ae36f067429667d7b4a327fabd9d8f83480f2415abd3d,"{""d"":5,""p"":0.00021544346900318845,""r"":5}",
      1024,         1,         0,   0.087,correlated_pymatching,39f9cb248ab10ec607b9ccaaf482514ae8e1581ef787a88a015fb5c26342afdd,"{""d"":5,""p"":0.00046415888336127773,""r"":5}","{""obs_mistake_mask=E"":1}"
       128,         0,         0,   0.230,correlated_pymatching,9f0d5c5ebeaacfa819af94ab1908d72ac2a5c6fa363048dff740a59665befc15,"{""d"":7,""p"":0.001,""r"":7}",
      2048,         0,         0,   0.168,correlated_pymatching,fe7c60f3112f5f756b2cb8715b3b780d1357bfbf47449ce6c94d04af6e77331b,"{""d"":5,""p"":0.0001,""r"":5}",
     18432,         1,         0,    1.59,correlated_pymatching,3f140357877ec0bc3d7ae36f067429667d7b4a327fabd9d8f83480f2415abd3d,"{""d"":5,""p"":0.00021544346900318845,""r"":5}","{""obs_mistake_mask=E"":1}"
       128,         0,         0,   0.216,correlated_pymatching,526a9c53121d2590a78619e118eac90c4306ffdf6462386d67efd6891e283792,"{""d"":7,""p"":0.00046415888336127773,""r"":7}",
     17408,         5,         0,    1.63,correlated_pymatching,39f9cb248ab10ec607b9ccaaf482514ae8e1581ef787a88a015fb5c26342afdd,"{""d"":5,""p"":0.00046415888336127773,""r"":5}","{""obs_mistake_mask=E"":5}"
         4,         0,         0,   0.208,correlated_pymatching,38d00c745a2d4a3a17c6dbc1bbe5617fb3b5e2aa1d862e832a2558b8e0215781,"{""d"":7,""p"":0.0001,""r"":7}",
      2048,         0,         0,   0.184,correlated_pymatching,3f140357877ec0bc3d7ae36f067429667d7b4a327fabd9d8f83480f2415abd3d,"{""d"":5,""p"":0.00021544346900318845,""r"":5}",
         1,         0,         0,   0.336,correlated_pymatching,1af5a8d16dfe6abd574790e66dfc9331cc1a7511d9442ded56a0edf86c82b0da,"{""d"":7,""p"":0.00021544346900318845,""r"":7}",
      2048,         1,         0,   0.199,correlated_pymatching,39f9cb248ab10ec607b9ccaaf482514ae8e1581ef787a88a015fb5c26342afdd,"{""d"":5,""p"":0.00046415888336127773,""r"":5}","{""obs_mistake_mask=E"":1}"
      2048,         0,         0,   0.173,correlated_pymatching,fe7c60f3112f5f756b2cb8715b3b780d1357bfbf47449ce6c94d04af6e77331b,"{""d"":5,""p"":0.0001,""r"":5}",
     19456,         0,         0,    4.32,correlated_pymatching,38d00c745a2d4a3a17c6dbc1bbe5617fb3b5e2aa1d862e832a2558b8e0215781,"{""d"":7,""p"":0.0001,""r"":7}",
       256,         0,         0,   0.238,correlated_pymatching,9f0d5c5ebeaacfa819af94ab1908d72ac2a5c6fa363048dff740a59665befc15,"{""d"":7,""p"":0.001,""r"":7}",
     14336,         2,         0,    4.31,correlated_pymatching,9f0d5c5ebeaacfa819af94ab1908d72ac2a5c6fa363048dff740a59665befc15,"{""d"":7,""p"":0.001,""r"":7}","{""obs_mistake_mask=E"":2}"
       256,         0,         0,   0.224,correlated_pymatching,526a9c53121d2590a78619e118eac90c4306ffdf6462386d67efd6891e283792,"{""d"":7,""p"":0.00046415888336127773,""r"":7}",
      2048,         0,         0,   0.172,correlated_pymatching,3f140357877ec0bc3d7ae36f067429667d7b4a327fabd9d8f83480f2415abd3d,"{""d"":5,""p"":0.00021544346900318845,""r"":5}",
         8,         0,         0,   0.188,correlated_pymatching,38d00c745a2d4a3a17c6dbc1bbe5617fb3b5e2aa1d862e832a2558b8e0215781,"{""d"":7,""p"":0.0001,""r"":7}",
      2048,         0,         0,   0.182,correlated_pymatching,39f9cb248ab10ec607b9ccaaf482514ae8e1581ef787a88a015fb5c26342afdd,"{""d"":5,""p"":0.00046415888336127773,""r"":5}",
      2048,         0,         0,   0.172,correlated_pymatching,fe7c60f3112f5f756b2cb8715b3b780d1357bfbf47449ce6c94d04af6e77331b,"{""d"":5,""p"":0.0001,""r"":5}",
     32768,         9,         0,    3.13,correlated_pymatching,39f9cb248ab10ec607b9ccaaf482514ae8e1581ef787a88a015fb5c26342afdd,"{""d"":5,""p"":0.00046415888336127773,""r"":5}","{""obs_mistake_mask=E"":9}"
     19456,         0,         0,    4.47,correlated_pymatching,1af5a8d16dfe6abd574790e66dfc9331cc1a7511d9442ded56a0edf86c82b0da,"{""d"":7,""p"":0.00021544346900318845,""r"":7}",
         1,         0,         0,   0.336,correlated_pymatching,1af5a8d16dfe6abd574790e66dfc9331cc1a7511d9442ded56a0edf86c82b0da,"{""d"":7,""p"":0.00021544346900318845,""r"":7}",
       512,         0,         0,   0.226,correlated_pymatching,526a9c53121d2590a78619e118eac90c4306ffdf6462386d67efd6891e283792,"{""d"":7,""p"":0.00046415888336127773,""r"":7}",
        16,         0,         0,   0.194,correlated_pymatching,38d00c745a2d4a3a17c6dbc1bbe5617fb3b5e2aa1d862e832a2558b8e0215781,"{""d"":7,""p"":0.0001,""r"":7}",
       512,         0,         0,   0.260,correlated_pymatching,9f0d5c5ebeaacfa819af94ab1908d72ac2a5c6fa363048dff740a59665befc15,"{""d"":7,""p"":0.001,""r"":7}",
      3072,         0,         0,   0.264,correlated_pymatching,3f140357877ec0bc3d7ae36f067429667d7b4a327fabd9d8f83480f2415abd3d,"{""d"":5,""p"":0.00021544346900318845,""r"":5}",
      3072,         0,         0,   0.248,correlated_pymatching,fe7c60f3112f5f756b2cb8715b3b780d1357bfbf47449ce6c94d04af6e77331b,"{""d"":5,""p"":0.0001,""r"":5}",
      3072,         0,         0,   0.284,correlated_pymatching,39f9cb248ab10ec607b9ccaaf482514ae8e1581ef787a88a015fb5c26342afdd,"{""d"":5,""p"":0.00046415888336127773,""r"":5}",
        32,         0,         0,   0.202,correlated_pymatching,38d00c745a2d4a3a17c6dbc1bbe5617fb3b5e2aa1d862e832a2558b8e0215781,"{""d"":7,""p"":0.0001,""r"":7}",
     17408,         0,         0,    4.38,correlated_pymatching,526a9c53121d2590a78619e118eac90c4306ffdf6462386d67efd6891e283792,"{""d"":7,""p"":0.00046415888336127773,""r"":7}",
      1024,         0,         0,   0.323,correlated_pymatching,9f0d5c5ebeaacfa819af94ab1908d72ac2a5c6fa363048dff740a59665befc15,"{""d"":7,""p"":0.001,""r"":7}",
         1,         0,         0,   0.344,correlated_pymatching,1af5a8d16dfe6abd574790e66dfc9331cc1a7511d9442ded56a0edf86c82b0da,"{""d"":7,""p"":0.00021544346900318845,""r"":7}",
     37888,         0,         0,    3.10,correlated_pymatching,fe7c60f3112f5f756b2cb8715b3b780d1357bfbf47449ce6c94d04af6e77331b,"{""d"":5,""p"":0.0001,""r"":5}",
        64,         0,         0,   0.204,correlated_pymatching,38d00c745a2d4a3a17c6dbc1bbe5617fb3b5e2aa1d862e832a2558b8e0215781,"{""d"":7,""p"":0.0001,""r"":7}",
      4096,         0,         0,   0.347,correlated_pymatching,3f140357877ec0bc3d7ae36f067429667d7b4a327fabd9d8f83480f2415abd3d,"{""d"":5,""p"":0.00021544346900318845,""r"":5}",
      4096,         0,         0,   0.342,correlated_pymatching,fe7c60f3112f5f756b2cb8715b3b780d1357bfbf47449ce6c94d04af6e77331b,"{""d"":5,""p"":0.0001,""r"":5}",
      4096,         3,         0,   0.375,correlated_pymatching,39f9cb248ab10ec607b9ccaaf482514ae8e1581ef787a88a015fb5c26342afdd,"{""d"":5,""p"":0.00046415888336127773,""r"":5}","{""obs_mistake_mask=E"":3}"
      2048,         0,         0,   0.533,correlated_pymatching,526a9c53121d2590a78619e118eac90c4306ffdf6462386d67efd6891e283792,"{""d"":7,""p"":0.00046415888336127773,""r"":7}",
       128,         0,         0,   0.187,correlated_pymatching,38d00c745a2d4a3a17c6dbc1bbe5617fb3b5e2aa1d862e832a2558b8e0215781,"{""d"":7,""p"":0.0001,""r"":7}",
         1,         0,         0,   0.335,correlated_pymatching,1af5a8d16dfe6abd574790e66dfc9331cc1a7511d9442ded56a0edf86c82b0da,"{""d"":7,""p"":0.00021544346900318845,""r"":7}",
       256,         0,         0,   0.212,correlated_pymatching,38d00c745a2d4a3a17c6dbc1bbe5617fb3b5e2aa1d862e832a2558b8e0215781,"{""d"":7,""p"":0.0001,""r"":7}",
      5120,         0,         0,   0.443,correlated_pymatching,3f140357877ec0bc3d7ae36f067429667d7b4a327fabd9d8f83480f2415abd3d,"{""d"":5,""p"":0.00021544346900318845,""r"":5}",
      5120,         0,         0,   0.410,correlated_pymatching,fe7c60f3112f5f756b2cb8715b3b780d1357bfbf47449ce6c94d04af6e77331b,"{""d"":5,""p"":0.0001,""r"":5}",
      2048,         1,         0,   0.637,correlated_pymatching,9f0d5c5ebeaacfa819af94ab1908d72ac2a5c6fa363048dff740a59665befc15,"{""d"":7,""p"":0.001,""r"":7}","{""obs_mistake_mask=E"":1}"
      7168,         0,         0,    1.65,correlated_pymatching,38d00c745a2d4a3a17c6dbc1bbe5617fb3b5e2aa1d862e832a2558b8e0215781,"{""d"":7,""p"":0.0001,""r"":7}",
      5120,         2,         0,   0.471,correlated_pymatching,39f9cb248ab10ec607b9ccaaf482514ae8e1581ef787a88a015fb5c26342afdd,"{""d"":5,""p"":0.00046415888336127773,""r"":5}","{""obs_mistake_mask=E"":2}"
         1,         0,         0,   0.336,correlated_pymatching,1af5a8d16dfe6abd574790e66dfc9331cc1a7511d9442ded56a0edf86c82b0da,"{""d"":7,""p"":0.00021544346900318845,""r"":7}",
       512,         0,         0,   0.216,correlated_pymatching,38d00c745a2d4a3a17c6dbc1bbe5617fb3b5e2aa1d862e832a2558b8e0215781,"{""d"":7,""p"":0.0001,""r"":7}",
     14336,         0,         0,    3.15,correlated_pymatching,38d00c745a2d4a3a17c6dbc1bbe5617fb3b5e2aa1d862e832a2558b8e0215781,"{""d"":7,""p"":0.0001,""r"":7}",
      2048,         0,         0,   0.533,correlated_pymatching,526a9c53121d2590a78619e118eac90c4306ffdf6462386d67efd6891e283792,"{""d"":7,""p"":0.00046415888336127773,""r"":7}",
         1,         0,         0,   0.334,correlated_pymatching,1af5a8d16dfe6abd574790e66dfc9331cc1a7511d9442ded56a0edf86c82b0da,"{""d"":7,""p"":0.00021544346900318845,""r"":7}",
      7168,         0,         0,   0.611,correlated_pymatching,3f140357877ec0bc3d7ae36f067429667d7b4a327fabd9d8f83480f2415abd3d,"{""d"":5,""p"":0.00021544346900318845,""r"":5}",
      2048,         0,         0,   0.448,correlated_pymatching,38d00c745a2d4a3a17c6dbc1bbe5617fb3b5e2aa1d862e832a2558b8e0215781,"{""d"":7,""p"":0.0001,""r"":7}",
      7168,         0,         0,   0.609,correlated_pymatching,fe7c60f3112f5f756b2cb8715b3b780d1357bfbf47449ce6c94d04af6e77331b,"{""d"":5,""p"":0.0001,""r"":5}",
      2048,         0,         0,   0.647,correlated_pymatching,9f0d5c5ebeaacfa819af94ab1908d72ac2a5c6fa363048dff740a59665befc15,"{""d"":7,""p"":0.001,""r"":7}",
      7168,         0,         0,   0.693,correlated_pymatching,39f9cb248ab10ec607b9ccaaf482514ae8e1581ef787a88a015fb5c26342afdd,"{""d"":5,""p"":0.00046415888336127773,""r"":5}",
         1,         0,         0,   0.359,correlated_pymatching,1af5a8d16dfe6abd574790e66dfc9331cc1a7511d9442ded56a0edf86c82b0da,"{""d"":7,""p"":0.00021544346900318845,""r"":7}",
     13312,         0,         0,    3.09,correlated_pymatching,1af5a8d16dfe6abd574790e66dfc9331cc1a7511d9442ded56a0edf86c82b0da,"{""d"":7,""p"":0.00021544346900318845,""r"":7}",
     24576,         2,         0,    2.22,correlated_pymatching,3f140357877ec0bc3d7ae36f067429667d7b4a327fabd9d8f83480f2415abd3d,"{""d"":5,""p"":0.00021544346900318845,""r"":5}","{""obs_mistake_mask=E"":2}"
     23552,         5,         0,    2.20,correlated_pymatching,39f9cb248ab10ec607b9ccaaf482514ae8e1581ef787a88a015fb5c26342afdd,"{""d"":5,""p"":0.00046415888336127773,""r"":5}","{""obs_mistake_mask=E"":5}"
      3072,         0,         0,   0.797,correlated_pymatching,526a9c53121d2590a78619e118eac90c4306ffdf6462386d67efd6891e283792,"{""d"":7,""p"":0.00046415888336127773,""r"":7}",
      2048,         0,         0,   0.468,correlated_pymatching,38d00c745a2d4a3a17c6dbc1bbe5617fb3b5e2aa1d862e832a2558b8e0215781,"{""d"":7,""p"":0.0001,""r"":7}",
     19456,         0,         0,    4.43,correlated_pymatching,38d00c745a2d4a3a17c6dbc1bbe5617fb3b5e2aa1d862e832a2558b8e0215781,"{""d"":7,""p"":0.0001,""r"":7}",
     12288,         0,         0,    3.07,correlated_pymatching,526a9c53121d2590a78619e118eac90c4306ffdf6462386d67efd6891e283792,"{""d"":7,""p"":0.00046415888336127773,""r"":7}",
     18432,         0,         0,    4.42,correlated_pymatching,1af5a8d16dfe6abd574790e66dfc9331cc1a7511d9442ded56a0edf86c82b0da,"{""d"":7,""p"":0.00021544346900318845,""r"":7}",
     10240,         3,         0,    3.25,correlated_pymatching,9f0d5c5ebeaacfa819af94ab1908d72ac2a5c6fa363048dff740a59665befc15,"{""d"":7,""p"":0.001,""r"":7}","{""obs_mistake_mask=E"":3}"
     16384,         2,         0,    4.34,correlated_pymatching,526a9c53121d2590a78619e118eac90c4306ffdf6462386d67efd6891e283792,"{""d"":7,""p"":0.00046415888336127773,""r"":7}","{""obs_mistake_mask=E"":2}"
      9216,         0,         0,   0.827,correlated_pymatching,3f140357877ec0bc3d7ae36f067429667d7b4a327fabd9d8f83480f2415abd3d,"{""d"":5,""p"":0.00021544346900318845,""r"":5}",
     10240,         0,         0,   0.875,correlated_pymatching,fe7c60f3112f5f756b2cb8715b3b780d1357bfbf47449ce6c94d04af6e77331b,"{""d"":5,""p"":0.0001,""r"":5}",
         2,         0,         0,   0.670,correlated_pymatching,1af5a8d16dfe6abd574790e66dfc9331cc1a7511d9442ded56a0edf86c82b0da,"{""d"":7,""p"":0.00021544346900318845,""r"":7}",
      9216,         1,         0,   0.888,correlated_pymatching,39f9cb248ab10ec607b9ccaaf482514ae8e1581ef787a88a015fb5c26342afdd,"{""d"":5,""p"":0.00046415888336127773,""r"":5}","{""obs_mistake_mask=E"":1}"
      3072,         0,         0,   0.958,correlated_pymatching,9f0d5c5ebeaacfa819af94ab1908d72ac2a5c6fa363048dff740a59665befc15,"{""d"":7,""p"":0.001,""r"":7}",
      3072,         0,         0,   0.676,correlated_pymatching,38d00c745a2d4a3a17c6dbc1bbe5617fb3b5e2aa1d862e832a2558b8e0215781,"{""d"":7,""p"":0.0001,""r"":7}",
     14336,         4,         0,    4.57,correlated_pymatching,9f0d5c5ebeaacfa819af94ab1908d72ac2a5c6fa363048dff740a59665befc15,"{""d"":7,""p"":0.001,""r"":7}","{""obs_mistake_mask=E"":4}"
      3072,         0,         0,   0.804,correlated_pymatching,526a9c53121d2590a78619e118eac90c4306ffdf6462386d67efd6891e283792,"{""d"":7,""p"":0.00046415888336127773,""r"":7}",
         2,         0,         0,   0.704,correlated_pymatching,1af5a8d16dfe6abd574790e66dfc9331cc1a7511d9442ded56a0edf86c82b0da,"{""d"":7,""p"":0.00021544346900318845,""r"":7}",
      9216,         0,         0,    2.19,correlated_pymatching,38d00c745a2d4a3a17c6dbc1bbe5617fb3b5e2aa1d862e832a2558b8e0215781,"{""d"":7,""p"":0.0001,""r"":7}",
     12288,         0,         0,    1.18,correlated_pymatching,3f140357877ec0bc3d7ae36f067429667d7b4a327fabd9d8f83480f2415abd3d,"{""d"":5,""p"":0.00021544346900318845,""r"":5}",
     13312,         0,         0,    1.17,correlated_pymatching,fe7c60f3112f5f756b2cb8715b3b780d1357bfbf47449ce6c94d04af6e77331b,"{""d"":5,""p"":0.0001,""r"":5}",
      4096,         0,         0,   0.921,correlated_pymatching,38d00c745a2d4a3a17c6dbc1bbe5617fb3b5e2aa1d862e832a2558b8e0215781,"{""d"":7,""p"":0.0001,""r"":7}",
     49152,         2,         0,    4.30,correlated_pymatching,3f140357877ec0bc3d7ae36f067429667d7b4a327fabd9d8f83480f2415abd3d,"{""d"":5,""p"":0.00021544346900318845,""r"":5}","{""obs_mistake_mask=E"":2}"
     50176,         0,         0,    4.32,correlated_pymatching,fe7c60f3112f5f756b2cb8715b3b780d1357bfbf47449ce6c94d04af6e77331b,"{""d"":5,""p"":0.0001,""r"":5}",
     11264,         2,         0,    1.12,correlated_pymatching,39f9cb248ab10ec607b9ccaaf482514ae8e1581ef787a88a015fb5c26342afdd,"{""d"":5,""p"":0.00046415888336127773,""r"":5}","{""obs_mistake_mask=E"":2}"
      4096,         1,         0,    1.26,correlated_pymatching,9f0d5c5ebeaacfa819af94ab1908d72ac2a5c6fa363048dff740a59665befc15,"{""d"":7,""p"":0.001,""r"":7}","{""obs_mistake_mask=E"":1}"
      4096,         0,         0,    1.21,correlated_pymatching,526a9c53121d2590a78619e118eac90c4306ffdf6462386d67efd6891e283792,"{""d"":7,""p"":0.00046415888336127773,""r"":7}",
         3,         0,         0,    1.04,correlated_pymatching,1af5a8d16dfe6abd574790e66dfc9331cc1a7511d9442ded56a0edf86c82b0da,"{""d"":7,""p"":0.00021544346900318845,""r"":7}",
     66560,         1,         0,    6.00,correlated_pymatching,3f140357877ec0bc3d7ae36f067429667d7b4a327fabd9d8f83480f2415abd3d,"{""d"":5,""p"":0.00021544346900318845,""r"":5}","{""obs_mistake_mask=E"":1}"
     70656,         0,         0,    6.04,correlated_pymatching,fe7c60f3112f5f756b2cb8715b3b780d1357bfbf47449ce6c94d04af6e77331b,"{""d"":5,""p"":0.0001,""r"":5}",
     43008,        11,         0,    4.28,correlated_pymatching,39f9cb248ab10ec607b9ccaaf482514ae8e1581ef787a88a015fb5c26342afdd,"{""d"":5,""p"":0.00046415888336127773,""r"":5}","{""obs_mistake_mask=E"":11}"
     62464,        20,         0,    6.01,correlated_pymatching,39f9cb248ab10ec607b9ccaaf482514ae8e1581ef787a88a015fb5c26342afdd,"{""d"":5,""p"":0.00046415888336127773,""r"":5}","{""obs_mistake_mask=E"":20}"
      5120,         0,         0,    1.15,correlated_pymatching,38d00c745a2d4a3a17c6dbc1bbe5617fb3b5e2aa1d862e832a2558b8e0215781,"{""d"":7,""p"":0.0001,""r"":7}",
     50176,         0,         0,    4.32,correlated_pymatching,fe7c60f3112f5f756b2cb8715b3b780d1357bfbf47449ce6c94d04af6e77331b,"{""d"":5,""p"":0.0001,""r"":5}",
     67584,         3,         0,    5.98,correlated_pymatching,3f140357877ec0bc3d7ae36f067429667d7b4a327fabd9d8f83480f2415abd3d,"{""d"":5,""p"":0.00021544346900318845,""r"":5}","{""obs_mistake_mask=E"":3}"
     33792,         1,         0,    3.09,correlated_pymatching,3f140357877ec0bc3d7ae36f067429667d7b4a327fabd9d8f83480f2415abd3d,"{""d"":5,""p"":0.00021544346900318845,""r"":5}","{""obs_mistake_mask=E"":1}"
     31744,         2,         0,    3.11,correlated_pymatching,39f9cb248ab10ec607b9ccaaf482514ae8e1581ef787a88a015fb5c26342afdd,"{""d"":5,""p"":0.00046415888336127773,""r"":5}","{""obs_mistake_mask=E"":2}"
     18432,         0,         0,    1.62,correlated_pymatching,3f140357877ec0bc3d7ae36f067429667d7b4a327fabd9d8f83480f2415abd3d,"{""d"":5,""p"":0.00021544346900318845,""r"":5}",
     19456,         0,         0,    1.62,correlated_pymatching,fe7c60f3112f5f756b2cb8715b3b780d1357bfbf47449ce6c94d04af6e77331b,"{""d"":5,""p"":0.0001,""r"":5}",
     61440,        20,         0,    5.99,correlated_pymatching,39f9cb248ab10ec607b9ccaaf482514ae8e1581ef787a88a015fb5c26342afdd,"{""d"":5,""p"":0.00046415888336127773,""r"":5}","{""obs_mistake_mask=E"":20}"
     16384,         2,         0,    1.60,correlated_pymatching,39f9cb248ab10ec607b9ccaaf482514ae8e1581ef787a88a015fb5c26342afdd,"{""d"":5,""p"":0.00046415888336127773,""r"":5}","{""obs_mistake_mask=E"":2}"
     19456,         0,         0,    4.28,correlated_pymatching,38d00c745a2d4a3a17c6dbc1bbe5617fb3b5e2aa1d862e832a2558b8e0215781,"{""d"":7,""p"":0.0001,""r"":7}",
     43008,         0,         0,    6.06,correlated_pymatching,fe7c60f3112f5f756b2cb8715b3b780d1357bfbf47449ce6c94d04af6e77331b,"{""d"":5,""p"":0.0001,""r"":5}",
      5120,         1,         0,    1.61,correlated_pymatching,9f0d5c5ebeaacfa819af94ab1908d72ac2a5c6fa363048dff740a59665befc15,"{""d"":7,""p"":0.001,""r"":7}","{""obs_mistake_mask=E"":1}"
         4,         0,         0,    1.34,correlated_pymatching,1af5a8d16dfe6abd574790e66dfc9331cc1a7511d9442ded56a0edf86c82b0da,"{""d"":7,""p"":0.00021544346900318845,""r"":7}",
      6144,         0,         0,    1.60,correlated_pymatching,526a9c53121d2590a78619e118eac90c4306ffdf6462386d67efd6891e283792,"{""d"":7,""p"":0.00046415888336127773,""r"":7}",
     27648,         0,         0,    6.19,correlated_pymatching,38d00c745a2d4a3a17c6dbc1bbe5617fb3b5e2aa1d862e832a2558b8e0215781,"{""d"":7,""p"":0.0001,""r"":7}",
     20480,         3,         0,    6.17,correlated_pymatching,9f0d5c5ebeaacfa819af94ab1908d72ac2a5c6fa363048dff740a59665befc15,"{""d"":7,""p"":0.001,""r"":7}","{""obs_mistake_mask=E"":3}"
     26624,         0,         0,    6.15,correlated_pymatching,1af5a8d16dfe6abd574790e66dfc9331cc1a7511d9442ded56a0edf86c82b0da,"{""d"":7,""p"":0.00021544346900318845,""r"":7}",
     19456,         0,         0,    4.47,correlated_pymatching,1af5a8d16dfe6abd574790e66dfc9331cc1a7511d9442ded56a0edf86c82b0da,"{""d"":7,""p"":0.00021544346900318845,""r"":7}",
      7168,         0,         0,    1.56,correlated_pymatching,38d00c745a2d4a3a17c6dbc1bbe5617fb3b5e2aa1d862e832a2558b8e0215781,"{""d"":7,""p"":0.0001,""r"":7}",
     23552,         1,         0,    6.05,correlated_pymatching,526a9c53121d2590a78619e118eac90c4306ffdf6462386d67efd6891e283792,"{""d"":7,""p"":0.00046415888336127773,""r"":7}","{""obs_mistake_mask=E"":1}"
     17408,         0,         0,    4.43,correlated_pymatching,526a9c53121d2590a78619e118eac90c4306ffdf6462386d67efd6891e283792,"{""d"":7,""p"":0.00046415888336127773,""r"":7}",
     14336,         0,         0,    3.28,correlated_pymatching,38d00c745a2d4a3a17c6dbc1bbe5617fb3b5e2aa1d862e832a2558b8e0215781,"{""d"":7,""p"":0.0001,""r"":7}",
     14336,         2,         0,    4.57,correlated_pymatching,9f0d5c5ebeaacfa819af94ab1908d72ac2a5c6fa363048dff740a59665befc15,"{""d"":7,""p"":0.001,""r"":7}","{""obs_mistake_mask=E"":2}"
         5,         0,         0,    1.68,correlated_pymatching,1af5a8d16dfe6abd574790e66dfc9331cc1a7511d9442ded56a0edf86c82b0da,"{""d"":7,""p"":0.00021544346900318845,""r"":7}",
     25600,         1,         0,    2.19,correlated_pymatching,3f140357877ec0bc3d7ae36f067429667d7b4a327fabd9d8f83480f2415abd3d,"{""d"":5,""p"":0.00021544346900318845,""r"":5}","{""obs_mistake_mask=E"":1}"
     26624,         0,         0,    2.22,correlated_pymatching,fe7c60f3112f5f756b2cb8715b3b780d1357bfbf47449ce6c94d04af6e77331b,"{""d"":5,""p"":0.0001,""r"":5}",
     24576,         2,         0,    2.25,correlated_pymatching,39f9cb248ab10ec607b9ccaaf482514ae8e1581ef787a88a015fb5c26342afdd,"{""d"":5,""p"":0.00046415888336127773,""r"":5}","{""obs_mistake_mask=E"":2}"
      7168,         2,         0,    2.36,correlated_pymatching,9f0d5c5ebeaacfa819af94ab1908d72ac2a5c6fa363048dff740a59665befc15,"{""d"":7,""p"":0.001,""r"":7}","{""obs_mistake_mask=E"":2}"
      9216,         0,         0,    2.40,correlated_pymatching,526a9c53121d2590a78619e118eac90c4306ffdf6462386d67efd6891e283792,"{""d"":7,""p"":0.00046415888336127773,""r"":7}",
     25600,         0,         0,    6.01,correlated_pymatching,38d00c745a2d4a3a17c6dbc1bbe5617fb3b5e2aa1d862e832a2558b8e0215781,"{""d"":7,""p"":0.0001,""r"":7}",
     24576,         0,         0,    6.08,correlated_pymatching,1af5a8d16dfe6abd574790e66dfc9331cc1a7511d9442ded56a0edf86c82b0da,"{""d"":7,""p"":0.00021544346900318845,""r"":7}",
     22528,         0,         0,    6.09,correlated_pymatching,526a9c53121d2590a78619e118eac90c4306ffdf6462386d67efd6891e283792,"{""d"":7,""p"":0.00046415888336127773,""r"":7}",
     10240,         0,         0,    2.29,correlated_pymatching,38d00c745a2d4a3a17c6dbc1bbe5617fb3b5e2aa1d862e832a2558b8e0215781,"{""d"":7,""p"":0.0001,""r"":7}",
     19456,         3,         0,    6.19,correlated_pymatching,9f0d5c5ebeaacfa819af94ab1908d72ac2a5c6fa363048dff740a59665befc15,"{""d"":7,""p"":0.001,""r"":7}","{""obs_mistake_mask=E"":3}"
     48128,         0,         0,    4.29,correlated_pymatching,3f140357877ec0bc3d7ae36f067429667d7b4a327fabd9d8f83480f2415abd3d,"{""d"":5,""p"":0.00021544346900318845,""r"":5}",
     45056,        13,         0,    4.31,correlated_pymatching,39f9cb248ab10ec607b9ccaaf482514ae8e1581ef787a88a015fb5c26342afdd,"{""d"":5,""p"":0.00046415888336127773,""r"":5}","{""obs_mistake_mask=E"":13}"
         7,         0,         0,    2.38,correlated_pymatching,1af5a8d16dfe6abd574790e66dfc9331cc1a7511d9442ded56a0edf86c82b0da,"{""d"":7,""p"":0.00021544346900318845,""r"":7}",
     69632,         0,         0,    6.01,correlated_pymatching,fe7c60f3112f5f756b2cb8715b3b780d1357bfbf47449ce6c94d04af6e77331b,"{""d"":5,""p"":0.0001,""r"":5}",
     68608,         3,         0,    6.05,correlated_pymatching,3f140357877ec0bc3d7ae36f067429667d7b4a327fabd9d8f83480f2415abd3d,"{""d"":5,""p"":0.00021544346900318845,""r"":5}","{""obs_mistake_mask=E"":3}"
     61440,        18,         0,    5.97,correlated_pymatching,39f9cb248ab10ec607b9ccaaf482514ae8e1581ef787a88a015fb5c26342afdd,"{""d"":5,""p"":0.00046415888336127773,""r"":5}","{""obs_mistake_mask=E"":18}"
     33792,         0,         0,    3.09,correlated_pymatching,3f140357877ec0bc3d7ae36f067429667d7b4a327fabd9d8f83480f2415abd3d,"{""d"":5,""p"":0.00021544346900318845,""r"":5}",
     34816,         0,         0,    3.07,correlated_pymatching,fe7c60f3112f5f756b2cb8715b3b780d1357bfbf47449ce6c94d04af6e77331b,"{""d"":5,""p"":0.0001,""r"":5}",
     31744,        11,         0,    3.11,correlated_pymatching,39f9cb248ab10ec607b9ccaaf482514ae8e1581ef787a88a015fb5c26342afdd,"{""d"":5,""p"":0.00046415888336127773,""r"":5}","{""obs_mistake_mask=E"":11}"
     70656,         0,         0,    6.00,correlated_pymatching,fe7c60f3112f5f756b2cb8715b3b780d1357bfbf47449ce6c94d04af6e77331b,"{""d"":5,""p"":0.0001,""r"":5}",
     18432,         0,         0,    4.34,correlated_pymatching,38d00c745a2d4a3a17c6dbc1bbe5617fb3b5e2aa1d862e832a2558b8e0215781,"{""d"":7,""p"":0.0001,""r"":7}",
     10240,         3,         0,    3.23,correlated_pymatching,9f0d5c5ebeaacfa819af94ab1908d72ac2a5c6fa363048dff740a59665befc15,"{""d"":7,""p"":0.001,""r"":7}","{""obs_mistake_mask=E"":3}"
     12288,         0,         0,    3.22,correlated_pymatching,526a9c53121d2590a78619e118eac90c4306ffdf6462386d67efd6891e283792,"{""d"":7,""p"":0.00046415888336127773,""r"":7}",
     26624,         0,         0,    6.01,correlated_pymatching,38d00c745a2d4a3a17c6dbc1bbe5617fb3b5e2aa1d862e832a2558b8e0215781,"{""d"":7,""p"":0.0001,""r"":7}",
     14336,         0,         0,    3.25,correlated_pymatching,38d00c745a2d4a3a17c6dbc1bbe5617fb3b5e2aa1d862e832a2558b8e0215781,"{""d"":7,""p"":0.0001,""r"":7}",
     26624,         0,         0,    6.16,correlated_pymatching,1af5a8d16dfe6abd574790e66dfc9331cc1a7511d9442ded56a0edf86c82b0da,"{""d"":7,""p"":0.00021544346900318845,""r"":7}",
     23552,         1,         0,    5.98,correlated_pymatching,526a9c53121d2590a78619e118eac90c4306ffdf6462386d67efd6891e283792,"{""d"":7,""p"":0.00046415888336127773,""r"":7}","{""obs_mistake_mask=E"":1}"
         9,         0,         0,    3.05,correlated_pymatching,1af5a8d16dfe6abd574790e66dfc9331cc1a7511d9442ded56a0edf86c82b0da,"{""d"":7,""p"":0.00021544346900318845,""r"":7}",
     93184,         2,         0,    8.38,correlated_pymatching,3f140357877ec0bc3d7ae36f067429667d7b4a327fabd9d8f83480f2415abd3d,"{""d"":5,""p"":0.00021544346900318845,""r"":5}","{""obs_mistake_mask=E"":2}"
     97280,         1,         0,    8.44,correlated_pymatching,fe7c60f3112f5f756b2cb8715b3b780d1357bfbf47449ce6c94d04af6e77331b,"{""d"":5,""p"":0.0001,""r"":5}","{""obs_mistake_mask=E"":1}"
     87040,        16,         0,    8.41,correlated_pymatching,39f9cb248ab10ec607b9ccaaf482514ae8e1581ef787a88a015fb5c26342afdd,"{""d"":5,""p"":0.00046415888336127773,""r"":5}","{""obs_mistake_mask=E"":16}"
     18432,         6,         0,    6.01,correlated_pymatching,9f0d5c5ebeaacfa819af94ab1908d72ac2a5c6fa363048dff740a59665befc15,"{""d"":7,""p"":0.001,""r"":7}","{""obs_mistake_mask=E"":6}"
     92160,         6,         0,    8.43,correlated_pymatching,3f140357877ec0bc3d7ae36f067429667d7b4a327fabd9d8f83480f2415abd3d,"{""d"":5,""p"":0.00021544346900318845,""r"":5}","{""obs_mistake_mask=E"":6}"
     87040,        26,         0,    8.48,correlated_pymatching,39f9cb248ab10ec607b9ccaaf482514ae8e1581ef787a88a015fb5c26342afdd,"{""d"":5,""p"":0.00046415888336127773,""r"":5}","{""obs_mistake_mask=E"":26}"
     59392,         0,         0,    8.42,correlated_pymatching,fe7c60f3112f5f756b2cb8715b3b780d1357bfbf47449ce6c94d04af6e77331b,"{""d"":5,""p"":0.0001,""r"":5}",
     37888,         0,         0,    8.38,correlated_pymatching,38d00c745a2d4a3a17c6dbc1bbe5617fb3b5e2aa1d862e832a2558b8e0215781,"{""d"":7,""p"":0.0001,""r"":7}",
     27648,        10,         0,    8.54,correlated_pymatching,9f0d5c5ebeaacfa819af94ab1908d72ac2a5c6fa363048dff740a59665befc15,"{""d"":7,""p"":0.001,""r"":7}","{""obs_mistake_mask=E"":10}"
     36864,         0,         0,    8.46,correlated_pymatching,1af5a8d16dfe6abd574790e66dfc9331cc1a7511d9442ded56a0edf86c82b0da,"{""d"":7,""p"":0.00021544346900318845,""r"":7}",
     32768,         0,         0,    8.37,correlated_pymatching,526a9c53121d2590a78619e118eac90c4306ffdf6462386d67efd6891e283792,"{""d"":7,""p"":0.00046415888336127773,""r"":7}",
     48128,         0,         0,    4.33,correlated_pymatching,3f140357877ec0bc3d7ae36f067429667d7b4a327fabd9d8f83480f2415abd3d,"{""d"":5,""p"":0.00021544346900318845,""r"":5}",
     50176,         0,         0,    4.33,correlated_pymatching,fe7c60f3112f5f756b2cb8715b3b780d1357bfbf47449ce6c94d04af6e77331b,"{""d"":5,""p"":0.0001,""r"":5}",
     45056,        13,         0,    4.29,correlated_pymatching,39f9cb248ab10ec607b9ccaaf482514ae8e1581ef787a88a015fb5c26342afdd,"{""d"":5,""p"":0.00046415888336127773,""r"":5}","{""obs_mistake_mask=E"":13}"
     66560,         3,         0,    6.03,correlated_pymatching,3f140357877ec0bc3d7ae36f067429667d7b4a327fabd9d8f83480f2415abd3d,"{""d"":5,""p"":0.00021544346900318845,""r"":5}","{""obs_mistake_mask=E"":3}"
     62464,        17,         0,    6.04,correlated_pymatching,39f9cb248ab10ec607b9ccaaf482514ae8e1581ef787a88a015fb5c26342afdd,"{""d"":5,""p"":0.00046415888336127773,""r"":5}","{""obs_mistake_mask=E"":17}"
     13312,         4,         0,    4.39,correlated_pymatching,9f0d5c5ebeaacfa819af94ab1908d72ac2a5c6fa363048dff740a59665befc15,"{""d"":7,""p"":0.001,""r"":7}","{""obs_mistake_mask=E"":4}"
     16384,         0,         0,    4.47,correlated_pymatching,526a9c53121d2590a78619e118eac90c4306ffdf6462386d67efd6891e283792,"{""d"":7,""p"":0.00046415888336127773,""r"":7}",
     20480,         0,         0,    4.45,correlated_pymatching,38d00c745a2d4a3a17c6dbc1bbe5617fb3b5e2aa1d862e832a2558b8e0215781,"{""d"":7,""p"":0.0001,""r"":7}",
     36864,         0,         0,    8.49,correlated_pymatching,38d00c745a2d4a3a17c6dbc1bbe5617fb3b5e2aa1d862e832a2558b8e0215781,"{""d"":7,""p"":0.0001,""r"":7}",
     34816,         0,         0,    8.52,correlated_pymatching,1af5a8d16dfe6abd574790e66dfc9331cc1a7511d9442ded56a0edf86c82b0da,"{""d"":7,""p"":0.00021544346900318845,""r"":7}",
     31744,         0,         0,    8.49,correlated_pymatching,526a9c53121d2590a78619e118eac90c4306ffdf6462386d67efd6891e283792,"{""d"":7,""p"":0.00046415888336127773,""r"":7}",
        13,         0,         0,    4.35,correlated_pymatching,1af5a8d16dfe6abd574790e66dfc9331cc1a7511d9442ded56a0edf86c82b0da,"{""d"":7,""p"":0.00021544346900318845,""r"":7}",
     26624,         0,         0,    6.14,correlated_pymatching,38d00c745a2d4a3a17c6dbc1bbe5617fb3b5e2aa1d862e832a2558b8e0215781,"{""d"":7,""p"":0.0001,""r"":7}",
     27648,         9,         0,    8.69,correlated_pymatching,9f0d5c5ebeaacfa819af94ab1908d72ac2a5c6fa363048dff740a59665befc15,"{""d"":7,""p"":0.001,""r"":7}","{""obs_mistake_mask=E"":9}"
     97280,         1,         0,    8.38,correlated_pymatching,fe7c60f3112f5f756b2cb8715b3b780d1357bfbf47449ce6c94d04af6e77331b,"{""d"":5,""p"":0.0001,""r"":5}","{""obs_mistake_mask=E"":1}"
     95232,         2,         0,    8.36,correlated_pymatching,3f140357877ec0bc3d7ae36f067429667d7b4a327fabd9d8f83480f2415abd3d,"{""d"":5,""p"":0.00021544346900318845,""r"":5}","{""obs_mistake_mask=E"":2}"
     87040,        19,         0,    8.40,correlated_pymatching,39f9cb248ab10ec607b9ccaaf482514ae8e1581ef787a88a015fb5c26342afdd,"{""d"":5,""p"":0.00046415888336127773,""r"":5}","{""obs_mistake_mask=E"":19}"
     97280,         0,         0,    8.41,correlated_pymatching,fe7c60f3112f5f756b2cb8715b3b780d1357bfbf47449ce6c94d04af6e77331b,"{""d"":5,""p"":0.0001,""r"":5}",
     37888,         0,         0,    8.37,correlated_pymatching,38d00c745a2d4a3a17c6dbc1bbe5617fb3b5e2aa1d862e832a2558b8e0215781,"{""d"":7,""p"":0.0001,""r"":7}",
     70656,         3,         0,    6.01,correlated_pymatching,3f140357877ec0bc3d7ae36f067429667d7b4a327fabd9d8f83480f2415abd3d,"{""d"":5,""p"":0.00021544346900318845,""r"":5}","{""obs_mistake_mask=E"":3}"
     32768,         0,         0,    8.41,correlated_pymatching,1af5a8d16dfe6abd574790e66dfc9331cc1a7511d9442ded56a0edf86c82b0da,"{""d"":7,""p"":0.00021544346900318845,""r"":7}",
     70656,         1,         0,    5.98,correlated_pymatching,fe7c60f3112f5f756b2cb8715b3b780d1357bfbf47449ce6c94d04af6e77331b,"{""d"":5,""p"":0.0001,""r"":5}","{""obs_mistake_mask=E"":1}"
     29696,         1,         0,    8.54,correlated_pymatching,526a9c53121d2590a78619e118eac90c4306ffdf6462386d67efd6891e283792,"{""d"":7,""p"":0.00046415888336127773,""r"":7}","{""obs_mistake_mask=E"":1}"
     54272,         9,         0,    6.11,correlated_pymatching,39f9cb248ab10ec607b9ccaaf482514ae8e1581ef787a88a015fb5c26342afdd,"{""d"":5,""p"":0.00046415888336127773,""r"":5}","{""obs_mistake_mask=E"":9}"
     26624,         5,         0,    8.54,correlated_pymatching,9f0d5c5ebeaacfa819af94ab1908d72ac2a5c6fa363048dff740a59665befc15,"{""d"":7,""p"":0.001,""r"":7}","{""obs_mistake_mask=E"":5}"
     19456,         6,         0,    6.17,correlated_pymatching,9f0d5c5ebeaacfa819af94ab1908d72ac2a5c6fa363048dff740a59665befc15,"{""d"":7,""p"":0.001,""r"":7}","{""obs_mistake_mask=E"":6}"
     23552,         0,         0,    6.24,correlated_pymatching,526a9c53121d2590a78619e118eac90c4306ffdf6462386d67efd6891e283792,"{""d"":7,""p"":0.00046415888336127773,""r"":7}",
     20480,         0,         0,    6.02,correlated_pymatching,38d00c745a2d4a3a17c6dbc1bbe5617fb3b5e2aa1d862e832a2558b8e0215781,"{""d"":7,""p"":0.0001,""r"":7}",
        18,         0,         0,    6.26,correlated_pymatching,1af5a8d16dfe6abd574790e66dfc9331cc1a7511d9442ded56a0edf86c82b0da,"{""d"":7,""p"":0.00021544346900318845,""r"":7}",
     92160,         2,         0,    8.40,correlated_pymatching,3f140357877ec0bc3d7ae36f067429667d7b4a327fabd9d8f83480f2415abd3d,"{""d"":5,""p"":0.00021544346900318845,""r"":5}","{""obs_mistake_mask=E"":2}"
     86016,        13,         0,    8.40,correlated_pymatching,39f9cb248ab10ec607b9ccaaf482514ae8e1581ef787a88a015fb5c26342afdd,"{""d"":5,""p"":0.00046415888336127773,""r"":5}","{""obs_mistake_mask=E"":13}"
    131072,         0,         0,    11.8,correlated_pymatching,fe7c60f3112f5f756b2cb8715b3b780d1357bfbf47449ce6c94d04af6e77331b,"{""d"":5,""p"":0.0001,""r"":5}",
    125952,         3,         0,    11.8,correlated_pymatching,3f140357877ec0bc3d7ae36f067429667d7b4a327fabd9d8f83480f2415abd3d,"{""d"":5,""p"":0.00021544346900318845,""r"":5}","{""obs_mistake_mask=E"":3}"
    115712,        31,         0,    11.7,correlated_pymatching,39f9cb248ab10ec607b9ccaaf482514ae8e1581ef787a88a015fb5c26342afdd,"{""d"":5,""p"":0.00046415888336127773,""r"":5}","{""obs_mistake_mask=E"":31}"
    122880,         3,         0,    11.7,correlated_pymatching,3f140357877ec0bc3d7ae36f067429667d7b4a327fabd9d8f83480f2415abd3d,"{""d"":5,""p"":0.00021544346900318845,""r"":5}","{""obs_mistake_mask=E"":3}"
    112640,        24,         0,    11.7,correlated_pymatching,39f9cb248ab10ec607b9ccaaf482514ae8e1581ef787a88a015fb5c26342afdd,"{""d"":5,""p"":0.00046415888336127773,""r"":5}","{""obs_mistake_mask=E"":24}"
     61440,        14,         0,    6.83,correlated_pymatching,39f9cb248ab10ec607b9ccaaf482514ae8e1581ef787a88a015fb5c26342afdd,"{""d"":5,""p"":0.00046415888336127773,""r"":5}","{""obs_mistake_mask=E"":14}"
     10240,         2,         0,    1.75,correlated_pymatching,39f9cb248ab10ec607b9ccaaf482514ae8e1581ef787a88a015fb5c26342afdd,"{""d"":5,""p"":0.00046415888336127773,""r"":5}","{""obs_mistake_mask=E"":2}"
     32768,         0,         0,    8.54,correlated_pymatching,38d00c745a2d4a3a17c6dbc1bbe5617fb3b5e2aa1d862e832a2558b8e0215781,"{""d"":7,""p"":0.0001,""r"":7}",
     29696,        10,         0,    4.42,correlated_pymatching,39f9cb248ab10ec607b9ccaaf482514ae8e1581ef787a88a015fb5c26342afdd,"{""d"":5,""p"":0.00046415888336127773,""r"":5}","{""obs_mistake_mask=E"":10}"
      7168,         5,         0,    1.00,correlated_pymatching,39f9cb248ab10ec607b9ccaaf482514ae8e1581ef787a88a015fb5c26342afdd,"{""d"":5,""p"":0.00046415888336127773,""r"":5}","{""obs_mistake_mask=E"":5}"
      1024,         0,         0,   0.144,correlated_pymatching,39f9cb248ab10ec607b9ccaaf482514ae8e1581ef787a88a015fb5c26342afdd,"{""d"":5,""p"":0.00046415888336127773,""r"":5}",
     76800,         2,         0,    11.9,correlated_pymatching,fe7c60f3112f5f756b2cb8715b3b780d1357bfbf47449ce6c94d04af6e77331b,"{""d"":5,""p"":0.0001,""r"":5}","{""obs_mistake_mask=E"":2}"
     47104,         0,         0,    11.9,correlated_pymatching,38d00c745a2d4a3a17c6dbc1bbe5617fb3b5e2aa1d862e832a2558b8e0215781,"{""d"":7,""p"":0.0001,""r"":7}",
         1,         0,         0,   0.308,correlated_pymatching,526a9c53121d2590a78619e118eac90c4306ffdf6462386d67efd6891e283792,"{""d"":7,""p"":0.00046415888336127773,""r"":7}",
         1,         0,         0,   0.330,correlated_pymatching,9f0d5c5ebeaacfa819af94ab1908d72ac2a5c6fa363048dff740a59665befc15,"{""d"":7,""p"":0.001,""r"":7}",
         1,         0,         0,   0.346,correlated_pymatching,9f0d5c5ebeaacfa819af94ab1908d72ac2a5c6fa363048dff740a59665befc15,"{""d"":7,""p"":0.001,""r"":7}",
         1,         0,         0,   0.340,correlated_pymatching,1af5a8d16dfe6abd574790e66dfc9331cc1a7511d9442ded56a0edf86c82b0da,"{""d"":7,""p"":0.00021544346900318845,""r"":7}",
         1,         0,         0,   0.344,correlated_pymatching,526a9c53121d2590a78619e118eac90c4306ffdf6462386d67efd6891e283792,"{""d"":7,""p"":0.00046415888336127773,""r"":7}",
     39936,         1,         0,    11.7,correlated_pymatching,526a9c53121d2590a78619e118eac90c4306ffdf6462386d67efd6891e283792,"{""d"":7,""p"":0.00046415888336127773,""r"":7}","{""obs_mistake_mask=E"":1}"
     45056,         0,         0,    11.9,correlated_pymatching,1af5a8d16dfe6abd574790e66dfc9331cc1a7511d9442ded56a0edf86c82b0da,"{""d"":7,""p"":0.00021544346900318845,""r"":7}",
     34816,        10,         0,    12.1,correlated_pymatching,9f0d5c5ebeaacfa819af94ab1908d72ac2a5c6fa363048dff740a59665befc15,"{""d"":7,""p"":0.001,""r"":7}","{""obs_mistake_mask=E"":10}"
         1,         0,         0,   0.304,correlated_pymatching,526a9c53121d2590a78619e118eac90c4306ffdf6462386d67efd6891e283792,"{""d"":7,""p"":0.00046415888336127773,""r"":7}",
         1,         0,         0,   0.312,correlated_pymatching,9f0d5c5ebeaacfa819af94ab1908d72ac2a5c6fa363048dff740a59665befc15,"{""d"":7,""p"":0.001,""r"":7}",
         1,         0,         0,   0.315,correlated_pymatching,1af5a8d16dfe6abd574790e66dfc9331cc1a7511d9442ded56a0edf86c82b0da,"{""d"":7,""p"":0.00021544346900318845,""r"":7}",
         1,         0,         0,   0.324,correlated_pymatching,9f0d5c5ebeaacfa819af94ab1908d72ac2a5c6fa363048dff740a59665befc15,"{""d"":7,""p"":0.001,""r"":7}",
         1,         0,         0,   0.316,correlated_pymatching,526a9c53121d2590a78619e118eac90c4306ffdf6462386d67efd6891e283792,"{""d"":7,""p"":0.00046415888336127773,""r"":7}",
         1,         0,         0,   0.300,correlated_pymatching,526a9c53121d2590a78619e118eac90c4306ffdf6462386d67efd6891e283792,"{""d"":7,""p"":0.00046415888336127773,""r"":7}",
         1,         0,         0,   0.314,correlated_pymatching,9f0d5c5ebeaacfa819af94ab1908d72ac2a5c6fa363048dff740a59665befc15,"{""d"":7,""p"":0.001,""r"":7}",
         1,         0,         0,   0.316,correlated_pymatching,9f0d5c5ebeaacfa819af94ab1908d72ac2a5c6fa363048dff740a59665befc15,"{""d"":7,""p"":0.001,""r"":7}",
         1,         0,         0,   0.321,correlated_pymatching,1af5a8d16dfe6abd574790e66dfc9331cc1a7511d9442ded56a0edf86c82b0da,"{""d"":7,""p"":0.00021544346900318845,""r"":7}",
         1,         0,         0,   0.322,correlated_pymatching,526a9c53121d2590a78619e118eac90c4306ffdf6462386d67efd6891e283792,"{""d"":7,""p"":0.00046415888336127773,""r"":7}",
         2,         0,         0,   0.304,correlated_pymatching,526a9c53121d2590a78619e118eac90c4306ffdf6462386d67efd6891e283792,"{""d"":7,""p"":0.00046415888336127773,""r"":7}",
         1,         0,         0,   0.314,correlated_pymatching,9f0d5c5ebeaacfa819af94ab1908d72ac2a5c6fa363048dff740a59665befc15,"{""d"":7,""p"":0.001,""r"":7}",
         1,         0,         0,   0.320,correlated_pymatching,9f0d5c5ebeaacfa819af94ab1908d72ac2a5c6fa363048dff740a59665befc15,"{""d"":7,""p"":0.001,""r"":7}",
         1,         0,         0,   0.309,correlated_pymatching,526a9c53121d2590a78619e118eac90c4306ffdf6462386d67efd6891e283792,"{""d"":7,""p"":0.00046415888336127773,""r"":7}",
         1,         0,         0,   0.336,correlated_pymatching,1af5a8d16dfe6abd574790e66dfc9331cc1a7511d9442ded56a0edf86c82b0da,"{""d"":7,""p"":0.00021544346900318845,""r"":7}",
         2,         0,         0,   0.300,correlated_pymatching,526a9c53121d2590a78619e118eac90c4306ffdf6462386d67efd6891e283792,"{""d"":7,""p"":0.00046415888336127773,""r"":7}",
         1,         0,         0,   0.311,correlated_pymatching,9f0d5c5ebeaacfa819af94ab1908d72ac2a5c6fa363048dff740a59665befc15,"{""d"":7,""p"":0.001,""r"":7}",
         1,         0,         0,   0.302,correlated_pymatching,9f0d5c5ebeaacfa819af94ab1908d72ac2a5c6fa363048dff740a59665befc15,"{""d"":7,""p"":0.001,""r"":7}",
         1,         0,         0,   0.328,correlated_pymatching,526a9c53121d2590a78619e118eac90c4306ffdf6462386d67efd6891e283792,"{""d"":7,""p"":0.00046415888336127773,""r"":7}",
         1,         0,         0,   0.316,correlated_pymatching,1af5a8d16dfe6abd574790e66dfc9331cc1a7511d9442ded56a0edf86c82b0da,"{""d"":7,""p"":0.00021544346900318845,""r"":7}",
         2,         0,         0,   0.303,correlated_pymatching,526a9c53121d2590a78619e118eac90c4306ffdf6462386d67efd6891e283792,"{""d"":7,""p"":0.00046415888336127773,""r"":7}",
         1,         0,         0,   0.308,correlated_pymatching,9f0d5c5ebeaacfa819af94ab1908d72ac2a5c6fa363048dff740a59665befc15,"{""d"":7,""p"":0.001,""r"":7}",
         1,         0,         0,   0.329,correlated_pymatching,9f0d5c5ebeaacfa819af94ab1908d72ac2a5c6fa363048dff740a59665befc15,"{""d"":7,""p"":0.001,""r"":7}",
         1,         0,         0,   0.312,correlated_pymatching,1af5a8d16dfe6abd574790e66dfc9331cc1a7511d9442ded56a0edf86c82b0da,"{""d"":7,""p"":0.00021544346900318845,""r"":7}",
         1,         0,         0,   0.316,correlated_pymatching,526a9c53121d2590a78619e118eac90c4306ffdf6462386d67efd6891e283792,"{""d"":7,""p"":0.00046415888336127773,""r"":7}",
         2,         0,         0,   0.300,correlated_pymatching,526a9c53121d2590a78619e118eac90c4306ffdf6462386d67efd6891e283792,"{""d"":7,""p"":0.00046415888336127773,""r"":7}",
         1,         0,         0,   0.312,correlated_pymatching,9f0d5c5ebeaacfa819af94ab1908d72ac2a5c6fa363048dff740a59665befc15,"{""d"":7,""p"":0.001,""r"":7}",
         1,         0,         0,   0.312,correlated_pymatching,9f0d5c5ebeaacfa819af94ab1908d72ac2a5c6fa363048dff740a59665befc15,"{""d"":7,""p"":0.001,""r"":7}",
         1,         0,         0,   0.316,correlated_pymatching,526a9c53121d2590a78619e118eac90c4306ffdf6462386d67efd6891e283792,"{""d"":7,""p"":0.00046415888336127773,""r"":7}",
         1,         0,         0,   0.326,correlated_pymatching,1af5a8d16dfe6abd574790e66dfc9331cc1a7511d9442ded56a0edf86c82b0da,"{""d"":7,""p"":0.00021544346900318845,""r"":7}",
         4,         0,         0,   0.296,correlated_pymatching,526a9c53121d2590a78619e118eac90c4306ffdf6462386d67efd6891e283792,"{""d"":7,""p"":0.00046415888336127773,""r"":7}",
     43008,         0,         0,    11.9,correlated_pymatching,38d00c745a2d4a3a17c6dbc1bbe5617fb3b5e2aa1d862e832a2558b8e0215781,"{""d"":7,""p"":0.0001,""r"":7}",
         1,         0,         0,   0.308,correlated_pymatching,9f0d5c5ebeaacfa819af94ab1908d72ac2a5c6fa363048dff740a59665befc15,"{""d"":7,""p"":0.001,""r"":7}",
         1,         0,         0,   0.308,correlated_pymatching,9f0d5c5ebeaacfa819af94ab1908d72ac2a5c6fa363048dff740a59665befc15,"{""d"":7,""p"":0.001,""r"":7}",
         1,         0,         0,   0.320,correlated_pymatching,526a9c53121d2590a78619e118eac90c4306ffdf6462386d67efd6891e283792,"{""d"":7,""p"":0.00046415888336127773,""r"":7}",
         1,         0,         0,   0.315,correlated_pymatching,1af5a8d16dfe6abd574790e66dfc9331cc1a7511d9442ded56a0edf86c82b0da,"{""d"":7,""p"":0.00021544346900318845,""r"":7}",
     40960,         0,         0,    11.7,correlated_pymatching,1af5a8d16dfe6abd574790e66dfc9331cc1a7511d9442ded56a0edf86c82b0da,"{""d"":7,""p"":0.00021544346900318845,""r"":7}",
         8,         0,         0,   0.308,correlated_pymatching,526a9c53121d2590a78619e118eac90c4306ffdf6462386d67efd6891e283792,"{""d"":7,""p"":0.00046415888336127773,""r"":7}",
         1,         0,         0,   0.316,correlated_pymatching,9f0d5c5ebeaacfa819af94ab1908d72ac2a5c6fa363048dff740a59665befc15,"{""d"":7,""p"":0.001,""r"":7}",
         1,         0,         0,   0.304,correlated_pymatching,9f0d5c5ebeaacfa819af94ab1908d72ac2a5c6fa363048dff740a59665befc15,"{""d"":7,""p"":0.001,""r"":7}",
     36864,         0,         0,    11.9,correlated_pymatching,526a9c53121d2590a78619e118eac90c4306ffdf6462386d67efd6891e283792,"{""d"":7,""p"":0.00046415888336127773,""r"":7}",
         1,         0,         0,   0.316,correlated_pymatching,526a9c53121d2590a78619e118eac90c4306ffdf6462386d67efd6891e283792,"{""d"":7,""p"":0.00046415888336127773,""r"":7}",
         1,         0,         0,   0.317,correlated_pymatching,1af5a8d16dfe6abd574790e66dfc9331cc1a7511d9442ded56a0edf86c82b0da,"{""d"":7,""p"":0.00021544346900318845,""r"":7}",
         8,         0,         0,   0.304,correlated_pymatching,526a9c53121d2590a78619e118eac90c4306ffdf6462386d67efd6891e283792,"{""d"":7,""p"":0.00046415888336127773,""r"":7}",
         1,         0,         0,   0.329,correlated_pymatching,9f0d5c5ebeaacfa819af94ab1908d72ac2a5c6fa363048dff740a59665befc15,"{""d"":7,""p"":0.001,""r"":7}",
         1,         0,         0,   0.335,correlated_pymatching,9f0d5c5ebeaacfa819af94ab1908d72ac2a5c6fa363048dff740a59665befc15,"{""d"":7,""p"":0.001,""r"":7}",
         1,         0,         0,   0.384,correlated_pymatching,526a9c53121d2590a78619e118eac90c4306ffdf6462386d67efd6891e283792,"{""d"":7,""p"":0.00046415888336127773,""r"":7}",
         1,         0,         0,   0.376,correlated_pymatching,1af5a8d16dfe6abd574790e66dfc9331cc1a7511d9442ded56a0edf86c82b0da,"{""d"":7,""p"":0.00021544346900318845,""r"":7}",
     73728,         0,         0,    8.44,correlated_pymatching,fe7c60f3112f5f756b2cb8715b3b780d1357bfbf47449ce6c94d04af6e77331b,"{""d"":5,""p"":0.0001,""r"":5}",
     69632,         2,         0,    8.49,correlated_pymatching,3f140357877ec0bc3d7ae36f067429667d7b4a327fabd9d8f83480f2415abd3d,"{""d"":5,""p"":0.00021544346900318845,""r"":5}","{""obs_mistake_mask=E"":2}"
     29696,        10,         0,    11.8,correlated_pymatching,9f0d5c5ebeaacfa819af94ab1908d72ac2a5c6fa363048dff740a59665befc15,"{""d"":7,""p"":0.001,""r"":7}","{""obs_mistake_mask=E"":10}"
         1,         0,         0,   0.322,correlated_pymatching,9f0d5c5ebeaacfa819af94ab1908d72ac2a5c6fa363048dff740a59665befc15,"{""d"":7,""p"":0.001,""r"":7}",
         8,         0,         0,   0.457,correlated_pymatching,526a9c53121d2590a78619e118eac90c4306ffdf6462386d67efd6891e283792,"{""d"":7,""p"":0.00046415888336127773,""r"":7}",
         1,         0,         0,   0.308,correlated_pymatching,9f0d5c5ebeaacfa819af94ab1908d72ac2a5c6fa363048dff740a59665befc15,"{""d"":7,""p"":0.001,""r"":7}",
         1,         0,         0,   0.320,correlated_pymatching,526a9c53121d2590a78619e118eac90c4306ffdf6462386d67efd6891e283792,"{""d"":7,""p"":0.00046415888336127773,""r"":7}",
         1,         0,         0,   0.327,correlated_pymatching,1af5a8d16dfe6abd574790e66dfc9331cc1a7511d9442ded56a0edf86c82b0da,"{""d"":7,""p"":0.00021544346900318845,""r"":7}",
    105472,         3,         0,    11.8,correlated_pymatching,3f140357877ec0bc3d7ae36f067429667d7b4a327fabd9d8f83480f2415abd3d,"{""d"":5,""p"":0.00021544346900318845,""r"":5}","{""obs_mistake_mask=E"":3}"
    110592,         0,         0,    11.8,correlated_pymatching,fe7c60f3112f5f756b2cb8715b3b780d1357bfbf47449ce6c94d04af6e77331b,"{""d"":5,""p"":0.0001,""r"":5}",
        16,         0,         0,   0.602,correlated_pymatching,526a9c53121d2590a78619e118eac90c4306ffdf6462386d67efd6891e283792,"{""d"":7,""p"":0.00046415888336127773,""r"":7}",
         3,         0,         0,   0.608,correlated_pymatching,9f0d5c5ebeaacfa819af94ab1908d72ac2a5c6fa363048dff740a59665befc15,"{""d"":7,""p"":0.001,""r"":7}",
         2,         0,         0,   0.636,correlated_pymatching,9f0d5c5ebeaacfa819af94ab1908d72ac2a5c6fa363048dff740a59665befc15,"{""d"":7,""p"":0.001,""r"":7}",
         2,         0,         0,   0.632,correlated_pymatching,526a9c53121d2590a78619e118eac90c4306ffdf6462386d67efd6891e283792,"{""d"":7,""p"":0.00046415888336127773,""r"":7}",
         2,         0,         0,   0.634,correlated_pymatching,1af5a8d16dfe6abd574790e66dfc9331cc1a7511d9442ded56a0edf86c82b0da,"{""d"":7,""p"":0.00021544346900318845,""r"":7}",
     19456,         3,         0,    8.69,correlated_pymatching,9f0d5c5ebeaacfa819af94ab1908d72ac2a5c6fa363048dff740a59665befc15,"{""d"":7,""p"":0.001,""r"":7}","{""obs_mistake_mask=E"":3}"
     22528,         0,         0,    8.73,correlated_pymatching,526a9c53121d2590a78619e118eac90c4306ffdf6462386d67efd6891e283792,"{""d"":7,""p"":0.00046415888336127773,""r"":7}",
         4,         0,         0,   0.595,correlated_pymatching,9f0d5c5ebeaacfa819af94ab1908d72ac2a5c6fa363048dff740a59665befc15,"{""d"":7,""p"":0.001,""r"":7}",
        32,         0,         0,   0.608,correlated_pymatching,526a9c53121d2590a78619e118eac90c4306ffdf6462386d67efd6891e283792,"{""d"":7,""p"":0.00046415888336127773,""r"":7}",
         2,         0,         0,   0.628,correlated_pymatching,9f0d5c5ebeaacfa819af94ab1908d72ac2a5c6fa363048dff740a59665befc15,"{""d"":7,""p"":0.001,""r"":7}",
         2,         0,         0,   0.632,correlated_pymatching,526a9c53121d2590a78619e118eac90c4306ffdf6462386d67efd6891e283792,"{""d"":7,""p"":0.00046415888336127773,""r"":7}",
     25600,         0,         0,    8.52,correlated_pymatching,38d00c745a2d4a3a17c6dbc1bbe5617fb3b5e2aa1d862e832a2558b8e0215781,"{""d"":7,""p"":0.0001,""r"":7}",
         2,         0,         0,   0.654,correlated_pymatching,1af5a8d16dfe6abd574790e66dfc9331cc1a7511d9442ded56a0edf86c82b0da,"{""d"":7,""p"":0.00021544346900318845,""r"":7}",
     92160,         0,         0,    11.8,correlated_pymatching,fe7c60f3112f5f756b2cb8715b3b780d1357bfbf47449ce6c94d04af6e77331b,"{""d"":5,""p"":0.0001,""r"":5}",
        12,         0,         0,   0.924,correlated_pymatching,9f0d5c5ebeaacfa819af94ab1908d72ac2a5c6fa363048dff740a59665befc15,"{""d"":7,""p"":0.001,""r"":7}",
        64,         0,         0,   0.915,correlated_pymatching,526a9c53121d2590a78619e118eac90c4306ffdf6462386d67efd6891e283792,"{""d"":7,""p"":0.00046415888336127773,""r"":7}",
     38912,         0,         0,    11.8,correlated_pymatching,38d00c745a2d4a3a17c6dbc1bbe5617fb3b5e2aa1d862e832a2558b8e0215781,"{""d"":7,""p"":0.0001,""r"":7}",
         3,         0,         0,   0.949,correlated_pymatching,9f0d5c5ebeaacfa819af94ab1908d72ac2a5c6fa363048dff740a59665befc15,"{""d"":7,""p"":0.001,""r"":7}",
         3,         0,         0,   0.947,correlated_pymatching,526a9c53121d2590a78619e118eac90c4306ffdf6462386d67efd6891e283792,"{""d"":7,""p"":0.00046415888336127773,""r"":7}",
        17,         0,         0,    8.56,correlated_pymatching,1af5a8d16dfe6abd574790e66dfc9331cc1a7511d9442ded56a0edf86c82b0da,"{""d"":7,""p"":0.00021544346900318845,""r"":7}",
         3,         0,         0,   0.952,correlated_pymatching,1af5a8d16dfe6abd574790e66dfc9331cc1a7511d9442ded56a0edf86c82b0da,"{""d"":7,""p"":0.00021544346900318845,""r"":7}",
     33792,         0,         0,    11.8,correlated_pymatching,1af5a8d16dfe6abd574790e66dfc9331cc1a7511d9442ded56a0edf86c82b0da,"{""d"":7,""p"":0.00021544346900318845,""r"":7}",
     30720,         0,         0,    11.8,correlated_pymatching,526a9c53121d2590a78619e118eac90c4306ffdf6462386d67efd6891e283792,"{""d"":7,""p"":0.00046415888336127773,""r"":7}",
       128,         0,         0,    1.23,correlated_pymatching,526a9c53121d2590a78619e118eac90c4306ffdf6462386d67efd6891e283792,"{""d"":7,""p"":0.00046415888336127773,""r"":7}",
        40,         0,         0,    1.24,correlated_pymatching,9f0d5c5ebeaacfa819af94ab1908d72ac2a5c6fa363048dff740a59665befc15,"{""d"":7,""p"":0.001,""r"":7}",
         4,         0,         0,    1.24,correlated_pymatching,9f0d5c5ebeaacfa819af94ab1908d72ac2a5c6fa363048dff740a59665befc15,"{""d"":7,""p"":0.001,""r"":7}",
         4,         0,         0,    1.26,correlated_pymatching,526a9c53121d2590a78619e118eac90c4306ffdf6462386d67efd6891e283792,"{""d"":7,""p"":0.00046415888336127773,""r"":7}",
         4,         0,         0,    1.28,correlated_pymatching,1af5a8d16dfe6abd574790e66dfc9331cc1a7511d9442ded56a0edf86c82b0da,"{""d"":7,""p"":0.00021544346900318845,""r"":7}",
     26624,         7,         0,    12.0,correlated_pymatching,9f0d5c5ebeaacfa819af94ab1908d72ac2a5c6fa363048dff740a59665befc15,"{""d"":7,""p"":0.001,""r"":7}","{""obs_mistake_mask=E"":7}"
        80,         0,         0,    1.56,correlated_pymatching,9f0d5c5ebeaacfa819af94ab1908d72ac2a5c6fa363048dff740a59665befc15,"{""d"":7,""p"":0.001,""r"":7}",
         5,         0,         0,    1.57,correlated_pymatching,9f0d5c5ebeaacfa819af94ab1908d72ac2a5c6fa363048dff740a59665befc15,"{""d"":7,""p"":0.001,""r"":7}",
         5,         0,         0,    1.58,correlated_pymatching,526a9c53121d2590a78619e118eac90c4306ffdf6462386d67efd6891e283792,"{""d"":7,""p"":0.00046415888336127773,""r"":7}",
       320,         0,         0,    1.84,correlated_pymatching,526a9c53121d2590a78619e118eac90c4306ffdf6462386d67efd6891e283792,"{""d"":7,""p"":0.00046415888336127773,""r"":7}",
        17,         0,         0,    1.69,correlated_pymatching,1af5a8d16dfe6abd574790e66dfc9331cc1a7511d9442ded56a0edf86c82b0da,"{""d"":7,""p"":0.00021544346900318845,""r"":7}",
     89088,         7,         0,    11.8,correlated_pymatching,3f140357877ec0bc3d7ae36f067429667d7b4a327fabd9d8f83480f2415abd3d,"{""d"":5,""p"":0.00021544346900318845,""r"":5}","{""obs_mistake_mask=E"":7}"
       112,         0,         0,    2.27,correlated_pymatching,9f0d5c5ebeaacfa819af94ab1908d72ac2a5c6fa363048dff740a59665befc15,"{""d"":7,""p"":0.001,""r"":7}",
         7,         0,         0,    2.30,correlated_pymatching,9f0d5c5ebeaacfa819af94ab1908d72ac2a5c6fa363048dff740a59665befc15,"{""d"":7,""p"":0.001,""r"":7}",
         9,         0,         0,    2.35,correlated_pymatching,526a9c53121d2590a78619e118eac90c4306ffdf6462386d67efd6891e283792,"{""d"":7,""p"":0.00046415888336127773,""r"":7}",
        72,         0,         0,    2.31,correlated_pymatching,1af5a8d16dfe6abd574790e66dfc9331cc1a7511d9442ded56a0edf86c82b0da,"{""d"":7,""p"":0.00021544346900318845,""r"":7}",
       832,         0,         0,    2.48,correlated_pymatching,526a9c53121d2590a78619e118eac90c4306ffdf6462386d67efd6891e283792,"{""d"":7,""p"":0.00046415888336127773,""r"":7}",
     33792,         0,         0,    11.8,correlated_pymatching,38d00c745a2d4a3a17c6dbc1bbe5617fb3b5e2aa1d862e832a2558b8e0215781,"{""d"":7,""p"":0.0001,""r"":7}",
       528,         0,         0,    3.27,correlated_pymatching,9f0d5c5ebeaacfa819af94ab1908d72ac2a5c6fa363048dff740a59665befc15,"{""d"":7,""p"":0.001,""r"":7}",
        22,         0,         0,    3.19,correlated_pymatching,9f0d5c5ebeaacfa819af94ab1908d72ac2a5c6fa363048dff740a59665befc15,"{""d"":7,""p"":0.001,""r"":7}",
        56,         0,         0,    3.33,correlated_pymatching,526a9c53121d2590a78619e118eac90c4306ffdf6462386d67efd6891e283792,"{""d"":7,""p"":0.00046415888336127773,""r"":7}",
      1280,         0,         0,    3.21,correlated_pymatching,526a9c53121d2590a78619e118eac90c4306ffdf6462386d67efd6891e283792,"{""d"":7,""p"":0.00046415888336127773,""r"":7}",
       160,         0,         0,    3.26,correlated_pymatching,1af5a8d16dfe6abd574790e66dfc9331cc1a7511d9442ded56a0edf86c82b0da,"{""d"":7,""p"":0.00021544346900318845,""r"":7}",
    124928,         3,         0,    16.4,correlated_pymatching,3f140357877ec0bc3d7ae36f067429667d7b4a327fabd9d8f83480f2415abd3d,"{""d"":5,""p"":0.00021544346900318845,""r"":5}","{""obs_mistake_mask=E"":3}"
    133120,         1,         0,    16.5,correlated_pymatching,fe7c60f3112f5f756b2cb8715b3b780d1357bfbf47449ce6c94d04af6e77331b,"{""d"":5,""p"":0.0001,""r"":5}","{""obs_mistake_mask=E"":1}"
     91136,         5,         0,    11.7,correlated_pymatching,3f140357877ec0bc3d7ae36f067429667d7b4a327fabd9d8f83480f2415abd3d,"{""d"":5,""p"":0.00021544346900318845,""r"":5}","{""obs_mistake_mask=E"":5}"
     92160,         0,         0,    11.7,correlated_pymatching,fe7c60f3112f5f756b2cb8715b3b780d1357bfbf47449ce6c94d04af6e77331b,"{""d"":5,""p"":0.0001,""r"":5}",
    125952,         5,         0,    16.5,correlated_pymatching,3f140357877ec0bc3d7ae36f067429667d7b4a327fabd9d8f83480f2415abd3d,"{""d"":5,""p"":0.00021544346900318845,""r"":5}","{""obs_mistake_mask=E"":5}"
     77824,         0,         0,    16.6,correlated_pymatching,fe7c60f3112f5f756b2cb8715b3b780d1357bfbf47449ce6c94d04af6e77331b,"{""d"":5,""p"":0.0001,""r"":5}",
     25600,         5,         0,    12.0,correlated_pymatching,9f0d5c5ebeaacfa819af94ab1908d72ac2a5c6fa363048dff740a59665befc15,"{""d"":7,""p"":0.001,""r"":7}","{""obs_mistake_mask=E"":5}"
     34816,         0,         0,    11.7,correlated_pymatching,38d00c745a2d4a3a17c6dbc1bbe5617fb3b5e2aa1d862e832a2558b8e0215781,"{""d"":7,""p"":0.0001,""r"":7}",
     49152,         0,         0,    16.5,correlated_pymatching,38d00c745a2d4a3a17c6dbc1bbe5617fb3b5e2aa1d862e832a2558b8e0215781,"{""d"":7,""p"":0.0001,""r"":7}",
     29696,         0,         0,    12.1,correlated_pymatching,526a9c53121d2590a78619e118eac90c4306ffdf6462386d67efd6891e283792,"{""d"":7,""p"":0.00046415888336127773,""r"":7}",
     43008,         0,         0,    16.5,correlated_pymatching,526a9c53121d2590a78619e118eac90c4306ffdf6462386d67efd6891e283792,"{""d"":7,""p"":0.00046415888336127773,""r"":7}",
     35840,        10,         0,    16.5,correlated_pymatching,9f0d5c5ebeaacfa819af94ab1908d72ac2a5c6fa363048dff740a59665befc15,"{""d"":7,""p"":0.001,""r"":7}","{""obs_mistake_mask=E"":10}"
     47104,         0,         0,    16.7,correlated_pymatching,1af5a8d16dfe6abd574790e66dfc9331cc1a7511d9442ded56a0edf86c82b0da,"{""d"":7,""p"":0.00021544346900318845,""r"":7}",
        24,         0,         0,    12.2,correlated_pymatching,1af5a8d16dfe6abd574790e66dfc9331cc1a7511d9442ded56a0edf86c82b0da,"{""d"":7,""p"":0.00021544346900318845,""r"":7}",
        56,         0,         0,    4.45,correlated_pymatching,9f0d5c5ebeaacfa819af94ab1908d72ac2a5c6fa363048dff740a59665befc15,"{""d"":7,""p"":0.001,""r"":7}",
       896,         0,         0,    4.52,correlated_pymatching,9f0d5c5ebeaacfa819af94ab1908d72ac2a5c6fa363048dff740a59665befc15,"{""d"":7,""p"":0.001,""r"":7}",
      1792,         0,         0,    4.39,correlated_pymatching,526a9c53121d2590a78619e118eac90c4306ffdf6462386d67efd6891e283792,"{""d"":7,""p"":0.00046415888336127773,""r"":7}",
       112,         0,         0,    4.47,correlated_pymatching,526a9c53121d2590a78619e118eac90c4306ffdf6462386d67efd6891e283792,"{""d"":7,""p"":0.00046415888336127773,""r"":7}",
     47104,         0,         0,    16.4,correlated_pymatching,38d00c745a2d4a3a17c6dbc1bbe5617fb3b5e2aa1d862e832a2558b8e0215781,"{""d"":7,""p"":0.0001,""r"":7}",
       224,         0,         0,    4.50,correlated_pymatching,1af5a8d16dfe6abd574790e66dfc9331cc1a7511d9442ded56a0edf86c82b0da,"{""d"":7,""p"":0.00021544346900318845,""r"":7}",
     46080,         0,         0,    16.6,correlated_pymatching,1af5a8d16dfe6abd574790e66dfc9331cc1a7511d9442ded56a0edf86c82b0da,"{""d"":7,""p"":0.00021544346900318845,""r"":7}",
     40960,         2,         0,    16.5,correlated_pymatching,526a9c53121d2590a78619e118eac90c4306ffdf6462386d67efd6891e283792,"{""d"":7,""p"":0.00046415888336127773,""r"":7}","{""obs_mistake_mask=E"":2}"
     34816,        16,         0,    16.6,correlated_pymatching,9f0d5c5ebeaacfa819af94ab1908d72ac2a5c6fa363048dff740a59665befc15,"{""d"":7,""p"":0.001,""r"":7}","{""obs_mistake_mask=E"":16}"
    130048,         0,         0,    16.4,correlated_pymatching,fe7c60f3112f5f756b2cb8715b3b780d1357bfbf47449ce6c94d04af6e77331b,"{""d"":5,""p"":0.0001,""r"":5}",
    126976,         2,         0,    16.5,correlated_pymatching,3f140357877ec0bc3d7ae36f067429667d7b4a327fabd9d8f83480f2415abd3d,"{""d"":5,""p"":0.00021544346900318845,""r"":5}","{""obs_mistake_mask=E"":2}"
    131072,         0,         0,    16.4,correlated_pymatching,fe7c60f3112f5f756b2cb8715b3b780d1357bfbf47449ce6c94d04af6e77331b,"{""d"":5,""p"":0.0001,""r"":5}",
     50176,         0,         0,    16.6,correlated_pymatching,38d00c745a2d4a3a17c6dbc1bbe5617fb3b5e2aa1d862e832a2558b8e0215781,"{""d"":7,""p"":0.0001,""r"":7}",
     48128,         0,         0,    16.7,correlated_pymatching,1af5a8d16dfe6abd574790e66dfc9331cc1a7511d9442ded56a0edf86c82b0da,"{""d"":7,""p"":0.00021544346900318845,""r"":7}",
     43008,         1,         0,    16.5,correlated_pymatching,526a9c53121d2590a78619e118eac90c4306ffdf6462386d67efd6891e283792,"{""d"":7,""p"":0.00046415888336127773,""r"":7}","{""obs_mistake_mask=E"":1}"
     34816,        14,         0,    16.9,correlated_pymatching,9f0d5c5ebeaacfa819af94ab1908d72ac2a5c6fa363048dff740a59665befc15,"{""d"":7,""p"":0.001,""r"":7}","{""obs_mistake_mask=E"":14}"
       208,         1,         0,    6.17,correlated_pymatching,9f0d5c5ebeaacfa819af94ab1908d72ac2a5c6fa363048dff740a59665befc15,"{""d"":7,""p"":0.001,""r"":7}","{""obs_mistake_mask=E"":1}"
      1216,         1,         0,    6.23,correlated_pymatching,9f0d5c5ebeaacfa819af94ab1908d72ac2a5c6fa363048dff740a59665befc15,"{""d"":7,""p"":0.001,""r"":7}","{""obs_mistake_mask=E"":1}"
      4608,         0,         0,    6.16,correlated_pymatching,526a9c53121d2590a78619e118eac90c4306ffdf6462386d67efd6891e283792,"{""d"":7,""p"":0.00046415888336127773,""r"":7}",
       464,         0,         0,    6.10,correlated_pymatching,1af5a8d16dfe6abd574790e66dfc9331cc1a7511d9442ded56a0edf86c82b0da,"{""d"":7,""p"":0.00021544346900318845,""r"":7}",
       192,         0,         0,    6.20,correlated_pymatching,526a9c53121d2590a78619e118eac90c4306ffdf6462386d67efd6891e283792,"{""d"":7,""p"":0.00046415888336127773,""r"":7}",
    124928,         3,         0,    16.6,correlated_pymatching,3f140357877ec0bc3d7ae36f067429667d7b4a327fabd9d8f83480f2415abd3d,"{""d"":5,""p"":0.00021544346900318845,""r"":5}","{""obs_mistake_mask=E"":3}"
     48128,         0,         0,    16.4,correlated_pymatching,38d00c745a2d4a3a17c6dbc1bbe5617fb3b5e2aa1d862e832a2558b8e0215781,"{""d"":7,""p"":0.0001,""r"":7}",
    132096,         0,         0,    16.5,correlated_pymatching,fe7c60f3112f5f756b2cb8715b3b780d1357bfbf47449ce6c94d04af6e77331b,"{""d"":5,""p"":0.0001,""r"":5}",
    131072,         3,         0,    16.5,correlated_pymatching,3f140357877ec0bc3d7ae36f067429667d7b4a327fabd9d8f83480f2415abd3d,"{""d"":5,""p"":0.00021544346900318845,""r"":5}","{""obs_mistake_mask=E"":3}"
     34816,        14,         0,    16.4,correlated_pymatching,9f0d5c5ebeaacfa819af94ab1908d72ac2a5c6fa363048dff740a59665befc15,"{""d"":7,""p"":0.001,""r"":7}","{""obs_mistake_mask=E"":14}"
      3456,         1,         0,    8.39,correlated_pymatching,9f0d5c5ebeaacfa819af94ab1908d72ac2a5c6fa363048dff740a59665befc15,"{""d"":7,""p"":0.001,""r"":7}","{""obs_mistake_mask=E"":1}"
      4800,         0,         0,    8.43,correlated_pymatching,9f0d5c5ebeaacfa819af94ab1908d72ac2a5c6fa363048dff740a59665befc15,"{""d"":7,""p"":0.001,""r"":7}",
     50176,         0,         0,    16.6,correlated_pymatching,38d00c745a2d4a3a17c6dbc1bbe5617fb3b5e2aa1d862e832a2558b8e0215781,"{""d"":7,""p"":0.0001,""r"":7}",
     20480,         0,         0,    8.39,correlated_pymatching,526a9c53121d2590a78619e118eac90c4306ffdf6462386d67efd6891e283792,"{""d"":7,""p"":0.00046415888336127773,""r"":7}",
       864,         0,         0,    8.36,correlated_pymatching,526a9c53121d2590a78619e118eac90c4306ffdf6462386d67efd6891e283792,"{""d"":7,""p"":0.00046415888336127773,""r"":7}",
     40960,         2,         0,    16.7,correlated_pymatching,526a9c53121d2590a78619e118eac90c4306ffdf6462386d67efd6891e283792,"{""d"":7,""p"":0.00046415888336127773,""r"":7}","{""obs_mistake_mask=E"":2}"
      2560,         0,         0,    8.57,correlated_pymatching,1af5a8d16dfe6abd574790e66dfc9331cc1a7511d9442ded56a0edf86c82b0da,"{""d"":7,""p"":0.00021544346900318845,""r"":7}",
        32,         0,         0,    16.4,correlated_pymatching,1af5a8d16dfe6abd574790e66dfc9331cc1a7511d9442ded56a0edf86c82b0da,"{""d"":7,""p"":0.00021544346900318845,""r"":7}",
    173056,         7,         0,    22.9,correlated_pymatching,3f140357877ec0bc3d7ae36f067429667d7b4a327fabd9d8f83480f2415abd3d,"{""d"":5,""p"":0.00021544346900318845,""r"":5}","{""obs_mistake_mask=E"":7}"
    181248,         0,         0,    23.1,correlated_pymatching,fe7c60f3112f5f756b2cb8715b3b780d1357bfbf47449ce6c94d04af6e77331b,"{""d"":5,""p"":0.0001,""r"":5}",
    171008,         5,         0,    23.0,correlated_pymatching,3f140357877ec0bc3d7ae36f067429667d7b4a327fabd9d8f83480f2415abd3d,"{""d"":5,""p"":0.00021544346900318845,""r"":5}","{""obs_mistake_mask=E"":5}"
    107520,         0,         0,    23.0,correlated_pymatching,fe7c60f3112f5f756b2cb8715b3b780d1357bfbf47449ce6c94d04af6e77331b,"{""d"":5,""p"":0.0001,""r"":5}",
     70656,         0,         0,    23.3,correlated_pymatching,38d00c745a2d4a3a17c6dbc1bbe5617fb3b5e2aa1d862e832a2558b8e0215781,"{""d"":7,""p"":0.0001,""r"":7}",
     60416,         1,         0,    23.2,correlated_pymatching,526a9c53121d2590a78619e118eac90c4306ffdf6462386d67efd6891e283792,"{""d"":7,""p"":0.00046415888336127773,""r"":7}","{""obs_mistake_mask=E"":1}"
     66560,         0,         0,    23.0,correlated_pymatching,1af5a8d16dfe6abd574790e66dfc9331cc1a7511d9442ded56a0edf86c82b0da,"{""d"":7,""p"":0.00021544346900318845,""r"":7}",
     52224,        15,         0,    23.4,correlated_pymatching,9f0d5c5ebeaacfa819af94ab1908d72ac2a5c6fa363048dff740a59665befc15,"{""d"":7,""p"":0.001,""r"":7}","{""obs_mistake_mask=E"":15}"
     67584,         0,         0,    23.2,correlated_pymatching,38d00c745a2d4a3a17c6dbc1bbe5617fb3b5e2aa1d862e832a2558b8e0215781,"{""d"":7,""p"":0.0001,""r"":7}",
     57344,         3,         0,    23.0,correlated_pymatching,526a9c53121d2590a78619e118eac90c4306ffdf6462386d67efd6891e283792,"{""d"":7,""p"":0.00046415888336127773,""r"":7}","{""obs_mistake_mask=E"":3}"
     63488,         0,         0,    23.2,correlated_pymatching,1af5a8d16dfe6abd574790e66dfc9331cc1a7511d9442ded56a0edf86c82b0da,"{""d"":7,""p"":0.00021544346900318845,""r"":7}",
     49152,        11,         0,    23.3,correlated_pymatching,9f0d5c5ebeaacfa819af94ab1908d72ac2a5c6fa363048dff740a59665befc15,"{""d"":7,""p"":0.001,""r"":7}","{""obs_mistake_mask=E"":11}"
    178176,         8,         0,    23.0,correlated_pymatching,3f140357877ec0bc3d7ae36f067429667d7b4a327fabd9d8f83480f2415abd3d,"{""d"":5,""p"":0.00021544346900318845,""r"":5}","{""obs_mistake_mask=E"":8}"
    175104,         1,         0,    23.1,correlated_pymatching,fe7c60f3112f5f756b2cb8715b3b780d1357bfbf47449ce6c94d04af6e77331b,"{""d"":5,""p"":0.0001,""r"":5}","{""obs_mistake_mask=E"":1}"
    180224,         2,         0,    23.0,correlated_pymatching,fe7c60f3112f5f756b2cb8715b3b780d1357bfbf47449ce6c94d04af6e77331b,"{""d"":5,""p"":0.0001,""r"":5}","{""obs_mistake_mask=E"":2}"
      8192,         2,         0,    11.8,correlated_pymatching,9f0d5c5ebeaacfa819af94ab1908d72ac2a5c6fa363048dff740a59665befc15,"{""d"":7,""p"":0.001,""r"":7}","{""obs_mistake_mask=E"":2}"
     14848,        10,         0,    11.8,correlated_pymatching,9f0d5c5ebeaacfa819af94ab1908d72ac2a5c6fa363048dff740a59665befc15,"{""d"":7,""p"":0.001,""r"":7}","{""obs_mistake_mask=E"":10}"
      5184,         0,         0,    11.7,correlated_pymatching,526a9c53121d2590a78619e118eac90c4306ffdf6462386d67efd6891e283792,"{""d"":7,""p"":0.00046415888336127773,""r"":7}",
     31744,         0,         0,    12.0,correlated_pymatching,526a9c53121d2590a78619e118eac90c4306ffdf6462386d67efd6891e283792,"{""d"":7,""p"":0.00046415888336127773,""r"":7}",
     68608,         0,         0,    23.1,correlated_pymatching,38d00c745a2d4a3a17c6dbc1bbe5617fb3b5e2aa1d862e832a2558b8e0215781,"{""d"":7,""p"":0.0001,""r"":7}",
      6784,         0,         0,    11.9,correlated_pymatching,1af5a8d16dfe6abd574790e66dfc9331cc1a7511d9442ded56a0edf86c82b0da,"{""d"":7,""p"":0.00021544346900318845,""r"":7}",
     59392,         3,         0,    23.0,correlated_pymatching,526a9c53121d2590a78619e118eac90c4306ffdf6462386d67efd6891e283792,"{""d"":7,""p"":0.00046415888336127773,""r"":7}","{""obs_mistake_mask=E"":3}"
     66560,         0,         0,    23.2,correlated_pymatching,1af5a8d16dfe6abd574790e66dfc9331cc1a7511d9442ded56a0edf86c82b0da,"{""d"":7,""p"":0.00021544346900318845,""r"":7}",
     49152,        18,         0,    23.4,correlated_pymatching,9f0d5c5ebeaacfa819af94ab1908d72ac2a5c6fa363048dff740a59665befc15,"{""d"":7,""p"":0.001,""r"":7}","{""obs_mistake_mask=E"":18}"
     39251,         1,         0,    5.07,correlated_pymatching,fe7c60f3112f5f756b2cb8715b3b780d1357bfbf47449ce6c94d04af6e77331b,"{""d"":5,""p"":0.0001,""r"":5}","{""obs_mistake_mask=E"":1}"
    135168,         1,         0,    17.0,correlated_pymatching,fe7c60f3112f5f756b2cb8715b3b780d1357bfbf47449ce6c94d04af6e77331b,"{""d"":5,""p"":0.0001,""r"":5}","{""obs_mistake_mask=E"":1}"
    173056,         5,         0,    23.0,correlated_pymatching,3f140357877ec0bc3d7ae36f067429667d7b4a327fabd9d8f83480f2415abd3d,"{""d"":5,""p"":0.00021544346900318845,""r"":5}","{""obs_mistake_mask=E"":5}"
     52099,         1,         0,    5.97,correlated_pymatching,3f140357877ec0bc3d7ae36f067429667d7b4a327fabd9d8f83480f2415abd3d,"{""d"":5,""p"":0.00021544346900318845,""r"":5}","{""obs_mistake_mask=E"":1}"
     90112,         3,         0,    11.5,correlated_pymatching,3f140357877ec0bc3d7ae36f067429667d7b4a327fabd9d8f83480f2415abd3d,"{""d"":5,""p"":0.00021544346900318845,""r"":5}","{""obs_mistake_mask=E"":3}"
    143360,         5,         0,    17.9,correlated_pymatching,3f140357877ec0bc3d7ae36f067429667d7b4a327fabd9d8f83480f2415abd3d,"{""d"":5,""p"":0.00021544346900318845,""r"":5}","{""obs_mistake_mask=E"":5}"
     85243,         5,         0,    11.3,correlated_pymatching,3f140357877ec0bc3d7ae36f067429667d7b4a327fabd9d8f83480f2415abd3d,"{""d"":5,""p"":0.00021544346900318845,""r"":5}","{""obs_mistake_mask=E"":5}"
     95571,         0,         0,    11.7,correlated_pymatching,fe7c60f3112f5f756b2cb8715b3b780d1357bfbf47449ce6c94d04af6e77331b,"{""d"":5,""p"":0.0001,""r"":5}",
     69632,         0,         0,    23.1,correlated_pymatching,38d00c745a2d4a3a17c6dbc1bbe5617fb3b5e2aa1d862e832a2558b8e0215781,"{""d"":7,""p"":0.0001,""r"":7}",
     21500,         2,         0,    1.88,correlated_pymatching,3f140357877ec0bc3d7ae36f067429667d7b4a327fabd9d8f83480f2415abd3d,"{""d"":5,""p"":0.00021544346900318845,""r"":5}","{""obs_mistake_mask=E"":2}"
     18432,         1,         0,    1.55,correlated_pymatching,3f140357877ec0bc3d7ae36f067429667d7b4a327fabd9d8f83480f2415abd3d,"{""d"":5,""p"":0.00021544346900318845,""r"":5}","{""obs_mistake_mask=E"":1}"
     18432,         2,         0,    1.57,correlated_pymatching,3f140357877ec0bc3d7ae36f067429667d7b4a327fabd9d8f83480f2415abd3d,"{""d"":5,""p"":0.00021544346900318845,""r"":5}","{""obs_mistake_mask=E"":2}"
     18432,         0,         0,    1.57,correlated_pymatching,3f140357877ec0bc3d7ae36f067429667d7b4a327fabd9d8f83480f2415abd3d,"{""d"":5,""p"":0.00021544346900318845,""r"":5}",
     17200,         2,         0,    1.50,correlated_pymatching,3f140357877ec0bc3d7ae36f067429667d7b4a327fabd9d8f83480f2415abd3d,"{""d"":5,""p"":0.00021544346900318845,""r"":5}","{""obs_mistake_mask=E"":2}"
      3072,         0,         0,   0.269,correlated_pymatching,3f140357877ec0bc3d7ae36f067429667d7b4a327fabd9d8f83480f2415abd3d,"{""d"":5,""p"":0.00021544346900318845,""r"":5}",
      3068,         0,         0,   0.244,correlated_pymatching,3f140357877ec0bc3d7ae36f067429667d7b4a327fabd9d8f83480f2415abd3d,"{""d"":5,""p"":0.00021544346900318845,""r"":5}",
      3065,         0,         0,   0.263,correlated_pymatching,3f140357877ec0bc3d7ae36f067429667d7b4a327fabd9d8f83480f2415abd3d,"{""d"":5,""p"":0.00021544346900318845,""r"":5}",
      3068,         0,         0,   0.265,correlated_pymatching,3f140357877ec0bc3d7ae36f067429667d7b4a327fabd9d8f83480f2415abd3d,"{""d"":5,""p"":0.00021544346900318845,""r"":5}",
      1024,         0,         0,   0.085,correlated_pymatching,3f140357877ec0bc3d7ae36f067429667d7b4a327fabd9d8f83480f2415abd3d,"{""d"":5,""p"":0.00021544346900318845,""r"":5}",
        41,         0,         0,   0.062,correlated_pymatching,3f140357877ec0bc3d7ae36f067429667d7b4a327fabd9d8f83480f2415abd3d,"{""d"":5,""p"":0.00021544346900318845,""r"":5}",
        41,         0,         0,   0.073,correlated_pymatching,3f140357877ec0bc3d7ae36f067429667d7b4a327fabd9d8f83480f2415abd3d,"{""d"":5,""p"":0.00021544346900318845,""r"":5}",
        41,         0,         0,   0.072,correlated_pymatching,3f140357877ec0bc3d7ae36f067429667d7b4a327fabd9d8f83480f2415abd3d,"{""d"":5,""p"":0.00021544346900318845,""r"":5}",
        41,         0,         0,   0.073,correlated_pymatching,3f140357877ec0bc3d7ae36f067429667d7b4a327fabd9d8f83480f2415abd3d,"{""d"":5,""p"":0.00021544346900318845,""r"":5}",
        40,         0,         0,   0.073,correlated_pymatching,3f140357877ec0bc3d7ae36f067429667d7b4a327fabd9d8f83480f2415abd3d,"{""d"":5,""p"":0.00021544346900318845,""r"":5}",
     68608,         0,         0,    7.10,correlated_pymatching,fe7c60f3112f5f756b2cb8715b3b780d1357bfbf47449ce6c94d04af6e77331b,"{""d"":5,""p"":0.0001,""r"":5}",
         1,         0,         0,   0.083,correlated_pymatching,fe7c60f3112f5f756b2cb8715b3b780d1357bfbf47449ce6c94d04af6e77331b,"{""d"":5,""p"":0.0001,""r"":5}",
         4,         0,         0,   0.078,correlated_pymatching,fe7c60f3112f5f756b2cb8715b3b780d1357bfbf47449ce6c94d04af6e77331b,"{""d"":5,""p"":0.0001,""r"":5}",
     64411,         0,         0,    12.5,correlated_pymatching,fe7c60f3112f5f756b2cb8715b3b780d1357bfbf47449ce6c94d04af6e77331b,"{""d"":5,""p"":0.0001,""r"":5}",
        16,         0,         0,   0.075,correlated_pymatching,fe7c60f3112f5f756b2cb8715b3b780d1357bfbf47449ce6c94d04af6e77331b,"{""d"":5,""p"":0.0001,""r"":5}",
        64,         0,         0,   0.076,correlated_pymatching,fe7c60f3112f5f756b2cb8715b3b780d1357bfbf47449ce6c94d04af6e77331b,"{""d"":5,""p"":0.0001,""r"":5}",
         1,         0,         0,   0.204,correlated_pymatching,38d00c745a2d4a3a17c6dbc1bbe5617fb3b5e2aa1d862e832a2558b8e0215781,"{""d"":7,""p"":0.0001,""r"":7}",
         1,         0,         0,   0.214,correlated_pymatching,1af5a8d16dfe6abd574790e66dfc9331cc1a7511d9442ded56a0edf86c82b0da,"{""d"":7,""p"":0.00021544346900318845,""r"":7}",
         1,         0,         0,   0.207,correlated_pymatching,1af5a8d16dfe6abd574790e66dfc9331cc1a7511d9442ded56a0edf86c82b0da,"{""d"":7,""p"":0.00021544346900318845,""r"":7}",
         1,         0,         0,   0.239,correlated_pymatching,38d00c745a2d4a3a17c6dbc1bbe5617fb3b5e2aa1d862e832a2558b8e0215781,"{""d"":7,""p"":0.0001,""r"":7}",
       256,         0,         0,   0.073,correlated_pymatching,fe7c60f3112f5f756b2cb8715b3b780d1357bfbf47449ce6c94d04af6e77331b,"{""d"":5,""p"":0.0001,""r"":5}",
      1024,         0,         0,   0.083,correlated_pymatching,fe7c60f3112f5f756b2cb8715b3b780d1357bfbf47449ce6c94d04af6e77331b,"{""d"":5,""p"":0.0001,""r"":5}",
         2,         0,         0,   0.210,correlated_pymatching,38d00c745a2d4a3a17c6dbc1bbe5617fb3b5e2aa1d862e832a2558b8e0215781,"{""d"":7,""p"":0.0001,""r"":7}",
         2,         0,         0,   0.202,correlated_pymatching,1af5a8d16dfe6abd574790e66dfc9331cc1a7511d9442ded56a0edf86c82b0da,"{""d"":7,""p"":0.00021544346900318845,""r"":7}",
      1024,         0,         0,   0.089,correlated_pymatching,fe7c60f3112f5f756b2cb8715b3b780d1357bfbf47449ce6c94d04af6e77331b,"{""d"":5,""p"":0.0001,""r"":5}",
         2,         0,         0,   0.194,correlated_pymatching,38d00c745a2d4a3a17c6dbc1bbe5617fb3b5e2aa1d862e832a2558b8e0215781,"{""d"":7,""p"":0.0001,""r"":7}",
         2,         0,         0,   0.248,correlated_pymatching,1af5a8d16dfe6abd574790e66dfc9331cc1a7511d9442ded56a0edf86c82b0da,"{""d"":7,""p"":0.00021544346900318845,""r"":7}",
     42241,         1,         0,    3.77,correlated_pymatching,fe7c60f3112f5f756b2cb8715b3b780d1357bfbf47449ce6c94d04af6e77331b,"{""d"":5,""p"":0.0001,""r"":5}","{""obs_mistake_mask=E"":1}"
      2048,         0,         0,   0.184,correlated_pymatching,fe7c60f3112f5f756b2cb8715b3b780d1357bfbf47449ce6c94d04af6e77331b,"{""d"":5,""p"":0.0001,""r"":5}",
     42241,         0,         0,    3.74,correlated_pymatching,fe7c60f3112f5f756b2cb8715b3b780d1357bfbf47449ce6c94d04af6e77331b,"{""d"":5,""p"":0.0001,""r"":5}",
         4,         0,         0,   0.218,correlated_pymatching,1af5a8d16dfe6abd574790e66dfc9331cc1a7511d9442ded56a0edf86c82b0da,"{""d"":7,""p"":0.00021544346900318845,""r"":7}",
         4,         0,         0,   0.183,correlated_pymatching,1af5a8d16dfe6abd574790e66dfc9331cc1a7511d9442ded56a0edf86c82b0da,"{""d"":7,""p"":0.00021544346900318845,""r"":7}",
         4,         0,         0,   0.221,correlated_pymatching,38d00c745a2d4a3a17c6dbc1bbe5617fb3b5e2aa1d862e832a2558b8e0215781,"{""d"":7,""p"":0.0001,""r"":7}",
     30720,         0,         0,    2.60,correlated_pymatching,fe7c60f3112f5f756b2cb8715b3b780d1357bfbf47449ce6c94d04af6e77331b,"{""d"":5,""p"":0.0001,""r"":5}",
         4,         0,         0,   0.271,correlated_pymatching,38d00c745a2d4a3a17c6dbc1bbe5617fb3b5e2aa1d862e832a2558b8e0215781,"{""d"":7,""p"":0.0001,""r"":7}",
      2048,         0,         0,   0.166,correlated_pymatching,fe7c60f3112f5f756b2cb8715b3b780d1357bfbf47449ce6c94d04af6e77331b,"{""d"":5,""p"":0.0001,""r"":5}",
         8,         0,         0,   0.194,correlated_pymatching,38d00c745a2d4a3a17c6dbc1bbe5617fb3b5e2aa1d862e832a2558b8e0215781,"{""d"":7,""p"":0.0001,""r"":7}",
         8,         0,         0,   0.224,correlated_pymatching,1af5a8d16dfe6abd574790e66dfc9331cc1a7511d9442ded56a0edf86c82b0da,"{""d"":7,""p"":0.00021544346900318845,""r"":7}",
         8,         0,         0,   0.216,correlated_pymatching,1af5a8d16dfe6abd574790e66dfc9331cc1a7511d9442ded56a0edf86c82b0da,"{""d"":7,""p"":0.00021544346900318845,""r"":7}",
         8,         0,         0,   0.185,correlated_pymatching,38d00c745a2d4a3a17c6dbc1bbe5617fb3b5e2aa1d862e832a2558b8e0215781,"{""d"":7,""p"":0.0001,""r"":7}",
      3072,         0,         0,   0.256,correlated_pymatching,fe7c60f3112f5f756b2cb8715b3b780d1357bfbf47449ce6c94d04af6e77331b,"{""d"":5,""p"":0.0001,""r"":5}",
        16,         0,         0,   0.191,correlated_pymatching,1af5a8d16dfe6abd574790e66dfc9331cc1a7511d9442ded56a0edf86c82b0da,"{""d"":7,""p"":0.00021544346900318845,""r"":7}",
        16,         0,         0,   0.204,correlated_pymatching,38d00c745a2d4a3a17c6dbc1bbe5617fb3b5e2aa1d862e832a2558b8e0215781,"{""d"":7,""p"":0.0001,""r"":7}",
        16,         0,         0,   0.215,correlated_pymatching,1af5a8d16dfe6abd574790e66dfc9331cc1a7511d9442ded56a0edf86c82b0da,"{""d"":7,""p"":0.00021544346900318845,""r"":7}",
        16,         0,         0,   0.231,correlated_pymatching,38d00c745a2d4a3a17c6dbc1bbe5617fb3b5e2aa1d862e832a2558b8e0215781,"{""d"":7,""p"":0.0001,""r"":7}",
        32,         0,         0,   0.204,correlated_pymatching,1af5a8d16dfe6abd574790e66dfc9331cc1a7511d9442ded56a0edf86c82b0da,"{""d"":7,""p"":0.00021544346900318845,""r"":7}",
        32,         0,         0,   0.194,correlated_pymatching,38d00c745a2d4a3a17c6dbc1bbe5617fb3b5e2aa1d862e832a2558b8e0215781,"{""d"":7,""p"":0.0001,""r"":7}",
        32,         0,         0,   0.197,correlated_pymatching,38d00c745a2d4a3a17c6dbc1bbe5617fb3b5e2aa1d862e832a2558b8e0215781,"{""d"":7,""p"":0.0001,""r"":7}",
        32,         0,         0,   0.211,correlated_pymatching,1af5a8d16dfe6abd574790e66dfc9331cc1a7511d9442ded56a0edf86c82b0da,"{""d"":7,""p"":0.00021544346900318845,""r"":7}",
      4096,         0,         0,   0.335,correlated_pymatching,fe7c60f3112f5f756b2cb8715b3b780d1357bfbf47449ce6c94d04af6e77331b,"{""d"":5,""p"":0.0001,""r"":5}",
        64,         0,         0,   0.200,correlated_pymatching,1af5a8d16dfe6abd574790e66dfc9331cc1a7511d9442ded56a0edf86c82b0da,"{""d"":7,""p"":0.00021544346900318845,""r"":7}",
        64,         0,         0,   0.202,correlated_pymatching,38d00c745a2d4a3a17c6dbc1bbe5617fb3b5e2aa1d862e832a2558b8e0215781,"{""d"":7,""p"":0.0001,""r"":7}",
        64,         0,         0,   0.196,correlated_pymatching,1af5a8d16dfe6abd574790e66dfc9331cc1a7511d9442ded56a0edf86c82b0da,"{""d"":7,""p"":0.00021544346900318845,""r"":7}",
        64,         0,         0,   0.223,correlated_pymatching,38d00c745a2d4a3a17c6dbc1bbe5617fb3b5e2aa1d862e832a2558b8e0215781,"{""d"":7,""p"":0.0001,""r"":7}",
      9416,         0,         0,   0.859,correlated_pymatching,fe7c60f3112f5f756b2cb8715b3b780d1357bfbf47449ce6c94d04af6e77331b,"{""d"":5,""p"":0.0001,""r"":5}",
     21504,         0,         0,    1.75,correlated_pymatching,fe7c60f3112f5f756b2cb8715b3b780d1357bfbf47449ce6c94d04af6e77331b,"{""d"":5,""p"":0.0001,""r"":5}",
       128,         0,         0,   0.204,correlated_pymatching,1af5a8d16dfe6abd574790e66dfc9331cc1a7511d9442ded56a0edf86c82b0da,"{""d"":7,""p"":0.00021544346900318845,""r"":7}",
       128,         0,         0,   0.204,correlated_pymatching,38d00c745a2d4a3a17c6dbc1bbe5617fb3b5e2aa1d862e832a2558b8e0215781,"{""d"":7,""p"":0.0001,""r"":7}",
       128,         0,         0,   0.205,correlated_pymatching,38d00c745a2d4a3a17c6dbc1bbe5617fb3b5e2aa1d862e832a2558b8e0215781,"{""d"":7,""p"":0.0001,""r"":7}",
       128,         0,         0,   0.224,correlated_pymatching,1af5a8d16dfe6abd574790e66dfc9331cc1a7511d9442ded56a0edf86c82b0da,"{""d"":7,""p"":0.00021544346900318845,""r"":7}",
      5120,         0,         0,   0.417,correlated_pymatching,fe7c60f3112f5f756b2cb8715b3b780d1357bfbf47449ce6c94d04af6e77331b,"{""d"":5,""p"":0.0001,""r"":5}",
       256,         0,         0,   0.202,correlated_pymatching,1af5a8d16dfe6abd574790e66dfc9331cc1a7511d9442ded56a0edf86c82b0da,"{""d"":7,""p"":0.00021544346900318845,""r"":7}",
       256,         0,         0,   0.204,correlated_pymatching,38d00c745a2d4a3a17c6dbc1bbe5617fb3b5e2aa1d862e832a2558b8e0215781,"{""d"":7,""p"":0.0001,""r"":7}",
       256,         0,         0,   0.210,correlated_pymatching,1af5a8d16dfe6abd574790e66dfc9331cc1a7511d9442ded56a0edf86c82b0da,"{""d"":7,""p"":0.00021544346900318845,""r"":7}",
     14819,         0,         0,    1.25,correlated_pymatching,fe7c60f3112f5f756b2cb8715b3b780d1357bfbf47449ce6c94d04af6e77331b,"{""d"":5,""p"":0.0001,""r"":5}",
       256,         0,         0,   0.203,correlated_pymatching,38d00c745a2d4a3a17c6dbc1bbe5617fb3b5e2aa1d862e832a2558b8e0215781,"{""d"":7,""p"":0.0001,""r"":7}",
     13312,         0,         0,    1.90,correlated_pymatching,fe7c60f3112f5f756b2cb8715b3b780d1357bfbf47449ce6c94d04af6e77331b,"{""d"":5,""p"":0.0001,""r"":5}",
     16384,         0,         0,    1.39,correlated_pymatching,fe7c60f3112f5f756b2cb8715b3b780d1357bfbf47449ce6c94d04af6e77331b,"{""d"":5,""p"":0.0001,""r"":5}",
       512,         0,         0,   0.217,correlated_pymatching,1af5a8d16dfe6abd574790e66dfc9331cc1a7511d9442ded56a0edf86c82b0da,"{""d"":7,""p"":0.00021544346900318845,""r"":7}",
       512,         0,         0,   0.219,correlated_pymatching,38d00c745a2d4a3a17c6dbc1bbe5617fb3b5e2aa1d862e832a2558b8e0215781,"{""d"":7,""p"":0.0001,""r"":7}",
       512,         0,         0,   0.234,correlated_pymatching,1af5a8d16dfe6abd574790e66dfc9331cc1a7511d9442ded56a0edf86c82b0da,"{""d"":7,""p"":0.00021544346900318845,""r"":7}",
      2812,         0,         0,   0.253,correlated_pymatching,fe7c60f3112f5f756b2cb8715b3b780d1357bfbf47449ce6c94d04af6e77331b,"{""d"":5,""p"":0.0001,""r"":5}",
      8192,         0,         0,   0.685,correlated_pymatching,fe7c60f3112f5f756b2cb8715b3b780d1357bfbf47449ce6c94d04af6e77331b,"{""d"":5,""p"":0.0001,""r"":5}",
      1536,         0,         0,   0.411,correlated_pymatching,38d00c745a2d4a3a17c6dbc1bbe5617fb3b5e2aa1d862e832a2558b8e0215781,"{""d"":7,""p"":0.0001,""r"":7}",
      3323,         0,         0,   0.334,correlated_pymatching,fe7c60f3112f5f756b2cb8715b3b780d1357bfbf47449ce6c94d04af6e77331b,"{""d"":5,""p"":0.0001,""r"":5}",
      8192,         1,         0,   0.670,correlated_pymatching,fe7c60f3112f5f756b2cb8715b3b780d1357bfbf47449ce6c94d04af6e77331b,"{""d"":5,""p"":0.0001,""r"":5}","{""obs_mistake_mask=E"":1}"
      6871,         0,         0,   0.567,correlated_pymatching,fe7c60f3112f5f756b2cb8715b3b780d1357bfbf47449ce6c94d04af6e77331b,"{""d"":5,""p"":0.0001,""r"":5}",
       544,         0,         0,   0.082,correlated_pymatching,fe7c60f3112f5f756b2cb8715b3b780d1357bfbf47449ce6c94d04af6e77331b,"{""d"":5,""p"":0.0001,""r"":5}",
      1044,         0,         0,   0.156,correlated_pymatching,fe7c60f3112f5f756b2cb8715b3b780d1357bfbf47449ce6c94d04af6e77331b,"{""d"":5,""p"":0.0001,""r"":5}",
       378,         0,         0,   0.081,correlated_pymatching,fe7c60f3112f5f756b2cb8715b3b780d1357bfbf47449ce6c94d04af6e77331b,"{""d"":5,""p"":0.0001,""r"":5}",
      4096,         0,         0,   0.558,correlated_pymatching,fe7c60f3112f5f756b2cb8715b3b780d1357bfbf47449ce6c94d04af6e77331b,"{""d"":5,""p"":0.0001,""r"":5}",
      1146,         0,         0,   0.160,correlated_pymatching,fe7c60f3112f5f756b2cb8715b3b780d1357bfbf47449ce6c94d04af6e77331b,"{""d"":5,""p"":0.0001,""r"":5}",
      2048,         0,         0,   0.461,correlated_pymatching,1af5a8d16dfe6abd574790e66dfc9331cc1a7511d9442ded56a0edf86c82b0da,"{""d"":7,""p"":0.00021544346900318845,""r"":7}",
      1146,         0,         0,   0.159,correlated_pymatching,fe7c60f3112f5f756b2cb8715b3b780d1357bfbf47449ce6c94d04af6e77331b,"{""d"":5,""p"":0.0001,""r"":5}",
      2441,         0,         0,   0.251,correlated_pymatching,fe7c60f3112f5f756b2cb8715b3b780d1357bfbf47449ce6c94d04af6e77331b,"{""d"":5,""p"":0.0001,""r"":5}",
      2441,         0,         0,   0.245,correlated_pymatching,fe7c60f3112f5f756b2cb8715b3b780d1357bfbf47449ce6c94d04af6e77331b,"{""d"":5,""p"":0.0001,""r"":5}",
      2048,         0,         0,   0.461,correlated_pymatching,38d00c745a2d4a3a17c6dbc1bbe5617fb3b5e2aa1d862e832a2558b8e0215781,"{""d"":7,""p"":0.0001,""r"":7}",
      2048,         0,         0,   0.466,correlated_pymatching,1af5a8d16dfe6abd574790e66dfc9331cc1a7511d9442ded56a0edf86c82b0da,"{""d"":7,""p"":0.00021544346900318845,""r"":7}",
      1240,         0,         0,   0.148,correlated_pymatching,fe7c60f3112f5f756b2cb8715b3b780d1357bfbf47449ce6c94d04af6e77331b,"{""d"":5,""p"":0.0001,""r"":5}",
      2048,         0,         0,   0.444,correlated_pymatching,38d00c745a2d4a3a17c6dbc1bbe5617fb3b5e2aa1d862e832a2558b8e0215781,"{""d"":7,""p"":0.0001,""r"":7}",
       170,         0,         0,   0.122,correlated_pymatching,fe7c60f3112f5f756b2cb8715b3b780d1357bfbf47449ce6c94d04af6e77331b,"{""d"":5,""p"":0.0001,""r"":5}",
      2048,         0,         0,   0.470,correlated_pymatching,1af5a8d16dfe6abd574790e66dfc9331cc1a7511d9442ded56a0edf86c82b0da,"{""d"":7,""p"":0.00021544346900318845,""r"":7}",
      2048,         0,         0,   0.471,correlated_pymatching,38d00c745a2d4a3a17c6dbc1bbe5617fb3b5e2aa1d862e832a2558b8e0215781,"{""d"":7,""p"":0.0001,""r"":7}",
      2048,         0,         0,   0.467,correlated_pymatching,1af5a8d16dfe6abd574790e66dfc9331cc1a7511d9442ded56a0edf86c82b0da,"{""d"":7,""p"":0.00021544346900318845,""r"":7}",
      2048,         0,         0,   0.443,correlated_pymatching,38d00c745a2d4a3a17c6dbc1bbe5617fb3b5e2aa1d862e832a2558b8e0215781,"{""d"":7,""p"":0.0001,""r"":7}",
         1,         0,         0,   0.212,correlated_pymatching,526a9c53121d2590a78619e118eac90c4306ffdf6462386d67efd6891e283792,"{""d"":7,""p"":0.00046415888336127773,""r"":7}",
         1,         0,         0,   0.212,correlated_pymatching,1af5a8d16dfe6abd574790e66dfc9331cc1a7511d9442ded56a0edf86c82b0da,"{""d"":7,""p"":0.00021544346900318845,""r"":7}",
         1,         0,         0,   0.225,correlated_pymatching,526a9c53121d2590a78619e118eac90c4306ffdf6462386d67efd6891e283792,"{""d"":7,""p"":0.00046415888336127773,""r"":7}",
         1,         0,         0,   0.223,correlated_pymatching,9f0d5c5ebeaacfa819af94ab1908d72ac2a5c6fa363048dff740a59665befc15,"{""d"":7,""p"":0.001,""r"":7}",
         1,         0,         0,   0.203,correlated_pymatching,38d00c745a2d4a3a17c6dbc1bbe5617fb3b5e2aa1d862e832a2558b8e0215781,"{""d"":7,""p"":0.0001,""r"":7}",
         2,         0,         0,   0.198,correlated_pymatching,1af5a8d16dfe6abd574790e66dfc9331cc1a7511d9442ded56a0edf86c82b0da,"{""d"":7,""p"":0.00021544346900318845,""r"":7}",
         2,         0,         0,   0.199,correlated_pymatching,526a9c53121d2590a78619e118eac90c4306ffdf6462386d67efd6891e283792,"{""d"":7,""p"":0.00046415888336127773,""r"":7}",
         2,         0,         0,   0.206,correlated_pymatching,9f0d5c5ebeaacfa819af94ab1908d72ac2a5c6fa363048dff740a59665befc15,"{""d"":7,""p"":0.001,""r"":7}",
         2,         0,         0,   0.194,correlated_pymatching,526a9c53121d2590a78619e118eac90c4306ffdf6462386d67efd6891e283792,"{""d"":7,""p"":0.00046415888336127773,""r"":7}",
         2,         0,         0,   0.209,correlated_pymatching,38d00c745a2d4a3a17c6dbc1bbe5617fb3b5e2aa1d862e832a2558b8e0215781,"{""d"":7,""p"":0.0001,""r"":7}",
         1,         0,         0,   0.333,correlated_pymatching,9f0d5c5ebeaacfa819af94ab1908d72ac2a5c6fa363048dff740a59665befc15,"{""d"":7,""p"":0.001,""r"":7}",
         4,         0,         0,   0.204,correlated_pymatching,1af5a8d16dfe6abd574790e66dfc9331cc1a7511d9442ded56a0edf86c82b0da,"{""d"":7,""p"":0.00021544346900318845,""r"":7}",
         4,         0,         0,   0.192,correlated_pymatching,38d00c745a2d4a3a17c6dbc1bbe5617fb3b5e2aa1d862e832a2558b8e0215781,"{""d"":7,""p"":0.0001,""r"":7}",
         4,         0,         0,   0.207,correlated_pymatching,526a9c53121d2590a78619e118eac90c4306ffdf6462386d67efd6891e283792,"{""d"":7,""p"":0.00046415888336127773,""r"":7}",
         4,         0,         0,   0.216,correlated_pymatching,526a9c53121d2590a78619e118eac90c4306ffdf6462386d67efd6891e283792,"{""d"":7,""p"":0.00046415888336127773,""r"":7}",
         4,         0,         0,   0.213,correlated_pymatching,9f0d5c5ebeaacfa819af94ab1908d72ac2a5c6fa363048dff740a59665befc15,"{""d"":7,""p"":0.001,""r"":7}",
      3072,         0,         0,   0.699,correlated_pymatching,1af5a8d16dfe6abd574790e66dfc9331cc1a7511d9442ded56a0edf86c82b0da,"{""d"":7,""p"":0.00021544346900318845,""r"":7}",
      3072,         0,         0,   0.704,correlated_pymatching,38d00c745a2d4a3a17c6dbc1bbe5617fb3b5e2aa1d862e832a2558b8e0215781,"{""d"":7,""p"":0.0001,""r"":7}",
         1,         0,         0,   0.338,correlated_pymatching,9f0d5c5ebeaacfa819af94ab1908d72ac2a5c6fa363048dff740a59665befc15,"{""d"":7,""p"":0.001,""r"":7}",
         8,         0,         0,   0.194,correlated_pymatching,1af5a8d16dfe6abd574790e66dfc9331cc1a7511d9442ded56a0edf86c82b0da,"{""d"":7,""p"":0.00021544346900318845,""r"":7}",
         8,         0,         0,   0.195,correlated_pymatching,526a9c53121d2590a78619e118eac90c4306ffdf6462386d67efd6891e283792,"{""d"":7,""p"":0.00046415888336127773,""r"":7}",
      3072,         0,         0,   0.666,correlated_pymatching,38d00c745a2d4a3a17c6dbc1bbe5617fb3b5e2aa1d862e832a2558b8e0215781,"{""d"":7,""p"":0.0001,""r"":7}",
      3072,         0,         0,   0.748,correlated_pymatching,1af5a8d16dfe6abd574790e66dfc9331cc1a7511d9442ded56a0edf86c82b0da,"{""d"":7,""p"":0.00021544346900318845,""r"":7}",
         8,         0,         0,   0.218,correlated_pymatching,526a9c53121d2590a78619e118eac90c4306ffdf6462386d67efd6891e283792,"{""d"":7,""p"":0.00046415888336127773,""r"":7}",
         8,         0,         0,   0.222,correlated_pymatching,38d00c745a2d4a3a17c6dbc1bbe5617fb3b5e2aa1d862e832a2558b8e0215781,"{""d"":7,""p"":0.0001,""r"":7}",
         8,         0,         0,   0.216,correlated_pymatching,9f0d5c5ebeaacfa819af94ab1908d72ac2a5c6fa363048dff740a59665befc15,"{""d"":7,""p"":0.001,""r"":7}",
        16,         0,         0,   0.202,correlated_pymatching,1af5a8d16dfe6abd574790e66dfc9331cc1a7511d9442ded56a0edf86c82b0da,"{""d"":7,""p"":0.00021544346900318845,""r"":7}",
        16,         0,         0,   0.180,correlated_pymatching,526a9c53121d2590a78619e118eac90c4306ffdf6462386d67efd6891e283792,"{""d"":7,""p"":0.00046415888336127773,""r"":7}",
        16,         0,         0,   0.199,correlated_pymatching,38d00c745a2d4a3a17c6dbc1bbe5617fb3b5e2aa1d862e832a2558b8e0215781,"{""d"":7,""p"":0.0001,""r"":7}",
        16,         0,         0,   0.230,correlated_pymatching,526a9c53121d2590a78619e118eac90c4306ffdf6462386d67efd6891e283792,"{""d"":7,""p"":0.00046415888336127773,""r"":7}",
        16,         0,         0,   0.205,correlated_pymatching,9f0d5c5ebeaacfa819af94ab1908d72ac2a5c6fa363048dff740a59665befc15,"{""d"":7,""p"":0.001,""r"":7}",
     56320,        20,         0,    23.1,correlated_pymatching,9f0d5c5ebeaacfa819af94ab1908d72ac2a5c6fa363048dff740a59665befc15,"{""d"":7,""p"":0.001,""r"":7}","{""obs_mistake_mask=E"":20}"
         1,         0,         0,   0.318,correlated_pymatching,9f0d5c5ebeaacfa819af94ab1908d72ac2a5c6fa363048dff740a59665befc15,"{""d"":7,""p"":0.001,""r"":7}",
        32,         0,         0,   0.228,correlated_pymatching,1af5a8d16dfe6abd574790e66dfc9331cc1a7511d9442ded56a0edf86c82b0da,"{""d"":7,""p"":0.00021544346900318845,""r"":7}",
        32,         0,         0,   0.197,correlated_pymatching,526a9c53121d2590a78619e118eac90c4306ffdf6462386d67efd6891e283792,"{""d"":7,""p"":0.00046415888336127773,""r"":7}",
        32,         0,         0,   0.230,correlated_pymatching,526a9c53121d2590a78619e118eac90c4306ffdf6462386d67efd6891e283792,"{""d"":7,""p"":0.00046415888336127773,""r"":7}",
        32,         0,         0,   0.228,correlated_pymatching,38d00c745a2d4a3a17c6dbc1bbe5617fb3b5e2aa1d862e832a2558b8e0215781,"{""d"":7,""p"":0.0001,""r"":7}",
        32,         0,         0,   0.226,correlated_pymatching,9f0d5c5ebeaacfa819af94ab1908d72ac2a5c6fa363048dff740a59665befc15,"{""d"":7,""p"":0.001,""r"":7}",
         1,         0,         0,   0.317,correlated_pymatching,9f0d5c5ebeaacfa819af94ab1908d72ac2a5c6fa363048dff740a59665befc15,"{""d"":7,""p"":0.001,""r"":7}",
        64,         0,         0,   0.204,correlated_pymatching,1af5a8d16dfe6abd574790e66dfc9331cc1a7511d9442ded56a0edf86c82b0da,"{""d"":7,""p"":0.00021544346900318845,""r"":7}",
        64,         0,         0,   0.216,correlated_pymatching,526a9c53121d2590a78619e118eac90c4306ffdf6462386d67efd6891e283792,"{""d"":7,""p"":0.00046415888336127773,""r"":7}",
        64,         0,         0,   0.227,correlated_pymatching,526a9c53121d2590a78619e118eac90c4306ffdf6462386d67efd6891e283792,"{""d"":7,""p"":0.00046415888336127773,""r"":7}",
     82944,         0,         0,    23.1,correlated_pymatching,38d00c745a2d4a3a17c6dbc1bbe5617fb3b5e2aa1d862e832a2558b8e0215781,"{""d"":7,""p"":0.0001,""r"":7}",
        64,         0,         0,   0.216,correlated_pymatching,38d00c745a2d4a3a17c6dbc1bbe5617fb3b5e2aa1d862e832a2558b8e0215781,"{""d"":7,""p"":0.0001,""r"":7}",
        64,         0,         0,   0.216,correlated_pymatching,9f0d5c5ebeaacfa819af94ab1908d72ac2a5c6fa363048dff740a59665befc15,"{""d"":7,""p"":0.001,""r"":7}",
      4096,         0,         0,   0.923,correlated_pymatching,1af5a8d16dfe6abd574790e66dfc9331cc1a7511d9442ded56a0edf86c82b0da,"{""d"":7,""p"":0.00021544346900318845,""r"":7}",
       128,         0,         0,   0.204,correlated_pymatching,1af5a8d16dfe6abd574790e66dfc9331cc1a7511d9442ded56a0edf86c82b0da,"{""d"":7,""p"":0.00021544346900318845,""r"":7}",
       128,         0,         0,   0.201,correlated_pymatching,526a9c53121d2590a78619e118eac90c4306ffdf6462386d67efd6891e283792,"{""d"":7,""p"":0.00046415888336127773,""r"":7}",
       128,         0,         0,   0.220,correlated_pymatching,526a9c53121d2590a78619e118eac90c4306ffdf6462386d67efd6891e283792,"{""d"":7,""p"":0.00046415888336127773,""r"":7}",
       128,         0,         0,   0.213,correlated_pymatching,38d00c745a2d4a3a17c6dbc1bbe5617fb3b5e2aa1d862e832a2558b8e0215781,"{""d"":7,""p"":0.0001,""r"":7}",
      4096,         0,         0,   0.945,correlated_pymatching,38d00c745a2d4a3a17c6dbc1bbe5617fb3b5e2aa1d862e832a2558b8e0215781,"{""d"":7,""p"":0.0001,""r"":7}",
     67584,         1,         0,    23.1,correlated_pymatching,526a9c53121d2590a78619e118eac90c4306ffdf6462386d67efd6891e283792,"{""d"":7,""p"":0.00046415888336127773,""r"":7}","{""obs_mistake_mask=E"":1}"
      4096,         0,         0,   0.893,correlated_pymatching,38d00c745a2d4a3a17c6dbc1bbe5617fb3b5e2aa1d862e832a2558b8e0215781,"{""d"":7,""p"":0.0001,""r"":7}",
       128,         0,         0,   0.236,correlated_pymatching,9f0d5c5ebeaacfa819af94ab1908d72ac2a5c6fa363048dff740a59665befc15,"{""d"":7,""p"":0.001,""r"":7}",
         1,         0,         0,   0.344,correlated_pymatching,9f0d5c5ebeaacfa819af94ab1908d72ac2a5c6fa363048dff740a59665befc15,"{""d"":7,""p"":0.001,""r"":7}",
      4096,         0,         0,   0.949,correlated_pymatching,1af5a8d16dfe6abd574790e66dfc9331cc1a7511d9442ded56a0edf86c82b0da,"{""d"":7,""p"":0.00021544346900318845,""r"":7}",
       256,         0,         0,   0.204,correlated_pymatching,1af5a8d16dfe6abd574790e66dfc9331cc1a7511d9442ded56a0edf86c82b0da,"{""d"":7,""p"":0.00021544346900318845,""r"":7}",
       256,         0,         0,   0.227,correlated_pymatching,526a9c53121d2590a78619e118eac90c4306ffdf6462386d67efd6891e283792,"{""d"":7,""p"":0.00046415888336127773,""r"":7}",
       256,         0,         0,   0.224,correlated_pymatching,526a9c53121d2590a78619e118eac90c4306ffdf6462386d67efd6891e283792,"{""d"":7,""p"":0.00046415888336127773,""r"":7}",
       256,         0,         0,   0.218,correlated_pymatching,38d00c745a2d4a3a17c6dbc1bbe5617fb3b5e2aa1d862e832a2558b8e0215781,"{""d"":7,""p"":0.0001,""r"":7}",
       256,         0,         0,   0.239,correlated_pymatching,9f0d5c5ebeaacfa819af94ab1908d72ac2a5c6fa363048dff740a59665befc15,"{""d"":7,""p"":0.001,""r"":7}",
         1,         0,         0,   0.328,correlated_pymatching,9f0d5c5ebeaacfa819af94ab1908d72ac2a5c6fa363048dff740a59665befc15,"{""d"":7,""p"":0.001,""r"":7}",
       512,         0,         0,   0.276,correlated_pymatching,1af5a8d16dfe6abd574790e66dfc9331cc1a7511d9442ded56a0edf86c82b0da,"{""d"":7,""p"":0.00021544346900318845,""r"":7}",
       512,         0,         0,   0.210,correlated_pymatching,38d00c745a2d4a3a17c6dbc1bbe5617fb3b5e2aa1d862e832a2558b8e0215781,"{""d"":7,""p"":0.0001,""r"":7}",
       512,         0,         0,   0.240,correlated_pymatching,526a9c53121d2590a78619e118eac90c4306ffdf6462386d67efd6891e283792,"{""d"":7,""p"":0.00046415888336127773,""r"":7}",
       512,         0,         0,   0.232,correlated_pymatching,526a9c53121d2590a78619e118eac90c4306ffdf6462386d67efd6891e283792,"{""d"":7,""p"":0.00046415888336127773,""r"":7}",
       512,         0,         0,   0.268,correlated_pymatching,9f0d5c5ebeaacfa819af94ab1908d72ac2a5c6fa363048dff740a59665befc15,"{""d"":7,""p"":0.001,""r"":7}",
         1,         0,         0,   0.342,correlated_pymatching,9f0d5c5ebeaacfa819af94ab1908d72ac2a5c6fa363048dff740a59665befc15,"{""d"":7,""p"":0.001,""r"":7}",
      1024,         0,         0,   0.336,correlated_pymatching,9f0d5c5ebeaacfa819af94ab1908d72ac2a5c6fa363048dff740a59665befc15,"{""d"":7,""p"":0.001,""r"":7}",
      2048,         0,         0,   0.468,correlated_pymatching,1af5a8d16dfe6abd574790e66dfc9331cc1a7511d9442ded56a0edf86c82b0da,"{""d"":7,""p"":0.00021544346900318845,""r"":7}",
      2048,         0,         0,   0.474,correlated_pymatching,38d00c745a2d4a3a17c6dbc1bbe5617fb3b5e2aa1d862e832a2558b8e0215781,"{""d"":7,""p"":0.0001,""r"":7}",
      2048,         0,         0,   0.536,correlated_pymatching,526a9c53121d2590a78619e118eac90c4306ffdf6462386d67efd6891e283792,"{""d"":7,""p"":0.00046415888336127773,""r"":7}",
      2048,         0,         0,   0.548,correlated_pymatching,526a9c53121d2590a78619e118eac90c4306ffdf6462386d67efd6891e283792,"{""d"":7,""p"":0.00046415888336127773,""r"":7}",
         1,         0,         0,   0.332,correlated_pymatching,9f0d5c5ebeaacfa819af94ab1908d72ac2a5c6fa363048dff740a59665befc15,"{""d"":7,""p"":0.001,""r"":7}",
      5120,         0,         0,    1.16,correlated_pymatching,1af5a8d16dfe6abd574790e66dfc9331cc1a7511d9442ded56a0edf86c82b0da,"{""d"":7,""p"":0.00021544346900318845,""r"":7}",
      5120,         0,         0,    1.13,correlated_pymatching,38d00c745a2d4a3a17c6dbc1bbe5617fb3b5e2aa1d862e832a2558b8e0215781,"{""d"":7,""p"":0.0001,""r"":7}",
      5120,         0,         0,    1.16,correlated_pymatching,38d00c745a2d4a3a17c6dbc1bbe5617fb3b5e2aa1d862e832a2558b8e0215781,"{""d"":7,""p"":0.0001,""r"":7}",
        98,         0,         0,    23.2,correlated_pymatching,1af5a8d16dfe6abd574790e66dfc9331cc1a7511d9442ded56a0edf86c82b0da,"{""d"":7,""p"":0.00021544346900318845,""r"":7}",
      5120,         0,         0,    1.21,correlated_pymatching,1af5a8d16dfe6abd574790e66dfc9331cc1a7511d9442ded56a0edf86c82b0da,"{""d"":7,""p"":0.00021544346900318845,""r"":7}",
      2048,         0,         0,   0.449,correlated_pymatching,38d00c745a2d4a3a17c6dbc1bbe5617fb3b5e2aa1d862e832a2558b8e0215781,"{""d"":7,""p"":0.0001,""r"":7}",
      2048,         0,         0,   0.476,correlated_pymatching,1af5a8d16dfe6abd574790e66dfc9331cc1a7511d9442ded56a0edf86c82b0da,"{""d"":7,""p"":0.00021544346900318845,""r"":7}",
         1,         0,         0,   0.317,correlated_pymatching,9f0d5c5ebeaacfa819af94ab1908d72ac2a5c6fa363048dff740a59665befc15,"{""d"":7,""p"":0.001,""r"":7}",
      2048,         0,         0,   0.524,correlated_pymatching,526a9c53121d2590a78619e118eac90c4306ffdf6462386d67efd6891e283792,"{""d"":7,""p"":0.00046415888336127773,""r"":7}",
      2048,         0,         0,   0.648,correlated_pymatching,9f0d5c5ebeaacfa819af94ab1908d72ac2a5c6fa363048dff740a59665befc15,"{""d"":7,""p"":0.001,""r"":7}",
      2048,         0,         0,   0.532,correlated_pymatching,526a9c53121d2590a78619e118eac90c4306ffdf6462386d67efd6891e283792,"{""d"":7,""p"":0.00046415888336127773,""r"":7}",
         1,         0,         0,   0.346,correlated_pymatching,9f0d5c5ebeaacfa819af94ab1908d72ac2a5c6fa363048dff740a59665befc15,"{""d"":7,""p"":0.001,""r"":7}",
      3072,         0,         0,   0.686,correlated_pymatching,38d00c745a2d4a3a17c6dbc1bbe5617fb3b5e2aa1d862e832a2558b8e0215781,"{""d"":7,""p"":0.0001,""r"":7}",
         1,         0,         0,   0.324,correlated_pymatching,9f0d5c5ebeaacfa819af94ab1908d72ac2a5c6fa363048dff740a59665befc15,"{""d"":7,""p"":0.001,""r"":7}",
      3072,         0,         0,   0.706,correlated_pymatching,1af5a8d16dfe6abd574790e66dfc9331cc1a7511d9442ded56a0edf86c82b0da,"{""d"":7,""p"":0.00021544346900318845,""r"":7}",
      2048,         1,         0,   0.650,correlated_pymatching,9f0d5c5ebeaacfa819af94ab1908d72ac2a5c6fa363048dff740a59665befc15,"{""d"":7,""p"":0.001,""r"":7}","{""obs_mistake_mask=E"":1}"
      3072,         0,         0,   0.785,correlated_pymatching,526a9c53121d2590a78619e118eac90c4306ffdf6462386d67efd6891e283792,"{""d"":7,""p"":0.00046415888336127773,""r"":7}",
      3072,         0,         0,   0.816,correlated_pymatching,526a9c53121d2590a78619e118eac90c4306ffdf6462386d67efd6891e283792,"{""d"":7,""p"":0.00046415888336127773,""r"":7}",
      7168,         0,         0,    1.63,correlated_pymatching,1af5a8d16dfe6abd574790e66dfc9331cc1a7511d9442ded56a0edf86c82b0da,"{""d"":7,""p"":0.00021544346900318845,""r"":7}",
      7168,         0,         0,    1.55,correlated_pymatching,38d00c745a2d4a3a17c6dbc1bbe5617fb3b5e2aa1d862e832a2558b8e0215781,"{""d"":7,""p"":0.0001,""r"":7}",
         2,         0,         0,   0.708,correlated_pymatching,9f0d5c5ebeaacfa819af94ab1908d72ac2a5c6fa363048dff740a59665befc15,"{""d"":7,""p"":0.001,""r"":7}",
      7168,         0,         0,    1.71,correlated_pymatching,38d00c745a2d4a3a17c6dbc1bbe5617fb3b5e2aa1d862e832a2558b8e0215781,"{""d"":7,""p"":0.0001,""r"":7}",
      7168,         0,         0,    1.66,correlated_pymatching,1af5a8d16dfe6abd574790e66dfc9331cc1a7511d9442ded56a0edf86c82b0da,"{""d"":7,""p"":0.00021544346900318845,""r"":7}",
      4096,         0,         0,   0.966,correlated_pymatching,1af5a8d16dfe6abd574790e66dfc9331cc1a7511d9442ded56a0edf86c82b0da,"{""d"":7,""p"":0.00021544346900318845,""r"":7}",
      4096,         0,         0,   0.998,correlated_pymatching,38d00c745a2d4a3a17c6dbc1bbe5617fb3b5e2aa1d862e832a2558b8e0215781,"{""d"":7,""p"":0.0001,""r"":7}",
      3072,         0,         0,   0.988,correlated_pymatching,9f0d5c5ebeaacfa819af94ab1908d72ac2a5c6fa363048dff740a59665befc15,"{""d"":7,""p"":0.001,""r"":7}",
      4096,         0,         0,    1.03,correlated_pymatching,526a9c53121d2590a78619e118eac90c4306ffdf6462386d67efd6891e283792,"{""d"":7,""p"":0.00046415888336127773,""r"":7}",
      4096,         1,         0,    1.03,correlated_pymatching,526a9c53121d2590a78619e118eac90c4306ffdf6462386d67efd6891e283792,"{""d"":7,""p"":0.00046415888336127773,""r"":7}","{""obs_mistake_mask=E"":1}"
         2,         0,         0,   0.640,correlated_pymatching,9f0d5c5ebeaacfa819af94ab1908d72ac2a5c6fa363048dff740a59665befc15,"{""d"":7,""p"":0.001,""r"":7}",
      5120,         0,         0,    1.15,correlated_pymatching,1af5a8d16dfe6abd574790e66dfc9331cc1a7511d9442ded56a0edf86c82b0da,"{""d"":7,""p"":0.00021544346900318845,""r"":7}",
      5120,         0,         0,    1.16,correlated_pymatching,38d00c745a2d4a3a17c6dbc1bbe5617fb3b5e2aa1d862e832a2558b8e0215781,"{""d"":7,""p"":0.0001,""r"":7}",
         3,         0,         0,   0.955,correlated_pymatching,9f0d5c5ebeaacfa819af94ab1908d72ac2a5c6fa363048dff740a59665befc15,"{""d"":7,""p"":0.001,""r"":7}",
      4096,         1,         0,    1.28,correlated_pymatching,9f0d5c5ebeaacfa819af94ab1908d72ac2a5c6fa363048dff740a59665befc15,"{""d"":7,""p"":0.001,""r"":7}","{""obs_mistake_mask=E"":1}"
      5120,         0,         0,    1.34,correlated_pymatching,526a9c53121d2590a78619e118eac90c4306ffdf6462386d67efd6891e283792,"{""d"":7,""p"":0.00046415888336127773,""r"":7}",
      5120,         0,         0,    1.31,correlated_pymatching,526a9c53121d2590a78619e118eac90c4306ffdf6462386d67efd6891e283792,"{""d"":7,""p"":0.00046415888336127773,""r"":7}",
     44032,        21,         0,    16.4,correlated_pymatching,9f0d5c5ebeaacfa819af94ab1908d72ac2a5c6fa363048dff740a59665befc15,"{""d"":7,""p"":0.001,""r"":7}","{""obs_mistake_mask=E"":21}"
     10240,         0,         0,    2.24,correlated_pymatching,38d00c745a2d4a3a17c6dbc1bbe5617fb3b5e2aa1d862e832a2558b8e0215781,"{""d"":7,""p"":0.0001,""r"":7}",
     10240,         0,         0,    2.30,correlated_pymatching,1af5a8d16dfe6abd574790e66dfc9331cc1a7511d9442ded56a0edf86c82b0da,"{""d"":7,""p"":0.00021544346900318845,""r"":7}",
     44032,        17,         0,    16.6,correlated_pymatching,9f0d5c5ebeaacfa819af94ab1908d72ac2a5c6fa363048dff740a59665befc15,"{""d"":7,""p"":0.001,""r"":7}","{""obs_mistake_mask=E"":17}"
     53248,         3,         0,    16.6,correlated_pymatching,526a9c53121d2590a78619e118eac90c4306ffdf6462386d67efd6891e283792,"{""d"":7,""p"":0.00046415888336127773,""r"":7}","{""obs_mistake_mask=E"":3}"
     10240,         0,         0,    2.32,correlated_pymatching,38d00c745a2d4a3a17c6dbc1bbe5617fb3b5e2aa1d862e832a2558b8e0215781,"{""d"":7,""p"":0.0001,""r"":7}",
     62464,         0,         0,    16.4,correlated_pymatching,526a9c53121d2590a78619e118eac90c4306ffdf6462386d67efd6891e283792,"{""d"":7,""p"":0.00046415888336127773,""r"":7}",
     10240,         0,         0,    2.40,correlated_pymatching,1af5a8d16dfe6abd574790e66dfc9331cc1a7511d9442ded56a0edf86c82b0da,"{""d"":7,""p"":0.00021544346900318845,""r"":7}",
     60416,         0,         0,    16.5,correlated_pymatching,1af5a8d16dfe6abd574790e66dfc9331cc1a7511d9442ded56a0edf86c82b0da,"{""d"":7,""p"":0.00021544346900318845,""r"":7}",
         4,         0,         0,    1.35,correlated_pymatching,9f0d5c5ebeaacfa819af94ab1908d72ac2a5c6fa363048dff740a59665befc15,"{""d"":7,""p"":0.001,""r"":7}",
      7168,         0,         0,    1.62,correlated_pymatching,1af5a8d16dfe6abd574790e66dfc9331cc1a7511d9442ded56a0edf86c82b0da,"{""d"":7,""p"":0.00021544346900318845,""r"":7}",
      7168,         0,         0,    1.61,correlated_pymatching,38d00c745a2d4a3a17c6dbc1bbe5617fb3b5e2aa1d862e832a2558b8e0215781,"{""d"":7,""p"":0.0001,""r"":7}",
      5120,         5,         0,    1.62,correlated_pymatching,9f0d5c5ebeaacfa819af94ab1908d72ac2a5c6fa363048dff740a59665befc15,"{""d"":7,""p"":0.001,""r"":7}","{""obs_mistake_mask=E"":5}"
      6144,         0,         0,    1.64,correlated_pymatching,526a9c53121d2590a78619e118eac90c4306ffdf6462386d67efd6891e283792,"{""d"":7,""p"":0.00046415888336127773,""r"":7}",
      6144,         0,         0,    1.63,correlated_pymatching,526a9c53121d2590a78619e118eac90c4306ffdf6462386d67efd6891e283792,"{""d"":7,""p"":0.00046415888336127773,""r"":7}",
         5,         0,         0,    1.64,correlated_pymatching,9f0d5c5ebeaacfa819af94ab1908d72ac2a5c6fa363048dff740a59665befc15,"{""d"":7,""p"":0.001,""r"":7}",
      9216,         0,         0,    2.17,correlated_pymatching,38d00c745a2d4a3a17c6dbc1bbe5617fb3b5e2aa1d862e832a2558b8e0215781,"{""d"":7,""p"":0.0001,""r"":7}",
     14336,         0,         0,    3.13,correlated_pymatching,38d00c745a2d4a3a17c6dbc1bbe5617fb3b5e2aa1d862e832a2558b8e0215781,"{""d"":7,""p"":0.0001,""r"":7}",
     10240,         0,         0,    2.33,correlated_pymatching,1af5a8d16dfe6abd574790e66dfc9331cc1a7511d9442ded56a0edf86c82b0da,"{""d"":7,""p"":0.00021544346900318845,""r"":7}",
     14336,         0,         0,    3.15,correlated_pymatching,1af5a8d16dfe6abd574790e66dfc9331cc1a7511d9442ded56a0edf86c82b0da,"{""d"":7,""p"":0.00021544346900318845,""r"":7}",
     13312,         0,         0,    3.09,correlated_pymatching,38d00c745a2d4a3a17c6dbc1bbe5617fb3b5e2aa1d862e832a2558b8e0215781,"{""d"":7,""p"":0.0001,""r"":7}",
      7168,         1,         0,    2.25,correlated_pymatching,9f0d5c5ebeaacfa819af94ab1908d72ac2a5c6fa363048dff740a59665befc15,"{""d"":7,""p"":0.001,""r"":7}","{""obs_mistake_mask=E"":1}"
      8192,         0,         0,    2.18,correlated_pymatching,526a9c53121d2590a78619e118eac90c4306ffdf6462386d67efd6891e283792,"{""d"":7,""p"":0.00046415888336127773,""r"":7}",
     13312,         0,         0,    3.19,correlated_pymatching,1af5a8d16dfe6abd574790e66dfc9331cc1a7511d9442ded56a0edf86c82b0da,"{""d"":7,""p"":0.00021544346900318845,""r"":7}",
      9216,         0,         0,    2.44,correlated_pymatching,526a9c53121d2590a78619e118eac90c4306ffdf6462386d67efd6891e283792,"{""d"":7,""p"":0.00046415888336127773,""r"":7}",
         7,         0,         0,    2.27,correlated_pymatching,9f0d5c5ebeaacfa819af94ab1908d72ac2a5c6fa363048dff740a59665befc15,"{""d"":7,""p"":0.001,""r"":7}",
     13312,         0,         0,    3.16,correlated_pymatching,38d00c745a2d4a3a17c6dbc1bbe5617fb3b5e2aa1d862e832a2558b8e0215781,"{""d"":7,""p"":0.0001,""r"":7}",
     13312,         0,         0,    3.19,correlated_pymatching,1af5a8d16dfe6abd574790e66dfc9331cc1a7511d9442ded56a0edf86c82b0da,"{""d"":7,""p"":0.00021544346900318845,""r"":7}",
     10240,         6,         0,    3.30,correlated_pymatching,9f0d5c5ebeaacfa819af94ab1908d72ac2a5c6fa363048dff740a59665befc15,"{""d"":7,""p"":0.001,""r"":7}","{""obs_mistake_mask=E"":6}"
     12288,         0,         0,    3.15,correlated_pymatching,526a9c53121d2590a78619e118eac90c4306ffdf6462386d67efd6891e283792,"{""d"":7,""p"":0.00046415888336127773,""r"":7}",
     12288,         0,         0,    3.30,correlated_pymatching,526a9c53121d2590a78619e118eac90c4306ffdf6462386d67efd6891e283792,"{""d"":7,""p"":0.00046415888336127773,""r"":7}",
     19456,         0,         0,    4.37,correlated_pymatching,38d00c745a2d4a3a17c6dbc1bbe5617fb3b5e2aa1d862e832a2558b8e0215781,"{""d"":7,""p"":0.0001,""r"":7}",
     19456,         0,         0,    4.36,correlated_pymatching,1af5a8d16dfe6abd574790e66dfc9331cc1a7511d9442ded56a0edf86c82b0da,"{""d"":7,""p"":0.00021544346900318845,""r"":7}",
     18432,         0,         0,    4.34,correlated_pymatching,38d00c745a2d4a3a17c6dbc1bbe5617fb3b5e2aa1d862e832a2558b8e0215781,"{""d"":7,""p"":0.0001,""r"":7}",
     17408,         0,         0,    4.31,correlated_pymatching,1af5a8d16dfe6abd574790e66dfc9331cc1a7511d9442ded56a0edf86c82b0da,"{""d"":7,""p"":0.00021544346900318845,""r"":7}",
        10,         0,         0,    3.33,correlated_pymatching,9f0d5c5ebeaacfa819af94ab1908d72ac2a5c6fa363048dff740a59665befc15,"{""d"":7,""p"":0.001,""r"":7}",
     19456,         0,         0,    4.35,correlated_pymatching,38d00c745a2d4a3a17c6dbc1bbe5617fb3b5e2aa1d862e832a2558b8e0215781,"{""d"":7,""p"":0.0001,""r"":7}",
     19456,         0,         0,    4.49,correlated_pymatching,1af5a8d16dfe6abd574790e66dfc9331cc1a7511d9442ded56a0edf86c82b0da,"{""d"":7,""p"":0.00021544346900318845,""r"":7}",
    134144,         0,         0,    32.3,correlated_pymatching,38d00c745a2d4a3a17c6dbc1bbe5617fb3b5e2aa1d862e832a2558b8e0215781,"{""d"":7,""p"":0.0001,""r"":7}",
    116736,         2,         0,    32.3,correlated_pymatching,526a9c53121d2590a78619e118eac90c4306ffdf6462386d67efd6891e283792,"{""d"":7,""p"":0.00046415888336127773,""r"":7}","{""obs_mistake_mask=E"":2}"
    129024,         0,         0,    32.3,correlated_pymatching,1af5a8d16dfe6abd574790e66dfc9331cc1a7511d9442ded56a0edf86c82b0da,"{""d"":7,""p"":0.00021544346900318845,""r"":7}",
     17408,         1,         0,    4.49,correlated_pymatching,526a9c53121d2590a78619e118eac90c4306ffdf6462386d67efd6891e283792,"{""d"":7,""p"":0.00046415888336127773,""r"":7}","{""obs_mistake_mask=E"":1}"
     14336,         4,         0,    4.56,correlated_pymatching,9f0d5c5ebeaacfa819af94ab1908d72ac2a5c6fa363048dff740a59665befc15,"{""d"":7,""p"":0.001,""r"":7}","{""obs_mistake_mask=E"":4}"
     98304,        31,         0,    32.4,correlated_pymatching,9f0d5c5ebeaacfa819af94ab1908d72ac2a5c6fa363048dff740a59665befc15,"{""d"":7,""p"":0.001,""r"":7}","{""obs_mistake_mask=E"":31}"
     17408,         0,         0,    4.49,correlated_pymatching,526a9c53121d2590a78619e118eac90c4306ffdf6462386d67efd6891e283792,"{""d"":7,""p"":0.00046415888336127773,""r"":7}",
        13,         0,         0,    4.40,correlated_pymatching,9f0d5c5ebeaacfa819af94ab1908d72ac2a5c6fa363048dff740a59665befc15,"{""d"":7,""p"":0.001,""r"":7}",
    130048,         0,         0,    32.1,correlated_pymatching,38d00c745a2d4a3a17c6dbc1bbe5617fb3b5e2aa1d862e832a2558b8e0215781,"{""d"":7,""p"":0.0001,""r"":7}",
    123904,         0,         0,    32.3,correlated_pymatching,1af5a8d16dfe6abd574790e66dfc9331cc1a7511d9442ded56a0edf86c82b0da,"{""d"":7,""p"":0.00021544346900318845,""r"":7}",
    113664,         1,         0,    32.3,correlated_pymatching,526a9c53121d2590a78619e118eac90c4306ffdf6462386d67efd6891e283792,"{""d"":7,""p"":0.00046415888336127773,""r"":7}","{""obs_mistake_mask=E"":1}"
     27648,         0,         0,    6.08,correlated_pymatching,38d00c745a2d4a3a17c6dbc1bbe5617fb3b5e2aa1d862e832a2558b8e0215781,"{""d"":7,""p"":0.0001,""r"":7}",
     26624,         0,         0,    5.96,correlated_pymatching,38d00c745a2d4a3a17c6dbc1bbe5617fb3b5e2aa1d862e832a2558b8e0215781,"{""d"":7,""p"":0.0001,""r"":7}",
     27648,         0,         0,    6.19,correlated_pymatching,1af5a8d16dfe6abd574790e66dfc9331cc1a7511d9442ded56a0edf86c82b0da,"{""d"":7,""p"":0.00021544346900318845,""r"":7}",
     25600,         0,         0,    6.06,correlated_pymatching,1af5a8d16dfe6abd574790e66dfc9331cc1a7511d9442ded56a0edf86c82b0da,"{""d"":7,""p"":0.00021544346900318845,""r"":7}",
     95232,        22,         0,    32.3,correlated_pymatching,9f0d5c5ebeaacfa819af94ab1908d72ac2a5c6fa363048dff740a59665befc15,"{""d"":7,""p"":0.001,""r"":7}","{""obs_mistake_mask=E"":22}"
     91136,         0,         0,    32.3,correlated_pymatching,38d00c745a2d4a3a17c6dbc1bbe5617fb3b5e2aa1d862e832a2558b8e0215781,"{""d"":7,""p"":0.0001,""r"":7}",
     26624,         0,         0,    6.18,correlated_pymatching,38d00c745a2d4a3a17c6dbc1bbe5617fb3b5e2aa1d862e832a2558b8e0215781,"{""d"":7,""p"":0.0001,""r"":7}",
     26624,         0,         0,    6.12,correlated_pymatching,1af5a8d16dfe6abd574790e66dfc9331cc1a7511d9442ded56a0edf86c82b0da,"{""d"":7,""p"":0.00021544346900318845,""r"":7}",
    123904,         1,         0,    32.1,correlated_pymatching,526a9c53121d2590a78619e118eac90c4306ffdf6462386d67efd6891e283792,"{""d"":7,""p"":0.00046415888336127773,""r"":7}","{""obs_mistake_mask=E"":1}"
     22528,         0,         0,    6.07,correlated_pymatching,526a9c53121d2590a78619e118eac90c4306ffdf6462386d67efd6891e283792,"{""d"":7,""p"":0.00046415888336127773,""r"":7}",
    138240,         0,         0,    32.2,correlated_pymatching,1af5a8d16dfe6abd574790e66dfc9331cc1a7511d9442ded56a0edf86c82b0da,"{""d"":7,""p"":0.00021544346900318845,""r"":7}",
     19456,         1,         0,    6.29,correlated_pymatching,9f0d5c5ebeaacfa819af94ab1908d72ac2a5c6fa363048dff740a59665befc15,"{""d"":7,""p"":0.001,""r"":7}","{""obs_mistake_mask=E"":1}"
     23552,         1,         0,    6.15,correlated_pymatching,526a9c53121d2590a78619e118eac90c4306ffdf6462386d67efd6891e283792,"{""d"":7,""p"":0.00046415888336127773,""r"":7}","{""obs_mistake_mask=E"":1}"
        34,         0,         0,    6.00,correlated_pymatching,9f0d5c5ebeaacfa819af94ab1908d72ac2a5c6fa363048dff740a59665befc15,"{""d"":7,""p"":0.001,""r"":7}",
    100352,        31,         0,    32.3,correlated_pymatching,9f0d5c5ebeaacfa819af94ab1908d72ac2a5c6fa363048dff740a59665befc15,"{""d"":7,""p"":0.001,""r"":7}","{""obs_mistake_mask=E"":31}"
    139264,         0,         0,    32.2,correlated_pymatching,38d00c745a2d4a3a17c6dbc1bbe5617fb3b5e2aa1d862e832a2558b8e0215781,"{""d"":7,""p"":0.0001,""r"":7}",
     38912,         0,         0,    8.54,correlated_pymatching,38d00c745a2d4a3a17c6dbc1bbe5617fb3b5e2aa1d862e832a2558b8e0215781,"{""d"":7,""p"":0.0001,""r"":7}",
     36864,         0,         0,    8.50,correlated_pymatching,38d00c745a2d4a3a17c6dbc1bbe5617fb3b5e2aa1d862e832a2558b8e0215781,"{""d"":7,""p"":0.0001,""r"":7}",
     37888,         1,         0,    8.52,correlated_pymatching,1af5a8d16dfe6abd574790e66dfc9331cc1a7511d9442ded56a0edf86c82b0da,"{""d"":7,""p"":0.00021544346900318845,""r"":7}","{""obs_mistake_mask=E"":1}"
     35840,         0,         0,    8.54,correlated_pymatching,1af5a8d16dfe6abd574790e66dfc9331cc1a7511d9442ded56a0edf86c82b0da,"{""d"":7,""p"":0.00021544346900318845,""r"":7}",
     72704,        27,         0,    23.1,correlated_pymatching,9f0d5c5ebeaacfa819af94ab1908d72ac2a5c6fa363048dff740a59665befc15,"{""d"":7,""p"":0.001,""r"":7}","{""obs_mistake_mask=E"":27}"
     91136,        29,         0,    28.5,correlated_pymatching,9f0d5c5ebeaacfa819af94ab1908d72ac2a5c6fa363048dff740a59665befc15,"{""d"":7,""p"":0.001,""r"":7}","{""obs_mistake_mask=E"":29}"
     17408,         3,         0,    5.60,correlated_pymatching,9f0d5c5ebeaacfa819af94ab1908d72ac2a5c6fa363048dff740a59665befc15,"{""d"":7,""p"":0.001,""r"":7}","{""obs_mistake_mask=E"":3}"
        28,         0,         0,    4.71,correlated_pymatching,9f0d5c5ebeaacfa819af94ab1908d72ac2a5c6fa363048dff740a59665befc15,"{""d"":7,""p"":0.001,""r"":7}",
     14336,         6,         0,    4.50,correlated_pymatching,9f0d5c5ebeaacfa819af94ab1908d72ac2a5c6fa363048dff740a59665befc15,"{""d"":7,""p"":0.001,""r"":7}","{""obs_mistake_mask=E"":6}"
     72704,        25,         0,    23.0,correlated_pymatching,9f0d5c5ebeaacfa819af94ab1908d72ac2a5c6fa363048dff740a59665befc15,"{""d"":7,""p"":0.001,""r"":7}","{""obs_mistake_mask=E"":25}"
     38912,        10,         0,    11.8,correlated_pymatching,9f0d5c5ebeaacfa819af94ab1908d72ac2a5c6fa363048dff740a59665befc15,"{""d"":7,""p"":0.001,""r"":7}","{""obs_mistake_mask=E"":10}"
      1024,         0,         0,   0.326,correlated_pymatching,9f0d5c5ebeaacfa819af94ab1908d72ac2a5c6fa363048dff740a59665befc15,"{""d"":7,""p"":0.001,""r"":7}",
     28672,         6,         0,    9.08,correlated_pymatching,9f0d5c5ebeaacfa819af94ab1908d72ac2a5c6fa363048dff740a59665befc15,"{""d"":7,""p"":0.001,""r"":7}","{""obs_mistake_mask=E"":6}"
     91136,         2,         0,    23.0,correlated_pymatching,526a9c53121d2590a78619e118eac90c4306ffdf6462386d67efd6891e283792,"{""d"":7,""p"":0.00046415888336127773,""r"":7}","{""obs_mistake_mask=E"":2}"
     87040,         1,         0,    23.2,correlated_pymatching,526a9c53121d2590a78619e118eac90c4306ffdf6462386d67efd6891e283792,"{""d"":7,""p"":0.00046415888336127773,""r"":7}","{""obs_mistake_mask=E"":1}"
     95232,         0,         0,    23.0,correlated_pymatching,1af5a8d16dfe6abd574790e66dfc9331cc1a7511d9442ded56a0edf86c82b0da,"{""d"":7,""p"":0.00021544346900318845,""r"":7}",
         1,         0,         0,   0.223,correlated_pymatching,1af5a8d16dfe6abd574790e66dfc9331cc1a7511d9442ded56a0edf86c82b0da,"{""d"":7,""p"":0.00021544346900318845,""r"":7}",
         1,         0,         0,   0.237,correlated_pymatching,38d00c745a2d4a3a17c6dbc1bbe5617fb3b5e2aa1d862e832a2558b8e0215781,"{""d"":7,""p"":0.0001,""r"":7}",
         1,         0,         0,   0.237,correlated_pymatching,1af5a8d16dfe6abd574790e66dfc9331cc1a7511d9442ded56a0edf86c82b0da,"{""d"":7,""p"":0.00021544346900318845,""r"":7}",
         1,         0,         0,   0.260,correlated_pymatching,526a9c53121d2590a78619e118eac90c4306ffdf6462386d67efd6891e283792,"{""d"":7,""p"":0.00046415888336127773,""r"":7}",
         1,         0,         0,   0.243,correlated_pymatching,38d00c745a2d4a3a17c6dbc1bbe5617fb3b5e2aa1d862e832a2558b8e0215781,"{""d"":7,""p"":0.0001,""r"":7}",
         1,         0,         0,   0.243,correlated_pymatching,1af5a8d16dfe6abd574790e66dfc9331cc1a7511d9442ded56a0edf86c82b0da,"{""d"":7,""p"":0.00021544346900318845,""r"":7}",
         1,         0,         0,   0.267,correlated_pymatching,526a9c53121d2590a78619e118eac90c4306ffdf6462386d67efd6891e283792,"{""d"":7,""p"":0.00046415888336127773,""r"":7}",
         1,         0,         0,   0.292,correlated_pymatching,38d00c745a2d4a3a17c6dbc1bbe5617fb3b5e2aa1d862e832a2558b8e0215781,"{""d"":7,""p"":0.0001,""r"":7}",
         2,         0,         0,   0.223,correlated_pymatching,1af5a8d16dfe6abd574790e66dfc9331cc1a7511d9442ded56a0edf86c82b0da,"{""d"":7,""p"":0.00021544346900318845,""r"":7}",
         2,         0,         0,   0.192,correlated_pymatching,1af5a8d16dfe6abd574790e66dfc9331cc1a7511d9442ded56a0edf86c82b0da,"{""d"":7,""p"":0.00021544346900318845,""r"":7}",
         2,         0,         0,   0.189,correlated_pymatching,38d00c745a2d4a3a17c6dbc1bbe5617fb3b5e2aa1d862e832a2558b8e0215781,"{""d"":7,""p"":0.0001,""r"":7}",
         2,         0,         0,   0.210,correlated_pymatching,1af5a8d16dfe6abd574790e66dfc9331cc1a7511d9442ded56a0edf86c82b0da,"{""d"":7,""p"":0.00021544346900318845,""r"":7}",
         2,         0,         0,   0.212,correlated_pymatching,526a9c53121d2590a78619e118eac90c4306ffdf6462386d67efd6891e283792,"{""d"":7,""p"":0.00046415888336127773,""r"":7}",
         2,         0,         0,   0.234,correlated_pymatching,38d00c745a2d4a3a17c6dbc1bbe5617fb3b5e2aa1d862e832a2558b8e0215781,"{""d"":7,""p"":0.0001,""r"":7}",
         2,         0,         0,   0.214,correlated_pymatching,526a9c53121d2590a78619e118eac90c4306ffdf6462386d67efd6891e283792,"{""d"":7,""p"":0.00046415888336127773,""r"":7}",
         4,         0,         0,   0.193,correlated_pymatching,1af5a8d16dfe6abd574790e66dfc9331cc1a7511d9442ded56a0edf86c82b0da,"{""d"":7,""p"":0.00021544346900318845,""r"":7}",
         4,         0,         0,   0.204,correlated_pymatching,1af5a8d16dfe6abd574790e66dfc9331cc1a7511d9442ded56a0edf86c82b0da,"{""d"":7,""p"":0.00021544346900318845,""r"":7}",
         4,         0,         0,   0.196,correlated_pymatching,1af5a8d16dfe6abd574790e66dfc9331cc1a7511d9442ded56a0edf86c82b0da,"{""d"":7,""p"":0.00021544346900318845,""r"":7}",
         4,         0,         0,   0.216,correlated_pymatching,38d00c745a2d4a3a17c6dbc1bbe5617fb3b5e2aa1d862e832a2558b8e0215781,"{""d"":7,""p"":0.0001,""r"":7}",
         4,         0,         0,   0.208,correlated_pymatching,526a9c53121d2590a78619e118eac90c4306ffdf6462386d67efd6891e283792,"{""d"":7,""p"":0.00046415888336127773,""r"":7}",
         4,         0,         0,   0.204,correlated_pymatching,38d00c745a2d4a3a17c6dbc1bbe5617fb3b5e2aa1d862e832a2558b8e0215781,"{""d"":7,""p"":0.0001,""r"":7}",
         4,         0,         0,   0.201,correlated_pymatching,526a9c53121d2590a78619e118eac90c4306ffdf6462386d67efd6891e283792,"{""d"":7,""p"":0.00046415888336127773,""r"":7}",
         2,         0,         0,   0.332,correlated_pymatching,38d00c745a2d4a3a17c6dbc1bbe5617fb3b5e2aa1d862e832a2558b8e0215781,"{""d"":7,""p"":0.0001,""r"":7}",
         8,         0,         0,   0.204,correlated_pymatching,1af5a8d16dfe6abd574790e66dfc9331cc1a7511d9442ded56a0edf86c82b0da,"{""d"":7,""p"":0.00021544346900318845,""r"":7}",
         8,         0,         0,   0.223,correlated_pymatching,1af5a8d16dfe6abd574790e66dfc9331cc1a7511d9442ded56a0edf86c82b0da,"{""d"":7,""p"":0.00021544346900318845,""r"":7}",
         8,         0,         0,   0.225,correlated_pymatching,1af5a8d16dfe6abd574790e66dfc9331cc1a7511d9442ded56a0edf86c82b0da,"{""d"":7,""p"":0.00021544346900318845,""r"":7}",
         8,         0,         0,   0.212,correlated_pymatching,526a9c53121d2590a78619e118eac90c4306ffdf6462386d67efd6891e283792,"{""d"":7,""p"":0.00046415888336127773,""r"":7}",
         8,         0,         0,   0.216,correlated_pymatching,38d00c745a2d4a3a17c6dbc1bbe5617fb3b5e2aa1d862e832a2558b8e0215781,"{""d"":7,""p"":0.0001,""r"":7}",
         8,         0,         0,   0.204,correlated_pymatching,38d00c745a2d4a3a17c6dbc1bbe5617fb3b5e2aa1d862e832a2558b8e0215781,"{""d"":7,""p"":0.0001,""r"":7}",
         8,         0,         0,   0.201,correlated_pymatching,526a9c53121d2590a78619e118eac90c4306ffdf6462386d67efd6891e283792,"{""d"":7,""p"":0.00046415888336127773,""r"":7}",
        16,         0,         0,   0.218,correlated_pymatching,1af5a8d16dfe6abd574790e66dfc9331cc1a7511d9442ded56a0edf86c82b0da,"{""d"":7,""p"":0.00021544346900318845,""r"":7}",
        16,         0,         0,   0.197,correlated_pymatching,1af5a8d16dfe6abd574790e66dfc9331cc1a7511d9442ded56a0edf86c82b0da,"{""d"":7,""p"":0.00021544346900318845,""r"":7}",
        16,         0,         0,   0.202,correlated_pymatching,526a9c53121d2590a78619e118eac90c4306ffdf6462386d67efd6891e283792,"{""d"":7,""p"":0.00046415888336127773,""r"":7}",
        16,         0,         0,   0.227,correlated_pymatching,1af5a8d16dfe6abd574790e66dfc9331cc1a7511d9442ded56a0edf86c82b0da,"{""d"":7,""p"":0.00021544346900318845,""r"":7}",
        16,         0,         0,   0.215,correlated_pymatching,38d00c745a2d4a3a17c6dbc1bbe5617fb3b5e2aa1d862e832a2558b8e0215781,"{""d"":7,""p"":0.0001,""r"":7}",
        16,         0,         0,   0.217,correlated_pymatching,526a9c53121d2590a78619e118eac90c4306ffdf6462386d67efd6891e283792,"{""d"":7,""p"":0.00046415888336127773,""r"":7}",
        16,         0,         0,   0.228,correlated_pymatching,38d00c745a2d4a3a17c6dbc1bbe5617fb3b5e2aa1d862e832a2558b8e0215781,"{""d"":7,""p"":0.0001,""r"":7}",
         2,         0,         0,   0.367,correlated_pymatching,38d00c745a2d4a3a17c6dbc1bbe5617fb3b5e2aa1d862e832a2558b8e0215781,"{""d"":7,""p"":0.0001,""r"":7}",
        32,         0,         0,   0.201,correlated_pymatching,1af5a8d16dfe6abd574790e66dfc9331cc1a7511d9442ded56a0edf86c82b0da,"{""d"":7,""p"":0.00021544346900318845,""r"":7}",
        32,         0,         0,   0.208,correlated_pymatching,1af5a8d16dfe6abd574790e66dfc9331cc1a7511d9442ded56a0edf86c82b0da,"{""d"":7,""p"":0.00021544346900318845,""r"":7}",
        32,         0,         0,   0.222,correlated_pymatching,1af5a8d16dfe6abd574790e66dfc9331cc1a7511d9442ded56a0edf86c82b0da,"{""d"":7,""p"":0.00021544346900318845,""r"":7}",
        32,         0,         0,   0.214,correlated_pymatching,526a9c53121d2590a78619e118eac90c4306ffdf6462386d67efd6891e283792,"{""d"":7,""p"":0.00046415888336127773,""r"":7}",
        32,         0,         0,   0.203,correlated_pymatching,526a9c53121d2590a78619e118eac90c4306ffdf6462386d67efd6891e283792,"{""d"":7,""p"":0.00046415888336127773,""r"":7}",
        32,         0,         0,   0.212,correlated_pymatching,38d00c745a2d4a3a17c6dbc1bbe5617fb3b5e2aa1d862e832a2558b8e0215781,"{""d"":7,""p"":0.0001,""r"":7}",
        32,         0,         0,   0.209,correlated_pymatching,38d00c745a2d4a3a17c6dbc1bbe5617fb3b5e2aa1d862e832a2558b8e0215781,"{""d"":7,""p"":0.0001,""r"":7}",
         2,         0,         0,   0.326,correlated_pymatching,38d00c745a2d4a3a17c6dbc1bbe5617fb3b5e2aa1d862e832a2558b8e0215781,"{""d"":7,""p"":0.0001,""r"":7}",
        64,         0,         0,   0.204,correlated_pymatching,1af5a8d16dfe6abd574790e66dfc9331cc1a7511d9442ded56a0edf86c82b0da,"{""d"":7,""p"":0.00021544346900318845,""r"":7}",
        64,         0,         0,   0.205,correlated_pymatching,1af5a8d16dfe6abd574790e66dfc9331cc1a7511d9442ded56a0edf86c82b0da,"{""d"":7,""p"":0.00021544346900318845,""r"":7}",
        64,         0,         0,   0.216,correlated_pymatching,1af5a8d16dfe6abd574790e66dfc9331cc1a7511d9442ded56a0edf86c82b0da,"{""d"":7,""p"":0.00021544346900318845,""r"":7}",
        64,         0,         0,   0.211,correlated_pymatching,526a9c53121d2590a78619e118eac90c4306ffdf6462386d67efd6891e283792,"{""d"":7,""p"":0.00046415888336127773,""r"":7}",
        64,         0,         0,   0.204,correlated_pymatching,526a9c53121d2590a78619e118eac90c4306ffdf6462386d67efd6891e283792,"{""d"":7,""p"":0.00046415888336127773,""r"":7}",
        64,         0,         0,   0.205,correlated_pymatching,38d00c745a2d4a3a17c6dbc1bbe5617fb3b5e2aa1d862e832a2558b8e0215781,"{""d"":7,""p"":0.0001,""r"":7}",
        64,         0,         0,   0.201,correlated_pymatching,38d00c745a2d4a3a17c6dbc1bbe5617fb3b5e2aa1d862e832a2558b8e0215781,"{""d"":7,""p"":0.0001,""r"":7}",
       128,         0,         0,   0.204,correlated_pymatching,1af5a8d16dfe6abd574790e66dfc9331cc1a7511d9442ded56a0edf86c82b0da,"{""d"":7,""p"":0.00021544346900318845,""r"":7}",
     36864,         0,         0,    8.46,correlated_pymatching,38d00c745a2d4a3a17c6dbc1bbe5617fb3b5e2aa1d862e832a2558b8e0215781,"{""d"":7,""p"":0.0001,""r"":7}",
       128,         0,         0,   0.219,correlated_pymatching,1af5a8d16dfe6abd574790e66dfc9331cc1a7511d9442ded56a0edf86c82b0da,"{""d"":7,""p"":0.00021544346900318845,""r"":7}",
       128,         0,         0,   0.203,correlated_pymatching,38d00c745a2d4a3a17c6dbc1bbe5617fb3b5e2aa1d862e832a2558b8e0215781,"{""d"":7,""p"":0.0001,""r"":7}",
       128,         0,         0,   0.216,correlated_pymatching,1af5a8d16dfe6abd574790e66dfc9331cc1a7511d9442ded56a0edf86c82b0da,"{""d"":7,""p"":0.00021544346900318845,""r"":7}",
       128,         0,         0,   0.216,correlated_pymatching,526a9c53121d2590a78619e118eac90c4306ffdf6462386d67efd6891e283792,"{""d"":7,""p"":0.00046415888336127773,""r"":7}",
       128,         0,         0,   0.219,correlated_pymatching,38d00c745a2d4a3a17c6dbc1bbe5617fb3b5e2aa1d862e832a2558b8e0215781,"{""d"":7,""p"":0.0001,""r"":7}",
       128,         0,         0,   0.236,correlated_pymatching,526a9c53121d2590a78619e118eac90c4306ffdf6462386d67efd6891e283792,"{""d"":7,""p"":0.00046415888336127773,""r"":7}",
         2,         0,         0,   0.325,correlated_pymatching,38d00c745a2d4a3a17c6dbc1bbe5617fb3b5e2aa1d862e832a2558b8e0215781,"{""d"":7,""p"":0.0001,""r"":7}",
       256,         0,         0,   0.210,correlated_pymatching,1af5a8d16dfe6abd574790e66dfc9331cc1a7511d9442ded56a0edf86c82b0da,"{""d"":7,""p"":0.00021544346900318845,""r"":7}",
       256,         0,         0,   0.212,correlated_pymatching,1af5a8d16dfe6abd574790e66dfc9331cc1a7511d9442ded56a0edf86c82b0da,"{""d"":7,""p"":0.00021544346900318845,""r"":7}",
       256,         0,         0,   0.219,correlated_pymatching,1af5a8d16dfe6abd574790e66dfc9331cc1a7511d9442ded56a0edf86c82b0da,"{""d"":7,""p"":0.00021544346900318845,""r"":7}",
       256,         0,         0,   0.220,correlated_pymatching,526a9c53121d2590a78619e118eac90c4306ffdf6462386d67efd6891e283792,"{""d"":7,""p"":0.00046415888336127773,""r"":7}",
     36864,         0,         0,    8.54,correlated_pymatching,1af5a8d16dfe6abd574790e66dfc9331cc1a7511d9442ded56a0edf86c82b0da,"{""d"":7,""p"":0.00021544346900318845,""r"":7}",
       256,         0,         0,   0.230,correlated_pymatching,38d00c745a2d4a3a17c6dbc1bbe5617fb3b5e2aa1d862e832a2558b8e0215781,"{""d"":7,""p"":0.0001,""r"":7}",
       256,         0,         0,   0.216,correlated_pymatching,38d00c745a2d4a3a17c6dbc1bbe5617fb3b5e2aa1d862e832a2558b8e0215781,"{""d"":7,""p"":0.0001,""r"":7}",
       256,         0,         0,   0.218,correlated_pymatching,526a9c53121d2590a78619e118eac90c4306ffdf6462386d67efd6891e283792,"{""d"":7,""p"":0.00046415888336127773,""r"":7}",
         2,         0,         0,   0.344,correlated_pymatching,38d00c745a2d4a3a17c6dbc1bbe5617fb3b5e2aa1d862e832a2558b8e0215781,"{""d"":7,""p"":0.0001,""r"":7}",
       512,         0,         0,   0.222,correlated_pymatching,1af5a8d16dfe6abd574790e66dfc9331cc1a7511d9442ded56a0edf86c82b0da,"{""d"":7,""p"":0.00021544346900318845,""r"":7}",
       512,         0,         0,   0.225,correlated_pymatching,1af5a8d16dfe6abd574790e66dfc9331cc1a7511d9442ded56a0edf86c82b0da,"{""d"":7,""p"":0.00021544346900318845,""r"":7}",
       512,         0,         0,   0.232,correlated_pymatching,1af5a8d16dfe6abd574790e66dfc9331cc1a7511d9442ded56a0edf86c82b0da,"{""d"":7,""p"":0.00021544346900318845,""r"":7}",
       512,         0,         0,   0.225,correlated_pymatching,38d00c745a2d4a3a17c6dbc1bbe5617fb3b5e2aa1d862e832a2558b8e0215781,"{""d"":7,""p"":0.0001,""r"":7}",
       512,         0,         0,   0.225,correlated_pymatching,38d00c745a2d4a3a17c6dbc1bbe5617fb3b5e2aa1d862e832a2558b8e0215781,"{""d"":7,""p"":0.0001,""r"":7}",
     32768,         0,         0,    8.43,correlated_pymatching,526a9c53121d2590a78619e118eac90c4306ffdf6462386d67efd6891e283792,"{""d"":7,""p"":0.00046415888336127773,""r"":7}",
       512,         0,         0,   0.248,correlated_pymatching,526a9c53121d2590a78619e118eac90c4306ffdf6462386d67efd6891e283792,"{""d"":7,""p"":0.00046415888336127773,""r"":7}",
       512,         0,         0,   0.241,correlated_pymatching,526a9c53121d2590a78619e118eac90c4306ffdf6462386d67efd6891e283792,"{""d"":7,""p"":0.00046415888336127773,""r"":7}",
         2,         0,         0,   0.361,correlated_pymatching,38d00c745a2d4a3a17c6dbc1bbe5617fb3b5e2aa1d862e832a2558b8e0215781,"{""d"":7,""p"":0.0001,""r"":7}",
      1024,         0,         0,   0.316,correlated_pymatching,526a9c53121d2590a78619e118eac90c4306ffdf6462386d67efd6891e283792,"{""d"":7,""p"":0.00046415888336127773,""r"":7}",
      2048,         0,         0,   0.454,correlated_pymatching,1af5a8d16dfe6abd574790e66dfc9331cc1a7511d9442ded56a0edf86c82b0da,"{""d"":7,""p"":0.00021544346900318845,""r"":7}",
     32768,         0,         0,    8.37,correlated_pymatching,526a9c53121d2590a78619e118eac90c4306ffdf6462386d67efd6891e283792,"{""d"":7,""p"":0.00046415888336127773,""r"":7}",
      2048,         0,         0,   0.522,correlated_pymatching,38d00c745a2d4a3a17c6dbc1bbe5617fb3b5e2aa1d862e832a2558b8e0215781,"{""d"":7,""p"":0.0001,""r"":7}",
      2048,         0,         0,   0.548,correlated_pymatching,1af5a8d16dfe6abd574790e66dfc9331cc1a7511d9442ded56a0edf86c82b0da,"{""d"":7,""p"":0.00021544346900318845,""r"":7}",
      2048,         0,         0,   0.569,correlated_pymatching,1af5a8d16dfe6abd574790e66dfc9331cc1a7511d9442ded56a0edf86c82b0da,"{""d"":7,""p"":0.00021544346900318845,""r"":7}",
      2048,         0,         0,   0.566,correlated_pymatching,38d00c745a2d4a3a17c6dbc1bbe5617fb3b5e2aa1d862e832a2558b8e0215781,"{""d"":7,""p"":0.0001,""r"":7}",
      2048,         0,         0,   0.552,correlated_pymatching,526a9c53121d2590a78619e118eac90c4306ffdf6462386d67efd6891e283792,"{""d"":7,""p"":0.00046415888336127773,""r"":7}",
         2,         0,         0,   0.328,correlated_pymatching,38d00c745a2d4a3a17c6dbc1bbe5617fb3b5e2aa1d862e832a2558b8e0215781,"{""d"":7,""p"":0.0001,""r"":7}",
      2048,         0,         0,   0.551,correlated_pymatching,526a9c53121d2590a78619e118eac90c4306ffdf6462386d67efd6891e283792,"{""d"":7,""p"":0.00046415888336127773,""r"":7}",
      2048,         0,         0,   0.522,correlated_pymatching,1af5a8d16dfe6abd574790e66dfc9331cc1a7511d9442ded56a0edf86c82b0da,"{""d"":7,""p"":0.00021544346900318845,""r"":7}",
      2048,         0,         0,   0.416,correlated_pymatching,38d00c745a2d4a3a17c6dbc1bbe5617fb3b5e2aa1d862e832a2558b8e0215781,"{""d"":7,""p"":0.0001,""r"":7}",
         2,         0,         0,   0.353,correlated_pymatching,38d00c745a2d4a3a17c6dbc1bbe5617fb3b5e2aa1d862e832a2558b8e0215781,"{""d"":7,""p"":0.0001,""r"":7}",
      2048,         0,         0,   0.484,correlated_pymatching,1af5a8d16dfe6abd574790e66dfc9331cc1a7511d9442ded56a0edf86c82b0da,"{""d"":7,""p"":0.00021544346900318845,""r"":7}",
      2048,         0,         0,   0.521,correlated_pymatching,38d00c745a2d4a3a17c6dbc1bbe5617fb3b5e2aa1d862e832a2558b8e0215781,"{""d"":7,""p"":0.0001,""r"":7}",
      2048,         0,         0,   0.568,correlated_pymatching,1af5a8d16dfe6abd574790e66dfc9331cc1a7511d9442ded56a0edf86c82b0da,"{""d"":7,""p"":0.00021544346900318845,""r"":7}",
      2048,         0,         0,   0.605,correlated_pymatching,526a9c53121d2590a78619e118eac90c4306ffdf6462386d67efd6891e283792,"{""d"":7,""p"":0.00046415888336127773,""r"":7}",
         2,         0,         0,   0.334,correlated_pymatching,38d00c745a2d4a3a17c6dbc1bbe5617fb3b5e2aa1d862e832a2558b8e0215781,"{""d"":7,""p"":0.0001,""r"":7}",
    149504,         0,         0,    32.2,correlated_pymatching,38d00c745a2d4a3a17c6dbc1bbe5617fb3b5e2aa1d862e832a2558b8e0215781,"{""d"":7,""p"":0.0001,""r"":7}",
      3072,         0,         0,   0.723,correlated_pymatching,1af5a8d16dfe6abd574790e66dfc9331cc1a7511d9442ded56a0edf86c82b0da,"{""d"":7,""p"":0.00021544346900318845,""r"":7}",
      3072,         0,         0,   0.695,correlated_pymatching,38d00c745a2d4a3a17c6dbc1bbe5617fb3b5e2aa1d862e832a2558b8e0215781,"{""d"":7,""p"":0.0001,""r"":7}",
         2,         0,         0,   0.328,correlated_pymatching,38d00c745a2d4a3a17c6dbc1bbe5617fb3b5e2aa1d862e832a2558b8e0215781,"{""d"":7,""p"":0.0001,""r"":7}",
    122880,         2,         0,    32.4,correlated_pymatching,526a9c53121d2590a78619e118eac90c4306ffdf6462386d67efd6891e283792,"{""d"":7,""p"":0.00046415888336127773,""r"":7}","{""obs_mistake_mask=E"":2}"
      3072,         0,         0,   0.797,correlated_pymatching,526a9c53121d2590a78619e118eac90c4306ffdf6462386d67efd6891e283792,"{""d"":7,""p"":0.00046415888336127773,""r"":7}",
      3072,         0,         0,   0.711,correlated_pymatching,1af5a8d16dfe6abd574790e66dfc9331cc1a7511d9442ded56a0edf86c82b0da,"{""d"":7,""p"":0.00021544346900318845,""r"":7}",
      3072,         0,         0,   0.695,correlated_pymatching,38d00c745a2d4a3a17c6dbc1bbe5617fb3b5e2aa1d862e832a2558b8e0215781,"{""d"":7,""p"":0.0001,""r"":7}",
      3072,         0,         0,   0.720,correlated_pymatching,1af5a8d16dfe6abd574790e66dfc9331cc1a7511d9442ded56a0edf86c82b0da,"{""d"":7,""p"":0.00021544346900318845,""r"":7}",
      3072,         0,         0,   0.795,correlated_pymatching,526a9c53121d2590a78619e118eac90c4306ffdf6462386d67efd6891e283792,"{""d"":7,""p"":0.00046415888336127773,""r"":7}",
         4,         0,         0,   0.659,correlated_pymatching,38d00c745a2d4a3a17c6dbc1bbe5617fb3b5e2aa1d862e832a2558b8e0215781,"{""d"":7,""p"":0.0001,""r"":7}",
      3072,         0,         0,   0.814,correlated_pymatching,526a9c53121d2590a78619e118eac90c4306ffdf6462386d67efd6891e283792,"{""d"":7,""p"":0.00046415888336127773,""r"":7}",
      4096,         0,         0,   0.960,correlated_pymatching,38d00c745a2d4a3a17c6dbc1bbe5617fb3b5e2aa1d862e832a2558b8e0215781,"{""d"":7,""p"":0.0001,""r"":7}",
      4096,         0,         0,   0.970,correlated_pymatching,1af5a8d16dfe6abd574790e66dfc9331cc1a7511d9442ded56a0edf86c82b0da,"{""d"":7,""p"":0.00021544346900318845,""r"":7}",
      5517,         0,         0,    1.34,correlated_pymatching,38d00c745a2d4a3a17c6dbc1bbe5617fb3b5e2aa1d862e832a2558b8e0215781,"{""d"":7,""p"":0.0001,""r"":7}",
      4096,         0,         0,   0.935,correlated_pymatching,38d00c745a2d4a3a17c6dbc1bbe5617fb3b5e2aa1d862e832a2558b8e0215781,"{""d"":7,""p"":0.0001,""r"":7}",
      4096,         0,         0,   0.992,correlated_pymatching,1af5a8d16dfe6abd574790e66dfc9331cc1a7511d9442ded56a0edf86c82b0da,"{""d"":7,""p"":0.00021544346900318845,""r"":7}",
      3072,         0,         0,   0.803,correlated_pymatching,526a9c53121d2590a78619e118eac90c4306ffdf6462386d67efd6891e283792,"{""d"":7,""p"":0.00046415888336127773,""r"":7}",
       668,         0,         0,    32.3,correlated_pymatching,1af5a8d16dfe6abd574790e66dfc9331cc1a7511d9442ded56a0edf86c82b0da,"{""d"":7,""p"":0.00021544346900318845,""r"":7}",
      4096,         0,         0,   0.997,correlated_pymatching,1af5a8d16dfe6abd574790e66dfc9331cc1a7511d9442ded56a0edf86c82b0da,"{""d"":7,""p"":0.00021544346900318845,""r"":7}",
         4,         0,         0,   0.687,correlated_pymatching,38d00c745a2d4a3a17c6dbc1bbe5617fb3b5e2aa1d862e832a2558b8e0215781,"{""d"":7,""p"":0.0001,""r"":7}",
      5120,         0,         0,    1.17,correlated_pymatching,1af5a8d16dfe6abd574790e66dfc9331cc1a7511d9442ded56a0edf86c82b0da,"{""d"":7,""p"":0.00021544346900318845,""r"":7}",
      5120,         0,         0,    1.19,correlated_pymatching,38d00c745a2d4a3a17c6dbc1bbe5617fb3b5e2aa1d862e832a2558b8e0215781,"{""d"":7,""p"":0.0001,""r"":7}",
      5120,         0,         0,    1.33,correlated_pymatching,526a9c53121d2590a78619e118eac90c4306ffdf6462386d67efd6891e283792,"{""d"":7,""p"":0.00046415888336127773,""r"":7}",
      5120,         0,         0,    1.21,correlated_pymatching,38d00c745a2d4a3a17c6dbc1bbe5617fb3b5e2aa1d862e832a2558b8e0215781,"{""d"":7,""p"":0.0001,""r"":7}",
      5120,         0,         0,    1.30,correlated_pymatching,1af5a8d16dfe6abd574790e66dfc9331cc1a7511d9442ded56a0edf86c82b0da,"{""d"":7,""p"":0.00021544346900318845,""r"":7}",
         6,         0,         0,    1.04,correlated_pymatching,38d00c745a2d4a3a17c6dbc1bbe5617fb3b5e2aa1d862e832a2558b8e0215781,"{""d"":7,""p"":0.0001,""r"":7}",
      5120,         0,         0,    1.21,correlated_pymatching,1af5a8d16dfe6abd574790e66dfc9331cc1a7511d9442ded56a0edf86c82b0da,"{""d"":7,""p"":0.00021544346900318845,""r"":7}",
      5120,         0,         0,    1.34,correlated_pymatching,526a9c53121d2590a78619e118eac90c4306ffdf6462386d67efd6891e283792,"{""d"":7,""p"":0.00046415888336127773,""r"":7}",
        10,         0,         0,    1.34,correlated_pymatching,38d00c745a2d4a3a17c6dbc1bbe5617fb3b5e2aa1d862e832a2558b8e0215781,"{""d"":7,""p"":0.0001,""r"":7}",
      6144,         0,         0,    1.65,correlated_pymatching,526a9c53121d2590a78619e118eac90c4306ffdf6462386d67efd6891e283792,"{""d"":7,""p"":0.00046415888336127773,""r"":7}",
      7168,         0,         0,    1.76,correlated_pymatching,1af5a8d16dfe6abd574790e66dfc9331cc1a7511d9442ded56a0edf86c82b0da,"{""d"":7,""p"":0.00021544346900318845,""r"":7}",
      7168,         0,         0,    1.77,correlated_pymatching,38d00c745a2d4a3a17c6dbc1bbe5617fb3b5e2aa1d862e832a2558b8e0215781,"{""d"":7,""p"":0.0001,""r"":7}",
      6144,         0,         0,    1.56,correlated_pymatching,1af5a8d16dfe6abd574790e66dfc9331cc1a7511d9442ded56a0edf86c82b0da,"{""d"":7,""p"":0.00021544346900318845,""r"":7}",
      6144,         0,         0,    1.57,correlated_pymatching,1af5a8d16dfe6abd574790e66dfc9331cc1a7511d9442ded56a0edf86c82b0da,"{""d"":7,""p"":0.00021544346900318845,""r"":7}",
      7168,         0,         0,    1.76,correlated_pymatching,38d00c745a2d4a3a17c6dbc1bbe5617fb3b5e2aa1d862e832a2558b8e0215781,"{""d"":7,""p"":0.0001,""r"":7}",
      6144,         0,         0,    1.67,correlated_pymatching,526a9c53121d2590a78619e118eac90c4306ffdf6462386d67efd6891e283792,"{""d"":7,""p"":0.00046415888336127773,""r"":7}",
        20,         0,         0,    1.67,correlated_pymatching,38d00c745a2d4a3a17c6dbc1bbe5617fb3b5e2aa1d862e832a2558b8e0215781,"{""d"":7,""p"":0.0001,""r"":7}",
      9216,         0,         0,    2.21,correlated_pymatching,1af5a8d16dfe6abd574790e66dfc9331cc1a7511d9442ded56a0edf86c82b0da,"{""d"":7,""p"":0.00021544346900318845,""r"":7}",
     10240,         0,         0,    2.28,correlated_pymatching,1af5a8d16dfe6abd574790e66dfc9331cc1a7511d9442ded56a0edf86c82b0da,"{""d"":7,""p"":0.00021544346900318845,""r"":7}",
      9216,         0,         0,    2.38,correlated_pymatching,526a9c53121d2590a78619e118eac90c4306ffdf6462386d67efd6891e283792,"{""d"":7,""p"":0.00046415888336127773,""r"":7}",
     10240,         0,         0,    2.32,correlated_pymatching,38d00c745a2d4a3a17c6dbc1bbe5617fb3b5e2aa1d862e832a2558b8e0215781,"{""d"":7,""p"":0.0001,""r"":7}",
     10240,         0,         0,    2.41,correlated_pymatching,1af5a8d16dfe6abd574790e66dfc9331cc1a7511d9442ded56a0edf86c82b0da,"{""d"":7,""p"":0.00021544346900318845,""r"":7}",
     10240,         0,         0,    2.36,correlated_pymatching,38d00c745a2d4a3a17c6dbc1bbe5617fb3b5e2aa1d862e832a2558b8e0215781,"{""d"":7,""p"":0.0001,""r"":7}",
     53248,         0,         0,    11.8,correlated_pymatching,38d00c745a2d4a3a17c6dbc1bbe5617fb3b5e2aa1d862e832a2558b8e0215781,"{""d"":7,""p"":0.0001,""r"":7}",
      9216,         0,         0,    2.40,correlated_pymatching,526a9c53121d2590a78619e118eac90c4306ffdf6462386d67efd6891e283792,"{""d"":7,""p"":0.00046415888336127773,""r"":7}",
     51200,         0,         0,    11.8,correlated_pymatching,1af5a8d16dfe6abd574790e66dfc9331cc1a7511d9442ded56a0edf86c82b0da,"{""d"":7,""p"":0.00021544346900318845,""r"":7}",
     50176,         0,         0,    11.9,correlated_pymatching,38d00c745a2d4a3a17c6dbc1bbe5617fb3b5e2aa1d862e832a2558b8e0215781,"{""d"":7,""p"":0.0001,""r"":7}",
     48128,         0,         0,    11.8,correlated_pymatching,1af5a8d16dfe6abd574790e66dfc9331cc1a7511d9442ded56a0edf86c82b0da,"{""d"":7,""p"":0.00021544346900318845,""r"":7}",
        28,         0,         0,    2.30,correlated_pymatching,38d00c745a2d4a3a17c6dbc1bbe5617fb3b5e2aa1d862e832a2558b8e0215781,"{""d"":7,""p"":0.0001,""r"":7}",
     13312,         0,         0,    3.11,correlated_pymatching,1af5a8d16dfe6abd574790e66dfc9331cc1a7511d9442ded56a0edf86c82b0da,"{""d"":7,""p"":0.00021544346900318845,""r"":7}",
     13312,         0,         0,    3.08,correlated_pymatching,38d00c745a2d4a3a17c6dbc1bbe5617fb3b5e2aa1d862e832a2558b8e0215781,"{""d"":7,""p"":0.0001,""r"":7}",
     14336,         0,         0,    3.28,correlated_pymatching,1af5a8d16dfe6abd574790e66dfc9331cc1a7511d9442ded56a0edf86c82b0da,"{""d"":7,""p"":0.00021544346900318845,""r"":7}",
     13312,         0,         0,    3.09,correlated_pymatching,1af5a8d16dfe6abd574790e66dfc9331cc1a7511d9442ded56a0edf86c82b0da,"{""d"":7,""p"":0.00021544346900318845,""r"":7}",
     12288,         0,         0,    3.25,correlated_pymatching,526a9c53121d2590a78619e118eac90c4306ffdf6462386d67efd6891e283792,"{""d"":7,""p"":0.00046415888336127773,""r"":7}",
     14336,         0,         0,    3.25,correlated_pymatching,38d00c745a2d4a3a17c6dbc1bbe5617fb3b5e2aa1d862e832a2558b8e0215781,"{""d"":7,""p"":0.0001,""r"":7}",
     12288,         0,         0,    3.20,correlated_pymatching,526a9c53121d2590a78619e118eac90c4306ffdf6462386d67efd6891e283792,"{""d"":7,""p"":0.00046415888336127773,""r"":7}",
     51200,         0,         0,    11.7,correlated_pymatching,1af5a8d16dfe6abd574790e66dfc9331cc1a7511d9442ded56a0edf86c82b0da,"{""d"":7,""p"":0.00021544346900318845,""r"":7}",
     51200,         0,         0,    12.0,correlated_pymatching,38d00c745a2d4a3a17c6dbc1bbe5617fb3b5e2aa1d862e832a2558b8e0215781,"{""d"":7,""p"":0.0001,""r"":7}",
     45056,         1,         0,    11.9,correlated_pymatching,526a9c53121d2590a78619e118eac90c4306ffdf6462386d67efd6891e283792,"{""d"":7,""p"":0.00046415888336127773,""r"":7}","{""obs_mistake_mask=E"":1}"
     45056,         2,         0,    11.7,correlated_pymatching,526a9c53121d2590a78619e118eac90c4306ffdf6462386d67efd6891e283792,"{""d"":7,""p"":0.00046415888336127773,""r"":7}","{""obs_mistake_mask=E"":2}"
        36,         0,         0,    3.06,correlated_pymatching,38d00c745a2d4a3a17c6dbc1bbe5617fb3b5e2aa1d862e832a2558b8e0215781,"{""d"":7,""p"":0.0001,""r"":7}",
     18432,         0,         0,    4.33,correlated_pymatching,38d00c745a2d4a3a17c6dbc1bbe5617fb3b5e2aa1d862e832a2558b8e0215781,"{""d"":7,""p"":0.0001,""r"":7}",
     18432,         0,         0,    4.46,correlated_pymatching,1af5a8d16dfe6abd574790e66dfc9331cc1a7511d9442ded56a0edf86c82b0da,"{""d"":7,""p"":0.00021544346900318845,""r"":7}",
     18432,         0,         0,    4.32,correlated_pymatching,1af5a8d16dfe6abd574790e66dfc9331cc1a7511d9442ded56a0edf86c82b0da,"{""d"":7,""p"":0.00021544346900318845,""r"":7}",
     18432,         0,         0,    4.28,correlated_pymatching,1af5a8d16dfe6abd574790e66dfc9331cc1a7511d9442ded56a0edf86c82b0da,"{""d"":7,""p"":0.00021544346900318845,""r"":7}",
     18432,         0,         0,    4.29,correlated_pymatching,38d00c745a2d4a3a17c6dbc1bbe5617fb3b5e2aa1d862e832a2558b8e0215781,"{""d"":7,""p"":0.0001,""r"":7}",
     17408,         0,         0,    4.51,correlated_pymatching,526a9c53121d2590a78619e118eac90c4306ffdf6462386d67efd6891e283792,"{""d"":7,""p"":0.00046415888336127773,""r"":7}",
     16384,         0,         0,    4.31,correlated_pymatching,526a9c53121d2590a78619e118eac90c4306ffdf6462386d67efd6891e283792,"{""d"":7,""p"":0.00046415888336127773,""r"":7}",
    135713,         0,         0,    30.9,correlated_pymatching,38d00c745a2d4a3a17c6dbc1bbe5617fb3b5e2aa1d862e832a2558b8e0215781,"{""d"":7,""p"":0.0001,""r"":7}",
    116736,         0,         0,    25.5,correlated_pymatching,38d00c745a2d4a3a17c6dbc1bbe5617fb3b5e2aa1d862e832a2558b8e0215781,"{""d"":7,""p"":0.0001,""r"":7}",
    125952,         0,         0,    29.2,correlated_pymatching,38d00c745a2d4a3a17c6dbc1bbe5617fb3b5e2aa1d862e832a2558b8e0215781,"{""d"":7,""p"":0.0001,""r"":7}",
        52,         0,         0,    4.42,correlated_pymatching,38d00c745a2d4a3a17c6dbc1bbe5617fb3b5e2aa1d862e832a2558b8e0215781,"{""d"":7,""p"":0.0001,""r"":7}",
     98976,         0,         0,    23.1,correlated_pymatching,38d00c745a2d4a3a17c6dbc1bbe5617fb3b5e2aa1d862e832a2558b8e0215781,"{""d"":7,""p"":0.0001,""r"":7}",
     74752,         0,         0,    16.4,correlated_pymatching,38d00c745a2d4a3a17c6dbc1bbe5617fb3b5e2aa1d862e832a2558b8e0215781,"{""d"":7,""p"":0.0001,""r"":7}",
     26624,         0,         0,    6.01,correlated_pymatching,38d00c745a2d4a3a17c6dbc1bbe5617fb3b5e2aa1d862e832a2558b8e0215781,"{""d"":7,""p"":0.0001,""r"":7}",
     25600,         0,         0,    6.07,correlated_pymatching,1af5a8d16dfe6abd574790e66dfc9331cc1a7511d9442ded56a0edf86c82b0da,"{""d"":7,""p"":0.00021544346900318845,""r"":7}",
     26624,         0,         0,    6.19,correlated_pymatching,1af5a8d16dfe6abd574790e66dfc9331cc1a7511d9442ded56a0edf86c82b0da,"{""d"":7,""p"":0.00021544346900318845,""r"":7}",
     25600,         0,         0,    6.17,correlated_pymatching,1af5a8d16dfe6abd574790e66dfc9331cc1a7511d9442ded56a0edf86c82b0da,"{""d"":7,""p"":0.00021544346900318845,""r"":7}",
     23552,         0,         0,    6.00,correlated_pymatching,526a9c53121d2590a78619e118eac90c4306ffdf6462386d67efd6891e283792,"{""d"":7,""p"":0.00046415888336127773,""r"":7}",
     26624,         0,         0,    6.11,correlated_pymatching,38d00c745a2d4a3a17c6dbc1bbe5617fb3b5e2aa1d862e832a2558b8e0215781,"{""d"":7,""p"":0.0001,""r"":7}",
     23552,         0,         0,    6.20,correlated_pymatching,526a9c53121d2590a78619e118eac90c4306ffdf6462386d67efd6891e283792,"{""d"":7,""p"":0.00046415888336127773,""r"":7}",
       136,         0,         0,    6.27,correlated_pymatching,38d00c745a2d4a3a17c6dbc1bbe5617fb3b5e2aa1d862e832a2558b8e0215781,"{""d"":7,""p"":0.0001,""r"":7}",
     67911,         0,         0,    15.2,correlated_pymatching,38d00c745a2d4a3a17c6dbc1bbe5617fb3b5e2aa1d862e832a2558b8e0215781,"{""d"":7,""p"":0.0001,""r"":7}",
     52224,         0,         0,    12.0,correlated_pymatching,38d00c745a2d4a3a17c6dbc1bbe5617fb3b5e2aa1d862e832a2558b8e0215781,"{""d"":7,""p"":0.0001,""r"":7}",
     65536,         0,         0,    15.2,correlated_pymatching,38d00c745a2d4a3a17c6dbc1bbe5617fb3b5e2aa1d862e832a2558b8e0215781,"{""d"":7,""p"":0.0001,""r"":7}",
     72704,         1,         0,    16.6,correlated_pymatching,1af5a8d16dfe6abd574790e66dfc9331cc1a7511d9442ded56a0edf86c82b0da,"{""d"":7,""p"":0.00021544346900318845,""r"":7}","{""obs_mistake_mask=E"":1}"
     68608,         0,         0,    16.6,correlated_pymatching,1af5a8d16dfe6abd574790e66dfc9331cc1a7511d9442ded56a0edf86c82b0da,"{""d"":7,""p"":0.00021544346900318845,""r"":7}",
      7897,         0,         0,    1.92,correlated_pymatching,38d00c745a2d4a3a17c6dbc1bbe5617fb3b5e2aa1d862e832a2558b8e0215781,"{""d"":7,""p"":0.0001,""r"":7}",
     44032,         0,         0,    9.51,correlated_pymatching,38d00c745a2d4a3a17c6dbc1bbe5617fb3b5e2aa1d862e832a2558b8e0215781,"{""d"":7,""p"":0.0001,""r"":7}",
     39936,         0,         0,    9.37,correlated_pymatching,38d00c745a2d4a3a17c6dbc1bbe5617fb3b5e2aa1d862e832a2558b8e0215781,"{""d"":7,""p"":0.0001,""r"":7}",
     38665,         0,         0,    8.55,correlated_pymatching,38d00c745a2d4a3a17c6dbc1bbe5617fb3b5e2aa1d862e832a2558b8e0215781,"{""d"":7,""p"":0.0001,""r"":7}",
     36864,         0,         0,    8.74,correlated_pymatching,38d00c745a2d4a3a17c6dbc1bbe5617fb3b5e2aa1d862e832a2558b8e0215781,"{""d"":7,""p"":0.0001,""r"":7}",
     27648,         0,         0,    6.57,correlated_pymatching,38d00c745a2d4a3a17c6dbc1bbe5617fb3b5e2aa1d862e832a2558b8e0215781,"{""d"":7,""p"":0.0001,""r"":7}",
     31744,         0,         0,    11.9,correlated_pymatching,38d00c745a2d4a3a17c6dbc1bbe5617fb3b5e2aa1d862e832a2558b8e0215781,"{""d"":7,""p"":0.0001,""r"":7}",
     71680,         0,         0,    16.4,correlated_pymatching,1af5a8d16dfe6abd574790e66dfc9331cc1a7511d9442ded56a0edf86c82b0da,"{""d"":7,""p"":0.00021544346900318845,""r"":7}",
     27517,         0,         0,    6.54,correlated_pymatching,38d00c745a2d4a3a17c6dbc1bbe5617fb3b5e2aa1d862e832a2558b8e0215781,"{""d"":7,""p"":0.0001,""r"":7}",
      1801,         0,         0,   0.467,correlated_pymatching,38d00c745a2d4a3a17c6dbc1bbe5617fb3b5e2aa1d862e832a2558b8e0215781,"{""d"":7,""p"":0.0001,""r"":7}",
     20480,         0,         0,    4.87,correlated_pymatching,38d00c745a2d4a3a17c6dbc1bbe5617fb3b5e2aa1d862e832a2558b8e0215781,"{""d"":7,""p"":0.0001,""r"":7}",
     22528,         0,         0,    5.00,correlated_pymatching,38d00c745a2d4a3a17c6dbc1bbe5617fb3b5e2aa1d862e832a2558b8e0215781,"{""d"":7,""p"":0.0001,""r"":7}",
     63488,         2,         0,    16.5,correlated_pymatching,526a9c53121d2590a78619e118eac90c4306ffdf6462386d67efd6891e283792,"{""d"":7,""p"":0.00046415888336127773,""r"":7}","{""obs_mistake_mask=E"":2}"
       480,         0,         0,   0.212,correlated_pymatching,38d00c745a2d4a3a17c6dbc1bbe5617fb3b5e2aa1d862e832a2558b8e0215781,"{""d"":7,""p"":0.0001,""r"":7}",
     63488,         0,         0,    16.5,correlated_pymatching,526a9c53121d2590a78619e118eac90c4306ffdf6462386d67efd6891e283792,"{""d"":7,""p"":0.00046415888336127773,""r"":7}",
     16265,         0,         0,    3.53,correlated_pymatching,38d00c745a2d4a3a17c6dbc1bbe5617fb3b5e2aa1d862e832a2558b8e0215781,"{""d"":7,""p"":0.0001,""r"":7}",
     15360,         0,         0,    3.59,correlated_pymatching,38d00c745a2d4a3a17c6dbc1bbe5617fb3b5e2aa1d862e832a2558b8e0215781,"{""d"":7,""p"":0.0001,""r"":7}",
     16265,         0,         0,    3.82,correlated_pymatching,38d00c745a2d4a3a17c6dbc1bbe5617fb3b5e2aa1d862e832a2558b8e0215781,"{""d"":7,""p"":0.0001,""r"":7}",
       905,         0,         0,   0.143,correlated_pymatching,38d00c745a2d4a3a17c6dbc1bbe5617fb3b5e2aa1d862e832a2558b8e0215781,"{""d"":7,""p"":0.0001,""r"":7}",
       420,         0,         0,   0.217,correlated_pymatching,38d00c745a2d4a3a17c6dbc1bbe5617fb3b5e2aa1d862e832a2558b8e0215781,"{""d"":7,""p"":0.0001,""r"":7}",
      6921,         0,         0,    1.57,correlated_pymatching,38d00c745a2d4a3a17c6dbc1bbe5617fb3b5e2aa1d862e832a2558b8e0215781,"{""d"":7,""p"":0.0001,""r"":7}",
      5042,         0,         0,    1.24,correlated_pymatching,38d00c745a2d4a3a17c6dbc1bbe5617fb3b5e2aa1d862e832a2558b8e0215781,"{""d"":7,""p"":0.0001,""r"":7}",
      8192,         0,         0,    1.85,correlated_pymatching,38d00c745a2d4a3a17c6dbc1bbe5617fb3b5e2aa1d862e832a2558b8e0215781,"{""d"":7,""p"":0.0001,""r"":7}",
    128000,         1,         0,    32.1,correlated_pymatching,526a9c53121d2590a78619e118eac90c4306ffdf6462386d67efd6891e283792,"{""d"":7,""p"":0.00046415888336127773,""r"":7}","{""obs_mistake_mask=E"":1}"
     34816,         0,         0,    8.39,correlated_pymatching,1af5a8d16dfe6abd574790e66dfc9331cc1a7511d9442ded56a0edf86c82b0da,"{""d"":7,""p"":0.00021544346900318845,""r"":7}",
      7794,         0,         0,    1.92,correlated_pymatching,38d00c745a2d4a3a17c6dbc1bbe5617fb3b5e2aa1d862e832a2558b8e0215781,"{""d"":7,""p"":0.0001,""r"":7}",
    120832,         1,         0,    32.2,correlated_pymatching,526a9c53121d2590a78619e118eac90c4306ffdf6462386d67efd6891e283792,"{""d"":7,""p"":0.00046415888336127773,""r"":7}","{""obs_mistake_mask=E"":1}"
      7044,         0,         0,    1.64,correlated_pymatching,38d00c745a2d4a3a17c6dbc1bbe5617fb3b5e2aa1d862e832a2558b8e0215781,"{""d"":7,""p"":0.0001,""r"":7}",
    105991,         1,         0,    28.3,correlated_pymatching,526a9c53121d2590a78619e118eac90c4306ffdf6462386d67efd6891e283792,"{""d"":7,""p"":0.00046415888336127773,""r"":7}","{""obs_mistake_mask=E"":1}"
    154624,         1,         0,    38.7,correlated_pymatching,526a9c53121d2590a78619e118eac90c4306ffdf6462386d67efd6891e283792,"{""d"":7,""p"":0.00046415888336127773,""r"":7}","{""obs_mistake_mask=E"":1}"
    138240,         2,         0,    44.8,correlated_pymatching,526a9c53121d2590a78619e118eac90c4306ffdf6462386d67efd6891e283792,"{""d"":7,""p"":0.00046415888336127773,""r"":7}","{""obs_mistake_mask=E"":2}"
    124928,         0,         0,    32.2,correlated_pymatching,1af5a8d16dfe6abd574790e66dfc9331cc1a7511d9442ded56a0edf86c82b0da,"{""d"":7,""p"":0.00021544346900318845,""r"":7}",
      6031,         0,         0,    1.38,correlated_pymatching,38d00c745a2d4a3a17c6dbc1bbe5617fb3b5e2aa1d862e832a2558b8e0215781,"{""d"":7,""p"":0.0001,""r"":7}",
     35840,         0,         0,    8.44,correlated_pymatching,1af5a8d16dfe6abd574790e66dfc9331cc1a7511d9442ded56a0edf86c82b0da,"{""d"":7,""p"":0.00021544346900318845,""r"":7}",
     31744,         0,         0,    8.42,correlated_pymatching,526a9c53121d2590a78619e118eac90c4306ffdf6462386d67efd6891e283792,"{""d"":7,""p"":0.00046415888336127773,""r"":7}",
      6586,         0,         0,    1.71,correlated_pymatching,38d00c745a2d4a3a17c6dbc1bbe5617fb3b5e2aa1d862e832a2558b8e0215781,"{""d"":7,""p"":0.0001,""r"":7}",
    158720,         1,         0,    42.5,correlated_pymatching,526a9c53121d2590a78619e118eac90c4306ffdf6462386d67efd6891e283792,"{""d"":7,""p"":0.00046415888336127773,""r"":7}","{""obs_mistake_mask=E"":1}"
     34816,         0,         0,    8.58,correlated_pymatching,1af5a8d16dfe6abd574790e66dfc9331cc1a7511d9442ded56a0edf86c82b0da,"{""d"":7,""p"":0.00021544346900318845,""r"":7}",
       239,         0,         0,   0.215,correlated_pymatching,38d00c745a2d4a3a17c6dbc1bbe5617fb3b5e2aa1d862e832a2558b8e0215781,"{""d"":7,""p"":0.0001,""r"":7}",
       587,         0,         0,   0.215,correlated_pymatching,38d00c745a2d4a3a17c6dbc1bbe5617fb3b5e2aa1d862e832a2558b8e0215781,"{""d"":7,""p"":0.0001,""r"":7}",
    195584,         0,         0,    45.0,correlated_pymatching,1af5a8d16dfe6abd574790e66dfc9331cc1a7511d9442ded56a0edf86c82b0da,"{""d"":7,""p"":0.00021544346900318845,""r"":7}",
       640,         0,         0,   0.227,correlated_pymatching,38d00c745a2d4a3a17c6dbc1bbe5617fb3b5e2aa1d862e832a2558b8e0215781,"{""d"":7,""p"":0.0001,""r"":7}",
     32768,         1,         0,    8.48,correlated_pymatching,526a9c53121d2590a78619e118eac90c4306ffdf6462386d67efd6891e283792,"{""d"":7,""p"":0.00046415888336127773,""r"":7}","{""obs_mistake_mask=E"":1}"
      3345,         0,         0,   0.920,correlated_pymatching,38d00c745a2d4a3a17c6dbc1bbe5617fb3b5e2aa1d862e832a2558b8e0215781,"{""d"":7,""p"":0.0001,""r"":7}",
      3072,         0,         0,   0.804,correlated_pymatching,38d00c745a2d4a3a17c6dbc1bbe5617fb3b5e2aa1d862e832a2558b8e0215781,"{""d"":7,""p"":0.0001,""r"":7}",
      3301,         0,         0,   0.878,correlated_pymatching,38d00c745a2d4a3a17c6dbc1bbe5617fb3b5e2aa1d862e832a2558b8e0215781,"{""d"":7,""p"":0.0001,""r"":7}",
       640,         0,         0,   0.223,correlated_pymatching,38d00c745a2d4a3a17c6dbc1bbe5617fb3b5e2aa1d862e832a2558b8e0215781,"{""d"":7,""p"":0.0001,""r"":7}",
      3345,         0,         0,   0.929,correlated_pymatching,38d00c745a2d4a3a17c6dbc1bbe5617fb3b5e2aa1d862e832a2558b8e0215781,"{""d"":7,""p"":0.0001,""r"":7}",
      4492,         0,         0,    1.09,correlated_pymatching,38d00c745a2d4a3a17c6dbc1bbe5617fb3b5e2aa1d862e832a2558b8e0215781,"{""d"":7,""p"":0.0001,""r"":7}",
      3072,         0,         0,   0.700,correlated_pymatching,38d00c745a2d4a3a17c6dbc1bbe5617fb3b5e2aa1d862e832a2558b8e0215781,"{""d"":7,""p"":0.0001,""r"":7}",
      4492,         0,         0,    1.16,correlated_pymatching,38d00c745a2d4a3a17c6dbc1bbe5617fb3b5e2aa1d862e832a2558b8e0215781,"{""d"":7,""p"":0.0001,""r"":7}",
       829,         0,         0,   0.228,correlated_pymatching,38d00c745a2d4a3a17c6dbc1bbe5617fb3b5e2aa1d862e832a2558b8e0215781,"{""d"":7,""p"":0.0001,""r"":7}",
      1912,         0,         0,   0.443,correlated_pymatching,38d00c745a2d4a3a17c6dbc1bbe5617fb3b5e2aa1d862e832a2558b8e0215781,"{""d"":7,""p"":0.0001,""r"":7}",
       273,         0,         0,   0.211,correlated_pymatching,38d00c745a2d4a3a17c6dbc1bbe5617fb3b5e2aa1d862e832a2558b8e0215781,"{""d"":7,""p"":0.0001,""r"":7}",
       142,         0,         0,   0.214,correlated_pymatching,38d00c745a2d4a3a17c6dbc1bbe5617fb3b5e2aa1d862e832a2558b8e0215781,"{""d"":7,""p"":0.0001,""r"":7}",
       258,         0,         0,   0.218,correlated_pymatching,38d00c745a2d4a3a17c6dbc1bbe5617fb3b5e2aa1d862e832a2558b8e0215781,"{""d"":7,""p"":0.0001,""r"":7}",
      1966,         0,         0,   0.481,correlated_pymatching,38d00c745a2d4a3a17c6dbc1bbe5617fb3b5e2aa1d862e832a2558b8e0215781,"{""d"":7,""p"":0.0001,""r"":7}",
      1278,         0,         0,   0.553,correlated_pymatching,38d00c745a2d4a3a17c6dbc1bbe5617fb3b5e2aa1d862e832a2558b8e0215781,"{""d"":7,""p"":0.0001,""r"":7}",
       580,         0,         0,   0.217,correlated_pymatching,38d00c745a2d4a3a17c6dbc1bbe5617fb3b5e2aa1d862e832a2558b8e0215781,"{""d"":7,""p"":0.0001,""r"":7}",
       212,         0,         0,   0.198,correlated_pymatching,38d00c745a2d4a3a17c6dbc1bbe5617fb3b5e2aa1d862e832a2558b8e0215781,"{""d"":7,""p"":0.0001,""r"":7}",
        36,         0,         0,   0.205,correlated_pymatching,38d00c745a2d4a3a17c6dbc1bbe5617fb3b5e2aa1d862e832a2558b8e0215781,"{""d"":7,""p"":0.0001,""r"":7}",
       212,         0,         0,   0.202,correlated_pymatching,38d00c745a2d4a3a17c6dbc1bbe5617fb3b5e2aa1d862e832a2558b8e0215781,"{""d"":7,""p"":0.0001,""r"":7}",
       212,         0,         0,   0.205,correlated_pymatching,38d00c745a2d4a3a17c6dbc1bbe5617fb3b5e2aa1d862e832a2558b8e0215781,"{""d"":7,""p"":0.0001,""r"":7}",
       212,         0,         0,   0.215,correlated_pymatching,38d00c745a2d4a3a17c6dbc1bbe5617fb3b5e2aa1d862e832a2558b8e0215781,"{""d"":7,""p"":0.0001,""r"":7}",
       212,         0,         0,   0.215,correlated_pymatching,38d00c745a2d4a3a17c6dbc1bbe5617fb3b5e2aa1d862e832a2558b8e0215781,"{""d"":7,""p"":0.0001,""r"":7}",
       212,         0,         0,   0.217,correlated_pymatching,38d00c745a2d4a3a17c6dbc1bbe5617fb3b5e2aa1d862e832a2558b8e0215781,"{""d"":7,""p"":0.0001,""r"":7}",
       212,         0,         0,   0.223,correlated_pymatching,38d00c745a2d4a3a17c6dbc1bbe5617fb3b5e2aa1d862e832a2558b8e0215781,"{""d"":7,""p"":0.0001,""r"":7}",
       212,         0,         0,   0.225,correlated_pymatching,38d00c745a2d4a3a17c6dbc1bbe5617fb3b5e2aa1d862e832a2558b8e0215781,"{""d"":7,""p"":0.0001,""r"":7}",
       480,         0,         0,    8.41,correlated_pymatching,38d00c745a2d4a3a17c6dbc1bbe5617fb3b5e2aa1d862e832a2558b8e0215781,"{""d"":7,""p"":0.0001,""r"":7}",
        11,         0,         0,   0.173,correlated_pymatching,38d00c745a2d4a3a17c6dbc1bbe5617fb3b5e2aa1d862e832a2558b8e0215781,"{""d"":7,""p"":0.0001,""r"":7}",
        11,         0,         0,   0.199,correlated_pymatching,38d00c745a2d4a3a17c6dbc1bbe5617fb3b5e2aa1d862e832a2558b8e0215781,"{""d"":7,""p"":0.0001,""r"":7}",
        11,         0,         0,   0.194,correlated_pymatching,38d00c745a2d4a3a17c6dbc1bbe5617fb3b5e2aa1d862e832a2558b8e0215781,"{""d"":7,""p"":0.0001,""r"":7}",
        11,         0,         0,   0.209,correlated_pymatching,38d00c745a2d4a3a17c6dbc1bbe5617fb3b5e2aa1d862e832a2558b8e0215781,"{""d"":7,""p"":0.0001,""r"":7}",
        11,         0,         0,   0.213,correlated_pymatching,38d00c745a2d4a3a17c6dbc1bbe5617fb3b5e2aa1d862e832a2558b8e0215781,"{""d"":7,""p"":0.0001,""r"":7}",
        11,         0,         0,   0.223,correlated_pymatching,38d00c745a2d4a3a17c6dbc1bbe5617fb3b5e2aa1d862e832a2558b8e0215781,"{""d"":7,""p"":0.0001,""r"":7}",
        11,         0,         0,   0.217,correlated_pymatching,38d00c745a2d4a3a17c6dbc1bbe5617fb3b5e2aa1d862e832a2558b8e0215781,"{""d"":7,""p"":0.0001,""r"":7}",
         6,         0,         0,   0.216,correlated_pymatching,38d00c745a2d4a3a17c6dbc1bbe5617fb3b5e2aa1d862e832a2558b8e0215781,"{""d"":7,""p"":0.0001,""r"":7}",
        11,         0,         0,   0.222,correlated_pymatching,38d00c745a2d4a3a17c6dbc1bbe5617fb3b5e2aa1d862e832a2558b8e0215781,"{""d"":7,""p"":0.0001,""r"":7}",
        11,         0,         0,   0.294,correlated_pymatching,38d00c745a2d4a3a17c6dbc1bbe5617fb3b5e2aa1d862e832a2558b8e0215781,"{""d"":7,""p"":0.0001,""r"":7}",
      6245,         0,         0,    1.80,correlated_pymatching,526a9c53121d2590a78619e118eac90c4306ffdf6462386d67efd6891e283792,"{""d"":7,""p"":0.00046415888336127773,""r"":7}",
        11,         0,         0,   0.333,correlated_pymatching,38d00c745a2d4a3a17c6dbc1bbe5617fb3b5e2aa1d862e832a2558b8e0215781,"{""d"":7,""p"":0.0001,""r"":7}",
    182272,         0,         0,    44.4,correlated_pymatching,1af5a8d16dfe6abd574790e66dfc9331cc1a7511d9442ded56a0edf86c82b0da,"{""d"":7,""p"":0.00021544346900318845,""r"":7}",
    177152,         0,         0,    40.2,correlated_pymatching,1af5a8d16dfe6abd574790e66dfc9331cc1a7511d9442ded56a0edf86c82b0da,"{""d"":7,""p"":0.00021544346900318845,""r"":7}",
         1,         0,         0,   0.237,correlated_pymatching,1af5a8d16dfe6abd574790e66dfc9331cc1a7511d9442ded56a0edf86c82b0da,"{""d"":7,""p"":0.00021544346900318845,""r"":7}",
         1,         0,         0,   0.201,correlated_pymatching,1af5a8d16dfe6abd574790e66dfc9331cc1a7511d9442ded56a0edf86c82b0da,"{""d"":7,""p"":0.00021544346900318845,""r"":7}",
         1,         0,         0,   0.213,correlated_pymatching,526a9c53121d2590a78619e118eac90c4306ffdf6462386d67efd6891e283792,"{""d"":7,""p"":0.00046415888336127773,""r"":7}",
         1,         0,         0,   0.216,correlated_pymatching,526a9c53121d2590a78619e118eac90c4306ffdf6462386d67efd6891e283792,"{""d"":7,""p"":0.00046415888336127773,""r"":7}",
         1,         0,         0,   0.227,correlated_pymatching,1af5a8d16dfe6abd574790e66dfc9331cc1a7511d9442ded56a0edf86c82b0da,"{""d"":7,""p"":0.00021544346900318845,""r"":7}",
         1,         0,         0,   0.218,correlated_pymatching,1af5a8d16dfe6abd574790e66dfc9331cc1a7511d9442ded56a0edf86c82b0da,"{""d"":7,""p"":0.00021544346900318845,""r"":7}",
         1,         0,         0,   0.219,correlated_pymatching,526a9c53121d2590a78619e118eac90c4306ffdf6462386d67efd6891e283792,"{""d"":7,""p"":0.00046415888336127773,""r"":7}",
         1,         0,         0,   0.229,correlated_pymatching,526a9c53121d2590a78619e118eac90c4306ffdf6462386d67efd6891e283792,"{""d"":7,""p"":0.00046415888336127773,""r"":7}",
         1,         0,         0,   0.213,correlated_pymatching,526a9c53121d2590a78619e118eac90c4306ffdf6462386d67efd6891e283792,"{""d"":7,""p"":0.00046415888336127773,""r"":7}",
         1,         0,         0,   0.211,correlated_pymatching,1af5a8d16dfe6abd574790e66dfc9331cc1a7511d9442ded56a0edf86c82b0da,"{""d"":7,""p"":0.00021544346900318845,""r"":7}",
         2,         0,         0,   0.198,correlated_pymatching,526a9c53121d2590a78619e118eac90c4306ffdf6462386d67efd6891e283792,"{""d"":7,""p"":0.00046415888336127773,""r"":7}",
         2,         0,         0,   0.195,correlated_pymatching,1af5a8d16dfe6abd574790e66dfc9331cc1a7511d9442ded56a0edf86c82b0da,"{""d"":7,""p"":0.00021544346900318845,""r"":7}",
         2,         0,         0,   0.210,correlated_pymatching,1af5a8d16dfe6abd574790e66dfc9331cc1a7511d9442ded56a0edf86c82b0da,"{""d"":7,""p"":0.00021544346900318845,""r"":7}",
         2,         0,         0,   0.216,correlated_pymatching,1af5a8d16dfe6abd574790e66dfc9331cc1a7511d9442ded56a0edf86c82b0da,"{""d"":7,""p"":0.00021544346900318845,""r"":7}",
         2,         0,         0,   0.209,correlated_pymatching,1af5a8d16dfe6abd574790e66dfc9331cc1a7511d9442ded56a0edf86c82b0da,"{""d"":7,""p"":0.00021544346900318845,""r"":7}",
         2,         0,         0,   0.198,correlated_pymatching,526a9c53121d2590a78619e118eac90c4306ffdf6462386d67efd6891e283792,"{""d"":7,""p"":0.00046415888336127773,""r"":7}",
         2,         0,         0,   0.223,correlated_pymatching,526a9c53121d2590a78619e118eac90c4306ffdf6462386d67efd6891e283792,"{""d"":7,""p"":0.00046415888336127773,""r"":7}",
         2,         0,         0,   0.203,correlated_pymatching,526a9c53121d2590a78619e118eac90c4306ffdf6462386d67efd6891e283792,"{""d"":7,""p"":0.00046415888336127773,""r"":7}",
         2,         0,         0,   0.220,correlated_pymatching,526a9c53121d2590a78619e118eac90c4306ffdf6462386d67efd6891e283792,"{""d"":7,""p"":0.00046415888336127773,""r"":7}",
         2,         0,         0,   0.205,correlated_pymatching,1af5a8d16dfe6abd574790e66dfc9331cc1a7511d9442ded56a0edf86c82b0da,"{""d"":7,""p"":0.00021544346900318845,""r"":7}",
         1,         0,         0,   0.346,correlated_pymatching,526a9c53121d2590a78619e118eac90c4306ffdf6462386d67efd6891e283792,"{""d"":7,""p"":0.00046415888336127773,""r"":7}",
         4,         0,         0,   0.204,correlated_pymatching,526a9c53121d2590a78619e118eac90c4306ffdf6462386d67efd6891e283792,"{""d"":7,""p"":0.00046415888336127773,""r"":7}",
         4,         0,         0,   0.202,correlated_pymatching,1af5a8d16dfe6abd574790e66dfc9331cc1a7511d9442ded56a0edf86c82b0da,"{""d"":7,""p"":0.00021544346900318845,""r"":7}",
         4,         0,         0,   0.200,correlated_pymatching,526a9c53121d2590a78619e118eac90c4306ffdf6462386d67efd6891e283792,"{""d"":7,""p"":0.00046415888336127773,""r"":7}",
         4,         0,         0,   0.208,correlated_pymatching,1af5a8d16dfe6abd574790e66dfc9331cc1a7511d9442ded56a0edf86c82b0da,"{""d"":7,""p"":0.00021544346900318845,""r"":7}",
         4,         0,         0,   0.229,correlated_pymatching,1af5a8d16dfe6abd574790e66dfc9331cc1a7511d9442ded56a0edf86c82b0da,"{""d"":7,""p"":0.00021544346900318845,""r"":7}",
         4,         0,         0,   0.214,correlated_pymatching,526a9c53121d2590a78619e118eac90c4306ffdf6462386d67efd6891e283792,"{""d"":7,""p"":0.00046415888336127773,""r"":7}",
         4,         0,         0,   0.220,correlated_pymatching,1af5a8d16dfe6abd574790e66dfc9331cc1a7511d9442ded56a0edf86c82b0da,"{""d"":7,""p"":0.00021544346900318845,""r"":7}",
         4,         0,         0,   0.222,correlated_pymatching,526a9c53121d2590a78619e118eac90c4306ffdf6462386d67efd6891e283792,"{""d"":7,""p"":0.00046415888336127773,""r"":7}",
         4,         0,         0,   0.216,correlated_pymatching,526a9c53121d2590a78619e118eac90c4306ffdf6462386d67efd6891e283792,"{""d"":7,""p"":0.00046415888336127773,""r"":7}",
         4,         0,         0,   0.291,correlated_pymatching,1af5a8d16dfe6abd574790e66dfc9331cc1a7511d9442ded56a0edf86c82b0da,"{""d"":7,""p"":0.00021544346900318845,""r"":7}",
         1,         0,         0,   0.335,correlated_pymatching,526a9c53121d2590a78619e118eac90c4306ffdf6462386d67efd6891e283792,"{""d"":7,""p"":0.00046415888336127773,""r"":7}",
         8,         0,         0,   0.198,correlated_pymatching,526a9c53121d2590a78619e118eac90c4306ffdf6462386d67efd6891e283792,"{""d"":7,""p"":0.00046415888336127773,""r"":7}",
         8,         0,         0,   0.204,correlated_pymatching,1af5a8d16dfe6abd574790e66dfc9331cc1a7511d9442ded56a0edf86c82b0da,"{""d"":7,""p"":0.00021544346900318845,""r"":7}",
         8,         0,         0,   0.208,correlated_pymatching,526a9c53121d2590a78619e118eac90c4306ffdf6462386d67efd6891e283792,"{""d"":7,""p"":0.00046415888336127773,""r"":7}",
         8,         0,         0,   0.212,correlated_pymatching,1af5a8d16dfe6abd574790e66dfc9331cc1a7511d9442ded56a0edf86c82b0da,"{""d"":7,""p"":0.00021544346900318845,""r"":7}",
         8,         0,         0,   0.216,correlated_pymatching,1af5a8d16dfe6abd574790e66dfc9331cc1a7511d9442ded56a0edf86c82b0da,"{""d"":7,""p"":0.00021544346900318845,""r"":7}",
         8,         0,         0,   0.215,correlated_pymatching,526a9c53121d2590a78619e118eac90c4306ffdf6462386d67efd6891e283792,"{""d"":7,""p"":0.00046415888336127773,""r"":7}",
         8,         0,         0,   0.216,correlated_pymatching,1af5a8d16dfe6abd574790e66dfc9331cc1a7511d9442ded56a0edf86c82b0da,"{""d"":7,""p"":0.00021544346900318845,""r"":7}",
         8,         0,         0,   0.216,correlated_pymatching,526a9c53121d2590a78619e118eac90c4306ffdf6462386d67efd6891e283792,"{""d"":7,""p"":0.00046415888336127773,""r"":7}",
         8,         0,         0,   0.210,correlated_pymatching,526a9c53121d2590a78619e118eac90c4306ffdf6462386d67efd6891e283792,"{""d"":7,""p"":0.00046415888336127773,""r"":7}",
        16,         0,         0,   0.206,correlated_pymatching,526a9c53121d2590a78619e118eac90c4306ffdf6462386d67efd6891e283792,"{""d"":7,""p"":0.00046415888336127773,""r"":7}",
        16,         0,         0,   0.190,correlated_pymatching,526a9c53121d2590a78619e118eac90c4306ffdf6462386d67efd6891e283792,"{""d"":7,""p"":0.00046415888336127773,""r"":7}",
        16,         0,         0,   0.206,correlated_pymatching,1af5a8d16dfe6abd574790e66dfc9331cc1a7511d9442ded56a0edf86c82b0da,"{""d"":7,""p"":0.00021544346900318845,""r"":7}",
        16,         0,         0,   0.195,correlated_pymatching,1af5a8d16dfe6abd574790e66dfc9331cc1a7511d9442ded56a0edf86c82b0da,"{""d"":7,""p"":0.00021544346900318845,""r"":7}",
        16,         0,         0,   0.198,correlated_pymatching,1af5a8d16dfe6abd574790e66dfc9331cc1a7511d9442ded56a0edf86c82b0da,"{""d"":7,""p"":0.00021544346900318845,""r"":7}",
        16,         0,         0,   0.211,correlated_pymatching,526a9c53121d2590a78619e118eac90c4306ffdf6462386d67efd6891e283792,"{""d"":7,""p"":0.00046415888336127773,""r"":7}",
        16,         0,         0,   0.208,correlated_pymatching,1af5a8d16dfe6abd574790e66dfc9331cc1a7511d9442ded56a0edf86c82b0da,"{""d"":7,""p"":0.00021544346900318845,""r"":7}",
        16,         0,         0,   0.210,correlated_pymatching,526a9c53121d2590a78619e118eac90c4306ffdf6462386d67efd6891e283792,"{""d"":7,""p"":0.00046415888336127773,""r"":7}",
        16,         0,         0,   0.219,correlated_pymatching,526a9c53121d2590a78619e118eac90c4306ffdf6462386d67efd6891e283792,"{""d"":7,""p"":0.00046415888336127773,""r"":7}",
         8,         0,         0,   0.360,correlated_pymatching,1af5a8d16dfe6abd574790e66dfc9331cc1a7511d9442ded56a0edf86c82b0da,"{""d"":7,""p"":0.00021544346900318845,""r"":7}",
         1,         0,         0,   0.327,correlated_pymatching,526a9c53121d2590a78619e118eac90c4306ffdf6462386d67efd6891e283792,"{""d"":7,""p"":0.00046415888336127773,""r"":7}",
        32,         0,         0,   0.204,correlated_pymatching,526a9c53121d2590a78619e118eac90c4306ffdf6462386d67efd6891e283792,"{""d"":7,""p"":0.00046415888336127773,""r"":7}",
        32,         0,         0,   0.198,correlated_pymatching,1af5a8d16dfe6abd574790e66dfc9331cc1a7511d9442ded56a0edf86c82b0da,"{""d"":7,""p"":0.00021544346900318845,""r"":7}",
        32,         0,         0,   0.214,correlated_pymatching,526a9c53121d2590a78619e118eac90c4306ffdf6462386d67efd6891e283792,"{""d"":7,""p"":0.00046415888336127773,""r"":7}",
        32,         0,         0,   0.236,correlated_pymatching,1af5a8d16dfe6abd574790e66dfc9331cc1a7511d9442ded56a0edf86c82b0da,"{""d"":7,""p"":0.00021544346900318845,""r"":7}",
        32,         0,         0,   0.225,correlated_pymatching,1af5a8d16dfe6abd574790e66dfc9331cc1a7511d9442ded56a0edf86c82b0da,"{""d"":7,""p"":0.00021544346900318845,""r"":7}",
        32,         0,         0,   0.216,correlated_pymatching,1af5a8d16dfe6abd574790e66dfc9331cc1a7511d9442ded56a0edf86c82b0da,"{""d"":7,""p"":0.00021544346900318845,""r"":7}",
        32,         0,         0,   0.214,correlated_pymatching,526a9c53121d2590a78619e118eac90c4306ffdf6462386d67efd6891e283792,"{""d"":7,""p"":0.00046415888336127773,""r"":7}",
        32,         0,         0,   0.228,correlated_pymatching,526a9c53121d2590a78619e118eac90c4306ffdf6462386d67efd6891e283792,"{""d"":7,""p"":0.00046415888336127773,""r"":7}",
        32,         0,         0,   0.248,correlated_pymatching,526a9c53121d2590a78619e118eac90c4306ffdf6462386d67efd6891e283792,"{""d"":7,""p"":0.00046415888336127773,""r"":7}",
        64,         0,         0,   0.196,correlated_pymatching,526a9c53121d2590a78619e118eac90c4306ffdf6462386d67efd6891e283792,"{""d"":7,""p"":0.00046415888336127773,""r"":7}",
        64,         0,         0,   0.208,correlated_pymatching,1af5a8d16dfe6abd574790e66dfc9331cc1a7511d9442ded56a0edf86c82b0da,"{""d"":7,""p"":0.00021544346900318845,""r"":7}",
        64,         0,         0,   0.202,correlated_pymatching,526a9c53121d2590a78619e118eac90c4306ffdf6462386d67efd6891e283792,"{""d"":7,""p"":0.00046415888336127773,""r"":7}",
         8,         0,         0,   0.349,correlated_pymatching,1af5a8d16dfe6abd574790e66dfc9331cc1a7511d9442ded56a0edf86c82b0da,"{""d"":7,""p"":0.00021544346900318845,""r"":7}",
         1,         0,         0,   0.332,correlated_pymatching,526a9c53121d2590a78619e118eac90c4306ffdf6462386d67efd6891e283792,"{""d"":7,""p"":0.00046415888336127773,""r"":7}",
        64,         0,         0,   0.209,correlated_pymatching,1af5a8d16dfe6abd574790e66dfc9331cc1a7511d9442ded56a0edf86c82b0da,"{""d"":7,""p"":0.00021544346900318845,""r"":7}",
        64,         0,         0,   0.225,correlated_pymatching,1af5a8d16dfe6abd574790e66dfc9331cc1a7511d9442ded56a0edf86c82b0da,"{""d"":7,""p"":0.00021544346900318845,""r"":7}",
        64,         0,         0,   0.216,correlated_pymatching,1af5a8d16dfe6abd574790e66dfc9331cc1a7511d9442ded56a0edf86c82b0da,"{""d"":7,""p"":0.00021544346900318845,""r"":7}",
        64,         0,         0,   0.216,correlated_pymatching,526a9c53121d2590a78619e118eac90c4306ffdf6462386d67efd6891e283792,"{""d"":7,""p"":0.00046415888336127773,""r"":7}",
        64,         0,         0,   0.220,correlated_pymatching,526a9c53121d2590a78619e118eac90c4306ffdf6462386d67efd6891e283792,"{""d"":7,""p"":0.00046415888336127773,""r"":7}",
        64,         0,         0,   0.216,correlated_pymatching,526a9c53121d2590a78619e118eac90c4306ffdf6462386d67efd6891e283792,"{""d"":7,""p"":0.00046415888336127773,""r"":7}",
       128,         0,         0,   0.213,correlated_pymatching,526a9c53121d2590a78619e118eac90c4306ffdf6462386d67efd6891e283792,"{""d"":7,""p"":0.00046415888336127773,""r"":7}",
       128,         0,         0,   0.210,correlated_pymatching,1af5a8d16dfe6abd574790e66dfc9331cc1a7511d9442ded56a0edf86c82b0da,"{""d"":7,""p"":0.00021544346900318845,""r"":7}",
       128,         0,         0,   0.215,correlated_pymatching,526a9c53121d2590a78619e118eac90c4306ffdf6462386d67efd6891e283792,"{""d"":7,""p"":0.00046415888336127773,""r"":7}",
       128,         0,         0,   0.216,correlated_pymatching,1af5a8d16dfe6abd574790e66dfc9331cc1a7511d9442ded56a0edf86c82b0da,"{""d"":7,""p"":0.00021544346900318845,""r"":7}",
       128,         0,         0,   0.202,correlated_pymatching,1af5a8d16dfe6abd574790e66dfc9331cc1a7511d9442ded56a0edf86c82b0da,"{""d"":7,""p"":0.00021544346900318845,""r"":7}",
       128,         0,         0,   0.207,correlated_pymatching,1af5a8d16dfe6abd574790e66dfc9331cc1a7511d9442ded56a0edf86c82b0da,"{""d"":7,""p"":0.00021544346900318845,""r"":7}",
       128,         0,         0,   0.224,correlated_pymatching,526a9c53121d2590a78619e118eac90c4306ffdf6462386d67efd6891e283792,"{""d"":7,""p"":0.00046415888336127773,""r"":7}",
       128,         0,         0,   0.216,correlated_pymatching,526a9c53121d2590a78619e118eac90c4306ffdf6462386d67efd6891e283792,"{""d"":7,""p"":0.00046415888336127773,""r"":7}",
       128,         0,         0,   0.228,correlated_pymatching,526a9c53121d2590a78619e118eac90c4306ffdf6462386d67efd6891e283792,"{""d"":7,""p"":0.00046415888336127773,""r"":7}",
         1,         0,         0,   0.322,correlated_pymatching,526a9c53121d2590a78619e118eac90c4306ffdf6462386d67efd6891e283792,"{""d"":7,""p"":0.00046415888336127773,""r"":7}",
         8,         0,         0,   0.354,correlated_pymatching,1af5a8d16dfe6abd574790e66dfc9331cc1a7511d9442ded56a0edf86c82b0da,"{""d"":7,""p"":0.00021544346900318845,""r"":7}",
       256,         0,         0,   0.207,correlated_pymatching,526a9c53121d2590a78619e118eac90c4306ffdf6462386d67efd6891e283792,"{""d"":7,""p"":0.00046415888336127773,""r"":7}",
       256,         0,         0,   0.204,correlated_pymatching,1af5a8d16dfe6abd574790e66dfc9331cc1a7511d9442ded56a0edf86c82b0da,"{""d"":7,""p"":0.00021544346900318845,""r"":7}",
       256,         0,         0,   0.212,correlated_pymatching,526a9c53121d2590a78619e118eac90c4306ffdf6462386d67efd6891e283792,"{""d"":7,""p"":0.00046415888336127773,""r"":7}",
       256,         0,         0,   0.216,correlated_pymatching,1af5a8d16dfe6abd574790e66dfc9331cc1a7511d9442ded56a0edf86c82b0da,"{""d"":7,""p"":0.00021544346900318845,""r"":7}",
       256,         0,         0,   0.229,correlated_pymatching,1af5a8d16dfe6abd574790e66dfc9331cc1a7511d9442ded56a0edf86c82b0da,"{""d"":7,""p"":0.00021544346900318845,""r"":7}",
       256,         0,         0,   0.225,correlated_pymatching,1af5a8d16dfe6abd574790e66dfc9331cc1a7511d9442ded56a0edf86c82b0da,"{""d"":7,""p"":0.00021544346900318845,""r"":7}",
       256,         0,         0,   0.215,correlated_pymatching,526a9c53121d2590a78619e118eac90c4306ffdf6462386d67efd6891e283792,"{""d"":7,""p"":0.00046415888336127773,""r"":7}",
       256,         0,         0,   0.209,correlated_pymatching,526a9c53121d2590a78619e118eac90c4306ffdf6462386d67efd6891e283792,"{""d"":7,""p"":0.00046415888336127773,""r"":7}",
       256,         0,         0,   0.216,correlated_pymatching,526a9c53121d2590a78619e118eac90c4306ffdf6462386d67efd6891e283792,"{""d"":7,""p"":0.00046415888336127773,""r"":7}",
       512,         0,         0,   0.208,correlated_pymatching,1af5a8d16dfe6abd574790e66dfc9331cc1a7511d9442ded56a0edf86c82b0da,"{""d"":7,""p"":0.00021544346900318845,""r"":7}",
       512,         0,         0,   0.228,correlated_pymatching,526a9c53121d2590a78619e118eac90c4306ffdf6462386d67efd6891e283792,"{""d"":7,""p"":0.00046415888336127773,""r"":7}",
       512,         0,         0,   0.232,correlated_pymatching,526a9c53121d2590a78619e118eac90c4306ffdf6462386d67efd6891e283792,"{""d"":7,""p"":0.00046415888336127773,""r"":7}",
         1,         0,         0,   0.345,correlated_pymatching,526a9c53121d2590a78619e118eac90c4306ffdf6462386d67efd6891e283792,"{""d"":7,""p"":0.00046415888336127773,""r"":7}",
       512,         0,         0,   0.227,correlated_pymatching,1af5a8d16dfe6abd574790e66dfc9331cc1a7511d9442ded56a0edf86c82b0da,"{""d"":7,""p"":0.00021544346900318845,""r"":7}",
       512,         0,         0,   0.228,correlated_pymatching,1af5a8d16dfe6abd574790e66dfc9331cc1a7511d9442ded56a0edf86c82b0da,"{""d"":7,""p"":0.00021544346900318845,""r"":7}",
       512,         0,         0,   0.228,correlated_pymatching,1af5a8d16dfe6abd574790e66dfc9331cc1a7511d9442ded56a0edf86c82b0da,"{""d"":7,""p"":0.00021544346900318845,""r"":7}",
         8,         0,         0,   0.352,correlated_pymatching,1af5a8d16dfe6abd574790e66dfc9331cc1a7511d9442ded56a0edf86c82b0da,"{""d"":7,""p"":0.00021544346900318845,""r"":7}",
       512,         0,         0,   0.244,correlated_pymatching,526a9c53121d2590a78619e118eac90c4306ffdf6462386d67efd6891e283792,"{""d"":7,""p"":0.00046415888336127773,""r"":7}",
       512,         0,         0,   0.246,correlated_pymatching,526a9c53121d2590a78619e118eac90c4306ffdf6462386d67efd6891e283792,"{""d"":7,""p"":0.00046415888336127773,""r"":7}",
       512,         0,         0,   0.241,correlated_pymatching,526a9c53121d2590a78619e118eac90c4306ffdf6462386d67efd6891e283792,"{""d"":7,""p"":0.00046415888336127773,""r"":7}",
         1,         0,         0,   0.332,correlated_pymatching,526a9c53121d2590a78619e118eac90c4306ffdf6462386d67efd6891e283792,"{""d"":7,""p"":0.00046415888336127773,""r"":7}",
         8,         0,         0,   0.360,correlated_pymatching,1af5a8d16dfe6abd574790e66dfc9331cc1a7511d9442ded56a0edf86c82b0da,"{""d"":7,""p"":0.00021544346900318845,""r"":7}",
      2048,         0,         0,   0.495,correlated_pymatching,1af5a8d16dfe6abd574790e66dfc9331cc1a7511d9442ded56a0edf86c82b0da,"{""d"":7,""p"":0.00021544346900318845,""r"":7}",
      2048,         0,         0,   0.509,correlated_pymatching,526a9c53121d2590a78619e118eac90c4306ffdf6462386d67efd6891e283792,"{""d"":7,""p"":0.00046415888336127773,""r"":7}",
      2048,         0,         0,   0.509,correlated_pymatching,526a9c53121d2590a78619e118eac90c4306ffdf6462386d67efd6891e283792,"{""d"":7,""p"":0.00046415888336127773,""r"":7}",
      2048,         0,         0,   0.492,correlated_pymatching,1af5a8d16dfe6abd574790e66dfc9331cc1a7511d9442ded56a0edf86c82b0da,"{""d"":7,""p"":0.00021544346900318845,""r"":7}",
      2048,         0,         0,   0.495,correlated_pymatching,1af5a8d16dfe6abd574790e66dfc9331cc1a7511d9442ded56a0edf86c82b0da,"{""d"":7,""p"":0.00021544346900318845,""r"":7}",
      2048,         0,         0,   0.504,correlated_pymatching,1af5a8d16dfe6abd574790e66dfc9331cc1a7511d9442ded56a0edf86c82b0da,"{""d"":7,""p"":0.00021544346900318845,""r"":7}",
      2048,         0,         0,   0.522,correlated_pymatching,526a9c53121d2590a78619e118eac90c4306ffdf6462386d67efd6891e283792,"{""d"":7,""p"":0.00046415888336127773,""r"":7}",
      2048,         0,         0,   0.538,correlated_pymatching,526a9c53121d2590a78619e118eac90c4306ffdf6462386d67efd6891e283792,"{""d"":7,""p"":0.00046415888336127773,""r"":7}",
      2048,         0,         0,   0.574,correlated_pymatching,526a9c53121d2590a78619e118eac90c4306ffdf6462386d67efd6891e283792,"{""d"":7,""p"":0.00046415888336127773,""r"":7}",
         1,         0,         0,   0.333,correlated_pymatching,526a9c53121d2590a78619e118eac90c4306ffdf6462386d67efd6891e283792,"{""d"":7,""p"":0.00046415888336127773,""r"":7}",
         8,         0,         0,   0.344,correlated_pymatching,1af5a8d16dfe6abd574790e66dfc9331cc1a7511d9442ded56a0edf86c82b0da,"{""d"":7,""p"":0.00021544346900318845,""r"":7}",
      2048,         0,         0,   0.470,correlated_pymatching,1af5a8d16dfe6abd574790e66dfc9331cc1a7511d9442ded56a0edf86c82b0da,"{""d"":7,""p"":0.00021544346900318845,""r"":7}",
         8,         0,         0,   0.216,correlated_pymatching,1af5a8d16dfe6abd574790e66dfc9331cc1a7511d9442ded56a0edf86c82b0da,"{""d"":7,""p"":0.00021544346900318845,""r"":7}",
      2048,         0,         0,   0.518,correlated_pymatching,526a9c53121d2590a78619e118eac90c4306ffdf6462386d67efd6891e283792,"{""d"":7,""p"":0.00046415888336127773,""r"":7}",
      2048,         0,         0,   0.495,correlated_pymatching,1af5a8d16dfe6abd574790e66dfc9331cc1a7511d9442ded56a0edf86c82b0da,"{""d"":7,""p"":0.00021544346900318845,""r"":7}",
         1,         0,         0,   0.334,correlated_pymatching,526a9c53121d2590a78619e118eac90c4306ffdf6462386d67efd6891e283792,"{""d"":7,""p"":0.00046415888336127773,""r"":7}",
      2048,         0,         0,   0.518,correlated_pymatching,526a9c53121d2590a78619e118eac90c4306ffdf6462386d67efd6891e283792,"{""d"":7,""p"":0.00046415888336127773,""r"":7}",
      2048,         0,         0,   0.488,correlated_pymatching,1af5a8d16dfe6abd574790e66dfc9331cc1a7511d9442ded56a0edf86c82b0da,"{""d"":7,""p"":0.00021544346900318845,""r"":7}",
      2048,         0,         0,   0.492,correlated_pymatching,1af5a8d16dfe6abd574790e66dfc9331cc1a7511d9442ded56a0edf86c82b0da,"{""d"":7,""p"":0.00021544346900318845,""r"":7}",
      2048,         0,         0,   0.522,correlated_pymatching,526a9c53121d2590a78619e118eac90c4306ffdf6462386d67efd6891e283792,"{""d"":7,""p"":0.00046415888336127773,""r"":7}",
      2048,         0,         0,   0.548,correlated_pymatching,526a9c53121d2590a78619e118eac90c4306ffdf6462386d67efd6891e283792,"{""d"":7,""p"":0.00046415888336127773,""r"":7}",
      2048,         0,         0,   0.543,correlated_pymatching,526a9c53121d2590a78619e118eac90c4306ffdf6462386d67efd6891e283792,"{""d"":7,""p"":0.00046415888336127773,""r"":7}",
         1,         0,         0,   0.337,correlated_pymatching,526a9c53121d2590a78619e118eac90c4306ffdf6462386d67efd6891e283792,"{""d"":7,""p"":0.00046415888336127773,""r"":7}",
        48,         0,         0,   0.418,correlated_pymatching,1af5a8d16dfe6abd574790e66dfc9331cc1a7511d9442ded56a0edf86c82b0da,"{""d"":7,""p"":0.00021544346900318845,""r"":7}",
      2048,         0,         0,   0.568,correlated_pymatching,526a9c53121d2590a78619e118eac90c4306ffdf6462386d67efd6891e283792,"{""d"":7,""p"":0.00046415888336127773,""r"":7}",
      2048,         0,         0,   0.569,correlated_pymatching,526a9c53121d2590a78619e118eac90c4306ffdf6462386d67efd6891e283792,"{""d"":7,""p"":0.00046415888336127773,""r"":7}",
      3072,         0,         0,   0.709,correlated_pymatching,1af5a8d16dfe6abd574790e66dfc9331cc1a7511d9442ded56a0edf86c82b0da,"{""d"":7,""p"":0.00021544346900318845,""r"":7}",
         1,         0,         0,   0.331,correlated_pymatching,526a9c53121d2590a78619e118eac90c4306ffdf6462386d67efd6891e283792,"{""d"":7,""p"":0.00046415888336127773,""r"":7}",
      3072,         0,         0,   0.737,correlated_pymatching,1af5a8d16dfe6abd574790e66dfc9331cc1a7511d9442ded56a0edf86c82b0da,"{""d"":7,""p"":0.00021544346900318845,""r"":7}",
      3072,         0,         0,   0.763,correlated_pymatching,1af5a8d16dfe6abd574790e66dfc9331cc1a7511d9442ded56a0edf86c82b0da,"{""d"":7,""p"":0.00021544346900318845,""r"":7}",
      3072,         0,         0,   0.780,correlated_pymatching,1af5a8d16dfe6abd574790e66dfc9331cc1a7511d9442ded56a0edf86c82b0da,"{""d"":7,""p"":0.00021544346900318845,""r"":7}",
       192,         0,         0,   0.421,correlated_pymatching,1af5a8d16dfe6abd574790e66dfc9331cc1a7511d9442ded56a0edf86c82b0da,"{""d"":7,""p"":0.00021544346900318845,""r"":7}",
      3072,         0,         0,   0.817,correlated_pymatching,526a9c53121d2590a78619e118eac90c4306ffdf6462386d67efd6891e283792,"{""d"":7,""p"":0.00046415888336127773,""r"":7}",
      3072,         0,         0,   0.803,correlated_pymatching,526a9c53121d2590a78619e118eac90c4306ffdf6462386d67efd6891e283792,"{""d"":7,""p"":0.00046415888336127773,""r"":7}",
      3072,         0,         0,   0.798,correlated_pymatching,526a9c53121d2590a78619e118eac90c4306ffdf6462386d67efd6891e283792,"{""d"":7,""p"":0.00046415888336127773,""r"":7}",
         2,         0,         0,   0.679,correlated_pymatching,526a9c53121d2590a78619e118eac90c4306ffdf6462386d67efd6891e283792,"{""d"":7,""p"":0.00046415888336127773,""r"":7}",
       512,         0,         0,   0.703,correlated_pymatching,1af5a8d16dfe6abd574790e66dfc9331cc1a7511d9442ded56a0edf86c82b0da,"{""d"":7,""p"":0.00021544346900318845,""r"":7}",
      4096,         0,         0,    1.01,correlated_pymatching,526a9c53121d2590a78619e118eac90c4306ffdf6462386d67efd6891e283792,"{""d"":7,""p"":0.00046415888336127773,""r"":7}",
      4096,         0,         0,   0.961,correlated_pymatching,1af5a8d16dfe6abd574790e66dfc9331cc1a7511d9442ded56a0edf86c82b0da,"{""d"":7,""p"":0.00021544346900318845,""r"":7}",
      3072,         0,         0,   0.799,correlated_pymatching,1af5a8d16dfe6abd574790e66dfc9331cc1a7511d9442ded56a0edf86c82b0da,"{""d"":7,""p"":0.00021544346900318845,""r"":7}",
      4096,         0,         0,    1.04,correlated_pymatching,526a9c53121d2590a78619e118eac90c4306ffdf6462386d67efd6891e283792,"{""d"":7,""p"":0.00046415888336127773,""r"":7}",
      4096,         0,         0,   0.987,correlated_pymatching,1af5a8d16dfe6abd574790e66dfc9331cc1a7511d9442ded56a0edf86c82b0da,"{""d"":7,""p"":0.00021544346900318845,""r"":7}",
      3072,         0,         0,   0.819,correlated_pymatching,526a9c53121d2590a78619e118eac90c4306ffdf6462386d67efd6891e283792,"{""d"":7,""p"":0.00046415888336127773,""r"":7}",
      3072,         0,         0,   0.804,correlated_pymatching,526a9c53121d2590a78619e118eac90c4306ffdf6462386d67efd6891e283792,"{""d"":7,""p"":0.00046415888336127773,""r"":7}",
      4096,         0,         0,   0.988,correlated_pymatching,1af5a8d16dfe6abd574790e66dfc9331cc1a7511d9442ded56a0edf86c82b0da,"{""d"":7,""p"":0.00021544346900318845,""r"":7}",
      3072,         0,         0,   0.830,correlated_pymatching,526a9c53121d2590a78619e118eac90c4306ffdf6462386d67efd6891e283792,"{""d"":7,""p"":0.00046415888336127773,""r"":7}",
         2,         0,         0,   0.699,correlated_pymatching,526a9c53121d2590a78619e118eac90c4306ffdf6462386d67efd6891e283792,"{""d"":7,""p"":0.00046415888336127773,""r"":7}",
       768,         0,         0,    1.11,correlated_pymatching,1af5a8d16dfe6abd574790e66dfc9331cc1a7511d9442ded56a0edf86c82b0da,"{""d"":7,""p"":0.00021544346900318845,""r"":7}",
      5120,         0,         0,    1.21,correlated_pymatching,1af5a8d16dfe6abd574790e66dfc9331cc1a7511d9442ded56a0edf86c82b0da,"{""d"":7,""p"":0.00021544346900318845,""r"":7}",
      5120,         0,         0,    1.26,correlated_pymatching,1af5a8d16dfe6abd574790e66dfc9331cc1a7511d9442ded56a0edf86c82b0da,"{""d"":7,""p"":0.00021544346900318845,""r"":7}",
      5120,         0,         0,    1.33,correlated_pymatching,526a9c53121d2590a78619e118eac90c4306ffdf6462386d67efd6891e283792,"{""d"":7,""p"":0.00046415888336127773,""r"":7}",
      5120,         0,         0,    1.32,correlated_pymatching,526a9c53121d2590a78619e118eac90c4306ffdf6462386d67efd6891e283792,"{""d"":7,""p"":0.00046415888336127773,""r"":7}",
      5120,         0,         0,    1.26,correlated_pymatching,1af5a8d16dfe6abd574790e66dfc9331cc1a7511d9442ded56a0edf86c82b0da,"{""d"":7,""p"":0.00021544346900318845,""r"":7}",
      5120,         0,         0,    1.27,correlated_pymatching,1af5a8d16dfe6abd574790e66dfc9331cc1a7511d9442ded56a0edf86c82b0da,"{""d"":7,""p"":0.00021544346900318845,""r"":7}",
         3,         0,         0,    1.02,correlated_pymatching,526a9c53121d2590a78619e118eac90c4306ffdf6462386d67efd6891e283792,"{""d"":7,""p"":0.00046415888336127773,""r"":7}",
      5120,         0,         0,    1.35,correlated_pymatching,526a9c53121d2590a78619e118eac90c4306ffdf6462386d67efd6891e283792,"{""d"":7,""p"":0.00046415888336127773,""r"":7}",
      5120,         0,         0,    1.37,correlated_pymatching,526a9c53121d2590a78619e118eac90c4306ffdf6462386d67efd6891e283792,"{""d"":7,""p"":0.00046415888336127773,""r"":7}",
      5120,         0,         0,    1.34,correlated_pymatching,526a9c53121d2590a78619e118eac90c4306ffdf6462386d67efd6891e283792,"{""d"":7,""p"":0.00046415888336127773,""r"":7}",
     36080,         0,         0,    8.53,correlated_pymatching,1af5a8d16dfe6abd574790e66dfc9331cc1a7511d9442ded56a0edf86c82b0da,"{""d"":7,""p"":0.00021544346900318845,""r"":7}",
     57344,         0,         0,    13.9,correlated_pymatching,1af5a8d16dfe6abd574790e66dfc9331cc1a7511d9442ded56a0edf86c82b0da,"{""d"":7,""p"":0.00021544346900318845,""r"":7}",
     48128,         0,         0,    11.1,correlated_pymatching,1af5a8d16dfe6abd574790e66dfc9331cc1a7511d9442ded56a0edf86c82b0da,"{""d"":7,""p"":0.00021544346900318845,""r"":7}",
     60116,         1,         0,    14.1,correlated_pymatching,1af5a8d16dfe6abd574790e66dfc9331cc1a7511d9442ded56a0edf86c82b0da,"{""d"":7,""p"":0.00021544346900318845,""r"":7}","{""obs_mistake_mask=E"":1}"
     37888,         0,         0,    9.01,correlated_pymatching,1af5a8d16dfe6abd574790e66dfc9331cc1a7511d9442ded56a0edf86c82b0da,"{""d"":7,""p"":0.00021544346900318845,""r"":7}",
     33792,         0,         0,    9.22,correlated_pymatching,1af5a8d16dfe6abd574790e66dfc9331cc1a7511d9442ded56a0edf86c82b0da,"{""d"":7,""p"":0.00021544346900318845,""r"":7}",
     39936,         0,         0,    9.22,correlated_pymatching,1af5a8d16dfe6abd574790e66dfc9331cc1a7511d9442ded56a0edf86c82b0da,"{""d"":7,""p"":0.00021544346900318845,""r"":7}",
      1024,         0,         0,    1.41,correlated_pymatching,1af5a8d16dfe6abd574790e66dfc9331cc1a7511d9442ded56a0edf86c82b0da,"{""d"":7,""p"":0.00021544346900318845,""r"":7}",
       916,         0,         0,   0.229,correlated_pymatching,1af5a8d16dfe6abd574790e66dfc9331cc1a7511d9442ded56a0edf86c82b0da,"{""d"":7,""p"":0.00021544346900318845,""r"":7}",
     34875,         0,         0,    9.38,correlated_pymatching,526a9c53121d2590a78619e118eac90c4306ffdf6462386d67efd6891e283792,"{""d"":7,""p"":0.00046415888336127773,""r"":7}",
     36864,         0,         0,    9.32,correlated_pymatching,526a9c53121d2590a78619e118eac90c4306ffdf6462386d67efd6891e283792,"{""d"":7,""p"":0.00046415888336127773,""r"":7}",
     34816,         0,         0,    9.25,correlated_pymatching,526a9c53121d2590a78619e118eac90c4306ffdf6462386d67efd6891e283792,"{""d"":7,""p"":0.00046415888336127773,""r"":7}",
     36864,         0,         0,    9.33,correlated_pymatching,526a9c53121d2590a78619e118eac90c4306ffdf6462386d67efd6891e283792,"{""d"":7,""p"":0.00046415888336127773,""r"":7}",
     41246,         1,         0,    10.9,correlated_pymatching,526a9c53121d2590a78619e118eac90c4306ffdf6462386d67efd6891e283792,"{""d"":7,""p"":0.00046415888336127773,""r"":7}","{""obs_mistake_mask=E"":1}"
     40960,         0,         0,    10.7,correlated_pymatching,526a9c53121d2590a78619e118eac90c4306ffdf6462386d67efd6891e283792,"{""d"":7,""p"":0.00046415888336127773,""r"":7}",
     28672,         1,         0,    7.58,correlated_pymatching,526a9c53121d2590a78619e118eac90c4306ffdf6462386d67efd6891e283792,"{""d"":7,""p"":0.00046415888336127773,""r"":7}","{""obs_mistake_mask=E"":1}"
     32053,         0,         0,    7.45,correlated_pymatching,1af5a8d16dfe6abd574790e66dfc9331cc1a7511d9442ded56a0edf86c82b0da,"{""d"":7,""p"":0.00021544346900318845,""r"":7}",
     38912,         0,         0,    9.79,correlated_pymatching,526a9c53121d2590a78619e118eac90c4306ffdf6462386d67efd6891e283792,"{""d"":7,""p"":0.00046415888336127773,""r"":7}",
     35840,         1,         0,    9.45,correlated_pymatching,526a9c53121d2590a78619e118eac90c4306ffdf6462386d67efd6891e283792,"{""d"":7,""p"":0.00046415888336127773,""r"":7}","{""obs_mistake_mask=E"":1}"
     33946,         2,         0,    9.19,correlated_pymatching,526a9c53121d2590a78619e118eac90c4306ffdf6462386d67efd6891e283792,"{""d"":7,""p"":0.00046415888336127773,""r"":7}","{""obs_mistake_mask=E"":2}"
     31744,         0,         0,    7.62,correlated_pymatching,1af5a8d16dfe6abd574790e66dfc9331cc1a7511d9442ded56a0edf86c82b0da,"{""d"":7,""p"":0.00021544346900318845,""r"":7}",
     40960,         0,         0,    9.76,correlated_pymatching,1af5a8d16dfe6abd574790e66dfc9331cc1a7511d9442ded56a0edf86c82b0da,"{""d"":7,""p"":0.00021544346900318845,""r"":7}",
         4,         0,         0,    1.33,correlated_pymatching,526a9c53121d2590a78619e118eac90c4306ffdf6462386d67efd6891e283792,"{""d"":7,""p"":0.00046415888336127773,""r"":7}",
      7168,         0,         0,    1.64,correlated_pymatching,1af5a8d16dfe6abd574790e66dfc9331cc1a7511d9442ded56a0edf86c82b0da,"{""d"":7,""p"":0.00021544346900318845,""r"":7}",
       279,         0,         0,   0.222,correlated_pymatching,526a9c53121d2590a78619e118eac90c4306ffdf6462386d67efd6891e283792,"{""d"":7,""p"":0.00046415888336127773,""r"":7}",
       286,         0,         0,   0.228,correlated_pymatching,526a9c53121d2590a78619e118eac90c4306ffdf6462386d67efd6891e283792,"{""d"":7,""p"":0.00046415888336127773,""r"":7}",
       309,         0,         0,   0.210,correlated_pymatching,1af5a8d16dfe6abd574790e66dfc9331cc1a7511d9442ded56a0edf86c82b0da,"{""d"":7,""p"":0.00021544346900318845,""r"":7}",
      7168,         0,         0,    1.73,correlated_pymatching,1af5a8d16dfe6abd574790e66dfc9331cc1a7511d9442ded56a0edf86c82b0da,"{""d"":7,""p"":0.00021544346900318845,""r"":7}",
      7168,         0,         0,    1.83,correlated_pymatching,526a9c53121d2590a78619e118eac90c4306ffdf6462386d67efd6891e283792,"{""d"":7,""p"":0.00046415888336127773,""r"":7}",
      7168,         0,         0,    1.73,correlated_pymatching,1af5a8d16dfe6abd574790e66dfc9331cc1a7511d9442ded56a0edf86c82b0da,"{""d"":7,""p"":0.00021544346900318845,""r"":7}",
      6144,         0,         0,    1.63,correlated_pymatching,526a9c53121d2590a78619e118eac90c4306ffdf6462386d67efd6891e283792,"{""d"":7,""p"":0.00046415888336127773,""r"":7}",
      6144,         0,         0,    1.61,correlated_pymatching,526a9c53121d2590a78619e118eac90c4306ffdf6462386d67efd6891e283792,"{""d"":7,""p"":0.00046415888336127773,""r"":7}",
      7168,         0,         0,    1.75,correlated_pymatching,1af5a8d16dfe6abd574790e66dfc9331cc1a7511d9442ded56a0edf86c82b0da,"{""d"":7,""p"":0.00021544346900318845,""r"":7}",
      7168,         0,         0,    1.88,correlated_pymatching,526a9c53121d2590a78619e118eac90c4306ffdf6462386d67efd6891e283792,"{""d"":7,""p"":0.00046415888336127773,""r"":7}",
      6144,         0,         0,    1.66,correlated_pymatching,526a9c53121d2590a78619e118eac90c4306ffdf6462386d67efd6891e283792,"{""d"":7,""p"":0.00046415888336127773,""r"":7}",
      1280,         0,         0,    1.80,correlated_pymatching,1af5a8d16dfe6abd574790e66dfc9331cc1a7511d9442ded56a0edf86c82b0da,"{""d"":7,""p"":0.00021544346900318845,""r"":7}",
      6430,         0,         0,    1.86,correlated_pymatching,526a9c53121d2590a78619e118eac90c4306ffdf6462386d67efd6891e283792,"{""d"":7,""p"":0.00046415888336127773,""r"":7}",
         5,         0,         0,    1.67,correlated_pymatching,526a9c53121d2590a78619e118eac90c4306ffdf6462386d67efd6891e283792,"{""d"":7,""p"":0.00046415888336127773,""r"":7}",
      7878,         0,         0,    1.95,correlated_pymatching,1af5a8d16dfe6abd574790e66dfc9331cc1a7511d9442ded56a0edf86c82b0da,"{""d"":7,""p"":0.00021544346900318845,""r"":7}",
     10240,         0,         0,    2.37,correlated_pymatching,1af5a8d16dfe6abd574790e66dfc9331cc1a7511d9442ded56a0edf86c82b0da,"{""d"":7,""p"":0.00021544346900318845,""r"":7}",
      9216,         0,         0,    2.21,correlated_pymatching,1af5a8d16dfe6abd574790e66dfc9331cc1a7511d9442ded56a0edf86c82b0da,"{""d"":7,""p"":0.00021544346900318845,""r"":7}",
      8192,         0,         0,    2.19,correlated_pymatching,526a9c53121d2590a78619e118eac90c4306ffdf6462386d67efd6891e283792,"{""d"":7,""p"":0.00046415888336127773,""r"":7}",
     10953,         0,         0,    2.82,correlated_pymatching,526a9c53121d2590a78619e118eac90c4306ffdf6462386d67efd6891e283792,"{""d"":7,""p"":0.00046415888336127773,""r"":7}",
     10240,         0,         0,    2.71,correlated_pymatching,526a9c53121d2590a78619e118eac90c4306ffdf6462386d67efd6891e283792,"{""d"":7,""p"":0.00046415888336127773,""r"":7}",
      5120,         0,         0,    2.30,correlated_pymatching,526a9c53121d2590a78619e118eac90c4306ffdf6462386d67efd6891e283792,"{""d"":7,""p"":0.00046415888336127773,""r"":7}",
      5120,         0,         0,    2.20,correlated_pymatching,526a9c53121d2590a78619e118eac90c4306ffdf6462386d67efd6891e283792,"{""d"":7,""p"":0.00046415888336127773,""r"":7}",
     10953,         0,         0,    2.84,correlated_pymatching,526a9c53121d2590a78619e118eac90c4306ffdf6462386d67efd6891e283792,"{""d"":7,""p"":0.00046415888336127773,""r"":7}",
      6144,         0,         0,    2.35,correlated_pymatching,1af5a8d16dfe6abd574790e66dfc9331cc1a7511d9442ded56a0edf86c82b0da,"{""d"":7,""p"":0.00021544346900318845,""r"":7}",
      9216,         0,         0,    2.43,correlated_pymatching,526a9c53121d2590a78619e118eac90c4306ffdf6462386d67efd6891e283792,"{""d"":7,""p"":0.00046415888336127773,""r"":7}",
       540,         0,         0,   0.240,correlated_pymatching,526a9c53121d2590a78619e118eac90c4306ffdf6462386d67efd6891e283792,"{""d"":7,""p"":0.00046415888336127773,""r"":7}",
      6144,         0,         0,    2.62,correlated_pymatching,526a9c53121d2590a78619e118eac90c4306ffdf6462386d67efd6891e283792,"{""d"":7,""p"":0.00046415888336127773,""r"":7}",
      9216,         0,         0,    3.43,correlated_pymatching,526a9c53121d2590a78619e118eac90c4306ffdf6462386d67efd6891e283792,"{""d"":7,""p"":0.00046415888336127773,""r"":7}",
      8192,         0,         0,    3.17,correlated_pymatching,526a9c53121d2590a78619e118eac90c4306ffdf6462386d67efd6891e283792,"{""d"":7,""p"":0.00046415888336127773,""r"":7}",
     14025,         0,         0,    3.26,correlated_pymatching,1af5a8d16dfe6abd574790e66dfc9331cc1a7511d9442ded56a0edf86c82b0da,"{""d"":7,""p"":0.00021544346900318845,""r"":7}",
     15360,         0,         0,    3.53,correlated_pymatching,1af5a8d16dfe6abd574790e66dfc9331cc1a7511d9442ded56a0edf86c82b0da,"{""d"":7,""p"":0.00021544346900318845,""r"":7}",
     15360,         0,         0,    3.66,correlated_pymatching,1af5a8d16dfe6abd574790e66dfc9331cc1a7511d9442ded56a0edf86c82b0da,"{""d"":7,""p"":0.00021544346900318845,""r"":7}",
     16025,         0,         0,    3.93,correlated_pymatching,1af5a8d16dfe6abd574790e66dfc9331cc1a7511d9442ded56a0edf86c82b0da,"{""d"":7,""p"":0.00021544346900318845,""r"":7}",
       665,         0,         0,   0.212,correlated_pymatching,1af5a8d16dfe6abd574790e66dfc9331cc1a7511d9442ded56a0edf86c82b0da,"{""d"":7,""p"":0.00021544346900318845,""r"":7}",
       665,         0,         0,   0.234,correlated_pymatching,1af5a8d16dfe6abd574790e66dfc9331cc1a7511d9442ded56a0edf86c82b0da,"{""d"":7,""p"":0.00021544346900318845,""r"":7}",
       540,         0,         0,   0.409,correlated_pymatching,526a9c53121d2590a78619e118eac90c4306ffdf6462386d67efd6891e283792,"{""d"":7,""p"":0.00046415888336127773,""r"":7}",
      7168,         1,         0,    1.89,correlated_pymatching,526a9c53121d2590a78619e118eac90c4306ffdf6462386d67efd6891e283792,"{""d"":7,""p"":0.00046415888336127773,""r"":7}","{""obs_mistake_mask=E"":1}"
     13548,         0,         0,    3.44,correlated_pymatching,1af5a8d16dfe6abd574790e66dfc9331cc1a7511d9442ded56a0edf86c82b0da,"{""d"":7,""p"":0.00021544346900318845,""r"":7}",
      3584,         0,         0,    1.01,correlated_pymatching,526a9c53121d2590a78619e118eac90c4306ffdf6462386d67efd6891e283792,"{""d"":7,""p"":0.00046415888336127773,""r"":7}",
      3952,         0,         0,    1.07,correlated_pymatching,526a9c53121d2590a78619e118eac90c4306ffdf6462386d67efd6891e283792,"{""d"":7,""p"":0.00046415888336127773,""r"":7}",
      9756,         0,         0,    3.93,correlated_pymatching,526a9c53121d2590a78619e118eac90c4306ffdf6462386d67efd6891e283792,"{""d"":7,""p"":0.00046415888336127773,""r"":7}",
     12288,         0,         0,    4.23,correlated_pymatching,1af5a8d16dfe6abd574790e66dfc9331cc1a7511d9442ded56a0edf86c82b0da,"{""d"":7,""p"":0.00021544346900318845,""r"":7}",
      3589,         1,         0,   0.995,correlated_pymatching,526a9c53121d2590a78619e118eac90c4306ffdf6462386d67efd6891e283792,"{""d"":7,""p"":0.00046415888336127773,""r"":7}","{""obs_mistake_mask=E"":1}"
     13312,         0,         0,    4.50,correlated_pymatching,1af5a8d16dfe6abd574790e66dfc9331cc1a7511d9442ded56a0edf86c82b0da,"{""d"":7,""p"":0.00021544346900318845,""r"":7}",
      9216,         0,         0,    3.72,correlated_pymatching,526a9c53121d2590a78619e118eac90c4306ffdf6462386d67efd6891e283792,"{""d"":7,""p"":0.00046415888336127773,""r"":7}",
      9216,         0,         0,    3.75,correlated_pymatching,526a9c53121d2590a78619e118eac90c4306ffdf6462386d67efd6891e283792,"{""d"":7,""p"":0.00046415888336127773,""r"":7}",
      1536,         0,         0,    2.41,correlated_pymatching,1af5a8d16dfe6abd574790e66dfc9331cc1a7511d9442ded56a0edf86c82b0da,"{""d"":7,""p"":0.00021544346900318845,""r"":7}",
      9756,         1,         0,    4.00,correlated_pymatching,526a9c53121d2590a78619e118eac90c4306ffdf6462386d67efd6891e283792,"{""d"":7,""p"":0.00046415888336127773,""r"":7}","{""obs_mistake_mask=E"":1}"
       930,         0,         0,   0.235,correlated_pymatching,1af5a8d16dfe6abd574790e66dfc9331cc1a7511d9442ded56a0edf86c82b0da,"{""d"":7,""p"":0.00021544346900318845,""r"":7}",
        66,         0,         0,   0.188,correlated_pymatching,526a9c53121d2590a78619e118eac90c4306ffdf6462386d67efd6891e283792,"{""d"":7,""p"":0.00046415888336127773,""r"":7}",
      5004,         0,         0,    1.32,correlated_pymatching,526a9c53121d2590a78619e118eac90c4306ffdf6462386d67efd6891e283792,"{""d"":7,""p"":0.00046415888336127773,""r"":7}",
     12288,         0,         0,    4.35,correlated_pymatching,1af5a8d16dfe6abd574790e66dfc9331cc1a7511d9442ded56a0edf86c82b0da,"{""d"":7,""p"":0.00021544346900318845,""r"":7}",
     12288,         0,         0,    4.35,correlated_pymatching,1af5a8d16dfe6abd574790e66dfc9331cc1a7511d9442ded56a0edf86c82b0da,"{""d"":7,""p"":0.00021544346900318845,""r"":7}",
      1564,         0,         0,   0.866,correlated_pymatching,526a9c53121d2590a78619e118eac90c4306ffdf6462386d67efd6891e283792,"{""d"":7,""p"":0.00046415888336127773,""r"":7}",
     10627,         0,         0,    4.05,correlated_pymatching,1af5a8d16dfe6abd574790e66dfc9331cc1a7511d9442ded56a0edf86c82b0da,"{""d"":7,""p"":0.00021544346900318845,""r"":7}",
         7,         0,         0,    2.34,correlated_pymatching,526a9c53121d2590a78619e118eac90c4306ffdf6462386d67efd6891e283792,"{""d"":7,""p"":0.00046415888336127773,""r"":7}",
       540,         0,         0,   0.229,correlated_pymatching,526a9c53121d2590a78619e118eac90c4306ffdf6462386d67efd6891e283792,"{""d"":7,""p"":0.00046415888336127773,""r"":7}",
      7168,         0,         0,    1.65,correlated_pymatching,1af5a8d16dfe6abd574790e66dfc9331cc1a7511d9442ded56a0edf86c82b0da,"{""d"":7,""p"":0.00021544346900318845,""r"":7}",
      3347,         0,         0,    1.03,correlated_pymatching,526a9c53121d2590a78619e118eac90c4306ffdf6462386d67efd6891e283792,"{""d"":7,""p"":0.00046415888336127773,""r"":7}",
      7168,         0,         0,    1.73,correlated_pymatching,1af5a8d16dfe6abd574790e66dfc9331cc1a7511d9442ded56a0edf86c82b0da,"{""d"":7,""p"":0.00021544346900318845,""r"":7}",
       236,         0,         0,   0.350,correlated_pymatching,1af5a8d16dfe6abd574790e66dfc9331cc1a7511d9442ded56a0edf86c82b0da,"{""d"":7,""p"":0.00021544346900318845,""r"":7}",
       489,         0,         0,   0.403,correlated_pymatching,526a9c53121d2590a78619e118eac90c4306ffdf6462386d67efd6891e283792,"{""d"":7,""p"":0.00046415888336127773,""r"":7}",
       242,         0,         0,   0.371,correlated_pymatching,526a9c53121d2590a78619e118eac90c4306ffdf6462386d67efd6891e283792,"{""d"":7,""p"":0.00046415888336127773,""r"":7}",
       540,         0,         0,   0.405,correlated_pymatching,526a9c53121d2590a78619e118eac90c4306ffdf6462386d67efd6891e283792,"{""d"":7,""p"":0.00046415888336127773,""r"":7}",
       265,         0,         0,   0.202,correlated_pymatching,526a9c53121d2590a78619e118eac90c4306ffdf6462386d67efd6891e283792,"{""d"":7,""p"":0.00046415888336127773,""r"":7}",
      8192,         0,         0,    1.98,correlated_pymatching,1af5a8d16dfe6abd574790e66dfc9331cc1a7511d9442ded56a0edf86c82b0da,"{""d"":7,""p"":0.00021544346900318845,""r"":7}",
       489,         0,         0,   0.220,correlated_pymatching,526a9c53121d2590a78619e118eac90c4306ffdf6462386d67efd6891e283792,"{""d"":7,""p"":0.00046415888336127773,""r"":7}",
      2161,         0,         0,   0.762,correlated_pymatching,526a9c53121d2590a78619e118eac90c4306ffdf6462386d67efd6891e283792,"{""d"":7,""p"":0.00046415888336127773,""r"":7}",
       271,         0,         0,   0.227,correlated_pymatching,526a9c53121d2590a78619e118eac90c4306ffdf6462386d67efd6891e283792,"{""d"":7,""p"":0.00046415888336127773,""r"":7}",
       300,         0,         0,   0.361,correlated_pymatching,1af5a8d16dfe6abd574790e66dfc9331cc1a7511d9442ded56a0edf86c82b0da,"{""d"":7,""p"":0.00021544346900318845,""r"":7}",
       300,         0,         0,   0.388,correlated_pymatching,1af5a8d16dfe6abd574790e66dfc9331cc1a7511d9442ded56a0edf86c82b0da,"{""d"":7,""p"":0.00021544346900318845,""r"":7}",
      4460,         0,         0,    1.15,correlated_pymatching,1af5a8d16dfe6abd574790e66dfc9331cc1a7511d9442ded56a0edf86c82b0da,"{""d"":7,""p"":0.00021544346900318845,""r"":7}",
      4096,         0,         0,    1.66,correlated_pymatching,1af5a8d16dfe6abd574790e66dfc9331cc1a7511d9442ded56a0edf86c82b0da,"{""d"":7,""p"":0.00021544346900318845,""r"":7}",
      3072,         0,         0,    1.40,correlated_pymatching,526a9c53121d2590a78619e118eac90c4306ffdf6462386d67efd6891e283792,"{""d"":7,""p"":0.00046415888336127773,""r"":7}",
      4096,         0,         0,   0.979,correlated_pymatching,1af5a8d16dfe6abd574790e66dfc9331cc1a7511d9442ded56a0edf86c82b0da,"{""d"":7,""p"":0.00021544346900318845,""r"":7}",
       427,         0,         0,   0.379,correlated_pymatching,526a9c53121d2590a78619e118eac90c4306ffdf6462386d67efd6891e283792,"{""d"":7,""p"":0.00046415888336127773,""r"":7}",
      4096,         0,         0,    1.88,correlated_pymatching,526a9c53121d2590a78619e118eac90c4306ffdf6462386d67efd6891e283792,"{""d"":7,""p"":0.00046415888336127773,""r"":7}",
      1844,         0,         0,   0.836,correlated_pymatching,526a9c53121d2590a78619e118eac90c4306ffdf6462386d67efd6891e283792,"{""d"":7,""p"":0.00046415888336127773,""r"":7}",
        17,         0,         0,   0.193,correlated_pymatching,526a9c53121d2590a78619e118eac90c4306ffdf6462386d67efd6891e283792,"{""d"":7,""p"":0.00046415888336127773,""r"":7}",
      5120,         0,         0,    1.25,correlated_pymatching,1af5a8d16dfe6abd574790e66dfc9331cc1a7511d9442ded56a0edf86c82b0da,"{""d"":7,""p"":0.00021544346900318845,""r"":7}",
      4884,         0,         0,    1.18,correlated_pymatching,1af5a8d16dfe6abd574790e66dfc9331cc1a7511d9442ded56a0edf86c82b0da,"{""d"":7,""p"":0.00021544346900318845,""r"":7}",
       224,         0,         0,   0.382,correlated_pymatching,526a9c53121d2590a78619e118eac90c4306ffdf6462386d67efd6891e283792,"{""d"":7,""p"":0.00046415888336127773,""r"":7}",
      3923,         0,         0,    2.01,correlated_pymatching,526a9c53121d2590a78619e118eac90c4306ffdf6462386d67efd6891e283792,"{""d"":7,""p"":0.00046415888336127773,""r"":7}",
      2529,         0,         0,   0.685,correlated_pymatching,1af5a8d16dfe6abd574790e66dfc9331cc1a7511d9442ded56a0edf86c82b0da,"{""d"":7,""p"":0.00021544346900318845,""r"":7}",
       150,         0,         0,   0.361,correlated_pymatching,1af5a8d16dfe6abd574790e66dfc9331cc1a7511d9442ded56a0edf86c82b0da,"{""d"":7,""p"":0.00021544346900318845,""r"":7}",
      1032,         0,         0,   0.467,correlated_pymatching,526a9c53121d2590a78619e118eac90c4306ffdf6462386d67efd6891e283792,"{""d"":7,""p"":0.00046415888336127773,""r"":7}",
       275,         0,         0,   0.369,correlated_pymatching,526a9c53121d2590a78619e118eac90c4306ffdf6462386d67efd6891e283792,"{""d"":7,""p"":0.00046415888336127773,""r"":7}",
        26,         0,         0,   0.359,correlated_pymatching,526a9c53121d2590a78619e118eac90c4306ffdf6462386d67efd6891e283792,"{""d"":7,""p"":0.00046415888336127773,""r"":7}",
       103,         0,         0,   0.199,correlated_pymatching,1af5a8d16dfe6abd574790e66dfc9331cc1a7511d9442ded56a0edf86c82b0da,"{""d"":7,""p"":0.00021544346900318845,""r"":7}",
      1032,         0,         0,   0.489,correlated_pymatching,526a9c53121d2590a78619e118eac90c4306ffdf6462386d67efd6891e283792,"{""d"":7,""p"":0.00046415888336127773,""r"":7}",
      2529,         0,         0,   0.706,correlated_pymatching,1af5a8d16dfe6abd574790e66dfc9331cc1a7511d9442ded56a0edf86c82b0da,"{""d"":7,""p"":0.00021544346900318845,""r"":7}",
      1503,         0,         0,   0.832,correlated_pymatching,526a9c53121d2590a78619e118eac90c4306ffdf6462386d67efd6891e283792,"{""d"":7,""p"":0.00046415888336127773,""r"":7}",
      3748,         0,         0,   0.991,correlated_pymatching,1af5a8d16dfe6abd574790e66dfc9331cc1a7511d9442ded56a0edf86c82b0da,"{""d"":7,""p"":0.00021544346900318845,""r"":7}",
        51,         0,         0,   0.347,correlated_pymatching,526a9c53121d2590a78619e118eac90c4306ffdf6462386d67efd6891e283792,"{""d"":7,""p"":0.00046415888336127773,""r"":7}",
       374,         0,         0,   0.207,correlated_pymatching,526a9c53121d2590a78619e118eac90c4306ffdf6462386d67efd6891e283792,"{""d"":7,""p"":0.00046415888336127773,""r"":7}",
      1647,         0,         0,   0.456,correlated_pymatching,1af5a8d16dfe6abd574790e66dfc9331cc1a7511d9442ded56a0edf86c82b0da,"{""d"":7,""p"":0.00021544346900318845,""r"":7}",
       131,         0,         0,   0.217,correlated_pymatching,526a9c53121d2590a78619e118eac90c4306ffdf6462386d67efd6891e283792,"{""d"":7,""p"":0.00046415888336127773,""r"":7}",
      3072,         0,         0,    1.23,correlated_pymatching,1af5a8d16dfe6abd574790e66dfc9331cc1a7511d9442ded56a0edf86c82b0da,"{""d"":7,""p"":0.00021544346900318845,""r"":7}",
      1302,         0,         0,   0.473,correlated_pymatching,1af5a8d16dfe6abd574790e66dfc9331cc1a7511d9442ded56a0edf86c82b0da,"{""d"":7,""p"":0.00021544346900318845,""r"":7}",
         8,         0,         0,   0.207,correlated_pymatching,1af5a8d16dfe6abd574790e66dfc9331cc1a7511d9442ded56a0edf86c82b0da,"{""d"":7,""p"":0.00021544346900318845,""r"":7}",
       121,         0,         0,   0.349,correlated_pymatching,526a9c53121d2590a78619e118eac90c4306ffdf6462386d67efd6891e283792,"{""d"":7,""p"":0.00046415888336127773,""r"":7}",
       192,         0,         0,   0.364,correlated_pymatching,526a9c53121d2590a78619e118eac90c4306ffdf6462386d67efd6891e283792,"{""d"":7,""p"":0.00046415888336127773,""r"":7}",
      2618,         0,         0,   0.727,correlated_pymatching,1af5a8d16dfe6abd574790e66dfc9331cc1a7511d9442ded56a0edf86c82b0da,"{""d"":7,""p"":0.00021544346900318845,""r"":7}",
       882,         0,         0,   0.247,correlated_pymatching,1af5a8d16dfe6abd574790e66dfc9331cc1a7511d9442ded56a0edf86c82b0da,"{""d"":7,""p"":0.00021544346900318845,""r"":7}",
        16,         0,         0,   0.190,correlated_pymatching,1af5a8d16dfe6abd574790e66dfc9331cc1a7511d9442ded56a0edf86c82b0da,"{""d"":7,""p"":0.00021544346900318845,""r"":7}",
        25,         0,         0,   0.199,correlated_pymatching,1af5a8d16dfe6abd574790e66dfc9331cc1a7511d9442ded56a0edf86c82b0da,"{""d"":7,""p"":0.00021544346900318845,""r"":7}",
       932,         0,         0,   0.242,correlated_pymatching,1af5a8d16dfe6abd574790e66dfc9331cc1a7511d9442ded56a0edf86c82b0da,"{""d"":7,""p"":0.00021544346900318845,""r"":7}",
        78,         0,         0,   0.203,correlated_pymatching,526a9c53121d2590a78619e118eac90c4306ffdf6462386d67efd6891e283792,"{""d"":7,""p"":0.00046415888336127773,""r"":7}",
        78,         0,         0,   0.206,correlated_pymatching,526a9c53121d2590a78619e118eac90c4306ffdf6462386d67efd6891e283792,"{""d"":7,""p"":0.00046415888336127773,""r"":7}",
         9,         0,         0,   0.203,correlated_pymatching,526a9c53121d2590a78619e118eac90c4306ffdf6462386d67efd6891e283792,"{""d"":7,""p"":0.00046415888336127773,""r"":7}",
        78,         0,         0,   0.198,correlated_pymatching,526a9c53121d2590a78619e118eac90c4306ffdf6462386d67efd6891e283792,"{""d"":7,""p"":0.00046415888336127773,""r"":7}",
        78,         0,         0,   0.215,correlated_pymatching,526a9c53121d2590a78619e118eac90c4306ffdf6462386d67efd6891e283792,"{""d"":7,""p"":0.00046415888336127773,""r"":7}",
      2866,         0,         0,    1.21,correlated_pymatching,1af5a8d16dfe6abd574790e66dfc9331cc1a7511d9442ded56a0edf86c82b0da,"{""d"":7,""p"":0.00021544346900318845,""r"":7}",
      1739,         0,         0,   0.445,correlated_pymatching,1af5a8d16dfe6abd574790e66dfc9331cc1a7511d9442ded56a0edf86c82b0da,"{""d"":7,""p"":0.00021544346900318845,""r"":7}",
        62,         0,         0,   0.204,correlated_pymatching,1af5a8d16dfe6abd574790e66dfc9331cc1a7511d9442ded56a0edf86c82b0da,"{""d"":7,""p"":0.00021544346900318845,""r"":7}",
      2300,         0,         0,   0.717,correlated_pymatching,1af5a8d16dfe6abd574790e66dfc9331cc1a7511d9442ded56a0edf86c82b0da,"{""d"":7,""p"":0.00021544346900318845,""r"":7}",
      2866,         0,         0,    1.18,correlated_pymatching,1af5a8d16dfe6abd574790e66dfc9331cc1a7511d9442ded56a0edf86c82b0da,"{""d"":7,""p"":0.00021544346900318845,""r"":7}",
        78,         0,         0,   0.336,correlated_pymatching,526a9c53121d2590a78619e118eac90c4306ffdf6462386d67efd6891e283792,"{""d"":7,""p"":0.00046415888336127773,""r"":7}",
      2608,         0,         0,    42.2,correlated_pymatching,1af5a8d16dfe6abd574790e66dfc9331cc1a7511d9442ded56a0edf86c82b0da,"{""d"":7,""p"":0.00021544346900318845,""r"":7}",
        78,         0,         0,   0.343,correlated_pymatching,526a9c53121d2590a78619e118eac90c4306ffdf6462386d67efd6891e283792,"{""d"":7,""p"":0.00046415888336127773,""r"":7}",
        78,         0,         0,   0.346,correlated_pymatching,526a9c53121d2590a78619e118eac90c4306ffdf6462386d67efd6891e283792,"{""d"":7,""p"":0.00046415888336127773,""r"":7}",
        78,         0,         0,   0.348,correlated_pymatching,526a9c53121d2590a78619e118eac90c4306ffdf6462386d67efd6891e283792,"{""d"":7,""p"":0.00046415888336127773,""r"":7}",
        78,         0,         0,   0.344,correlated_pymatching,526a9c53121d2590a78619e118eac90c4306ffdf6462386d67efd6891e283792,"{""d"":7,""p"":0.00046415888336127773,""r"":7}",
        78,         0,         0,   0.349,correlated_pymatching,526a9c53121d2590a78619e118eac90c4306ffdf6462386d67efd6891e283792,"{""d"":7,""p"":0.00046415888336127773,""r"":7}",
       174,         0,         0,   0.217,correlated_pymatching,1af5a8d16dfe6abd574790e66dfc9331cc1a7511d9442ded56a0edf86c82b0da,"{""d"":7,""p"":0.00021544346900318845,""r"":7}",
        78,         0,         0,   0.357,correlated_pymatching,526a9c53121d2590a78619e118eac90c4306ffdf6462386d67efd6891e283792,"{""d"":7,""p"":0.00046415888336127773,""r"":7}",
        34,         0,         0,   0.198,correlated_pymatching,1af5a8d16dfe6abd574790e66dfc9331cc1a7511d9442ded56a0edf86c82b0da,"{""d"":7,""p"":0.00021544346900318845,""r"":7}",
      1296,         0,         0,   0.465,correlated_pymatching,1af5a8d16dfe6abd574790e66dfc9331cc1a7511d9442ded56a0edf86c82b0da,"{""d"":7,""p"":0.00021544346900318845,""r"":7}",
      2534,         0,         0,    1.15,correlated_pymatching,1af5a8d16dfe6abd574790e66dfc9331cc1a7511d9442ded56a0edf86c82b0da,"{""d"":7,""p"":0.00021544346900318845,""r"":7}",
       861,         0,         0,   0.219,correlated_pymatching,1af5a8d16dfe6abd574790e66dfc9331cc1a7511d9442ded56a0edf86c82b0da,"{""d"":7,""p"":0.00021544346900318845,""r"":7}",
      2534,         0,         0,    1.18,correlated_pymatching,1af5a8d16dfe6abd574790e66dfc9331cc1a7511d9442ded56a0edf86c82b0da,"{""d"":7,""p"":0.00021544346900318845,""r"":7}",
         6,         0,         0,   0.208,correlated_pymatching,526a9c53121d2590a78619e118eac90c4306ffdf6462386d67efd6891e283792,"{""d"":7,""p"":0.00046415888336127773,""r"":7}",
        58,         0,         0,   0.210,correlated_pymatching,526a9c53121d2590a78619e118eac90c4306ffdf6462386d67efd6891e283792,"{""d"":7,""p"":0.00046415888336127773,""r"":7}",
        58,         0,         0,   0.209,correlated_pymatching,526a9c53121d2590a78619e118eac90c4306ffdf6462386d67efd6891e283792,"{""d"":7,""p"":0.00046415888336127773,""r"":7}",
        58,         0,         0,   0.211,correlated_pymatching,526a9c53121d2590a78619e118eac90c4306ffdf6462386d67efd6891e283792,"{""d"":7,""p"":0.00046415888336127773,""r"":7}",
        58,         0,         0,   0.210,correlated_pymatching,526a9c53121d2590a78619e118eac90c4306ffdf6462386d67efd6891e283792,"{""d"":7,""p"":0.00046415888336127773,""r"":7}",
        58,         0,         0,   0.215,correlated_pymatching,526a9c53121d2590a78619e118eac90c4306ffdf6462386d67efd6891e283792,"{""d"":7,""p"":0.00046415888336127773,""r"":7}",
      1705,         0,         0,   0.770,correlated_pymatching,1af5a8d16dfe6abd574790e66dfc9331cc1a7511d9442ded56a0edf86c82b0da,"{""d"":7,""p"":0.00021544346900318845,""r"":7}",
      1280,         0,         0,    1.79,correlated_pymatching,1af5a8d16dfe6abd574790e66dfc9331cc1a7511d9442ded56a0edf86c82b0da,"{""d"":7,""p"":0.00021544346900318845,""r"":7}",
         5,         0,         0,   0.209,correlated_pymatching,1af5a8d16dfe6abd574790e66dfc9331cc1a7511d9442ded56a0edf86c82b0da,"{""d"":7,""p"":0.00021544346900318845,""r"":7}",
      1029,         0,         0,   0.725,correlated_pymatching,1af5a8d16dfe6abd574790e66dfc9331cc1a7511d9442ded56a0edf86c82b0da,"{""d"":7,""p"":0.00021544346900318845,""r"":7}",
      1465,         0,         0,   0.483,correlated_pymatching,1af5a8d16dfe6abd574790e66dfc9331cc1a7511d9442ded56a0edf86c82b0da,"{""d"":7,""p"":0.00021544346900318845,""r"":7}",
       109,         0,         0,   0.339,correlated_pymatching,1af5a8d16dfe6abd574790e66dfc9331cc1a7511d9442ded56a0edf86c82b0da,"{""d"":7,""p"":0.00021544346900318845,""r"":7}",
       215,         0,         0,   0.204,correlated_pymatching,1af5a8d16dfe6abd574790e66dfc9331cc1a7511d9442ded56a0edf86c82b0da,"{""d"":7,""p"":0.00021544346900318845,""r"":7}",
       215,         0,         0,   0.206,correlated_pymatching,1af5a8d16dfe6abd574790e66dfc9331cc1a7511d9442ded56a0edf86c82b0da,"{""d"":7,""p"":0.00021544346900318845,""r"":7}",
         5,         0,         0,   0.197,correlated_pymatching,526a9c53121d2590a78619e118eac90c4306ffdf6462386d67efd6891e283792,"{""d"":7,""p"":0.00046415888336127773,""r"":7}",
         5,         0,         0,   0.202,correlated_pymatching,526a9c53121d2590a78619e118eac90c4306ffdf6462386d67efd6891e283792,"{""d"":7,""p"":0.00046415888336127773,""r"":7}",
        80,         0,         0,   0.348,correlated_pymatching,1af5a8d16dfe6abd574790e66dfc9331cc1a7511d9442ded56a0edf86c82b0da,"{""d"":7,""p"":0.00021544346900318845,""r"":7}",
       215,         0,         0,   0.367,correlated_pymatching,1af5a8d16dfe6abd574790e66dfc9331cc1a7511d9442ded56a0edf86c82b0da,"{""d"":7,""p"":0.00021544346900318845,""r"":7}",
         6,         0,         0,    2.00,correlated_pymatching,526a9c53121d2590a78619e118eac90c4306ffdf6462386d67efd6891e283792,"{""d"":7,""p"":0.00046415888336127773,""r"":7}",
         5,         0,         0,   0.343,correlated_pymatching,526a9c53121d2590a78619e118eac90c4306ffdf6462386d67efd6891e283792,"{""d"":7,""p"":0.00046415888336127773,""r"":7}",
         5,         0,         0,   0.355,correlated_pymatching,526a9c53121d2590a78619e118eac90c4306ffdf6462386d67efd6891e283792,"{""d"":7,""p"":0.00046415888336127773,""r"":7}",
        41,         0,         0,   0.334,correlated_pymatching,1af5a8d16dfe6abd574790e66dfc9331cc1a7511d9442ded56a0edf86c82b0da,"{""d"":7,""p"":0.00021544346900318845,""r"":7}",
        59,         0,         0,   0.681,correlated_pymatching,1af5a8d16dfe6abd574790e66dfc9331cc1a7511d9442ded56a0edf86c82b0da,"{""d"":7,""p"":0.00021544346900318845,""r"":7}",
         4,         0,         0,   0.187,correlated_pymatching,526a9c53121d2590a78619e118eac90c4306ffdf6462386d67efd6891e283792,"{""d"":7,""p"":0.00046415888336127773,""r"":7}",
         4,         0,         0,   0.201,correlated_pymatching,526a9c53121d2590a78619e118eac90c4306ffdf6462386d67efd6891e283792,"{""d"":7,""p"":0.00046415888336127773,""r"":7}",
         4,         0,         0,   0.205,correlated_pymatching,526a9c53121d2590a78619e118eac90c4306ffdf6462386d67efd6891e283792,"{""d"":7,""p"":0.00046415888336127773,""r"":7}",
         4,         0,         0,   0.206,correlated_pymatching,526a9c53121d2590a78619e118eac90c4306ffdf6462386d67efd6891e283792,"{""d"":7,""p"":0.00046415888336127773,""r"":7}",
         4,         0,         0,   0.205,correlated_pymatching,526a9c53121d2590a78619e118eac90c4306ffdf6462386d67efd6891e283792,"{""d"":7,""p"":0.00046415888336127773,""r"":7}",
         4,         0,         0,   0.270,correlated_pymatching,526a9c53121d2590a78619e118eac90c4306ffdf6462386d67efd6891e283792,"{""d"":7,""p"":0.00046415888336127773,""r"":7}",
         4,         0,         0,   0.334,correlated_pymatching,526a9c53121d2590a78619e118eac90c4306ffdf6462386d67efd6891e283792,"{""d"":7,""p"":0.00046415888336127773,""r"":7}",
         4,         0,         0,   0.335,correlated_pymatching,526a9c53121d2590a78619e118eac90c4306ffdf6462386d67efd6891e283792,"{""d"":7,""p"":0.00046415888336127773,""r"":7}",
         4,         0,         0,   0.335,correlated_pymatching,526a9c53121d2590a78619e118eac90c4306ffdf6462386d67efd6891e283792,"{""d"":7,""p"":0.00046415888336127773,""r"":7}",
         4,         0,         0,   0.341,correlated_pymatching,526a9c53121d2590a78619e118eac90c4306ffdf6462386d67efd6891e283792,"{""d"":7,""p"":0.00046415888336127773,""r"":7}",
         4,         0,         0,   0.343,correlated_pymatching,526a9c53121d2590a78619e118eac90c4306ffdf6462386d67efd6891e283792,"{""d"":7,""p"":0.00046415888336127773,""r"":7}",
         4,         0,         0,   0.371,correlated_pymatching,526a9c53121d2590a78619e118eac90c4306ffdf6462386d67efd6891e283792,"{""d"":7,""p"":0.00046415888336127773,""r"":7}",
         1,         0,         0,   0.204,correlated_pymatching,526a9c53121d2590a78619e118eac90c4306ffdf6462386d67efd6891e283792,"{""d"":7,""p"":0.00046415888336127773,""r"":7}",
         2,         0,         0,   0.689,correlated_pymatching,526a9c53121d2590a78619e118eac90c4306ffdf6462386d67efd6891e283792,"{""d"":7,""p"":0.00046415888336127773,""r"":7}",
         1,         0,         0,   0.372,correlated_pymatching,526a9c53121d2590a78619e118eac90c4306ffdf6462386d67efd6891e283792,"{""d"":7,""p"":0.00046415888336127773,""r"":7}",
