     shots,    errors,  discards, seconds,decoder,strong_id,json_metadata,custom_counts
         1,         0,         0,   0.015,correlated_pymatching,bb443dac09bde403296efc8c24817ea11c419366ff10ed539e61f56af8e7ecd1,"{""d"":3.0,""p"":0.0001,""r"":3.0}",
         1,         1,         0,   0.023,correlated_pymatching,9a55954f9cdb899fd455ee4c79356838ecf58aa040a45ec57a175739415ad40d,"{""d"":3.0,""p"":0.1,""r"":3.0}","{""obs_mistake_mask=E"":1}"
         1,         1,         0,   0.028,correlated_pymatching,8f3d41d60bc7f2f94d2bacfd2411cc1484385f82bfa7a2d2088f3bc500483fee,"{""d"":3.0,""p"":0.01,""r"":3.0}","{""obs_mistake_mask=E"":1}"
         1,         0,         0,   0.038,correlated_pymatching,2d4165c59842469e580186953be819acf1657a97a48459fb619f1b63d7e71eb9,"{""d"":3.0,""p"":0.002154434690031882,""r"":3.0}",
         1,         0,         0,   0.044,correlated_pymatching,e283e9997c1dca1b74f7003d28d05cebe22cf5bf60a08c9d596efd46ac3ff5b6,"{""d"":3.0,""p"":0.00021544346900318845,""r"":3.0}",
         1,         0,         0,   0.028,correlated_pymatching,0d00ed142763757e40346c900459bab7349be32cfc9800fd9f1942d88128289a,"{""d"":3.0,""p"":0.00046415888336127773,""r"":3.0}",
        16,         0,         0,   0.024,correlated_pymatching,bb443dac09bde403296efc8c24817ea11c419366ff10ed539e61f56af8e7ecd1,"{""d"":3.0,""p"":0.0001,""r"":3.0}",
         1,         0,         0,   0.042,correlated_pymatching,3c30ae3be811a2286f127e6c938f5d2f5bd50490c05cf333cf89a008449b8df6,"{""d"":3.0,""p"":0.001,""r"":3.0}",
         1,         0,         0,   0.037,correlated_pymatching,58067b7893c0649e6897888ccd06bdae98c2b3427510f00c5e2a6196d1164003,"{""d"":3.0,""p"":0.004641588833612777,""r"":3.0}",
         1,         0,         0,   0.030,correlated_pymatching,534a1c2b0a22e96cae7699b86a5f851542a162e00e7e21f88e9e0a83a73bcdea,"{""d"":3.0,""p"":0.021544346900318822,""r"":3.0}",
        16,         9,         0,   0.031,correlated_pymatching,9a55954f9cdb899fd455ee4c79356838ecf58aa040a45ec57a175739415ad40d,"{""d"":3.0,""p"":0.1,""r"":3.0}","{""obs_mistake_mask=E"":9}"
         1,         0,         0,   0.059,correlated_pymatching,278b441728508851f7b43654b88d0aa873193b798225912f66ad993a33be041b,"{""d"":3.0,""p"":0.046415888336127774,""r"":3.0}",
        16,         5,         0,   0.033,correlated_pymatching,8f3d41d60bc7f2f94d2bacfd2411cc1484385f82bfa7a2d2088f3bc500483fee,"{""d"":3.0,""p"":0.01,""r"":3.0}","{""obs_mistake_mask=E"":5}"
         8,         0,         0,   0.029,correlated_pymatching,2d4165c59842469e580186953be819acf1657a97a48459fb619f1b63d7e71eb9,"{""d"":3.0,""p"":0.002154434690031882,""r"":3.0}",
       256,         0,         0,   0.022,correlated_pymatching,bb443dac09bde403296efc8c24817ea11c419366ff10ed539e61f56af8e7ecd1,"{""d"":3.0,""p"":0.0001,""r"":3.0}",
         8,         1,         0,   0.026,correlated_pymatching,e283e9997c1dca1b74f7003d28d05cebe22cf5bf60a08c9d596efd46ac3ff5b6,"{""d"":3.0,""p"":0.00021544346900318845,""r"":3.0}","{""obs_mistake_mask=E"":1}"
         8,         0,         0,   0.032,correlated_pymatching,3c30ae3be811a2286f127e6c938f5d2f5bd50490c05cf333cf89a008449b8df6,"{""d"":3.0,""p"":0.001,""r"":3.0}",
        16,         0,         0,   0.034,correlated_pymatching,0d00ed142763757e40346c900459bab7349be32cfc9800fd9f1942d88128289a,"{""d"":3.0,""p"":0.00046415888336127773,""r"":3.0}",
        16,         1,         0,   0.048,correlated_pymatching,58067b7893c0649e6897888ccd06bdae98c2b3427510f00c5e2a6196d1164003,"{""d"":3.0,""p"":0.004641588833612777,""r"":3.0}","{""obs_mistake_mask=E"":1}"
        16,         9,         0,   0.045,correlated_pymatching,534a1c2b0a22e96cae7699b86a5f851542a162e00e7e21f88e9e0a83a73bcdea,"{""d"":3.0,""p"":0.021544346900318822,""r"":3.0}","{""obs_mistake_mask=E"":9}"
         8,         6,         0,   0.032,correlated_pymatching,278b441728508851f7b43654b88d0aa873193b798225912f66ad993a33be041b,"{""d"":3.0,""p"":0.046415888336127774,""r"":3.0}","{""obs_mistake_mask=E"":6}"
       128,         0,         0,   0.034,correlated_pymatching,e283e9997c1dca1b74f7003d28d05cebe22cf5bf60a08c9d596efd46ac3ff5b6,"{""d"":3.0,""p"":0.00021544346900318845,""r"":3.0}",
      2048,         0,         0,   0.038,correlated_pymatching,bb443dac09bde403296efc8c24817ea11c419366ff10ed539e61f56af8e7ecd1,"{""d"":3.0,""p"":0.0001,""r"":3.0}",
       128,         6,         0,   0.040,correlated_pymatching,2d4165c59842469e580186953be819acf1657a97a48459fb619f1b63d7e71eb9,"{""d"":3.0,""p"":0.002154434690031882,""r"":3.0}","{""obs_mistake_mask=E"":6}"
       128,         1,         0,   0.028,correlated_pymatching,3c30ae3be811a2286f127e6c938f5d2f5bd50490c05cf333cf89a008449b8df6,"{""d"":3.0,""p"":0.001,""r"":3.0}","{""obs_mistake_mask=E"":1}"
       256,         0,         0,   0.032,correlated_pymatching,0d00ed142763757e40346c900459bab7349be32cfc9800fd9f1942d88128289a,"{""d"":3.0,""p"":0.00046415888336127773,""r"":3.0}",
       256,       120,         0,   0.054,correlated_pymatching,9a55954f9cdb899fd455ee4c79356838ecf58aa040a45ec57a175739415ad40d,"{""d"":3.0,""p"":0.1,""r"":3.0}","{""obs_mistake_mask=E"":120}"
       256,        75,         0,   0.049,correlated_pymatching,8f3d41d60bc7f2f94d2bacfd2411cc1484385f82bfa7a2d2088f3bc500483fee,"{""d"":3.0,""p"":0.01,""r"":3.0}","{""obs_mistake_mask=E"":75}"
       128,        13,         0,   0.036,correlated_pymatching,58067b7893c0649e6897888ccd06bdae98c2b3427510f00c5e2a6196d1164003,"{""d"":3.0,""p"":0.004641588833612777,""r"":3.0}","{""obs_mistake_mask=E"":13}"
      1024,         0,         0,   0.034,correlated_pymatching,e283e9997c1dca1b74f7003d28d05cebe22cf5bf60a08c9d596efd46ac3ff5b6,"{""d"":3.0,""p"":0.00021544346900318845,""r"":3.0}",
       128,        72,         0,   0.048,correlated_pymatching,534a1c2b0a22e96cae7699b86a5f851542a162e00e7e21f88e9e0a83a73bcdea,"{""d"":3.0,""p"":0.021544346900318822,""r"":3.0}","{""obs_mistake_mask=E"":72}"
      2048,         1,         0,   0.044,correlated_pymatching,bb443dac09bde403296efc8c24817ea11c419366ff10ed539e61f56af8e7ecd1,"{""d"":3.0,""p"":0.0001,""r"":3.0}","{""obs_mistake_mask=E"":1}"
      1024,         0,         0,   0.040,correlated_pymatching,0d00ed142763757e40346c900459bab7349be32cfc9800fd9f1942d88128289a,"{""d"":3.0,""p"":0.00046415888336127773,""r"":3.0}",
      1024,        12,         0,   0.043,correlated_pymatching,3c30ae3be811a2286f127e6c938f5d2f5bd50490c05cf333cf89a008449b8df6,"{""d"":3.0,""p"":0.001,""r"":3.0}","{""obs_mistake_mask=E"":12}"
         1,         0,         0,   0.089,correlated_pymatching,da7f3bc117407235f65b2cba2770810c7d0d78bf5feaef4fdef839039002616d,"{""d"":5.0,""p"":0.001,""r"":5.0}",
      1024,        27,         0,   0.048,correlated_pymatching,2d4165c59842469e580186953be819acf1657a97a48459fb619f1b63d7e71eb9,"{""d"":3.0,""p"":0.002154434690031882,""r"":3.0}","{""obs_mistake_mask=E"":27}"
       128,        66,         0,   0.058,correlated_pymatching,278b441728508851f7b43654b88d0aa873193b798225912f66ad993a33be041b,"{""d"":3.0,""p"":0.046415888336127774,""r"":3.0}","{""obs_mistake_mask=E"":66}"
         1,         0,         0,   0.088,correlated_pymatching,9a8f74bf0ecff9766b57c08fd7cee049b588d4e891da77284372791f989387f7,"{""d"":5.0,""p"":0.00021544346900318845,""r"":5.0}",
         1,         0,         0,   0.098,correlated_pymatching,57fd446569d71e703d4e3b3c933a7a27eb3df2fcc8d32850d9b309f58c427968,"{""d"":5.0,""p"":0.0001,""r"":5.0}",
         1,         0,         0,   0.078,correlated_pymatching,8a5e216b20f2b450c375495b2c6bfb703dc8e60540827d8d27e59d2b78ed5920,"{""d"":5.0,""p"":0.004641588833612777,""r"":5.0}",
         1,         0,         0,   0.096,correlated_pymatching,abcc8a91892db0fdcc49a3b19cf23d2c57e27237207439a37b2e089f65572705,"{""d"":5.0,""p"":0.002154434690031882,""r"":5.0}",
         1,         0,         0,   0.092,correlated_pymatching,6d35f8f59c18aaa298f180ebcd54ded7e5df1fc00770e2007395ae0d5c53773b,"{""d"":5.0,""p"":0.00046415888336127773,""r"":5.0}",
         1,         1,         0,   0.088,correlated_pymatching,831aa61571685638cded8b1e689e6abf6494ffcf1898babbee83bc2d7d2a55a6,"{""d"":5.0,""p"":0.01,""r"":5.0}","{""obs_mistake_mask=E"":1}"
      1024,         4,         0,   0.040,correlated_pymatching,3c30ae3be811a2286f127e6c938f5d2f5bd50490c05cf333cf89a008449b8df6,"{""d"":3.0,""p"":0.001,""r"":3.0}","{""obs_mistake_mask=E"":4}"
         1,         0,         0,   0.100,correlated_pymatching,a562dca96a929a5561d6b5b23e86237162365e19cb82165e6b8742fd62dac395,"{""d"":5.0,""p"":0.021544346900318822,""r"":5.0}",
      1024,       111,         0,   0.069,correlated_pymatching,58067b7893c0649e6897888ccd06bdae98c2b3427510f00c5e2a6196d1164003,"{""d"":3.0,""p"":0.004641588833612777,""r"":3.0}","{""obs_mistake_mask=E"":111}"
      3072,         0,         0,   0.071,correlated_pymatching,bb443dac09bde403296efc8c24817ea11c419366ff10ed539e61f56af8e7ecd1,"{""d"":3.0,""p"":0.0001,""r"":3.0}",
         1,         0,         0,   0.126,correlated_pymatching,150c72e9b6d6b7f577753ace700b6e4b59df341bfb087d201d8a0053bdc72cec,"{""d"":5.0,""p"":0.046415888336127774,""r"":5.0}",
      1024,       328,         0,   0.110,correlated_pymatching,8f3d41d60bc7f2f94d2bacfd2411cc1484385f82bfa7a2d2088f3bc500483fee,"{""d"":3.0,""p"":0.01,""r"":3.0}","{""obs_mistake_mask=E"":328}"
      1024,        33,         0,   0.071,correlated_pymatching,2d4165c59842469e580186953be819acf1657a97a48459fb619f1b63d7e71eb9,"{""d"":3.0,""p"":0.002154434690031882,""r"":3.0}","{""obs_mistake_mask=E"":33}"
      2048,         7,         0,   0.080,correlated_pymatching,0d00ed142763757e40346c900459bab7349be32cfc9800fd9f1942d88128289a,"{""d"":3.0,""p"":0.00046415888336127773,""r"":3.0}","{""obs_mistake_mask=E"":7}"
         4,         0,         0,   0.048,correlated_pymatching,6d35f8f59c18aaa298f180ebcd54ded7e5df1fc00770e2007395ae0d5c53773b,"{""d"":5.0,""p"":0.00046415888336127773,""r"":5.0}",
         4,         0,         0,   0.080,correlated_pymatching,9a8f74bf0ecff9766b57c08fd7cee049b588d4e891da77284372791f989387f7,"{""d"":5.0,""p"":0.00021544346900318845,""r"":5.0}",
      2048,         1,         0,   0.108,correlated_pymatching,e283e9997c1dca1b74f7003d28d05cebe22cf5bf60a08c9d596efd46ac3ff5b6,"{""d"":3.0,""p"":0.00021544346900318845,""r"":3.0}","{""obs_mistake_mask=E"":1}"
         4,         0,         0,   0.081,correlated_pymatching,abcc8a91892db0fdcc49a3b19cf23d2c57e27237207439a37b2e089f65572705,"{""d"":5.0,""p"":0.002154434690031882,""r"":5.0}",
         4,         0,         0,   0.114,correlated_pymatching,da7f3bc117407235f65b2cba2770810c7d0d78bf5feaef4fdef839039002616d,"{""d"":5.0,""p"":0.001,""r"":5.0}",
         4,         0,         0,   0.093,correlated_pymatching,8a5e216b20f2b450c375495b2c6bfb703dc8e60540827d8d27e59d2b78ed5920,"{""d"":5.0,""p"":0.004641588833612777,""r"":5.0}",
         4,         3,         0,   0.081,correlated_pymatching,831aa61571685638cded8b1e689e6abf6494ffcf1898babbee83bc2d7d2a55a6,"{""d"":5.0,""p"":0.01,""r"":5.0}","{""obs_mistake_mask=E"":3}"
      1024,       127,         0,   0.072,correlated_pymatching,58067b7893c0649e6897888ccd06bdae98c2b3427510f00c5e2a6196d1164003,"{""d"":3.0,""p"":0.004641588833612777,""r"":3.0}","{""obs_mistake_mask=E"":127}"
         4,         1,         0,   0.081,correlated_pymatching,a562dca96a929a5561d6b5b23e86237162365e19cb82165e6b8742fd62dac395,"{""d"":5.0,""p"":0.021544346900318822,""r"":5.0}","{""obs_mistake_mask=E"":1}"
      2048,        14,         0,   0.084,correlated_pymatching,3c30ae3be811a2286f127e6c938f5d2f5bd50490c05cf333cf89a008449b8df6,"{""d"":3.0,""p"":0.001,""r"":3.0}","{""obs_mistake_mask=E"":14}"
         4,         0,         0,   0.118,correlated_pymatching,57fd446569d71e703d4e3b3c933a7a27eb3df2fcc8d32850d9b309f58c427968,"{""d"":5.0,""p"":0.0001,""r"":5.0}",
      4096,         2,         0,   0.080,correlated_pymatching,bb443dac09bde403296efc8c24817ea11c419366ff10ed539e61f56af8e7ecd1,"{""d"":3.0,""p"":0.0001,""r"":3.0}","{""obs_mistake_mask=E"":2}"
         4,         2,         0,   0.079,correlated_pymatching,150c72e9b6d6b7f577753ace700b6e4b59df341bfb087d201d8a0053bdc72cec,"{""d"":5.0,""p"":0.046415888336127774,""r"":5.0}","{""obs_mistake_mask=E"":2}"
      1024,       512,         0,   0.193,correlated_pymatching,9a55954f9cdb899fd455ee4c79356838ecf58aa040a45ec57a175739415ad40d,"{""d"":3.0,""p"":0.1,""r"":3.0}","{""obs_mistake_mask=E"":512}"
      2048,         4,         0,   0.075,correlated_pymatching,0d00ed142763757e40346c900459bab7349be32cfc9800fd9f1942d88128289a,"{""d"":3.0,""p"":0.00046415888336127773,""r"":3.0}","{""obs_mistake_mask=E"":4}"
        16,         0,         0,   0.071,correlated_pymatching,9a8f74bf0ecff9766b57c08fd7cee049b588d4e891da77284372791f989387f7,"{""d"":5.0,""p"":0.00021544346900318845,""r"":5.0}",
      2048,         2,         0,   0.071,correlated_pymatching,e283e9997c1dca1b74f7003d28d05cebe22cf5bf60a08c9d596efd46ac3ff5b6,"{""d"":3.0,""p"":0.00021544346900318845,""r"":3.0}","{""obs_mistake_mask=E"":2}"
      2048,        65,         0,   0.096,correlated_pymatching,2d4165c59842469e580186953be819acf1657a97a48459fb619f1b63d7e71eb9,"{""d"":3.0,""p"":0.002154434690031882,""r"":3.0}","{""obs_mistake_mask=E"":65}"
      1024,       491,         0,   0.179,correlated_pymatching,534a1c2b0a22e96cae7699b86a5f851542a162e00e7e21f88e9e0a83a73bcdea,"{""d"":3.0,""p"":0.021544346900318822,""r"":3.0}","{""obs_mistake_mask=E"":491}"
         1,         1,         0,   0.159,correlated_pymatching,dbc3f6272d19c1fd4fea515a43bc88313b9f9e9bc8eb307e466b9cb34abc2403,"{""d"":5.0,""p"":0.1,""r"":5.0}","{""obs_mistake_mask=E"":1}"
        32,         0,         0,   0.092,correlated_pymatching,6d35f8f59c18aaa298f180ebcd54ded7e5df1fc00770e2007395ae0d5c53773b,"{""d"":5.0,""p"":0.00046415888336127773,""r"":5.0}",
         1,         0,         0,   0.042,correlated_pymatching,bb443dac09bde403296efc8c24817ea11c419366ff10ed539e61f56af8e7ecd1,"{""d"":3.0,""p"":0.0001,""r"":3.0}",
        16,         0,         0,   0.076,correlated_pymatching,abcc8a91892db0fdcc49a3b19cf23d2c57e27237207439a37b2e089f65572705,"{""d"":5.0,""p"":0.002154434690031882,""r"":5.0}",
        16,         4,         0,   0.072,correlated_pymatching,831aa61571685638cded8b1e689e6abf6494ffcf1898babbee83bc2d7d2a55a6,"{""d"":5.0,""p"":0.01,""r"":5.0}","{""obs_mistake_mask=E"":4}"
        16,         0,         0,   0.076,correlated_pymatching,da7f3bc117407235f65b2cba2770810c7d0d78bf5feaef4fdef839039002616d,"{""d"":5.0,""p"":0.001,""r"":5.0}",
      1024,       140,         0,   0.072,correlated_pymatching,58067b7893c0649e6897888ccd06bdae98c2b3427510f00c5e2a6196d1164003,"{""d"":3.0,""p"":0.004641588833612777,""r"":3.0}","{""obs_mistake_mask=E"":140}"
        16,         2,         0,   0.084,correlated_pymatching,8a5e216b20f2b450c375495b2c6bfb703dc8e60540827d8d27e59d2b78ed5920,"{""d"":5.0,""p"":0.004641588833612777,""r"":5.0}","{""obs_mistake_mask=E"":2}"
        16,         0,         0,   0.073,correlated_pymatching,57fd446569d71e703d4e3b3c933a7a27eb3df2fcc8d32850d9b309f58c427968,"{""d"":5.0,""p"":0.0001,""r"":5.0}",
         8,         0,         0,   0.025,correlated_pymatching,bb443dac09bde403296efc8c24817ea11c419366ff10ed539e61f56af8e7ecd1,"{""d"":3.0,""p"":0.0001,""r"":3.0}",
      2048,        13,         0,   0.084,correlated_pymatching,3c30ae3be811a2286f127e6c938f5d2f5bd50490c05cf333cf89a008449b8df6,"{""d"":3.0,""p"":0.001,""r"":3.0}","{""obs_mistake_mask=E"":13}"
        16,         6,         0,   0.096,correlated_pymatching,a562dca96a929a5561d6b5b23e86237162365e19cb82165e6b8742fd62dac395,"{""d"":5.0,""p"":0.021544346900318822,""r"":5.0}","{""obs_mistake_mask=E"":6}"
      1024,       522,         0,   0.223,correlated_pymatching,278b441728508851f7b43654b88d0aa873193b798225912f66ad993a33be041b,"{""d"":3.0,""p"":0.046415888336127774,""r"":3.0}","{""obs_mistake_mask=E"":522}"
         1,         0,         0,   0.025,correlated_pymatching,e283e9997c1dca1b74f7003d28d05cebe22cf5bf60a08c9d596efd46ac3ff5b6,"{""d"":3.0,""p"":0.00021544346900318845,""r"":3.0}",
      2048,         3,         0,   0.082,correlated_pymatching,0d00ed142763757e40346c900459bab7349be32cfc9800fd9f1942d88128289a,"{""d"":3.0,""p"":0.00046415888336127773,""r"":3.0}","{""obs_mistake_mask=E"":3}"
       128,         0,         0,   0.036,correlated_pymatching,bb443dac09bde403296efc8c24817ea11c419366ff10ed539e61f56af8e7ecd1,"{""d"":3.0,""p"":0.0001,""r"":3.0}",
        16,         0,         0,   0.016,correlated_pymatching,e283e9997c1dca1b74f7003d28d05cebe22cf5bf60a08c9d596efd46ac3ff5b6,"{""d"":3.0,""p"":0.00021544346900318845,""r"":3.0}",
       128,         0,         0,   0.088,correlated_pymatching,9a8f74bf0ecff9766b57c08fd7cee049b588d4e891da77284372791f989387f7,"{""d"":5.0,""p"":0.00021544346900318845,""r"":5.0}",
        16,         8,         0,   0.098,correlated_pymatching,150c72e9b6d6b7f577753ace700b6e4b59df341bfb087d201d8a0053bdc72cec,"{""d"":5.0,""p"":0.046415888336127774,""r"":5.0}","{""obs_mistake_mask=E"":8}"
       128,         0,         0,   0.076,correlated_pymatching,6d35f8f59c18aaa298f180ebcd54ded7e5df1fc00770e2007395ae0d5c53773b,"{""d"":5.0,""p"":0.00046415888336127773,""r"":5.0}",
      1024,       115,         0,   0.071,correlated_pymatching,58067b7893c0649e6897888ccd06bdae98c2b3427510f00c5e2a6196d1164003,"{""d"":3.0,""p"":0.004641588833612777,""r"":3.0}","{""obs_mistake_mask=E"":115}"
      6144,         2,         0,   0.135,correlated_pymatching,bb443dac09bde403296efc8c24817ea11c419366ff10ed539e61f56af8e7ecd1,"{""d"":3.0,""p"":0.0001,""r"":3.0}","{""obs_mistake_mask=E"":2}"
        64,         0,         0,   0.094,correlated_pymatching,da7f3bc117407235f65b2cba2770810c7d0d78bf5feaef4fdef839039002616d,"{""d"":5.0,""p"":0.001,""r"":5.0}",
        64,         0,         0,   0.101,correlated_pymatching,abcc8a91892db0fdcc49a3b19cf23d2c57e27237207439a37b2e089f65572705,"{""d"":5.0,""p"":0.002154434690031882,""r"":5.0}",
       256,         1,         0,   0.040,correlated_pymatching,e283e9997c1dca1b74f7003d28d05cebe22cf5bf60a08c9d596efd46ac3ff5b6,"{""d"":3.0,""p"":0.00021544346900318845,""r"":3.0}","{""obs_mistake_mask=E"":1}"
      1024,         0,         0,   0.044,correlated_pymatching,bb443dac09bde403296efc8c24817ea11c419366ff10ed539e61f56af8e7ecd1,"{""d"":3.0,""p"":0.0001,""r"":3.0}",
      3072,         6,         0,   0.119,correlated_pymatching,e283e9997c1dca1b74f7003d28d05cebe22cf5bf60a08c9d596efd46ac3ff5b6,"{""d"":3.0,""p"":0.00021544346900318845,""r"":3.0}","{""obs_mistake_mask=E"":6}"
      2048,        65,         0,   0.115,correlated_pymatching,2d4165c59842469e580186953be819acf1657a97a48459fb619f1b63d7e71eb9,"{""d"":3.0,""p"":0.002154434690031882,""r"":3.0}","{""obs_mistake_mask=E"":65}"
         1,         0,         0,   0.045,correlated_pymatching,0d00ed142763757e40346c900459bab7349be32cfc9800fd9f1942d88128289a,"{""d"":3.0,""p"":0.00046415888336127773,""r"":3.0}",
        64,        11,         0,   0.089,correlated_pymatching,8a5e216b20f2b450c375495b2c6bfb703dc8e60540827d8d27e59d2b78ed5920,"{""d"":5.0,""p"":0.004641588833612777,""r"":5.0}","{""obs_mistake_mask=E"":11}"
       128,         0,         0,   0.083,correlated_pymatching,57fd446569d71e703d4e3b3c933a7a27eb3df2fcc8d32850d9b309f58c427968,"{""d"":5.0,""p"":0.0001,""r"":5.0}",
         1,         0,         0,   0.231,correlated_pymatching,bebbad4e559ffded47cdbff4eb6ee9e01c7cf232957d5a8fcc53fa89adffd8c6,"{""d"":7.0,""p"":0.0001,""r"":7.0}",
         8,         0,         0,   0.028,correlated_pymatching,0d00ed142763757e40346c900459bab7349be32cfc9800fd9f1942d88128289a,"{""d"":3.0,""p"":0.00046415888336127773,""r"":3.0}",
         2,         0,         0,   0.143,correlated_pymatching,dbc3f6272d19c1fd4fea515a43bc88313b9f9e9bc8eb307e466b9cb34abc2403,"{""d"":5.0,""p"":0.1,""r"":5.0}",
         1,         0,         0,   0.243,correlated_pymatching,08c324b98273b01d709a14cba6b7399db9a1df88b620b9b96033edf73595d13b,"{""d"":7.0,""p"":0.002154434690031882,""r"":7.0}",
      2048,         1,         0,   0.043,correlated_pymatching,e283e9997c1dca1b74f7003d28d05cebe22cf5bf60a08c9d596efd46ac3ff5b6,"{""d"":3.0,""p"":0.00021544346900318845,""r"":3.0}","{""obs_mistake_mask=E"":1}"
         1,         1,         0,   0.236,correlated_pymatching,339e7e9acf22cda8aa54b3b571ad772f6433c3f874a11be51288e588c1d8f749,"{""d"":7.0,""p"":0.01,""r"":7.0}","{""obs_mistake_mask=E"":1}"
       512,         0,         0,   0.084,correlated_pymatching,9a8f74bf0ecff9766b57c08fd7cee049b588d4e891da77284372791f989387f7,"{""d"":5.0,""p"":0.00021544346900318845,""r"":5.0}",
       128,        56,         0,   0.146,correlated_pymatching,831aa61571685638cded8b1e689e6abf6494ffcf1898babbee83bc2d7d2a55a6,"{""d"":5.0,""p"":0.01,""r"":5.0}","{""obs_mistake_mask=E"":56}"
         1,         1,         0,   0.241,correlated_pymatching,0006e8233ae6b50eeb32a824f0e55ce2d007a96d1e3374771a5674d61963b1f4,"{""d"":7.0,""p"":0.021544346900318822,""r"":7.0}","{""obs_mistake_mask=E"":1}"
      3072,        23,         0,   0.130,correlated_pymatching,3c30ae3be811a2286f127e6c938f5d2f5bd50490c05cf333cf89a008449b8df6,"{""d"":3.0,""p"":0.001,""r"":3.0}","{""obs_mistake_mask=E"":23}"
       128,         0,         0,   0.023,correlated_pymatching,0d00ed142763757e40346c900459bab7349be32cfc9800fd9f1942d88128289a,"{""d"":3.0,""p"":0.00046415888336127773,""r"":3.0}",
         1,         0,         0,   0.043,correlated_pymatching,3c30ae3be811a2286f127e6c938f5d2f5bd50490c05cf333cf89a008449b8df6,"{""d"":3.0,""p"":0.001,""r"":3.0}",
         1,         0,         0,   0.243,correlated_pymatching,488cdd47167a7ab4457beb1a569894adc478bcdf00bb295d64c2a6ae6e46db66,"{""d"":7.0,""p"":0.046415888336127774,""r"":7.0}",
       512,         0,         0,   0.091,correlated_pymatching,6d35f8f59c18aaa298f180ebcd54ded7e5df1fc00770e2007395ae0d5c53773b,"{""d"":5.0,""p"":0.00046415888336127773,""r"":5.0}",
         1,         0,         0,   0.235,correlated_pymatching,0ea130b53ccb2550443c16f0c92974b75297641bafbf982c2963fe27de0e8a7e,"{""d"":7.0,""p"":0.00021544346900318845,""r"":7.0}",
        64,        34,         0,   0.132,correlated_pymatching,a562dca96a929a5561d6b5b23e86237162365e19cb82165e6b8742fd62dac395,"{""d"":5.0,""p"":0.021544346900318822,""r"":5.0}","{""obs_mistake_mask=E"":34}"
      2048,         0,         0,   0.064,correlated_pymatching,bb443dac09bde403296efc8c24817ea11c419366ff10ed539e61f56af8e7ecd1,"{""d"":3.0,""p"":0.0001,""r"":3.0}",
         1,         0,         0,   0.238,correlated_pymatching,c4dcca6e0f3415d9bdee0abf3ba7924076ad29286023ec9be9d6116cd88321f3,"{""d"":7.0,""p"":0.1,""r"":7.0}",
      3072,         9,         0,   0.120,correlated_pymatching,0d00ed142763757e40346c900459bab7349be32cfc9800fd9f1942d88128289a,"{""d"":3.0,""p"":0.00046415888336127773,""r"":3.0}","{""obs_mistake_mask=E"":9}"
       256,         1,         0,   0.081,correlated_pymatching,da7f3bc117407235f65b2cba2770810c7d0d78bf5feaef4fdef839039002616d,"{""d"":5.0,""p"":0.001,""r"":5.0}","{""obs_mistake_mask=E"":1}"
         8,         0,         0,   0.032,correlated_pymatching,3c30ae3be811a2286f127e6c938f5d2f5bd50490c05cf333cf89a008449b8df6,"{""d"":3.0,""p"":0.001,""r"":3.0}",
         1,         0,         0,   0.030,correlated_pymatching,2d4165c59842469e580186953be819acf1657a97a48459fb619f1b63d7e71eb9,"{""d"":3.0,""p"":0.002154434690031882,""r"":3.0}",
       512,         0,         0,   0.084,correlated_pymatching,57fd446569d71e703d4e3b3c933a7a27eb3df2fcc8d32850d9b309f58c427968,"{""d"":5.0,""p"":0.0001,""r"":5.0}",
      2048,         0,         0,   0.044,correlated_pymatching,e283e9997c1dca1b74f7003d28d05cebe22cf5bf60a08c9d596efd46ac3ff5b6,"{""d"":3.0,""p"":0.00021544346900318845,""r"":3.0}",
       256,         1,         0,   0.093,correlated_pymatching,abcc8a91892db0fdcc49a3b19cf23d2c57e27237207439a37b2e089f65572705,"{""d"":5.0,""p"":0.002154434690031882,""r"":5.0}","{""obs_mistake_mask=E"":1}"
      1024,         1,         0,   0.048,correlated_pymatching,0d00ed142763757e40346c900459bab7349be32cfc9800fd9f1942d88128289a,"{""d"":3.0,""p"":0.00046415888336127773,""r"":3.0}","{""obs_mistake_mask=E"":1}"
      3072,         0,         0,   0.107,correlated_pymatching,e283e9997c1dca1b74f7003d28d05cebe22cf5bf60a08c9d596efd46ac3ff5b6,"{""d"":3.0,""p"":0.00021544346900318845,""r"":3.0}",
        16,         1,         0,   0.024,correlated_pymatching,2d4165c59842469e580186953be819acf1657a97a48459fb619f1b63d7e71eb9,"{""d"":3.0,""p"":0.002154434690031882,""r"":3.0}","{""obs_mistake_mask=E"":1}"
        64,        37,         0,   0.144,correlated_pymatching,150c72e9b6d6b7f577753ace700b6e4b59df341bfb087d201d8a0053bdc72cec,"{""d"":5.0,""p"":0.046415888336127774,""r"":5.0}","{""obs_mistake_mask=E"":37}"
       128,         0,         0,   0.028,correlated_pymatching,3c30ae3be811a2286f127e6c938f5d2f5bd50490c05cf333cf89a008449b8df6,"{""d"":3.0,""p"":0.001,""r"":3.0}",
       256,        26,         0,   0.123,correlated_pymatching,8a5e216b20f2b450c375495b2c6bfb703dc8e60540827d8d27e59d2b78ed5920,"{""d"":5.0,""p"":0.004641588833612777,""r"":5.0}","{""obs_mistake_mask=E"":26}"
      2048,         0,         0,   0.072,correlated_pymatching,bb443dac09bde403296efc8c24817ea11c419366ff10ed539e61f56af8e7ecd1,"{""d"":3.0,""p"":0.0001,""r"":3.0}",
      1024,         0,         0,   0.080,correlated_pymatching,6d35f8f59c18aaa298f180ebcd54ded7e5df1fc00770e2007395ae0d5c53773b,"{""d"":5.0,""p"":0.00046415888336127773,""r"":5.0}",
      1024,         0,         0,   0.093,correlated_pymatching,9a8f74bf0ecff9766b57c08fd7cee049b588d4e891da77284372791f989387f7,"{""d"":5.0,""p"":0.00021544346900318845,""r"":5.0}",
      3072,         2,         0,   0.060,correlated_pymatching,e283e9997c1dca1b74f7003d28d05cebe22cf5bf60a08c9d596efd46ac3ff5b6,"{""d"":3.0,""p"":0.00021544346900318845,""r"":3.0}","{""obs_mistake_mask=E"":2}"
      3072,        77,         0,   0.149,correlated_pymatching,2d4165c59842469e580186953be819acf1657a97a48459fb619f1b63d7e71eb9,"{""d"":3.0,""p"":0.002154434690031882,""r"":3.0}","{""obs_mistake_mask=E"":77}"
       256,        11,         0,   0.043,correlated_pymatching,2d4165c59842469e580186953be819acf1657a97a48459fb619f1b63d7e71eb9,"{""d"":3.0,""p"":0.002154434690031882,""r"":3.0}","{""obs_mistake_mask=E"":11}"
      8192,         2,         0,   0.155,correlated_pymatching,bb443dac09bde403296efc8c24817ea11c419366ff10ed539e61f56af8e7ecd1,"{""d"":3.0,""p"":0.0001,""r"":3.0}","{""obs_mistake_mask=E"":2}"
      1024,         8,         0,   0.044,correlated_pymatching,3c30ae3be811a2286f127e6c938f5d2f5bd50490c05cf333cf89a008449b8df6,"{""d"":3.0,""p"":0.001,""r"":3.0}","{""obs_mistake_mask=E"":8}"
      2048,         3,         0,   0.072,correlated_pymatching,0d00ed142763757e40346c900459bab7349be32cfc9800fd9f1942d88128289a,"{""d"":3.0,""p"":0.00046415888336127773,""r"":3.0}","{""obs_mistake_mask=E"":3}"
      1024,         0,         0,   0.086,correlated_pymatching,57fd446569d71e703d4e3b3c933a7a27eb3df2fcc8d32850d9b309f58c427968,"{""d"":5.0,""p"":0.0001,""r"":5.0}",
         8,         4,         0,   0.148,correlated_pymatching,dbc3f6272d19c1fd4fea515a43bc88313b9f9e9bc8eb307e466b9cb34abc2403,"{""d"":5.0,""p"":0.1,""r"":5.0}","{""obs_mistake_mask=E"":4}"
      1024,         5,         0,   0.040,correlated_pymatching,3c30ae3be811a2286f127e6c938f5d2f5bd50490c05cf333cf89a008449b8df6,"{""d"":3.0,""p"":0.001,""r"":3.0}","{""obs_mistake_mask=E"":5}"
      1024,         2,         0,   0.121,correlated_pymatching,da7f3bc117407235f65b2cba2770810c7d0d78bf5feaef4fdef839039002616d,"{""d"":5.0,""p"":0.001,""r"":5.0}","{""obs_mistake_mask=E"":2}"
      1024,        44,         0,   0.052,correlated_pymatching,2d4165c59842469e580186953be819acf1657a97a48459fb619f1b63d7e71eb9,"{""d"":3.0,""p"":0.002154434690031882,""r"":3.0}","{""obs_mistake_mask=E"":44}"
      4096,        36,         0,   0.157,correlated_pymatching,3c30ae3be811a2286f127e6c938f5d2f5bd50490c05cf333cf89a008449b8df6,"{""d"":3.0,""p"":0.001,""r"":3.0}","{""obs_mistake_mask=E"":36}"
      4096,         0,         0,   0.079,correlated_pymatching,e283e9997c1dca1b74f7003d28d05cebe22cf5bf60a08c9d596efd46ac3ff5b6,"{""d"":3.0,""p"":0.00021544346900318845,""r"":3.0}",
      1024,         0,         0,   0.086,correlated_pymatching,9a8f74bf0ecff9766b57c08fd7cee049b588d4e891da77284372791f989387f7,"{""d"":5.0,""p"":0.00021544346900318845,""r"":5.0}",
         2,         0,         0,   0.212,correlated_pymatching,bebbad4e559ffded47cdbff4eb6ee9e01c7cf232957d5a8fcc53fa89adffd8c6,"{""d"":7.0,""p"":0.0001,""r"":7.0}",
      3072,         0,         0,   0.108,correlated_pymatching,bb443dac09bde403296efc8c24817ea11c419366ff10ed539e61f56af8e7ecd1,"{""d"":3.0,""p"":0.0001,""r"":3.0}",
      2048,         4,         0,   0.072,correlated_pymatching,0d00ed142763757e40346c900459bab7349be32cfc9800fd9f1942d88128289a,"{""d"":3.0,""p"":0.00046415888336127773,""r"":3.0}","{""obs_mistake_mask=E"":4}"
      1024,         0,         0,   0.110,correlated_pymatching,6d35f8f59c18aaa298f180ebcd54ded7e5df1fc00770e2007395ae0d5c53773b,"{""d"":5.0,""p"":0.00046415888336127773,""r"":5.0}",
      1024,        10,         0,   0.156,correlated_pymatching,abcc8a91892db0fdcc49a3b19cf23d2c57e27237207439a37b2e089f65572705,"{""d"":5.0,""p"":0.002154434690031882,""r"":5.0}","{""obs_mistake_mask=E"":10}"
      5120,         3,         0,   0.179,correlated_pymatching,0d00ed142763757e40346c900459bab7349be32cfc9800fd9f1942d88128289a,"{""d"":3.0,""p"":0.00046415888336127773,""r"":3.0}","{""obs_mistake_mask=E"":3}"
      1024,        21,         0,   0.048,correlated_pymatching,2d4165c59842469e580186953be819acf1657a97a48459fb619f1b63d7e71eb9,"{""d"":3.0,""p"":0.002154434690031882,""r"":3.0}","{""obs_mistake_mask=E"":21}"
         2,         0,         0,   0.211,correlated_pymatching,08c324b98273b01d709a14cba6b7399db9a1df88b620b9b96033edf73595d13b,"{""d"":7.0,""p"":0.002154434690031882,""r"":7.0}",
      1024,         0,         0,   0.084,correlated_pymatching,57fd446569d71e703d4e3b3c933a7a27eb3df2fcc8d32850d9b309f58c427968,"{""d"":5.0,""p"":0.0001,""r"":5.0}",
         2,         1,         0,   0.221,correlated_pymatching,339e7e9acf22cda8aa54b3b571ad772f6433c3f874a11be51288e588c1d8f749,"{""d"":7.0,""p"":0.01,""r"":7.0}","{""obs_mistake_mask=E"":1}"
         2,         1,         0,   0.216,correlated_pymatching,0006e8233ae6b50eeb32a824f0e55ce2d007a96d1e3374771a5674d61963b1f4,"{""d"":7.0,""p"":0.021544346900318822,""r"":7.0}","{""obs_mistake_mask=E"":1}"
         2,         0,         0,   0.211,correlated_pymatching,0ea130b53ccb2550443c16f0c92974b75297641bafbf982c2963fe27de0e8a7e,"{""d"":7.0,""p"":0.00021544346900318845,""r"":7.0}",
         2,         2,         0,   0.223,correlated_pymatching,488cdd47167a7ab4457beb1a569894adc478bcdf00bb295d64c2a6ae6e46db66,"{""d"":7.0,""p"":0.046415888336127774,""r"":7.0}","{""obs_mistake_mask=E"":2}"
      2048,        11,         0,   0.084,correlated_pymatching,3c30ae3be811a2286f127e6c938f5d2f5bd50490c05cf333cf89a008449b8df6,"{""d"":3.0,""p"":0.001,""r"":3.0}","{""obs_mistake_mask=E"":11}"
      5120,         1,         0,   0.179,correlated_pymatching,e283e9997c1dca1b74f7003d28d05cebe22cf5bf60a08c9d596efd46ac3ff5b6,"{""d"":3.0,""p"":0.00021544346900318845,""r"":3.0}","{""obs_mistake_mask=E"":1}"
         2,         1,         0,   0.224,correlated_pymatching,c4dcca6e0f3415d9bdee0abf3ba7924076ad29286023ec9be9d6116cd88321f3,"{""d"":7.0,""p"":0.1,""r"":7.0}","{""obs_mistake_mask=E"":1}"
      3072,        90,         0,   0.154,correlated_pymatching,2d4165c59842469e580186953be819acf1657a97a48459fb619f1b63d7e71eb9,"{""d"":3.0,""p"":0.002154434690031882,""r"":3.0}","{""obs_mistake_mask=E"":90}"
      1024,         2,         0,   0.110,correlated_pymatching,da7f3bc117407235f65b2cba2770810c7d0d78bf5feaef4fdef839039002616d,"{""d"":5.0,""p"":0.001,""r"":5.0}","{""obs_mistake_mask=E"":2}"
      2048,         6,         0,   0.079,correlated_pymatching,0d00ed142763757e40346c900459bab7349be32cfc9800fd9f1942d88128289a,"{""d"":3.0,""p"":0.00046415888336127773,""r"":3.0}","{""obs_mistake_mask=E"":6}"
         1,         0,         0,   0.378,correlated_pymatching,0259a37d81f7967b4b8ec4bb9481c75f99e79b3fd57b573fa80be7c7461d317d,"{""d"":7.0,""p"":0.00046415888336127773,""r"":7.0}",
      6144,         4,         0,   0.115,correlated_pymatching,e283e9997c1dca1b74f7003d28d05cebe22cf5bf60a08c9d596efd46ac3ff5b6,"{""d"":3.0,""p"":0.00021544346900318845,""r"":3.0}","{""obs_mistake_mask=E"":4}"
       256,       140,         0,   0.287,correlated_pymatching,a562dca96a929a5561d6b5b23e86237162365e19cb82165e6b8742fd62dac395,"{""d"":5.0,""p"":0.021544346900318822,""r"":5.0}","{""obs_mistake_mask=E"":140}"
       512,       227,         0,   0.301,correlated_pymatching,831aa61571685638cded8b1e689e6abf6494ffcf1898babbee83bc2d7d2a55a6,"{""d"":5.0,""p"":0.01,""r"":5.0}","{""obs_mistake_mask=E"":227}"
      1024,        24,         0,   0.046,correlated_pymatching,2d4165c59842469e580186953be819acf1657a97a48459fb619f1b63d7e71eb9,"{""d"":3.0,""p"":0.002154434690031882,""r"":3.0}","{""obs_mistake_mask=E"":24}"
      3072,         0,         0,   0.107,correlated_pymatching,bb443dac09bde403296efc8c24817ea11c419366ff10ed539e61f56af8e7ecd1,"{""d"":3.0,""p"":0.0001,""r"":3.0}",
         1,         1,         0,   0.393,correlated_pymatching,c4dcca6e0f3415d9bdee0abf3ba7924076ad29286023ec9be9d6116cd88321f3,"{""d"":7.0,""p"":0.1,""r"":7.0}","{""obs_mistake_mask=E"":1}"
      2048,        14,         0,   0.084,correlated_pymatching,3c30ae3be811a2286f127e6c938f5d2f5bd50490c05cf333cf89a008449b8df6,"{""d"":3.0,""p"":0.001,""r"":3.0}","{""obs_mistake_mask=E"":14}"
         1,         0,         0,   0.399,correlated_pymatching,ca5082d95a5eb3b5338a9e234d06ab22da68da62ca4e690b2c55dcde2c6f8487,"{""d"":7.0,""p"":0.001,""r"":7.0}",
         1,         1,         0,   0.392,correlated_pymatching,488cdd47167a7ab4457beb1a569894adc478bcdf00bb295d64c2a6ae6e46db66,"{""d"":7.0,""p"":0.046415888336127774,""r"":7.0}","{""obs_mistake_mask=E"":1}"
         1,         0,         0,   0.390,correlated_pymatching,15d1edbbde98fe22bd103ebdcf00c70bb59783cfae577ba93cf4e337ccf3c313,"{""d"":7.0,""p"":0.004641588833612777,""r"":7.0}",
        32,        21,         0,   0.200,correlated_pymatching,dbc3f6272d19c1fd4fea515a43bc88313b9f9e9bc8eb307e466b9cb34abc2403,"{""d"":5.0,""p"":0.1,""r"":5.0}","{""obs_mistake_mask=E"":21}"
     11264,         0,         0,   0.222,correlated_pymatching,bb443dac09bde403296efc8c24817ea11c419366ff10ed539e61f56af8e7ecd1,"{""d"":3.0,""p"":0.0001,""r"":3.0}",
      2048,        68,         0,   0.129,correlated_pymatching,2d4165c59842469e580186953be819acf1657a97a48459fb619f1b63d7e71eb9,"{""d"":3.0,""p"":0.002154434690031882,""r"":3.0}","{""obs_mistake_mask=E"":68}"
      1024,       116,         0,   0.267,correlated_pymatching,8a5e216b20f2b450c375495b2c6bfb703dc8e60540827d8d27e59d2b78ed5920,"{""d"":5.0,""p"":0.004641588833612777,""r"":5.0}","{""obs_mistake_mask=E"":116}"
      1024,        13,         0,   0.157,correlated_pymatching,abcc8a91892db0fdcc49a3b19cf23d2c57e27237207439a37b2e089f65572705,"{""d"":5.0,""p"":0.002154434690031882,""r"":5.0}","{""obs_mistake_mask=E"":13}"
      2048,         0,         0,   0.180,correlated_pymatching,9a8f74bf0ecff9766b57c08fd7cee049b588d4e891da77284372791f989387f7,"{""d"":5.0,""p"":0.00021544346900318845,""r"":5.0}",
      5120,        38,         0,   0.233,correlated_pymatching,3c30ae3be811a2286f127e6c938f5d2f5bd50490c05cf333cf89a008449b8df6,"{""d"":3.0,""p"":0.001,""r"":3.0}","{""obs_mistake_mask=E"":38}"
      3072,         6,         0,   0.119,correlated_pymatching,0d00ed142763757e40346c900459bab7349be32cfc9800fd9f1942d88128289a,"{""d"":3.0,""p"":0.00046415888336127773,""r"":3.0}","{""obs_mistake_mask=E"":6}"
      2048,         0,         0,   0.187,correlated_pymatching,57fd446569d71e703d4e3b3c933a7a27eb3df2fcc8d32850d9b309f58c427968,"{""d"":5.0,""p"":0.0001,""r"":5.0}",
      2048,         0,         0,   0.195,correlated_pymatching,6d35f8f59c18aaa298f180ebcd54ded7e5df1fc00770e2007395ae0d5c53773b,"{""d"":5.0,""p"":0.00046415888336127773,""r"":5.0}",
      1024,         1,         0,   0.131,correlated_pymatching,da7f3bc117407235f65b2cba2770810c7d0d78bf5feaef4fdef839039002616d,"{""d"":5.0,""p"":0.001,""r"":5.0}","{""obs_mistake_mask=E"":1}"
         4,         0,         0,   0.224,correlated_pymatching,bebbad4e559ffded47cdbff4eb6ee9e01c7cf232957d5a8fcc53fa89adffd8c6,"{""d"":7.0,""p"":0.0001,""r"":7.0}",
         4,         0,         0,   0.219,correlated_pymatching,08c324b98273b01d709a14cba6b7399db9a1df88b620b9b96033edf73595d13b,"{""d"":7.0,""p"":0.002154434690031882,""r"":7.0}",
         4,         0,         0,   0.208,correlated_pymatching,0ea130b53ccb2550443c16f0c92974b75297641bafbf982c2963fe27de0e8a7e,"{""d"":7.0,""p"":0.00021544346900318845,""r"":7.0}",
      6144,        10,         0,   0.227,correlated_pymatching,0d00ed142763757e40346c900459bab7349be32cfc9800fd9f1942d88128289a,"{""d"":3.0,""p"":0.00046415888336127773,""r"":3.0}","{""obs_mistake_mask=E"":10}"
       256,       121,         0,   0.372,correlated_pymatching,150c72e9b6d6b7f577753ace700b6e4b59df341bfb087d201d8a0053bdc72cec,"{""d"":5.0,""p"":0.046415888336127774,""r"":5.0}","{""obs_mistake_mask=E"":121}"
         4,         3,         0,   0.216,correlated_pymatching,339e7e9acf22cda8aa54b3b571ad772f6433c3f874a11be51288e588c1d8f749,"{""d"":7.0,""p"":0.01,""r"":7.0}","{""obs_mistake_mask=E"":3}"
         4,         2,         0,   0.228,correlated_pymatching,0006e8233ae6b50eeb32a824f0e55ce2d007a96d1e3374771a5674d61963b1f4,"{""d"":7.0,""p"":0.021544346900318822,""r"":7.0}","{""obs_mistake_mask=E"":2}"
      3072,        28,         0,   0.135,correlated_pymatching,3c30ae3be811a2286f127e6c938f5d2f5bd50490c05cf333cf89a008449b8df6,"{""d"":3.0,""p"":0.001,""r"":3.0}","{""obs_mistake_mask=E"":28}"
      7168,         1,         0,   0.159,correlated_pymatching,e283e9997c1dca1b74f7003d28d05cebe22cf5bf60a08c9d596efd46ac3ff5b6,"{""d"":3.0,""p"":0.00021544346900318845,""r"":3.0}","{""obs_mistake_mask=E"":1}"
      5120,         3,         0,   0.215,correlated_pymatching,e283e9997c1dca1b74f7003d28d05cebe22cf5bf60a08c9d596efd46ac3ff5b6,"{""d"":3.0,""p"":0.00021544346900318845,""r"":3.0}","{""obs_mistake_mask=E"":3}"
         4,         2,         0,   0.227,correlated_pymatching,488cdd47167a7ab4457beb1a569894adc478bcdf00bb295d64c2a6ae6e46db66,"{""d"":7.0,""p"":0.046415888336127774,""r"":7.0}","{""obs_mistake_mask=E"":2}"
      4096,         1,         0,   0.155,correlated_pymatching,bb443dac09bde403296efc8c24817ea11c419366ff10ed539e61f56af8e7ecd1,"{""d"":3.0,""p"":0.0001,""r"":3.0}","{""obs_mistake_mask=E"":1}"
         4,         3,         0,   0.236,correlated_pymatching,c4dcca6e0f3415d9bdee0abf3ba7924076ad29286023ec9be9d6116cd88321f3,"{""d"":7.0,""p"":0.1,""r"":7.0}","{""obs_mistake_mask=E"":3}"
      1024,        12,         0,   0.165,correlated_pymatching,abcc8a91892db0fdcc49a3b19cf23d2c57e27237207439a37b2e089f65572705,"{""d"":5.0,""p"":0.002154434690031882,""r"":5.0}","{""obs_mistake_mask=E"":12}"
       512,       217,         0,   0.222,correlated_pymatching,831aa61571685638cded8b1e689e6abf6494ffcf1898babbee83bc2d7d2a55a6,"{""d"":5.0,""p"":0.01,""r"":5.0}","{""obs_mistake_mask=E"":217}"
      4096,         8,         0,   0.148,correlated_pymatching,0d00ed142763757e40346c900459bab7349be32cfc9800fd9f1942d88128289a,"{""d"":3.0,""p"":0.00046415888336127773,""r"":3.0}","{""obs_mistake_mask=E"":8}"
      2048,         0,         0,   0.154,correlated_pymatching,57fd446569d71e703d4e3b3c933a7a27eb3df2fcc8d32850d9b309f58c427968,"{""d"":5.0,""p"":0.0001,""r"":5.0}",
      2048,         0,         0,   0.203,correlated_pymatching,9a8f74bf0ecff9766b57c08fd7cee049b588d4e891da77284372791f989387f7,"{""d"":5.0,""p"":0.00021544346900318845,""r"":5.0}",
      2048,         0,         0,   0.193,correlated_pymatching,6d35f8f59c18aaa298f180ebcd54ded7e5df1fc00770e2007395ae0d5c53773b,"{""d"":5.0,""p"":0.00046415888336127773,""r"":5.0}",
       512,       262,         0,   0.297,correlated_pymatching,a562dca96a929a5561d6b5b23e86237162365e19cb82165e6b8742fd62dac395,"{""d"":5.0,""p"":0.021544346900318822,""r"":5.0}","{""obs_mistake_mask=E"":262}"
        64,        40,         0,   0.276,correlated_pymatching,dbc3f6272d19c1fd4fea515a43bc88313b9f9e9bc8eb307e466b9cb34abc2403,"{""d"":5.0,""p"":0.1,""r"":5.0}","{""obs_mistake_mask=E"":40}"
      4096,        42,         0,   0.166,correlated_pymatching,3c30ae3be811a2286f127e6c938f5d2f5bd50490c05cf333cf89a008449b8df6,"{""d"":3.0,""p"":0.001,""r"":3.0}","{""obs_mistake_mask=E"":42}"
      1024,       135,         0,   0.279,correlated_pymatching,8a5e216b20f2b450c375495b2c6bfb703dc8e60540827d8d27e59d2b78ed5920,"{""d"":5.0,""p"":0.004641588833612777,""r"":5.0}","{""obs_mistake_mask=E"":135}"
      2048,         1,         0,   0.228,correlated_pymatching,da7f3bc117407235f65b2cba2770810c7d0d78bf5feaef4fdef839039002616d,"{""d"":5.0,""p"":0.001,""r"":5.0}","{""obs_mistake_mask=E"":1}"
         8,         0,         0,   0.216,correlated_pymatching,bebbad4e559ffded47cdbff4eb6ee9e01c7cf232957d5a8fcc53fa89adffd8c6,"{""d"":7.0,""p"":0.0001,""r"":7.0}",
     14336,         3,         0,   0.298,correlated_pymatching,bb443dac09bde403296efc8c24817ea11c419366ff10ed539e61f56af8e7ecd1,"{""d"":3.0,""p"":0.0001,""r"":3.0}","{""obs_mistake_mask=E"":3}"
         1,         0,         0,   0.356,correlated_pymatching,0259a37d81f7967b4b8ec4bb9481c75f99e79b3fd57b573fa80be7c7461d317d,"{""d"":7.0,""p"":0.00046415888336127773,""r"":7.0}",
         8,         0,         0,   0.217,correlated_pymatching,08c324b98273b01d709a14cba6b7399db9a1df88b620b9b96033edf73595d13b,"{""d"":7.0,""p"":0.002154434690031882,""r"":7.0}",
         8,         2,         0,   0.211,correlated_pymatching,339e7e9acf22cda8aa54b3b571ad772f6433c3f874a11be51288e588c1d8f749,"{""d"":7.0,""p"":0.01,""r"":7.0}","{""obs_mistake_mask=E"":2}"
         8,         0,         0,   0.216,correlated_pymatching,0ea130b53ccb2550443c16f0c92974b75297641bafbf982c2963fe27de0e8a7e,"{""d"":7.0,""p"":0.00021544346900318845,""r"":7.0}",
         1,         0,         0,   0.038,correlated_pymatching,6d35f8f59c18aaa298f180ebcd54ded7e5df1fc00770e2007395ae0d5c53773b,"{""d"":5.0,""p"":0.00046415888336127773,""r"":5.0}",
     12288,        10,         0,   0.206,correlated_pymatching,e283e9997c1dca1b74f7003d28d05cebe22cf5bf60a08c9d596efd46ac3ff5b6,"{""d"":3.0,""p"":0.00021544346900318845,""r"":3.0}","{""obs_mistake_mask=E"":10}"
         1,         1,         0,   0.360,correlated_pymatching,c4dcca6e0f3415d9bdee0abf3ba7924076ad29286023ec9be9d6116cd88321f3,"{""d"":7.0,""p"":0.1,""r"":7.0}","{""obs_mistake_mask=E"":1}"
         1,         0,         0,   0.348,correlated_pymatching,488cdd47167a7ab4457beb1a569894adc478bcdf00bb295d64c2a6ae6e46db66,"{""d"":7.0,""p"":0.046415888336127774,""r"":7.0}",
         1,         0,         0,   0.350,correlated_pymatching,ca5082d95a5eb3b5338a9e234d06ab22da68da62ca4e690b2c55dcde2c6f8487,"{""d"":7.0,""p"":0.001,""r"":7.0}",
      6144,         1,         0,   0.215,correlated_pymatching,bb443dac09bde403296efc8c24817ea11c419366ff10ed539e61f56af8e7ecd1,"{""d"":3.0,""p"":0.0001,""r"":3.0}","{""obs_mistake_mask=E"":1}"
      1024,        13,         0,   0.154,correlated_pymatching,abcc8a91892db0fdcc49a3b19cf23d2c57e27237207439a37b2e089f65572705,"{""d"":5.0,""p"":0.002154434690031882,""r"":5.0}","{""obs_mistake_mask=E"":13}"
         1,         0,         0,   0.359,correlated_pymatching,15d1edbbde98fe22bd103ebdcf00c70bb59783cfae577ba93cf4e337ccf3c313,"{""d"":7.0,""p"":0.004641588833612777,""r"":7.0}",
         8,         4,         0,   0.240,correlated_pymatching,0006e8233ae6b50eeb32a824f0e55ce2d007a96d1e3374771a5674d61963b1f4,"{""d"":7.0,""p"":0.021544346900318822,""r"":7.0}","{""obs_mistake_mask=E"":4}"
      7168,        46,         0,   0.292,correlated_pymatching,3c30ae3be811a2286f127e6c938f5d2f5bd50490c05cf333cf89a008449b8df6,"{""d"":3.0,""p"":0.001,""r"":3.0}","{""obs_mistake_mask=E"":46}"
         8,         0,         0,   0.038,correlated_pymatching,6d35f8f59c18aaa298f180ebcd54ded7e5df1fc00770e2007395ae0d5c53773b,"{""d"":5.0,""p"":0.00046415888336127773,""r"":5.0}",
         1,         0,         0,   0.149,correlated_pymatching,9a8f74bf0ecff9766b57c08fd7cee049b588d4e891da77284372791f989387f7,"{""d"":5.0,""p"":0.00021544346900318845,""r"":5.0}",
         1,         0,         0,   0.150,correlated_pymatching,57fd446569d71e703d4e3b3c933a7a27eb3df2fcc8d32850d9b309f58c427968,"{""d"":5.0,""p"":0.0001,""r"":5.0}",
         8,         4,         0,   0.250,correlated_pymatching,488cdd47167a7ab4457beb1a569894adc478bcdf00bb295d64c2a6ae6e46db66,"{""d"":7.0,""p"":0.046415888336127774,""r"":7.0}","{""obs_mistake_mask=E"":4}"
         1,         0,         0,   0.038,correlated_pymatching,da7f3bc117407235f65b2cba2770810c7d0d78bf5feaef4fdef839039002616d,"{""d"":5.0,""p"":0.001,""r"":5.0}",
        64,         0,         0,   0.038,correlated_pymatching,6d35f8f59c18aaa298f180ebcd54ded7e5df1fc00770e2007395ae0d5c53773b,"{""d"":5.0,""p"":0.00046415888336127773,""r"":5.0}",
         8,         2,         0,   0.252,correlated_pymatching,c4dcca6e0f3415d9bdee0abf3ba7924076ad29286023ec9be9d6116cd88321f3,"{""d"":7.0,""p"":0.1,""r"":7.0}","{""obs_mistake_mask=E"":2}"
      9216,        18,         0,   0.322,correlated_pymatching,0d00ed142763757e40346c900459bab7349be32cfc9800fd9f1942d88128289a,"{""d"":3.0,""p"":0.00046415888336127773,""r"":3.0}","{""obs_mistake_mask=E"":18}"
      6144,        11,         0,   0.227,correlated_pymatching,0d00ed142763757e40346c900459bab7349be32cfc9800fd9f1942d88128289a,"{""d"":3.0,""p"":0.00046415888336127773,""r"":3.0}","{""obs_mistake_mask=E"":11}"
      9216,         8,         0,   0.321,correlated_pymatching,e283e9997c1dca1b74f7003d28d05cebe22cf5bf60a08c9d596efd46ac3ff5b6,"{""d"":3.0,""p"":0.00021544346900318845,""r"":3.0}","{""obs_mistake_mask=E"":8}"
      5120,         0,         0,   0.230,correlated_pymatching,57fd446569d71e703d4e3b3c933a7a27eb3df2fcc8d32850d9b309f58c427968,"{""d"":5.0,""p"":0.0001,""r"":5.0}",
         8,         0,         0,   0.056,correlated_pymatching,da7f3bc117407235f65b2cba2770810c7d0d78bf5feaef4fdef839039002616d,"{""d"":5.0,""p"":0.001,""r"":5.0}",
       512,         0,         0,   0.056,correlated_pymatching,6d35f8f59c18aaa298f180ebcd54ded7e5df1fc00770e2007395ae0d5c53773b,"{""d"":5.0,""p"":0.00046415888336127773,""r"":5.0}",
       256,       137,         0,   0.369,correlated_pymatching,150c72e9b6d6b7f577753ace700b6e4b59df341bfb087d201d8a0053bdc72cec,"{""d"":5.0,""p"":0.046415888336127774,""r"":5.0}","{""obs_mistake_mask=E"":137}"
        64,         0,         0,   0.044,correlated_pymatching,da7f3bc117407235f65b2cba2770810c7d0d78bf5feaef4fdef839039002616d,"{""d"":5.0,""p"":0.001,""r"":5.0}",
      5120,        36,         0,   0.208,correlated_pymatching,3c30ae3be811a2286f127e6c938f5d2f5bd50490c05cf333cf89a008449b8df6,"{""d"":3.0,""p"":0.001,""r"":3.0}","{""obs_mistake_mask=E"":36}"
        16,         0,         0,   0.202,correlated_pymatching,bebbad4e559ffded47cdbff4eb6ee9e01c7cf232957d5a8fcc53fa89adffd8c6,"{""d"":7.0,""p"":0.0001,""r"":7.0}",
      3072,         0,         0,   0.240,correlated_pymatching,6d35f8f59c18aaa298f180ebcd54ded7e5df1fc00770e2007395ae0d5c53773b,"{""d"":5.0,""p"":0.00046415888336127773,""r"":5.0}",
         4,         0,         0,   0.132,correlated_pymatching,57fd446569d71e703d4e3b3c933a7a27eb3df2fcc8d32850d9b309f58c427968,"{""d"":5.0,""p"":0.0001,""r"":5.0}",
         4,         0,         0,   0.132,correlated_pymatching,9a8f74bf0ecff9766b57c08fd7cee049b588d4e891da77284372791f989387f7,"{""d"":5.0,""p"":0.00021544346900318845,""r"":5.0}",
      3072,         0,         0,   0.268,correlated_pymatching,9a8f74bf0ecff9766b57c08fd7cee049b588d4e891da77284372791f989387f7,"{""d"":5.0,""p"":0.00021544346900318845,""r"":5.0}",
      1024,         0,         0,   0.047,correlated_pymatching,6d35f8f59c18aaa298f180ebcd54ded7e5df1fc00770e2007395ae0d5c53773b,"{""d"":5.0,""p"":0.00046415888336127773,""r"":5.0}",
        16,         7,         0,   0.139,correlated_pymatching,488cdd47167a7ab4457beb1a569894adc478bcdf00bb295d64c2a6ae6e46db66,"{""d"":7.0,""p"":0.046415888336127774,""r"":7.0}","{""obs_mistake_mask=E"":7}"
      2048,         1,         0,   0.225,correlated_pymatching,da7f3bc117407235f65b2cba2770810c7d0d78bf5feaef4fdef839039002616d,"{""d"":5.0,""p"":0.001,""r"":5.0}","{""obs_mistake_mask=E"":1}"
         1,         0,         0,   0.179,correlated_pymatching,ca5082d95a5eb3b5338a9e234d06ab22da68da62ca4e690b2c55dcde2c6f8487,"{""d"":7.0,""p"":0.001,""r"":7.0}",
        16,         0,         0,   0.218,correlated_pymatching,08c324b98273b01d709a14cba6b7399db9a1df88b620b9b96033edf73595d13b,"{""d"":7.0,""p"":0.002154434690031882,""r"":7.0}",
        16,         0,         0,   0.216,correlated_pymatching,0ea130b53ccb2550443c16f0c92974b75297641bafbf982c2963fe27de0e8a7e,"{""d"":7.0,""p"":0.00021544346900318845,""r"":7.0}",
       512,         2,         0,   0.048,correlated_pymatching,da7f3bc117407235f65b2cba2770810c7d0d78bf5feaef4fdef839039002616d,"{""d"":5.0,""p"":0.001,""r"":5.0}","{""obs_mistake_mask=E"":2}"
        16,         8,         0,   0.256,correlated_pymatching,339e7e9acf22cda8aa54b3b571ad772f6433c3f874a11be51288e588c1d8f749,"{""d"":7.0,""p"":0.01,""r"":7.0}","{""obs_mistake_mask=E"":8}"
      1024,       134,         0,   0.280,correlated_pymatching,8a5e216b20f2b450c375495b2c6bfb703dc8e60540827d8d27e59d2b78ed5920,"{""d"":5.0,""p"":0.004641588833612777,""r"":5.0}","{""obs_mistake_mask=E"":134}"
       128,        64,         0,   0.315,correlated_pymatching,dbc3f6272d19c1fd4fea515a43bc88313b9f9e9bc8eb307e466b9cb34abc2403,"{""d"":5.0,""p"":0.1,""r"":5.0}","{""obs_mistake_mask=E"":64}"
      2048,         1,         0,   0.095,correlated_pymatching,6d35f8f59c18aaa298f180ebcd54ded7e5df1fc00770e2007395ae0d5c53773b,"{""d"":5.0,""p"":0.00046415888336127773,""r"":5.0}","{""obs_mistake_mask=E"":1}"
      1024,         2,         0,   0.057,correlated_pymatching,da7f3bc117407235f65b2cba2770810c7d0d78bf5feaef4fdef839039002616d,"{""d"":5.0,""p"":0.001,""r"":5.0}","{""obs_mistake_mask=E"":2}"
        16,         7,         0,   0.264,correlated_pymatching,0006e8233ae6b50eeb32a824f0e55ce2d007a96d1e3374771a5674d61963b1f4,"{""d"":7.0,""p"":0.021544346900318822,""r"":7.0}","{""obs_mistake_mask=E"":7}"
     28672,        19,         0,   0.289,correlated_pymatching,e283e9997c1dca1b74f7003d28d05cebe22cf5bf60a08c9d596efd46ac3ff5b6,"{""d"":3.0,""p"":0.00021544346900318845,""r"":3.0}","{""obs_mistake_mask=E"":19}"
        16,         0,         0,   0.140,correlated_pymatching,9a8f74bf0ecff9766b57c08fd7cee049b588d4e891da77284372791f989387f7,"{""d"":5.0,""p"":0.00021544346900318845,""r"":5.0}",
        16,         0,         0,   0.140,correlated_pymatching,57fd446569d71e703d4e3b3c933a7a27eb3df2fcc8d32850d9b309f58c427968,"{""d"":5.0,""p"":0.0001,""r"":5.0}",
         1,         0,         0,   0.352,correlated_pymatching,0259a37d81f7967b4b8ec4bb9481c75f99e79b3fd57b573fa80be7c7461d317d,"{""d"":7.0,""p"":0.00046415888336127773,""r"":7.0}",
      9216,         4,         0,   0.310,correlated_pymatching,bb443dac09bde403296efc8c24817ea11c419366ff10ed539e61f56af8e7ecd1,"{""d"":3.0,""p"":0.0001,""r"":3.0}","{""obs_mistake_mask=E"":4}"
      1024,         1,         0,   0.057,correlated_pymatching,da7f3bc117407235f65b2cba2770810c7d0d78bf5feaef4fdef839039002616d,"{""d"":5.0,""p"":0.001,""r"":5.0}","{""obs_mistake_mask=E"":1}"
      2048,        30,         0,   0.316,correlated_pymatching,abcc8a91892db0fdcc49a3b19cf23d2c57e27237207439a37b2e089f65572705,"{""d"":5.0,""p"":0.002154434690031882,""r"":5.0}","{""obs_mistake_mask=E"":30}"
         1,         1,         0,   0.348,correlated_pymatching,488cdd47167a7ab4457beb1a569894adc478bcdf00bb295d64c2a6ae6e46db66,"{""d"":7.0,""p"":0.046415888336127774,""r"":7.0}","{""obs_mistake_mask=E"":1}"
         1,         1,         0,   0.355,correlated_pymatching,c4dcca6e0f3415d9bdee0abf3ba7924076ad29286023ec9be9d6116cd88321f3,"{""d"":7.0,""p"":0.1,""r"":7.0}","{""obs_mistake_mask=E"":1}"
      2048,         0,         0,   0.095,correlated_pymatching,6d35f8f59c18aaa298f180ebcd54ded7e5df1fc00770e2007395ae0d5c53773b,"{""d"":5.0,""p"":0.00046415888336127773,""r"":5.0}",
         2,         0,         0,   0.178,correlated_pymatching,ca5082d95a5eb3b5338a9e234d06ab22da68da62ca4e690b2c55dcde2c6f8487,"{""d"":7.0,""p"":0.001,""r"":7.0}",
        16,        10,         0,   0.296,correlated_pymatching,c4dcca6e0f3415d9bdee0abf3ba7924076ad29286023ec9be9d6116cd88321f3,"{""d"":7.0,""p"":0.1,""r"":7.0}","{""obs_mistake_mask=E"":10}"
     21504,         9,         0,   0.424,correlated_pymatching,bb443dac09bde403296efc8c24817ea11c419366ff10ed539e61f56af8e7ecd1,"{""d"":3.0,""p"":0.0001,""r"":3.0}","{""obs_mistake_mask=E"":9}"
        32,         0,         0,   0.234,correlated_pymatching,bebbad4e559ffded47cdbff4eb6ee9e01c7cf232957d5a8fcc53fa89adffd8c6,"{""d"":7.0,""p"":0.0001,""r"":7.0}",
      8192,        16,         0,   0.297,correlated_pymatching,0d00ed142763757e40346c900459bab7349be32cfc9800fd9f1942d88128289a,"{""d"":3.0,""p"":0.00046415888336127773,""r"":3.0}","{""obs_mistake_mask=E"":16}"
        32,         0,         0,   0.216,correlated_pymatching,0ea130b53ccb2550443c16f0c92974b75297641bafbf982c2963fe27de0e8a7e,"{""d"":7.0,""p"":0.00021544346900318845,""r"":7.0}",
        32,         0,         0,   0.225,correlated_pymatching,08c324b98273b01d709a14cba6b7399db9a1df88b620b9b96033edf73595d13b,"{""d"":7.0,""p"":0.002154434690031882,""r"":7.0}",
        64,        39,         0,   0.240,correlated_pymatching,488cdd47167a7ab4457beb1a569894adc478bcdf00bb295d64c2a6ae6e46db66,"{""d"":7.0,""p"":0.046415888336127774,""r"":7.0}","{""obs_mistake_mask=E"":39}"
         1,         0,         0,   0.408,correlated_pymatching,15d1edbbde98fe22bd103ebdcf00c70bb59783cfae577ba93cf4e337ccf3c313,"{""d"":7.0,""p"":0.004641588833612777,""r"":7.0}",
      7168,         0,         0,   0.312,correlated_pymatching,57fd446569d71e703d4e3b3c933a7a27eb3df2fcc8d32850d9b309f58c427968,"{""d"":5.0,""p"":0.0001,""r"":5.0}",
        64,         0,         0,   0.135,correlated_pymatching,9a8f74bf0ecff9766b57c08fd7cee049b588d4e891da77284372791f989387f7,"{""d"":5.0,""p"":0.00021544346900318845,""r"":5.0}",
        64,         0,         0,   0.135,correlated_pymatching,57fd446569d71e703d4e3b3c933a7a27eb3df2fcc8d32850d9b309f58c427968,"{""d"":5.0,""p"":0.0001,""r"":5.0}",
     10240,        71,         0,   0.419,correlated_pymatching,3c30ae3be811a2286f127e6c938f5d2f5bd50490c05cf333cf89a008449b8df6,"{""d"":3.0,""p"":0.001,""r"":3.0}","{""obs_mistake_mask=E"":71}"
       128,        69,         0,   0.190,correlated_pymatching,dbc3f6272d19c1fd4fea515a43bc88313b9f9e9bc8eb307e466b9cb34abc2403,"{""d"":5.0,""p"":0.1,""r"":5.0}","{""obs_mistake_mask=E"":69}"
      2048,         2,         0,   0.123,correlated_pymatching,da7f3bc117407235f65b2cba2770810c7d0d78bf5feaef4fdef839039002616d,"{""d"":5.0,""p"":0.001,""r"":5.0}","{""obs_mistake_mask=E"":2}"
      7168,        60,         0,   0.299,correlated_pymatching,3c30ae3be811a2286f127e6c938f5d2f5bd50490c05cf333cf89a008449b8df6,"{""d"":3.0,""p"":0.001,""r"":3.0}","{""obs_mistake_mask=E"":60}"
         1,         0,         0,   0.084,correlated_pymatching,abcc8a91892db0fdcc49a3b19cf23d2c57e27237207439a37b2e089f65572705,"{""d"":5.0,""p"":0.002154434690031882,""r"":5.0}",
      6144,         0,         0,   0.309,correlated_pymatching,6d35f8f59c18aaa298f180ebcd54ded7e5df1fc00770e2007395ae0d5c53773b,"{""d"":5.0,""p"":0.00046415888336127773,""r"":5.0}",
      1024,         3,         0,   0.035,correlated_pymatching,3c30ae3be811a2286f127e6c938f5d2f5bd50490c05cf333cf89a008449b8df6,"{""d"":3.0,""p"":0.001,""r"":3.0}","{""obs_mistake_mask=E"":3}"
     11264,        15,         0,   0.406,correlated_pymatching,0d00ed142763757e40346c900459bab7349be32cfc9800fd9f1942d88128289a,"{""d"":3.0,""p"":0.00046415888336127773,""r"":3.0}","{""obs_mistake_mask=E"":15}"
       256,       132,         0,   0.362,correlated_pymatching,150c72e9b6d6b7f577753ace700b6e4b59df341bfb087d201d8a0053bdc72cec,"{""d"":5.0,""p"":0.046415888336127774,""r"":5.0}","{""obs_mistake_mask=E"":132}"
        32,        20,         0,   0.264,correlated_pymatching,339e7e9acf22cda8aa54b3b571ad772f6433c3f874a11be51288e588c1d8f749,"{""d"":7.0,""p"":0.01,""r"":7.0}","{""obs_mistake_mask=E"":20}"
      3072,         0,         0,   0.142,correlated_pymatching,6d35f8f59c18aaa298f180ebcd54ded7e5df1fc00770e2007395ae0d5c53773b,"{""d"":5.0,""p"":0.00046415888336127773,""r"":5.0}",
      3072,         4,         0,   0.338,correlated_pymatching,da7f3bc117407235f65b2cba2770810c7d0d78bf5feaef4fdef839039002616d,"{""d"":5.0,""p"":0.001,""r"":5.0}","{""obs_mistake_mask=E"":4}"
      4096,         0,         0,   0.359,correlated_pymatching,9a8f74bf0ecff9766b57c08fd7cee049b588d4e891da77284372791f989387f7,"{""d"":5.0,""p"":0.00021544346900318845,""r"":5.0}",
     12288,         5,         0,   0.419,correlated_pymatching,e283e9997c1dca1b74f7003d28d05cebe22cf5bf60a08c9d596efd46ac3ff5b6,"{""d"":3.0,""p"":0.00021544346900318845,""r"":3.0}","{""obs_mistake_mask=E"":5}"
        64,         0,         0,   0.117,correlated_pymatching,08c324b98273b01d709a14cba6b7399db9a1df88b620b9b96033edf73595d13b,"{""d"":7.0,""p"":0.002154434690031882,""r"":7.0}",
         4,         0,         0,   0.076,correlated_pymatching,abcc8a91892db0fdcc49a3b19cf23d2c57e27237207439a37b2e089f65572705,"{""d"":5.0,""p"":0.002154434690031882,""r"":5.0}",
         4,         0,         0,   0.182,correlated_pymatching,ca5082d95a5eb3b5338a9e234d06ab22da68da62ca4e690b2c55dcde2c6f8487,"{""d"":7.0,""p"":0.001,""r"":7.0}",
      2048,         1,         0,   0.113,correlated_pymatching,da7f3bc117407235f65b2cba2770810c7d0d78bf5feaef4fdef839039002616d,"{""d"":5.0,""p"":0.001,""r"":5.0}","{""obs_mistake_mask=E"":1}"
       256,         0,         0,   0.141,correlated_pymatching,9a8f74bf0ecff9766b57c08fd7cee049b588d4e891da77284372791f989387f7,"{""d"":5.0,""p"":0.00021544346900318845,""r"":5.0}",
       256,         0,         0,   0.140,correlated_pymatching,57fd446569d71e703d4e3b3c933a7a27eb3df2fcc8d32850d9b309f58c427968,"{""d"":5.0,""p"":0.0001,""r"":5.0}",
        32,        14,         0,   0.312,correlated_pymatching,0006e8233ae6b50eeb32a824f0e55ce2d007a96d1e3374771a5674d61963b1f4,"{""d"":7.0,""p"":0.021544346900318822,""r"":7.0}","{""obs_mistake_mask=E"":14}"
        64,         0,         0,   0.211,correlated_pymatching,bebbad4e559ffded47cdbff4eb6ee9e01c7cf232957d5a8fcc53fa89adffd8c6,"{""d"":7.0,""p"":0.0001,""r"":7.0}",
         1,         0,         0,   0.298,correlated_pymatching,0259a37d81f7967b4b8ec4bb9481c75f99e79b3fd57b573fa80be7c7461d317d,"{""d"":7.0,""p"":0.00046415888336127773,""r"":7.0}",
        16,         0,         0,   0.081,correlated_pymatching,abcc8a91892db0fdcc49a3b19cf23d2c57e27237207439a37b2e089f65572705,"{""d"":5.0,""p"":0.002154434690031882,""r"":5.0}",
        64,         0,         0,   0.211,correlated_pymatching,0ea130b53ccb2550443c16f0c92974b75297641bafbf982c2963fe27de0e8a7e,"{""d"":7.0,""p"":0.00021544346900318845,""r"":7.0}",
      2048,        20,         0,   0.311,correlated_pymatching,abcc8a91892db0fdcc49a3b19cf23d2c57e27237207439a37b2e089f65572705,"{""d"":5.0,""p"":0.002154434690031882,""r"":5.0}","{""obs_mistake_mask=E"":20}"
         1,         1,         0,   0.348,correlated_pymatching,488cdd47167a7ab4457beb1a569894adc478bcdf00bb295d64c2a6ae6e46db66,"{""d"":7.0,""p"":0.046415888336127774,""r"":7.0}","{""obs_mistake_mask=E"":1}"
        64,         1,         0,   0.082,correlated_pymatching,abcc8a91892db0fdcc49a3b19cf23d2c57e27237207439a37b2e089f65572705,"{""d"":5.0,""p"":0.002154434690031882,""r"":5.0}","{""obs_mistake_mask=E"":1}"
     33792,        20,         0,   0.411,correlated_pymatching,e283e9997c1dca1b74f7003d28d05cebe22cf5bf60a08c9d596efd46ac3ff5b6,"{""d"":3.0,""p"":0.00021544346900318845,""r"":3.0}","{""obs_mistake_mask=E"":20}"
      3072,         0,         0,   0.201,correlated_pymatching,6d35f8f59c18aaa298f180ebcd54ded7e5df1fc00770e2007395ae0d5c53773b,"{""d"":5.0,""p"":0.00046415888336127773,""r"":5.0}",
         1,         1,         0,   0.352,correlated_pymatching,c4dcca6e0f3415d9bdee0abf3ba7924076ad29286023ec9be9d6116cd88321f3,"{""d"":7.0,""p"":0.1,""r"":7.0}","{""obs_mistake_mask=E"":1}"
       256,         0,         0,   0.182,correlated_pymatching,08c324b98273b01d709a14cba6b7399db9a1df88b620b9b96033edf73595d13b,"{""d"":7.0,""p"":0.002154434690031882,""r"":7.0}",
      1024,         0,         0,   0.164,correlated_pymatching,57fd446569d71e703d4e3b3c933a7a27eb3df2fcc8d32850d9b309f58c427968,"{""d"":5.0,""p"":0.0001,""r"":5.0}",
      2048,         2,         0,   0.183,correlated_pymatching,da7f3bc117407235f65b2cba2770810c7d0d78bf5feaef4fdef839039002616d,"{""d"":5.0,""p"":0.001,""r"":5.0}","{""obs_mistake_mask=E"":2}"
        32,        14,         0,   0.392,correlated_pymatching,c4dcca6e0f3415d9bdee0abf3ba7924076ad29286023ec9be9d6116cd88321f3,"{""d"":7.0,""p"":0.1,""r"":7.0}","{""obs_mistake_mask=E"":14}"
      1024,         0,         0,   0.176,correlated_pymatching,9a8f74bf0ecff9766b57c08fd7cee049b588d4e891da77284372791f989387f7,"{""d"":5.0,""p"":0.00021544346900318845,""r"":5.0}",
     12288,         4,         0,   0.437,correlated_pymatching,bb443dac09bde403296efc8c24817ea11c419366ff10ed539e61f56af8e7ecd1,"{""d"":3.0,""p"":0.0001,""r"":3.0}","{""obs_mistake_mask=E"":4}"
         1,         1,         0,   0.356,correlated_pymatching,15d1edbbde98fe22bd103ebdcf00c70bb59783cfae577ba93cf4e337ccf3c313,"{""d"":7.0,""p"":0.004641588833612777,""r"":7.0}","{""obs_mistake_mask=E"":1}"
       256,         5,         0,   0.100,correlated_pymatching,abcc8a91892db0fdcc49a3b19cf23d2c57e27237207439a37b2e089f65572705,"{""d"":5.0,""p"":0.002154434690031882,""r"":5.0}","{""obs_mistake_mask=E"":5}"
         8,         0,         0,   0.266,correlated_pymatching,ca5082d95a5eb3b5338a9e234d06ab22da68da62ca4e690b2c55dcde2c6f8487,"{""d"":7.0,""p"":0.001,""r"":7.0}",
       128,         0,         0,   0.216,correlated_pymatching,bebbad4e559ffded47cdbff4eb6ee9e01c7cf232957d5a8fcc53fa89adffd8c6,"{""d"":7.0,""p"":0.0001,""r"":7.0}",
        64,        31,         0,   0.324,correlated_pymatching,339e7e9acf22cda8aa54b3b571ad772f6433c3f874a11be51288e588c1d8f749,"{""d"":7.0,""p"":0.01,""r"":7.0}","{""obs_mistake_mask=E"":31}"
     11264,        26,         0,   0.427,correlated_pymatching,0d00ed142763757e40346c900459bab7349be32cfc9800fd9f1942d88128289a,"{""d"":3.0,""p"":0.00046415888336127773,""r"":3.0}","{""obs_mistake_mask=E"":26}"
       128,         0,         0,   0.211,correlated_pymatching,0ea130b53ccb2550443c16f0c92974b75297641bafbf982c2963fe27de0e8a7e,"{""d"":7.0,""p"":0.00021544346900318845,""r"":7.0}",
      7168,         0,         0,   0.414,correlated_pymatching,57fd446569d71e703d4e3b3c933a7a27eb3df2fcc8d32850d9b309f58c427968,"{""d"":5.0,""p"":0.0001,""r"":5.0}",
      1024,         0,         0,   0.151,correlated_pymatching,57fd446569d71e703d4e3b3c933a7a27eb3df2fcc8d32850d9b309f58c427968,"{""d"":5.0,""p"":0.0001,""r"":5.0}",
      6144,         1,         0,   0.428,correlated_pymatching,6d35f8f59c18aaa298f180ebcd54ded7e5df1fc00770e2007395ae0d5c53773b,"{""d"":5.0,""p"":0.00046415888336127773,""r"":5.0}","{""obs_mistake_mask=E"":1}"
        32,        15,         0,   0.307,correlated_pymatching,0006e8233ae6b50eeb32a824f0e55ce2d007a96d1e3374771a5674d61963b1f4,"{""d"":7.0,""p"":0.021544346900318822,""r"":7.0}","{""obs_mistake_mask=E"":15}"
      1024,         0,         0,   0.159,correlated_pymatching,9a8f74bf0ecff9766b57c08fd7cee049b588d4e891da77284372791f989387f7,"{""d"":5.0,""p"":0.00021544346900318845,""r"":5.0}",
       256,       133,         0,   0.470,correlated_pymatching,dbc3f6272d19c1fd4fea515a43bc88313b9f9e9bc8eb307e466b9cb34abc2403,"{""d"":5.0,""p"":0.1,""r"":5.0}","{""obs_mistake_mask=E"":133}"
      1024,        14,         0,   0.154,correlated_pymatching,abcc8a91892db0fdcc49a3b19cf23d2c57e27237207439a37b2e089f65572705,"{""d"":5.0,""p"":0.002154434690031882,""r"":5.0}","{""obs_mistake_mask=E"":14}"
      2048,         1,         0,   0.225,correlated_pymatching,da7f3bc117407235f65b2cba2770810c7d0d78bf5feaef4fdef839039002616d,"{""d"":5.0,""p"":0.001,""r"":5.0}","{""obs_mistake_mask=E"":1}"
         2,         0,         0,   0.353,correlated_pymatching,0259a37d81f7967b4b8ec4bb9481c75f99e79b3fd57b573fa80be7c7461d317d,"{""d"":7.0,""p"":0.00046415888336127773,""r"":7.0}",
      5120,         0,         0,   0.447,correlated_pymatching,9a8f74bf0ecff9766b57c08fd7cee049b588d4e891da77284372791f989387f7,"{""d"":5.0,""p"":0.00021544346900318845,""r"":5.0}",
     29696,         5,         0,   0.582,correlated_pymatching,bb443dac09bde403296efc8c24817ea11c419366ff10ed539e61f56af8e7ecd1,"{""d"":3.0,""p"":0.0001,""r"":3.0}","{""obs_mistake_mask=E"":5}"
       128,        69,         0,   0.556,correlated_pymatching,488cdd47167a7ab4457beb1a569894adc478bcdf00bb295d64c2a6ae6e46db66,"{""d"":7.0,""p"":0.046415888336127774,""r"":7.0}","{""obs_mistake_mask=E"":69}"
      4096,         2,         0,   0.455,correlated_pymatching,da7f3bc117407235f65b2cba2770810c7d0d78bf5feaef4fdef839039002616d,"{""d"":5.0,""p"":0.001,""r"":5.0}","{""obs_mistake_mask=E"":2}"
         1,         0,         0,   0.206,correlated_pymatching,0ea130b53ccb2550443c16f0c92974b75297641bafbf982c2963fe27de0e8a7e,"{""d"":7.0,""p"":0.00021544346900318845,""r"":7.0}",
      3072,         1,         0,   0.283,correlated_pymatching,6d35f8f59c18aaa298f180ebcd54ded7e5df1fc00770e2007395ae0d5c53773b,"{""d"":5.0,""p"":0.00046415888336127773,""r"":5.0}","{""obs_mistake_mask=E"":1}"
       256,         0,         0,   0.210,correlated_pymatching,bebbad4e559ffded47cdbff4eb6ee9e01c7cf232957d5a8fcc53fa89adffd8c6,"{""d"":7.0,""p"":0.0001,""r"":7.0}",
      1024,         0,         0,   0.156,correlated_pymatching,57fd446569d71e703d4e3b3c933a7a27eb3df2fcc8d32850d9b309f58c427968,"{""d"":5.0,""p"":0.0001,""r"":5.0}",
         1,         1,         0,   0.356,correlated_pymatching,488cdd47167a7ab4457beb1a569894adc478bcdf00bb295d64c2a6ae6e46db66,"{""d"":7.0,""p"":0.046415888336127774,""r"":7.0}","{""obs_mistake_mask=E"":1}"
         1,         0,         0,   0.348,correlated_pymatching,c4dcca6e0f3415d9bdee0abf3ba7924076ad29286023ec9be9d6116cd88321f3,"{""d"":7.0,""p"":0.1,""r"":7.0}",
         1,         0,         0,   0.136,correlated_pymatching,dbc3f6272d19c1fd4fea515a43bc88313b9f9e9bc8eb307e466b9cb34abc2403,"{""d"":5.0,""p"":0.1,""r"":5.0}",
       256,         0,         0,   0.226,correlated_pymatching,0ea130b53ccb2550443c16f0c92974b75297641bafbf982c2963fe27de0e8a7e,"{""d"":7.0,""p"":0.00021544346900318845,""r"":7.0}",
       512,         1,         0,   0.348,correlated_pymatching,08c324b98273b01d709a14cba6b7399db9a1df88b620b9b96033edf73595d13b,"{""d"":7.0,""p"":0.002154434690031882,""r"":7.0}","{""obs_mistake_mask=E"":1}"
      1024,         0,         0,   0.156,correlated_pymatching,9a8f74bf0ecff9766b57c08fd7cee049b588d4e891da77284372791f989387f7,"{""d"":5.0,""p"":0.00021544346900318845,""r"":5.0}",
     16384,        29,         0,   0.585,correlated_pymatching,0d00ed142763757e40346c900459bab7349be32cfc9800fd9f1942d88128289a,"{""d"":3.0,""p"":0.00046415888336127773,""r"":3.0}","{""obs_mistake_mask=E"":29}"
      3072,        36,         0,   0.465,correlated_pymatching,abcc8a91892db0fdcc49a3b19cf23d2c57e27237207439a37b2e089f65572705,"{""d"":5.0,""p"":0.002154434690031882,""r"":5.0}","{""obs_mistake_mask=E"":36}"
      1024,         9,         0,   0.157,correlated_pymatching,abcc8a91892db0fdcc49a3b19cf23d2c57e27237207439a37b2e089f65572705,"{""d"":5.0,""p"":0.002154434690031882,""r"":5.0}","{""obs_mistake_mask=E"":9}"
        32,        12,         0,   0.368,correlated_pymatching,c4dcca6e0f3415d9bdee0abf3ba7924076ad29286023ec9be9d6116cd88321f3,"{""d"":7.0,""p"":0.1,""r"":7.0}","{""obs_mistake_mask=E"":12}"
         1,         0,         0,   0.352,correlated_pymatching,15d1edbbde98fe22bd103ebdcf00c70bb59783cfae577ba93cf4e337ccf3c313,"{""d"":7.0,""p"":0.004641588833612777,""r"":7.0}",
     17408,         9,         0,   0.597,correlated_pymatching,e283e9997c1dca1b74f7003d28d05cebe22cf5bf60a08c9d596efd46ac3ff5b6,"{""d"":3.0,""p"":0.00021544346900318845,""r"":3.0}","{""obs_mistake_mask=E"":9}"
        64,        28,         0,   0.324,correlated_pymatching,339e7e9acf22cda8aa54b3b571ad772f6433c3f874a11be51288e588c1d8f749,"{""d"":7.0,""p"":0.01,""r"":7.0}","{""obs_mistake_mask=E"":28}"
        16,         0,         0,   0.347,correlated_pymatching,ca5082d95a5eb3b5338a9e234d06ab22da68da62ca4e690b2c55dcde2c6f8487,"{""d"":7.0,""p"":0.001,""r"":7.0}",
        32,        20,         0,   0.293,correlated_pymatching,0006e8233ae6b50eeb32a824f0e55ce2d007a96d1e3374771a5674d61963b1f4,"{""d"":7.0,""p"":0.021544346900318822,""r"":7.0}","{""obs_mistake_mask=E"":20}"
      1024,         0,         0,   0.152,correlated_pymatching,57fd446569d71e703d4e3b3c933a7a27eb3df2fcc8d32850d9b309f58c427968,"{""d"":5.0,""p"":0.0001,""r"":5.0}",
         4,         3,         0,   0.144,correlated_pymatching,dbc3f6272d19c1fd4fea515a43bc88313b9f9e9bc8eb307e466b9cb34abc2403,"{""d"":5.0,""p"":0.1,""r"":5.0}","{""obs_mistake_mask=E"":3}"
         2,         0,         0,   0.224,correlated_pymatching,0ea130b53ccb2550443c16f0c92974b75297641bafbf982c2963fe27de0e8a7e,"{""d"":7.0,""p"":0.00021544346900318845,""r"":7.0}",
      1024,         0,         0,   0.149,correlated_pymatching,9a8f74bf0ecff9766b57c08fd7cee049b588d4e891da77284372791f989387f7,"{""d"":5.0,""p"":0.00021544346900318845,""r"":5.0}",
       512,         0,         0,   0.229,correlated_pymatching,bebbad4e559ffded47cdbff4eb6ee9e01c7cf232957d5a8fcc53fa89adffd8c6,"{""d"":7.0,""p"":0.0001,""r"":7.0}",
      1024,        15,         0,   0.156,correlated_pymatching,abcc8a91892db0fdcc49a3b19cf23d2c57e27237207439a37b2e089f65572705,"{""d"":5.0,""p"":0.002154434690031882,""r"":5.0}","{""obs_mistake_mask=E"":15}"
     28672,        18,         0,   0.576,correlated_pymatching,e283e9997c1dca1b74f7003d28d05cebe22cf5bf60a08c9d596efd46ac3ff5b6,"{""d"":3.0,""p"":0.00021544346900318845,""r"":3.0}","{""obs_mistake_mask=E"":18}"
       512,         0,         0,   0.228,correlated_pymatching,0ea130b53ccb2550443c16f0c92974b75297641bafbf982c2963fe27de0e8a7e,"{""d"":7.0,""p"":0.00021544346900318845,""r"":7.0}",
      3072,         5,         0,   0.341,correlated_pymatching,da7f3bc117407235f65b2cba2770810c7d0d78bf5feaef4fdef839039002616d,"{""d"":5.0,""p"":0.001,""r"":5.0}","{""obs_mistake_mask=E"":5}"
         2,         0,         0,   0.372,correlated_pymatching,0259a37d81f7967b4b8ec4bb9481c75f99e79b3fd57b573fa80be7c7461d317d,"{""d"":7.0,""p"":0.00046415888336127773,""r"":7.0}",
     17408,         5,         0,   0.594,correlated_pymatching,bb443dac09bde403296efc8c24817ea11c419366ff10ed539e61f56af8e7ecd1,"{""d"":3.0,""p"":0.0001,""r"":3.0}","{""obs_mistake_mask=E"":5}"
      4096,         0,         0,   0.376,correlated_pymatching,6d35f8f59c18aaa298f180ebcd54ded7e5df1fc00770e2007395ae0d5c53773b,"{""d"":5.0,""p"":0.00046415888336127773,""r"":5.0}",
        16,        10,         0,   0.164,correlated_pymatching,dbc3f6272d19c1fd4fea515a43bc88313b9f9e9bc8eb307e466b9cb34abc2403,"{""d"":5.0,""p"":0.1,""r"":5.0}","{""obs_mistake_mask=E"":10}"
         4,         0,         0,   0.208,correlated_pymatching,0ea130b53ccb2550443c16f0c92974b75297641bafbf982c2963fe27de0e8a7e,"{""d"":7.0,""p"":0.00021544346900318845,""r"":7.0}",
     16384,        35,         0,   0.589,correlated_pymatching,0d00ed142763757e40346c900459bab7349be32cfc9800fd9f1942d88128289a,"{""d"":3.0,""p"":0.00046415888336127773,""r"":3.0}","{""obs_mistake_mask=E"":35}"
       512,         5,         0,   0.360,correlated_pymatching,08c324b98273b01d709a14cba6b7399db9a1df88b620b9b96033edf73595d13b,"{""d"":7.0,""p"":0.002154434690031882,""r"":7.0}","{""obs_mistake_mask=E"":5}"
         1,         0,         0,   0.373,correlated_pymatching,c4dcca6e0f3415d9bdee0abf3ba7924076ad29286023ec9be9d6116cd88321f3,"{""d"":7.0,""p"":0.1,""r"":7.0}",
         1,         1,         0,   0.376,correlated_pymatching,488cdd47167a7ab4457beb1a569894adc478bcdf00bb295d64c2a6ae6e46db66,"{""d"":7.0,""p"":0.046415888336127774,""r"":7.0}","{""obs_mistake_mask=E"":1}"
      1024,        12,         0,   0.165,correlated_pymatching,abcc8a91892db0fdcc49a3b19cf23d2c57e27237207439a37b2e089f65572705,"{""d"":5.0,""p"":0.002154434690031882,""r"":5.0}","{""obs_mistake_mask=E"":12}"
      7168,         0,         0,   0.610,correlated_pymatching,57fd446569d71e703d4e3b3c933a7a27eb3df2fcc8d32850d9b309f58c427968,"{""d"":5.0,""p"":0.0001,""r"":5.0}",
        64,        32,         0,   0.344,correlated_pymatching,339e7e9acf22cda8aa54b3b571ad772f6433c3f874a11be51288e588c1d8f749,"{""d"":7.0,""p"":0.01,""r"":7.0}","{""obs_mistake_mask=E"":32}"
         1,         0,         0,   0.369,correlated_pymatching,bebbad4e559ffded47cdbff4eb6ee9e01c7cf232957d5a8fcc53fa89adffd8c6,"{""d"":7.0,""p"":0.0001,""r"":7.0}",
      6144,         1,         0,   0.594,correlated_pymatching,6d35f8f59c18aaa298f180ebcd54ded7e5df1fc00770e2007395ae0d5c53773b,"{""d"":5.0,""p"":0.00046415888336127773,""r"":5.0}","{""obs_mistake_mask=E"":1}"
      2048,         0,         0,   0.304,correlated_pymatching,57fd446569d71e703d4e3b3c933a7a27eb3df2fcc8d32850d9b309f58c427968,"{""d"":5.0,""p"":0.0001,""r"":5.0}",
        32,        19,         0,   0.392,correlated_pymatching,c4dcca6e0f3415d9bdee0abf3ba7924076ad29286023ec9be9d6116cd88321f3,"{""d"":7.0,""p"":0.1,""r"":7.0}","{""obs_mistake_mask=E"":19}"
         1,         0,         0,   0.384,correlated_pymatching,15d1edbbde98fe22bd103ebdcf00c70bb59783cfae577ba93cf4e337ccf3c313,"{""d"":7.0,""p"":0.004641588833612777,""r"":7.0}",
        16,         0,         0,   0.360,correlated_pymatching,ca5082d95a5eb3b5338a9e234d06ab22da68da62ca4e690b2c55dcde2c6f8487,"{""d"":7.0,""p"":0.001,""r"":7.0}",
      2048,         0,         0,   0.310,correlated_pymatching,9a8f74bf0ecff9766b57c08fd7cee049b588d4e891da77284372791f989387f7,"{""d"":5.0,""p"":0.00021544346900318845,""r"":5.0}",
        32,        18,         0,   0.191,correlated_pymatching,dbc3f6272d19c1fd4fea515a43bc88313b9f9e9bc8eb307e466b9cb34abc2403,"{""d"":5.0,""p"":0.1,""r"":5.0}","{""obs_mistake_mask=E"":18}"
      5120,         1,         0,   0.586,correlated_pymatching,da7f3bc117407235f65b2cba2770810c7d0d78bf5feaef4fdef839039002616d,"{""d"":5.0,""p"":0.001,""r"":5.0}","{""obs_mistake_mask=E"":1}"
       256,       138,         0,   0.672,correlated_pymatching,dbc3f6272d19c1fd4fea515a43bc88313b9f9e9bc8eb307e466b9cb34abc2403,"{""d"":5.0,""p"":0.1,""r"":5.0}","{""obs_mistake_mask=E"":138}"
      7168,         0,         0,   0.653,correlated_pymatching,9a8f74bf0ecff9766b57c08fd7cee049b588d4e891da77284372791f989387f7,"{""d"":5.0,""p"":0.00021544346900318845,""r"":5.0}",
        64,        30,         0,   0.444,correlated_pymatching,0006e8233ae6b50eeb32a824f0e55ce2d007a96d1e3374771a5674d61963b1f4,"{""d"":7.0,""p"":0.021544346900318822,""r"":7.0}","{""obs_mistake_mask=E"":30}"
         8,         0,         0,   0.224,correlated_pymatching,0ea130b53ccb2550443c16f0c92974b75297641bafbf982c2963fe27de0e8a7e,"{""d"":7.0,""p"":0.00021544346900318845,""r"":7.0}",
         2,         0,         0,   0.346,correlated_pymatching,0259a37d81f7967b4b8ec4bb9481c75f99e79b3fd57b573fa80be7c7461d317d,"{""d"":7.0,""p"":0.00046415888336127773,""r"":7.0}",
       128,        68,         0,   0.751,correlated_pymatching,488cdd47167a7ab4457beb1a569894adc478bcdf00bb295d64c2a6ae6e46db66,"{""d"":7.0,""p"":0.046415888336127774,""r"":7.0}","{""obs_mistake_mask=E"":68}"
      4096,        41,         0,   0.647,correlated_pymatching,abcc8a91892db0fdcc49a3b19cf23d2c57e27237207439a37b2e089f65572705,"{""d"":5.0,""p"":0.002154434690031882,""r"":5.0}","{""obs_mistake_mask=E"":41}"
      2048,         0,         0,   0.491,correlated_pymatching,bebbad4e559ffded47cdbff4eb6ee9e01c7cf232957d5a8fcc53fa89adffd8c6,"{""d"":7.0,""p"":0.0001,""r"":7.0}",
      2048,        24,         0,   0.326,correlated_pymatching,abcc8a91892db0fdcc49a3b19cf23d2c57e27237207439a37b2e089f65572705,"{""d"":5.0,""p"":0.002154434690031882,""r"":5.0}","{""obs_mistake_mask=E"":24}"
      4096,         6,         0,   0.455,correlated_pymatching,da7f3bc117407235f65b2cba2770810c7d0d78bf5feaef4fdef839039002616d,"{""d"":5.0,""p"":0.001,""r"":5.0}","{""obs_mistake_mask=E"":6}"
       512,         3,         0,   0.343,correlated_pymatching,08c324b98273b01d709a14cba6b7399db9a1df88b620b9b96033edf73595d13b,"{""d"":7.0,""p"":0.002154434690031882,""r"":7.0}","{""obs_mistake_mask=E"":3}"
         1,         0,         0,   0.358,correlated_pymatching,c4dcca6e0f3415d9bdee0abf3ba7924076ad29286023ec9be9d6116cd88321f3,"{""d"":7.0,""p"":0.1,""r"":7.0}",
         1,         1,         0,   0.354,correlated_pymatching,488cdd47167a7ab4457beb1a569894adc478bcdf00bb295d64c2a6ae6e46db66,"{""d"":7.0,""p"":0.046415888336127774,""r"":7.0}","{""obs_mistake_mask=E"":1}"
     40960,        15,         0,   0.811,correlated_pymatching,bb443dac09bde403296efc8c24817ea11c419366ff10ed539e61f56af8e7ecd1,"{""d"":3.0,""p"":0.0001,""r"":3.0}","{""obs_mistake_mask=E"":15}"
      2048,         0,         0,   0.506,correlated_pymatching,0ea130b53ccb2550443c16f0c92974b75297641bafbf982c2963fe27de0e8a7e,"{""d"":7.0,""p"":0.00021544346900318845,""r"":7.0}",
        64,        33,         0,   0.252,correlated_pymatching,dbc3f6272d19c1fd4fea515a43bc88313b9f9e9bc8eb307e466b9cb34abc2403,"{""d"":5.0,""p"":0.1,""r"":5.0}","{""obs_mistake_mask=E"":33}"
        64,        28,         0,   0.323,correlated_pymatching,339e7e9acf22cda8aa54b3b571ad772f6433c3f874a11be51288e588c1d8f749,"{""d"":7.0,""p"":0.01,""r"":7.0}","{""obs_mistake_mask=E"":28}"
      5120,         0,         0,   0.475,correlated_pymatching,6d35f8f59c18aaa298f180ebcd54ded7e5df1fc00770e2007395ae0d5c53773b,"{""d"":5.0,""p"":0.00046415888336127773,""r"":5.0}",
      2048,         0,         0,   0.334,correlated_pymatching,57fd446569d71e703d4e3b3c933a7a27eb3df2fcc8d32850d9b309f58c427968,"{""d"":5.0,""p"":0.0001,""r"":5.0}",
      2048,         0,         0,   0.319,correlated_pymatching,9a8f74bf0ecff9766b57c08fd7cee049b588d4e891da77284372791f989387f7,"{""d"":5.0,""p"":0.00021544346900318845,""r"":5.0}",
        16,         0,         0,   0.213,correlated_pymatching,0ea130b53ccb2550443c16f0c92974b75297641bafbf982c2963fe27de0e8a7e,"{""d"":7.0,""p"":0.00021544346900318845,""r"":7.0}",
        16,         0,         0,   0.348,correlated_pymatching,ca5082d95a5eb3b5338a9e234d06ab22da68da62ca4e690b2c55dcde2c6f8487,"{""d"":7.0,""p"":0.001,""r"":7.0}",
         1,         0,         0,   0.372,correlated_pymatching,bebbad4e559ffded47cdbff4eb6ee9e01c7cf232957d5a8fcc53fa89adffd8c6,"{""d"":7.0,""p"":0.0001,""r"":7.0}",
         1,         0,         0,   0.358,correlated_pymatching,15d1edbbde98fe22bd103ebdcf00c70bb59783cfae577ba93cf4e337ccf3c313,"{""d"":7.0,""p"":0.004641588833612777,""r"":7.0}",
        32,        18,         0,   0.363,correlated_pymatching,c4dcca6e0f3415d9bdee0abf3ba7924076ad29286023ec9be9d6116cd88321f3,"{""d"":7.0,""p"":0.1,""r"":7.0}","{""obs_mistake_mask=E"":18}"
     22528,        66,         0,   0.812,correlated_pymatching,0d00ed142763757e40346c900459bab7349be32cfc9800fd9f1942d88128289a,"{""d"":3.0,""p"":0.00046415888336127773,""r"":3.0}","{""obs_mistake_mask=E"":66}"
     23552,        24,         0,   0.812,correlated_pymatching,e283e9997c1dca1b74f7003d28d05cebe22cf5bf60a08c9d596efd46ac3ff5b6,"{""d"":3.0,""p"":0.00021544346900318845,""r"":3.0}","{""obs_mistake_mask=E"":24}"
         2,         0,         0,   0.348,correlated_pymatching,0259a37d81f7967b4b8ec4bb9481c75f99e79b3fd57b573fa80be7c7461d317d,"{""d"":7.0,""p"":0.00046415888336127773,""r"":7.0}",
        64,        35,         0,   0.407,correlated_pymatching,0006e8233ae6b50eeb32a824f0e55ce2d007a96d1e3374771a5674d61963b1f4,"{""d"":7.0,""p"":0.021544346900318822,""r"":7.0}","{""obs_mistake_mask=E"":35}"
        32,         0,         0,   0.209,correlated_pymatching,0ea130b53ccb2550443c16f0c92974b75297641bafbf982c2963fe27de0e8a7e,"{""d"":7.0,""p"":0.00021544346900318845,""r"":7.0}",
      2048,        26,         0,   0.311,correlated_pymatching,abcc8a91892db0fdcc49a3b19cf23d2c57e27237207439a37b2e089f65572705,"{""d"":5.0,""p"":0.002154434690031882,""r"":5.0}","{""obs_mistake_mask=E"":26}"
     40960,        32,         0,   0.799,correlated_pymatching,e283e9997c1dca1b74f7003d28d05cebe22cf5bf60a08c9d596efd46ac3ff5b6,"{""d"":3.0,""p"":0.00021544346900318845,""r"":3.0}","{""obs_mistake_mask=E"":32}"
         1,         0,         0,   0.343,correlated_pymatching,c4dcca6e0f3415d9bdee0abf3ba7924076ad29286023ec9be9d6116cd88321f3,"{""d"":7.0,""p"":0.1,""r"":7.0}",
        64,        31,         0,   0.316,correlated_pymatching,339e7e9acf22cda8aa54b3b571ad772f6433c3f874a11be51288e588c1d8f749,"{""d"":7.0,""p"":0.01,""r"":7.0}","{""obs_mistake_mask=E"":31}"
         1,         1,         0,   0.352,correlated_pymatching,488cdd47167a7ab4457beb1a569894adc478bcdf00bb295d64c2a6ae6e46db66,"{""d"":7.0,""p"":0.046415888336127774,""r"":7.0}","{""obs_mistake_mask=E"":1}"
     22528,         4,         0,   0.800,correlated_pymatching,bb443dac09bde403296efc8c24817ea11c419366ff10ed539e61f56af8e7ecd1,"{""d"":3.0,""p"":0.0001,""r"":3.0}","{""obs_mistake_mask=E"":4}"
         1,         0,         0,   0.347,correlated_pymatching,bebbad4e559ffded47cdbff4eb6ee9e01c7cf232957d5a8fcc53fa89adffd8c6,"{""d"":7.0,""p"":0.0001,""r"":7.0}",
      2048,         0,         0,   0.462,correlated_pymatching,bebbad4e559ffded47cdbff4eb6ee9e01c7cf232957d5a8fcc53fa89adffd8c6,"{""d"":7.0,""p"":0.0001,""r"":7.0}",
         1,         0,         0,   0.348,correlated_pymatching,15d1edbbde98fe22bd103ebdcf00c70bb59783cfae577ba93cf4e337ccf3c313,"{""d"":7.0,""p"":0.004641588833612777,""r"":7.0}",
        16,         0,         0,   0.359,correlated_pymatching,ca5082d95a5eb3b5338a9e234d06ab22da68da62ca4e690b2c55dcde2c6f8487,"{""d"":7.0,""p"":0.001,""r"":7.0}",
     21504,        48,         0,   0.800,correlated_pymatching,0d00ed142763757e40346c900459bab7349be32cfc9800fd9f1942d88128289a,"{""d"":3.0,""p"":0.00046415888336127773,""r"":3.0}","{""obs_mistake_mask=E"":48}"
        32,        15,         0,   0.372,correlated_pymatching,c4dcca6e0f3415d9bdee0abf3ba7924076ad29286023ec9be9d6116cd88321f3,"{""d"":7.0,""p"":0.1,""r"":7.0}","{""obs_mistake_mask=E"":15}"
        64,         0,         0,   0.216,correlated_pymatching,0ea130b53ccb2550443c16f0c92974b75297641bafbf982c2963fe27de0e8a7e,"{""d"":7.0,""p"":0.00021544346900318845,""r"":7.0}",
      2048,         0,         0,   0.501,correlated_pymatching,0ea130b53ccb2550443c16f0c92974b75297641bafbf982c2963fe27de0e8a7e,"{""d"":7.0,""p"":0.00021544346900318845,""r"":7.0}",
     10240,         0,         0,   0.848,correlated_pymatching,57fd446569d71e703d4e3b3c933a7a27eb3df2fcc8d32850d9b309f58c427968,"{""d"":5.0,""p"":0.0001,""r"":5.0}",
      3072,         0,         0,   0.460,correlated_pymatching,57fd446569d71e703d4e3b3c933a7a27eb3df2fcc8d32850d9b309f58c427968,"{""d"":5.0,""p"":0.0001,""r"":5.0}",
      3072,         0,         0,   0.468,correlated_pymatching,9a8f74bf0ecff9766b57c08fd7cee049b588d4e891da77284372791f989387f7,"{""d"":5.0,""p"":0.00021544346900318845,""r"":5.0}",
      9216,         0,         0,   0.852,correlated_pymatching,6d35f8f59c18aaa298f180ebcd54ded7e5df1fc00770e2007395ae0d5c53773b,"{""d"":5.0,""p"":0.00046415888336127773,""r"":5.0}",
         2,         0,         0,   0.356,correlated_pymatching,0259a37d81f7967b4b8ec4bb9481c75f99e79b3fd57b573fa80be7c7461d317d,"{""d"":7.0,""p"":0.00046415888336127773,""r"":7.0}",
      6144,         0,         0,   0.575,correlated_pymatching,6d35f8f59c18aaa298f180ebcd54ded7e5df1fc00770e2007395ae0d5c53773b,"{""d"":5.0,""p"":0.00046415888336127773,""r"":5.0}",
      9216,         0,         0,   0.805,correlated_pymatching,9a8f74bf0ecff9766b57c08fd7cee049b588d4e891da77284372791f989387f7,"{""d"":5.0,""p"":0.00021544346900318845,""r"":5.0}",
        64,        33,         0,   0.399,correlated_pymatching,0006e8233ae6b50eeb32a824f0e55ce2d007a96d1e3374771a5674d61963b1f4,"{""d"":7.0,""p"":0.021544346900318822,""r"":7.0}","{""obs_mistake_mask=E"":33}"
      6144,         2,         0,   0.682,correlated_pymatching,da7f3bc117407235f65b2cba2770810c7d0d78bf5feaef4fdef839039002616d,"{""d"":5.0,""p"":0.001,""r"":5.0}","{""obs_mistake_mask=E"":2}"
      1024,         2,         0,   0.682,correlated_pymatching,08c324b98273b01d709a14cba6b7399db9a1df88b620b9b96033edf73595d13b,"{""d"":7.0,""p"":0.002154434690031882,""r"":7.0}","{""obs_mistake_mask=E"":2}"
      8192,        12,         0,   0.909,correlated_pymatching,da7f3bc117407235f65b2cba2770810c7d0d78bf5feaef4fdef839039002616d,"{""d"":5.0,""p"":0.001,""r"":5.0}","{""obs_mistake_mask=E"":12}"
       128,        56,         0,   0.748,correlated_pymatching,488cdd47167a7ab4457beb1a569894adc478bcdf00bb295d64c2a6ae6e46db66,"{""d"":7.0,""p"":0.046415888336127774,""r"":7.0}","{""obs_mistake_mask=E"":56}"
         1,         0,         0,   0.352,correlated_pymatching,c4dcca6e0f3415d9bdee0abf3ba7924076ad29286023ec9be9d6116cd88321f3,"{""d"":7.0,""p"":0.1,""r"":7.0}",
         1,         1,         0,   0.349,correlated_pymatching,488cdd47167a7ab4457beb1a569894adc478bcdf00bb295d64c2a6ae6e46db66,"{""d"":7.0,""p"":0.046415888336127774,""r"":7.0}","{""obs_mistake_mask=E"":1}"
       128,         0,         0,   0.212,correlated_pymatching,0ea130b53ccb2550443c16f0c92974b75297641bafbf982c2963fe27de0e8a7e,"{""d"":7.0,""p"":0.00021544346900318845,""r"":7.0}",
      3072,        38,         0,   0.468,correlated_pymatching,abcc8a91892db0fdcc49a3b19cf23d2c57e27237207439a37b2e089f65572705,"{""d"":5.0,""p"":0.002154434690031882,""r"":5.0}","{""obs_mistake_mask=E"":38}"
         1,         0,         0,   0.348,correlated_pymatching,bebbad4e559ffded47cdbff4eb6ee9e01c7cf232957d5a8fcc53fa89adffd8c6,"{""d"":7.0,""p"":0.0001,""r"":7.0}",
         1,         0,         0,   0.348,correlated_pymatching,15d1edbbde98fe22bd103ebdcf00c70bb59783cfae577ba93cf4e337ccf3c313,"{""d"":7.0,""p"":0.004641588833612777,""r"":7.0}",
        16,         0,         0,   0.355,correlated_pymatching,ca5082d95a5eb3b5338a9e234d06ab22da68da62ca4e690b2c55dcde2c6f8487,"{""d"":7.0,""p"":0.001,""r"":7.0}",
        32,        16,         0,   0.360,correlated_pymatching,c4dcca6e0f3415d9bdee0abf3ba7924076ad29286023ec9be9d6116cd88321f3,"{""d"":7.0,""p"":0.1,""r"":7.0}","{""obs_mistake_mask=E"":16}"
         1,         0,         0,   0.376,correlated_pymatching,ca5082d95a5eb3b5338a9e234d06ab22da68da62ca4e690b2c55dcde2c6f8487,"{""d"":7.0,""p"":0.001,""r"":7.0}",
         1,         0,         0,   0.377,correlated_pymatching,0259a37d81f7967b4b8ec4bb9481c75f99e79b3fd57b573fa80be7c7461d317d,"{""d"":7.0,""p"":0.00046415888336127773,""r"":7.0}",
      6144,        66,         0,   0.937,correlated_pymatching,abcc8a91892db0fdcc49a3b19cf23d2c57e27237207439a37b2e089f65572705,"{""d"":5.0,""p"":0.002154434690031882,""r"":5.0}","{""obs_mistake_mask=E"":66}"
       256,         0,         0,   0.220,correlated_pymatching,0ea130b53ccb2550443c16f0c92974b75297641bafbf982c2963fe27de0e8a7e,"{""d"":7.0,""p"":0.00021544346900318845,""r"":7.0}",
         2,         0,         0,   0.348,correlated_pymatching,0259a37d81f7967b4b8ec4bb9481c75f99e79b3fd57b573fa80be7c7461d317d,"{""d"":7.0,""p"":0.00046415888336127773,""r"":7.0}",
       128,        61,         0,   0.648,correlated_pymatching,339e7e9acf22cda8aa54b3b571ad772f6433c3f874a11be51288e588c1d8f749,"{""d"":7.0,""p"":0.01,""r"":7.0}","{""obs_mistake_mask=E"":61}"
         1,         1,         0,   0.348,correlated_pymatching,c4dcca6e0f3415d9bdee0abf3ba7924076ad29286023ec9be9d6116cd88321f3,"{""d"":7.0,""p"":0.1,""r"":7.0}","{""obs_mistake_mask=E"":1}"
         1,         0,         0,   0.347,correlated_pymatching,488cdd47167a7ab4457beb1a569894adc478bcdf00bb295d64c2a6ae6e46db66,"{""d"":7.0,""p"":0.046415888336127774,""r"":7.0}",
        64,        28,         0,   0.417,correlated_pymatching,0006e8233ae6b50eeb32a824f0e55ce2d007a96d1e3374771a5674d61963b1f4,"{""d"":7.0,""p"":0.021544346900318822,""r"":7.0}","{""obs_mistake_mask=E"":28}"
     57344,        16,         0,    1.11,correlated_pymatching,bb443dac09bde403296efc8c24817ea11c419366ff10ed539e61f56af8e7ecd1,"{""d"":3.0,""p"":0.0001,""r"":3.0}","{""obs_mistake_mask=E"":16}"
      4096,         0,         0,   0.602,correlated_pymatching,57fd446569d71e703d4e3b3c933a7a27eb3df2fcc8d32850d9b309f58c427968,"{""d"":5.0,""p"":0.0001,""r"":5.0}",
         1,         0,         0,   0.351,correlated_pymatching,15d1edbbde98fe22bd103ebdcf00c70bb59783cfae577ba93cf4e337ccf3c313,"{""d"":7.0,""p"":0.004641588833612777,""r"":7.0}",
      3072,         0,         0,   0.705,correlated_pymatching,bebbad4e559ffded47cdbff4eb6ee9e01c7cf232957d5a8fcc53fa89adffd8c6,"{""d"":7.0,""p"":0.0001,""r"":7.0}",
         1,         0,         0,   0.360,correlated_pymatching,bebbad4e559ffded47cdbff4eb6ee9e01c7cf232957d5a8fcc53fa89adffd8c6,"{""d"":7.0,""p"":0.0001,""r"":7.0}",
       512,         0,         0,   0.224,correlated_pymatching,0ea130b53ccb2550443c16f0c92974b75297641bafbf982c2963fe27de0e8a7e,"{""d"":7.0,""p"":0.00021544346900318845,""r"":7.0}",
      4096,         0,         0,   0.624,correlated_pymatching,9a8f74bf0ecff9766b57c08fd7cee049b588d4e891da77284372791f989387f7,"{""d"":5.0,""p"":0.00021544346900318845,""r"":5.0}",
         1,         0,         0,   0.359,correlated_pymatching,ca5082d95a5eb3b5338a9e234d06ab22da68da62ca4e690b2c55dcde2c6f8487,"{""d"":7.0,""p"":0.001,""r"":7.0}",
         1,         0,         0,   0.347,correlated_pymatching,0259a37d81f7967b4b8ec4bb9481c75f99e79b3fd57b573fa80be7c7461d317d,"{""d"":7.0,""p"":0.00046415888336127773,""r"":7.0}",
     31744,        58,         0,    1.11,correlated_pymatching,0d00ed142763757e40346c900459bab7349be32cfc9800fd9f1942d88128289a,"{""d"":3.0,""p"":0.00046415888336127773,""r"":3.0}","{""obs_mistake_mask=E"":58}"
      3072,         0,         0,   0.728,correlated_pymatching,0ea130b53ccb2550443c16f0c92974b75297641bafbf982c2963fe27de0e8a7e,"{""d"":7.0,""p"":0.00021544346900318845,""r"":7.0}",
     31744,        17,         0,    1.11,correlated_pymatching,e283e9997c1dca1b74f7003d28d05cebe22cf5bf60a08c9d596efd46ac3ff5b6,"{""d"":3.0,""p"":0.00021544346900318845,""r"":3.0}","{""obs_mistake_mask=E"":17}"
         2,         0,         0,   0.352,correlated_pymatching,0259a37d81f7967b4b8ec4bb9481c75f99e79b3fd57b573fa80be7c7461d317d,"{""d"":7.0,""p"":0.00046415888336127773,""r"":7.0}",
      1024,         4,         0,   0.697,correlated_pymatching,08c324b98273b01d709a14cba6b7399db9a1df88b620b9b96033edf73595d13b,"{""d"":7.0,""p"":0.002154434690031882,""r"":7.0}","{""obs_mistake_mask=E"":4}"
      4096,        64,         0,   0.623,correlated_pymatching,abcc8a91892db0fdcc49a3b19cf23d2c57e27237207439a37b2e089f65572705,"{""d"":5.0,""p"":0.002154434690031882,""r"":5.0}","{""obs_mistake_mask=E"":64}"
         1,         1,         0,   0.347,correlated_pymatching,c4dcca6e0f3415d9bdee0abf3ba7924076ad29286023ec9be9d6116cd88321f3,"{""d"":7.0,""p"":0.1,""r"":7.0}","{""obs_mistake_mask=E"":1}"
         1,         1,         0,   0.348,correlated_pymatching,488cdd47167a7ab4457beb1a569894adc478bcdf00bb295d64c2a6ae6e46db66,"{""d"":7.0,""p"":0.046415888336127774,""r"":7.0}","{""obs_mistake_mask=E"":1}"
     57344,        29,         0,    1.12,correlated_pymatching,e283e9997c1dca1b74f7003d28d05cebe22cf5bf60a08c9d596efd46ac3ff5b6,"{""d"":3.0,""p"":0.00021544346900318845,""r"":3.0}","{""obs_mistake_mask=E"":29}"
       128,        64,         0,   0.756,correlated_pymatching,488cdd47167a7ab4457beb1a569894adc478bcdf00bb295d64c2a6ae6e46db66,"{""d"":7.0,""p"":0.046415888336127774,""r"":7.0}","{""obs_mistake_mask=E"":64}"
      7168,        12,         0,   0.795,correlated_pymatching,da7f3bc117407235f65b2cba2770810c7d0d78bf5feaef4fdef839039002616d,"{""d"":5.0,""p"":0.001,""r"":5.0}","{""obs_mistake_mask=E"":12}"
         1,         0,         0,   0.356,correlated_pymatching,bebbad4e559ffded47cdbff4eb6ee9e01c7cf232957d5a8fcc53fa89adffd8c6,"{""d"":7.0,""p"":0.0001,""r"":7.0}",
         1,         0,         0,   0.356,correlated_pymatching,15d1edbbde98fe22bd103ebdcf00c70bb59783cfae577ba93cf4e337ccf3c313,"{""d"":7.0,""p"":0.004641588833612777,""r"":7.0}",
      9216,         2,         0,   0.867,correlated_pymatching,6d35f8f59c18aaa298f180ebcd54ded7e5df1fc00770e2007395ae0d5c53773b,"{""d"":5.0,""p"":0.00046415888336127773,""r"":5.0}","{""obs_mistake_mask=E"":2}"
        32,         0,         0,   0.712,correlated_pymatching,ca5082d95a5eb3b5338a9e234d06ab22da68da62ca4e690b2c55dcde2c6f8487,"{""d"":7.0,""p"":0.001,""r"":7.0}",
     32768,         9,         0,    1.14,correlated_pymatching,bb443dac09bde403296efc8c24817ea11c419366ff10ed539e61f56af8e7ecd1,"{""d"":3.0,""p"":0.0001,""r"":3.0}","{""obs_mistake_mask=E"":9}"
      4096,        71,         0,   0.623,correlated_pymatching,abcc8a91892db0fdcc49a3b19cf23d2c57e27237207439a37b2e089f65572705,"{""d"":5.0,""p"":0.002154434690031882,""r"":5.0}","{""obs_mistake_mask=E"":71}"
      1024,        15,         0,   0.152,correlated_pymatching,abcc8a91892db0fdcc49a3b19cf23d2c57e27237207439a37b2e089f65572705,"{""d"":5.0,""p"":0.002154434690031882,""r"":5.0}","{""obs_mistake_mask=E"":15}"
         1,         0,         0,   0.348,correlated_pymatching,0259a37d81f7967b4b8ec4bb9481c75f99e79b3fd57b573fa80be7c7461d317d,"{""d"":7.0,""p"":0.00046415888336127773,""r"":7.0}",
        64,        28,         0,   0.728,correlated_pymatching,c4dcca6e0f3415d9bdee0abf3ba7924076ad29286023ec9be9d6116cd88321f3,"{""d"":7.0,""p"":0.1,""r"":7.0}","{""obs_mistake_mask=E"":28}"
         1,         0,         0,   0.360,correlated_pymatching,ca5082d95a5eb3b5338a9e234d06ab22da68da62ca4e690b2c55dcde2c6f8487,"{""d"":7.0,""p"":0.001,""r"":7.0}",
     31744,        62,         0,    1.11,correlated_pymatching,0d00ed142763757e40346c900459bab7349be32cfc9800fd9f1942d88128289a,"{""d"":3.0,""p"":0.00046415888336127773,""r"":3.0}","{""obs_mistake_mask=E"":62}"
     10240,        25,         0,   0.358,correlated_pymatching,0d00ed142763757e40346c900459bab7349be32cfc9800fd9f1942d88128289a,"{""d"":3.0,""p"":0.00046415888336127773,""r"":3.0}","{""obs_mistake_mask=E"":25}"
      1024,         1,         0,   0.036,correlated_pymatching,0d00ed142763757e40346c900459bab7349be32cfc9800fd9f1942d88128289a,"{""d"":3.0,""p"":0.00046415888336127773,""r"":3.0}","{""obs_mistake_mask=E"":1}"
       128,        60,         0,   0.636,correlated_pymatching,339e7e9acf22cda8aa54b3b571ad772f6433c3f874a11be51288e588c1d8f749,"{""d"":7.0,""p"":0.01,""r"":7.0}","{""obs_mistake_mask=E"":60}"
      2048,         0,         0,   0.479,correlated_pymatching,0ea130b53ccb2550443c16f0c92974b75297641bafbf982c2963fe27de0e8a7e,"{""d"":7.0,""p"":0.00021544346900318845,""r"":7.0}",
     14336,         0,         0,    1.18,correlated_pymatching,57fd446569d71e703d4e3b3c933a7a27eb3df2fcc8d32850d9b309f58c427968,"{""d"":5.0,""p"":0.0001,""r"":5.0}",
     12288,         2,         0,    1.14,correlated_pymatching,6d35f8f59c18aaa298f180ebcd54ded7e5df1fc00770e2007395ae0d5c53773b,"{""d"":5.0,""p"":0.00046415888336127773,""r"":5.0}","{""obs_mistake_mask=E"":2}"
     13312,         0,         0,    1.15,correlated_pymatching,9a8f74bf0ecff9766b57c08fd7cee049b588d4e891da77284372791f989387f7,"{""d"":5.0,""p"":0.00021544346900318845,""r"":5.0}",
     10240,        12,         0,    1.14,correlated_pymatching,da7f3bc117407235f65b2cba2770810c7d0d78bf5feaef4fdef839039002616d,"{""d"":5.0,""p"":0.001,""r"":5.0}","{""obs_mistake_mask=E"":12}"
         1,         0,         0,   0.348,correlated_pymatching,bebbad4e559ffded47cdbff4eb6ee9e01c7cf232957d5a8fcc53fa89adffd8c6,"{""d"":7.0,""p"":0.0001,""r"":7.0}",
         1,         0,         0,   0.348,correlated_pymatching,0259a37d81f7967b4b8ec4bb9481c75f99e79b3fd57b573fa80be7c7461d317d,"{""d"":7.0,""p"":0.00046415888336127773,""r"":7.0}",
         1,         0,         0,   0.348,correlated_pymatching,ca5082d95a5eb3b5338a9e234d06ab22da68da62ca4e690b2c55dcde2c6f8487,"{""d"":7.0,""p"":0.001,""r"":7.0}",
       128,        64,         0,   0.825,correlated_pymatching,0006e8233ae6b50eeb32a824f0e55ce2d007a96d1e3374771a5674d61963b1f4,"{""d"":7.0,""p"":0.021544346900318822,""r"":7.0}","{""obs_mistake_mask=E"":64}"
         4,         0,         0,   0.692,correlated_pymatching,0259a37d81f7967b4b8ec4bb9481c75f99e79b3fd57b573fa80be7c7461d317d,"{""d"":7.0,""p"":0.00046415888336127773,""r"":7.0}",
         1,         0,         0,   0.222,correlated_pymatching,08c324b98273b01d709a14cba6b7399db9a1df88b620b9b96033edf73595d13b,"{""d"":7.0,""p"":0.002154434690031882,""r"":7.0}",
      6144,         0,         0,   0.900,correlated_pymatching,57fd446569d71e703d4e3b3c933a7a27eb3df2fcc8d32850d9b309f58c427968,"{""d"":5.0,""p"":0.0001,""r"":5.0}",
         1,         0,         0,   0.215,correlated_pymatching,15d1edbbde98fe22bd103ebdcf00c70bb59783cfae577ba93cf4e337ccf3c313,"{""d"":7.0,""p"":0.004641588833612777,""r"":7.0}",
      4096,         0,         0,   0.935,correlated_pymatching,bebbad4e559ffded47cdbff4eb6ee9e01c7cf232957d5a8fcc53fa89adffd8c6,"{""d"":7.0,""p"":0.0001,""r"":7.0}",
         2,         1,         0,   0.696,correlated_pymatching,c4dcca6e0f3415d9bdee0abf3ba7924076ad29286023ec9be9d6116cd88321f3,"{""d"":7.0,""p"":0.1,""r"":7.0}","{""obs_mistake_mask=E"":1}"
      6144,         0,         0,   0.938,correlated_pymatching,9a8f74bf0ecff9766b57c08fd7cee049b588d4e891da77284372791f989387f7,"{""d"":5.0,""p"":0.00021544346900318845,""r"":5.0}",
         2,         1,         0,   0.708,correlated_pymatching,488cdd47167a7ab4457beb1a569894adc478bcdf00bb295d64c2a6ae6e46db66,"{""d"":7.0,""p"":0.046415888336127774,""r"":7.0}","{""obs_mistake_mask=E"":1}"
      2048,         0,         0,   0.497,correlated_pymatching,0ea130b53ccb2550443c16f0c92974b75297641bafbf982c2963fe27de0e8a7e,"{""d"":7.0,""p"":0.00021544346900318845,""r"":7.0}",
         1,         0,         0,   0.348,correlated_pymatching,bebbad4e559ffded47cdbff4eb6ee9e01c7cf232957d5a8fcc53fa89adffd8c6,"{""d"":7.0,""p"":0.0001,""r"":7.0}",
       128,        80,         0,   0.744,correlated_pymatching,488cdd47167a7ab4457beb1a569894adc478bcdf00bb295d64c2a6ae6e46db66,"{""d"":7.0,""p"":0.046415888336127774,""r"":7.0}","{""obs_mistake_mask=E"":80}"
         2,         1,         0,   0.708,correlated_pymatching,15d1edbbde98fe22bd103ebdcf00c70bb59783cfae577ba93cf4e337ccf3c313,"{""d"":7.0,""p"":0.004641588833612777,""r"":7.0}","{""obs_mistake_mask=E"":1}"
        32,         0,         0,   0.703,correlated_pymatching,ca5082d95a5eb3b5338a9e234d06ab22da68da62ca4e690b2c55dcde2c6f8487,"{""d"":7.0,""p"":0.001,""r"":7.0}",
      4096,         0,         0,   0.987,correlated_pymatching,0ea130b53ccb2550443c16f0c92974b75297641bafbf982c2963fe27de0e8a7e,"{""d"":7.0,""p"":0.00021544346900318845,""r"":7.0}",
         2,         0,         0,   0.220,correlated_pymatching,08c324b98273b01d709a14cba6b7399db9a1df88b620b9b96033edf73595d13b,"{""d"":7.0,""p"":0.002154434690031882,""r"":7.0}",
         1,         0,         0,   0.356,correlated_pymatching,0259a37d81f7967b4b8ec4bb9481c75f99e79b3fd57b573fa80be7c7461d317d,"{""d"":7.0,""p"":0.00046415888336127773,""r"":7.0}",
         2,         0,         0,   0.204,correlated_pymatching,15d1edbbde98fe22bd103ebdcf00c70bb59783cfae577ba93cf4e337ccf3c313,"{""d"":7.0,""p"":0.004641588833612777,""r"":7.0}",
         1,         0,         0,   0.372,correlated_pymatching,ca5082d95a5eb3b5338a9e234d06ab22da68da62ca4e690b2c55dcde2c6f8487,"{""d"":7.0,""p"":0.001,""r"":7.0}",
        64,        35,         0,   0.736,correlated_pymatching,c4dcca6e0f3415d9bdee0abf3ba7924076ad29286023ec9be9d6116cd88321f3,"{""d"":7.0,""p"":0.1,""r"":7.0}","{""obs_mistake_mask=E"":35}"
         1,         1,         0,   0.365,correlated_pymatching,339e7e9acf22cda8aa54b3b571ad772f6433c3f874a11be51288e588c1d8f749,"{""d"":7.0,""p"":0.01,""r"":7.0}","{""obs_mistake_mask=E"":1}"
      1536,         2,         0,    1.02,correlated_pymatching,08c324b98273b01d709a14cba6b7399db9a1df88b620b9b96033edf73595d13b,"{""d"":7.0,""p"":0.002154434690031882,""r"":7.0}","{""obs_mistake_mask=E"":2}"
         1,         0,         0,   0.372,correlated_pymatching,0006e8233ae6b50eeb32a824f0e55ce2d007a96d1e3374771a5674d61963b1f4,"{""d"":7.0,""p"":0.021544346900318822,""r"":7.0}",
         4,         0,         0,   0.202,correlated_pymatching,08c324b98273b01d709a14cba6b7399db9a1df88b620b9b96033edf73595d13b,"{""d"":7.0,""p"":0.002154434690031882,""r"":7.0}",
         4,         1,         0,   0.204,correlated_pymatching,15d1edbbde98fe22bd103ebdcf00c70bb59783cfae577ba93cf4e337ccf3c313,"{""d"":7.0,""p"":0.004641588833612777,""r"":7.0}","{""obs_mistake_mask=E"":1}"
         1,         1,         0,   0.371,correlated_pymatching,488cdd47167a7ab4457beb1a569894adc478bcdf00bb295d64c2a6ae6e46db66,"{""d"":7.0,""p"":0.046415888336127774,""r"":7.0}","{""obs_mistake_mask=E"":1}"
         1,         0,         0,   0.384,correlated_pymatching,bebbad4e559ffded47cdbff4eb6ee9e01c7cf232957d5a8fcc53fa89adffd8c6,"{""d"":7.0,""p"":0.0001,""r"":7.0}",
         1,         0,         0,   0.324,correlated_pymatching,0259a37d81f7967b4b8ec4bb9481c75f99e79b3fd57b573fa80be7c7461d317d,"{""d"":7.0,""p"":0.00046415888336127773,""r"":7.0}",
       192,        93,         0,   0.956,correlated_pymatching,339e7e9acf22cda8aa54b3b571ad772f6433c3f874a11be51288e588c1d8f749,"{""d"":7.0,""p"":0.01,""r"":7.0}","{""obs_mistake_mask=E"":93}"
         1,         0,         0,   0.348,correlated_pymatching,ca5082d95a5eb3b5338a9e234d06ab22da68da62ca4e690b2c55dcde2c6f8487,"{""d"":7.0,""p"":0.001,""r"":7.0}",
         8,         1,         0,   0.156,correlated_pymatching,15d1edbbde98fe22bd103ebdcf00c70bb59783cfae577ba93cf4e337ccf3c313,"{""d"":7.0,""p"":0.004641588833612777,""r"":7.0}","{""obs_mistake_mask=E"":1}"
     11264,         4,         0,    1.14,correlated_pymatching,6d35f8f59c18aaa298f180ebcd54ded7e5df1fc00770e2007395ae0d5c53773b,"{""d"":5.0,""p"":0.00046415888336127773,""r"":5.0}","{""obs_mistake_mask=E"":4}"
         8,         0,         0,   0.209,correlated_pymatching,08c324b98273b01d709a14cba6b7399db9a1df88b620b9b96033edf73595d13b,"{""d"":7.0,""p"":0.002154434690031882,""r"":7.0}",
     10240,        14,         0,    1.21,correlated_pymatching,da7f3bc117407235f65b2cba2770810c7d0d78bf5feaef4fdef839039002616d,"{""d"":5.0,""p"":0.001,""r"":5.0}","{""obs_mistake_mask=E"":14}"
     76800,        26,         0,    1.56,correlated_pymatching,bb443dac09bde403296efc8c24817ea11c419366ff10ed539e61f56af8e7ecd1,"{""d"":3.0,""p"":0.0001,""r"":3.0}","{""obs_mistake_mask=E"":26}"
         4,         0,         0,   0.691,correlated_pymatching,0259a37d81f7967b4b8ec4bb9481c75f99e79b3fd57b573fa80be7c7461d317d,"{""d"":7.0,""p"":0.00046415888336127773,""r"":7.0}",
         1,         1,         0,   0.348,correlated_pymatching,339e7e9acf22cda8aa54b3b571ad772f6433c3f874a11be51288e588c1d8f749,"{""d"":7.0,""p"":0.01,""r"":7.0}","{""obs_mistake_mask=E"":1}"
         1,         1,         0,   0.352,correlated_pymatching,0006e8233ae6b50eeb32a824f0e55ce2d007a96d1e3374771a5674d61963b1f4,"{""d"":7.0,""p"":0.021544346900318822,""r"":7.0}","{""obs_mistake_mask=E"":1}"
         2,         0,         0,   0.703,correlated_pymatching,c4dcca6e0f3415d9bdee0abf3ba7924076ad29286023ec9be9d6116cd88321f3,"{""d"":7.0,""p"":0.1,""r"":7.0}",
        16,         0,         0,   0.216,correlated_pymatching,15d1edbbde98fe22bd103ebdcf00c70bb59783cfae577ba93cf4e337ccf3c313,"{""d"":7.0,""p"":0.004641588833612777,""r"":7.0}",
        16,         0,         0,   0.212,correlated_pymatching,08c324b98273b01d709a14cba6b7399db9a1df88b620b9b96033edf73595d13b,"{""d"":7.0,""p"":0.002154434690031882,""r"":7.0}",
      3072,         0,         0,   0.738,correlated_pymatching,0ea130b53ccb2550443c16f0c92974b75297641bafbf982c2963fe27de0e8a7e,"{""d"":7.0,""p"":0.00021544346900318845,""r"":7.0}",
     44032,        28,         0,    1.58,correlated_pymatching,e283e9997c1dca1b74f7003d28d05cebe22cf5bf60a08c9d596efd46ac3ff5b6,"{""d"":3.0,""p"":0.00021544346900318845,""r"":3.0}","{""obs_mistake_mask=E"":28}"
        64,        31,         0,   0.327,correlated_pymatching,339e7e9acf22cda8aa54b3b571ad772f6433c3f874a11be51288e588c1d8f749,"{""d"":7.0,""p"":0.01,""r"":7.0}","{""obs_mistake_mask=E"":31}"
         2,         0,         0,   0.719,correlated_pymatching,15d1edbbde98fe22bd103ebdcf00c70bb59783cfae577ba93cf4e337ccf3c313,"{""d"":7.0,""p"":0.004641588833612777,""r"":7.0}",
         1,         0,         0,   0.348,correlated_pymatching,bebbad4e559ffded47cdbff4eb6ee9e01c7cf232957d5a8fcc53fa89adffd8c6,"{""d"":7.0,""p"":0.0001,""r"":7.0}",
         1,         0,         0,   0.352,correlated_pymatching,0259a37d81f7967b4b8ec4bb9481c75f99e79b3fd57b573fa80be7c7461d317d,"{""d"":7.0,""p"":0.00046415888336127773,""r"":7.0}",
       128,        67,         0,   0.743,correlated_pymatching,488cdd47167a7ab4457beb1a569894adc478bcdf00bb295d64c2a6ae6e46db66,"{""d"":7.0,""p"":0.046415888336127774,""r"":7.0}","{""obs_mistake_mask=E"":67}"
         1,         0,         0,   0.356,correlated_pymatching,ca5082d95a5eb3b5338a9e234d06ab22da68da62ca4e690b2c55dcde2c6f8487,"{""d"":7.0,""p"":0.001,""r"":7.0}",
         1,         0,         0,   0.024,correlated_pymatching,e283e9997c1dca1b74f7003d28d05cebe22cf5bf60a08c9d596efd46ac3ff5b6,"{""d"":3.0,""p"":0.00021544346900318845,""r"":3.0}",
     74752,        69,         0,    1.56,correlated_pymatching,e283e9997c1dca1b74f7003d28d05cebe22cf5bf60a08c9d596efd46ac3ff5b6,"{""d"":3.0,""p"":0.00021544346900318845,""r"":3.0}","{""obs_mistake_mask=E"":69}"
         1,         0,         0,   0.033,correlated_pymatching,bb443dac09bde403296efc8c24817ea11c419366ff10ed539e61f56af8e7ecd1,"{""d"":3.0,""p"":0.0001,""r"":3.0}",
        16,         0,         0,   0.016,correlated_pymatching,e283e9997c1dca1b74f7003d28d05cebe22cf5bf60a08c9d596efd46ac3ff5b6,"{""d"":3.0,""p"":0.00021544346900318845,""r"":3.0}",
       256,         0,         0,   0.020,correlated_pymatching,e283e9997c1dca1b74f7003d28d05cebe22cf5bf60a08c9d596efd46ac3ff5b6,"{""d"":3.0,""p"":0.00021544346900318845,""r"":3.0}",
        16,         0,         0,   0.034,correlated_pymatching,bb443dac09bde403296efc8c24817ea11c419366ff10ed539e61f56af8e7ecd1,"{""d"":3.0,""p"":0.0001,""r"":3.0}",
       256,         0,         0,   0.031,correlated_pymatching,bb443dac09bde403296efc8c24817ea11c419366ff10ed539e61f56af8e7ecd1,"{""d"":3.0,""p"":0.0001,""r"":3.0}",
        32,         4,         0,   0.232,correlated_pymatching,15d1edbbde98fe22bd103ebdcf00c70bb59783cfae577ba93cf4e337ccf3c313,"{""d"":7.0,""p"":0.004641588833612777,""r"":7.0}","{""obs_mistake_mask=E"":4}"
      2048,         2,         0,   0.056,correlated_pymatching,e283e9997c1dca1b74f7003d28d05cebe22cf5bf60a08c9d596efd46ac3ff5b6,"{""d"":3.0,""p"":0.00021544346900318845,""r"":3.0}","{""obs_mistake_mask=E"":2}"
     43008,        12,         0,    1.55,correlated_pymatching,bb443dac09bde403296efc8c24817ea11c419366ff10ed539e61f56af8e7ecd1,"{""d"":3.0,""p"":0.0001,""r"":3.0}","{""obs_mistake_mask=E"":12}"
        32,         0,         0,   0.216,correlated_pymatching,08c324b98273b01d709a14cba6b7399db9a1df88b620b9b96033edf73595d13b,"{""d"":7.0,""p"":0.002154434690031882,""r"":7.0}",
      1024,         0,         0,   0.029,correlated_pymatching,bb443dac09bde403296efc8c24817ea11c419366ff10ed539e61f56af8e7ecd1,"{""d"":3.0,""p"":0.0001,""r"":3.0}",
       192,       100,         0,    1.19,correlated_pymatching,0006e8233ae6b50eeb32a824f0e55ce2d007a96d1e3374771a5674d61963b1f4,"{""d"":7.0,""p"":0.021544346900318822,""r"":7.0}","{""obs_mistake_mask=E"":100}"
         1,         1,         0,   0.348,correlated_pymatching,0006e8233ae6b50eeb32a824f0e55ce2d007a96d1e3374771a5674d61963b1f4,"{""d"":7.0,""p"":0.021544346900318822,""r"":7.0}","{""obs_mistake_mask=E"":1}"
      2048,         0,         0,   0.040,correlated_pymatching,e283e9997c1dca1b74f7003d28d05cebe22cf5bf60a08c9d596efd46ac3ff5b6,"{""d"":3.0,""p"":0.00021544346900318845,""r"":3.0}",
         1,         0,         0,   0.087,correlated_pymatching,9a8f74bf0ecff9766b57c08fd7cee049b588d4e891da77284372791f989387f7,"{""d"":5.0,""p"":0.00021544346900318845,""r"":5.0}",
      2048,         1,         0,   0.071,correlated_pymatching,bb443dac09bde403296efc8c24817ea11c419366ff10ed539e61f56af8e7ecd1,"{""d"":3.0,""p"":0.0001,""r"":3.0}","{""obs_mistake_mask=E"":1}"
      3072,         3,         0,   0.054,correlated_pymatching,e283e9997c1dca1b74f7003d28d05cebe22cf5bf60a08c9d596efd46ac3ff5b6,"{""d"":3.0,""p"":0.00021544346900318845,""r"":3.0}","{""obs_mistake_mask=E"":3}"
      7168,         0,         0,    1.13,correlated_pymatching,9a8f74bf0ecff9766b57c08fd7cee049b588d4e891da77284372791f989387f7,"{""d"":5.0,""p"":0.00021544346900318845,""r"":5.0}",
         4,         0,         0,   0.081,correlated_pymatching,9a8f74bf0ecff9766b57c08fd7cee049b588d4e891da77284372791f989387f7,"{""d"":5.0,""p"":0.00021544346900318845,""r"":5.0}",
      2048,         1,         0,   0.072,correlated_pymatching,bb443dac09bde403296efc8c24817ea11c419366ff10ed539e61f56af8e7ecd1,"{""d"":3.0,""p"":0.0001,""r"":3.0}","{""obs_mistake_mask=E"":1}"
      8192,         0,         0,    1.23,correlated_pymatching,57fd446569d71e703d4e3b3c933a7a27eb3df2fcc8d32850d9b309f58c427968,"{""d"":5.0,""p"":0.0001,""r"":5.0}",
      4096,         4,         0,   0.089,correlated_pymatching,e283e9997c1dca1b74f7003d28d05cebe22cf5bf60a08c9d596efd46ac3ff5b6,"{""d"":3.0,""p"":0.00021544346900318845,""r"":3.0}","{""obs_mistake_mask=E"":4}"
      5120,         0,         0,    1.19,correlated_pymatching,bebbad4e559ffded47cdbff4eb6ee9e01c7cf232957d5a8fcc53fa89adffd8c6,"{""d"":7.0,""p"":0.0001,""r"":7.0}",
     19456,         0,         0,    1.57,correlated_pymatching,57fd446569d71e703d4e3b3c933a7a27eb3df2fcc8d32850d9b309f58c427968,"{""d"":5.0,""p"":0.0001,""r"":5.0}",
         1,         0,         0,   0.139,correlated_pymatching,57fd446569d71e703d4e3b3c933a7a27eb3df2fcc8d32850d9b309f58c427968,"{""d"":5.0,""p"":0.0001,""r"":5.0}",
         1,         0,         0,   0.348,correlated_pymatching,0259a37d81f7967b4b8ec4bb9481c75f99e79b3fd57b573fa80be7c7461d317d,"{""d"":7.0,""p"":0.00046415888336127773,""r"":7.0}",
         1,         0,         0,   0.356,correlated_pymatching,bebbad4e559ffded47cdbff4eb6ee9e01c7cf232957d5a8fcc53fa89adffd8c6,"{""d"":7.0,""p"":0.0001,""r"":7.0}",
        48,         0,         0,    1.08,correlated_pymatching,ca5082d95a5eb3b5338a9e234d06ab22da68da62ca4e690b2c55dcde2c6f8487,"{""d"":7.0,""p"":0.001,""r"":7.0}",
     17408,         0,         0,    1.59,correlated_pymatching,6d35f8f59c18aaa298f180ebcd54ded7e5df1fc00770e2007395ae0d5c53773b,"{""d"":5.0,""p"":0.00046415888336127773,""r"":5.0}",
        64,         0,         0,   0.220,correlated_pymatching,08c324b98273b01d709a14cba6b7399db9a1df88b620b9b96033edf73595d13b,"{""d"":7.0,""p"":0.002154434690031882,""r"":7.0}",
        64,         5,         0,   0.247,correlated_pymatching,15d1edbbde98fe22bd103ebdcf00c70bb59783cfae577ba93cf4e337ccf3c313,"{""d"":7.0,""p"":0.004641588833612777,""r"":7.0}","{""obs_mistake_mask=E"":5}"
      3072,         1,         0,   0.106,correlated_pymatching,bb443dac09bde403296efc8c24817ea11c419366ff10ed539e61f56af8e7ecd1,"{""d"":3.0,""p"":0.0001,""r"":3.0}","{""obs_mistake_mask=E"":1}"
         1,         0,         0,   0.372,correlated_pymatching,ca5082d95a5eb3b5338a9e234d06ab22da68da62ca4e690b2c55dcde2c6f8487,"{""d"":7.0,""p"":0.001,""r"":7.0}",
        16,         0,         0,   0.130,correlated_pymatching,9a8f74bf0ecff9766b57c08fd7cee049b588d4e891da77284372791f989387f7,"{""d"":5.0,""p"":0.00021544346900318845,""r"":5.0}",
      6144,         2,         0,   0.119,correlated_pymatching,e283e9997c1dca1b74f7003d28d05cebe22cf5bf60a08c9d596efd46ac3ff5b6,"{""d"":3.0,""p"":0.00021544346900318845,""r"":3.0}","{""obs_mistake_mask=E"":2}"
        96,        46,         0,    1.11,correlated_pymatching,c4dcca6e0f3415d9bdee0abf3ba7924076ad29286023ec9be9d6116cd88321f3,"{""d"":7.0,""p"":0.1,""r"":7.0}","{""obs_mistake_mask=E"":46}"
         4,         0,         0,   0.132,correlated_pymatching,57fd446569d71e703d4e3b3c933a7a27eb3df2fcc8d32850d9b309f58c427968,"{""d"":5.0,""p"":0.0001,""r"":5.0}",
     18432,         1,         0,    1.63,correlated_pymatching,9a8f74bf0ecff9766b57c08fd7cee049b588d4e891da77284372791f989387f7,"{""d"":5.0,""p"":0.00021544346900318845,""r"":5.0}","{""obs_mistake_mask=E"":1}"
        64,         0,         0,   0.076,correlated_pymatching,9a8f74bf0ecff9766b57c08fd7cee049b588d4e891da77284372791f989387f7,"{""d"":5.0,""p"":0.00021544346900318845,""r"":5.0}",
         1,         0,         0,   0.356,correlated_pymatching,0006e8233ae6b50eeb32a824f0e55ce2d007a96d1e3374771a5674d61963b1f4,"{""d"":7.0,""p"":0.021544346900318822,""r"":7.0}",
     14336,        18,         0,    1.63,correlated_pymatching,da7f3bc117407235f65b2cba2770810c7d0d78bf5feaef4fdef839039002616d,"{""d"":5.0,""p"":0.001,""r"":5.0}","{""obs_mistake_mask=E"":18}"
      4096,         2,         0,   0.131,correlated_pymatching,bb443dac09bde403296efc8c24817ea11c419366ff10ed539e61f56af8e7ecd1,"{""d"":3.0,""p"":0.0001,""r"":3.0}","{""obs_mistake_mask=E"":2}"
       256,         0,         0,   0.080,correlated_pymatching,9a8f74bf0ecff9766b57c08fd7cee049b588d4e891da77284372791f989387f7,"{""d"":5.0,""p"":0.00021544346900318845,""r"":5.0}",
        16,         0,         0,   0.128,correlated_pymatching,57fd446569d71e703d4e3b3c933a7a27eb3df2fcc8d32850d9b309f58c427968,"{""d"":5.0,""p"":0.0001,""r"":5.0}",
      8192,         5,         0,   0.159,correlated_pymatching,e283e9997c1dca1b74f7003d28d05cebe22cf5bf60a08c9d596efd46ac3ff5b6,"{""d"":3.0,""p"":0.00021544346900318845,""r"":3.0}","{""obs_mistake_mask=E"":5}"
      5120,         0,         0,    1.32,correlated_pymatching,0ea130b53ccb2550443c16f0c92974b75297641bafbf982c2963fe27de0e8a7e,"{""d"":7.0,""p"":0.00021544346900318845,""r"":7.0}",
       128,         1,         0,   0.252,correlated_pymatching,08c324b98273b01d709a14cba6b7399db9a1df88b620b9b96033edf73595d13b,"{""d"":7.0,""p"":0.002154434690031882,""r"":7.0}","{""obs_mistake_mask=E"":1}"
      1024,         0,         0,   0.088,correlated_pymatching,9a8f74bf0ecff9766b57c08fd7cee049b588d4e891da77284372791f989387f7,"{""d"":5.0,""p"":0.00021544346900318845,""r"":5.0}",
       128,         8,         0,   0.288,correlated_pymatching,15d1edbbde98fe22bd103ebdcf00c70bb59783cfae577ba93cf4e337ccf3c313,"{""d"":7.0,""p"":0.004641588833612777,""r"":7.0}","{""obs_mistake_mask=E"":8}"
         1,         0,         0,   0.383,correlated_pymatching,0259a37d81f7967b4b8ec4bb9481c75f99e79b3fd57b573fa80be7c7461d317d,"{""d"":7.0,""p"":0.00046415888336127773,""r"":7.0}",
      4096,         0,         0,   0.199,correlated_pymatching,bb443dac09bde403296efc8c24817ea11c419366ff10ed539e61f56af8e7ecd1,"{""d"":3.0,""p"":0.0001,""r"":3.0}",
         1,         0,         0,   0.348,correlated_pymatching,ca5082d95a5eb3b5338a9e234d06ab22da68da62ca4e690b2c55dcde2c6f8487,"{""d"":7.0,""p"":0.001,""r"":7.0}",
        64,         0,         0,   0.171,correlated_pymatching,57fd446569d71e703d4e3b3c933a7a27eb3df2fcc8d32850d9b309f58c427968,"{""d"":5.0,""p"":0.0001,""r"":5.0}",
      2048,        10,         0,    1.35,correlated_pymatching,08c324b98273b01d709a14cba6b7399db9a1df88b620b9b96033edf73595d13b,"{""d"":7.0,""p"":0.002154434690031882,""r"":7.0}","{""obs_mistake_mask=E"":10}"
         6,         0,         0,    1.04,correlated_pymatching,0259a37d81f7967b4b8ec4bb9481c75f99e79b3fd57b573fa80be7c7461d317d,"{""d"":7.0,""p"":0.00046415888336127773,""r"":7.0}",
      1024,         0,         0,   0.145,correlated_pymatching,9a8f74bf0ecff9766b57c08fd7cee049b588d4e891da77284372791f989387f7,"{""d"":5.0,""p"":0.00021544346900318845,""r"":5.0}",
      9216,         2,         0,   0.217,correlated_pymatching,e283e9997c1dca1b74f7003d28d05cebe22cf5bf60a08c9d596efd46ac3ff5b6,"{""d"":3.0,""p"":0.00021544346900318845,""r"":3.0}","{""obs_mistake_mask=E"":2}"
         1,         0,         0,   0.340,correlated_pymatching,0006e8233ae6b50eeb32a824f0e55ce2d007a96d1e3374771a5674d61963b1f4,"{""d"":7.0,""p"":0.021544346900318822,""r"":7.0}",
         3,         3,         0,    1.03,correlated_pymatching,c4dcca6e0f3415d9bdee0abf3ba7924076ad29286023ec9be9d6116cd88321f3,"{""d"":7.0,""p"":0.1,""r"":7.0}","{""obs_mistake_mask=E"":3}"
       256,         1,         0,   0.272,correlated_pymatching,08c324b98273b01d709a14cba6b7399db9a1df88b620b9b96033edf73595d13b,"{""d"":7.0,""p"":0.002154434690031882,""r"":7.0}","{""obs_mistake_mask=E"":1}"
       128,         0,         0,   0.127,correlated_pymatching,57fd446569d71e703d4e3b3c933a7a27eb3df2fcc8d32850d9b309f58c427968,"{""d"":5.0,""p"":0.0001,""r"":5.0}",
      6144,         2,         0,   0.207,correlated_pymatching,bb443dac09bde403296efc8c24817ea11c419366ff10ed539e61f56af8e7ecd1,"{""d"":3.0,""p"":0.0001,""r"":3.0}","{""obs_mistake_mask=E"":2}"
      4096,         0,         0,    1.03,correlated_pymatching,0ea130b53ccb2550443c16f0c92974b75297641bafbf982c2963fe27de0e8a7e,"{""d"":7.0,""p"":0.00021544346900318845,""r"":7.0}",
      2048,         0,         0,   0.179,correlated_pymatching,9a8f74bf0ecff9766b57c08fd7cee049b588d4e891da77284372791f989387f7,"{""d"":5.0,""p"":0.00021544346900318845,""r"":5.0}",
       128,        62,         0,   0.840,correlated_pymatching,0006e8233ae6b50eeb32a824f0e55ce2d007a96d1e3374771a5674d61963b1f4,"{""d"":7.0,""p"":0.021544346900318822,""r"":7.0}","{""obs_mistake_mask=E"":62}"
       512,         0,         0,   0.144,correlated_pymatching,57fd446569d71e703d4e3b3c933a7a27eb3df2fcc8d32850d9b309f58c427968,"{""d"":5.0,""p"":0.0001,""r"":5.0}",
         1,         0,         0,   0.349,correlated_pymatching,0259a37d81f7967b4b8ec4bb9481c75f99e79b3fd57b573fa80be7c7461d317d,"{""d"":7.0,""p"":0.00046415888336127773,""r"":7.0}",
         2,         0,         0,   0.735,correlated_pymatching,bebbad4e559ffded47cdbff4eb6ee9e01c7cf232957d5a8fcc53fa89adffd8c6,"{""d"":7.0,""p"":0.0001,""r"":7.0}",
       256,        13,         0,   0.464,correlated_pymatching,15d1edbbde98fe22bd103ebdcf00c70bb59783cfae577ba93cf4e337ccf3c313,"{""d"":7.0,""p"":0.004641588833612777,""r"":7.0}","{""obs_mistake_mask=E"":13}"
         3,         0,         0,    1.15,correlated_pymatching,15d1edbbde98fe22bd103ebdcf00c70bb59783cfae577ba93cf4e337ccf3c313,"{""d"":7.0,""p"":0.004641588833612777,""r"":7.0}",
         1,         0,         0,   0.394,correlated_pymatching,ca5082d95a5eb3b5338a9e234d06ab22da68da62ca4e690b2c55dcde2c6f8487,"{""d"":7.0,""p"":0.001,""r"":7.0}",
     13312,         8,         0,   0.337,correlated_pymatching,e283e9997c1dca1b74f7003d28d05cebe22cf5bf60a08c9d596efd46ac3ff5b6,"{""d"":3.0,""p"":0.00021544346900318845,""r"":3.0}","{""obs_mistake_mask=E"":8}"
       512,         1,         0,   0.285,correlated_pymatching,08c324b98273b01d709a14cba6b7399db9a1df88b620b9b96033edf73595d13b,"{""d"":7.0,""p"":0.002154434690031882,""r"":7.0}","{""obs_mistake_mask=E"":1}"
      1024,         0,         0,   0.164,correlated_pymatching,57fd446569d71e703d4e3b3c933a7a27eb3df2fcc8d32850d9b309f58c427968,"{""d"":5.0,""p"":0.0001,""r"":5.0}",
         1,         0,         0,   0.348,correlated_pymatching,0006e8233ae6b50eeb32a824f0e55ce2d007a96d1e3374771a5674d61963b1f4,"{""d"":7.0,""p"":0.021544346900318822,""r"":7.0}",
      2048,         0,         0,   0.240,correlated_pymatching,9a8f74bf0ecff9766b57c08fd7cee049b588d4e891da77284372791f989387f7,"{""d"":5.0,""p"":0.00021544346900318845,""r"":5.0}",
      8192,         3,         0,   0.323,correlated_pymatching,bb443dac09bde403296efc8c24817ea11c419366ff10ed539e61f56af8e7ecd1,"{""d"":3.0,""p"":0.0001,""r"":3.0}","{""obs_mistake_mask=E"":3}"
     15360,         1,         0,    1.57,correlated_pymatching,6d35f8f59c18aaa298f180ebcd54ded7e5df1fc00770e2007395ae0d5c53773b,"{""d"":5.0,""p"":0.00046415888336127773,""r"":5.0}","{""obs_mistake_mask=E"":1}"
      1024,         0,         0,   0.148,correlated_pymatching,57fd446569d71e703d4e3b3c933a7a27eb3df2fcc8d32850d9b309f58c427968,"{""d"":5.0,""p"":0.0001,""r"":5.0}",
     14336,        19,         0,    1.64,correlated_pymatching,da7f3bc117407235f65b2cba2770810c7d0d78bf5feaef4fdef839039002616d,"{""d"":5.0,""p"":0.001,""r"":5.0}","{""obs_mistake_mask=E"":19}"
         1,         0,         0,   0.324,correlated_pymatching,0259a37d81f7967b4b8ec4bb9481c75f99e79b3fd57b573fa80be7c7461d317d,"{""d"":7.0,""p"":0.00046415888336127773,""r"":7.0}",
         1,         0,         0,   0.069,correlated_pymatching,da7f3bc117407235f65b2cba2770810c7d0d78bf5feaef4fdef839039002616d,"{""d"":5.0,""p"":0.001,""r"":5.0}",
        48,         0,         0,    1.14,correlated_pymatching,ca5082d95a5eb3b5338a9e234d06ab22da68da62ca4e690b2c55dcde2c6f8487,"{""d"":7.0,""p"":0.001,""r"":7.0}",
         8,         0,         0,   0.090,correlated_pymatching,da7f3bc117407235f65b2cba2770810c7d0d78bf5feaef4fdef839039002616d,"{""d"":5.0,""p"":0.001,""r"":5.0}",
      3072,         0,         0,   0.269,correlated_pymatching,9a8f74bf0ecff9766b57c08fd7cee049b588d4e891da77284372791f989387f7,"{""d"":5.0,""p"":0.00021544346900318845,""r"":5.0}",
       256,        22,         0,   0.371,correlated_pymatching,15d1edbbde98fe22bd103ebdcf00c70bb59783cfae577ba93cf4e337ccf3c313,"{""d"":7.0,""p"":0.004641588833612777,""r"":7.0}","{""obs_mistake_mask=E"":22}"
         1,         0,         0,   0.357,correlated_pymatching,ca5082d95a5eb3b5338a9e234d06ab22da68da62ca4e690b2c55dcde2c6f8487,"{""d"":7.0,""p"":0.001,""r"":7.0}",
         1,         0,         0,   0.150,correlated_pymatching,6d35f8f59c18aaa298f180ebcd54ded7e5df1fc00770e2007395ae0d5c53773b,"{""d"":5.0,""p"":0.00046415888336127773,""r"":5.0}",
     20480,        17,         0,   0.410,correlated_pymatching,e283e9997c1dca1b74f7003d28d05cebe22cf5bf60a08c9d596efd46ac3ff5b6,"{""d"":3.0,""p"":0.00021544346900318845,""r"":3.0}","{""obs_mistake_mask=E"":17}"
        32,         0,         0,   0.075,correlated_pymatching,da7f3bc117407235f65b2cba2770810c7d0d78bf5feaef4fdef839039002616d,"{""d"":5.0,""p"":0.001,""r"":5.0}",
      2048,         0,         0,   0.295,correlated_pymatching,57fd446569d71e703d4e3b3c933a7a27eb3df2fcc8d32850d9b309f58c427968,"{""d"":5.0,""p"":0.0001,""r"":5.0}",
      1024,         4,         0,   0.487,correlated_pymatching,08c324b98273b01d709a14cba6b7399db9a1df88b620b9b96033edf73595d13b,"{""d"":7.0,""p"":0.002154434690031882,""r"":7.0}","{""obs_mistake_mask=E"":4}"
       256,         0,         0,   0.091,correlated_pymatching,da7f3bc117407235f65b2cba2770810c7d0d78bf5feaef4fdef839039002616d,"{""d"":5.0,""p"":0.001,""r"":5.0}",
     12288,         4,         0,   0.418,correlated_pymatching,bb443dac09bde403296efc8c24817ea11c419366ff10ed539e61f56af8e7ecd1,"{""d"":3.0,""p"":0.0001,""r"":3.0}","{""obs_mistake_mask=E"":4}"
         4,         0,         0,   0.132,correlated_pymatching,6d35f8f59c18aaa298f180ebcd54ded7e5df1fc00770e2007395ae0d5c53773b,"{""d"":5.0,""p"":0.00046415888336127773,""r"":5.0}",
         2,         0,         0,   0.696,correlated_pymatching,bebbad4e559ffded47cdbff4eb6ee9e01c7cf232957d5a8fcc53fa89adffd8c6,"{""d"":7.0,""p"":0.0001,""r"":7.0}",
      1024,         1,         0,   0.110,correlated_pymatching,da7f3bc117407235f65b2cba2770810c7d0d78bf5feaef4fdef839039002616d,"{""d"":5.0,""p"":0.001,""r"":5.0}","{""obs_mistake_mask=E"":1}"
        16,         0,         0,   0.140,correlated_pymatching,6d35f8f59c18aaa298f180ebcd54ded7e5df1fc00770e2007395ae0d5c53773b,"{""d"":5.0,""p"":0.00046415888336127773,""r"":5.0}",
      4096,         0,         0,   0.354,correlated_pymatching,9a8f74bf0ecff9766b57c08fd7cee049b588d4e891da77284372791f989387f7,"{""d"":5.0,""p"":0.00021544346900318845,""r"":5.0}",
      1024,         1,         0,   0.108,correlated_pymatching,da7f3bc117407235f65b2cba2770810c7d0d78bf5feaef4fdef839039002616d,"{""d"":5.0,""p"":0.001,""r"":5.0}","{""obs_mistake_mask=E"":1}"
       256,        26,         0,   0.376,correlated_pymatching,15d1edbbde98fe22bd103ebdcf00c70bb59783cfae577ba93cf4e337ccf3c313,"{""d"":7.0,""p"":0.004641588833612777,""r"":7.0}","{""obs_mistake_mask=E"":26}"
     10240,         0,         0,    1.58,correlated_pymatching,57fd446569d71e703d4e3b3c933a7a27eb3df2fcc8d32850d9b309f58c427968,"{""d"":5.0,""p"":0.0001,""r"":5.0}",
       128,        62,         0,    1.44,correlated_pymatching,c4dcca6e0f3415d9bdee0abf3ba7924076ad29286023ec9be9d6116cd88321f3,"{""d"":7.0,""p"":0.1,""r"":7.0}","{""obs_mistake_mask=E"":62}"
     10240,         0,         0,    1.64,correlated_pymatching,9a8f74bf0ecff9766b57c08fd7cee049b588d4e891da77284372791f989387f7,"{""d"":5.0,""p"":0.00021544346900318845,""r"":5.0}",
    109568,        16,         0,    2.18,correlated_pymatching,bb443dac09bde403296efc8c24817ea11c419366ff10ed539e61f56af8e7ecd1,"{""d"":3.0,""p"":0.0001,""r"":3.0}","{""obs_mistake_mask=E"":16}"
      2048,         0,         0,   0.292,correlated_pymatching,57fd446569d71e703d4e3b3c933a7a27eb3df2fcc8d32850d9b309f58c427968,"{""d"":5.0,""p"":0.0001,""r"":5.0}",
        64,         0,         0,   0.135,correlated_pymatching,6d35f8f59c18aaa298f180ebcd54ded7e5df1fc00770e2007395ae0d5c53773b,"{""d"":5.0,""p"":0.00046415888336127773,""r"":5.0}",
      7168,         0,         0,    1.66,correlated_pymatching,bebbad4e559ffded47cdbff4eb6ee9e01c7cf232957d5a8fcc53fa89adffd8c6,"{""d"":7.0,""p"":0.0001,""r"":7.0}",
      1024,         1,         0,   0.117,correlated_pymatching,da7f3bc117407235f65b2cba2770810c7d0d78bf5feaef4fdef839039002616d,"{""d"":5.0,""p"":0.001,""r"":5.0}","{""obs_mistake_mask=E"":1}"
         2,         0,         0,   0.696,correlated_pymatching,0259a37d81f7967b4b8ec4bb9481c75f99e79b3fd57b573fa80be7c7461d317d,"{""d"":7.0,""p"":0.00046415888336127773,""r"":7.0}",
      1024,         0,         0,   0.110,correlated_pymatching,da7f3bc117407235f65b2cba2770810c7d0d78bf5feaef4fdef839039002616d,"{""d"":5.0,""p"":0.001,""r"":5.0}",
       256,         0,         0,   0.143,correlated_pymatching,6d35f8f59c18aaa298f180ebcd54ded7e5df1fc00770e2007395ae0d5c53773b,"{""d"":5.0,""p"":0.00046415888336127773,""r"":5.0}",
      1024,         2,         0,   0.456,correlated_pymatching,08c324b98273b01d709a14cba6b7399db9a1df88b620b9b96033edf73595d13b,"{""d"":7.0,""p"":0.002154434690031882,""r"":7.0}","{""obs_mistake_mask=E"":2}"
     59392,        29,         0,    2.18,correlated_pymatching,e283e9997c1dca1b74f7003d28d05cebe22cf5bf60a08c9d596efd46ac3ff5b6,"{""d"":3.0,""p"":0.00021544346900318845,""r"":3.0}","{""obs_mistake_mask=E"":29}"
     28672,        21,         0,   0.564,correlated_pymatching,e283e9997c1dca1b74f7003d28d05cebe22cf5bf60a08c9d596efd46ac3ff5b6,"{""d"":3.0,""p"":0.00021544346900318845,""r"":3.0}","{""obs_mistake_mask=E"":21}"
    100352,        63,         0,    2.08,correlated_pymatching,e283e9997c1dca1b74f7003d28d05cebe22cf5bf60a08c9d596efd46ac3ff5b6,"{""d"":3.0,""p"":0.00021544346900318845,""r"":3.0}","{""obs_mistake_mask=E"":63}"
      1024,         2,         0,   0.020,correlated_pymatching,e283e9997c1dca1b74f7003d28d05cebe22cf5bf60a08c9d596efd46ac3ff5b6,"{""d"":3.0,""p"":0.00021544346900318845,""r"":3.0}","{""obs_mistake_mask=E"":2}"
      1024,         0,         0,   0.036,correlated_pymatching,e283e9997c1dca1b74f7003d28d05cebe22cf5bf60a08c9d596efd46ac3ff5b6,"{""d"":3.0,""p"":0.00021544346900318845,""r"":3.0}",
         2,         0,         0,   0.691,correlated_pymatching,ca5082d95a5eb3b5338a9e234d06ab22da68da62ca4e690b2c55dcde2c6f8487,"{""d"":7.0,""p"":0.001,""r"":7.0}",
         8,         0,         0,    1.42,correlated_pymatching,0259a37d81f7967b4b8ec4bb9481c75f99e79b3fd57b573fa80be7c7461d317d,"{""d"":7.0,""p"":0.00046415888336127773,""r"":7.0}",
      2048,         0,         0,   0.300,correlated_pymatching,57fd446569d71e703d4e3b3c933a7a27eb3df2fcc8d32850d9b309f58c427968,"{""d"":5.0,""p"":0.0001,""r"":5.0}",
      5120,         0,         0,    1.29,correlated_pymatching,0ea130b53ccb2550443c16f0c92974b75297641bafbf982c2963fe27de0e8a7e,"{""d"":7.0,""p"":0.00021544346900318845,""r"":7.0}",
     16384,         3,         0,   0.576,correlated_pymatching,bb443dac09bde403296efc8c24817ea11c419366ff10ed539e61f56af8e7ecd1,"{""d"":3.0,""p"":0.0001,""r"":3.0}","{""obs_mistake_mask=E"":3}"
      1024,         0,         0,   0.165,correlated_pymatching,6d35f8f59c18aaa298f180ebcd54ded7e5df1fc00770e2007395ae0d5c53773b,"{""d"":5.0,""p"":0.00046415888336127773,""r"":5.0}",
      5120,         1,         0,   0.453,correlated_pymatching,9a8f74bf0ecff9766b57c08fd7cee049b588d4e891da77284372791f989387f7,"{""d"":5.0,""p"":0.00021544346900318845,""r"":5.0}","{""obs_mistake_mask=E"":1}"
         4,         2,         0,    1.43,correlated_pymatching,c4dcca6e0f3415d9bdee0abf3ba7924076ad29286023ec9be9d6116cd88321f3,"{""d"":7.0,""p"":0.1,""r"":7.0}","{""obs_mistake_mask=E"":2}"
      2048,         2,         0,   0.228,correlated_pymatching,da7f3bc117407235f65b2cba2770810c7d0d78bf5feaef4fdef839039002616d,"{""d"":5.0,""p"":0.001,""r"":5.0}","{""obs_mistake_mask=E"":2}"
     62464,        17,         0,    2.20,correlated_pymatching,bb443dac09bde403296efc8c24817ea11c419366ff10ed539e61f56af8e7ecd1,"{""d"":3.0,""p"":0.0001,""r"":3.0}","{""obs_mistake_mask=E"":17}"
      7168,         0,         0,    1.76,correlated_pymatching,0ea130b53ccb2550443c16f0c92974b75297641bafbf982c2963fe27de0e8a7e,"{""d"":7.0,""p"":0.00021544346900318845,""r"":7.0}",
      1024,         1,         0,   0.171,correlated_pymatching,6d35f8f59c18aaa298f180ebcd54ded7e5df1fc00770e2007395ae0d5c53773b,"{""d"":5.0,""p"":0.00046415888336127773,""r"":5.0}","{""obs_mistake_mask=E"":1}"
      2560,        11,         0,    1.74,correlated_pymatching,08c324b98273b01d709a14cba6b7399db9a1df88b620b9b96033edf73595d13b,"{""d"":7.0,""p"":0.002154434690031882,""r"":7.0}","{""obs_mistake_mask=E"":11}"
         4,         0,         0,    1.41,correlated_pymatching,15d1edbbde98fe22bd103ebdcf00c70bb59783cfae577ba93cf4e337ccf3c313,"{""d"":7.0,""p"":0.004641588833612777,""r"":7.0}",
      2048,         2,         0,   0.225,correlated_pymatching,da7f3bc117407235f65b2cba2770810c7d0d78bf5feaef4fdef839039002616d,"{""d"":5.0,""p"":0.001,""r"":5.0}","{""obs_mistake_mask=E"":2}"
     24576,         1,         0,    2.22,correlated_pymatching,6d35f8f59c18aaa298f180ebcd54ded7e5df1fc00770e2007395ae0d5c53773b,"{""d"":5.0,""p"":0.00046415888336127773,""r"":5.0}","{""obs_mistake_mask=E"":1}"
     26624,         0,         0,    2.25,correlated_pymatching,57fd446569d71e703d4e3b3c933a7a27eb3df2fcc8d32850d9b309f58c427968,"{""d"":5.0,""p"":0.0001,""r"":5.0}",
      1024,         0,         0,   0.168,correlated_pymatching,6d35f8f59c18aaa298f180ebcd54ded7e5df1fc00770e2007395ae0d5c53773b,"{""d"":5.0,""p"":0.00046415888336127773,""r"":5.0}",
         1,         0,         0,   0.219,correlated_pymatching,0259a37d81f7967b4b8ec4bb9481c75f99e79b3fd57b573fa80be7c7461d317d,"{""d"":7.0,""p"":0.00046415888336127773,""r"":7.0}",
       512,        41,         0,   0.756,correlated_pymatching,15d1edbbde98fe22bd103ebdcf00c70bb59783cfae577ba93cf4e337ccf3c313,"{""d"":7.0,""p"":0.004641588833612777,""r"":7.0}","{""obs_mistake_mask=E"":41}"
         1,         0,         0,   0.226,correlated_pymatching,0ea130b53ccb2550443c16f0c92974b75297641bafbf982c2963fe27de0e8a7e,"{""d"":7.0,""p"":0.00021544346900318845,""r"":7.0}",
      3072,         0,         0,   0.440,correlated_pymatching,57fd446569d71e703d4e3b3c933a7a27eb3df2fcc8d32850d9b309f58c427968,"{""d"":5.0,""p"":0.0001,""r"":5.0}",
     25600,         1,         0,    2.24,correlated_pymatching,9a8f74bf0ecff9766b57c08fd7cee049b588d4e891da77284372791f989387f7,"{""d"":5.0,""p"":0.00021544346900318845,""r"":5.0}","{""obs_mistake_mask=E"":1}"
     19456,        28,         0,    2.22,correlated_pymatching,da7f3bc117407235f65b2cba2770810c7d0d78bf5feaef4fdef839039002616d,"{""d"":5.0,""p"":0.001,""r"":5.0}","{""obs_mistake_mask=E"":28}"
      1024,         0,         0,   0.168,correlated_pymatching,6d35f8f59c18aaa298f180ebcd54ded7e5df1fc00770e2007395ae0d5c53773b,"{""d"":5.0,""p"":0.00046415888336127773,""r"":5.0}",
         2,         0,         0,   0.707,correlated_pymatching,0259a37d81f7967b4b8ec4bb9481c75f99e79b3fd57b573fa80be7c7461d317d,"{""d"":7.0,""p"":0.00046415888336127773,""r"":7.0}",
         3,         0,         0,    1.06,correlated_pymatching,bebbad4e559ffded47cdbff4eb6ee9e01c7cf232957d5a8fcc53fa89adffd8c6,"{""d"":7.0,""p"":0.0001,""r"":7.0}",
         2,         0,         0,   0.199,correlated_pymatching,0ea130b53ccb2550443c16f0c92974b75297641bafbf982c2963fe27de0e8a7e,"{""d"":7.0,""p"":0.00021544346900318845,""r"":7.0}",
         2,         0,         0,   0.216,correlated_pymatching,0259a37d81f7967b4b8ec4bb9481c75f99e79b3fd57b573fa80be7c7461d317d,"{""d"":7.0,""p"":0.00046415888336127773,""r"":7.0}",
      3072,         7,         0,   0.338,correlated_pymatching,da7f3bc117407235f65b2cba2770810c7d0d78bf5feaef4fdef839039002616d,"{""d"":5.0,""p"":0.001,""r"":5.0}","{""obs_mistake_mask=E"":7}"
         2,         0,         0,   0.716,correlated_pymatching,ca5082d95a5eb3b5338a9e234d06ab22da68da62ca4e690b2c55dcde2c6f8487,"{""d"":7.0,""p"":0.001,""r"":7.0}",
      7168,         0,         0,   0.625,correlated_pymatching,9a8f74bf0ecff9766b57c08fd7cee049b588d4e891da77284372791f989387f7,"{""d"":5.0,""p"":0.00021544346900318845,""r"":5.0}",
         1,         0,         0,   0.364,correlated_pymatching,bebbad4e559ffded47cdbff4eb6ee9e01c7cf232957d5a8fcc53fa89adffd8c6,"{""d"":7.0,""p"":0.0001,""r"":7.0}",
      2048,         5,         0,   0.931,correlated_pymatching,08c324b98273b01d709a14cba6b7399db9a1df88b620b9b96033edf73595d13b,"{""d"":7.0,""p"":0.002154434690031882,""r"":7.0}","{""obs_mistake_mask=E"":5}"
         4,         0,         0,   0.207,correlated_pymatching,0ea130b53ccb2550443c16f0c92974b75297641bafbf982c2963fe27de0e8a7e,"{""d"":7.0,""p"":0.00021544346900318845,""r"":7.0}",
         4,         0,         0,   0.206,correlated_pymatching,0259a37d81f7967b4b8ec4bb9481c75f99e79b3fd57b573fa80be7c7461d317d,"{""d"":7.0,""p"":0.00046415888336127773,""r"":7.0}",
     23552,         4,         0,   0.829,correlated_pymatching,bb443dac09bde403296efc8c24817ea11c419366ff10ed539e61f56af8e7ecd1,"{""d"":3.0,""p"":0.0001,""r"":3.0}","{""obs_mistake_mask=E"":4}"
      2048,         0,         0,   0.335,correlated_pymatching,6d35f8f59c18aaa298f180ebcd54ded7e5df1fc00770e2007395ae0d5c53773b,"{""d"":5.0,""p"":0.00046415888336127773,""r"":5.0}",
        80,         0,         0,    1.77,correlated_pymatching,ca5082d95a5eb3b5338a9e234d06ab22da68da62ca4e690b2c55dcde2c6f8487,"{""d"":7.0,""p"":0.001,""r"":7.0}",
         8,         0,         0,   0.206,correlated_pymatching,0ea130b53ccb2550443c16f0c92974b75297641bafbf982c2963fe27de0e8a7e,"{""d"":7.0,""p"":0.00021544346900318845,""r"":7.0}",
      4096,         0,         0,   0.587,correlated_pymatching,57fd446569d71e703d4e3b3c933a7a27eb3df2fcc8d32850d9b309f58c427968,"{""d"":5.0,""p"":0.0001,""r"":5.0}",
         8,         0,         0,   0.213,correlated_pymatching,0259a37d81f7967b4b8ec4bb9481c75f99e79b3fd57b573fa80be7c7461d317d,"{""d"":7.0,""p"":0.00046415888336127773,""r"":7.0}",
         1,         0,         0,   0.348,correlated_pymatching,bebbad4e559ffded47cdbff4eb6ee9e01c7cf232957d5a8fcc53fa89adffd8c6,"{""d"":7.0,""p"":0.0001,""r"":7.0}",
      4096,         6,         0,   0.445,correlated_pymatching,da7f3bc117407235f65b2cba2770810c7d0d78bf5feaef4fdef839039002616d,"{""d"":5.0,""p"":0.001,""r"":5.0}","{""obs_mistake_mask=E"":6}"
       512,        46,         0,   0.744,correlated_pymatching,15d1edbbde98fe22bd103ebdcf00c70bb59783cfae577ba93cf4e337ccf3c313,"{""d"":7.0,""p"":0.004641588833612777,""r"":7.0}","{""obs_mistake_mask=E"":46}"
      2048,         1,         0,   0.345,correlated_pymatching,6d35f8f59c18aaa298f180ebcd54ded7e5df1fc00770e2007395ae0d5c53773b,"{""d"":5.0,""p"":0.00046415888336127773,""r"":5.0}","{""obs_mistake_mask=E"":1}"
        16,         0,         0,   0.207,correlated_pymatching,0ea130b53ccb2550443c16f0c92974b75297641bafbf982c2963fe27de0e8a7e,"{""d"":7.0,""p"":0.00021544346900318845,""r"":7.0}",
     23552,         7,         0,    2.22,correlated_pymatching,6d35f8f59c18aaa298f180ebcd54ded7e5df1fc00770e2007395ae0d5c53773b,"{""d"":5.0,""p"":0.00046415888336127773,""r"":5.0}","{""obs_mistake_mask=E"":7}"
        16,         0,         0,   0.216,correlated_pymatching,0259a37d81f7967b4b8ec4bb9481c75f99e79b3fd57b573fa80be7c7461d317d,"{""d"":7.0,""p"":0.00046415888336127773,""r"":7.0}",
     20480,        30,         0,    2.27,correlated_pymatching,da7f3bc117407235f65b2cba2770810c7d0d78bf5feaef4fdef839039002616d,"{""d"":5.0,""p"":0.001,""r"":5.0}","{""obs_mistake_mask=E"":30}"
         1,         0,         0,   0.356,correlated_pymatching,bebbad4e559ffded47cdbff4eb6ee9e01c7cf232957d5a8fcc53fa89adffd8c6,"{""d"":7.0,""p"":0.0001,""r"":7.0}",
        32,         0,         0,   0.204,correlated_pymatching,0ea130b53ccb2550443c16f0c92974b75297641bafbf982c2963fe27de0e8a7e,"{""d"":7.0,""p"":0.00021544346900318845,""r"":7.0}",
        32,         0,         0,   0.212,correlated_pymatching,0259a37d81f7967b4b8ec4bb9481c75f99e79b3fd57b573fa80be7c7461d317d,"{""d"":7.0,""p"":0.00046415888336127773,""r"":7.0}",
      9216,         1,         0,   0.815,correlated_pymatching,9a8f74bf0ecff9766b57c08fd7cee049b588d4e891da77284372791f989387f7,"{""d"":5.0,""p"":0.00021544346900318845,""r"":5.0}","{""obs_mistake_mask=E"":1}"
       160,        89,         0,    1.90,correlated_pymatching,c4dcca6e0f3415d9bdee0abf3ba7924076ad29286023ec9be9d6116cd88321f3,"{""d"":7.0,""p"":0.1,""r"":7.0}","{""obs_mistake_mask=E"":89}"
         3,         0,         0,    1.04,correlated_pymatching,0259a37d81f7967b4b8ec4bb9481c75f99e79b3fd57b573fa80be7c7461d317d,"{""d"":7.0,""p"":0.00046415888336127773,""r"":7.0}",
        64,         0,         0,   0.224,correlated_pymatching,0ea130b53ccb2550443c16f0c92974b75297641bafbf982c2963fe27de0e8a7e,"{""d"":7.0,""p"":0.00021544346900318845,""r"":7.0}",
        64,         0,         0,   0.208,correlated_pymatching,0259a37d81f7967b4b8ec4bb9481c75f99e79b3fd57b573fa80be7c7461d317d,"{""d"":7.0,""p"":0.00046415888336127773,""r"":7.0}",
        10,         0,         0,    1.73,correlated_pymatching,0259a37d81f7967b4b8ec4bb9481c75f99e79b3fd57b573fa80be7c7461d317d,"{""d"":7.0,""p"":0.00046415888336127773,""r"":7.0}",
      3072,         1,         0,   0.503,correlated_pymatching,6d35f8f59c18aaa298f180ebcd54ded7e5df1fc00770e2007395ae0d5c53773b,"{""d"":5.0,""p"":0.00046415888336127773,""r"":5.0}","{""obs_mistake_mask=E"":1}"
         3,         0,         0,    1.05,correlated_pymatching,ca5082d95a5eb3b5338a9e234d06ab22da68da62ca4e690b2c55dcde2c6f8487,"{""d"":7.0,""p"":0.001,""r"":7.0}",
      7168,         0,         0,    1.76,correlated_pymatching,0ea130b53ccb2550443c16f0c92974b75297641bafbf982c2963fe27de0e8a7e,"{""d"":7.0,""p"":0.00021544346900318845,""r"":7.0}",
      2048,         9,         0,   0.961,correlated_pymatching,08c324b98273b01d709a14cba6b7399db9a1df88b620b9b96033edf73595d13b,"{""d"":7.0,""p"":0.002154434690031882,""r"":7.0}","{""obs_mistake_mask=E"":9}"
         1,         0,         0,   0.348,correlated_pymatching,bebbad4e559ffded47cdbff4eb6ee9e01c7cf232957d5a8fcc53fa89adffd8c6,"{""d"":7.0,""p"":0.0001,""r"":7.0}",
      6144,         6,         0,   0.679,correlated_pymatching,da7f3bc117407235f65b2cba2770810c7d0d78bf5feaef4fdef839039002616d,"{""d"":5.0,""p"":0.001,""r"":5.0}","{""obs_mistake_mask=E"":6}"
         5,         2,         0,    1.73,correlated_pymatching,c4dcca6e0f3415d9bdee0abf3ba7924076ad29286023ec9be9d6116cd88321f3,"{""d"":7.0,""p"":0.1,""r"":7.0}","{""obs_mistake_mask=E"":2}"
       128,         0,         0,   0.204,correlated_pymatching,0ea130b53ccb2550443c16f0c92974b75297641bafbf982c2963fe27de0e8a7e,"{""d"":7.0,""p"":0.00021544346900318845,""r"":7.0}",
     14336,         0,         0,    2.18,correlated_pymatching,9a8f74bf0ecff9766b57c08fd7cee049b588d4e891da77284372791f989387f7,"{""d"":5.0,""p"":0.00021544346900318845,""r"":5.0}",
       128,         0,         0,   0.216,correlated_pymatching,0259a37d81f7967b4b8ec4bb9481c75f99e79b3fd57b573fa80be7c7461d317d,"{""d"":7.0,""p"":0.00046415888336127773,""r"":7.0}",
      6144,         0,         0,   0.887,correlated_pymatching,57fd446569d71e703d4e3b3c933a7a27eb3df2fcc8d32850d9b309f58c427968,"{""d"":5.0,""p"":0.0001,""r"":5.0}",
     15360,         0,         0,    2.26,correlated_pymatching,57fd446569d71e703d4e3b3c933a7a27eb3df2fcc8d32850d9b309f58c427968,"{""d"":5.0,""p"":0.0001,""r"":5.0}",
         4,         0,         0,    1.41,correlated_pymatching,bebbad4e559ffded47cdbff4eb6ee9e01c7cf232957d5a8fcc53fa89adffd8c6,"{""d"":7.0,""p"":0.0001,""r"":7.0}",
     32768,         6,         0,    1.13,correlated_pymatching,bb443dac09bde403296efc8c24817ea11c419366ff10ed539e61f56af8e7ecd1,"{""d"":3.0,""p"":0.0001,""r"":3.0}","{""obs_mistake_mask=E"":6}"
     10240,         0,         0,    2.31,correlated_pymatching,bebbad4e559ffded47cdbff4eb6ee9e01c7cf232957d5a8fcc53fa89adffd8c6,"{""d"":7.0,""p"":0.0001,""r"":7.0}",
         5,         0,         0,    1.75,correlated_pymatching,15d1edbbde98fe22bd103ebdcf00c70bb59783cfae577ba93cf4e337ccf3c313,"{""d"":7.0,""p"":0.004641588833612777,""r"":7.0}",
       256,         0,         0,   0.216,correlated_pymatching,0ea130b53ccb2550443c16f0c92974b75297641bafbf982c2963fe27de0e8a7e,"{""d"":7.0,""p"":0.00021544346900318845,""r"":7.0}",
       256,         0,         0,   0.228,correlated_pymatching,0259a37d81f7967b4b8ec4bb9481c75f99e79b3fd57b573fa80be7c7461d317d,"{""d"":7.0,""p"":0.00046415888336127773,""r"":7.0}",
         1,         0,         0,   0.348,correlated_pymatching,bebbad4e559ffded47cdbff4eb6ee9e01c7cf232957d5a8fcc53fa89adffd8c6,"{""d"":7.0,""p"":0.0001,""r"":7.0}",
       768,        65,         0,    1.13,correlated_pymatching,15d1edbbde98fe22bd103ebdcf00c70bb59783cfae577ba93cf4e337ccf3c313,"{""d"":7.0,""p"":0.004641588833612777,""r"":7.0}","{""obs_mistake_mask=E"":65}"
        64,        32,         0,   0.732,correlated_pymatching,c4dcca6e0f3415d9bdee0abf3ba7924076ad29286023ec9be9d6116cd88321f3,"{""d"":7.0,""p"":0.1,""r"":7.0}","{""obs_mistake_mask=E"":32}"
       512,         0,         0,   0.227,correlated_pymatching,0ea130b53ccb2550443c16f0c92974b75297641bafbf982c2963fe27de0e8a7e,"{""d"":7.0,""p"":0.00021544346900318845,""r"":7.0}",
      9216,         0,         0,    2.22,correlated_pymatching,0ea130b53ccb2550443c16f0c92974b75297641bafbf982c2963fe27de0e8a7e,"{""d"":7.0,""p"":0.00021544346900318845,""r"":7.0}",
       512,         0,         0,   0.248,correlated_pymatching,0259a37d81f7967b4b8ec4bb9481c75f99e79b3fd57b573fa80be7c7461d317d,"{""d"":7.0,""p"":0.00046415888336127773,""r"":7.0}",
      4096,         1,         0,   0.671,correlated_pymatching,6d35f8f59c18aaa298f180ebcd54ded7e5df1fc00770e2007395ae0d5c53773b,"{""d"":5.0,""p"":0.00046415888336127773,""r"":5.0}","{""obs_mistake_mask=E"":1}"
         1,         0,         0,   0.348,correlated_pymatching,bebbad4e559ffded47cdbff4eb6ee9e01c7cf232957d5a8fcc53fa89adffd8c6,"{""d"":7.0,""p"":0.0001,""r"":7.0}",
         2,         0,         0,   0.684,correlated_pymatching,c4dcca6e0f3415d9bdee0abf3ba7924076ad29286023ec9be9d6116cd88321f3,"{""d"":7.0,""p"":0.1,""r"":7.0}",
      3584,        13,         0,    2.37,correlated_pymatching,08c324b98273b01d709a14cba6b7399db9a1df88b620b9b96033edf73595d13b,"{""d"":7.0,""p"":0.002154434690031882,""r"":7.0}","{""obs_mistake_mask=E"":13}"
      8192,        14,         0,   0.897,correlated_pymatching,da7f3bc117407235f65b2cba2770810c7d0d78bf5feaef4fdef839039002616d,"{""d"":5.0,""p"":0.001,""r"":5.0}","{""obs_mistake_mask=E"":14}"
     13312,         0,         0,    1.17,correlated_pymatching,9a8f74bf0ecff9766b57c08fd7cee049b588d4e891da77284372791f989387f7,"{""d"":5.0,""p"":0.00021544346900318845,""r"":5.0}",
    155648,        38,         0,    3.05,correlated_pymatching,bb443dac09bde403296efc8c24817ea11c419366ff10ed539e61f56af8e7ecd1,"{""d"":3.0,""p"":0.0001,""r"":3.0}","{""obs_mistake_mask=E"":38}"
      2048,         0,         0,   0.480,correlated_pymatching,0ea130b53ccb2550443c16f0c92974b75297641bafbf982c2963fe27de0e8a7e,"{""d"":7.0,""p"":0.00021544346900318845,""r"":7.0}",
         1,         0,         0,   0.348,correlated_pymatching,bebbad4e559ffded47cdbff4eb6ee9e01c7cf232957d5a8fcc53fa89adffd8c6,"{""d"":7.0,""p"":0.0001,""r"":7.0}",
      2048,         0,         0,   0.544,correlated_pymatching,0259a37d81f7967b4b8ec4bb9481c75f99e79b3fd57b573fa80be7c7461d317d,"{""d"":7.0,""p"":0.00046415888336127773,""r"":7.0}",
         1,         0,         0,   0.214,correlated_pymatching,08c324b98273b01d709a14cba6b7399db9a1df88b620b9b96033edf73595d13b,"{""d"":7.0,""p"":0.002154434690031882,""r"":7.0}",
         4,         0,         0,    1.40,correlated_pymatching,0259a37d81f7967b4b8ec4bb9481c75f99e79b3fd57b573fa80be7c7461d317d,"{""d"":7.0,""p"":0.00046415888336127773,""r"":7.0}",
      8192,         0,         0,    1.19,correlated_pymatching,57fd446569d71e703d4e3b3c933a7a27eb3df2fcc8d32850d9b309f58c427968,"{""d"":5.0,""p"":0.0001,""r"":5.0}",
      3072,         5,         0,    1.38,correlated_pymatching,08c324b98273b01d709a14cba6b7399db9a1df88b620b9b96033edf73595d13b,"{""d"":7.0,""p"":0.002154434690031882,""r"":7.0}","{""obs_mistake_mask=E"":5}"
         1,         0,         0,   0.340,correlated_pymatching,bebbad4e559ffded47cdbff4eb6ee9e01c7cf232957d5a8fcc53fa89adffd8c6,"{""d"":7.0,""p"":0.0001,""r"":7.0}",
         2,         0,         0,   0.204,correlated_pymatching,08c324b98273b01d709a14cba6b7399db9a1df88b620b9b96033edf73595d13b,"{""d"":7.0,""p"":0.002154434690031882,""r"":7.0}",
         4,         0,         0,    1.47,correlated_pymatching,ca5082d95a5eb3b5338a9e234d06ab22da68da62ca4e690b2c55dcde2c6f8487,"{""d"":7.0,""p"":0.001,""r"":7.0}",
     88064,        24,         0,    3.08,correlated_pymatching,bb443dac09bde403296efc8c24817ea11c419366ff10ed539e61f56af8e7ecd1,"{""d"":3.0,""p"":0.0001,""r"":3.0}","{""obs_mistake_mask=E"":24}"
      5120,         2,         0,   0.842,correlated_pymatching,6d35f8f59c18aaa298f180ebcd54ded7e5df1fc00770e2007395ae0d5c53773b,"{""d"":5.0,""p"":0.00046415888336127773,""r"":5.0}","{""obs_mistake_mask=E"":2}"
         1,         0,         0,   0.356,correlated_pymatching,ca5082d95a5eb3b5338a9e234d06ab22da68da62ca4e690b2c55dcde2c6f8487,"{""d"":7.0,""p"":0.001,""r"":7.0}",
      2048,         0,         0,   0.480,correlated_pymatching,0ea130b53ccb2550443c16f0c92974b75297641bafbf982c2963fe27de0e8a7e,"{""d"":7.0,""p"":0.00021544346900318845,""r"":7.0}",
         4,         0,         0,   0.216,correlated_pymatching,08c324b98273b01d709a14cba6b7399db9a1df88b620b9b96033edf73595d13b,"{""d"":7.0,""p"":0.002154434690031882,""r"":7.0}",
       768,        53,         0,    1.13,correlated_pymatching,15d1edbbde98fe22bd103ebdcf00c70bb59783cfae577ba93cf4e337ccf3c313,"{""d"":7.0,""p"":0.004641588833612777,""r"":7.0}","{""obs_mistake_mask=E"":53}"
     32768,         3,         0,    3.07,correlated_pymatching,6d35f8f59c18aaa298f180ebcd54ded7e5df1fc00770e2007395ae0d5c53773b,"{""d"":5.0,""p"":0.00046415888336127773,""r"":5.0}","{""obs_mistake_mask=E"":3}"
      2048,         0,         0,   0.530,correlated_pymatching,0259a37d81f7967b4b8ec4bb9481c75f99e79b3fd57b573fa80be7c7461d317d,"{""d"":7.0,""p"":0.00046415888336127773,""r"":7.0}",
     36864,         0,         0,    3.12,correlated_pymatching,57fd446569d71e703d4e3b3c933a7a27eb3df2fcc8d32850d9b309f58c427968,"{""d"":5.0,""p"":0.0001,""r"":5.0}",
         1,         0,         0,   0.344,correlated_pymatching,bebbad4e559ffded47cdbff4eb6ee9e01c7cf232957d5a8fcc53fa89adffd8c6,"{""d"":7.0,""p"":0.0001,""r"":7.0}",
       112,         0,         0,    2.48,correlated_pymatching,ca5082d95a5eb3b5338a9e234d06ab22da68da62ca4e690b2c55dcde2c6f8487,"{""d"":7.0,""p"":0.001,""r"":7.0}",
     27648,        35,         0,    3.07,correlated_pymatching,da7f3bc117407235f65b2cba2770810c7d0d78bf5feaef4fdef839039002616d,"{""d"":5.0,""p"":0.001,""r"":5.0}","{""obs_mistake_mask=E"":35}"
     46080,        13,         0,    1.58,correlated_pymatching,bb443dac09bde403296efc8c24817ea11c419366ff10ed539e61f56af8e7ecd1,"{""d"":3.0,""p"":0.0001,""r"":3.0}","{""obs_mistake_mask=E"":13}"
     35840,         1,         0,    3.10,correlated_pymatching,9a8f74bf0ecff9766b57c08fd7cee049b588d4e891da77284372791f989387f7,"{""d"":5.0,""p"":0.00021544346900318845,""r"":5.0}","{""obs_mistake_mask=E"":1}"
         1,         0,         0,   0.344,correlated_pymatching,ca5082d95a5eb3b5338a9e234d06ab22da68da62ca4e690b2c55dcde2c6f8487,"{""d"":7.0,""p"":0.001,""r"":7.0}",
         8,         0,         0,   0.216,correlated_pymatching,08c324b98273b01d709a14cba6b7399db9a1df88b620b9b96033edf73595d13b,"{""d"":7.0,""p"":0.002154434690031882,""r"":7.0}",
         5,         0,         0,    1.77,correlated_pymatching,bebbad4e559ffded47cdbff4eb6ee9e01c7cf232957d5a8fcc53fa89adffd8c6,"{""d"":7.0,""p"":0.0001,""r"":7.0}",
     10240,        19,         0,    1.16,correlated_pymatching,da7f3bc117407235f65b2cba2770810c7d0d78bf5feaef4fdef839039002616d,"{""d"":5.0,""p"":0.001,""r"":5.0}","{""obs_mistake_mask=E"":19}"
        16,         1,         0,   0.240,correlated_pymatching,08c324b98273b01d709a14cba6b7399db9a1df88b620b9b96033edf73595d13b,"{""d"":7.0,""p"":0.002154434690031882,""r"":7.0}","{""obs_mistake_mask=E"":1}"
         1,         0,         0,   0.364,correlated_pymatching,bebbad4e559ffded47cdbff4eb6ee9e01c7cf232957d5a8fcc53fa89adffd8c6,"{""d"":7.0,""p"":0.0001,""r"":7.0}",
         1,         0,         0,   0.360,correlated_pymatching,ca5082d95a5eb3b5338a9e234d06ab22da68da62ca4e690b2c55dcde2c6f8487,"{""d"":7.0,""p"":0.001,""r"":7.0}",
      9216,         0,         0,    2.22,correlated_pymatching,0ea130b53ccb2550443c16f0c92974b75297641bafbf982c2963fe27de0e8a7e,"{""d"":7.0,""p"":0.00021544346900318845,""r"":7.0}",
      3072,         0,         0,   0.720,correlated_pymatching,0ea130b53ccb2550443c16f0c92974b75297641bafbf982c2963fe27de0e8a7e,"{""d"":7.0,""p"":0.00021544346900318845,""r"":7.0}",
        32,         1,         0,   0.216,correlated_pymatching,08c324b98273b01d709a14cba6b7399db9a1df88b620b9b96033edf73595d13b,"{""d"":7.0,""p"":0.002154434690031882,""r"":7.0}","{""obs_mistake_mask=E"":1}"
        14,         0,         0,    2.39,correlated_pymatching,0259a37d81f7967b4b8ec4bb9481c75f99e79b3fd57b573fa80be7c7461d317d,"{""d"":7.0,""p"":0.00046415888336127773,""r"":7.0}",
         1,         0,         0,   0.348,correlated_pymatching,bebbad4e559ffded47cdbff4eb6ee9e01c7cf232957d5a8fcc53fa89adffd8c6,"{""d"":7.0,""p"":0.0001,""r"":7.0}",
      3072,         0,         0,   0.808,correlated_pymatching,0259a37d81f7967b4b8ec4bb9481c75f99e79b3fd57b573fa80be7c7461d317d,"{""d"":7.0,""p"":0.00046415888336127773,""r"":7.0}",
        64,         0,         0,   0.210,correlated_pymatching,08c324b98273b01d709a14cba6b7399db9a1df88b620b9b96033edf73595d13b,"{""d"":7.0,""p"":0.002154434690031882,""r"":7.0}",
     18432,         0,         0,    1.61,correlated_pymatching,9a8f74bf0ecff9766b57c08fd7cee049b588d4e891da77284372791f989387f7,"{""d"":5.0,""p"":0.00021544346900318845,""r"":5.0}",
         1,         0,         0,   0.348,correlated_pymatching,ca5082d95a5eb3b5338a9e234d06ab22da68da62ca4e690b2c55dcde2c6f8487,"{""d"":7.0,""p"":0.001,""r"":7.0}",
     32768,         5,         0,    3.08,correlated_pymatching,6d35f8f59c18aaa298f180ebcd54ded7e5df1fc00770e2007395ae0d5c53773b,"{""d"":5.0,""p"":0.00046415888336127773,""r"":5.0}","{""obs_mistake_mask=E"":5}"
      7168,         1,         0,    1.29,correlated_pymatching,6d35f8f59c18aaa298f180ebcd54ded7e5df1fc00770e2007395ae0d5c53773b,"{""d"":5.0,""p"":0.00046415888336127773,""r"":5.0}","{""obs_mistake_mask=E"":1}"
         7,         2,         0,    2.50,correlated_pymatching,15d1edbbde98fe22bd103ebdcf00c70bb59783cfae577ba93cf4e337ccf3c313,"{""d"":7.0,""p"":0.004641588833612777,""r"":7.0}","{""obs_mistake_mask=E"":2}"
       128,         1,         0,   0.312,correlated_pymatching,08c324b98273b01d709a14cba6b7399db9a1df88b620b9b96033edf73595d13b,"{""d"":7.0,""p"":0.002154434690031882,""r"":7.0}","{""obs_mistake_mask=E"":1}"
     27648,        33,         0,    3.19,correlated_pymatching,da7f3bc117407235f65b2cba2770810c7d0d78bf5feaef4fdef839039002616d,"{""d"":5.0,""p"":0.001,""r"":5.0}","{""obs_mistake_mask=E"":33}"
         1,         0,         0,   0.324,correlated_pymatching,ca5082d95a5eb3b5338a9e234d06ab22da68da62ca4e690b2c55dcde2c6f8487,"{""d"":7.0,""p"":0.001,""r"":7.0}",
         5,         0,         0,    1.74,correlated_pymatching,0259a37d81f7967b4b8ec4bb9481c75f99e79b3fd57b573fa80be7c7461d317d,"{""d"":7.0,""p"":0.00046415888336127773,""r"":7.0}",
     11264,         0,         0,    1.66,correlated_pymatching,57fd446569d71e703d4e3b3c933a7a27eb3df2fcc8d32850d9b309f58c427968,"{""d"":5.0,""p"":0.0001,""r"":5.0}",
       128,         0,         0,   0.313,correlated_pymatching,08c324b98273b01d709a14cba6b7399db9a1df88b620b9b96033edf73595d13b,"{""d"":7.0,""p"":0.002154434690031882,""r"":7.0}",
      3072,         0,         0,   0.920,correlated_pymatching,0ea130b53ccb2550443c16f0c92974b75297641bafbf982c2963fe27de0e8a7e,"{""d"":7.0,""p"":0.00021544346900318845,""r"":7.0}",
         5,         0,         0,    1.76,correlated_pymatching,ca5082d95a5eb3b5338a9e234d06ab22da68da62ca4e690b2c55dcde2c6f8487,"{""d"":7.0,""p"":0.001,""r"":7.0}",
      4096,         9,         0,    1.84,correlated_pymatching,08c324b98273b01d709a14cba6b7399db9a1df88b620b9b96033edf73595d13b,"{""d"":7.0,""p"":0.002154434690031882,""r"":7.0}","{""obs_mistake_mask=E"":9}"
         1,         0,         0,   0.364,correlated_pymatching,ca5082d95a5eb3b5338a9e234d06ab22da68da62ca4e690b2c55dcde2c6f8487,"{""d"":7.0,""p"":0.001,""r"":7.0}",
         2,         0,         0,   0.800,correlated_pymatching,bebbad4e559ffded47cdbff4eb6ee9e01c7cf232957d5a8fcc53fa89adffd8c6,"{""d"":7.0,""p"":0.0001,""r"":7.0}",
     20480,         0,         0,    3.17,correlated_pymatching,9a8f74bf0ecff9766b57c08fd7cee049b588d4e891da77284372791f989387f7,"{""d"":5.0,""p"":0.00021544346900318845,""r"":5.0}",
     20480,         0,         0,    3.16,correlated_pymatching,57fd446569d71e703d4e3b3c933a7a27eb3df2fcc8d32850d9b309f58c427968,"{""d"":5.0,""p"":0.0001,""r"":5.0}",
       128,         0,         0,   0.252,correlated_pymatching,08c324b98273b01d709a14cba6b7399db9a1df88b620b9b96033edf73595d13b,"{""d"":7.0,""p"":0.002154434690031882,""r"":7.0}",
     13312,         0,         0,    3.19,correlated_pymatching,bebbad4e559ffded47cdbff4eb6ee9e01c7cf232957d5a8fcc53fa89adffd8c6,"{""d"":7.0,""p"":0.0001,""r"":7.0}",
      4096,         0,         0,    1.06,correlated_pymatching,0259a37d81f7967b4b8ec4bb9481c75f99e79b3fd57b573fa80be7c7461d317d,"{""d"":7.0,""p"":0.00046415888336127773,""r"":7.0}",
         1,         0,         0,   0.308,correlated_pymatching,ca5082d95a5eb3b5338a9e234d06ab22da68da62ca4e690b2c55dcde2c6f8487,"{""d"":7.0,""p"":0.001,""r"":7.0}",
      1280,       120,         0,    1.92,correlated_pymatching,15d1edbbde98fe22bd103ebdcf00c70bb59783cfae577ba93cf4e337ccf3c313,"{""d"":7.0,""p"":0.004641588833612777,""r"":7.0}","{""obs_mistake_mask=E"":120}"
     13312,        18,         0,    1.61,correlated_pymatching,da7f3bc117407235f65b2cba2770810c7d0d78bf5feaef4fdef839039002616d,"{""d"":5.0,""p"":0.001,""r"":5.0}","{""obs_mistake_mask=E"":18}"
         1,         0,         0,   0.312,correlated_pymatching,ca5082d95a5eb3b5338a9e234d06ab22da68da62ca4e690b2c55dcde2c6f8487,"{""d"":7.0,""p"":0.001,""r"":7.0}",
         3,         0,         0,    1.08,correlated_pymatching,15d1edbbde98fe22bd103ebdcf00c70bb59783cfae577ba93cf4e337ccf3c313,"{""d"":7.0,""p"":0.004641588833612777,""r"":7.0}",
     13312,         0,         0,    3.30,correlated_pymatching,0ea130b53ccb2550443c16f0c92974b75297641bafbf982c2963fe27de0e8a7e,"{""d"":7.0,""p"":0.00021544346900318845,""r"":7.0}",
         1,         0,         0,   0.019,correlated_pymatching,bb443dac09bde403296efc8c24817ea11c419366ff10ed539e61f56af8e7ecd1,"{""d"":3.0,""p"":0.0001,""r"":3.0}",
         2,         0,         0,   0.700,correlated_pymatching,bebbad4e559ffded47cdbff4eb6ee9e01c7cf232957d5a8fcc53fa89adffd8c6,"{""d"":7.0,""p"":0.0001,""r"":7.0}",
        16,         0,         0,   0.024,correlated_pymatching,bb443dac09bde403296efc8c24817ea11c419366ff10ed539e61f56af8e7ecd1,"{""d"":3.0,""p"":0.0001,""r"":3.0}",
      1280,         0,         0,   0.036,correlated_pymatching,bb443dac09bde403296efc8c24817ea11c419366ff10ed539e61f56af8e7ecd1,"{""d"":3.0,""p"":0.0001,""r"":3.0}",
       768,         4,         0,   0.612,correlated_pymatching,08c324b98273b01d709a14cba6b7399db9a1df88b620b9b96033edf73595d13b,"{""d"":7.0,""p"":0.002154434690031882,""r"":7.0}","{""obs_mistake_mask=E"":4}"
     59392,        10,         0,    2.20,correlated_pymatching,bb443dac09bde403296efc8c24817ea11c419366ff10ed539e61f56af8e7ecd1,"{""d"":3.0,""p"":0.0001,""r"":3.0}","{""obs_mistake_mask=E"":10}"
      2048,         0,         0,   0.044,correlated_pymatching,bb443dac09bde403296efc8c24817ea11c419366ff10ed539e61f56af8e7ecd1,"{""d"":3.0,""p"":0.0001,""r"":3.0}",
      2048,         0,         0,   0.040,correlated_pymatching,bb443dac09bde403296efc8c24817ea11c419366ff10ed539e61f56af8e7ecd1,"{""d"":3.0,""p"":0.0001,""r"":3.0}",
      4096,         1,         0,   0.071,correlated_pymatching,bb443dac09bde403296efc8c24817ea11c419366ff10ed539e61f56af8e7ecd1,"{""d"":3.0,""p"":0.0001,""r"":3.0}","{""obs_mistake_mask=E"":1}"
         1,         0,         0,   0.352,correlated_pymatching,ca5082d95a5eb3b5338a9e234d06ab22da68da62ca4e690b2c55dcde2c6f8487,"{""d"":7.0,""p"":0.001,""r"":7.0}",
      4096,         1,         0,   0.081,correlated_pymatching,bb443dac09bde403296efc8c24817ea11c419366ff10ed539e61f56af8e7ecd1,"{""d"":3.0,""p"":0.0001,""r"":3.0}","{""obs_mistake_mask=E"":1}"
         1,         0,         0,   0.154,correlated_pymatching,57fd446569d71e703d4e3b3c933a7a27eb3df2fcc8d32850d9b309f58c427968,"{""d"":5.0,""p"":0.0001,""r"":5.0}",
      6144,         2,         0,   0.119,correlated_pymatching,bb443dac09bde403296efc8c24817ea11c419366ff10ed539e61f56af8e7ecd1,"{""d"":3.0,""p"":0.0001,""r"":3.0}","{""obs_mistake_mask=E"":2}"
      5120,         0,         0,    1.21,correlated_pymatching,0ea130b53ccb2550443c16f0c92974b75297641bafbf982c2963fe27de0e8a7e,"{""d"":7.0,""p"":0.00021544346900318845,""r"":7.0}",
         2,         0,         0,   0.152,correlated_pymatching,57fd446569d71e703d4e3b3c933a7a27eb3df2fcc8d32850d9b309f58c427968,"{""d"":5.0,""p"":0.0001,""r"":5.0}",
      6144,        23,         0,    3.49,correlated_pymatching,08c324b98273b01d709a14cba6b7399db9a1df88b620b9b96033edf73595d13b,"{""d"":7.0,""p"":0.002154434690031882,""r"":7.0}","{""obs_mistake_mask=E"":23}"
     10240,         1,         0,    1.68,correlated_pymatching,6d35f8f59c18aaa298f180ebcd54ded7e5df1fc00770e2007395ae0d5c53773b,"{""d"":5.0,""p"":0.00046415888336127773,""r"":5.0}","{""obs_mistake_mask=E"":1}"
         7,         0,         0,    2.49,correlated_pymatching,bebbad4e559ffded47cdbff4eb6ee9e01c7cf232957d5a8fcc53fa89adffd8c6,"{""d"":7.0,""p"":0.0001,""r"":7.0}",
      8192,         3,         0,   0.159,correlated_pymatching,bb443dac09bde403296efc8c24817ea11c419366ff10ed539e61f56af8e7ecd1,"{""d"":3.0,""p"":0.0001,""r"":3.0}","{""obs_mistake_mask=E"":3}"
         4,         0,         0,   0.128,correlated_pymatching,57fd446569d71e703d4e3b3c933a7a27eb3df2fcc8d32850d9b309f58c427968,"{""d"":5.0,""p"":0.0001,""r"":5.0}",
         1,         0,         0,   0.336,correlated_pymatching,ca5082d95a5eb3b5338a9e234d06ab22da68da62ca4e690b2c55dcde2c6f8487,"{""d"":7.0,""p"":0.001,""r"":7.0}",
        16,         0,         0,   0.135,correlated_pymatching,57fd446569d71e703d4e3b3c933a7a27eb3df2fcc8d32850d9b309f58c427968,"{""d"":5.0,""p"":0.0001,""r"":5.0}",
      1024,         5,         0,   0.684,correlated_pymatching,08c324b98273b01d709a14cba6b7399db9a1df88b620b9b96033edf73595d13b,"{""d"":7.0,""p"":0.002154434690031882,""r"":7.0}","{""obs_mistake_mask=E"":5}"
     11264,         2,         0,   0.256,correlated_pymatching,bb443dac09bde403296efc8c24817ea11c419366ff10ed539e61f56af8e7ecd1,"{""d"":3.0,""p"":0.0001,""r"":3.0}","{""obs_mistake_mask=E"":2}"
     24576,         0,         0,    2.24,correlated_pymatching,9a8f74bf0ecff9766b57c08fd7cee049b588d4e891da77284372791f989387f7,"{""d"":5.0,""p"":0.00021544346900318845,""r"":5.0}",
        64,         0,         0,   0.165,correlated_pymatching,57fd446569d71e703d4e3b3c933a7a27eb3df2fcc8d32850d9b309f58c427968,"{""d"":5.0,""p"":0.0001,""r"":5.0}",
         1,         0,         0,   0.369,correlated_pymatching,ca5082d95a5eb3b5338a9e234d06ab22da68da62ca4e690b2c55dcde2c6f8487,"{""d"":7.0,""p"":0.001,""r"":7.0}",
      5120,         0,         0,    1.38,correlated_pymatching,0259a37d81f7967b4b8ec4bb9481c75f99e79b3fd57b573fa80be7c7461d317d,"{""d"":7.0,""p"":0.00046415888336127773,""r"":7.0}",
       128,         0,         0,   0.144,correlated_pymatching,57fd446569d71e703d4e3b3c933a7a27eb3df2fcc8d32850d9b309f58c427968,"{""d"":5.0,""p"":0.0001,""r"":5.0}",
       144,         0,         0,    3.22,correlated_pymatching,ca5082d95a5eb3b5338a9e234d06ab22da68da62ca4e690b2c55dcde2c6f8487,"{""d"":7.0,""p"":0.001,""r"":7.0}",
         3,         0,         0,    1.04,correlated_pymatching,bebbad4e559ffded47cdbff4eb6ee9e01c7cf232957d5a8fcc53fa89adffd8c6,"{""d"":7.0,""p"":0.0001,""r"":7.0}",
     15360,         5,         0,   0.301,correlated_pymatching,bb443dac09bde403296efc8c24817ea11c419366ff10ed539e61f56af8e7ecd1,"{""d"":3.0,""p"":0.0001,""r"":3.0}","{""obs_mistake_mask=E"":5}"
       512,         0,         0,   0.143,correlated_pymatching,57fd446569d71e703d4e3b3c933a7a27eb3df2fcc8d32850d9b309f58c427968,"{""d"":5.0,""p"":0.0001,""r"":5.0}",
     14336,         0,         0,    2.23,correlated_pymatching,57fd446569d71e703d4e3b3c933a7a27eb3df2fcc8d32850d9b309f58c427968,"{""d"":5.0,""p"":0.0001,""r"":5.0}",
      1024,         0,         0,   0.156,correlated_pymatching,57fd446569d71e703d4e3b3c933a7a27eb3df2fcc8d32850d9b309f58c427968,"{""d"":5.0,""p"":0.0001,""r"":5.0}",
    207872,        37,         0,    4.26,correlated_pymatching,bb443dac09bde403296efc8c24817ea11c419366ff10ed539e61f56af8e7ecd1,"{""d"":3.0,""p"":0.0001,""r"":3.0}","{""obs_mistake_mask=E"":37}"
         6,         0,         0,    2.18,correlated_pymatching,ca5082d95a5eb3b5338a9e234d06ab22da68da62ca4e690b2c55dcde2c6f8487,"{""d"":7.0,""p"":0.001,""r"":7.0}",
      1024,         6,         0,   0.692,correlated_pymatching,08c324b98273b01d709a14cba6b7399db9a1df88b620b9b96033edf73595d13b,"{""d"":7.0,""p"":0.002154434690031882,""r"":7.0}","{""obs_mistake_mask=E"":6}"
     12288,         0,         0,    3.16,correlated_pymatching,0ea130b53ccb2550443c16f0c92974b75297641bafbf982c2963fe27de0e8a7e,"{""d"":7.0,""p"":0.00021544346900318845,""r"":7.0}",
      1024,         0,         0,   0.152,correlated_pymatching,57fd446569d71e703d4e3b3c933a7a27eb3df2fcc8d32850d9b309f58c427968,"{""d"":5.0,""p"":0.0001,""r"":5.0}",
         7,         0,         0,    2.42,correlated_pymatching,0259a37d81f7967b4b8ec4bb9481c75f99e79b3fd57b573fa80be7c7461d317d,"{""d"":7.0,""p"":0.00046415888336127773,""r"":7.0}",
     20480,         6,         0,   0.405,correlated_pymatching,bb443dac09bde403296efc8c24817ea11c419366ff10ed539e61f56af8e7ecd1,"{""d"":3.0,""p"":0.0001,""r"":3.0}","{""obs_mistake_mask=E"":6}"
      5120,        19,         0,    2.32,correlated_pymatching,08c324b98273b01d709a14cba6b7399db9a1df88b620b9b96033edf73595d13b,"{""d"":7.0,""p"":0.002154434690031882,""r"":7.0}","{""obs_mistake_mask=E"":19}"
         2,         0,         0,   0.678,correlated_pymatching,ca5082d95a5eb3b5338a9e234d06ab22da68da62ca4e690b2c55dcde2c6f8487,"{""d"":7.0,""p"":0.001,""r"":7.0}",
        18,         0,         0,    3.26,correlated_pymatching,0259a37d81f7967b4b8ec4bb9481c75f99e79b3fd57b573fa80be7c7461d317d,"{""d"":7.0,""p"":0.00046415888336127773,""r"":7.0}",
      2048,         0,         0,   0.307,correlated_pymatching,57fd446569d71e703d4e3b3c933a7a27eb3df2fcc8d32850d9b309f58c427968,"{""d"":5.0,""p"":0.0001,""r"":5.0}",
    117760,        34,         0,    4.26,correlated_pymatching,bb443dac09bde403296efc8c24817ea11c419366ff10ed539e61f56af8e7ecd1,"{""d"":3.0,""p"":0.0001,""r"":3.0}","{""obs_mistake_mask=E"":34}"
     19456,        26,         0,    2.20,correlated_pymatching,da7f3bc117407235f65b2cba2770810c7d0d78bf5feaef4fdef839039002616d,"{""d"":5.0,""p"":0.001,""r"":5.0}","{""obs_mistake_mask=E"":26}"
     44032,         3,         0,    4.28,correlated_pymatching,6d35f8f59c18aaa298f180ebcd54ded7e5df1fc00770e2007395ae0d5c53773b,"{""d"":5.0,""p"":0.00046415888336127773,""r"":5.0}","{""obs_mistake_mask=E"":3}"
     49152,         0,         0,    4.36,correlated_pymatching,57fd446569d71e703d4e3b3c933a7a27eb3df2fcc8d32850d9b309f58c427968,"{""d"":5.0,""p"":0.0001,""r"":5.0}",
      2048,         0,         0,   0.357,correlated_pymatching,57fd446569d71e703d4e3b3c933a7a27eb3df2fcc8d32850d9b309f58c427968,"{""d"":5.0,""p"":0.0001,""r"":5.0}",
     26624,         8,         0,   0.596,correlated_pymatching,bb443dac09bde403296efc8c24817ea11c419366ff10ed539e61f56af8e7ecd1,"{""d"":3.0,""p"":0.0001,""r"":3.0}","{""obs_mistake_mask=E"":8}"
      7168,         0,         0,    1.74,correlated_pymatching,0ea130b53ccb2550443c16f0c92974b75297641bafbf982c2963fe27de0e8a7e,"{""d"":7.0,""p"":0.00021544346900318845,""r"":7.0}",
     48128,         0,         0,    4.32,correlated_pymatching,9a8f74bf0ecff9766b57c08fd7cee049b588d4e891da77284372791f989387f7,"{""d"":5.0,""p"":0.00021544346900318845,""r"":5.0}",
     36864,        38,         0,    4.36,correlated_pymatching,da7f3bc117407235f65b2cba2770810c7d0d78bf5feaef4fdef839039002616d,"{""d"":5.0,""p"":0.001,""r"":5.0}","{""obs_mistake_mask=E"":38}"
         2,         0,         0,   0.666,correlated_pymatching,ca5082d95a5eb3b5338a9e234d06ab22da68da62ca4e690b2c55dcde2c6f8487,"{""d"":7.0,""p"":0.001,""r"":7.0}",
         4,         0,         0,    1.43,correlated_pymatching,bebbad4e559ffded47cdbff4eb6ee9e01c7cf232957d5a8fcc53fa89adffd8c6,"{""d"":7.0,""p"":0.0001,""r"":7.0}",
      1536,         5,         0,    1.04,correlated_pymatching,08c324b98273b01d709a14cba6b7399db9a1df88b620b9b96033edf73595d13b,"{""d"":7.0,""p"":0.002154434690031882,""r"":7.0}","{""obs_mistake_mask=E"":5}"
      3072,         0,         0,   0.454,correlated_pymatching,57fd446569d71e703d4e3b3c933a7a27eb3df2fcc8d32850d9b309f58c427968,"{""d"":5.0,""p"":0.0001,""r"":5.0}",
      6144,         0,         0,    1.61,correlated_pymatching,0259a37d81f7967b4b8ec4bb9481c75f99e79b3fd57b573fa80be7c7461d317d,"{""d"":7.0,""p"":0.00046415888336127773,""r"":7.0}",
     13312,         0,         0,    2.21,correlated_pymatching,6d35f8f59c18aaa298f180ebcd54ded7e5df1fc00770e2007395ae0d5c53773b,"{""d"":5.0,""p"":0.00046415888336127773,""r"":5.0}",
     40960,         9,         0,   0.796,correlated_pymatching,bb443dac09bde403296efc8c24817ea11c419366ff10ed539e61f56af8e7ecd1,"{""d"":3.0,""p"":0.0001,""r"":3.0}","{""obs_mistake_mask=E"":9}"
     44032,         7,         0,    4.30,correlated_pymatching,6d35f8f59c18aaa298f180ebcd54ded7e5df1fc00770e2007395ae0d5c53773b,"{""d"":5.0,""p"":0.00046415888336127773,""r"":5.0}","{""obs_mistake_mask=E"":7}"
     84992,        14,         0,    3.05,correlated_pymatching,bb443dac09bde403296efc8c24817ea11c419366ff10ed539e61f56af8e7ecd1,"{""d"":3.0,""p"":0.0001,""r"":3.0}","{""obs_mistake_mask=E"":14}"
      4096,         0,         0,   0.620,correlated_pymatching,57fd446569d71e703d4e3b3c933a7a27eb3df2fcc8d32850d9b309f58c427968,"{""d"":5.0,""p"":0.0001,""r"":5.0}",
     37888,        47,         0,    4.36,correlated_pymatching,da7f3bc117407235f65b2cba2770810c7d0d78bf5feaef4fdef839039002616d,"{""d"":5.0,""p"":0.001,""r"":5.0}","{""obs_mistake_mask=E"":47}"
     11264,        14,         0,    1.32,correlated_pymatching,da7f3bc117407235f65b2cba2770810c7d0d78bf5feaef4fdef839039002616d,"{""d"":5.0,""p"":0.001,""r"":5.0}","{""obs_mistake_mask=E"":14}"
         3,         0,         0,    1.02,correlated_pymatching,ca5082d95a5eb3b5338a9e234d06ab22da68da62ca4e690b2c55dcde2c6f8487,"{""d"":7.0,""p"":0.001,""r"":7.0}",
     10240,        13,         0,    1.13,correlated_pymatching,da7f3bc117407235f65b2cba2770810c7d0d78bf5feaef4fdef839039002616d,"{""d"":5.0,""p"":0.001,""r"":5.0}","{""obs_mistake_mask=E"":13}"
      1024,         2,         0,   0.126,correlated_pymatching,da7f3bc117407235f65b2cba2770810c7d0d78bf5feaef4fdef839039002616d,"{""d"":5.0,""p"":0.001,""r"":5.0}","{""obs_mistake_mask=E"":2}"
         1,         0,         0,   0.087,correlated_pymatching,9a8f74bf0ecff9766b57c08fd7cee049b588d4e891da77284372791f989387f7,"{""d"":5.0,""p"":0.00021544346900318845,""r"":5.0}",
         1,         0,         0,   0.083,correlated_pymatching,6d35f8f59c18aaa298f180ebcd54ded7e5df1fc00770e2007395ae0d5c53773b,"{""d"":5.0,""p"":0.00046415888336127773,""r"":5.0}",
         4,         0,         0,   0.076,correlated_pymatching,9a8f74bf0ecff9766b57c08fd7cee049b588d4e891da77284372791f989387f7,"{""d"":5.0,""p"":0.00021544346900318845,""r"":5.0}",
         4,         0,         0,   0.080,correlated_pymatching,6d35f8f59c18aaa298f180ebcd54ded7e5df1fc00770e2007395ae0d5c53773b,"{""d"":5.0,""p"":0.00046415888336127773,""r"":5.0}",
     28672,         0,         0,    4.31,correlated_pymatching,57fd446569d71e703d4e3b3c933a7a27eb3df2fcc8d32850d9b309f58c427968,"{""d"":5.0,""p"":0.0001,""r"":5.0}",
         9,         0,         0,    3.15,correlated_pymatching,bebbad4e559ffded47cdbff4eb6ee9e01c7cf232957d5a8fcc53fa89adffd8c6,"{""d"":7.0,""p"":0.0001,""r"":7.0}",
     28672,         1,         0,    4.41,correlated_pymatching,9a8f74bf0ecff9766b57c08fd7cee049b588d4e891da77284372791f989387f7,"{""d"":5.0,""p"":0.00021544346900318845,""r"":5.0}","{""obs_mistake_mask=E"":1}"
        16,         0,         0,   0.082,correlated_pymatching,9a8f74bf0ecff9766b57c08fd7cee049b588d4e891da77284372791f989387f7,"{""d"":5.0,""p"":0.00021544346900318845,""r"":5.0}",
        16,         0,         0,   0.080,correlated_pymatching,6d35f8f59c18aaa298f180ebcd54ded7e5df1fc00770e2007395ae0d5c53773b,"{""d"":5.0,""p"":0.00046415888336127773,""r"":5.0}",
      2048,         7,         0,    1.35,correlated_pymatching,08c324b98273b01d709a14cba6b7399db9a1df88b620b9b96033edf73595d13b,"{""d"":7.0,""p"":0.002154434690031882,""r"":7.0}","{""obs_mistake_mask=E"":7}"
        64,         0,         0,   0.075,correlated_pymatching,9a8f74bf0ecff9766b57c08fd7cee049b588d4e891da77284372791f989387f7,"{""d"":5.0,""p"":0.00021544346900318845,""r"":5.0}",
        64,         0,         0,   0.076,correlated_pymatching,6d35f8f59c18aaa298f180ebcd54ded7e5df1fc00770e2007395ae0d5c53773b,"{""d"":5.0,""p"":0.00046415888336127773,""r"":5.0}",
         1,         0,         0,   0.231,correlated_pymatching,bebbad4e559ffded47cdbff4eb6ee9e01c7cf232957d5a8fcc53fa89adffd8c6,"{""d"":7.0,""p"":0.0001,""r"":7.0}",
       256,         0,         0,   0.079,correlated_pymatching,9a8f74bf0ecff9766b57c08fd7cee049b588d4e891da77284372791f989387f7,"{""d"":5.0,""p"":0.00021544346900318845,""r"":5.0}",
       256,         0,         0,   0.084,correlated_pymatching,6d35f8f59c18aaa298f180ebcd54ded7e5df1fc00770e2007395ae0d5c53773b,"{""d"":5.0,""p"":0.00046415888336127773,""r"":5.0}",
     34816,         1,         0,    3.09,correlated_pymatching,9a8f74bf0ecff9766b57c08fd7cee049b588d4e891da77284372791f989387f7,"{""d"":5.0,""p"":0.00021544346900318845,""r"":5.0}","{""obs_mistake_mask=E"":1}"
      1024,         0,         0,   0.088,correlated_pymatching,9a8f74bf0ecff9766b57c08fd7cee049b588d4e891da77284372791f989387f7,"{""d"":5.0,""p"":0.00021544346900318845,""r"":5.0}",
     19456,         0,         0,    4.48,correlated_pymatching,bebbad4e559ffded47cdbff4eb6ee9e01c7cf232957d5a8fcc53fa89adffd8c6,"{""d"":7.0,""p"":0.0001,""r"":7.0}",
      1024,         0,         0,   0.096,correlated_pymatching,6d35f8f59c18aaa298f180ebcd54ded7e5df1fc00770e2007395ae0d5c53773b,"{""d"":5.0,""p"":0.00046415888336127773,""r"":5.0}",
     57344,        13,         0,    1.11,correlated_pymatching,bb443dac09bde403296efc8c24817ea11c419366ff10ed539e61f56af8e7ecd1,"{""d"":3.0,""p"":0.0001,""r"":3.0}","{""obs_mistake_mask=E"":13}"
    135168,        21,         0,    2.68,correlated_pymatching,bb443dac09bde403296efc8c24817ea11c419366ff10ed539e61f56af8e7ecd1,"{""d"":3.0,""p"":0.0001,""r"":3.0}","{""obs_mistake_mask=E"":21}"
     64512,        11,         0,    2.26,correlated_pymatching,bb443dac09bde403296efc8c24817ea11c419366ff10ed539e61f56af8e7ecd1,"{""d"":3.0,""p"":0.0001,""r"":3.0}","{""obs_mistake_mask=E"":11}"
      1024,         1,         0,   0.016,correlated_pymatching,bb443dac09bde403296efc8c24817ea11c419366ff10ed539e61f56af8e7ecd1,"{""d"":3.0,""p"":0.0001,""r"":3.0}","{""obs_mistake_mask=E"":1}"
         2,         0,         0,   0.201,correlated_pymatching,bebbad4e559ffded47cdbff4eb6ee9e01c7cf232957d5a8fcc53fa89adffd8c6,"{""d"":7.0,""p"":0.0001,""r"":7.0}",
     26624,         5,         0,   0.920,correlated_pymatching,bb443dac09bde403296efc8c24817ea11c419366ff10ed539e61f56af8e7ecd1,"{""d"":3.0,""p"":0.0001,""r"":3.0}","{""obs_mistake_mask=E"":5}"
      1024,         0,         0,   0.093,correlated_pymatching,9a8f74bf0ecff9766b57c08fd7cee049b588d4e891da77284372791f989387f7,"{""d"":5.0,""p"":0.00021544346900318845,""r"":5.0}",
      1024,         1,         0,   0.096,correlated_pymatching,6d35f8f59c18aaa298f180ebcd54ded7e5df1fc00770e2007395ae0d5c53773b,"{""d"":5.0,""p"":0.00046415888336127773,""r"":5.0}","{""obs_mistake_mask=E"":1}"
      6144,         0,         0,   0.923,correlated_pymatching,57fd446569d71e703d4e3b3c933a7a27eb3df2fcc8d32850d9b309f58c427968,"{""d"":5.0,""p"":0.0001,""r"":5.0}",
         5,         0,         0,    1.73,correlated_pymatching,bebbad4e559ffded47cdbff4eb6ee9e01c7cf232957d5a8fcc53fa89adffd8c6,"{""d"":7.0,""p"":0.0001,""r"":7.0}",
         4,         0,         0,   0.207,correlated_pymatching,bebbad4e559ffded47cdbff4eb6ee9e01c7cf232957d5a8fcc53fa89adffd8c6,"{""d"":7.0,""p"":0.0001,""r"":7.0}",
      2048,         0,         0,   0.180,correlated_pymatching,9a8f74bf0ecff9766b57c08fd7cee049b588d4e891da77284372791f989387f7,"{""d"":5.0,""p"":0.00021544346900318845,""r"":5.0}",
      2048,         1,         0,   0.190,correlated_pymatching,6d35f8f59c18aaa298f180ebcd54ded7e5df1fc00770e2007395ae0d5c53773b,"{""d"":5.0,""p"":0.00046415888336127773,""r"":5.0}","{""obs_mistake_mask=E"":1}"
     18432,         0,         0,    4.44,correlated_pymatching,0ea130b53ccb2550443c16f0c92974b75297641bafbf982c2963fe27de0e8a7e,"{""d"":7.0,""p"":0.00021544346900318845,""r"":7.0}",
     21504,         0,         0,    3.15,correlated_pymatching,57fd446569d71e703d4e3b3c933a7a27eb3df2fcc8d32850d9b309f58c427968,"{""d"":5.0,""p"":0.0001,""r"":5.0}",
         3,         0,         0,    1.13,correlated_pymatching,ca5082d95a5eb3b5338a9e234d06ab22da68da62ca4e690b2c55dcde2c6f8487,"{""d"":7.0,""p"":0.001,""r"":7.0}",
      2048,         0,         0,   0.194,correlated_pymatching,9a8f74bf0ecff9766b57c08fd7cee049b588d4e891da77284372791f989387f7,"{""d"":5.0,""p"":0.00021544346900318845,""r"":5.0}",
         8,         0,         0,   0.206,correlated_pymatching,bebbad4e559ffded47cdbff4eb6ee9e01c7cf232957d5a8fcc53fa89adffd8c6,"{""d"":7.0,""p"":0.0001,""r"":7.0}",
      2048,         0,         0,   0.238,correlated_pymatching,6d35f8f59c18aaa298f180ebcd54ded7e5df1fc00770e2007395ae0d5c53773b,"{""d"":5.0,""p"":0.00046415888336127773,""r"":5.0}",
         1,         0,         0,   0.213,correlated_pymatching,08c324b98273b01d709a14cba6b7399db9a1df88b620b9b96033edf73595d13b,"{""d"":7.0,""p"":0.002154434690031882,""r"":7.0}",
     10240,         0,         0,    2.40,correlated_pymatching,0ea130b53ccb2550443c16f0c92974b75297641bafbf982c2963fe27de0e8a7e,"{""d"":7.0,""p"":0.00021544346900318845,""r"":7.0}",
         1,         0,         0,   0.230,correlated_pymatching,0ea130b53ccb2550443c16f0c92974b75297641bafbf982c2963fe27de0e8a7e,"{""d"":7.0,""p"":0.00021544346900318845,""r"":7.0}",
         9,         0,         0,    3.16,correlated_pymatching,0259a37d81f7967b4b8ec4bb9481c75f99e79b3fd57b573fa80be7c7461d317d,"{""d"":7.0,""p"":0.00046415888336127773,""r"":7.0}",
         9,         0,         0,    3.23,correlated_pymatching,ca5082d95a5eb3b5338a9e234d06ab22da68da62ca4e690b2c55dcde2c6f8487,"{""d"":7.0,""p"":0.001,""r"":7.0}",
        16,         0,         0,   0.208,correlated_pymatching,bebbad4e559ffded47cdbff4eb6ee9e01c7cf232957d5a8fcc53fa89adffd8c6,"{""d"":7.0,""p"":0.0001,""r"":7.0}",
      3072,         0,         0,   0.264,correlated_pymatching,9a8f74bf0ecff9766b57c08fd7cee049b588d4e891da77284372791f989387f7,"{""d"":5.0,""p"":0.00021544346900318845,""r"":5.0}",
         2,         0,         0,   0.209,correlated_pymatching,08c324b98273b01d709a14cba6b7399db9a1df88b620b9b96033edf73595d13b,"{""d"":7.0,""p"":0.002154434690031882,""r"":7.0}",
         2,         0,         0,   0.205,correlated_pymatching,0ea130b53ccb2550443c16f0c92974b75297641bafbf982c2963fe27de0e8a7e,"{""d"":7.0,""p"":0.00021544346900318845,""r"":7.0}",
      3072,         0,         0,   0.289,correlated_pymatching,6d35f8f59c18aaa298f180ebcd54ded7e5df1fc00770e2007395ae0d5c53773b,"{""d"":5.0,""p"":0.00046415888336127773,""r"":5.0}",
         1,         0,         0,   0.361,correlated_pymatching,0259a37d81f7967b4b8ec4bb9481c75f99e79b3fd57b573fa80be7c7461d317d,"{""d"":7.0,""p"":0.00046415888336127773,""r"":7.0}",
         1,         0,         0,   0.375,correlated_pymatching,ca5082d95a5eb3b5338a9e234d06ab22da68da62ca4e690b2c55dcde2c6f8487,"{""d"":7.0,""p"":0.001,""r"":7.0}",
        32,         0,         0,   0.209,correlated_pymatching,bebbad4e559ffded47cdbff4eb6ee9e01c7cf232957d5a8fcc53fa89adffd8c6,"{""d"":7.0,""p"":0.0001,""r"":7.0}",
      7168,        25,         0,    3.34,correlated_pymatching,08c324b98273b01d709a14cba6b7399db9a1df88b620b9b96033edf73595d13b,"{""d"":7.0,""p"":0.002154434690031882,""r"":7.0}","{""obs_mistake_mask=E"":25}"
         4,         0,         0,   0.204,correlated_pymatching,08c324b98273b01d709a14cba6b7399db9a1df88b620b9b96033edf73595d13b,"{""d"":7.0,""p"":0.002154434690031882,""r"":7.0}",
         4,         0,         0,   0.204,correlated_pymatching,0ea130b53ccb2550443c16f0c92974b75297641bafbf982c2963fe27de0e8a7e,"{""d"":7.0,""p"":0.00021544346900318845,""r"":7.0}",
      9216,         0,         0,    2.42,correlated_pymatching,0259a37d81f7967b4b8ec4bb9481c75f99e79b3fd57b573fa80be7c7461d317d,"{""d"":7.0,""p"":0.00046415888336127773,""r"":7.0}",
      4096,         0,         0,   0.355,correlated_pymatching,9a8f74bf0ecff9766b57c08fd7cee049b588d4e891da77284372791f989387f7,"{""d"":5.0,""p"":0.00021544346900318845,""r"":5.0}",
        64,         0,         0,   0.212,correlated_pymatching,bebbad4e559ffded47cdbff4eb6ee9e01c7cf232957d5a8fcc53fa89adffd8c6,"{""d"":7.0,""p"":0.0001,""r"":7.0}",
      3072,         1,         0,   0.290,correlated_pymatching,6d35f8f59c18aaa298f180ebcd54ded7e5df1fc00770e2007395ae0d5c53773b,"{""d"":5.0,""p"":0.00046415888336127773,""r"":5.0}","{""obs_mistake_mask=E"":1}"
     10240,        41,         0,    4.69,correlated_pymatching,08c324b98273b01d709a14cba6b7399db9a1df88b620b9b96033edf73595d13b,"{""d"":7.0,""p"":0.002154434690031882,""r"":7.0}","{""obs_mistake_mask=E"":41}"
         8,         0,         0,   0.216,correlated_pymatching,08c324b98273b01d709a14cba6b7399db9a1df88b620b9b96033edf73595d13b,"{""d"":7.0,""p"":0.002154434690031882,""r"":7.0}",
         8,         0,         0,   0.220,correlated_pymatching,0ea130b53ccb2550443c16f0c92974b75297641bafbf982c2963fe27de0e8a7e,"{""d"":7.0,""p"":0.00021544346900318845,""r"":7.0}",
         1,         0,         0,   0.352,correlated_pymatching,0259a37d81f7967b4b8ec4bb9481c75f99e79b3fd57b573fa80be7c7461d317d,"{""d"":7.0,""p"":0.00046415888336127773,""r"":7.0}",
         1,         0,         0,   0.348,correlated_pymatching,ca5082d95a5eb3b5338a9e234d06ab22da68da62ca4e690b2c55dcde2c6f8487,"{""d"":7.0,""p"":0.001,""r"":7.0}",
       128,         0,         0,   0.205,correlated_pymatching,bebbad4e559ffded47cdbff4eb6ee9e01c7cf232957d5a8fcc53fa89adffd8c6,"{""d"":7.0,""p"":0.0001,""r"":7.0}",
      8192,         0,         0,    1.25,correlated_pymatching,57fd446569d71e703d4e3b3c933a7a27eb3df2fcc8d32850d9b309f58c427968,"{""d"":5.0,""p"":0.0001,""r"":5.0}",
        16,         0,         0,   0.211,correlated_pymatching,08c324b98273b01d709a14cba6b7399db9a1df88b620b9b96033edf73595d13b,"{""d"":7.0,""p"":0.002154434690031882,""r"":7.0}",
        16,         0,         0,   0.205,correlated_pymatching,0ea130b53ccb2550443c16f0c92974b75297641bafbf982c2963fe27de0e8a7e,"{""d"":7.0,""p"":0.00021544346900318845,""r"":7.0}",
       256,         0,         0,   0.215,correlated_pymatching,bebbad4e559ffded47cdbff4eb6ee9e01c7cf232957d5a8fcc53fa89adffd8c6,"{""d"":7.0,""p"":0.0001,""r"":7.0}",
      2560,        11,         0,    1.72,correlated_pymatching,08c324b98273b01d709a14cba6b7399db9a1df88b620b9b96033edf73595d13b,"{""d"":7.0,""p"":0.002154434690031882,""r"":7.0}","{""obs_mistake_mask=E"":11}"
      5120,         0,         0,   0.459,correlated_pymatching,9a8f74bf0ecff9766b57c08fd7cee049b588d4e891da77284372791f989387f7,"{""d"":5.0,""p"":0.00021544346900318845,""r"":5.0}",
         1,         0,         0,   0.348,correlated_pymatching,0259a37d81f7967b4b8ec4bb9481c75f99e79b3fd57b573fa80be7c7461d317d,"{""d"":7.0,""p"":0.00046415888336127773,""r"":7.0}",
         1,         0,         0,   0.343,correlated_pymatching,ca5082d95a5eb3b5338a9e234d06ab22da68da62ca4e690b2c55dcde2c6f8487,"{""d"":7.0,""p"":0.001,""r"":7.0}",
      4096,         0,         0,   0.479,correlated_pymatching,6d35f8f59c18aaa298f180ebcd54ded7e5df1fc00770e2007395ae0d5c53773b,"{""d"":5.0,""p"":0.00046415888336127773,""r"":5.0}",
        32,         0,         0,   0.215,correlated_pymatching,08c324b98273b01d709a14cba6b7399db9a1df88b620b9b96033edf73595d13b,"{""d"":7.0,""p"":0.002154434690031882,""r"":7.0}",
        32,         0,         0,   0.204,correlated_pymatching,0ea130b53ccb2550443c16f0c92974b75297641bafbf982c2963fe27de0e8a7e,"{""d"":7.0,""p"":0.00021544346900318845,""r"":7.0}",
       208,         0,         0,    4.63,correlated_pymatching,ca5082d95a5eb3b5338a9e234d06ab22da68da62ca4e690b2c55dcde2c6f8487,"{""d"":7.0,""p"":0.001,""r"":7.0}",
       512,         0,         0,   0.228,correlated_pymatching,bebbad4e559ffded47cdbff4eb6ee9e01c7cf232957d5a8fcc53fa89adffd8c6,"{""d"":7.0,""p"":0.0001,""r"":7.0}",
     18432,         3,         0,    3.08,correlated_pymatching,6d35f8f59c18aaa298f180ebcd54ded7e5df1fc00770e2007395ae0d5c53773b,"{""d"":5.0,""p"":0.00046415888336127773,""r"":5.0}","{""obs_mistake_mask=E"":3}"
        64,         0,         0,   0.212,correlated_pymatching,0ea130b53ccb2550443c16f0c92974b75297641bafbf982c2963fe27de0e8a7e,"{""d"":7.0,""p"":0.00021544346900318845,""r"":7.0}",
        64,         0,         0,   0.229,correlated_pymatching,08c324b98273b01d709a14cba6b7399db9a1df88b620b9b96033edf73595d13b,"{""d"":7.0,""p"":0.002154434690031882,""r"":7.0}",
         1,         0,         0,   0.348,correlated_pymatching,0259a37d81f7967b4b8ec4bb9481c75f99e79b3fd57b573fa80be7c7461d317d,"{""d"":7.0,""p"":0.00046415888336127773,""r"":7.0}",
     18432,         0,         0,    4.49,correlated_pymatching,0ea130b53ccb2550443c16f0c92974b75297641bafbf982c2963fe27de0e8a7e,"{""d"":7.0,""p"":0.00021544346900318845,""r"":7.0}",
         1,         0,         0,   0.361,correlated_pymatching,ca5082d95a5eb3b5338a9e234d06ab22da68da62ca4e690b2c55dcde2c6f8487,"{""d"":7.0,""p"":0.001,""r"":7.0}",
       128,         0,         0,   0.208,correlated_pymatching,0ea130b53ccb2550443c16f0c92974b75297641bafbf982c2963fe27de0e8a7e,"{""d"":7.0,""p"":0.00021544346900318845,""r"":7.0}",
       128,         0,         0,   0.240,correlated_pymatching,08c324b98273b01d709a14cba6b7399db9a1df88b620b9b96033edf73595d13b,"{""d"":7.0,""p"":0.002154434690031882,""r"":7.0}",
      7168,         0,         0,   0.623,correlated_pymatching,9a8f74bf0ecff9766b57c08fd7cee049b588d4e891da77284372791f989387f7,"{""d"":5.0,""p"":0.00021544346900318845,""r"":5.0}",
         5,         0,         0,    1.71,correlated_pymatching,ca5082d95a5eb3b5338a9e234d06ab22da68da62ca4e690b2c55dcde2c6f8487,"{""d"":7.0,""p"":0.001,""r"":7.0}",
      6144,         0,         0,   0.575,correlated_pymatching,6d35f8f59c18aaa298f180ebcd54ded7e5df1fc00770e2007395ae0d5c53773b,"{""d"":5.0,""p"":0.00046415888336127773,""r"":5.0}",
        26,         0,         0,    4.54,correlated_pymatching,0259a37d81f7967b4b8ec4bb9481c75f99e79b3fd57b573fa80be7c7461d317d,"{""d"":7.0,""p"":0.00046415888336127773,""r"":7.0}",
      2048,         0,         0,   0.470,correlated_pymatching,bebbad4e559ffded47cdbff4eb6ee9e01c7cf232957d5a8fcc53fa89adffd8c6,"{""d"":7.0,""p"":0.0001,""r"":7.0}",
       256,         0,         0,   0.224,correlated_pymatching,0ea130b53ccb2550443c16f0c92974b75297641bafbf982c2963fe27de0e8a7e,"{""d"":7.0,""p"":0.00021544346900318845,""r"":7.0}",
         1,         0,         0,   0.356,correlated_pymatching,0259a37d81f7967b4b8ec4bb9481c75f99e79b3fd57b573fa80be7c7461d317d,"{""d"":7.0,""p"":0.00046415888336127773,""r"":7.0}",
         1,         0,         0,   0.352,correlated_pymatching,ca5082d95a5eb3b5338a9e234d06ab22da68da62ca4e690b2c55dcde2c6f8487,"{""d"":7.0,""p"":0.001,""r"":7.0}",
       256,         1,         0,   0.275,correlated_pymatching,08c324b98273b01d709a14cba6b7399db9a1df88b620b9b96033edf73595d13b,"{""d"":7.0,""p"":0.002154434690031882,""r"":7.0}","{""obs_mistake_mask=E"":1}"
       512,         0,         0,   0.220,correlated_pymatching,0ea130b53ccb2550443c16f0c92974b75297641bafbf982c2963fe27de0e8a7e,"{""d"":7.0,""p"":0.00021544346900318845,""r"":7.0}",
         1,         0,         0,   0.348,correlated_pymatching,0259a37d81f7967b4b8ec4bb9481c75f99e79b3fd57b573fa80be7c7461d317d,"{""d"":7.0,""p"":0.00046415888336127773,""r"":7.0}",
         1,         0,         0,   0.348,correlated_pymatching,ca5082d95a5eb3b5338a9e234d06ab22da68da62ca4e690b2c55dcde2c6f8487,"{""d"":7.0,""p"":0.001,""r"":7.0}",
         7,         0,         0,    2.45,correlated_pymatching,bebbad4e559ffded47cdbff4eb6ee9e01c7cf232957d5a8fcc53fa89adffd8c6,"{""d"":7.0,""p"":0.0001,""r"":7.0}",
       512,         2,         0,   0.349,correlated_pymatching,08c324b98273b01d709a14cba6b7399db9a1df88b620b9b96033edf73595d13b,"{""d"":7.0,""p"":0.002154434690031882,""r"":7.0}","{""obs_mistake_mask=E"":2}"
      2048,         0,         0,   0.489,correlated_pymatching,bebbad4e559ffded47cdbff4eb6ee9e01c7cf232957d5a8fcc53fa89adffd8c6,"{""d"":7.0,""p"":0.0001,""r"":7.0}",
     10240,         0,         0,    1.56,correlated_pymatching,57fd446569d71e703d4e3b3c933a7a27eb3df2fcc8d32850d9b309f58c427968,"{""d"":5.0,""p"":0.0001,""r"":5.0}",
      2048,         0,         0,   0.488,correlated_pymatching,0ea130b53ccb2550443c16f0c92974b75297641bafbf982c2963fe27de0e8a7e,"{""d"":7.0,""p"":0.00021544346900318845,""r"":7.0}",
         1,         0,         0,   0.348,correlated_pymatching,0259a37d81f7967b4b8ec4bb9481c75f99e79b3fd57b573fa80be7c7461d317d,"{""d"":7.0,""p"":0.00046415888336127773,""r"":7.0}",
      8192,         1,         0,   0.811,correlated_pymatching,6d35f8f59c18aaa298f180ebcd54ded7e5df1fc00770e2007395ae0d5c53773b,"{""d"":5.0,""p"":0.00046415888336127773,""r"":5.0}","{""obs_mistake_mask=E"":1}"
         1,         0,         0,   0.356,correlated_pymatching,ca5082d95a5eb3b5338a9e234d06ab22da68da62ca4e690b2c55dcde2c6f8487,"{""d"":7.0,""p"":0.001,""r"":7.0}",
      9216,         0,         0,   0.824,correlated_pymatching,9a8f74bf0ecff9766b57c08fd7cee049b588d4e891da77284372791f989387f7,"{""d"":5.0,""p"":0.00021544346900318845,""r"":5.0}",
       512,         3,         0,   0.339,correlated_pymatching,08c324b98273b01d709a14cba6b7399db9a1df88b620b9b96033edf73595d13b,"{""d"":7.0,""p"":0.002154434690031882,""r"":7.0}","{""obs_mistake_mask=E"":3}"
         1,         0,         0,   0.348,correlated_pymatching,0259a37d81f7967b4b8ec4bb9481c75f99e79b3fd57b573fa80be7c7461d317d,"{""d"":7.0,""p"":0.00046415888336127773,""r"":7.0}",
         1,         0,         0,   0.348,correlated_pymatching,ca5082d95a5eb3b5338a9e234d06ab22da68da62ca4e690b2c55dcde2c6f8487,"{""d"":7.0,""p"":0.001,""r"":7.0}",
      3072,         0,         0,   0.716,correlated_pymatching,bebbad4e559ffded47cdbff4eb6ee9e01c7cf232957d5a8fcc53fa89adffd8c6,"{""d"":7.0,""p"":0.0001,""r"":7.0}",
      2048,         0,         0,   0.484,correlated_pymatching,0ea130b53ccb2550443c16f0c92974b75297641bafbf982c2963fe27de0e8a7e,"{""d"":7.0,""p"":0.00021544346900318845,""r"":7.0}",
         1,         0,         0,   0.348,correlated_pymatching,0259a37d81f7967b4b8ec4bb9481c75f99e79b3fd57b573fa80be7c7461d317d,"{""d"":7.0,""p"":0.00046415888336127773,""r"":7.0}",
         1,         0,         0,   0.340,correlated_pymatching,ca5082d95a5eb3b5338a9e234d06ab22da68da62ca4e690b2c55dcde2c6f8487,"{""d"":7.0,""p"":0.001,""r"":7.0}",
     13312,         0,         0,    3.14,correlated_pymatching,0ea130b53ccb2550443c16f0c92974b75297641bafbf982c2963fe27de0e8a7e,"{""d"":7.0,""p"":0.00021544346900318845,""r"":7.0}",
      1024,         4,         0,   0.696,correlated_pymatching,08c324b98273b01d709a14cba6b7399db9a1df88b620b9b96033edf73595d13b,"{""d"":7.0,""p"":0.002154434690031882,""r"":7.0}","{""obs_mistake_mask=E"":4}"
      3584,        15,         0,    2.37,correlated_pymatching,08c324b98273b01d709a14cba6b7399db9a1df88b620b9b96033edf73595d13b,"{""d"":7.0,""p"":0.002154434690031882,""r"":7.0}","{""obs_mistake_mask=E"":15}"
         1,         0,         0,   0.356,correlated_pymatching,0259a37d81f7967b4b8ec4bb9481c75f99e79b3fd57b573fa80be7c7461d317d,"{""d"":7.0,""p"":0.00046415888336127773,""r"":7.0}",
        12,         0,         0,    4.29,correlated_pymatching,bebbad4e559ffded47cdbff4eb6ee9e01c7cf232957d5a8fcc53fa89adffd8c6,"{""d"":7.0,""p"":0.0001,""r"":7.0}",
         1,         0,         0,   0.360,correlated_pymatching,ca5082d95a5eb3b5338a9e234d06ab22da68da62ca4e690b2c55dcde2c6f8487,"{""d"":7.0,""p"":0.001,""r"":7.0}",
     63488,         7,         0,    6.05,correlated_pymatching,6d35f8f59c18aaa298f180ebcd54ded7e5df1fc00770e2007395ae0d5c53773b,"{""d"":5.0,""p"":0.00046415888336127773,""r"":5.0}","{""obs_mistake_mask=E"":7}"
     11264,         1,         0,    1.12,correlated_pymatching,6d35f8f59c18aaa298f180ebcd54ded7e5df1fc00770e2007395ae0d5c53773b,"{""d"":5.0,""p"":0.00046415888336127773,""r"":5.0}","{""obs_mistake_mask=E"":1}"
     70656,         0,         0,    6.01,correlated_pymatching,57fd446569d71e703d4e3b3c933a7a27eb3df2fcc8d32850d9b309f58c427968,"{""d"":5.0,""p"":0.0001,""r"":5.0}",
      3072,         0,         0,   0.725,correlated_pymatching,0ea130b53ccb2550443c16f0c92974b75297641bafbf982c2963fe27de0e8a7e,"{""d"":7.0,""p"":0.00021544346900318845,""r"":7.0}",
     13312,         0,         0,    1.18,correlated_pymatching,9a8f74bf0ecff9766b57c08fd7cee049b588d4e891da77284372791f989387f7,"{""d"":5.0,""p"":0.00021544346900318845,""r"":5.0}",
     67584,         1,         0,    5.98,correlated_pymatching,9a8f74bf0ecff9766b57c08fd7cee049b588d4e891da77284372791f989387f7,"{""d"":5.0,""p"":0.00021544346900318845,""r"":5.0}","{""obs_mistake_mask=E"":1}"
     12288,         0,         0,    3.25,correlated_pymatching,0259a37d81f7967b4b8ec4bb9481c75f99e79b3fd57b573fa80be7c7461d317d,"{""d"":7.0,""p"":0.00046415888336127773,""r"":7.0}",
     48128,         0,         0,    4.34,correlated_pymatching,9a8f74bf0ecff9766b57c08fd7cee049b588d4e891da77284372791f989387f7,"{""d"":5.0,""p"":0.00021544346900318845,""r"":5.0}",
      4096,         0,         0,   0.923,correlated_pymatching,bebbad4e559ffded47cdbff4eb6ee9e01c7cf232957d5a8fcc53fa89adffd8c6,"{""d"":7.0,""p"":0.0001,""r"":7.0}",
         1,         0,         0,   0.352,correlated_pymatching,0259a37d81f7967b4b8ec4bb9481c75f99e79b3fd57b573fa80be7c7461d317d,"{""d"":7.0,""p"":0.00046415888336127773,""r"":7.0}",
         1,         0,         0,   0.360,correlated_pymatching,ca5082d95a5eb3b5338a9e234d06ab22da68da62ca4e690b2c55dcde2c6f8487,"{""d"":7.0,""p"":0.001,""r"":7.0}",
      1024,         5,         0,   0.678,correlated_pymatching,08c324b98273b01d709a14cba6b7399db9a1df88b620b9b96033edf73595d13b,"{""d"":7.0,""p"":0.002154434690031882,""r"":7.0}","{""obs_mistake_mask=E"":5}"
         7,         0,         0,    2.39,correlated_pymatching,ca5082d95a5eb3b5338a9e234d06ab22da68da62ca4e690b2c55dcde2c6f8487,"{""d"":7.0,""p"":0.001,""r"":7.0}",
     30720,         0,         0,    4.41,correlated_pymatching,57fd446569d71e703d4e3b3c933a7a27eb3df2fcc8d32850d9b309f58c427968,"{""d"":5.0,""p"":0.0001,""r"":5.0}",
     63488,         8,         0,    6.03,correlated_pymatching,6d35f8f59c18aaa298f180ebcd54ded7e5df1fc00770e2007395ae0d5c53773b,"{""d"":5.0,""p"":0.00046415888336127773,""r"":5.0}","{""obs_mistake_mask=E"":8}"
        12,         0,         0,    4.34,correlated_pymatching,ca5082d95a5eb3b5338a9e234d06ab22da68da62ca4e690b2c55dcde2c6f8487,"{""d"":7.0,""p"":0.001,""r"":7.0}",
         2,         0,         0,   0.696,correlated_pymatching,0259a37d81f7967b4b8ec4bb9481c75f99e79b3fd57b573fa80be7c7461d317d,"{""d"":7.0,""p"":0.00046415888336127773,""r"":7.0}",
         2,         0,         0,   0.695,correlated_pymatching,ca5082d95a5eb3b5338a9e234d06ab22da68da62ca4e690b2c55dcde2c6f8487,"{""d"":7.0,""p"":0.001,""r"":7.0}",
        13,         0,         0,    4.50,correlated_pymatching,0259a37d81f7967b4b8ec4bb9481c75f99e79b3fd57b573fa80be7c7461d317d,"{""d"":7.0,""p"":0.00046415888336127773,""r"":7.0}",
      4096,         0,         0,   0.977,correlated_pymatching,0ea130b53ccb2550443c16f0c92974b75297641bafbf982c2963fe27de0e8a7e,"{""d"":7.0,""p"":0.00021544346900318845,""r"":7.0}",
     14336,         0,         0,    2.22,correlated_pymatching,57fd446569d71e703d4e3b3c933a7a27eb3df2fcc8d32850d9b309f58c427968,"{""d"":5.0,""p"":0.0001,""r"":5.0}",
      1536,         4,         0,    1.01,correlated_pymatching,08c324b98273b01d709a14cba6b7399db9a1df88b620b9b96033edf73595d13b,"{""d"":7.0,""p"":0.002154434690031882,""r"":7.0}","{""obs_mistake_mask=E"":4}"
      5120,         0,         0,    1.15,correlated_pymatching,bebbad4e559ffded47cdbff4eb6ee9e01c7cf232957d5a8fcc53fa89adffd8c6,"{""d"":7.0,""p"":0.0001,""r"":7.0}",
     10240,        44,         0,    4.65,correlated_pymatching,08c324b98273b01d709a14cba6b7399db9a1df88b620b9b96033edf73595d13b,"{""d"":7.0,""p"":0.002154434690031882,""r"":7.0}","{""obs_mistake_mask=E"":44}"
     39936,         0,         0,    5.97,correlated_pymatching,57fd446569d71e703d4e3b3c933a7a27eb3df2fcc8d32850d9b309f58c427968,"{""d"":5.0,""p"":0.0001,""r"":5.0}",
     16384,         5,         0,    1.56,correlated_pymatching,6d35f8f59c18aaa298f180ebcd54ded7e5df1fc00770e2007395ae0d5c53773b,"{""d"":5.0,""p"":0.00046415888336127773,""r"":5.0}","{""obs_mistake_mask=E"":5}"
         9,         0,         0,    3.09,correlated_pymatching,bebbad4e559ffded47cdbff4eb6ee9e01c7cf232957d5a8fcc53fa89adffd8c6,"{""d"":7.0,""p"":0.0001,""r"":7.0}",
         2,         0,         0,   0.704,correlated_pymatching,0259a37d81f7967b4b8ec4bb9481c75f99e79b3fd57b573fa80be7c7461d317d,"{""d"":7.0,""p"":0.00046415888336127773,""r"":7.0}",
     18432,         0,         0,    1.61,correlated_pymatching,9a8f74bf0ecff9766b57c08fd7cee049b588d4e891da77284372791f989387f7,"{""d"":5.0,""p"":0.00021544346900318845,""r"":5.0}",
         2,         0,         0,   0.708,correlated_pymatching,ca5082d95a5eb3b5338a9e234d06ab22da68da62ca4e690b2c55dcde2c6f8487,"{""d"":7.0,""p"":0.001,""r"":7.0}",
     39936,         2,         0,    6.11,correlated_pymatching,9a8f74bf0ecff9766b57c08fd7cee049b588d4e891da77284372791f989387f7,"{""d"":5.0,""p"":0.00021544346900318845,""r"":5.0}","{""obs_mistake_mask=E"":2}"
     26624,         0,         0,    6.05,correlated_pymatching,bebbad4e559ffded47cdbff4eb6ee9e01c7cf232957d5a8fcc53fa89adffd8c6,"{""d"":7.0,""p"":0.0001,""r"":7.0}",
     26624,         4,         0,    4.43,correlated_pymatching,6d35f8f59c18aaa298f180ebcd54ded7e5df1fc00770e2007395ae0d5c53773b,"{""d"":5.0,""p"":0.00046415888336127773,""r"":5.0}","{""obs_mistake_mask=E"":4}"
      5120,         0,         0,    1.22,correlated_pymatching,0ea130b53ccb2550443c16f0c92974b75297641bafbf982c2963fe27de0e8a7e,"{""d"":7.0,""p"":0.00021544346900318845,""r"":7.0}",
     24576,         0,         0,    5.98,correlated_pymatching,0ea130b53ccb2550443c16f0c92974b75297641bafbf982c2963fe27de0e8a7e,"{""d"":7.0,""p"":0.00021544346900318845,""r"":7.0}",
      2048,         7,         0,    1.37,correlated_pymatching,08c324b98273b01d709a14cba6b7399db9a1df88b620b9b96033edf73595d13b,"{""d"":7.0,""p"":0.002154434690031882,""r"":7.0}","{""obs_mistake_mask=E"":7}"
         3,         0,         0,    1.06,correlated_pymatching,0259a37d81f7967b4b8ec4bb9481c75f99e79b3fd57b573fa80be7c7461d317d,"{""d"":7.0,""p"":0.00046415888336127773,""r"":7.0}",
         3,         0,         0,    1.05,correlated_pymatching,ca5082d95a5eb3b5338a9e234d06ab22da68da62ca4e690b2c55dcde2c6f8487,"{""d"":7.0,""p"":0.001,""r"":7.0}",
      4608,        21,         0,    3.06,correlated_pymatching,08c324b98273b01d709a14cba6b7399db9a1df88b620b9b96033edf73595d13b,"{""d"":7.0,""p"":0.002154434690031882,""r"":7.0}","{""obs_mistake_mask=E"":21}"
      7168,         0,         0,    1.61,correlated_pymatching,bebbad4e559ffded47cdbff4eb6ee9e01c7cf232957d5a8fcc53fa89adffd8c6,"{""d"":7.0,""p"":0.0001,""r"":7.0}",
     13312,        52,         0,    6.12,correlated_pymatching,08c324b98273b01d709a14cba6b7399db9a1df88b620b9b96033edf73595d13b,"{""d"":7.0,""p"":0.002154434690031882,""r"":7.0}","{""obs_mistake_mask=E"":52}"
     23552,         2,         0,    2.24,correlated_pymatching,6d35f8f59c18aaa298f180ebcd54ded7e5df1fc00770e2007395ae0d5c53773b,"{""d"":5.0,""p"":0.00046415888336127773,""r"":5.0}","{""obs_mistake_mask=E"":2}"
       288,         0,         0,    6.30,correlated_pymatching,ca5082d95a5eb3b5338a9e234d06ab22da68da62ca4e690b2c55dcde2c6f8487,"{""d"":7.0,""p"":0.001,""r"":7.0}",
        10,         0,         0,    3.38,correlated_pymatching,ca5082d95a5eb3b5338a9e234d06ab22da68da62ca4e690b2c55dcde2c6f8487,"{""d"":7.0,""p"":0.001,""r"":7.0}",
     25600,         0,         0,    2.22,correlated_pymatching,9a8f74bf0ecff9766b57c08fd7cee049b588d4e891da77284372791f989387f7,"{""d"":5.0,""p"":0.00021544346900318845,""r"":5.0}",
     18432,         0,         0,    4.34,correlated_pymatching,0ea130b53ccb2550443c16f0c92974b75297641bafbf982c2963fe27de0e8a7e,"{""d"":7.0,""p"":0.00021544346900318845,""r"":7.0}",
      7168,         0,         0,    1.69,correlated_pymatching,0ea130b53ccb2550443c16f0c92974b75297641bafbf982c2963fe27de0e8a7e,"{""d"":7.0,""p"":0.00021544346900318845,""r"":7.0}",
     25600,         0,         0,    6.18,correlated_pymatching,0ea130b53ccb2550443c16f0c92974b75297641bafbf982c2963fe27de0e8a7e,"{""d"":7.0,""p"":0.00021544346900318845,""r"":7.0}",
         4,         0,         0,    1.40,correlated_pymatching,0259a37d81f7967b4b8ec4bb9481c75f99e79b3fd57b573fa80be7c7461d317d,"{""d"":7.0,""p"":0.00046415888336127773,""r"":7.0}",
     20480,         0,         0,    3.08,correlated_pymatching,57fd446569d71e703d4e3b3c933a7a27eb3df2fcc8d32850d9b309f58c427968,"{""d"":5.0,""p"":0.0001,""r"":5.0}",
         4,         0,         0,    1.41,correlated_pymatching,ca5082d95a5eb3b5338a9e234d06ab22da68da62ca4e690b2c55dcde2c6f8487,"{""d"":7.0,""p"":0.001,""r"":7.0}",
        36,         0,         0,    6.24,correlated_pymatching,0259a37d81f7967b4b8ec4bb9481c75f99e79b3fd57b573fa80be7c7461d317d,"{""d"":7.0,""p"":0.00046415888336127773,""r"":7.0}",
      2560,         9,         0,    1.68,correlated_pymatching,08c324b98273b01d709a14cba6b7399db9a1df88b620b9b96033edf73595d13b,"{""d"":7.0,""p"":0.002154434690031882,""r"":7.0}","{""obs_mistake_mask=E"":9}"
     16384,         0,         0,    4.28,correlated_pymatching,0259a37d81f7967b4b8ec4bb9481c75f99e79b3fd57b573fa80be7c7461d317d,"{""d"":7.0,""p"":0.00046415888336127773,""r"":7.0}",
      3072,        13,         0,    1.42,correlated_pymatching,08c324b98273b01d709a14cba6b7399db9a1df88b620b9b96033edf73595d13b,"{""d"":7.0,""p"":0.002154434690031882,""r"":7.0}","{""obs_mistake_mask=E"":13}"
      2560,         5,         0,    1.72,correlated_pymatching,08c324b98273b01d709a14cba6b7399db9a1df88b620b9b96033edf73595d13b,"{""d"":7.0,""p"":0.002154434690031882,""r"":7.0}","{""obs_mistake_mask=E"":5}"
       512,         0,         0,   0.338,correlated_pymatching,08c324b98273b01d709a14cba6b7399db9a1df88b620b9b96033edf73595d13b,"{""d"":7.0,""p"":0.002154434690031882,""r"":7.0}",
      7168,        30,         0,    3.26,correlated_pymatching,08c324b98273b01d709a14cba6b7399db9a1df88b620b9b96033edf73595d13b,"{""d"":7.0,""p"":0.002154434690031882,""r"":7.0}","{""obs_mistake_mask=E"":30}"
         1,         0,         0,   0.065,correlated_pymatching,57fd446569d71e703d4e3b3c933a7a27eb3df2fcc8d32850d9b309f58c427968,"{""d"":5.0,""p"":0.0001,""r"":5.0}",
         1,         0,         0,   0.068,correlated_pymatching,6d35f8f59c18aaa298f180ebcd54ded7e5df1fc00770e2007395ae0d5c53773b,"{""d"":5.0,""p"":0.00046415888336127773,""r"":5.0}",
         1,         0,         0,   0.096,correlated_pymatching,9a8f74bf0ecff9766b57c08fd7cee049b588d4e891da77284372791f989387f7,"{""d"":5.0,""p"":0.00021544346900318845,""r"":5.0}",
         8,         0,         0,   0.094,correlated_pymatching,57fd446569d71e703d4e3b3c933a7a27eb3df2fcc8d32850d9b309f58c427968,"{""d"":5.0,""p"":0.0001,""r"":5.0}",
         8,         0,         0,   0.091,correlated_pymatching,6d35f8f59c18aaa298f180ebcd54ded7e5df1fc00770e2007395ae0d5c53773b,"{""d"":5.0,""p"":0.00046415888336127773,""r"":5.0}",
         4,         0,         0,   0.076,correlated_pymatching,9a8f74bf0ecff9766b57c08fd7cee049b588d4e891da77284372791f989387f7,"{""d"":5.0,""p"":0.00021544346900318845,""r"":5.0}",
        32,         0,         0,   0.072,correlated_pymatching,57fd446569d71e703d4e3b3c933a7a27eb3df2fcc8d32850d9b309f58c427968,"{""d"":5.0,""p"":0.0001,""r"":5.0}",
        32,         0,         0,   0.081,correlated_pymatching,6d35f8f59c18aaa298f180ebcd54ded7e5df1fc00770e2007395ae0d5c53773b,"{""d"":5.0,""p"":0.00046415888336127773,""r"":5.0}",
        16,         0,         0,   0.081,correlated_pymatching,9a8f74bf0ecff9766b57c08fd7cee049b588d4e891da77284372791f989387f7,"{""d"":5.0,""p"":0.00021544346900318845,""r"":5.0}",
        64,         0,         0,   0.074,correlated_pymatching,9a8f74bf0ecff9766b57c08fd7cee049b588d4e891da77284372791f989387f7,"{""d"":5.0,""p"":0.00021544346900318845,""r"":5.0}",
       256,         0,         0,   0.084,correlated_pymatching,57fd446569d71e703d4e3b3c933a7a27eb3df2fcc8d32850d9b309f58c427968,"{""d"":5.0,""p"":0.0001,""r"":5.0}",
       128,         0,         0,   0.080,correlated_pymatching,6d35f8f59c18aaa298f180ebcd54ded7e5df1fc00770e2007395ae0d5c53773b,"{""d"":5.0,""p"":0.00046415888336127773,""r"":5.0}",
         1,         0,         0,   0.219,correlated_pymatching,bebbad4e559ffded47cdbff4eb6ee9e01c7cf232957d5a8fcc53fa89adffd8c6,"{""d"":7.0,""p"":0.0001,""r"":7.0}",
       512,         0,         0,   0.084,correlated_pymatching,9a8f74bf0ecff9766b57c08fd7cee049b588d4e891da77284372791f989387f7,"{""d"":5.0,""p"":0.00021544346900318845,""r"":5.0}",
      1024,         0,         0,   0.084,correlated_pymatching,57fd446569d71e703d4e3b3c933a7a27eb3df2fcc8d32850d9b309f58c427968,"{""d"":5.0,""p"":0.0001,""r"":5.0}",
       512,         0,         0,   0.087,correlated_pymatching,6d35f8f59c18aaa298f180ebcd54ded7e5df1fc00770e2007395ae0d5c53773b,"{""d"":5.0,""p"":0.00046415888336127773,""r"":5.0}",
     10240,         0,         0,    2.30,correlated_pymatching,bebbad4e559ffded47cdbff4eb6ee9e01c7cf232957d5a8fcc53fa89adffd8c6,"{""d"":7.0,""p"":0.0001,""r"":7.0}",
      1024,         0,         0,   0.093,correlated_pymatching,9a8f74bf0ecff9766b57c08fd7cee049b588d4e891da77284372791f989387f7,"{""d"":5.0,""p"":0.00021544346900318845,""r"":5.0}",
      1024,         0,         0,   0.093,correlated_pymatching,57fd446569d71e703d4e3b3c933a7a27eb3df2fcc8d32850d9b309f58c427968,"{""d"":5.0,""p"":0.0001,""r"":5.0}",
      1024,         0,         0,   0.094,correlated_pymatching,6d35f8f59c18aaa298f180ebcd54ded7e5df1fc00770e2007395ae0d5c53773b,"{""d"":5.0,""p"":0.00046415888336127773,""r"":5.0}",
         2,         0,         0,   0.212,correlated_pymatching,bebbad4e559ffded47cdbff4eb6ee9e01c7cf232957d5a8fcc53fa89adffd8c6,"{""d"":7.0,""p"":0.0001,""r"":7.0}",
      1024,         0,         0,   0.086,correlated_pymatching,57fd446569d71e703d4e3b3c933a7a27eb3df2fcc8d32850d9b309f58c427968,"{""d"":5.0,""p"":0.0001,""r"":5.0}",
      1024,         0,         0,   0.092,correlated_pymatching,9a8f74bf0ecff9766b57c08fd7cee049b588d4e891da77284372791f989387f7,"{""d"":5.0,""p"":0.00021544346900318845,""r"":5.0}",
      1024,         0,         0,   0.093,correlated_pymatching,6d35f8f59c18aaa298f180ebcd54ded7e5df1fc00770e2007395ae0d5c53773b,"{""d"":5.0,""p"":0.00046415888336127773,""r"":5.0}",
      2048,         0,         0,   0.156,correlated_pymatching,57fd446569d71e703d4e3b3c933a7a27eb3df2fcc8d32850d9b309f58c427968,"{""d"":5.0,""p"":0.0001,""r"":5.0}",
      2048,         0,         0,   0.174,correlated_pymatching,9a8f74bf0ecff9766b57c08fd7cee049b588d4e891da77284372791f989387f7,"{""d"":5.0,""p"":0.00021544346900318845,""r"":5.0}",
         4,         0,         0,   0.203,correlated_pymatching,bebbad4e559ffded47cdbff4eb6ee9e01c7cf232957d5a8fcc53fa89adffd8c6,"{""d"":7.0,""p"":0.0001,""r"":7.0}",
      2048,         0,         0,   0.194,correlated_pymatching,6d35f8f59c18aaa298f180ebcd54ded7e5df1fc00770e2007395ae0d5c53773b,"{""d"":5.0,""p"":0.00046415888336127773,""r"":5.0}",
      2048,         0,         0,   0.179,correlated_pymatching,57fd446569d71e703d4e3b3c933a7a27eb3df2fcc8d32850d9b309f58c427968,"{""d"":5.0,""p"":0.0001,""r"":5.0}",
      2048,         0,         0,   0.177,correlated_pymatching,9a8f74bf0ecff9766b57c08fd7cee049b588d4e891da77284372791f989387f7,"{""d"":5.0,""p"":0.00021544346900318845,""r"":5.0}",
         8,         0,         0,   0.205,correlated_pymatching,bebbad4e559ffded47cdbff4eb6ee9e01c7cf232957d5a8fcc53fa89adffd8c6,"{""d"":7.0,""p"":0.0001,""r"":7.0}",
      2048,         0,         0,   0.192,correlated_pymatching,6d35f8f59c18aaa298f180ebcd54ded7e5df1fc00770e2007395ae0d5c53773b,"{""d"":5.0,""p"":0.00046415888336127773,""r"":5.0}",
         5,         0,         0,    1.77,correlated_pymatching,0259a37d81f7967b4b8ec4bb9481c75f99e79b3fd57b573fa80be7c7461d317d,"{""d"":7.0,""p"":0.00046415888336127773,""r"":7.0}",
         5,         0,         0,    1.76,correlated_pymatching,ca5082d95a5eb3b5338a9e234d06ab22da68da62ca4e690b2c55dcde2c6f8487,"{""d"":7.0,""p"":0.001,""r"":7.0}",
      3072,         0,         0,   0.256,correlated_pymatching,57fd446569d71e703d4e3b3c933a7a27eb3df2fcc8d32850d9b309f58c427968,"{""d"":5.0,""p"":0.0001,""r"":5.0}",
        16,         0,         0,   0.208,correlated_pymatching,bebbad4e559ffded47cdbff4eb6ee9e01c7cf232957d5a8fcc53fa89adffd8c6,"{""d"":7.0,""p"":0.0001,""r"":7.0}",
      3072,         0,         0,   0.266,correlated_pymatching,9a8f74bf0ecff9766b57c08fd7cee049b588d4e891da77284372791f989387f7,"{""d"":5.0,""p"":0.00021544346900318845,""r"":5.0}",
      9216,         1,         0,    2.18,correlated_pymatching,0ea130b53ccb2550443c16f0c92974b75297641bafbf982c2963fe27de0e8a7e,"{""d"":7.0,""p"":0.00021544346900318845,""r"":7.0}","{""obs_mistake_mask=E"":1}"
        13,         0,         0,    4.51,correlated_pymatching,bebbad4e559ffded47cdbff4eb6ee9e01c7cf232957d5a8fcc53fa89adffd8c6,"{""d"":7.0,""p"":0.0001,""r"":7.0}",
      3072,         1,         0,   0.300,correlated_pymatching,6d35f8f59c18aaa298f180ebcd54ded7e5df1fc00770e2007395ae0d5c53773b,"{""d"":5.0,""p"":0.00046415888336127773,""r"":5.0}","{""obs_mistake_mask=E"":1}"
        18,         0,         0,    6.28,correlated_pymatching,bebbad4e559ffded47cdbff4eb6ee9e01c7cf232957d5a8fcc53fa89adffd8c6,"{""d"":7.0,""p"":0.0001,""r"":7.0}",
     68608,         0,         0,    6.03,correlated_pymatching,9a8f74bf0ecff9766b57c08fd7cee049b588d4e891da77284372791f989387f7,"{""d"":5.0,""p"":0.00021544346900318845,""r"":5.0}",
        32,         0,         0,   0.204,correlated_pymatching,bebbad4e559ffded47cdbff4eb6ee9e01c7cf232957d5a8fcc53fa89adffd8c6,"{""d"":7.0,""p"":0.0001,""r"":7.0}",
      4096,         1,         0,   0.343,correlated_pymatching,57fd446569d71e703d4e3b3c933a7a27eb3df2fcc8d32850d9b309f58c427968,"{""d"":5.0,""p"":0.0001,""r"":5.0}","{""obs_mistake_mask=E"":1}"
      4096,         0,         0,   0.359,correlated_pymatching,9a8f74bf0ecff9766b57c08fd7cee049b588d4e891da77284372791f989387f7,"{""d"":5.0,""p"":0.00021544346900318845,""r"":5.0}",
        64,         0,         0,   0.216,correlated_pymatching,bebbad4e559ffded47cdbff4eb6ee9e01c7cf232957d5a8fcc53fa89adffd8c6,"{""d"":7.0,""p"":0.0001,""r"":7.0}",
      4096,         0,         0,   0.381,correlated_pymatching,6d35f8f59c18aaa298f180ebcd54ded7e5df1fc00770e2007395ae0d5c53773b,"{""d"":5.0,""p"":0.00046415888336127773,""r"":5.0}",
       128,         0,         0,   0.206,correlated_pymatching,bebbad4e559ffded47cdbff4eb6ee9e01c7cf232957d5a8fcc53fa89adffd8c6,"{""d"":7.0,""p"":0.0001,""r"":7.0}",
     41984,         0,         0,    6.02,correlated_pymatching,57fd446569d71e703d4e3b3c933a7a27eb3df2fcc8d32850d9b309f58c427968,"{""d"":5.0,""p"":0.0001,""r"":5.0}",
      5120,         0,         0,   0.429,correlated_pymatching,57fd446569d71e703d4e3b3c933a7a27eb3df2fcc8d32850d9b309f58c427968,"{""d"":5.0,""p"":0.0001,""r"":5.0}",
      5120,         1,         0,   0.436,correlated_pymatching,9a8f74bf0ecff9766b57c08fd7cee049b588d4e891da77284372791f989387f7,"{""d"":5.0,""p"":0.00021544346900318845,""r"":5.0}","{""obs_mistake_mask=E"":1}"
       256,         0,         0,   0.214,correlated_pymatching,bebbad4e559ffded47cdbff4eb6ee9e01c7cf232957d5a8fcc53fa89adffd8c6,"{""d"":7.0,""p"":0.0001,""r"":7.0}",
     32768,         3,         0,    3.13,correlated_pymatching,6d35f8f59c18aaa298f180ebcd54ded7e5df1fc00770e2007395ae0d5c53773b,"{""d"":5.0,""p"":0.00046415888336127773,""r"":5.0}","{""obs_mistake_mask=E"":3}"
     34816,         0,         0,    3.05,correlated_pymatching,9a8f74bf0ecff9766b57c08fd7cee049b588d4e891da77284372791f989387f7,"{""d"":5.0,""p"":0.00021544346900318845,""r"":5.0}",
      5120,         1,         0,   0.482,correlated_pymatching,6d35f8f59c18aaa298f180ebcd54ded7e5df1fc00770e2007395ae0d5c53773b,"{""d"":5.0,""p"":0.00046415888336127773,""r"":5.0}","{""obs_mistake_mask=E"":1}"
        17,         0,         0,    6.15,correlated_pymatching,ca5082d95a5eb3b5338a9e234d06ab22da68da62ca4e690b2c55dcde2c6f8487,"{""d"":7.0,""p"":0.001,""r"":7.0}",
       512,         0,         0,   0.228,correlated_pymatching,bebbad4e559ffded47cdbff4eb6ee9e01c7cf232957d5a8fcc53fa89adffd8c6,"{""d"":7.0,""p"":0.0001,""r"":7.0}",
        18,         0,         0,    6.31,correlated_pymatching,0259a37d81f7967b4b8ec4bb9481c75f99e79b3fd57b573fa80be7c7461d317d,"{""d"":7.0,""p"":0.00046415888336127773,""r"":7.0}",
      7168,         0,         0,   0.590,correlated_pymatching,57fd446569d71e703d4e3b3c933a7a27eb3df2fcc8d32850d9b309f58c427968,"{""d"":5.0,""p"":0.0001,""r"":5.0}",
      7168,         0,         0,   0.620,correlated_pymatching,9a8f74bf0ecff9766b57c08fd7cee049b588d4e891da77284372791f989387f7,"{""d"":5.0,""p"":0.00021544346900318845,""r"":5.0}",
      2048,         0,         0,   0.462,correlated_pymatching,bebbad4e559ffded47cdbff4eb6ee9e01c7cf232957d5a8fcc53fa89adffd8c6,"{""d"":7.0,""p"":0.0001,""r"":7.0}",
      6144,         0,         0,   0.575,correlated_pymatching,6d35f8f59c18aaa298f180ebcd54ded7e5df1fc00770e2007395ae0d5c53773b,"{""d"":5.0,""p"":0.00046415888336127773,""r"":5.0}",
      2048,         0,         0,   0.469,correlated_pymatching,bebbad4e559ffded47cdbff4eb6ee9e01c7cf232957d5a8fcc53fa89adffd8c6,"{""d"":7.0,""p"":0.0001,""r"":7.0}",
     36864,         4,         0,    6.07,correlated_pymatching,6d35f8f59c18aaa298f180ebcd54ded7e5df1fc00770e2007395ae0d5c53773b,"{""d"":5.0,""p"":0.00046415888336127773,""r"":5.0}","{""obs_mistake_mask=E"":4}"
        13,         0,         0,    4.41,correlated_pymatching,ca5082d95a5eb3b5338a9e234d06ab22da68da62ca4e690b2c55dcde2c6f8487,"{""d"":7.0,""p"":0.001,""r"":7.0}",
     10240,         0,         0,   0.851,correlated_pymatching,57fd446569d71e703d4e3b3c933a7a27eb3df2fcc8d32850d9b309f58c427968,"{""d"":5.0,""p"":0.0001,""r"":5.0}",
      9216,         0,         0,   0.797,correlated_pymatching,9a8f74bf0ecff9766b57c08fd7cee049b588d4e891da77284372791f989387f7,"{""d"":5.0,""p"":0.00021544346900318845,""r"":5.0}",
     89088,        17,         0,    8.42,correlated_pymatching,6d35f8f59c18aaa298f180ebcd54ded7e5df1fc00770e2007395ae0d5c53773b,"{""d"":5.0,""p"":0.00046415888336127773,""r"":5.0}","{""obs_mistake_mask=E"":17}"
         7,         0,         0,    2.49,correlated_pymatching,0259a37d81f7967b4b8ec4bb9481c75f99e79b3fd57b573fa80be7c7461d317d,"{""d"":7.0,""p"":0.00046415888336127773,""r"":7.0}",
         7,         0,         0,    2.48,correlated_pymatching,ca5082d95a5eb3b5338a9e234d06ab22da68da62ca4e690b2c55dcde2c6f8487,"{""d"":7.0,""p"":0.001,""r"":7.0}",
     28672,         0,         0,    4.30,correlated_pymatching,57fd446569d71e703d4e3b3c933a7a27eb3df2fcc8d32850d9b309f58c427968,"{""d"":5.0,""p"":0.0001,""r"":5.0}",
    100352,         0,         0,    8.41,correlated_pymatching,57fd446569d71e703d4e3b3c933a7a27eb3df2fcc8d32850d9b309f58c427968,"{""d"":5.0,""p"":0.0001,""r"":5.0}",
      9216,         1,         0,   0.863,correlated_pymatching,6d35f8f59c18aaa298f180ebcd54ded7e5df1fc00770e2007395ae0d5c53773b,"{""d"":5.0,""p"":0.00046415888336127773,""r"":5.0}","{""obs_mistake_mask=E"":1}"
     14336,         0,         0,    3.20,correlated_pymatching,bebbad4e559ffded47cdbff4eb6ee9e01c7cf232957d5a8fcc53fa89adffd8c6,"{""d"":7.0,""p"":0.0001,""r"":7.0}",
     97280,         0,         0,    8.43,correlated_pymatching,9a8f74bf0ecff9766b57c08fd7cee049b588d4e891da77284372791f989387f7,"{""d"":5.0,""p"":0.00021544346900318845,""r"":5.0}",
      3072,         0,         0,   0.700,correlated_pymatching,bebbad4e559ffded47cdbff4eb6ee9e01c7cf232957d5a8fcc53fa89adffd8c6,"{""d"":7.0,""p"":0.0001,""r"":7.0}",
     89088,        12,         0,    8.37,correlated_pymatching,6d35f8f59c18aaa298f180ebcd54ded7e5df1fc00770e2007395ae0d5c53773b,"{""d"":5.0,""p"":0.00046415888336127773,""r"":5.0}","{""obs_mistake_mask=E"":12}"
     13312,         0,         0,    3.15,correlated_pymatching,0ea130b53ccb2550443c16f0c92974b75297641bafbf982c2963fe27de0e8a7e,"{""d"":7.0,""p"":0.00021544346900318845,""r"":7.0}",
     13312,         0,         0,    1.15,correlated_pymatching,9a8f74bf0ecff9766b57c08fd7cee049b588d4e891da77284372791f989387f7,"{""d"":5.0,""p"":0.00021544346900318845,""r"":5.0}",
     14336,         0,         0,    1.20,correlated_pymatching,57fd446569d71e703d4e3b3c933a7a27eb3df2fcc8d32850d9b309f58c427968,"{""d"":5.0,""p"":0.0001,""r"":5.0}",
     12288,         0,         0,    1.14,correlated_pymatching,6d35f8f59c18aaa298f180ebcd54ded7e5df1fc00770e2007395ae0d5c53773b,"{""d"":5.0,""p"":0.00046415888336127773,""r"":5.0}",
      4096,         0,         0,   0.935,correlated_pymatching,bebbad4e559ffded47cdbff4eb6ee9e01c7cf232957d5a8fcc53fa89adffd8c6,"{""d"":7.0,""p"":0.0001,""r"":7.0}",
     25600,         0,         0,    6.02,correlated_pymatching,0ea130b53ccb2550443c16f0c92974b75297641bafbf982c2963fe27de0e8a7e,"{""d"":7.0,""p"":0.00021544346900318845,""r"":7.0}",
     57344,         0,         0,    8.47,correlated_pymatching,57fd446569d71e703d4e3b3c933a7a27eb3df2fcc8d32850d9b309f58c427968,"{""d"":5.0,""p"":0.0001,""r"":5.0}",
     55296,         1,         0,    8.48,correlated_pymatching,9a8f74bf0ecff9766b57c08fd7cee049b588d4e891da77284372791f989387f7,"{""d"":5.0,""p"":0.00021544346900318845,""r"":5.0}","{""obs_mistake_mask=E"":1}"
     37888,         0,         0,    8.63,correlated_pymatching,bebbad4e559ffded47cdbff4eb6ee9e01c7cf232957d5a8fcc53fa89adffd8c6,"{""d"":7.0,""p"":0.0001,""r"":7.0}",
     23552,         0,         0,    6.18,correlated_pymatching,0259a37d81f7967b4b8ec4bb9481c75f99e79b3fd57b573fa80be7c7461d317d,"{""d"":7.0,""p"":0.00046415888336127773,""r"":7.0}",
     35840,         0,         0,    8.52,correlated_pymatching,0ea130b53ccb2550443c16f0c92974b75297641bafbf982c2963fe27de0e8a7e,"{""d"":7.0,""p"":0.00021544346900318845,""r"":7.0}",
      5120,         0,         0,    1.19,correlated_pymatching,bebbad4e559ffded47cdbff4eb6ee9e01c7cf232957d5a8fcc53fa89adffd8c6,"{""d"":7.0,""p"":0.0001,""r"":7.0}",
     17408,         0,         0,    1.56,correlated_pymatching,9a8f74bf0ecff9766b57c08fd7cee049b588d4e891da77284372791f989387f7,"{""d"":5.0,""p"":0.00021544346900318845,""r"":5.0}",
     18432,         0,         0,    1.57,correlated_pymatching,57fd446569d71e703d4e3b3c933a7a27eb3df2fcc8d32850d9b309f58c427968,"{""d"":5.0,""p"":0.0001,""r"":5.0}",
     16384,         3,         0,    1.58,correlated_pymatching,6d35f8f59c18aaa298f180ebcd54ded7e5df1fc00770e2007395ae0d5c53773b,"{""d"":5.0,""p"":0.00046415888336127773,""r"":5.0}","{""obs_mistake_mask=E"":3}"
     45056,         6,         0,    4.31,correlated_pymatching,6d35f8f59c18aaa298f180ebcd54ded7e5df1fc00770e2007395ae0d5c53773b,"{""d"":5.0,""p"":0.00046415888336127773,""r"":5.0}","{""obs_mistake_mask=E"":6}"
     49152,         0,         0,    4.33,correlated_pymatching,9a8f74bf0ecff9766b57c08fd7cee049b588d4e891da77284372791f989387f7,"{""d"":5.0,""p"":0.00021544346900318845,""r"":5.0}",
         9,         0,         0,    3.12,correlated_pymatching,ca5082d95a5eb3b5338a9e234d06ab22da68da62ca4e690b2c55dcde2c6f8487,"{""d"":7.0,""p"":0.001,""r"":7.0}",
         9,         0,         0,    3.17,correlated_pymatching,0259a37d81f7967b4b8ec4bb9481c75f99e79b3fd57b573fa80be7c7461d317d,"{""d"":7.0,""p"":0.00046415888336127773,""r"":7.0}",
     34816,         0,         0,    8.38,correlated_pymatching,0ea130b53ccb2550443c16f0c92974b75297641bafbf982c2963fe27de0e8a7e,"{""d"":7.0,""p"":0.00021544346900318845,""r"":7.0}",
        18,         0,         0,    6.26,correlated_pymatching,bebbad4e559ffded47cdbff4eb6ee9e01c7cf232957d5a8fcc53fa89adffd8c6,"{""d"":7.0,""p"":0.0001,""r"":7.0}",
       480,         0,         0,    8.64,correlated_pymatching,ca5082d95a5eb3b5338a9e234d06ab22da68da62ca4e690b2c55dcde2c6f8487,"{""d"":7.0,""p"":0.001,""r"":7.0}",
      7168,         0,         0,    1.64,correlated_pymatching,bebbad4e559ffded47cdbff4eb6ee9e01c7cf232957d5a8fcc53fa89adffd8c6,"{""d"":7.0,""p"":0.0001,""r"":7.0}",
        48,         0,         0,    8.36,correlated_pymatching,0259a37d81f7967b4b8ec4bb9481c75f99e79b3fd57b573fa80be7c7461d317d,"{""d"":7.0,""p"":0.00046415888336127773,""r"":7.0}",
     19456,         0,         0,    4.44,correlated_pymatching,bebbad4e559ffded47cdbff4eb6ee9e01c7cf232957d5a8fcc53fa89adffd8c6,"{""d"":7.0,""p"":0.0001,""r"":7.0}",
     25600,         0,         0,    2.23,correlated_pymatching,9a8f74bf0ecff9766b57c08fd7cee049b588d4e891da77284372791f989387f7,"{""d"":5.0,""p"":0.00021544346900318845,""r"":5.0}",
     26624,         0,         0,    2.26,correlated_pymatching,57fd446569d71e703d4e3b3c933a7a27eb3df2fcc8d32850d9b309f58c427968,"{""d"":5.0,""p"":0.0001,""r"":5.0}",
     23552,         5,         0,    2.21,correlated_pymatching,6d35f8f59c18aaa298f180ebcd54ded7e5df1fc00770e2007395ae0d5c53773b,"{""d"":5.0,""p"":0.00046415888336127773,""r"":5.0}","{""obs_mistake_mask=E"":5}"
     18432,         0,         0,    4.44,correlated_pymatching,0ea130b53ccb2550443c16f0c92974b75297641bafbf982c2963fe27de0e8a7e,"{""d"":7.0,""p"":0.00021544346900318845,""r"":7.0}",
        18,         0,         0,    6.11,correlated_pymatching,ca5082d95a5eb3b5338a9e234d06ab22da68da62ca4e690b2c55dcde2c6f8487,"{""d"":7.0,""p"":0.001,""r"":7.0}",
     39936,         0,         0,    6.05,correlated_pymatching,57fd446569d71e703d4e3b3c933a7a27eb3df2fcc8d32850d9b309f58c427968,"{""d"":5.0,""p"":0.0001,""r"":5.0}",
        24,         0,         0,    8.37,correlated_pymatching,bebbad4e559ffded47cdbff4eb6ee9e01c7cf232957d5a8fcc53fa89adffd8c6,"{""d"":7.0,""p"":0.0001,""r"":7.0}",
     94208,         0,         0,    8.38,correlated_pymatching,9a8f74bf0ecff9766b57c08fd7cee049b588d4e891da77284372791f989387f7,"{""d"":5.0,""p"":0.00021544346900318845,""r"":5.0}",
     10240,         0,         0,    2.40,correlated_pymatching,bebbad4e559ffded47cdbff4eb6ee9e01c7cf232957d5a8fcc53fa89adffd8c6,"{""d"":7.0,""p"":0.0001,""r"":7.0}",
     58368,         0,         0,    8.45,correlated_pymatching,57fd446569d71e703d4e3b3c933a7a27eb3df2fcc8d32850d9b309f58c427968,"{""d"":5.0,""p"":0.0001,""r"":5.0}",
        24,         0,         0,    8.61,correlated_pymatching,ca5082d95a5eb3b5338a9e234d06ab22da68da62ca4e690b2c55dcde2c6f8487,"{""d"":7.0,""p"":0.001,""r"":7.0}",
        24,         0,         0,    8.42,correlated_pymatching,0259a37d81f7967b4b8ec4bb9481c75f99e79b3fd57b573fa80be7c7461d317d,"{""d"":7.0,""p"":0.00046415888336127773,""r"":7.0}",
        13,         0,         0,    4.58,correlated_pymatching,ca5082d95a5eb3b5338a9e234d06ab22da68da62ca4e690b2c55dcde2c6f8487,"{""d"":7.0,""p"":0.001,""r"":7.0}",
        13,         0,         0,    4.57,correlated_pymatching,0259a37d81f7967b4b8ec4bb9481c75f99e79b3fd57b573fa80be7c7461d317d,"{""d"":7.0,""p"":0.00046415888336127773,""r"":7.0}",
     34816,         0,         0,    3.07,correlated_pymatching,9a8f74bf0ecff9766b57c08fd7cee049b588d4e891da77284372791f989387f7,"{""d"":5.0,""p"":0.00021544346900318845,""r"":5.0}",
     36864,         0,         0,    3.10,correlated_pymatching,57fd446569d71e703d4e3b3c933a7a27eb3df2fcc8d32850d9b309f58c427968,"{""d"":5.0,""p"":0.0001,""r"":5.0}",
     32768,         5,         0,    3.14,correlated_pymatching,6d35f8f59c18aaa298f180ebcd54ded7e5df1fc00770e2007395ae0d5c53773b,"{""d"":5.0,""p"":0.00046415888336127773,""r"":5.0}","{""obs_mistake_mask=E"":5}"
     51200,         7,         0,    8.44,correlated_pymatching,6d35f8f59c18aaa298f180ebcd54ded7e5df1fc00770e2007395ae0d5c53773b,"{""d"":5.0,""p"":0.00046415888336127773,""r"":5.0}","{""obs_mistake_mask=E"":7}"
     63488,        12,         0,    6.04,correlated_pymatching,6d35f8f59c18aaa298f180ebcd54ded7e5df1fc00770e2007395ae0d5c53773b,"{""d"":5.0,""p"":0.00046415888336127773,""r"":5.0}","{""obs_mistake_mask=E"":12}"
     68608,         0,         0,    6.02,correlated_pymatching,9a8f74bf0ecff9766b57c08fd7cee049b588d4e891da77284372791f989387f7,"{""d"":5.0,""p"":0.00021544346900318845,""r"":5.0}",
     13312,         0,         0,    3.07,correlated_pymatching,bebbad4e559ffded47cdbff4eb6ee9e01c7cf232957d5a8fcc53fa89adffd8c6,"{""d"":7.0,""p"":0.0001,""r"":7.0}",
     35840,         0,         0,    8.56,correlated_pymatching,0ea130b53ccb2550443c16f0c92974b75297641bafbf982c2963fe27de0e8a7e,"{""d"":7.0,""p"":0.00021544346900318845,""r"":7.0}",
     31744,         0,         0,    8.43,correlated_pymatching,0259a37d81f7967b4b8ec4bb9481c75f99e79b3fd57b573fa80be7c7461d317d,"{""d"":7.0,""p"":0.00046415888336127773,""r"":7.0}",
     26624,         0,         0,    6.16,correlated_pymatching,bebbad4e559ffded47cdbff4eb6ee9e01c7cf232957d5a8fcc53fa89adffd8c6,"{""d"":7.0,""p"":0.0001,""r"":7.0}",
     18432,         0,         0,    6.29,correlated_pymatching,0ea130b53ccb2550443c16f0c92974b75297641bafbf982c2963fe27de0e8a7e,"{""d"":7.0,""p"":0.00021544346900318845,""r"":7.0}",
    123904,        16,         0,    11.7,correlated_pymatching,6d35f8f59c18aaa298f180ebcd54ded7e5df1fc00770e2007395ae0d5c53773b,"{""d"":5.0,""p"":0.00046415888336127773,""r"":5.0}","{""obs_mistake_mask=E"":16}"
    136192,         0,         0,    11.8,correlated_pymatching,57fd446569d71e703d4e3b3c933a7a27eb3df2fcc8d32850d9b309f58c427968,"{""d"":5.0,""p"":0.0001,""r"":5.0}",
    132096,         2,         0,    11.8,correlated_pymatching,9a8f74bf0ecff9766b57c08fd7cee049b588d4e891da77284372791f989387f7,"{""d"":5.0,""p"":0.00021544346900318845,""r"":5.0}","{""obs_mistake_mask=E"":2}"
     47104,         0,         0,    4.32,correlated_pymatching,9a8f74bf0ecff9766b57c08fd7cee049b588d4e891da77284372791f989387f7,"{""d"":5.0,""p"":0.00021544346900318845,""r"":5.0}",
     49152,         0,         0,    4.34,correlated_pymatching,57fd446569d71e703d4e3b3c933a7a27eb3df2fcc8d32850d9b309f58c427968,"{""d"":5.0,""p"":0.0001,""r"":5.0}",
     46080,         4,         0,    4.34,correlated_pymatching,6d35f8f59c18aaa298f180ebcd54ded7e5df1fc00770e2007395ae0d5c53773b,"{""d"":5.0,""p"":0.00046415888336127773,""r"":5.0}","{""obs_mistake_mask=E"":4}"
    122880,        14,         0,    11.8,correlated_pymatching,6d35f8f59c18aaa298f180ebcd54ded7e5df1fc00770e2007395ae0d5c53773b,"{""d"":5.0,""p"":0.00046415888336127773,""r"":5.0}","{""obs_mistake_mask=E"":14}"
        25,         0,         0,    8.71,correlated_pymatching,bebbad4e559ffded47cdbff4eb6ee9e01c7cf232957d5a8fcc53fa89adffd8c6,"{""d"":7.0,""p"":0.0001,""r"":7.0}",
     78848,         0,         0,    11.8,correlated_pymatching,57fd446569d71e703d4e3b3c933a7a27eb3df2fcc8d32850d9b309f58c427968,"{""d"":5.0,""p"":0.0001,""r"":5.0}",
     75776,         1,         0,    11.8,correlated_pymatching,9a8f74bf0ecff9766b57c08fd7cee049b588d4e891da77284372791f989387f7,"{""d"":5.0,""p"":0.00021544346900318845,""r"":5.0}","{""obs_mistake_mask=E"":1}"
        17,         0,         0,    6.04,correlated_pymatching,0259a37d81f7967b4b8ec4bb9481c75f99e79b3fd57b573fa80be7c7461d317d,"{""d"":7.0,""p"":0.00046415888336127773,""r"":7.0}",
        17,         0,         0,    6.10,correlated_pymatching,ca5082d95a5eb3b5338a9e234d06ab22da68da62ca4e690b2c55dcde2c6f8487,"{""d"":7.0,""p"":0.001,""r"":7.0}",
     51200,         0,         0,    11.8,correlated_pymatching,bebbad4e559ffded47cdbff4eb6ee9e01c7cf232957d5a8fcc53fa89adffd8c6,"{""d"":7.0,""p"":0.0001,""r"":7.0}",
     19456,         0,         0,    4.46,correlated_pymatching,bebbad4e559ffded47cdbff4eb6ee9e01c7cf232957d5a8fcc53fa89adffd8c6,"{""d"":7.0,""p"":0.0001,""r"":7.0}",
     48128,         0,         0,    11.7,correlated_pymatching,0ea130b53ccb2550443c16f0c92974b75297641bafbf982c2963fe27de0e8a7e,"{""d"":7.0,""p"":0.00021544346900318845,""r"":7.0}",
     55296,         0,         0,    8.37,correlated_pymatching,57fd446569d71e703d4e3b3c933a7a27eb3df2fcc8d32850d9b309f58c427968,"{""d"":5.0,""p"":0.0001,""r"":5.0}",
        25,         0,         0,    8.54,correlated_pymatching,ca5082d95a5eb3b5338a9e234d06ab22da68da62ca4e690b2c55dcde2c6f8487,"{""d"":7.0,""p"":0.001,""r"":7.0}",
     49152,         0,         0,    11.8,correlated_pymatching,0ea130b53ccb2550443c16f0c92974b75297641bafbf982c2963fe27de0e8a7e,"{""d"":7.0,""p"":0.00021544346900318845,""r"":7.0}",
      1088,         3,         0,    12.0,correlated_pymatching,ca5082d95a5eb3b5338a9e234d06ab22da68da62ca4e690b2c55dcde2c6f8487,"{""d"":7.0,""p"":0.001,""r"":7.0}","{""obs_mistake_mask=E"":3}"
        68,         0,         0,    11.9,correlated_pymatching,0259a37d81f7967b4b8ec4bb9481c75f99e79b3fd57b573fa80be7c7461d317d,"{""d"":7.0,""p"":0.00046415888336127773,""r"":7.0}",
     88064,        10,         0,    8.41,correlated_pymatching,6d35f8f59c18aaa298f180ebcd54ded7e5df1fc00770e2007395ae0d5c53773b,"{""d"":5.0,""p"":0.00046415888336127773,""r"":5.0}","{""obs_mistake_mask=E"":10}"
     94208,         4,         0,    8.42,correlated_pymatching,9a8f74bf0ecff9766b57c08fd7cee049b588d4e891da77284372791f989387f7,"{""d"":5.0,""p"":0.00021544346900318845,""r"":5.0}","{""obs_mistake_mask=E"":4}"
    133120,         2,         0,    11.7,correlated_pymatching,9a8f74bf0ecff9766b57c08fd7cee049b588d4e891da77284372791f989387f7,"{""d"":5.0,""p"":0.00021544346900318845,""r"":5.0}","{""obs_mistake_mask=E"":2}"
        34,         0,         0,    11.9,correlated_pymatching,bebbad4e559ffded47cdbff4eb6ee9e01c7cf232957d5a8fcc53fa89adffd8c6,"{""d"":7.0,""p"":0.0001,""r"":7.0}",
     58368,         0,         0,    6.00,correlated_pymatching,9a8f74bf0ecff9766b57c08fd7cee049b588d4e891da77284372791f989387f7,"{""d"":5.0,""p"":0.00021544346900318845,""r"":5.0}",
     70656,         0,         0,    6.03,correlated_pymatching,57fd446569d71e703d4e3b3c933a7a27eb3df2fcc8d32850d9b309f58c427968,"{""d"":5.0,""p"":0.0001,""r"":5.0}",
     64512,         5,         0,    6.06,correlated_pymatching,6d35f8f59c18aaa298f180ebcd54ded7e5df1fc00770e2007395ae0d5c53773b,"{""d"":5.0,""p"":0.00046415888336127773,""r"":5.0}","{""obs_mistake_mask=E"":5}"
     81920,         0,         0,    11.7,correlated_pymatching,57fd446569d71e703d4e3b3c933a7a27eb3df2fcc8d32850d9b309f58c427968,"{""d"":5.0,""p"":0.0001,""r"":5.0}",
     36864,         0,         0,    8.38,correlated_pymatching,bebbad4e559ffded47cdbff4eb6ee9e01c7cf232957d5a8fcc53fa89adffd8c6,"{""d"":7.0,""p"":0.0001,""r"":7.0}",
        33,         0,         0,    11.9,correlated_pymatching,ca5082d95a5eb3b5338a9e234d06ab22da68da62ca4e690b2c55dcde2c6f8487,"{""d"":7.0,""p"":0.001,""r"":7.0}",
        34,         0,         0,    11.8,correlated_pymatching,0259a37d81f7967b4b8ec4bb9481c75f99e79b3fd57b573fa80be7c7461d317d,"{""d"":7.0,""p"":0.00046415888336127773,""r"":7.0}",
     71680,        14,         0,    11.7,correlated_pymatching,6d35f8f59c18aaa298f180ebcd54ded7e5df1fc00770e2007395ae0d5c53773b,"{""d"":5.0,""p"":0.00046415888336127773,""r"":5.0}","{""obs_mistake_mask=E"":14}"
     26624,         0,         0,    6.13,correlated_pymatching,bebbad4e559ffded47cdbff4eb6ee9e01c7cf232957d5a8fcc53fa89adffd8c6,"{""d"":7.0,""p"":0.0001,""r"":7.0}",
     21504,         0,         0,    8.63,correlated_pymatching,0ea130b53ccb2550443c16f0c92974b75297641bafbf982c2963fe27de0e8a7e,"{""d"":7.0,""p"":0.00021544346900318845,""r"":7.0}",
     48128,         0,         0,    11.8,correlated_pymatching,0ea130b53ccb2550443c16f0c92974b75297641bafbf982c2963fe27de0e8a7e,"{""d"":7.0,""p"":0.00021544346900318845,""r"":7.0}",
        24,         0,         0,    8.44,correlated_pymatching,ca5082d95a5eb3b5338a9e234d06ab22da68da62ca4e690b2c55dcde2c6f8487,"{""d"":7.0,""p"":0.001,""r"":7.0}",
        24,         0,         0,    8.51,correlated_pymatching,0259a37d81f7967b4b8ec4bb9481c75f99e79b3fd57b573fa80be7c7461d317d,"{""d"":7.0,""p"":0.00046415888336127773,""r"":7.0}",
     44032,         0,         0,    11.8,correlated_pymatching,0259a37d81f7967b4b8ec4bb9481c75f99e79b3fd57b573fa80be7c7461d317d,"{""d"":7.0,""p"":0.00046415888336127773,""r"":7.0}",
        34,         0,         0,    11.8,correlated_pymatching,bebbad4e559ffded47cdbff4eb6ee9e01c7cf232957d5a8fcc53fa89adffd8c6,"{""d"":7.0,""p"":0.0001,""r"":7.0}",
     77824,         0,         0,    11.8,correlated_pymatching,57fd446569d71e703d4e3b3c933a7a27eb3df2fcc8d32850d9b309f58c427968,"{""d"":5.0,""p"":0.0001,""r"":5.0}",
        35,         0,         0,    11.9,correlated_pymatching,ca5082d95a5eb3b5338a9e234d06ab22da68da62ca4e690b2c55dcde2c6f8487,"{""d"":7.0,""p"":0.001,""r"":7.0}",
     95232,         0,         0,    8.38,correlated_pymatching,9a8f74bf0ecff9766b57c08fd7cee049b588d4e891da77284372791f989387f7,"{""d"":5.0,""p"":0.00021544346900318845,""r"":5.0}",
     99328,         1,         0,    8.38,correlated_pymatching,57fd446569d71e703d4e3b3c933a7a27eb3df2fcc8d32850d9b309f58c427968,"{""d"":5.0,""p"":0.0001,""r"":5.0}","{""obs_mistake_mask=E"":1}"
     88064,         8,         0,    8.45,correlated_pymatching,6d35f8f59c18aaa298f180ebcd54ded7e5df1fc00770e2007395ae0d5c53773b,"{""d"":5.0,""p"":0.00046415888336127773,""r"":5.0}","{""obs_mistake_mask=E"":8}"
    171008,        22,         0,    16.5,correlated_pymatching,6d35f8f59c18aaa298f180ebcd54ded7e5df1fc00770e2007395ae0d5c53773b,"{""d"":5.0,""p"":0.00046415888336127773,""r"":5.0}","{""obs_mistake_mask=E"":22}"
    186368,         6,         0,    16.4,correlated_pymatching,9a8f74bf0ecff9766b57c08fd7cee049b588d4e891da77284372791f989387f7,"{""d"":5.0,""p"":0.00021544346900318845,""r"":5.0}","{""obs_mistake_mask=E"":6}"
    190464,         0,         0,    16.5,correlated_pymatching,57fd446569d71e703d4e3b3c933a7a27eb3df2fcc8d32850d9b309f58c427968,"{""d"":5.0,""p"":0.0001,""r"":5.0}",
     36864,         0,         0,    8.59,correlated_pymatching,bebbad4e559ffded47cdbff4eb6ee9e01c7cf232957d5a8fcc53fa89adffd8c6,"{""d"":7.0,""p"":0.0001,""r"":7.0}",
    120832,        11,         0,    11.8,correlated_pymatching,6d35f8f59c18aaa298f180ebcd54ded7e5df1fc00770e2007395ae0d5c53773b,"{""d"":5.0,""p"":0.00046415888336127773,""r"":5.0}","{""obs_mistake_mask=E"":11}"
    172032,        20,         0,    16.4,correlated_pymatching,6d35f8f59c18aaa298f180ebcd54ded7e5df1fc00770e2007395ae0d5c53773b,"{""d"":5.0,""p"":0.00046415888336127773,""r"":5.0}","{""obs_mistake_mask=E"":20}"
    129024,         3,         0,    11.8,correlated_pymatching,9a8f74bf0ecff9766b57c08fd7cee049b588d4e891da77284372791f989387f7,"{""d"":5.0,""p"":0.00021544346900318845,""r"":5.0}","{""obs_mistake_mask=E"":3}"
    110592,         0,         0,    16.5,correlated_pymatching,57fd446569d71e703d4e3b3c933a7a27eb3df2fcc8d32850d9b309f58c427968,"{""d"":5.0,""p"":0.0001,""r"":5.0}",
    106496,         3,         0,    16.5,correlated_pymatching,9a8f74bf0ecff9766b57c08fd7cee049b588d4e891da77284372791f989387f7,"{""d"":5.0,""p"":0.00021544346900318845,""r"":5.0}","{""obs_mistake_mask=E"":3}"
     71680,         0,         0,    16.4,correlated_pymatching,bebbad4e559ffded47cdbff4eb6ee9e01c7cf232957d5a8fcc53fa89adffd8c6,"{""d"":7.0,""p"":0.0001,""r"":7.0}",
     68608,         0,         0,    16.5,correlated_pymatching,0ea130b53ccb2550443c16f0c92974b75297641bafbf982c2963fe27de0e8a7e,"{""d"":7.0,""p"":0.00021544346900318845,""r"":7.0}",
     51200,         0,         0,    11.8,correlated_pymatching,bebbad4e559ffded47cdbff4eb6ee9e01c7cf232957d5a8fcc53fa89adffd8c6,"{""d"":7.0,""p"":0.0001,""r"":7.0}",
     35840,         0,         0,    11.7,correlated_pymatching,0ea130b53ccb2550443c16f0c92974b75297641bafbf982c2963fe27de0e8a7e,"{""d"":7.0,""p"":0.00021544346900318845,""r"":7.0}",
     68608,         0,         0,    16.6,correlated_pymatching,0ea130b53ccb2550443c16f0c92974b75297641bafbf982c2963fe27de0e8a7e,"{""d"":7.0,""p"":0.00021544346900318845,""r"":7.0}",
        96,         0,         0,    16.4,correlated_pymatching,0259a37d81f7967b4b8ec4bb9481c75f99e79b3fd57b573fa80be7c7461d317d,"{""d"":7.0,""p"":0.00046415888336127773,""r"":7.0}",
      1504,         1,         0,    16.6,correlated_pymatching,ca5082d95a5eb3b5338a9e234d06ab22da68da62ca4e690b2c55dcde2c6f8487,"{""d"":7.0,""p"":0.001,""r"":7.0}","{""obs_mistake_mask=E"":1}"
        34,         0,         0,    11.9,correlated_pymatching,0259a37d81f7967b4b8ec4bb9481c75f99e79b3fd57b573fa80be7c7461d317d,"{""d"":7.0,""p"":0.00046415888336127773,""r"":7.0}",
        34,         0,         0,    12.1,correlated_pymatching,ca5082d95a5eb3b5338a9e234d06ab22da68da62ca4e690b2c55dcde2c6f8487,"{""d"":7.0,""p"":0.001,""r"":7.0}",
    183296,         3,         0,    16.4,correlated_pymatching,9a8f74bf0ecff9766b57c08fd7cee049b588d4e891da77284372791f989387f7,"{""d"":5.0,""p"":0.00021544346900318845,""r"":5.0}","{""obs_mistake_mask=E"":3}"
        47,         0,         0,    16.7,correlated_pymatching,bebbad4e559ffded47cdbff4eb6ee9e01c7cf232957d5a8fcc53fa89adffd8c6,"{""d"":7.0,""p"":0.0001,""r"":7.0}",
    113664,         1,         0,    16.4,correlated_pymatching,57fd446569d71e703d4e3b3c933a7a27eb3df2fcc8d32850d9b309f58c427968,"{""d"":5.0,""p"":0.0001,""r"":5.0}","{""obs_mistake_mask=E"":1}"
        46,         0,         0,    16.5,correlated_pymatching,ca5082d95a5eb3b5338a9e234d06ab22da68da62ca4e690b2c55dcde2c6f8487,"{""d"":7.0,""p"":0.001,""r"":7.0}",
        47,         0,         0,    16.5,correlated_pymatching,0259a37d81f7967b4b8ec4bb9481c75f99e79b3fd57b573fa80be7c7461d317d,"{""d"":7.0,""p"":0.00046415888336127773,""r"":7.0}",
     99328,        11,         0,    16.4,correlated_pymatching,6d35f8f59c18aaa298f180ebcd54ded7e5df1fc00770e2007395ae0d5c53773b,"{""d"":5.0,""p"":0.00046415888336127773,""r"":5.0}","{""obs_mistake_mask=E"":11}"
    124928,         2,         0,    11.8,correlated_pymatching,9a8f74bf0ecff9766b57c08fd7cee049b588d4e891da77284372791f989387f7,"{""d"":5.0,""p"":0.00021544346900318845,""r"":5.0}","{""obs_mistake_mask=E"":2}"
    126976,         0,         0,    11.7,correlated_pymatching,57fd446569d71e703d4e3b3c933a7a27eb3df2fcc8d32850d9b309f58c427968,"{""d"":5.0,""p"":0.0001,""r"":5.0}",
     68608,         0,         0,    16.5,correlated_pymatching,0ea130b53ccb2550443c16f0c92974b75297641bafbf982c2963fe27de0e8a7e,"{""d"":7.0,""p"":0.00021544346900318845,""r"":7.0}",
    120832,        21,         0,    11.8,correlated_pymatching,6d35f8f59c18aaa298f180ebcd54ded7e5df1fc00770e2007395ae0d5c53773b,"{""d"":5.0,""p"":0.00046415888336127773,""r"":5.0}","{""obs_mistake_mask=E"":21}"
     61440,         0,         0,    16.6,correlated_pymatching,0259a37d81f7967b4b8ec4bb9481c75f99e79b3fd57b573fa80be7c7461d317d,"{""d"":7.0,""p"":0.00046415888336127773,""r"":7.0}",
     51200,         0,         0,    11.8,correlated_pymatching,bebbad4e559ffded47cdbff4eb6ee9e01c7cf232957d5a8fcc53fa89adffd8c6,"{""d"":7.0,""p"":0.0001,""r"":7.0}",
        47,         0,         0,    16.6,correlated_pymatching,bebbad4e559ffded47cdbff4eb6ee9e01c7cf232957d5a8fcc53fa89adffd8c6,"{""d"":7.0,""p"":0.0001,""r"":7.0}",
    105472,         0,         0,    16.4,correlated_pymatching,57fd446569d71e703d4e3b3c933a7a27eb3df2fcc8d32850d9b309f58c427968,"{""d"":5.0,""p"":0.0001,""r"":5.0}",
        48,         0,         0,    16.4,correlated_pymatching,ca5082d95a5eb3b5338a9e234d06ab22da68da62ca4e690b2c55dcde2c6f8487,"{""d"":7.0,""p"":0.001,""r"":7.0}",
    167936,        17,         0,    16.4,correlated_pymatching,6d35f8f59c18aaa298f180ebcd54ded7e5df1fc00770e2007395ae0d5c53773b,"{""d"":5.0,""p"":0.00046415888336127773,""r"":5.0}","{""obs_mistake_mask=E"":17}"
    168960,         2,         0,    16.4,correlated_pymatching,9a8f74bf0ecff9766b57c08fd7cee049b588d4e891da77284372791f989387f7,"{""d"":5.0,""p"":0.00021544346900318845,""r"":5.0}","{""obs_mistake_mask=E"":2}"
     71680,         0,         0,    16.6,correlated_pymatching,bebbad4e559ffded47cdbff4eb6ee9e01c7cf232957d5a8fcc53fa89adffd8c6,"{""d"":7.0,""p"":0.0001,""r"":7.0}",
     64512,         0,         0,    16.5,correlated_pymatching,0ea130b53ccb2550443c16f0c92974b75297641bafbf982c2963fe27de0e8a7e,"{""d"":7.0,""p"":0.00021544346900318845,""r"":7.0}",
        47,         0,         0,    16.7,correlated_pymatching,0259a37d81f7967b4b8ec4bb9481c75f99e79b3fd57b573fa80be7c7461d317d,"{""d"":7.0,""p"":0.00046415888336127773,""r"":7.0}",
        47,         0,         0,    16.7,correlated_pymatching,ca5082d95a5eb3b5338a9e234d06ab22da68da62ca4e690b2c55dcde2c6f8487,"{""d"":7.0,""p"":0.001,""r"":7.0}",
    255561,         2,         0,    22.8,correlated_pymatching,57fd446569d71e703d4e3b3c933a7a27eb3df2fcc8d32850d9b309f58c427968,"{""d"":5.0,""p"":0.0001,""r"":5.0}","{""obs_mistake_mask=E"":2}"
    229376,        23,         0,    23.0,correlated_pymatching,6d35f8f59c18aaa298f180ebcd54ded7e5df1fc00770e2007395ae0d5c53773b,"{""d"":5.0,""p"":0.00046415888336127773,""r"":5.0}","{""obs_mistake_mask=E"":23}"
    238592,         4,         0,    23.0,correlated_pymatching,9a8f74bf0ecff9766b57c08fd7cee049b588d4e891da77284372791f989387f7,"{""d"":5.0,""p"":0.00021544346900318845,""r"":5.0}","{""obs_mistake_mask=E"":4}"
    189974,         2,         0,    17.0,correlated_pymatching,9a8f74bf0ecff9766b57c08fd7cee049b588d4e891da77284372791f989387f7,"{""d"":5.0,""p"":0.00021544346900318845,""r"":5.0}","{""obs_mistake_mask=E"":2}"
    239616,        22,         0,    22.9,correlated_pymatching,6d35f8f59c18aaa298f180ebcd54ded7e5df1fc00770e2007395ae0d5c53773b,"{""d"":5.0,""p"":0.00046415888336127773,""r"":5.0}","{""obs_mistake_mask=E"":22}"
    153600,         0,         0,    23.0,correlated_pymatching,57fd446569d71e703d4e3b3c933a7a27eb3df2fcc8d32850d9b309f58c427968,"{""d"":5.0,""p"":0.0001,""r"":5.0}",
    147456,         1,         0,    23.0,correlated_pymatching,9a8f74bf0ecff9766b57c08fd7cee049b588d4e891da77284372791f989387f7,"{""d"":5.0,""p"":0.00021544346900318845,""r"":5.0}","{""obs_mistake_mask=E"":1}"
     99328,         0,         0,    23.1,correlated_pymatching,bebbad4e559ffded47cdbff4eb6ee9e01c7cf232957d5a8fcc53fa89adffd8c6,"{""d"":7.0,""p"":0.0001,""r"":7.0}",
     95232,         0,         0,    23.1,correlated_pymatching,0ea130b53ccb2550443c16f0c92974b75297641bafbf982c2963fe27de0e8a7e,"{""d"":7.0,""p"":0.00021544346900318845,""r"":7.0}",
    157594,         1,         0,    15.5,correlated_pymatching,9a8f74bf0ecff9766b57c08fd7cee049b588d4e891da77284372791f989387f7,"{""d"":5.0,""p"":0.00021544346900318845,""r"":5.0}","{""obs_mistake_mask=E"":1}"
     96584,         3,         0,    8.99,correlated_pymatching,9a8f74bf0ecff9766b57c08fd7cee049b588d4e891da77284372791f989387f7,"{""d"":5.0,""p"":0.00021544346900318845,""r"":5.0}","{""obs_mistake_mask=E"":3}"
    190464,         1,         0,    16.4,correlated_pymatching,57fd446569d71e703d4e3b3c933a7a27eb3df2fcc8d32850d9b309f58c427968,"{""d"":5.0,""p"":0.0001,""r"":5.0}","{""obs_mistake_mask=E"":1}"
    171008,        25,         0,    16.4,correlated_pymatching,6d35f8f59c18aaa298f180ebcd54ded7e5df1fc00770e2007395ae0d5c53773b,"{""d"":5.0,""p"":0.00046415888336127773,""r"":5.0}","{""obs_mistake_mask=E"":25}"
     33792,         2,         0,    3.22,correlated_pymatching,6d35f8f59c18aaa298f180ebcd54ded7e5df1fc00770e2007395ae0d5c53773b,"{""d"":5.0,""p"":0.00046415888336127773,""r"":5.0}","{""obs_mistake_mask=E"":2}"
    101376,         9,         0,    9.80,correlated_pymatching,6d35f8f59c18aaa298f180ebcd54ded7e5df1fc00770e2007395ae0d5c53773b,"{""d"":5.0,""p"":0.00046415888336127773,""r"":5.0}","{""obs_mistake_mask=E"":9}"
    112640,         9,         0,    18.8,correlated_pymatching,6d35f8f59c18aaa298f180ebcd54ded7e5df1fc00770e2007395ae0d5c53773b,"{""d"":5.0,""p"":0.00046415888336127773,""r"":5.0}","{""obs_mistake_mask=E"":9}"
     39936,         3,         0,    4.08,correlated_pymatching,6d35f8f59c18aaa298f180ebcd54ded7e5df1fc00770e2007395ae0d5c53773b,"{""d"":5.0,""p"":0.00046415888336127773,""r"":5.0}","{""obs_mistake_mask=E"":3}"
      1024,         0,         0,   0.096,correlated_pymatching,6d35f8f59c18aaa298f180ebcd54ded7e5df1fc00770e2007395ae0d5c53773b,"{""d"":5.0,""p"":0.00046415888336127773,""r"":5.0}",
     95232,         0,         0,    23.0,correlated_pymatching,0ea130b53ccb2550443c16f0c92974b75297641bafbf982c2963fe27de0e8a7e,"{""d"":7.0,""p"":0.00021544346900318845,""r"":7.0}",
       260,         0,         0,    23.1,correlated_pymatching,0259a37d81f7967b4b8ec4bb9481c75f99e79b3fd57b573fa80be7c7461d317d,"{""d"":7.0,""p"":0.00046415888336127773,""r"":7.0}",
      2048,         0,         0,    23.0,correlated_pymatching,ca5082d95a5eb3b5338a9e234d06ab22da68da62ca4e690b2c55dcde2c6f8487,"{""d"":7.0,""p"":0.001,""r"":7.0}",
         1,         0,         0,   0.213,correlated_pymatching,0259a37d81f7967b4b8ec4bb9481c75f99e79b3fd57b573fa80be7c7461d317d,"{""d"":7.0,""p"":0.00046415888336127773,""r"":7.0}",
         1,         0,         0,   0.222,correlated_pymatching,ca5082d95a5eb3b5338a9e234d06ab22da68da62ca4e690b2c55dcde2c6f8487,"{""d"":7.0,""p"":0.001,""r"":7.0}",
         1,         0,         0,   0.233,correlated_pymatching,ca5082d95a5eb3b5338a9e234d06ab22da68da62ca4e690b2c55dcde2c6f8487,"{""d"":7.0,""p"":0.001,""r"":7.0}",
         1,         0,         0,   0.247,correlated_pymatching,0259a37d81f7967b4b8ec4bb9481c75f99e79b3fd57b573fa80be7c7461d317d,"{""d"":7.0,""p"":0.00046415888336127773,""r"":7.0}",
         2,         0,         0,   0.180,correlated_pymatching,0259a37d81f7967b4b8ec4bb9481c75f99e79b3fd57b573fa80be7c7461d317d,"{""d"":7.0,""p"":0.00046415888336127773,""r"":7.0}",
         2,         0,         0,   0.208,correlated_pymatching,ca5082d95a5eb3b5338a9e234d06ab22da68da62ca4e690b2c55dcde2c6f8487,"{""d"":7.0,""p"":0.001,""r"":7.0}",
         2,         0,         0,   0.216,correlated_pymatching,ca5082d95a5eb3b5338a9e234d06ab22da68da62ca4e690b2c55dcde2c6f8487,"{""d"":7.0,""p"":0.001,""r"":7.0}",
         2,         0,         0,   0.236,correlated_pymatching,0259a37d81f7967b4b8ec4bb9481c75f99e79b3fd57b573fa80be7c7461d317d,"{""d"":7.0,""p"":0.00046415888336127773,""r"":7.0}",
         1,         0,         0,   0.346,correlated_pymatching,0ea130b53ccb2550443c16f0c92974b75297641bafbf982c2963fe27de0e8a7e,"{""d"":7.0,""p"":0.00021544346900318845,""r"":7.0}",
         4,         0,         0,   0.220,correlated_pymatching,0259a37d81f7967b4b8ec4bb9481c75f99e79b3fd57b573fa80be7c7461d317d,"{""d"":7.0,""p"":0.00046415888336127773,""r"":7.0}",
         4,         0,         0,   0.216,correlated_pymatching,ca5082d95a5eb3b5338a9e234d06ab22da68da62ca4e690b2c55dcde2c6f8487,"{""d"":7.0,""p"":0.001,""r"":7.0}",
         4,         0,         0,   0.208,correlated_pymatching,ca5082d95a5eb3b5338a9e234d06ab22da68da62ca4e690b2c55dcde2c6f8487,"{""d"":7.0,""p"":0.001,""r"":7.0}",
         4,         0,         0,   0.216,correlated_pymatching,0259a37d81f7967b4b8ec4bb9481c75f99e79b3fd57b573fa80be7c7461d317d,"{""d"":7.0,""p"":0.00046415888336127773,""r"":7.0}",
         8,         0,         0,   0.216,correlated_pymatching,0259a37d81f7967b4b8ec4bb9481c75f99e79b3fd57b573fa80be7c7461d317d,"{""d"":7.0,""p"":0.00046415888336127773,""r"":7.0}",
         8,         0,         0,   0.208,correlated_pymatching,ca5082d95a5eb3b5338a9e234d06ab22da68da62ca4e690b2c55dcde2c6f8487,"{""d"":7.0,""p"":0.001,""r"":7.0}",
         8,         0,         0,   0.206,correlated_pymatching,ca5082d95a5eb3b5338a9e234d06ab22da68da62ca4e690b2c55dcde2c6f8487,"{""d"":7.0,""p"":0.001,""r"":7.0}",
         1,         0,         0,   0.356,correlated_pymatching,0ea130b53ccb2550443c16f0c92974b75297641bafbf982c2963fe27de0e8a7e,"{""d"":7.0,""p"":0.00021544346900318845,""r"":7.0}",
         8,         0,         0,   0.220,correlated_pymatching,0259a37d81f7967b4b8ec4bb9481c75f99e79b3fd57b573fa80be7c7461d317d,"{""d"":7.0,""p"":0.00046415888336127773,""r"":7.0}",
        16,         0,         0,   0.216,correlated_pymatching,0259a37d81f7967b4b8ec4bb9481c75f99e79b3fd57b573fa80be7c7461d317d,"{""d"":7.0,""p"":0.00046415888336127773,""r"":7.0}",
        16,         0,         0,   0.204,correlated_pymatching,ca5082d95a5eb3b5338a9e234d06ab22da68da62ca4e690b2c55dcde2c6f8487,"{""d"":7.0,""p"":0.001,""r"":7.0}",
        16,         0,         0,   0.213,correlated_pymatching,ca5082d95a5eb3b5338a9e234d06ab22da68da62ca4e690b2c55dcde2c6f8487,"{""d"":7.0,""p"":0.001,""r"":7.0}",
        16,         0,         0,   0.216,correlated_pymatching,0259a37d81f7967b4b8ec4bb9481c75f99e79b3fd57b573fa80be7c7461d317d,"{""d"":7.0,""p"":0.00046415888336127773,""r"":7.0}",
         1,         0,         0,   0.352,correlated_pymatching,0ea130b53ccb2550443c16f0c92974b75297641bafbf982c2963fe27de0e8a7e,"{""d"":7.0,""p"":0.00021544346900318845,""r"":7.0}",
        32,         0,         0,   0.216,correlated_pymatching,0259a37d81f7967b4b8ec4bb9481c75f99e79b3fd57b573fa80be7c7461d317d,"{""d"":7.0,""p"":0.00046415888336127773,""r"":7.0}",
        32,         0,         0,   0.216,correlated_pymatching,ca5082d95a5eb3b5338a9e234d06ab22da68da62ca4e690b2c55dcde2c6f8487,"{""d"":7.0,""p"":0.001,""r"":7.0}",
        32,         0,         0,   0.216,correlated_pymatching,ca5082d95a5eb3b5338a9e234d06ab22da68da62ca4e690b2c55dcde2c6f8487,"{""d"":7.0,""p"":0.001,""r"":7.0}",
        32,         0,         0,   0.228,correlated_pymatching,0259a37d81f7967b4b8ec4bb9481c75f99e79b3fd57b573fa80be7c7461d317d,"{""d"":7.0,""p"":0.00046415888336127773,""r"":7.0}",
     70656,         0,         0,    16.4,correlated_pymatching,bebbad4e559ffded47cdbff4eb6ee9e01c7cf232957d5a8fcc53fa89adffd8c6,"{""d"":7.0,""p"":0.0001,""r"":7.0}",
        64,         0,         0,   0.211,correlated_pymatching,0259a37d81f7967b4b8ec4bb9481c75f99e79b3fd57b573fa80be7c7461d317d,"{""d"":7.0,""p"":0.00046415888336127773,""r"":7.0}",
        64,         0,         0,   0.228,correlated_pymatching,ca5082d95a5eb3b5338a9e234d06ab22da68da62ca4e690b2c55dcde2c6f8487,"{""d"":7.0,""p"":0.001,""r"":7.0}",
        64,         0,         0,   0.216,correlated_pymatching,ca5082d95a5eb3b5338a9e234d06ab22da68da62ca4e690b2c55dcde2c6f8487,"{""d"":7.0,""p"":0.001,""r"":7.0}",
         1,         0,         0,   0.348,correlated_pymatching,0ea130b53ccb2550443c16f0c92974b75297641bafbf982c2963fe27de0e8a7e,"{""d"":7.0,""p"":0.00021544346900318845,""r"":7.0}",
        64,         0,         0,   0.228,correlated_pymatching,0259a37d81f7967b4b8ec4bb9481c75f99e79b3fd57b573fa80be7c7461d317d,"{""d"":7.0,""p"":0.00046415888336127773,""r"":7.0}",
       128,         0,         0,   0.221,correlated_pymatching,0259a37d81f7967b4b8ec4bb9481c75f99e79b3fd57b573fa80be7c7461d317d,"{""d"":7.0,""p"":0.00046415888336127773,""r"":7.0}",
       128,         0,         0,   0.224,correlated_pymatching,ca5082d95a5eb3b5338a9e234d06ab22da68da62ca4e690b2c55dcde2c6f8487,"{""d"":7.0,""p"":0.001,""r"":7.0}",
       128,         0,         0,   0.224,correlated_pymatching,ca5082d95a5eb3b5338a9e234d06ab22da68da62ca4e690b2c55dcde2c6f8487,"{""d"":7.0,""p"":0.001,""r"":7.0}",
       128,         0,         0,   0.224,correlated_pymatching,0259a37d81f7967b4b8ec4bb9481c75f99e79b3fd57b573fa80be7c7461d317d,"{""d"":7.0,""p"":0.00046415888336127773,""r"":7.0}",
       256,         0,         0,   0.228,correlated_pymatching,0259a37d81f7967b4b8ec4bb9481c75f99e79b3fd57b573fa80be7c7461d317d,"{""d"":7.0,""p"":0.00046415888336127773,""r"":7.0}",
         1,         0,         0,   0.348,correlated_pymatching,0ea130b53ccb2550443c16f0c92974b75297641bafbf982c2963fe27de0e8a7e,"{""d"":7.0,""p"":0.00021544346900318845,""r"":7.0}",
       256,         0,         0,   0.232,correlated_pymatching,ca5082d95a5eb3b5338a9e234d06ab22da68da62ca4e690b2c55dcde2c6f8487,"{""d"":7.0,""p"":0.001,""r"":7.0}",
       256,         0,         0,   0.232,correlated_pymatching,ca5082d95a5eb3b5338a9e234d06ab22da68da62ca4e690b2c55dcde2c6f8487,"{""d"":7.0,""p"":0.001,""r"":7.0}",
       105,         0,         0,    23.0,correlated_pymatching,bebbad4e559ffded47cdbff4eb6ee9e01c7cf232957d5a8fcc53fa89adffd8c6,"{""d"":7.0,""p"":0.0001,""r"":7.0}",
       256,         0,         0,   0.232,correlated_pymatching,0259a37d81f7967b4b8ec4bb9481c75f99e79b3fd57b573fa80be7c7461d317d,"{""d"":7.0,""p"":0.00046415888336127773,""r"":7.0}",
       512,         0,         0,   0.248,correlated_pymatching,0259a37d81f7967b4b8ec4bb9481c75f99e79b3fd57b573fa80be7c7461d317d,"{""d"":7.0,""p"":0.00046415888336127773,""r"":7.0}",
       512,         0,         0,   0.271,correlated_pymatching,ca5082d95a5eb3b5338a9e234d06ab22da68da62ca4e690b2c55dcde2c6f8487,"{""d"":7.0,""p"":0.001,""r"":7.0}",
       512,         0,         0,   0.272,correlated_pymatching,ca5082d95a5eb3b5338a9e234d06ab22da68da62ca4e690b2c55dcde2c6f8487,"{""d"":7.0,""p"":0.001,""r"":7.0}",
         1,         0,         0,   0.356,correlated_pymatching,0ea130b53ccb2550443c16f0c92974b75297641bafbf982c2963fe27de0e8a7e,"{""d"":7.0,""p"":0.00021544346900318845,""r"":7.0}",
       512,         0,         0,   0.252,correlated_pymatching,0259a37d81f7967b4b8ec4bb9481c75f99e79b3fd57b573fa80be7c7461d317d,"{""d"":7.0,""p"":0.00046415888336127773,""r"":7.0}",
    158720,         0,         0,    23.1,correlated_pymatching,57fd446569d71e703d4e3b3c933a7a27eb3df2fcc8d32850d9b309f58c427968,"{""d"":5.0,""p"":0.0001,""r"":5.0}",
      1024,         0,         0,   0.329,correlated_pymatching,ca5082d95a5eb3b5338a9e234d06ab22da68da62ca4e690b2c55dcde2c6f8487,"{""d"":7.0,""p"":0.001,""r"":7.0}",
      1024,         0,         0,   0.328,correlated_pymatching,ca5082d95a5eb3b5338a9e234d06ab22da68da62ca4e690b2c55dcde2c6f8487,"{""d"":7.0,""p"":0.001,""r"":7.0}",
         1,         0,         0,   0.352,correlated_pymatching,0ea130b53ccb2550443c16f0c92974b75297641bafbf982c2963fe27de0e8a7e,"{""d"":7.0,""p"":0.00021544346900318845,""r"":7.0}",
      2048,         0,         0,   0.568,correlated_pymatching,0259a37d81f7967b4b8ec4bb9481c75f99e79b3fd57b573fa80be7c7461d317d,"{""d"":7.0,""p"":0.00046415888336127773,""r"":7.0}",
     77267,         1,         0,    6.88,correlated_pymatching,9a8f74bf0ecff9766b57c08fd7cee049b588d4e891da77284372791f989387f7,"{""d"":5.0,""p"":0.00021544346900318845,""r"":5.0}","{""obs_mistake_mask=E"":1}"
      2048,         0,         0,   0.546,correlated_pymatching,0259a37d81f7967b4b8ec4bb9481c75f99e79b3fd57b573fa80be7c7461d317d,"{""d"":7.0,""p"":0.00046415888336127773,""r"":7.0}",
     61814,         0,         0,    7.12,correlated_pymatching,9a8f74bf0ecff9766b57c08fd7cee049b588d4e891da77284372791f989387f7,"{""d"":5.0,""p"":0.00021544346900318845,""r"":5.0}",
     52224,         2,         0,    4.62,correlated_pymatching,9a8f74bf0ecff9766b57c08fd7cee049b588d4e891da77284372791f989387f7,"{""d"":5.0,""p"":0.00021544346900318845,""r"":5.0}","{""obs_mistake_mask=E"":2}"
        63,         0,         0,    23.0,correlated_pymatching,ca5082d95a5eb3b5338a9e234d06ab22da68da62ca4e690b2c55dcde2c6f8487,"{""d"":7.0,""p"":0.001,""r"":7.0}",
         1,         0,         0,   0.349,correlated_pymatching,0ea130b53ccb2550443c16f0c92974b75297641bafbf982c2963fe27de0e8a7e,"{""d"":7.0,""p"":0.00021544346900318845,""r"":7.0}",
      2048,         0,         0,   0.648,correlated_pymatching,ca5082d95a5eb3b5338a9e234d06ab22da68da62ca4e690b2c55dcde2c6f8487,"{""d"":7.0,""p"":0.001,""r"":7.0}",
      2048,         1,         0,   0.648,correlated_pymatching,ca5082d95a5eb3b5338a9e234d06ab22da68da62ca4e690b2c55dcde2c6f8487,"{""d"":7.0,""p"":0.001,""r"":7.0}","{""obs_mistake_mask=E"":1}"
        66,         0,         0,    23.2,correlated_pymatching,0259a37d81f7967b4b8ec4bb9481c75f99e79b3fd57b573fa80be7c7461d317d,"{""d"":7.0,""p"":0.00046415888336127773,""r"":7.0}",
      2048,         0,         0,   0.540,correlated_pymatching,0259a37d81f7967b4b8ec4bb9481c75f99e79b3fd57b573fa80be7c7461d317d,"{""d"":7.0,""p"":0.00046415888336127773,""r"":7.0}",
         1,         0,         0,   0.354,correlated_pymatching,0ea130b53ccb2550443c16f0c92974b75297641bafbf982c2963fe27de0e8a7e,"{""d"":7.0,""p"":0.00021544346900318845,""r"":7.0}",
      2048,         0,         0,   0.582,correlated_pymatching,0259a37d81f7967b4b8ec4bb9481c75f99e79b3fd57b573fa80be7c7461d317d,"{""d"":7.0,""p"":0.00046415888336127773,""r"":7.0}",
     49451,         1,         0,    4.56,correlated_pymatching,9a8f74bf0ecff9766b57c08fd7cee049b588d4e891da77284372791f989387f7,"{""d"":5.0,""p"":0.00021544346900318845,""r"":5.0}","{""obs_mistake_mask=E"":1}"
     38912,         0,         0,    6.03,correlated_pymatching,9a8f74bf0ecff9766b57c08fd7cee049b588d4e891da77284372791f989387f7,"{""d"":5.0,""p"":0.00021544346900318845,""r"":5.0}",
         1,         0,         0,   0.348,correlated_pymatching,0ea130b53ccb2550443c16f0c92974b75297641bafbf982c2963fe27de0e8a7e,"{""d"":7.0,""p"":0.00021544346900318845,""r"":7.0}",
      2048,         0,         0,   0.648,correlated_pymatching,ca5082d95a5eb3b5338a9e234d06ab22da68da62ca4e690b2c55dcde2c6f8487,"{""d"":7.0,""p"":0.001,""r"":7.0}",
      2048,         0,         0,   0.660,correlated_pymatching,ca5082d95a5eb3b5338a9e234d06ab22da68da62ca4e690b2c55dcde2c6f8487,"{""d"":7.0,""p"":0.001,""r"":7.0}",
         1,         0,         0,   0.348,correlated_pymatching,0ea130b53ccb2550443c16f0c92974b75297641bafbf982c2963fe27de0e8a7e,"{""d"":7.0,""p"":0.00021544346900318845,""r"":7.0}",
      3072,         0,         0,   0.816,correlated_pymatching,0259a37d81f7967b4b8ec4bb9481c75f99e79b3fd57b573fa80be7c7461d317d,"{""d"":7.0,""p"":0.00046415888336127773,""r"":7.0}",
      3072,         0,         0,   0.810,correlated_pymatching,0259a37d81f7967b4b8ec4bb9481c75f99e79b3fd57b573fa80be7c7461d317d,"{""d"":7.0,""p"":0.00046415888336127773,""r"":7.0}",
         2,         0,         0,   0.700,correlated_pymatching,0ea130b53ccb2550443c16f0c92974b75297641bafbf982c2963fe27de0e8a7e,"{""d"":7.0,""p"":0.00021544346900318845,""r"":7.0}",
      3072,         0,         0,   0.983,correlated_pymatching,ca5082d95a5eb3b5338a9e234d06ab22da68da62ca4e690b2c55dcde2c6f8487,"{""d"":7.0,""p"":0.001,""r"":7.0}",
      3072,         1,         0,   0.984,correlated_pymatching,ca5082d95a5eb3b5338a9e234d06ab22da68da62ca4e690b2c55dcde2c6f8487,"{""d"":7.0,""p"":0.001,""r"":7.0}","{""obs_mistake_mask=E"":1}"
     21951,         0,         0,    1.96,correlated_pymatching,9a8f74bf0ecff9766b57c08fd7cee049b588d4e891da77284372791f989387f7,"{""d"":5.0,""p"":0.00021544346900318845,""r"":5.0}",
      3072,         0,         0,   0.816,correlated_pymatching,0259a37d81f7967b4b8ec4bb9481c75f99e79b3fd57b573fa80be7c7461d317d,"{""d"":7.0,""p"":0.00046415888336127773,""r"":7.0}",
     21504,         0,         0,    2.02,correlated_pymatching,9a8f74bf0ecff9766b57c08fd7cee049b588d4e891da77284372791f989387f7,"{""d"":5.0,""p"":0.00021544346900318845,""r"":5.0}",
     24576,         0,         0,    2.15,correlated_pymatching,9a8f74bf0ecff9766b57c08fd7cee049b588d4e891da77284372791f989387f7,"{""d"":5.0,""p"":0.00021544346900318845,""r"":5.0}",
      9216,         0,         0,    1.41,correlated_pymatching,9a8f74bf0ecff9766b57c08fd7cee049b588d4e891da77284372791f989387f7,"{""d"":5.0,""p"":0.00021544346900318845,""r"":5.0}",
      3072,         0,         0,   0.803,correlated_pymatching,0259a37d81f7967b4b8ec4bb9481c75f99e79b3fd57b573fa80be7c7461d317d,"{""d"":7.0,""p"":0.00046415888336127773,""r"":7.0}",
     16944,         0,         0,    1.52,correlated_pymatching,9a8f74bf0ecff9766b57c08fd7cee049b588d4e891da77284372791f989387f7,"{""d"":5.0,""p"":0.00021544346900318845,""r"":5.0}",
      2496,         0,         0,   0.255,correlated_pymatching,9a8f74bf0ecff9766b57c08fd7cee049b588d4e891da77284372791f989387f7,"{""d"":5.0,""p"":0.00021544346900318845,""r"":5.0}",
      2496,         0,         0,   0.260,correlated_pymatching,9a8f74bf0ecff9766b57c08fd7cee049b588d4e891da77284372791f989387f7,"{""d"":5.0,""p"":0.00021544346900318845,""r"":5.0}",
      2496,         0,         0,   0.264,correlated_pymatching,9a8f74bf0ecff9766b57c08fd7cee049b588d4e891da77284372791f989387f7,"{""d"":5.0,""p"":0.00021544346900318845,""r"":5.0}",
       496,         0,         0,   0.079,correlated_pymatching,9a8f74bf0ecff9766b57c08fd7cee049b588d4e891da77284372791f989387f7,"{""d"":5.0,""p"":0.00021544346900318845,""r"":5.0}",
       500,         0,         0,   0.083,correlated_pymatching,9a8f74bf0ecff9766b57c08fd7cee049b588d4e891da77284372791f989387f7,"{""d"":5.0,""p"":0.00021544346900318845,""r"":5.0}",
      1996,         0,         0,   0.175,correlated_pymatching,9a8f74bf0ecff9766b57c08fd7cee049b588d4e891da77284372791f989387f7,"{""d"":5.0,""p"":0.00021544346900318845,""r"":5.0}",
      1996,         0,         0,   0.313,correlated_pymatching,9a8f74bf0ecff9766b57c08fd7cee049b588d4e891da77284372791f989387f7,"{""d"":5.0,""p"":0.00021544346900318845,""r"":5.0}",
         2,         0,         0,   0.707,correlated_pymatching,0ea130b53ccb2550443c16f0c92974b75297641bafbf982c2963fe27de0e8a7e,"{""d"":7.0,""p"":0.00021544346900318845,""r"":7.0}",
         1,         0,         0,   0.139,correlated_pymatching,57fd446569d71e703d4e3b3c933a7a27eb3df2fcc8d32850d9b309f58c427968,"{""d"":5.0,""p"":0.0001,""r"":5.0}",
         1,         0,         0,   0.219,correlated_pymatching,bebbad4e559ffded47cdbff4eb6ee9e01c7cf232957d5a8fcc53fa89adffd8c6,"{""d"":7.0,""p"":0.0001,""r"":7.0}",
         1,         0,         0,   0.230,correlated_pymatching,0ea130b53ccb2550443c16f0c92974b75297641bafbf982c2963fe27de0e8a7e,"{""d"":7.0,""p"":0.00021544346900318845,""r"":7.0}",
         4,         0,         0,   0.144,correlated_pymatching,57fd446569d71e703d4e3b3c933a7a27eb3df2fcc8d32850d9b309f58c427968,"{""d"":5.0,""p"":0.0001,""r"":5.0}",
         1,         0,         0,   0.227,correlated_pymatching,0ea130b53ccb2550443c16f0c92974b75297641bafbf982c2963fe27de0e8a7e,"{""d"":7.0,""p"":0.00021544346900318845,""r"":7.0}",
         1,         0,         0,   0.230,correlated_pymatching,bebbad4e559ffded47cdbff4eb6ee9e01c7cf232957d5a8fcc53fa89adffd8c6,"{""d"":7.0,""p"":0.0001,""r"":7.0}",
     89088,         0,         0,    23.0,correlated_pymatching,0ea130b53ccb2550443c16f0c92974b75297641bafbf982c2963fe27de0e8a7e,"{""d"":7.0,""p"":0.00021544346900318845,""r"":7.0}",
        16,         0,         0,   0.131,correlated_pymatching,57fd446569d71e703d4e3b3c933a7a27eb3df2fcc8d32850d9b309f58c427968,"{""d"":5.0,""p"":0.0001,""r"":5.0}",
         2,         0,         0,   0.192,correlated_pymatching,0ea130b53ccb2550443c16f0c92974b75297641bafbf982c2963fe27de0e8a7e,"{""d"":7.0,""p"":0.00021544346900318845,""r"":7.0}",
         2,         0,         0,   0.203,correlated_pymatching,0ea130b53ccb2550443c16f0c92974b75297641bafbf982c2963fe27de0e8a7e,"{""d"":7.0,""p"":0.00021544346900318845,""r"":7.0}",
         2,         0,         0,   0.212,correlated_pymatching,bebbad4e559ffded47cdbff4eb6ee9e01c7cf232957d5a8fcc53fa89adffd8c6,"{""d"":7.0,""p"":0.0001,""r"":7.0}",
         2,         0,         0,   0.212,correlated_pymatching,bebbad4e559ffded47cdbff4eb6ee9e01c7cf232957d5a8fcc53fa89adffd8c6,"{""d"":7.0,""p"":0.0001,""r"":7.0}",
        64,         0,         0,   0.136,correlated_pymatching,57fd446569d71e703d4e3b3c933a7a27eb3df2fcc8d32850d9b309f58c427968,"{""d"":5.0,""p"":0.0001,""r"":5.0}",
      4096,         0,         0,    1.30,correlated_pymatching,ca5082d95a5eb3b5338a9e234d06ab22da68da62ca4e690b2c55dcde2c6f8487,"{""d"":7.0,""p"":0.001,""r"":7.0}",
      4096,         0,         0,    1.12,correlated_pymatching,0259a37d81f7967b4b8ec4bb9481c75f99e79b3fd57b573fa80be7c7461d317d,"{""d"":7.0,""p"":0.00046415888336127773,""r"":7.0}",
      4096,         0,         0,    1.33,correlated_pymatching,ca5082d95a5eb3b5338a9e234d06ab22da68da62ca4e690b2c55dcde2c6f8487,"{""d"":7.0,""p"":0.001,""r"":7.0}",
         4,         0,         0,   0.216,correlated_pymatching,0ea130b53ccb2550443c16f0c92974b75297641bafbf982c2963fe27de0e8a7e,"{""d"":7.0,""p"":0.00021544346900318845,""r"":7.0}",
       256,         0,         0,   0.143,correlated_pymatching,57fd446569d71e703d4e3b3c933a7a27eb3df2fcc8d32850d9b309f58c427968,"{""d"":5.0,""p"":0.0001,""r"":5.0}",
         4,         0,         0,   0.208,correlated_pymatching,bebbad4e559ffded47cdbff4eb6ee9e01c7cf232957d5a8fcc53fa89adffd8c6,"{""d"":7.0,""p"":0.0001,""r"":7.0}",
         4,         0,         0,   0.209,correlated_pymatching,0ea130b53ccb2550443c16f0c92974b75297641bafbf982c2963fe27de0e8a7e,"{""d"":7.0,""p"":0.00021544346900318845,""r"":7.0}",
         4,         0,         0,   0.202,correlated_pymatching,bebbad4e559ffded47cdbff4eb6ee9e01c7cf232957d5a8fcc53fa89adffd8c6,"{""d"":7.0,""p"":0.0001,""r"":7.0}",
      5120,         0,         0,    1.36,correlated_pymatching,0259a37d81f7967b4b8ec4bb9481c75f99e79b3fd57b573fa80be7c7461d317d,"{""d"":7.0,""p"":0.00046415888336127773,""r"":7.0}",
      1024,         0,         0,   0.152,correlated_pymatching,57fd446569d71e703d4e3b3c933a7a27eb3df2fcc8d32850d9b309f58c427968,"{""d"":5.0,""p"":0.0001,""r"":5.0}",
         8,         0,         0,   0.204,correlated_pymatching,0ea130b53ccb2550443c16f0c92974b75297641bafbf982c2963fe27de0e8a7e,"{""d"":7.0,""p"":0.00021544346900318845,""r"":7.0}",
         8,         0,         0,   0.204,correlated_pymatching,bebbad4e559ffded47cdbff4eb6ee9e01c7cf232957d5a8fcc53fa89adffd8c6,"{""d"":7.0,""p"":0.0001,""r"":7.0}",
         8,         0,         0,   0.212,correlated_pymatching,0ea130b53ccb2550443c16f0c92974b75297641bafbf982c2963fe27de0e8a7e,"{""d"":7.0,""p"":0.00021544346900318845,""r"":7.0}",
         8,         0,         0,   0.222,correlated_pymatching,bebbad4e559ffded47cdbff4eb6ee9e01c7cf232957d5a8fcc53fa89adffd8c6,"{""d"":7.0,""p"":0.0001,""r"":7.0}",
         3,         0,         0,    1.06,correlated_pymatching,0ea130b53ccb2550443c16f0c92974b75297641bafbf982c2963fe27de0e8a7e,"{""d"":7.0,""p"":0.00021544346900318845,""r"":7.0}",
      1024,         0,         0,   0.148,correlated_pymatching,57fd446569d71e703d4e3b3c933a7a27eb3df2fcc8d32850d9b309f58c427968,"{""d"":5.0,""p"":0.0001,""r"":5.0}",
     87040,         0,         0,    23.2,correlated_pymatching,0259a37d81f7967b4b8ec4bb9481c75f99e79b3fd57b573fa80be7c7461d317d,"{""d"":7.0,""p"":0.00046415888336127773,""r"":7.0}",
        16,         0,         0,   0.216,correlated_pymatching,0ea130b53ccb2550443c16f0c92974b75297641bafbf982c2963fe27de0e8a7e,"{""d"":7.0,""p"":0.00021544346900318845,""r"":7.0}",
        16,         0,         0,   0.216,correlated_pymatching,bebbad4e559ffded47cdbff4eb6ee9e01c7cf232957d5a8fcc53fa89adffd8c6,"{""d"":7.0,""p"":0.0001,""r"":7.0}",
        16,         0,         0,   0.208,correlated_pymatching,0ea130b53ccb2550443c16f0c92974b75297641bafbf982c2963fe27de0e8a7e,"{""d"":7.0,""p"":0.00021544346900318845,""r"":7.0}",
        16,         0,         0,   0.204,correlated_pymatching,bebbad4e559ffded47cdbff4eb6ee9e01c7cf232957d5a8fcc53fa89adffd8c6,"{""d"":7.0,""p"":0.0001,""r"":7.0}",
      1024,         0,         0,   0.152,correlated_pymatching,57fd446569d71e703d4e3b3c933a7a27eb3df2fcc8d32850d9b309f58c427968,"{""d"":5.0,""p"":0.0001,""r"":5.0}",
      1024,         0,         0,   0.148,correlated_pymatching,57fd446569d71e703d4e3b3c933a7a27eb3df2fcc8d32850d9b309f58c427968,"{""d"":5.0,""p"":0.0001,""r"":5.0}",
        32,         0,         0,   0.195,correlated_pymatching,bebbad4e559ffded47cdbff4eb6ee9e01c7cf232957d5a8fcc53fa89adffd8c6,"{""d"":7.0,""p"":0.0001,""r"":7.0}",
        32,         0,         0,   0.216,correlated_pymatching,0ea130b53ccb2550443c16f0c92974b75297641bafbf982c2963fe27de0e8a7e,"{""d"":7.0,""p"":0.00021544346900318845,""r"":7.0}",
        32,         0,         0,   0.216,correlated_pymatching,0ea130b53ccb2550443c16f0c92974b75297641bafbf982c2963fe27de0e8a7e,"{""d"":7.0,""p"":0.00021544346900318845,""r"":7.0}",
        32,         0,         0,   0.216,correlated_pymatching,bebbad4e559ffded47cdbff4eb6ee9e01c7cf232957d5a8fcc53fa89adffd8c6,"{""d"":7.0,""p"":0.0001,""r"":7.0}",
        64,         0,         0,   0.202,correlated_pymatching,0ea130b53ccb2550443c16f0c92974b75297641bafbf982c2963fe27de0e8a7e,"{""d"":7.0,""p"":0.00021544346900318845,""r"":7.0}",
        64,         0,         0,   0.212,correlated_pymatching,0ea130b53ccb2550443c16f0c92974b75297641bafbf982c2963fe27de0e8a7e,"{""d"":7.0,""p"":0.00021544346900318845,""r"":7.0}",
        64,         0,         0,   0.225,correlated_pymatching,bebbad4e559ffded47cdbff4eb6ee9e01c7cf232957d5a8fcc53fa89adffd8c6,"{""d"":7.0,""p"":0.0001,""r"":7.0}",
        64,         0,         0,   0.204,correlated_pymatching,bebbad4e559ffded47cdbff4eb6ee9e01c7cf232957d5a8fcc53fa89adffd8c6,"{""d"":7.0,""p"":0.0001,""r"":7.0}",
      2048,         0,         0,   0.311,correlated_pymatching,57fd446569d71e703d4e3b3c933a7a27eb3df2fcc8d32850d9b309f58c427968,"{""d"":5.0,""p"":0.0001,""r"":5.0}",
       128,         0,         0,   0.201,correlated_pymatching,0ea130b53ccb2550443c16f0c92974b75297641bafbf982c2963fe27de0e8a7e,"{""d"":7.0,""p"":0.00021544346900318845,""r"":7.0}",
       128,         0,         0,   0.216,correlated_pymatching,bebbad4e559ffded47cdbff4eb6ee9e01c7cf232957d5a8fcc53fa89adffd8c6,"{""d"":7.0,""p"":0.0001,""r"":7.0}",
       128,         0,         0,   0.218,correlated_pymatching,0ea130b53ccb2550443c16f0c92974b75297641bafbf982c2963fe27de0e8a7e,"{""d"":7.0,""p"":0.00021544346900318845,""r"":7.0}",
       128,         0,         0,   0.216,correlated_pymatching,bebbad4e559ffded47cdbff4eb6ee9e01c7cf232957d5a8fcc53fa89adffd8c6,"{""d"":7.0,""p"":0.0001,""r"":7.0}",
      2048,         0,         0,   0.312,correlated_pymatching,57fd446569d71e703d4e3b3c933a7a27eb3df2fcc8d32850d9b309f58c427968,"{""d"":5.0,""p"":0.0001,""r"":5.0}",
       256,         0,         0,   0.210,correlated_pymatching,bebbad4e559ffded47cdbff4eb6ee9e01c7cf232957d5a8fcc53fa89adffd8c6,"{""d"":7.0,""p"":0.0001,""r"":7.0}",
       256,         0,         0,   0.229,correlated_pymatching,0ea130b53ccb2550443c16f0c92974b75297641bafbf982c2963fe27de0e8a7e,"{""d"":7.0,""p"":0.00021544346900318845,""r"":7.0}",
       256,         0,         0,   0.216,correlated_pymatching,0ea130b53ccb2550443c16f0c92974b75297641bafbf982c2963fe27de0e8a7e,"{""d"":7.0,""p"":0.00021544346900318845,""r"":7.0}",
       256,         0,         0,   0.211,correlated_pymatching,bebbad4e559ffded47cdbff4eb6ee9e01c7cf232957d5a8fcc53fa89adffd8c6,"{""d"":7.0,""p"":0.0001,""r"":7.0}",
       512,         0,         0,   0.225,correlated_pymatching,bebbad4e559ffded47cdbff4eb6ee9e01c7cf232957d5a8fcc53fa89adffd8c6,"{""d"":7.0,""p"":0.0001,""r"":7.0}",
       512,         0,         0,   0.221,correlated_pymatching,bebbad4e559ffded47cdbff4eb6ee9e01c7cf232957d5a8fcc53fa89adffd8c6,"{""d"":7.0,""p"":0.0001,""r"":7.0}",
       512,         0,         0,   0.233,correlated_pymatching,0ea130b53ccb2550443c16f0c92974b75297641bafbf982c2963fe27de0e8a7e,"{""d"":7.0,""p"":0.00021544346900318845,""r"":7.0}",
       512,         0,         0,   0.235,correlated_pymatching,0ea130b53ccb2550443c16f0c92974b75297641bafbf982c2963fe27de0e8a7e,"{""d"":7.0,""p"":0.00021544346900318845,""r"":7.0}",
      6144,         0,         0,    1.59,correlated_pymatching,0259a37d81f7967b4b8ec4bb9481c75f99e79b3fd57b573fa80be7c7461d317d,"{""d"":7.0,""p"":0.00046415888336127773,""r"":7.0}",
      5120,         1,         0,    1.66,correlated_pymatching,ca5082d95a5eb3b5338a9e234d06ab22da68da62ca4e690b2c55dcde2c6f8487,"{""d"":7.0,""p"":0.001,""r"":7.0}","{""obs_mistake_mask=E"":1}"
      5120,         0,         0,    1.71,correlated_pymatching,ca5082d95a5eb3b5338a9e234d06ab22da68da62ca4e690b2c55dcde2c6f8487,"{""d"":7.0,""p"":0.001,""r"":7.0}",
      6144,         0,         0,    1.60,correlated_pymatching,0259a37d81f7967b4b8ec4bb9481c75f99e79b3fd57b573fa80be7c7461d317d,"{""d"":7.0,""p"":0.00046415888336127773,""r"":7.0}",
         4,         0,         0,    1.43,correlated_pymatching,0ea130b53ccb2550443c16f0c92974b75297641bafbf982c2963fe27de0e8a7e,"{""d"":7.0,""p"":0.00021544346900318845,""r"":7.0}",
      3072,         0,         0,   0.503,correlated_pymatching,57fd446569d71e703d4e3b3c933a7a27eb3df2fcc8d32850d9b309f58c427968,"{""d"":5.0,""p"":0.0001,""r"":5.0}",
      1024,         0,         0,   0.300,correlated_pymatching,0ea130b53ccb2550443c16f0c92974b75297641bafbf982c2963fe27de0e8a7e,"{""d"":7.0,""p"":0.00021544346900318845,""r"":7.0}",
      1024,         0,         0,   0.316,correlated_pymatching,0ea130b53ccb2550443c16f0c92974b75297641bafbf982c2963fe27de0e8a7e,"{""d"":7.0,""p"":0.00021544346900318845,""r"":7.0}",
      2048,         0,         0,   0.473,correlated_pymatching,bebbad4e559ffded47cdbff4eb6ee9e01c7cf232957d5a8fcc53fa89adffd8c6,"{""d"":7.0,""p"":0.0001,""r"":7.0}",
      2048,         0,         0,   0.528,correlated_pymatching,bebbad4e559ffded47cdbff4eb6ee9e01c7cf232957d5a8fcc53fa89adffd8c6,"{""d"":7.0,""p"":0.0001,""r"":7.0}",
        66,         0,         0,    23.1,correlated_pymatching,bebbad4e559ffded47cdbff4eb6ee9e01c7cf232957d5a8fcc53fa89adffd8c6,"{""d"":7.0,""p"":0.0001,""r"":7.0}",
      2048,         0,         0,   0.498,correlated_pymatching,0ea130b53ccb2550443c16f0c92974b75297641bafbf982c2963fe27de0e8a7e,"{""d"":7.0,""p"":0.00021544346900318845,""r"":7.0}",
      2048,         0,         0,   0.484,correlated_pymatching,0ea130b53ccb2550443c16f0c92974b75297641bafbf982c2963fe27de0e8a7e,"{""d"":7.0,""p"":0.00021544346900318845,""r"":7.0}",
      4096,         0,         0,   0.608,correlated_pymatching,57fd446569d71e703d4e3b3c933a7a27eb3df2fcc8d32850d9b309f58c427968,"{""d"":5.0,""p"":0.0001,""r"":5.0}",
      2048,         0,         0,   0.464,correlated_pymatching,bebbad4e559ffded47cdbff4eb6ee9e01c7cf232957d5a8fcc53fa89adffd8c6,"{""d"":7.0,""p"":0.0001,""r"":7.0}",
      2048,         0,         0,   0.462,correlated_pymatching,bebbad4e559ffded47cdbff4eb6ee9e01c7cf232957d5a8fcc53fa89adffd8c6,"{""d"":7.0,""p"":0.0001,""r"":7.0}",
      3072,         0,         0,   0.732,correlated_pymatching,0ea130b53ccb2550443c16f0c92974b75297641bafbf982c2963fe27de0e8a7e,"{""d"":7.0,""p"":0.00021544346900318845,""r"":7.0}",
      3072,         0,         0,   0.739,correlated_pymatching,0ea130b53ccb2550443c16f0c92974b75297641bafbf982c2963fe27de0e8a7e,"{""d"":7.0,""p"":0.00021544346900318845,""r"":7.0}",
    149674,         0,         0,    13.7,correlated_pymatching,57fd446569d71e703d4e3b3c933a7a27eb3df2fcc8d32850d9b309f58c427968,"{""d"":5.0,""p"":0.0001,""r"":5.0}",
      3072,         0,         0,   0.696,correlated_pymatching,bebbad4e559ffded47cdbff4eb6ee9e01c7cf232957d5a8fcc53fa89adffd8c6,"{""d"":7.0,""p"":0.0001,""r"":7.0}",
    145408,         0,         0,    22.2,correlated_pymatching,57fd446569d71e703d4e3b3c933a7a27eb3df2fcc8d32850d9b309f58c427968,"{""d"":5.0,""p"":0.0001,""r"":5.0}",
      3072,         0,         0,   0.693,correlated_pymatching,bebbad4e559ffded47cdbff4eb6ee9e01c7cf232957d5a8fcc53fa89adffd8c6,"{""d"":7.0,""p"":0.0001,""r"":7.0}",
      6144,         0,         0,   0.926,correlated_pymatching,57fd446569d71e703d4e3b3c933a7a27eb3df2fcc8d32850d9b309f58c427968,"{""d"":5.0,""p"":0.0001,""r"":5.0}",
         5,         0,         0,    1.76,correlated_pymatching,0ea130b53ccb2550443c16f0c92974b75297641bafbf982c2963fe27de0e8a7e,"{""d"":7.0,""p"":0.00021544346900318845,""r"":7.0}",
    122111,         0,         0,    10.4,correlated_pymatching,57fd446569d71e703d4e3b3c933a7a27eb3df2fcc8d32850d9b309f58c427968,"{""d"":5.0,""p"":0.0001,""r"":5.0}",
     83968,         1,         0,    12.5,correlated_pymatching,57fd446569d71e703d4e3b3c933a7a27eb3df2fcc8d32850d9b309f58c427968,"{""d"":5.0,""p"":0.0001,""r"":5.0}","{""obs_mistake_mask=E"":1}"
      8192,         0,         0,    2.18,correlated_pymatching,0259a37d81f7967b4b8ec4bb9481c75f99e79b3fd57b573fa80be7c7461d317d,"{""d"":7.0,""p"":0.00046415888336127773,""r"":7.0}",
      8192,         0,         0,    2.18,correlated_pymatching,0259a37d81f7967b4b8ec4bb9481c75f99e79b3fd57b573fa80be7c7461d317d,"{""d"":7.0,""p"":0.00046415888336127773,""r"":7.0}",
      7168,         0,         0,    2.30,correlated_pymatching,ca5082d95a5eb3b5338a9e234d06ab22da68da62ca4e690b2c55dcde2c6f8487,"{""d"":7.0,""p"":0.001,""r"":7.0}",
      7168,         1,         0,    2.29,correlated_pymatching,ca5082d95a5eb3b5338a9e234d06ab22da68da62ca4e690b2c55dcde2c6f8487,"{""d"":7.0,""p"":0.001,""r"":7.0}","{""obs_mistake_mask=E"":1}"
      4096,         0,         0,   0.983,correlated_pymatching,0ea130b53ccb2550443c16f0c92974b75297641bafbf982c2963fe27de0e8a7e,"{""d"":7.0,""p"":0.00021544346900318845,""r"":7.0}",
      4096,         0,         0,   0.989,correlated_pymatching,0ea130b53ccb2550443c16f0c92974b75297641bafbf982c2963fe27de0e8a7e,"{""d"":7.0,""p"":0.00021544346900318845,""r"":7.0}",
      4096,         0,         0,   0.935,correlated_pymatching,bebbad4e559ffded47cdbff4eb6ee9e01c7cf232957d5a8fcc53fa89adffd8c6,"{""d"":7.0,""p"":0.0001,""r"":7.0}",
      4096,         0,         0,   0.939,correlated_pymatching,bebbad4e559ffded47cdbff4eb6ee9e01c7cf232957d5a8fcc53fa89adffd8c6,"{""d"":7.0,""p"":0.0001,""r"":7.0}",
       132,         0,         0,    23.2,correlated_pymatching,ca5082d95a5eb3b5338a9e234d06ab22da68da62ca4e690b2c55dcde2c6f8487,"{""d"":7.0,""p"":0.001,""r"":7.0}",
      8192,         0,         0,    1.22,correlated_pymatching,57fd446569d71e703d4e3b3c933a7a27eb3df2fcc8d32850d9b309f58c427968,"{""d"":5.0,""p"":0.0001,""r"":5.0}",
      5120,         0,         0,    1.21,correlated_pymatching,0ea130b53ccb2550443c16f0c92974b75297641bafbf982c2963fe27de0e8a7e,"{""d"":7.0,""p"":0.00021544346900318845,""r"":7.0}",
      5120,         0,         0,    1.22,correlated_pymatching,0ea130b53ccb2550443c16f0c92974b75297641bafbf982c2963fe27de0e8a7e,"{""d"":7.0,""p"":0.00021544346900318845,""r"":7.0}",
      5120,         0,         0,    1.20,correlated_pymatching,bebbad4e559ffded47cdbff4eb6ee9e01c7cf232957d5a8fcc53fa89adffd8c6,"{""d"":7.0,""p"":0.0001,""r"":7.0}",
      5120,         0,         0,    1.16,correlated_pymatching,bebbad4e559ffded47cdbff4eb6ee9e01c7cf232957d5a8fcc53fa89adffd8c6,"{""d"":7.0,""p"":0.0001,""r"":7.0}",
         7,         0,         0,    2.47,correlated_pymatching,0ea130b53ccb2550443c16f0c92974b75297641bafbf982c2963fe27de0e8a7e,"{""d"":7.0,""p"":0.00021544346900318845,""r"":7.0}",
     11264,         0,         0,    1.68,correlated_pymatching,57fd446569d71e703d4e3b3c933a7a27eb3df2fcc8d32850d9b309f58c427968,"{""d"":5.0,""p"":0.0001,""r"":5.0}",
     12288,         0,         0,    3.20,correlated_pymatching,0259a37d81f7967b4b8ec4bb9481c75f99e79b3fd57b573fa80be7c7461d317d,"{""d"":7.0,""p"":0.00046415888336127773,""r"":7.0}",
      7168,         0,         0,    1.63,correlated_pymatching,bebbad4e559ffded47cdbff4eb6ee9e01c7cf232957d5a8fcc53fa89adffd8c6,"{""d"":7.0,""p"":0.0001,""r"":7.0}",
      7168,         0,         0,    1.66,correlated_pymatching,bebbad4e559ffded47cdbff4eb6ee9e01c7cf232957d5a8fcc53fa89adffd8c6,"{""d"":7.0,""p"":0.0001,""r"":7.0}",
      7168,         0,         0,    1.70,correlated_pymatching,0ea130b53ccb2550443c16f0c92974b75297641bafbf982c2963fe27de0e8a7e,"{""d"":7.0,""p"":0.00021544346900318845,""r"":7.0}",
      7168,         0,         0,    1.71,correlated_pymatching,0ea130b53ccb2550443c16f0c92974b75297641bafbf982c2963fe27de0e8a7e,"{""d"":7.0,""p"":0.00021544346900318845,""r"":7.0}",
     12288,         0,         0,    3.26,correlated_pymatching,0259a37d81f7967b4b8ec4bb9481c75f99e79b3fd57b573fa80be7c7461d317d,"{""d"":7.0,""p"":0.00046415888336127773,""r"":7.0}",
     10240,         2,         0,    3.27,correlated_pymatching,ca5082d95a5eb3b5338a9e234d06ab22da68da62ca4e690b2c55dcde2c6f8487,"{""d"":7.0,""p"":0.001,""r"":7.0}","{""obs_mistake_mask=E"":2}"
     76501,         0,         0,    10.9,correlated_pymatching,57fd446569d71e703d4e3b3c933a7a27eb3df2fcc8d32850d9b309f58c427968,"{""d"":5.0,""p"":0.0001,""r"":5.0}",
     10240,         0,         0,    3.29,correlated_pymatching,ca5082d95a5eb3b5338a9e234d06ab22da68da62ca4e690b2c55dcde2c6f8487,"{""d"":7.0,""p"":0.001,""r"":7.0}",
     49152,         0,         0,    4.15,correlated_pymatching,57fd446569d71e703d4e3b3c933a7a27eb3df2fcc8d32850d9b309f58c427968,"{""d"":5.0,""p"":0.0001,""r"":5.0}",
     45610,         0,         0,    3.87,correlated_pymatching,57fd446569d71e703d4e3b3c933a7a27eb3df2fcc8d32850d9b309f58c427968,"{""d"":5.0,""p"":0.0001,""r"":5.0}",
     30720,         0,         0,    4.68,correlated_pymatching,57fd446569d71e703d4e3b3c933a7a27eb3df2fcc8d32850d9b309f58c427968,"{""d"":5.0,""p"":0.0001,""r"":5.0}",
     28672,         0,         0,    4.28,correlated_pymatching,57fd446569d71e703d4e3b3c933a7a27eb3df2fcc8d32850d9b309f58c427968,"{""d"":5.0,""p"":0.0001,""r"":5.0}",
     15360,         0,         0,    2.32,correlated_pymatching,57fd446569d71e703d4e3b3c933a7a27eb3df2fcc8d32850d9b309f58c427968,"{""d"":5.0,""p"":0.0001,""r"":5.0}",
    100352,         0,         0,    23.1,correlated_pymatching,bebbad4e559ffded47cdbff4eb6ee9e01c7cf232957d5a8fcc53fa89adffd8c6,"{""d"":7.0,""p"":0.0001,""r"":7.0}",
      7168,         0,         0,    1.07,correlated_pymatching,57fd446569d71e703d4e3b3c933a7a27eb3df2fcc8d32850d9b309f58c427968,"{""d"":5.0,""p"":0.0001,""r"":5.0}",
     18432,         0,         0,    1.55,correlated_pymatching,57fd446569d71e703d4e3b3c933a7a27eb3df2fcc8d32850d9b309f58c427968,"{""d"":5.0,""p"":0.0001,""r"":5.0}",
     21504,         0,         0,    1.80,correlated_pymatching,57fd446569d71e703d4e3b3c933a7a27eb3df2fcc8d32850d9b309f58c427968,"{""d"":5.0,""p"":0.0001,""r"":5.0}",
         9,         0,         0,    3.17,correlated_pymatching,0ea130b53ccb2550443c16f0c92974b75297641bafbf982c2963fe27de0e8a7e,"{""d"":7.0,""p"":0.00021544346900318845,""r"":7.0}",
      9216,         0,         0,    2.19,correlated_pymatching,0ea130b53ccb2550443c16f0c92974b75297641bafbf982c2963fe27de0e8a7e,"{""d"":7.0,""p"":0.00021544346900318845,""r"":7.0}",
      9216,         0,         0,    2.21,correlated_pymatching,0ea130b53ccb2550443c16f0c92974b75297641bafbf982c2963fe27de0e8a7e,"{""d"":7.0,""p"":0.00021544346900318845,""r"":7.0}",
     10240,         0,         0,    2.32,correlated_pymatching,bebbad4e559ffded47cdbff4eb6ee9e01c7cf232957d5a8fcc53fa89adffd8c6,"{""d"":7.0,""p"":0.0001,""r"":7.0}",
     10240,         0,         0,    2.33,correlated_pymatching,bebbad4e559ffded47cdbff4eb6ee9e01c7cf232957d5a8fcc53fa89adffd8c6,"{""d"":7.0,""p"":0.0001,""r"":7.0}",
      4096,         0,         0,   0.343,correlated_pymatching,57fd446569d71e703d4e3b3c933a7a27eb3df2fcc8d32850d9b309f58c427968,"{""d"":5.0,""p"":0.0001,""r"":5.0}",
       167,         0,         0,   0.073,correlated_pymatching,57fd446569d71e703d4e3b3c933a7a27eb3df2fcc8d32850d9b309f58c427968,"{""d"":5.0,""p"":0.0001,""r"":5.0}",
     16384,         0,         0,    2.34,correlated_pymatching,57fd446569d71e703d4e3b3c933a7a27eb3df2fcc8d32850d9b309f58c427968,"{""d"":5.0,""p"":0.0001,""r"":5.0}",
     11264,         0,         0,    1.70,correlated_pymatching,57fd446569d71e703d4e3b3c933a7a27eb3df2fcc8d32850d9b309f58c427968,"{""d"":5.0,""p"":0.0001,""r"":5.0}",
        28,         0,         0,   0.074,correlated_pymatching,57fd446569d71e703d4e3b3c933a7a27eb3df2fcc8d32850d9b309f58c427968,"{""d"":5.0,""p"":0.0001,""r"":5.0}",
       682,         0,         0,   0.133,correlated_pymatching,57fd446569d71e703d4e3b3c933a7a27eb3df2fcc8d32850d9b309f58c427968,"{""d"":5.0,""p"":0.0001,""r"":5.0}",
       512,         0,         0,   0.081,correlated_pymatching,57fd446569d71e703d4e3b3c933a7a27eb3df2fcc8d32850d9b309f58c427968,"{""d"":5.0,""p"":0.0001,""r"":5.0}",
      8192,         0,         0,    1.22,correlated_pymatching,57fd446569d71e703d4e3b3c933a7a27eb3df2fcc8d32850d9b309f58c427968,"{""d"":5.0,""p"":0.0001,""r"":5.0}",
      7168,         0,         0,   0.600,correlated_pymatching,57fd446569d71e703d4e3b3c933a7a27eb3df2fcc8d32850d9b309f58c427968,"{""d"":5.0,""p"":0.0001,""r"":5.0}",
     97280,         0,         0,    23.2,correlated_pymatching,0ea130b53ccb2550443c16f0c92974b75297641bafbf982c2963fe27de0e8a7e,"{""d"":7.0,""p"":0.00021544346900318845,""r"":7.0}",
      5120,         0,         0,   0.758,correlated_pymatching,57fd446569d71e703d4e3b3c933a7a27eb3df2fcc8d32850d9b309f58c427968,"{""d"":5.0,""p"":0.0001,""r"":5.0}",
       204,         0,         0,   0.083,correlated_pymatching,57fd446569d71e703d4e3b3c933a7a27eb3df2fcc8d32850d9b309f58c427968,"{""d"":5.0,""p"":0.0001,""r"":5.0}",
       402,         0,         0,   0.136,correlated_pymatching,57fd446569d71e703d4e3b3c933a7a27eb3df2fcc8d32850d9b309f58c427968,"{""d"":5.0,""p"":0.0001,""r"":5.0}",
      1536,         0,         0,   0.169,correlated_pymatching,57fd446569d71e703d4e3b3c933a7a27eb3df2fcc8d32850d9b309f58c427968,"{""d"":5.0,""p"":0.0001,""r"":5.0}",
       573,         0,         0,   0.082,correlated_pymatching,57fd446569d71e703d4e3b3c933a7a27eb3df2fcc8d32850d9b309f58c427968,"{""d"":5.0,""p"":0.0001,""r"":5.0}",
      2048,         0,         0,   0.309,correlated_pymatching,57fd446569d71e703d4e3b3c933a7a27eb3df2fcc8d32850d9b309f58c427968,"{""d"":5.0,""p"":0.0001,""r"":5.0}",
       280,         0,         0,   0.076,correlated_pymatching,57fd446569d71e703d4e3b3c933a7a27eb3df2fcc8d32850d9b309f58c427968,"{""d"":5.0,""p"":0.0001,""r"":5.0}",
      2048,         0,         0,   0.268,correlated_pymatching,57fd446569d71e703d4e3b3c933a7a27eb3df2fcc8d32850d9b309f58c427968,"{""d"":5.0,""p"":0.0001,""r"":5.0}",
       101,         0,         0,   0.131,correlated_pymatching,57fd446569d71e703d4e3b3c933a7a27eb3df2fcc8d32850d9b309f58c427968,"{""d"":5.0,""p"":0.0001,""r"":5.0}",
      1374,         0,         0,   0.285,correlated_pymatching,57fd446569d71e703d4e3b3c933a7a27eb3df2fcc8d32850d9b309f58c427968,"{""d"":5.0,""p"":0.0001,""r"":5.0}",
       280,         0,         0,   0.083,correlated_pymatching,57fd446569d71e703d4e3b3c933a7a27eb3df2fcc8d32850d9b309f58c427968,"{""d"":5.0,""p"":0.0001,""r"":5.0}",
         1,         0,         0,   0.219,correlated_pymatching,0259a37d81f7967b4b8ec4bb9481c75f99e79b3fd57b573fa80be7c7461d317d,"{""d"":7.0,""p"":0.00046415888336127773,""r"":7.0}",
         1,         0,         0,   0.230,correlated_pymatching,ca5082d95a5eb3b5338a9e234d06ab22da68da62ca4e690b2c55dcde2c6f8487,"{""d"":7.0,""p"":0.001,""r"":7.0}",
         2,         0,         0,   0.215,correlated_pymatching,0259a37d81f7967b4b8ec4bb9481c75f99e79b3fd57b573fa80be7c7461d317d,"{""d"":7.0,""p"":0.00046415888336127773,""r"":7.0}",
         2,         0,         0,   0.212,correlated_pymatching,ca5082d95a5eb3b5338a9e234d06ab22da68da62ca4e690b2c55dcde2c6f8487,"{""d"":7.0,""p"":0.001,""r"":7.0}",
         1,         0,         0,   0.345,correlated_pymatching,0ea130b53ccb2550443c16f0c92974b75297641bafbf982c2963fe27de0e8a7e,"{""d"":7.0,""p"":0.00021544346900318845,""r"":7.0}",
         1,         0,         0,   0.354,correlated_pymatching,bebbad4e559ffded47cdbff4eb6ee9e01c7cf232957d5a8fcc53fa89adffd8c6,"{""d"":7.0,""p"":0.0001,""r"":7.0}",
         1,         0,         0,   0.377,correlated_pymatching,0259a37d81f7967b4b8ec4bb9481c75f99e79b3fd57b573fa80be7c7461d317d,"{""d"":7.0,""p"":0.00046415888336127773,""r"":7.0}",
         1,         0,         0,   0.385,correlated_pymatching,ca5082d95a5eb3b5338a9e234d06ab22da68da62ca4e690b2c55dcde2c6f8487,"{""d"":7.0,""p"":0.001,""r"":7.0}",
         4,         0,         0,   0.204,correlated_pymatching,0259a37d81f7967b4b8ec4bb9481c75f99e79b3fd57b573fa80be7c7461d317d,"{""d"":7.0,""p"":0.00046415888336127773,""r"":7.0}",
         4,         0,         0,   0.208,correlated_pymatching,ca5082d95a5eb3b5338a9e234d06ab22da68da62ca4e690b2c55dcde2c6f8487,"{""d"":7.0,""p"":0.001,""r"":7.0}",
     16384,         0,         0,    4.28,correlated_pymatching,0259a37d81f7967b4b8ec4bb9481c75f99e79b3fd57b573fa80be7c7461d317d,"{""d"":7.0,""p"":0.00046415888336127773,""r"":7.0}",
         8,         0,         0,   0.216,correlated_pymatching,0259a37d81f7967b4b8ec4bb9481c75f99e79b3fd57b573fa80be7c7461d317d,"{""d"":7.0,""p"":0.00046415888336127773,""r"":7.0}",
         1,         0,         0,   0.348,correlated_pymatching,0ea130b53ccb2550443c16f0c92974b75297641bafbf982c2963fe27de0e8a7e,"{""d"":7.0,""p"":0.00021544346900318845,""r"":7.0}",
         8,         0,         0,   0.216,correlated_pymatching,ca5082d95a5eb3b5338a9e234d06ab22da68da62ca4e690b2c55dcde2c6f8487,"{""d"":7.0,""p"":0.001,""r"":7.0}",
         1,         0,         0,   0.359,correlated_pymatching,bebbad4e559ffded47cdbff4eb6ee9e01c7cf232957d5a8fcc53fa89adffd8c6,"{""d"":7.0,""p"":0.0001,""r"":7.0}",
         1,         0,         0,   0.356,correlated_pymatching,0259a37d81f7967b4b8ec4bb9481c75f99e79b3fd57b573fa80be7c7461d317d,"{""d"":7.0,""p"":0.00046415888336127773,""r"":7.0}",
         1,         0,         0,   0.360,correlated_pymatching,ca5082d95a5eb3b5338a9e234d06ab22da68da62ca4e690b2c55dcde2c6f8487,"{""d"":7.0,""p"":0.001,""r"":7.0}",
        16,         0,         0,   0.211,correlated_pymatching,0259a37d81f7967b4b8ec4bb9481c75f99e79b3fd57b573fa80be7c7461d317d,"{""d"":7.0,""p"":0.00046415888336127773,""r"":7.0}",
     16384,         0,         0,    4.37,correlated_pymatching,0259a37d81f7967b4b8ec4bb9481c75f99e79b3fd57b573fa80be7c7461d317d,"{""d"":7.0,""p"":0.00046415888336127773,""r"":7.0}",
        16,         0,         0,   0.212,correlated_pymatching,ca5082d95a5eb3b5338a9e234d06ab22da68da62ca4e690b2c55dcde2c6f8487,"{""d"":7.0,""p"":0.001,""r"":7.0}",
         1,         0,         0,   0.348,correlated_pymatching,0ea130b53ccb2550443c16f0c92974b75297641bafbf982c2963fe27de0e8a7e,"{""d"":7.0,""p"":0.00021544346900318845,""r"":7.0}",
         1,         0,         0,   0.348,correlated_pymatching,bebbad4e559ffded47cdbff4eb6ee9e01c7cf232957d5a8fcc53fa89adffd8c6,"{""d"":7.0,""p"":0.0001,""r"":7.0}",
         1,         0,         0,   0.352,correlated_pymatching,0259a37d81f7967b4b8ec4bb9481c75f99e79b3fd57b573fa80be7c7461d317d,"{""d"":7.0,""p"":0.00046415888336127773,""r"":7.0}",
         1,         0,         0,   0.356,correlated_pymatching,ca5082d95a5eb3b5338a9e234d06ab22da68da62ca4e690b2c55dcde2c6f8487,"{""d"":7.0,""p"":0.001,""r"":7.0}",
        32,         0,         0,   0.216,correlated_pymatching,0259a37d81f7967b4b8ec4bb9481c75f99e79b3fd57b573fa80be7c7461d317d,"{""d"":7.0,""p"":0.00046415888336127773,""r"":7.0}",
        32,         0,         0,   0.216,correlated_pymatching,ca5082d95a5eb3b5338a9e234d06ab22da68da62ca4e690b2c55dcde2c6f8487,"{""d"":7.0,""p"":0.001,""r"":7.0}",
     14336,         0,         0,    4.56,correlated_pymatching,ca5082d95a5eb3b5338a9e234d06ab22da68da62ca4e690b2c55dcde2c6f8487,"{""d"":7.0,""p"":0.001,""r"":7.0}",
     14336,         0,         0,    4.59,correlated_pymatching,ca5082d95a5eb3b5338a9e234d06ab22da68da62ca4e690b2c55dcde2c6f8487,"{""d"":7.0,""p"":0.001,""r"":7.0}",
        64,         0,         0,   0.221,correlated_pymatching,0259a37d81f7967b4b8ec4bb9481c75f99e79b3fd57b573fa80be7c7461d317d,"{""d"":7.0,""p"":0.00046415888336127773,""r"":7.0}",
        64,         0,         0,   0.215,correlated_pymatching,ca5082d95a5eb3b5338a9e234d06ab22da68da62ca4e690b2c55dcde2c6f8487,"{""d"":7.0,""p"":0.001,""r"":7.0}",
         1,         0,         0,   0.336,correlated_pymatching,0ea130b53ccb2550443c16f0c92974b75297641bafbf982c2963fe27de0e8a7e,"{""d"":7.0,""p"":0.00021544346900318845,""r"":7.0}",
         1,         0,         0,   0.356,correlated_pymatching,bebbad4e559ffded47cdbff4eb6ee9e01c7cf232957d5a8fcc53fa89adffd8c6,"{""d"":7.0,""p"":0.0001,""r"":7.0}",
         1,         0,         0,   0.348,correlated_pymatching,0259a37d81f7967b4b8ec4bb9481c75f99e79b3fd57b573fa80be7c7461d317d,"{""d"":7.0,""p"":0.00046415888336127773,""r"":7.0}",
         1,         0,         0,   0.360,correlated_pymatching,ca5082d95a5eb3b5338a9e234d06ab22da68da62ca4e690b2c55dcde2c6f8487,"{""d"":7.0,""p"":0.001,""r"":7.0}",
       128,         0,         0,   0.210,correlated_pymatching,0259a37d81f7967b4b8ec4bb9481c75f99e79b3fd57b573fa80be7c7461d317d,"{""d"":7.0,""p"":0.00046415888336127773,""r"":7.0}",
       128,         0,         0,   0.233,correlated_pymatching,ca5082d95a5eb3b5338a9e234d06ab22da68da62ca4e690b2c55dcde2c6f8487,"{""d"":7.0,""p"":0.001,""r"":7.0}",
        66,         0,         0,    23.2,correlated_pymatching,0259a37d81f7967b4b8ec4bb9481c75f99e79b3fd57b573fa80be7c7461d317d,"{""d"":7.0,""p"":0.00046415888336127773,""r"":7.0}",
         1,         0,         0,   0.348,correlated_pymatching,0ea130b53ccb2550443c16f0c92974b75297641bafbf982c2963fe27de0e8a7e,"{""d"":7.0,""p"":0.00021544346900318845,""r"":7.0}",
         1,         0,         0,   0.352,correlated_pymatching,bebbad4e559ffded47cdbff4eb6ee9e01c7cf232957d5a8fcc53fa89adffd8c6,"{""d"":7.0,""p"":0.0001,""r"":7.0}",
        66,         0,         0,    23.1,correlated_pymatching,ca5082d95a5eb3b5338a9e234d06ab22da68da62ca4e690b2c55dcde2c6f8487,"{""d"":7.0,""p"":0.001,""r"":7.0}",
       256,         0,         0,   0.233,correlated_pymatching,0259a37d81f7967b4b8ec4bb9481c75f99e79b3fd57b573fa80be7c7461d317d,"{""d"":7.0,""p"":0.00046415888336127773,""r"":7.0}",
     13312,         0,         0,    3.18,correlated_pymatching,0ea130b53ccb2550443c16f0c92974b75297641bafbf982c2963fe27de0e8a7e,"{""d"":7.0,""p"":0.00021544346900318845,""r"":7.0}",
     13312,         0,         0,    3.05,correlated_pymatching,bebbad4e559ffded47cdbff4eb6ee9e01c7cf232957d5a8fcc53fa89adffd8c6,"{""d"":7.0,""p"":0.0001,""r"":7.0}",
         1,         0,         0,   0.360,correlated_pymatching,0259a37d81f7967b4b8ec4bb9481c75f99e79b3fd57b573fa80be7c7461d317d,"{""d"":7.0,""p"":0.00046415888336127773,""r"":7.0}",
       256,         0,         0,   0.235,correlated_pymatching,ca5082d95a5eb3b5338a9e234d06ab22da68da62ca4e690b2c55dcde2c6f8487,"{""d"":7.0,""p"":0.001,""r"":7.0}",
         1,         0,         0,   0.360,correlated_pymatching,ca5082d95a5eb3b5338a9e234d06ab22da68da62ca4e690b2c55dcde2c6f8487,"{""d"":7.0,""p"":0.001,""r"":7.0}",
     13312,         0,         0,    3.21,correlated_pymatching,0ea130b53ccb2550443c16f0c92974b75297641bafbf982c2963fe27de0e8a7e,"{""d"":7.0,""p"":0.00021544346900318845,""r"":7.0}",
     14336,         0,         0,    3.26,correlated_pymatching,bebbad4e559ffded47cdbff4eb6ee9e01c7cf232957d5a8fcc53fa89adffd8c6,"{""d"":7.0,""p"":0.0001,""r"":7.0}",
       512,         0,         0,   0.240,correlated_pymatching,0259a37d81f7967b4b8ec4bb9481c75f99e79b3fd57b573fa80be7c7461d317d,"{""d"":7.0,""p"":0.00046415888336127773,""r"":7.0}",
         1,         0,         0,   0.335,correlated_pymatching,0ea130b53ccb2550443c16f0c92974b75297641bafbf982c2963fe27de0e8a7e,"{""d"":7.0,""p"":0.00021544346900318845,""r"":7.0}",
       512,         0,         0,   0.280,correlated_pymatching,ca5082d95a5eb3b5338a9e234d06ab22da68da62ca4e690b2c55dcde2c6f8487,"{""d"":7.0,""p"":0.001,""r"":7.0}",
         1,         0,         0,   0.348,correlated_pymatching,bebbad4e559ffded47cdbff4eb6ee9e01c7cf232957d5a8fcc53fa89adffd8c6,"{""d"":7.0,""p"":0.0001,""r"":7.0}",
         1,         0,         0,   0.348,correlated_pymatching,0259a37d81f7967b4b8ec4bb9481c75f99e79b3fd57b573fa80be7c7461d317d,"{""d"":7.0,""p"":0.00046415888336127773,""r"":7.0}",
         1,         0,         0,   0.356,correlated_pymatching,ca5082d95a5eb3b5338a9e234d06ab22da68da62ca4e690b2c55dcde2c6f8487,"{""d"":7.0,""p"":0.001,""r"":7.0}",
         1,         0,         0,   0.349,correlated_pymatching,0ea130b53ccb2550443c16f0c92974b75297641bafbf982c2963fe27de0e8a7e,"{""d"":7.0,""p"":0.00021544346900318845,""r"":7.0}",
      1024,         0,         0,   0.324,correlated_pymatching,ca5082d95a5eb3b5338a9e234d06ab22da68da62ca4e690b2c55dcde2c6f8487,"{""d"":7.0,""p"":0.001,""r"":7.0}",
         1,         0,         0,   0.348,correlated_pymatching,bebbad4e559ffded47cdbff4eb6ee9e01c7cf232957d5a8fcc53fa89adffd8c6,"{""d"":7.0,""p"":0.0001,""r"":7.0}",
         1,         0,         0,   0.360,correlated_pymatching,0259a37d81f7967b4b8ec4bb9481c75f99e79b3fd57b573fa80be7c7461d317d,"{""d"":7.0,""p"":0.00046415888336127773,""r"":7.0}",
         1,         0,         0,   0.364,correlated_pymatching,ca5082d95a5eb3b5338a9e234d06ab22da68da62ca4e690b2c55dcde2c6f8487,"{""d"":7.0,""p"":0.001,""r"":7.0}",
      2048,         0,         0,   0.548,correlated_pymatching,0259a37d81f7967b4b8ec4bb9481c75f99e79b3fd57b573fa80be7c7461d317d,"{""d"":7.0,""p"":0.00046415888336127773,""r"":7.0}",
         1,         0,         0,   0.336,correlated_pymatching,0ea130b53ccb2550443c16f0c92974b75297641bafbf982c2963fe27de0e8a7e,"{""d"":7.0,""p"":0.00021544346900318845,""r"":7.0}",
         1,         0,         0,   0.360,correlated_pymatching,bebbad4e559ffded47cdbff4eb6ee9e01c7cf232957d5a8fcc53fa89adffd8c6,"{""d"":7.0,""p"":0.0001,""r"":7.0}",
         1,         0,         0,   0.360,correlated_pymatching,0259a37d81f7967b4b8ec4bb9481c75f99e79b3fd57b573fa80be7c7461d317d,"{""d"":7.0,""p"":0.00046415888336127773,""r"":7.0}",
         1,         0,         0,   0.348,correlated_pymatching,ca5082d95a5eb3b5338a9e234d06ab22da68da62ca4e690b2c55dcde2c6f8487,"{""d"":7.0,""p"":0.001,""r"":7.0}",
      2048,         0,         0,   0.648,correlated_pymatching,ca5082d95a5eb3b5338a9e234d06ab22da68da62ca4e690b2c55dcde2c6f8487,"{""d"":7.0,""p"":0.001,""r"":7.0}",
         1,         0,         0,   0.337,correlated_pymatching,0ea130b53ccb2550443c16f0c92974b75297641bafbf982c2963fe27de0e8a7e,"{""d"":7.0,""p"":0.00021544346900318845,""r"":7.0}",
      2048,         0,         0,   0.544,correlated_pymatching,0259a37d81f7967b4b8ec4bb9481c75f99e79b3fd57b573fa80be7c7461d317d,"{""d"":7.0,""p"":0.00046415888336127773,""r"":7.0}",
        13,         0,         0,    4.58,correlated_pymatching,0ea130b53ccb2550443c16f0c92974b75297641bafbf982c2963fe27de0e8a7e,"{""d"":7.0,""p"":0.00021544346900318845,""r"":7.0}",
         1,         0,         0,   0.369,correlated_pymatching,bebbad4e559ffded47cdbff4eb6ee9e01c7cf232957d5a8fcc53fa89adffd8c6,"{""d"":7.0,""p"":0.0001,""r"":7.0}",
         1,         0,         0,   0.356,correlated_pymatching,0259a37d81f7967b4b8ec4bb9481c75f99e79b3fd57b573fa80be7c7461d317d,"{""d"":7.0,""p"":0.00046415888336127773,""r"":7.0}",
         1,         0,         0,   0.360,correlated_pymatching,ca5082d95a5eb3b5338a9e234d06ab22da68da62ca4e690b2c55dcde2c6f8487,"{""d"":7.0,""p"":0.001,""r"":7.0}",
         1,         0,         0,   0.343,correlated_pymatching,0ea130b53ccb2550443c16f0c92974b75297641bafbf982c2963fe27de0e8a7e,"{""d"":7.0,""p"":0.00021544346900318845,""r"":7.0}",
         1,         0,         0,   0.346,correlated_pymatching,bebbad4e559ffded47cdbff4eb6ee9e01c7cf232957d5a8fcc53fa89adffd8c6,"{""d"":7.0,""p"":0.0001,""r"":7.0}",
         1,         0,         0,   0.352,correlated_pymatching,0259a37d81f7967b4b8ec4bb9481c75f99e79b3fd57b573fa80be7c7461d317d,"{""d"":7.0,""p"":0.00046415888336127773,""r"":7.0}",
         1,         0,         0,   0.360,correlated_pymatching,ca5082d95a5eb3b5338a9e234d06ab22da68da62ca4e690b2c55dcde2c6f8487,"{""d"":7.0,""p"":0.001,""r"":7.0}",
      2048,         0,         0,   0.656,correlated_pymatching,ca5082d95a5eb3b5338a9e234d06ab22da68da62ca4e690b2c55dcde2c6f8487,"{""d"":7.0,""p"":0.001,""r"":7.0}",
         1,         0,         0,   0.336,correlated_pymatching,0ea130b53ccb2550443c16f0c92974b75297641bafbf982c2963fe27de0e8a7e,"{""d"":7.0,""p"":0.00021544346900318845,""r"":7.0}",
         1,         0,         0,   0.360,correlated_pymatching,bebbad4e559ffded47cdbff4eb6ee9e01c7cf232957d5a8fcc53fa89adffd8c6,"{""d"":7.0,""p"":0.0001,""r"":7.0}",
         1,         0,         0,   0.356,correlated_pymatching,0259a37d81f7967b4b8ec4bb9481c75f99e79b3fd57b573fa80be7c7461d317d,"{""d"":7.0,""p"":0.00046415888336127773,""r"":7.0}",
      3072,         0,         0,   0.823,correlated_pymatching,0259a37d81f7967b4b8ec4bb9481c75f99e79b3fd57b573fa80be7c7461d317d,"{""d"":7.0,""p"":0.00046415888336127773,""r"":7.0}",
         1,         0,         0,   0.360,correlated_pymatching,ca5082d95a5eb3b5338a9e234d06ab22da68da62ca4e690b2c55dcde2c6f8487,"{""d"":7.0,""p"":0.001,""r"":7.0}",
         2,         0,         0,   0.691,correlated_pymatching,0ea130b53ccb2550443c16f0c92974b75297641bafbf982c2963fe27de0e8a7e,"{""d"":7.0,""p"":0.00021544346900318845,""r"":7.0}",
         2,         0,         0,   0.700,correlated_pymatching,bebbad4e559ffded47cdbff4eb6ee9e01c7cf232957d5a8fcc53fa89adffd8c6,"{""d"":7.0,""p"":0.0001,""r"":7.0}",
         2,         0,         0,   0.712,correlated_pymatching,0259a37d81f7967b4b8ec4bb9481c75f99e79b3fd57b573fa80be7c7461d317d,"{""d"":7.0,""p"":0.00046415888336127773,""r"":7.0}",
         2,         0,         0,   0.715,correlated_pymatching,ca5082d95a5eb3b5338a9e234d06ab22da68da62ca4e690b2c55dcde2c6f8487,"{""d"":7.0,""p"":0.001,""r"":7.0}",
      3072,         0,         0,   0.976,correlated_pymatching,ca5082d95a5eb3b5338a9e234d06ab22da68da62ca4e690b2c55dcde2c6f8487,"{""d"":7.0,""p"":0.001,""r"":7.0}",
      3072,         0,         0,   0.800,correlated_pymatching,0259a37d81f7967b4b8ec4bb9481c75f99e79b3fd57b573fa80be7c7461d317d,"{""d"":7.0,""p"":0.00046415888336127773,""r"":7.0}",
         2,         0,         0,   0.680,correlated_pymatching,0ea130b53ccb2550443c16f0c92974b75297641bafbf982c2963fe27de0e8a7e,"{""d"":7.0,""p"":0.00021544346900318845,""r"":7.0}",
         2,         0,         0,   0.716,correlated_pymatching,bebbad4e559ffded47cdbff4eb6ee9e01c7cf232957d5a8fcc53fa89adffd8c6,"{""d"":7.0,""p"":0.0001,""r"":7.0}",
         2,         0,         0,   0.708,correlated_pymatching,0259a37d81f7967b4b8ec4bb9481c75f99e79b3fd57b573fa80be7c7461d317d,"{""d"":7.0,""p"":0.00046415888336127773,""r"":7.0}",
         2,         0,         0,   0.712,correlated_pymatching,ca5082d95a5eb3b5338a9e234d06ab22da68da62ca4e690b2c55dcde2c6f8487,"{""d"":7.0,""p"":0.001,""r"":7.0}",
      4096,         1,         0,    1.34,correlated_pymatching,ca5082d95a5eb3b5338a9e234d06ab22da68da62ca4e690b2c55dcde2c6f8487,"{""d"":7.0,""p"":0.001,""r"":7.0}","{""obs_mistake_mask=E"":1}"
         2,         0,         0,   0.804,correlated_pymatching,bebbad4e559ffded47cdbff4eb6ee9e01c7cf232957d5a8fcc53fa89adffd8c6,"{""d"":7.0,""p"":0.0001,""r"":7.0}",
         3,         0,         0,    1.02,correlated_pymatching,0ea130b53ccb2550443c16f0c92974b75297641bafbf982c2963fe27de0e8a7e,"{""d"":7.0,""p"":0.00021544346900318845,""r"":7.0}",
         2,         0,         0,   0.815,correlated_pymatching,0259a37d81f7967b4b8ec4bb9481c75f99e79b3fd57b573fa80be7c7461d317d,"{""d"":7.0,""p"":0.00046415888336127773,""r"":7.0}",
     17408,         0,         0,    4.30,correlated_pymatching,0ea130b53ccb2550443c16f0c92974b75297641bafbf982c2963fe27de0e8a7e,"{""d"":7.0,""p"":0.00021544346900318845,""r"":7.0}",
      5120,         0,         0,    1.43,correlated_pymatching,0259a37d81f7967b4b8ec4bb9481c75f99e79b3fd57b573fa80be7c7461d317d,"{""d"":7.0,""p"":0.00046415888336127773,""r"":7.0}",
     19456,         0,         0,    4.44,correlated_pymatching,bebbad4e559ffded47cdbff4eb6ee9e01c7cf232957d5a8fcc53fa89adffd8c6,"{""d"":7.0,""p"":0.0001,""r"":7.0}",
     18432,         0,         0,    4.47,correlated_pymatching,0ea130b53ccb2550443c16f0c92974b75297641bafbf982c2963fe27de0e8a7e,"{""d"":7.0,""p"":0.00021544346900318845,""r"":7.0}",
     19456,         0,         0,    4.44,correlated_pymatching,bebbad4e559ffded47cdbff4eb6ee9e01c7cf232957d5a8fcc53fa89adffd8c6,"{""d"":7.0,""p"":0.0001,""r"":7.0}",
         3,         0,         0,    1.14,correlated_pymatching,ca5082d95a5eb3b5338a9e234d06ab22da68da62ca4e690b2c55dcde2c6f8487,"{""d"":7.0,""p"":0.001,""r"":7.0}",
     22528,         0,         0,    6.05,correlated_pymatching,0259a37d81f7967b4b8ec4bb9481c75f99e79b3fd57b573fa80be7c7461d317d,"{""d"":7.0,""p"":0.00046415888336127773,""r"":7.0}",
     22528,         0,         0,    6.06,correlated_pymatching,0259a37d81f7967b4b8ec4bb9481c75f99e79b3fd57b573fa80be7c7461d317d,"{""d"":7.0,""p"":0.00046415888336127773,""r"":7.0}",
     19456,         5,         0,    6.21,correlated_pymatching,ca5082d95a5eb3b5338a9e234d06ab22da68da62ca4e690b2c55dcde2c6f8487,"{""d"":7.0,""p"":0.001,""r"":7.0}","{""obs_mistake_mask=E"":5}"
     19456,         1,         0,    6.23,correlated_pymatching,ca5082d95a5eb3b5338a9e234d06ab22da68da62ca4e690b2c55dcde2c6f8487,"{""d"":7.0,""p"":0.001,""r"":7.0}","{""obs_mistake_mask=E"":1}"
         6,         0,         0,    1.33,correlated_pymatching,0259a37d81f7967b4b8ec4bb9481c75f99e79b3fd57b573fa80be7c7461d317d,"{""d"":7.0,""p"":0.00046415888336127773,""r"":7.0}",
         4,         0,         0,    1.38,correlated_pymatching,0ea130b53ccb2550443c16f0c92974b75297641bafbf982c2963fe27de0e8a7e,"{""d"":7.0,""p"":0.00021544346900318845,""r"":7.0}",
         4,         0,         0,    1.41,correlated_pymatching,bebbad4e559ffded47cdbff4eb6ee9e01c7cf232957d5a8fcc53fa89adffd8c6,"{""d"":7.0,""p"":0.0001,""r"":7.0}",
     99328,         0,         0,    23.0,correlated_pymatching,bebbad4e559ffded47cdbff4eb6ee9e01c7cf232957d5a8fcc53fa89adffd8c6,"{""d"":7.0,""p"":0.0001,""r"":7.0}",
      5120,         2,         0,    1.68,correlated_pymatching,ca5082d95a5eb3b5338a9e234d06ab22da68da62ca4e690b2c55dcde2c6f8487,"{""d"":7.0,""p"":0.001,""r"":7.0}","{""obs_mistake_mask=E"":2}"
      6144,         0,         0,    1.61,correlated_pymatching,0259a37d81f7967b4b8ec4bb9481c75f99e79b3fd57b573fa80be7c7461d317d,"{""d"":7.0,""p"":0.00046415888336127773,""r"":7.0}",
         4,         0,         0,    1.43,correlated_pymatching,ca5082d95a5eb3b5338a9e234d06ab22da68da62ca4e690b2c55dcde2c6f8487,"{""d"":7.0,""p"":0.001,""r"":7.0}",
         5,         0,         0,    1.72,correlated_pymatching,0ea130b53ccb2550443c16f0c92974b75297641bafbf982c2963fe27de0e8a7e,"{""d"":7.0,""p"":0.00021544346900318845,""r"":7.0}",
         5,         0,         0,    1.77,correlated_pymatching,bebbad4e559ffded47cdbff4eb6ee9e01c7cf232957d5a8fcc53fa89adffd8c6,"{""d"":7.0,""p"":0.0001,""r"":7.0}",
        10,         0,         0,    1.84,correlated_pymatching,0259a37d81f7967b4b8ec4bb9481c75f99e79b3fd57b573fa80be7c7461d317d,"{""d"":7.0,""p"":0.00046415888336127773,""r"":7.0}",
        27,         0,         0,    6.28,correlated_pymatching,0ea130b53ccb2550443c16f0c92974b75297641bafbf982c2963fe27de0e8a7e,"{""d"":7.0,""p"":0.00021544346900318845,""r"":7.0}",
         5,         0,         0,    1.80,correlated_pymatching,ca5082d95a5eb3b5338a9e234d06ab22da68da62ca4e690b2c55dcde2c6f8487,"{""d"":7.0,""p"":0.001,""r"":7.0}",
      7168,         0,         0,    2.28,correlated_pymatching,ca5082d95a5eb3b5338a9e234d06ab22da68da62ca4e690b2c55dcde2c6f8487,"{""d"":7.0,""p"":0.001,""r"":7.0}",
      9216,         0,         0,    2.42,correlated_pymatching,0259a37d81f7967b4b8ec4bb9481c75f99e79b3fd57b573fa80be7c7461d317d,"{""d"":7.0,""p"":0.00046415888336127773,""r"":7.0}",
         7,         0,         0,    2.40,correlated_pymatching,0ea130b53ccb2550443c16f0c92974b75297641bafbf982c2963fe27de0e8a7e,"{""d"":7.0,""p"":0.00021544346900318845,""r"":7.0}",
         7,         0,         0,    2.46,correlated_pymatching,bebbad4e559ffded47cdbff4eb6ee9e01c7cf232957d5a8fcc53fa89adffd8c6,"{""d"":7.0,""p"":0.0001,""r"":7.0}",
        14,         0,         0,    2.49,correlated_pymatching,0259a37d81f7967b4b8ec4bb9481c75f99e79b3fd57b573fa80be7c7461d317d,"{""d"":7.0,""p"":0.00046415888336127773,""r"":7.0}",
         7,         0,         0,    2.50,correlated_pymatching,ca5082d95a5eb3b5338a9e234d06ab22da68da62ca4e690b2c55dcde2c6f8487,"{""d"":7.0,""p"":0.001,""r"":7.0}",
     25600,         0,         0,    6.14,correlated_pymatching,0ea130b53ccb2550443c16f0c92974b75297641bafbf982c2963fe27de0e8a7e,"{""d"":7.0,""p"":0.00021544346900318845,""r"":7.0}",
     26624,         0,         0,    6.10,correlated_pymatching,bebbad4e559ffded47cdbff4eb6ee9e01c7cf232957d5a8fcc53fa89adffd8c6,"{""d"":7.0,""p"":0.0001,""r"":7.0}",
     25600,         0,         0,    6.09,correlated_pymatching,0ea130b53ccb2550443c16f0c92974b75297641bafbf982c2963fe27de0e8a7e,"{""d"":7.0,""p"":0.00021544346900318845,""r"":7.0}",
     26624,         0,         0,    6.08,correlated_pymatching,bebbad4e559ffded47cdbff4eb6ee9e01c7cf232957d5a8fcc53fa89adffd8c6,"{""d"":7.0,""p"":0.0001,""r"":7.0}",
     10240,         0,         0,    3.29,correlated_pymatching,ca5082d95a5eb3b5338a9e234d06ab22da68da62ca4e690b2c55dcde2c6f8487,"{""d"":7.0,""p"":0.001,""r"":7.0}",
     12288,         0,         0,    3.21,correlated_pymatching,0259a37d81f7967b4b8ec4bb9481c75f99e79b3fd57b573fa80be7c7461d317d,"{""d"":7.0,""p"":0.00046415888336127773,""r"":7.0}",
    140288,         0,         0,    32.2,correlated_pymatching,bebbad4e559ffded47cdbff4eb6ee9e01c7cf232957d5a8fcc53fa89adffd8c6,"{""d"":7.0,""p"":0.0001,""r"":7.0}",
    133120,         0,         0,    32.3,correlated_pymatching,0ea130b53ccb2550443c16f0c92974b75297641bafbf982c2963fe27de0e8a7e,"{""d"":7.0,""p"":0.00021544346900318845,""r"":7.0}",
         9,         0,         0,    3.09,correlated_pymatching,0ea130b53ccb2550443c16f0c92974b75297641bafbf982c2963fe27de0e8a7e,"{""d"":7.0,""p"":0.00021544346900318845,""r"":7.0}",
         9,         0,         0,    3.18,correlated_pymatching,bebbad4e559ffded47cdbff4eb6ee9e01c7cf232957d5a8fcc53fa89adffd8c6,"{""d"":7.0,""p"":0.0001,""r"":7.0}",
        18,         0,         0,    3.19,correlated_pymatching,0259a37d81f7967b4b8ec4bb9481c75f99e79b3fd57b573fa80be7c7461d317d,"{""d"":7.0,""p"":0.00046415888336127773,""r"":7.0}",
     32768,         0,         0,    8.56,correlated_pymatching,0259a37d81f7967b4b8ec4bb9481c75f99e79b3fd57b573fa80be7c7461d317d,"{""d"":7.0,""p"":0.00046415888336127773,""r"":7.0}",
    133120,         0,         0,    32.3,correlated_pymatching,0ea130b53ccb2550443c16f0c92974b75297641bafbf982c2963fe27de0e8a7e,"{""d"":7.0,""p"":0.00021544346900318845,""r"":7.0}",
     31744,         1,         0,    8.44,correlated_pymatching,0259a37d81f7967b4b8ec4bb9481c75f99e79b3fd57b573fa80be7c7461d317d,"{""d"":7.0,""p"":0.00046415888336127773,""r"":7.0}","{""obs_mistake_mask=E"":1}"
         9,         0,         0,    3.19,correlated_pymatching,ca5082d95a5eb3b5338a9e234d06ab22da68da62ca4e690b2c55dcde2c6f8487,"{""d"":7.0,""p"":0.001,""r"":7.0}",
      2912,         1,         0,    32.2,correlated_pymatching,ca5082d95a5eb3b5338a9e234d06ab22da68da62ca4e690b2c55dcde2c6f8487,"{""d"":7.0,""p"":0.001,""r"":7.0}","{""obs_mistake_mask=E"":1}"
       644,         0,         0,    32.4,correlated_pymatching,0259a37d81f7967b4b8ec4bb9481c75f99e79b3fd57b573fa80be7c7461d317d,"{""d"":7.0,""p"":0.00046415888336127773,""r"":7.0}",
     26624,         4,         0,    8.49,correlated_pymatching,ca5082d95a5eb3b5338a9e234d06ab22da68da62ca4e690b2c55dcde2c6f8487,"{""d"":7.0,""p"":0.001,""r"":7.0}","{""obs_mistake_mask=E"":4}"
     26624,         5,         0,    8.53,correlated_pymatching,ca5082d95a5eb3b5338a9e234d06ab22da68da62ca4e690b2c55dcde2c6f8487,"{""d"":7.0,""p"":0.001,""r"":7.0}","{""obs_mistake_mask=E"":5}"
       182,         0,         0,    32.2,correlated_pymatching,bebbad4e559ffded47cdbff4eb6ee9e01c7cf232957d5a8fcc53fa89adffd8c6,"{""d"":7.0,""p"":0.0001,""r"":7.0}",
     13312,         1,         0,    4.27,correlated_pymatching,ca5082d95a5eb3b5338a9e234d06ab22da68da62ca4e690b2c55dcde2c6f8487,"{""d"":7.0,""p"":0.001,""r"":7.0}","{""obs_mistake_mask=E"":1}"
     16384,         0,         0,    4.29,correlated_pymatching,0259a37d81f7967b4b8ec4bb9481c75f99e79b3fd57b573fa80be7c7461d317d,"{""d"":7.0,""p"":0.00046415888336127773,""r"":7.0}",
        48,         0,         0,    8.45,correlated_pymatching,0ea130b53ccb2550443c16f0c92974b75297641bafbf982c2963fe27de0e8a7e,"{""d"":7.0,""p"":0.00021544346900318845,""r"":7.0}",
       117,         0,         0,    32.3,correlated_pymatching,ca5082d95a5eb3b5338a9e234d06ab22da68da62ca4e690b2c55dcde2c6f8487,"{""d"":7.0,""p"":0.001,""r"":7.0}",
        93,         0,         0,    32.4,correlated_pymatching,0259a37d81f7967b4b8ec4bb9481c75f99e79b3fd57b573fa80be7c7461d317d,"{""d"":7.0,""p"":0.00046415888336127773,""r"":7.0}",
        16,         0,         0,    4.28,correlated_pymatching,0ea130b53ccb2550443c16f0c92974b75297641bafbf982c2963fe27de0e8a7e,"{""d"":7.0,""p"":0.00021544346900318845,""r"":7.0}",
        46,         0,         0,    4.47,correlated_pymatching,bebbad4e559ffded47cdbff4eb6ee9e01c7cf232957d5a8fcc53fa89adffd8c6,"{""d"":7.0,""p"":0.0001,""r"":7.0}",
        26,         0,         0,    4.57,correlated_pymatching,0259a37d81f7967b4b8ec4bb9481c75f99e79b3fd57b573fa80be7c7461d317d,"{""d"":7.0,""p"":0.00046415888336127773,""r"":7.0}",
        12,         0,         0,    4.29,correlated_pymatching,ca5082d95a5eb3b5338a9e234d06ab22da68da62ca4e690b2c55dcde2c6f8487,"{""d"":7.0,""p"":0.001,""r"":7.0}",
     35840,         1,         0,    8.36,correlated_pymatching,0ea130b53ccb2550443c16f0c92974b75297641bafbf982c2963fe27de0e8a7e,"{""d"":7.0,""p"":0.00021544346900318845,""r"":7.0}","{""obs_mistake_mask=E"":1}"
     39936,         0,         0,    8.41,correlated_pymatching,bebbad4e559ffded47cdbff4eb6ee9e01c7cf232957d5a8fcc53fa89adffd8c6,"{""d"":7.0,""p"":0.0001,""r"":7.0}",
     35840,         0,         0,    8.54,correlated_pymatching,0ea130b53ccb2550443c16f0c92974b75297641bafbf982c2963fe27de0e8a7e,"{""d"":7.0,""p"":0.00021544346900318845,""r"":7.0}",
     36864,         0,         0,    8.38,correlated_pymatching,bebbad4e559ffded47cdbff4eb6ee9e01c7cf232957d5a8fcc53fa89adffd8c6,"{""d"":7.0,""p"":0.0001,""r"":7.0}",
    109568,         0,         0,    32.4,correlated_pymatching,0ea130b53ccb2550443c16f0c92974b75297641bafbf982c2963fe27de0e8a7e,"{""d"":7.0,""p"":0.00021544346900318845,""r"":7.0}",
    120832,         0,         0,    32.2,correlated_pymatching,0259a37d81f7967b4b8ec4bb9481c75f99e79b3fd57b573fa80be7c7461d317d,"{""d"":7.0,""p"":0.00046415888336127773,""r"":7.0}",
     21504,         2,         0,    6.27,correlated_pymatching,ca5082d95a5eb3b5338a9e234d06ab22da68da62ca4e690b2c55dcde2c6f8487,"{""d"":7.0,""p"":0.001,""r"":7.0}","{""obs_mistake_mask=E"":2}"
     23552,         0,         0,    6.13,correlated_pymatching,0259a37d81f7967b4b8ec4bb9481c75f99e79b3fd57b573fa80be7c7461d317d,"{""d"":7.0,""p"":0.00046415888336127773,""r"":7.0}",
        92,         0,         0,    32.2,correlated_pymatching,bebbad4e559ffded47cdbff4eb6ee9e01c7cf232957d5a8fcc53fa89adffd8c6,"{""d"":7.0,""p"":0.0001,""r"":7.0}",
        50,         0,         0,    6.04,correlated_pymatching,0ea130b53ccb2550443c16f0c92974b75297641bafbf982c2963fe27de0e8a7e,"{""d"":7.0,""p"":0.00021544346900318845,""r"":7.0}",
       136,         0,         0,    6.04,correlated_pymatching,bebbad4e559ffded47cdbff4eb6ee9e01c7cf232957d5a8fcc53fa89adffd8c6,"{""d"":7.0,""p"":0.0001,""r"":7.0}",
        34,         0,         0,    6.01,correlated_pymatching,0259a37d81f7967b4b8ec4bb9481c75f99e79b3fd57b573fa80be7c7461d317d,"{""d"":7.0,""p"":0.00046415888336127773,""r"":7.0}",
        17,         0,         0,    6.04,correlated_pymatching,ca5082d95a5eb3b5338a9e234d06ab22da68da62ca4e690b2c55dcde2c6f8487,"{""d"":7.0,""p"":0.001,""r"":7.0}",
       302,         0,         0,    32.1,correlated_pymatching,ca5082d95a5eb3b5338a9e234d06ab22da68da62ca4e690b2c55dcde2c6f8487,"{""d"":7.0,""p"":0.001,""r"":7.0}",
     48128,         0,         0,    11.7,correlated_pymatching,0259a37d81f7967b4b8ec4bb9481c75f99e79b3fd57b573fa80be7c7461d317d,"{""d"":7.0,""p"":0.00046415888336127773,""r"":7.0}",
     44032,         1,         0,    11.8,correlated_pymatching,0259a37d81f7967b4b8ec4bb9481c75f99e79b3fd57b573fa80be7c7461d317d,"{""d"":7.0,""p"":0.00046415888336127773,""r"":7.0}","{""obs_mistake_mask=E"":1}"
     36864,         8,         0,    11.8,correlated_pymatching,ca5082d95a5eb3b5338a9e234d06ab22da68da62ca4e690b2c55dcde2c6f8487,"{""d"":7.0,""p"":0.001,""r"":7.0}","{""obs_mistake_mask=E"":8}"
     36864,         7,         0,    11.8,correlated_pymatching,ca5082d95a5eb3b5338a9e234d06ab22da68da62ca4e690b2c55dcde2c6f8487,"{""d"":7.0,""p"":0.001,""r"":7.0}","{""obs_mistake_mask=E"":7}"
       190,         0,         0,    11.8,correlated_pymatching,0ea130b53ccb2550443c16f0c92974b75297641bafbf982c2963fe27de0e8a7e,"{""d"":7.0,""p"":0.00021544346900318845,""r"":7.0}",
    140288,         0,         0,    32.1,correlated_pymatching,bebbad4e559ffded47cdbff4eb6ee9e01c7cf232957d5a8fcc53fa89adffd8c6,"{""d"":7.0,""p"":0.0001,""r"":7.0}",
    134144,         0,         0,    32.3,correlated_pymatching,0ea130b53ccb2550443c16f0c92974b75297641bafbf982c2963fe27de0e8a7e,"{""d"":7.0,""p"":0.00021544346900318845,""r"":7.0}",
     30720,         1,         0,    8.44,correlated_pymatching,0259a37d81f7967b4b8ec4bb9481c75f99e79b3fd57b573fa80be7c7461d317d,"{""d"":7.0,""p"":0.00046415888336127773,""r"":7.0}","{""obs_mistake_mask=E"":1}"
     26624,         4,         0,    8.60,correlated_pymatching,ca5082d95a5eb3b5338a9e234d06ab22da68da62ca4e690b2c55dcde2c6f8487,"{""d"":7.0,""p"":0.001,""r"":7.0}","{""obs_mistake_mask=E"":4}"
     51200,         0,         0,    11.8,correlated_pymatching,bebbad4e559ffded47cdbff4eb6ee9e01c7cf232957d5a8fcc53fa89adffd8c6,"{""d"":7.0,""p"":0.0001,""r"":7.0}",
     48128,         0,         0,    11.8,correlated_pymatching,0ea130b53ccb2550443c16f0c92974b75297641bafbf982c2963fe27de0e8a7e,"{""d"":7.0,""p"":0.00021544346900318845,""r"":7.0}",
     49152,         0,         0,    11.7,correlated_pymatching,bebbad4e559ffded47cdbff4eb6ee9e01c7cf232957d5a8fcc53fa89adffd8c6,"{""d"":7.0,""p"":0.0001,""r"":7.0}",
     48128,         0,         0,    12.1,correlated_pymatching,0ea130b53ccb2550443c16f0c92974b75297641bafbf982c2963fe27de0e8a7e,"{""d"":7.0,""p"":0.00021544346900318845,""r"":7.0}",
       100,         0,         0,    8.56,correlated_pymatching,0ea130b53ccb2550443c16f0c92974b75297641bafbf982c2963fe27de0e8a7e,"{""d"":7.0,""p"":0.00021544346900318845,""r"":7.0}",
       192,         0,         0,    8.55,correlated_pymatching,bebbad4e559ffded47cdbff4eb6ee9e01c7cf232957d5a8fcc53fa89adffd8c6,"{""d"":7.0,""p"":0.0001,""r"":7.0}",
      2282,         1,         0,    32.3,correlated_pymatching,ca5082d95a5eb3b5338a9e234d06ab22da68da62ca4e690b2c55dcde2c6f8487,"{""d"":7.0,""p"":0.001,""r"":7.0}","{""obs_mistake_mask=E"":1}"
       171,         0,         0,    32.4,correlated_pymatching,0259a37d81f7967b4b8ec4bb9481c75f99e79b3fd57b573fa80be7c7461d317d,"{""d"":7.0,""p"":0.00046415888336127773,""r"":7.0}",
        48,         0,         0,    8.51,correlated_pymatching,0259a37d81f7967b4b8ec4bb9481c75f99e79b3fd57b573fa80be7c7461d317d,"{""d"":7.0,""p"":0.00046415888336127773,""r"":7.0}",
        24,         0,         0,    8.64,correlated_pymatching,ca5082d95a5eb3b5338a9e234d06ab22da68da62ca4e690b2c55dcde2c6f8487,"{""d"":7.0,""p"":0.001,""r"":7.0}",
    141312,         0,         0,    32.3,correlated_pymatching,bebbad4e559ffded47cdbff4eb6ee9e01c7cf232957d5a8fcc53fa89adffd8c6,"{""d"":7.0,""p"":0.0001,""r"":7.0}",
     60416,         1,         0,    16.4,correlated_pymatching,0259a37d81f7967b4b8ec4bb9481c75f99e79b3fd57b573fa80be7c7461d317d,"{""d"":7.0,""p"":0.00046415888336127773,""r"":7.0}","{""obs_mistake_mask=E"":1}"
     61440,         0,         0,    16.4,correlated_pymatching,0259a37d81f7967b4b8ec4bb9481c75f99e79b3fd57b573fa80be7c7461d317d,"{""d"":7.0,""p"":0.00046415888336127773,""r"":7.0}",
     43008,         2,         0,    11.8,correlated_pymatching,0259a37d81f7967b4b8ec4bb9481c75f99e79b3fd57b573fa80be7c7461d317d,"{""d"":7.0,""p"":0.00046415888336127773,""r"":7.0}","{""obs_mistake_mask=E"":2}"
     51200,         9,         0,    16.4,correlated_pymatching,ca5082d95a5eb3b5338a9e234d06ab22da68da62ca4e690b2c55dcde2c6f8487,"{""d"":7.0,""p"":0.001,""r"":7.0}","{""obs_mistake_mask=E"":9}"
     36864,         8,         0,    12.0,correlated_pymatching,ca5082d95a5eb3b5338a9e234d06ab22da68da62ca4e690b2c55dcde2c6f8487,"{""d"":7.0,""p"":0.001,""r"":7.0}","{""obs_mistake_mask=E"":8}"
     52224,         4,         0,    16.7,correlated_pymatching,ca5082d95a5eb3b5338a9e234d06ab22da68da62ca4e690b2c55dcde2c6f8487,"{""d"":7.0,""p"":0.001,""r"":7.0}","{""obs_mistake_mask=E"":4}"
       140,         0,         0,    12.0,correlated_pymatching,0ea130b53ccb2550443c16f0c92974b75297641bafbf982c2963fe27de0e8a7e,"{""d"":7.0,""p"":0.00021544346900318845,""r"":7.0}",
       272,         0,         0,    12.0,correlated_pymatching,bebbad4e559ffded47cdbff4eb6ee9e01c7cf232957d5a8fcc53fa89adffd8c6,"{""d"":7.0,""p"":0.0001,""r"":7.0}",
        68,         0,         0,    12.0,correlated_pymatching,0259a37d81f7967b4b8ec4bb9481c75f99e79b3fd57b573fa80be7c7461d317d,"{""d"":7.0,""p"":0.00046415888336127773,""r"":7.0}",
       376,         0,         0,    16.5,correlated_pymatching,0ea130b53ccb2550443c16f0c92974b75297641bafbf982c2963fe27de0e8a7e,"{""d"":7.0,""p"":0.00021544346900318845,""r"":7.0}",
        33,         0,         0,    11.8,correlated_pymatching,ca5082d95a5eb3b5338a9e234d06ab22da68da62ca4e690b2c55dcde2c6f8487,"{""d"":7.0,""p"":0.001,""r"":7.0}",
     71680,         0,         0,    16.5,correlated_pymatching,bebbad4e559ffded47cdbff4eb6ee9e01c7cf232957d5a8fcc53fa89adffd8c6,"{""d"":7.0,""p"":0.0001,""r"":7.0}",
     68608,         0,         0,    16.5,correlated_pymatching,0ea130b53ccb2550443c16f0c92974b75297641bafbf982c2963fe27de0e8a7e,"{""d"":7.0,""p"":0.00021544346900318845,""r"":7.0}",
     66560,         0,         0,    16.5,correlated_pymatching,0ea130b53ccb2550443c16f0c92974b75297641bafbf982c2963fe27de0e8a7e,"{""d"":7.0,""p"":0.00021544346900318845,""r"":7.0}",
     68608,         0,         0,    16.6,correlated_pymatching,bebbad4e559ffded47cdbff4eb6ee9e01c7cf232957d5a8fcc53fa89adffd8c6,"{""d"":7.0,""p"":0.0001,""r"":7.0}",
    195584,         1,         0,    45.0,correlated_pymatching,bebbad4e559ffded47cdbff4eb6ee9e01c7cf232957d5a8fcc53fa89adffd8c6,"{""d"":7.0,""p"":0.0001,""r"":7.0}","{""obs_mistake_mask=E"":1}"
    188416,         0,         0,    45.1,correlated_pymatching,0ea130b53ccb2550443c16f0c92974b75297641bafbf982c2963fe27de0e8a7e,"{""d"":7.0,""p"":0.00021544346900318845,""r"":7.0}",
    186368,         0,         0,    45.1,correlated_pymatching,0ea130b53ccb2550443c16f0c92974b75297641bafbf982c2963fe27de0e8a7e,"{""d"":7.0,""p"":0.00021544346900318845,""r"":7.0}",
     57344,         0,         0,    16.4,correlated_pymatching,0259a37d81f7967b4b8ec4bb9481c75f99e79b3fd57b573fa80be7c7461d317d,"{""d"":7.0,""p"":0.00046415888336127773,""r"":7.0}",
      6300,         0,         0,    1.71,correlated_pymatching,0ea130b53ccb2550443c16f0c92974b75297641bafbf982c2963fe27de0e8a7e,"{""d"":7.0,""p"":0.00021544346900318845,""r"":7.0}",
      4064,         0,         0,    45.3,correlated_pymatching,ca5082d95a5eb3b5338a9e234d06ab22da68da62ca4e690b2c55dcde2c6f8487,"{""d"":7.0,""p"":0.001,""r"":7.0}",
     15008,         0,         0,    45.2,correlated_pymatching,0259a37d81f7967b4b8ec4bb9481c75f99e79b3fd57b573fa80be7c7461d317d,"{""d"":7.0,""p"":0.00046415888336127773,""r"":7.0}",
     49152,         6,         0,    16.6,correlated_pymatching,ca5082d95a5eb3b5338a9e234d06ab22da68da62ca4e690b2c55dcde2c6f8487,"{""d"":7.0,""p"":0.001,""r"":7.0}","{""obs_mistake_mask=E"":6}"
       192,         0,         0,    16.4,correlated_pymatching,0ea130b53ccb2550443c16f0c92974b75297641bafbf982c2963fe27de0e8a7e,"{""d"":7.0,""p"":0.00021544346900318845,""r"":7.0}",
       284,         0,         0,    45.0,correlated_pymatching,bebbad4e559ffded47cdbff4eb6ee9e01c7cf232957d5a8fcc53fa89adffd8c6,"{""d"":7.0,""p"":0.0001,""r"":7.0}",
       376,         0,         0,    16.6,correlated_pymatching,bebbad4e559ffded47cdbff4eb6ee9e01c7cf232957d5a8fcc53fa89adffd8c6,"{""d"":7.0,""p"":0.0001,""r"":7.0}",
        94,         0,         0,    16.6,correlated_pymatching,0259a37d81f7967b4b8ec4bb9481c75f99e79b3fd57b573fa80be7c7461d317d,"{""d"":7.0,""p"":0.00046415888336127773,""r"":7.0}",
        47,         0,         0,    16.7,correlated_pymatching,ca5082d95a5eb3b5338a9e234d06ab22da68da62ca4e690b2c55dcde2c6f8487,"{""d"":7.0,""p"":0.001,""r"":7.0}",
      1968,         0,         0,    45.0,correlated_pymatching,ca5082d95a5eb3b5338a9e234d06ab22da68da62ca4e690b2c55dcde2c6f8487,"{""d"":7.0,""p"":0.001,""r"":7.0}",
       256,         0,         0,    45.1,correlated_pymatching,0259a37d81f7967b4b8ec4bb9481c75f99e79b3fd57b573fa80be7c7461d317d,"{""d"":7.0,""p"":0.00046415888336127773,""r"":7.0}",
    164235,         0,         0,    43.6,correlated_pymatching,0ea130b53ccb2550443c16f0c92974b75297641bafbf982c2963fe27de0e8a7e,"{""d"":7.0,""p"":0.00021544346900318845,""r"":7.0}",
     82944,         0,         0,    23.1,correlated_pymatching,0259a37d81f7967b4b8ec4bb9481c75f99e79b3fd57b573fa80be7c7461d317d,"{""d"":7.0,""p"":0.00046415888336127773,""r"":7.0}",
     86016,         0,         0,    23.1,correlated_pymatching,0259a37d81f7967b4b8ec4bb9481c75f99e79b3fd57b573fa80be7c7461d317d,"{""d"":7.0,""p"":0.00046415888336127773,""r"":7.0}",
     35039,         0,         0,    8.31,correlated_pymatching,bebbad4e559ffded47cdbff4eb6ee9e01c7cf232957d5a8fcc53fa89adffd8c6,"{""d"":7.0,""p"":0.0001,""r"":7.0}",
    168960,         2,         0,    45.0,correlated_pymatching,0259a37d81f7967b4b8ec4bb9481c75f99e79b3fd57b573fa80be7c7461d317d,"{""d"":7.0,""p"":0.00046415888336127773,""r"":7.0}","{""obs_mistake_mask=E"":2}"
     72704,        24,         0,    23.3,correlated_pymatching,ca5082d95a5eb3b5338a9e234d06ab22da68da62ca4e690b2c55dcde2c6f8487,"{""d"":7.0,""p"":0.001,""r"":7.0}","{""obs_mistake_mask=E"":24}"
     71680,        17,         0,    23.1,correlated_pymatching,ca5082d95a5eb3b5338a9e234d06ab22da68da62ca4e690b2c55dcde2c6f8487,"{""d"":7.0,""p"":0.001,""r"":7.0}","{""obs_mistake_mask=E"":17}"
       129,         0,         0,    45.1,correlated_pymatching,bebbad4e559ffded47cdbff4eb6ee9e01c7cf232957d5a8fcc53fa89adffd8c6,"{""d"":7.0,""p"":0.0001,""r"":7.0}",
       528,         0,         0,    23.3,correlated_pymatching,0ea130b53ccb2550443c16f0c92974b75297641bafbf982c2963fe27de0e8a7e,"{""d"":7.0,""p"":0.00021544346900318845,""r"":7.0}",
       528,         0,         0,    45.3,correlated_pymatching,ca5082d95a5eb3b5338a9e234d06ab22da68da62ca4e690b2c55dcde2c6f8487,"{""d"":7.0,""p"":0.001,""r"":7.0}",
    143682,         0,         0,    39.6,correlated_pymatching,0ea130b53ccb2550443c16f0c92974b75297641bafbf982c2963fe27de0e8a7e,"{""d"":7.0,""p"":0.00021544346900318845,""r"":7.0}",
     99328,         0,         0,    23.0,correlated_pymatching,bebbad4e559ffded47cdbff4eb6ee9e01c7cf232957d5a8fcc53fa89adffd8c6,"{""d"":7.0,""p"":0.0001,""r"":7.0}",
     93184,         0,         0,    23.1,correlated_pymatching,0ea130b53ccb2550443c16f0c92974b75297641bafbf982c2963fe27de0e8a7e,"{""d"":7.0,""p"":0.00021544346900318845,""r"":7.0}",
     94208,         0,         0,    23.0,correlated_pymatching,0ea130b53ccb2550443c16f0c92974b75297641bafbf982c2963fe27de0e8a7e,"{""d"":7.0,""p"":0.00021544346900318845,""r"":7.0}",
    100352,         0,         0,    23.1,correlated_pymatching,bebbad4e559ffded47cdbff4eb6ee9e01c7cf232957d5a8fcc53fa89adffd8c6,"{""d"":7.0,""p"":0.0001,""r"":7.0}",
    195584,         0,         0,    45.0,correlated_pymatching,bebbad4e559ffded47cdbff4eb6ee9e01c7cf232957d5a8fcc53fa89adffd8c6,"{""d"":7.0,""p"":0.0001,""r"":7.0}",
      7872,         2,         0,    45.1,correlated_pymatching,ca5082d95a5eb3b5338a9e234d06ab22da68da62ca4e690b2c55dcde2c6f8487,"{""d"":7.0,""p"":0.001,""r"":7.0}","{""obs_mistake_mask=E"":2}"
       256,         0,         0,    45.1,correlated_pymatching,0259a37d81f7967b4b8ec4bb9481c75f99e79b3fd57b573fa80be7c7461d317d,"{""d"":7.0,""p"":0.00046415888336127773,""r"":7.0}",
     31447,         0,         0,    7.57,correlated_pymatching,0ea130b53ccb2550443c16f0c92974b75297641bafbf982c2963fe27de0e8a7e,"{""d"":7.0,""p"":0.00021544346900318845,""r"":7.0}",
     32471,         0,         0,    7.94,correlated_pymatching,0ea130b53ccb2550443c16f0c92974b75297641bafbf982c2963fe27de0e8a7e,"{""d"":7.0,""p"":0.00021544346900318845,""r"":7.0}",
     26488,         0,         0,    6.13,correlated_pymatching,bebbad4e559ffded47cdbff4eb6ee9e01c7cf232957d5a8fcc53fa89adffd8c6,"{""d"":7.0,""p"":0.0001,""r"":7.0}",
    180224,         0,         0,    41.6,correlated_pymatching,bebbad4e559ffded47cdbff4eb6ee9e01c7cf232957d5a8fcc53fa89adffd8c6,"{""d"":7.0,""p"":0.0001,""r"":7.0}",
     87040,         1,         0,    23.0,correlated_pymatching,0259a37d81f7967b4b8ec4bb9481c75f99e79b3fd57b573fa80be7c7461d317d,"{""d"":7.0,""p"":0.00046415888336127773,""r"":7.0}","{""obs_mistake_mask=E"":1}"
     71680,        11,         0,    23.0,correlated_pymatching,ca5082d95a5eb3b5338a9e234d06ab22da68da62ca4e690b2c55dcde2c6f8487,"{""d"":7.0,""p"":0.001,""r"":7.0}","{""obs_mistake_mask=E"":11}"
     98300,         0,         0,    24.0,correlated_pymatching,0ea130b53ccb2550443c16f0c92974b75297641bafbf982c2963fe27de0e8a7e,"{""d"":7.0,""p"":0.00021544346900318845,""r"":7.0}",
     97280,         0,         0,    23.7,correlated_pymatching,0ea130b53ccb2550443c16f0c92974b75297641bafbf982c2963fe27de0e8a7e,"{""d"":7.0,""p"":0.00021544346900318845,""r"":7.0}",
      1020,         0,         0,   0.246,correlated_pymatching,0ea130b53ccb2550443c16f0c92974b75297641bafbf982c2963fe27de0e8a7e,"{""d"":7.0,""p"":0.00021544346900318845,""r"":7.0}",
     81954,         0,         0,    19.7,correlated_pymatching,0ea130b53ccb2550443c16f0c92974b75297641bafbf982c2963fe27de0e8a7e,"{""d"":7.0,""p"":0.00021544346900318845,""r"":7.0}",
       268,         0,         0,    23.0,correlated_pymatching,0ea130b53ccb2550443c16f0c92974b75297641bafbf982c2963fe27de0e8a7e,"{""d"":7.0,""p"":0.00021544346900318845,""r"":7.0}",
       130,         0,         0,    23.0,correlated_pymatching,0259a37d81f7967b4b8ec4bb9481c75f99e79b3fd57b573fa80be7c7461d317d,"{""d"":7.0,""p"":0.00046415888336127773,""r"":7.0}",
       520,         0,         0,    23.1,correlated_pymatching,bebbad4e559ffded47cdbff4eb6ee9e01c7cf232957d5a8fcc53fa89adffd8c6,"{""d"":7.0,""p"":0.0001,""r"":7.0}",
     59422,         0,         0,    14.5,correlated_pymatching,0ea130b53ccb2550443c16f0c92974b75297641bafbf982c2963fe27de0e8a7e,"{""d"":7.0,""p"":0.00021544346900318845,""r"":7.0}",
        65,         0,         0,    23.2,correlated_pymatching,ca5082d95a5eb3b5338a9e234d06ab22da68da62ca4e690b2c55dcde2c6f8487,"{""d"":7.0,""p"":0.001,""r"":7.0}",
     51961,         0,         0,    12.5,correlated_pymatching,0ea130b53ccb2550443c16f0c92974b75297641bafbf982c2963fe27de0e8a7e,"{""d"":7.0,""p"":0.00021544346900318845,""r"":7.0}",
     51200,         0,         0,    12.4,correlated_pymatching,0ea130b53ccb2550443c16f0c92974b75297641bafbf982c2963fe27de0e8a7e,"{""d"":7.0,""p"":0.00021544346900318845,""r"":7.0}",
       761,         0,         0,   0.241,correlated_pymatching,0ea130b53ccb2550443c16f0c92974b75297641bafbf982c2963fe27de0e8a7e,"{""d"":7.0,""p"":0.00021544346900318845,""r"":7.0}",
     45466,         0,         0,    11.3,correlated_pymatching,0ea130b53ccb2550443c16f0c92974b75297641bafbf982c2963fe27de0e8a7e,"{""d"":7.0,""p"":0.00021544346900318845,""r"":7.0}",
     40960,         0,         0,    9.87,correlated_pymatching,0ea130b53ccb2550443c16f0c92974b75297641bafbf982c2963fe27de0e8a7e,"{""d"":7.0,""p"":0.00021544346900318845,""r"":7.0}",
     45466,         0,         0,    11.2,correlated_pymatching,0ea130b53ccb2550443c16f0c92974b75297641bafbf982c2963fe27de0e8a7e,"{""d"":7.0,""p"":0.00021544346900318845,""r"":7.0}",
     45056,         0,         0,    10.9,correlated_pymatching,0ea130b53ccb2550443c16f0c92974b75297641bafbf982c2963fe27de0e8a7e,"{""d"":7.0,""p"":0.00021544346900318845,""r"":7.0}",
       410,         0,         0,   0.217,correlated_pymatching,0ea130b53ccb2550443c16f0c92974b75297641bafbf982c2963fe27de0e8a7e,"{""d"":7.0,""p"":0.00021544346900318845,""r"":7.0}",
     16852,         0,         0,    4.21,correlated_pymatching,0ea130b53ccb2550443c16f0c92974b75297641bafbf982c2963fe27de0e8a7e,"{""d"":7.0,""p"":0.00021544346900318845,""r"":7.0}",
     16384,         0,         0,    4.02,correlated_pymatching,0ea130b53ccb2550443c16f0c92974b75297641bafbf982c2963fe27de0e8a7e,"{""d"":7.0,""p"":0.00021544346900318845,""r"":7.0}",
       615,         0,         0,   0.220,correlated_pymatching,0ea130b53ccb2550443c16f0c92974b75297641bafbf982c2963fe27de0e8a7e,"{""d"":7.0,""p"":0.00021544346900318845,""r"":7.0}",
       468,         0,         0,   0.218,correlated_pymatching,0ea130b53ccb2550443c16f0c92974b75297641bafbf982c2963fe27de0e8a7e,"{""d"":7.0,""p"":0.00021544346900318845,""r"":7.0}",
      9776,         0,         0,    2.41,correlated_pymatching,0ea130b53ccb2550443c16f0c92974b75297641bafbf982c2963fe27de0e8a7e,"{""d"":7.0,""p"":0.00021544346900318845,""r"":7.0}",
     11289,         0,         0,    2.92,correlated_pymatching,0ea130b53ccb2550443c16f0c92974b75297641bafbf982c2963fe27de0e8a7e,"{""d"":7.0,""p"":0.00021544346900318845,""r"":7.0}",
     11264,         0,         0,    2.74,correlated_pymatching,0ea130b53ccb2550443c16f0c92974b75297641bafbf982c2963fe27de0e8a7e,"{""d"":7.0,""p"":0.00021544346900318845,""r"":7.0}",
     11264,         0,         0,    2.66,correlated_pymatching,0ea130b53ccb2550443c16f0c92974b75297641bafbf982c2963fe27de0e8a7e,"{""d"":7.0,""p"":0.00021544346900318845,""r"":7.0}",
    121856,         1,         0,    32.2,correlated_pymatching,0259a37d81f7967b4b8ec4bb9481c75f99e79b3fd57b573fa80be7c7461d317d,"{""d"":7.0,""p"":0.00046415888336127773,""r"":7.0}","{""obs_mistake_mask=E"":1}"
        25,         0,         0,   0.210,correlated_pymatching,0ea130b53ccb2550443c16f0c92974b75297641bafbf982c2963fe27de0e8a7e,"{""d"":7.0,""p"":0.00021544346900318845,""r"":7.0}",
        25,         0,         0,   0.205,correlated_pymatching,0ea130b53ccb2550443c16f0c92974b75297641bafbf982c2963fe27de0e8a7e,"{""d"":7.0,""p"":0.00021544346900318845,""r"":7.0}",
    119808,         0,         0,    32.3,correlated_pymatching,0259a37d81f7967b4b8ec4bb9481c75f99e79b3fd57b573fa80be7c7461d317d,"{""d"":7.0,""p"":0.00046415888336127773,""r"":7.0}",
      9878,         0,         0,    2.39,correlated_pymatching,0ea130b53ccb2550443c16f0c92974b75297641bafbf982c2963fe27de0e8a7e,"{""d"":7.0,""p"":0.00021544346900318845,""r"":7.0}",
      9878,         0,         0,    2.43,correlated_pymatching,0ea130b53ccb2550443c16f0c92974b75297641bafbf982c2963fe27de0e8a7e,"{""d"":7.0,""p"":0.00021544346900318845,""r"":7.0}",
      1531,         0,         0,   0.464,correlated_pymatching,0ea130b53ccb2550443c16f0c92974b75297641bafbf982c2963fe27de0e8a7e,"{""d"":7.0,""p"":0.00021544346900318845,""r"":7.0}",
      2113,         0,         0,   0.732,correlated_pymatching,0ea130b53ccb2550443c16f0c92974b75297641bafbf982c2963fe27de0e8a7e,"{""d"":7.0,""p"":0.00021544346900318845,""r"":7.0}",
      5120,         0,         0,    1.21,correlated_pymatching,0ea130b53ccb2550443c16f0c92974b75297641bafbf982c2963fe27de0e8a7e,"{""d"":7.0,""p"":0.00021544346900318845,""r"":7.0}",
      3406,         0,         0,   0.973,correlated_pymatching,0ea130b53ccb2550443c16f0c92974b75297641bafbf982c2963fe27de0e8a7e,"{""d"":7.0,""p"":0.00021544346900318845,""r"":7.0}",
       882,         0,         0,   0.236,correlated_pymatching,0ea130b53ccb2550443c16f0c92974b75297641bafbf982c2963fe27de0e8a7e,"{""d"":7.0,""p"":0.00021544346900318845,""r"":7.0}",
       701,         0,         0,   0.229,correlated_pymatching,0ea130b53ccb2550443c16f0c92974b75297641bafbf982c2963fe27de0e8a7e,"{""d"":7.0,""p"":0.00021544346900318845,""r"":7.0}",
    101376,        19,         0,    32.4,correlated_pymatching,ca5082d95a5eb3b5338a9e234d06ab22da68da62ca4e690b2c55dcde2c6f8487,"{""d"":7.0,""p"":0.001,""r"":7.0}","{""obs_mistake_mask=E"":19}"
    101376,        16,         0,    32.4,correlated_pymatching,ca5082d95a5eb3b5338a9e234d06ab22da68da62ca4e690b2c55dcde2c6f8487,"{""d"":7.0,""p"":0.001,""r"":7.0}","{""obs_mistake_mask=E"":16}"
      3065,         0,         0,   0.730,correlated_pymatching,0ea130b53ccb2550443c16f0c92974b75297641bafbf982c2963fe27de0e8a7e,"{""d"":7.0,""p"":0.00021544346900318845,""r"":7.0}",
      2649,         0,         0,   0.700,correlated_pymatching,0ea130b53ccb2550443c16f0c92974b75297641bafbf982c2963fe27de0e8a7e,"{""d"":7.0,""p"":0.00021544346900318845,""r"":7.0}",
      1957,         0,         0,   0.491,correlated_pymatching,0ea130b53ccb2550443c16f0c92974b75297641bafbf982c2963fe27de0e8a7e,"{""d"":7.0,""p"":0.00021544346900318845,""r"":7.0}",
      3065,         0,         0,   0.720,correlated_pymatching,0ea130b53ccb2550443c16f0c92974b75297641bafbf982c2963fe27de0e8a7e,"{""d"":7.0,""p"":0.00021544346900318845,""r"":7.0}",
    121720,         0,         0,    27.9,correlated_pymatching,bebbad4e559ffded47cdbff4eb6ee9e01c7cf232957d5a8fcc53fa89adffd8c6,"{""d"":7.0,""p"":0.0001,""r"":7.0}",
       581,         0,         0,   0.217,correlated_pymatching,0ea130b53ccb2550443c16f0c92974b75297641bafbf982c2963fe27de0e8a7e,"{""d"":7.0,""p"":0.00021544346900318845,""r"":7.0}",
    145408,         0,         0,    33.7,correlated_pymatching,bebbad4e559ffded47cdbff4eb6ee9e01c7cf232957d5a8fcc53fa89adffd8c6,"{""d"":7.0,""p"":0.0001,""r"":7.0}",
      2153,         0,         0,   0.695,correlated_pymatching,0ea130b53ccb2550443c16f0c92974b75297641bafbf982c2963fe27de0e8a7e,"{""d"":7.0,""p"":0.00021544346900318845,""r"":7.0}",
       211,         0,         0,   0.224,correlated_pymatching,0ea130b53ccb2550443c16f0c92974b75297641bafbf982c2963fe27de0e8a7e,"{""d"":7.0,""p"":0.00021544346900318845,""r"":7.0}",
        30,         0,         0,   0.211,correlated_pymatching,0ea130b53ccb2550443c16f0c92974b75297641bafbf982c2963fe27de0e8a7e,"{""d"":7.0,""p"":0.00021544346900318845,""r"":7.0}",
      2153,         0,         0,   0.725,correlated_pymatching,0ea130b53ccb2550443c16f0c92974b75297641bafbf982c2963fe27de0e8a7e,"{""d"":7.0,""p"":0.00021544346900318845,""r"":7.0}",
    122744,         0,         0,    28.5,correlated_pymatching,bebbad4e559ffded47cdbff4eb6ee9e01c7cf232957d5a8fcc53fa89adffd8c6,"{""d"":7.0,""p"":0.0001,""r"":7.0}",
       331,         0,         0,   0.218,correlated_pymatching,0ea130b53ccb2550443c16f0c92974b75297641bafbf982c2963fe27de0e8a7e,"{""d"":7.0,""p"":0.00021544346900318845,""r"":7.0}",
       577,         0,         0,   0.232,correlated_pymatching,0ea130b53ccb2550443c16f0c92974b75297641bafbf982c2963fe27de0e8a7e,"{""d"":7.0,""p"":0.00021544346900318845,""r"":7.0}",
      1453,         0,         0,   0.467,correlated_pymatching,0ea130b53ccb2550443c16f0c92974b75297641bafbf982c2963fe27de0e8a7e,"{""d"":7.0,""p"":0.00021544346900318845,""r"":7.0}",
        72,         0,         0,   0.214,correlated_pymatching,0ea130b53ccb2550443c16f0c92974b75297641bafbf982c2963fe27de0e8a7e,"{""d"":7.0,""p"":0.00021544346900318845,""r"":7.0}",
       147,         0,         0,   0.224,correlated_pymatching,0ea130b53ccb2550443c16f0c92974b75297641bafbf982c2963fe27de0e8a7e,"{""d"":7.0,""p"":0.00021544346900318845,""r"":7.0}",
       884,         0,         0,   0.237,correlated_pymatching,0ea130b53ccb2550443c16f0c92974b75297641bafbf982c2963fe27de0e8a7e,"{""d"":7.0,""p"":0.00021544346900318845,""r"":7.0}",
       390,         0,         0,   0.215,correlated_pymatching,0ea130b53ccb2550443c16f0c92974b75297641bafbf982c2963fe27de0e8a7e,"{""d"":7.0,""p"":0.00021544346900318845,""r"":7.0}",
       580,         0,         0,   0.230,correlated_pymatching,0ea130b53ccb2550443c16f0c92974b75297641bafbf982c2963fe27de0e8a7e,"{""d"":7.0,""p"":0.00021544346900318845,""r"":7.0}",
       720,         0,         0,    31.8,correlated_pymatching,0ea130b53ccb2550443c16f0c92974b75297641bafbf982c2963fe27de0e8a7e,"{""d"":7.0,""p"":0.00021544346900318845,""r"":7.0}",
       159,         0,         0,   0.218,correlated_pymatching,0ea130b53ccb2550443c16f0c92974b75297641bafbf982c2963fe27de0e8a7e,"{""d"":7.0,""p"":0.00021544346900318845,""r"":7.0}",
       451,         0,         0,   0.226,correlated_pymatching,0ea130b53ccb2550443c16f0c92974b75297641bafbf982c2963fe27de0e8a7e,"{""d"":7.0,""p"":0.00021544346900318845,""r"":7.0}",
       223,         0,         0,   0.209,correlated_pymatching,0ea130b53ccb2550443c16f0c92974b75297641bafbf982c2963fe27de0e8a7e,"{""d"":7.0,""p"":0.00021544346900318845,""r"":7.0}",
       240,         0,         0,   0.217,correlated_pymatching,0ea130b53ccb2550443c16f0c92974b75297641bafbf982c2963fe27de0e8a7e,"{""d"":7.0,""p"":0.00021544346900318845,""r"":7.0}",
       164,         0,         0,   0.199,correlated_pymatching,0ea130b53ccb2550443c16f0c92974b75297641bafbf982c2963fe27de0e8a7e,"{""d"":7.0,""p"":0.00021544346900318845,""r"":7.0}",
       164,         0,         0,   0.211,correlated_pymatching,0ea130b53ccb2550443c16f0c92974b75297641bafbf982c2963fe27de0e8a7e,"{""d"":7.0,""p"":0.00021544346900318845,""r"":7.0}",
       192,         0,         0,    16.6,correlated_pymatching,0ea130b53ccb2550443c16f0c92974b75297641bafbf982c2963fe27de0e8a7e,"{""d"":7.0,""p"":0.00021544346900318845,""r"":7.0}",
        41,         0,         0,   0.213,correlated_pymatching,0ea130b53ccb2550443c16f0c92974b75297641bafbf982c2963fe27de0e8a7e,"{""d"":7.0,""p"":0.00021544346900318845,""r"":7.0}",
        41,         0,         0,   0.214,correlated_pymatching,0ea130b53ccb2550443c16f0c92974b75297641bafbf982c2963fe27de0e8a7e,"{""d"":7.0,""p"":0.00021544346900318845,""r"":7.0}",
        41,         0,         0,   0.215,correlated_pymatching,0ea130b53ccb2550443c16f0c92974b75297641bafbf982c2963fe27de0e8a7e,"{""d"":7.0,""p"":0.00021544346900318845,""r"":7.0}",
        41,         0,         0,   0.215,correlated_pymatching,0ea130b53ccb2550443c16f0c92974b75297641bafbf982c2963fe27de0e8a7e,"{""d"":7.0,""p"":0.00021544346900318845,""r"":7.0}",
        41,         0,         0,   0.215,correlated_pymatching,0ea130b53ccb2550443c16f0c92974b75297641bafbf982c2963fe27de0e8a7e,"{""d"":7.0,""p"":0.00021544346900318845,""r"":7.0}",
        41,         0,         0,   0.216,correlated_pymatching,0ea130b53ccb2550443c16f0c92974b75297641bafbf982c2963fe27de0e8a7e,"{""d"":7.0,""p"":0.00021544346900318845,""r"":7.0}",
         5,         0,         0,   0.194,correlated_pymatching,0ea130b53ccb2550443c16f0c92974b75297641bafbf982c2963fe27de0e8a7e,"{""d"":7.0,""p"":0.00021544346900318845,""r"":7.0}",
         5,         0,         0,   0.214,correlated_pymatching,0ea130b53ccb2550443c16f0c92974b75297641bafbf982c2963fe27de0e8a7e,"{""d"":7.0,""p"":0.00021544346900318845,""r"":7.0}",
        24,         0,         0,    1.05,correlated_pymatching,0ea130b53ccb2550443c16f0c92974b75297641bafbf982c2963fe27de0e8a7e,"{""d"":7.0,""p"":0.00021544346900318845,""r"":7.0}",
         3,         0,         0,   0.205,correlated_pymatching,0ea130b53ccb2550443c16f0c92974b75297641bafbf982c2963fe27de0e8a7e,"{""d"":7.0,""p"":0.00021544346900318845,""r"":7.0}",
         6,         0,         0,   0.205,correlated_pymatching,0ea130b53ccb2550443c16f0c92974b75297641bafbf982c2963fe27de0e8a7e,"{""d"":7.0,""p"":0.00021544346900318845,""r"":7.0}",
         6,         0,         0,   0.203,correlated_pymatching,0ea130b53ccb2550443c16f0c92974b75297641bafbf982c2963fe27de0e8a7e,"{""d"":7.0,""p"":0.00021544346900318845,""r"":7.0}",
         6,         0,         0,   0.210,correlated_pymatching,0ea130b53ccb2550443c16f0c92974b75297641bafbf982c2963fe27de0e8a7e,"{""d"":7.0,""p"":0.00021544346900318845,""r"":7.0}",
         6,         0,         0,   0.205,correlated_pymatching,0ea130b53ccb2550443c16f0c92974b75297641bafbf982c2963fe27de0e8a7e,"{""d"":7.0,""p"":0.00021544346900318845,""r"":7.0}",
        10,         0,         0,    1.03,correlated_pymatching,0ea130b53ccb2550443c16f0c92974b75297641bafbf982c2963fe27de0e8a7e,"{""d"":7.0,""p"":0.00021544346900318845,""r"":7.0}",
         6,         0,         0,   0.340,correlated_pymatching,0ea130b53ccb2550443c16f0c92974b75297641bafbf982c2963fe27de0e8a7e,"{""d"":7.0,""p"":0.00021544346900318845,""r"":7.0}",
     93184,         0,         0,    21.6,correlated_pymatching,bebbad4e559ffded47cdbff4eb6ee9e01c7cf232957d5a8fcc53fa89adffd8c6,"{""d"":7.0,""p"":0.0001,""r"":7.0}",
     92160,         0,         0,    21.4,correlated_pymatching,bebbad4e559ffded47cdbff4eb6ee9e01c7cf232957d5a8fcc53fa89adffd8c6,"{""d"":7.0,""p"":0.0001,""r"":7.0}",
         1,         0,         0,   0.219,correlated_pymatching,bebbad4e559ffded47cdbff4eb6ee9e01c7cf232957d5a8fcc53fa89adffd8c6,"{""d"":7.0,""p"":0.0001,""r"":7.0}",
         1,         0,         0,   0.219,correlated_pymatching,ca5082d95a5eb3b5338a9e234d06ab22da68da62ca4e690b2c55dcde2c6f8487,"{""d"":7.0,""p"":0.001,""r"":7.0}",
         1,         0,         0,   0.215,correlated_pymatching,ca5082d95a5eb3b5338a9e234d06ab22da68da62ca4e690b2c55dcde2c6f8487,"{""d"":7.0,""p"":0.001,""r"":7.0}",
         1,         0,         0,   0.215,correlated_pymatching,0259a37d81f7967b4b8ec4bb9481c75f99e79b3fd57b573fa80be7c7461d317d,"{""d"":7.0,""p"":0.00046415888336127773,""r"":7.0}",
         1,         0,         0,   0.220,correlated_pymatching,bebbad4e559ffded47cdbff4eb6ee9e01c7cf232957d5a8fcc53fa89adffd8c6,"{""d"":7.0,""p"":0.0001,""r"":7.0}",
         1,         0,         0,   0.219,correlated_pymatching,bebbad4e559ffded47cdbff4eb6ee9e01c7cf232957d5a8fcc53fa89adffd8c6,"{""d"":7.0,""p"":0.0001,""r"":7.0}",
         2,         0,         0,   0.204,correlated_pymatching,bebbad4e559ffded47cdbff4eb6ee9e01c7cf232957d5a8fcc53fa89adffd8c6,"{""d"":7.0,""p"":0.0001,""r"":7.0}",
         2,         0,         0,   0.203,correlated_pymatching,ca5082d95a5eb3b5338a9e234d06ab22da68da62ca4e690b2c55dcde2c6f8487,"{""d"":7.0,""p"":0.001,""r"":7.0}",
         2,         0,         0,   0.203,correlated_pymatching,ca5082d95a5eb3b5338a9e234d06ab22da68da62ca4e690b2c55dcde2c6f8487,"{""d"":7.0,""p"":0.001,""r"":7.0}",
         2,         0,         0,   0.207,correlated_pymatching,0259a37d81f7967b4b8ec4bb9481c75f99e79b3fd57b573fa80be7c7461d317d,"{""d"":7.0,""p"":0.00046415888336127773,""r"":7.0}",
         2,         0,         0,   0.213,correlated_pymatching,bebbad4e559ffded47cdbff4eb6ee9e01c7cf232957d5a8fcc53fa89adffd8c6,"{""d"":7.0,""p"":0.0001,""r"":7.0}",
         2,         0,         0,   0.216,correlated_pymatching,bebbad4e559ffded47cdbff4eb6ee9e01c7cf232957d5a8fcc53fa89adffd8c6,"{""d"":7.0,""p"":0.0001,""r"":7.0}",
         1,         0,         0,   0.357,correlated_pymatching,0259a37d81f7967b4b8ec4bb9481c75f99e79b3fd57b573fa80be7c7461d317d,"{""d"":7.0,""p"":0.00046415888336127773,""r"":7.0}",
         1,         0,         0,   0.361,correlated_pymatching,0259a37d81f7967b4b8ec4bb9481c75f99e79b3fd57b573fa80be7c7461d317d,"{""d"":7.0,""p"":0.00046415888336127773,""r"":7.0}",
         4,         0,         0,   0.212,correlated_pymatching,bebbad4e559ffded47cdbff4eb6ee9e01c7cf232957d5a8fcc53fa89adffd8c6,"{""d"":7.0,""p"":0.0001,""r"":7.0}",
         4,         0,         0,   0.204,correlated_pymatching,ca5082d95a5eb3b5338a9e234d06ab22da68da62ca4e690b2c55dcde2c6f8487,"{""d"":7.0,""p"":0.001,""r"":7.0}",
         4,         0,         0,   0.204,correlated_pymatching,0259a37d81f7967b4b8ec4bb9481c75f99e79b3fd57b573fa80be7c7461d317d,"{""d"":7.0,""p"":0.00046415888336127773,""r"":7.0}",
         4,         0,         0,   0.216,correlated_pymatching,ca5082d95a5eb3b5338a9e234d06ab22da68da62ca4e690b2c55dcde2c6f8487,"{""d"":7.0,""p"":0.001,""r"":7.0}",
         4,         0,         0,   0.205,correlated_pymatching,bebbad4e559ffded47cdbff4eb6ee9e01c7cf232957d5a8fcc53fa89adffd8c6,"{""d"":7.0,""p"":0.0001,""r"":7.0}",
         4,         0,         0,   0.202,correlated_pymatching,bebbad4e559ffded47cdbff4eb6ee9e01c7cf232957d5a8fcc53fa89adffd8c6,"{""d"":7.0,""p"":0.0001,""r"":7.0}",
         8,         0,         0,   0.208,correlated_pymatching,bebbad4e559ffded47cdbff4eb6ee9e01c7cf232957d5a8fcc53fa89adffd8c6,"{""d"":7.0,""p"":0.0001,""r"":7.0}",
         8,         0,         0,   0.216,correlated_pymatching,ca5082d95a5eb3b5338a9e234d06ab22da68da62ca4e690b2c55dcde2c6f8487,"{""d"":7.0,""p"":0.001,""r"":7.0}",
         1,         0,         0,   0.336,correlated_pymatching,0259a37d81f7967b4b8ec4bb9481c75f99e79b3fd57b573fa80be7c7461d317d,"{""d"":7.0,""p"":0.00046415888336127773,""r"":7.0}",
         8,         0,         0,   0.216,correlated_pymatching,0259a37d81f7967b4b8ec4bb9481c75f99e79b3fd57b573fa80be7c7461d317d,"{""d"":7.0,""p"":0.00046415888336127773,""r"":7.0}",
         8,         0,         0,   0.212,correlated_pymatching,ca5082d95a5eb3b5338a9e234d06ab22da68da62ca4e690b2c55dcde2c6f8487,"{""d"":7.0,""p"":0.001,""r"":7.0}",
         8,         0,         0,   0.215,correlated_pymatching,bebbad4e559ffded47cdbff4eb6ee9e01c7cf232957d5a8fcc53fa89adffd8c6,"{""d"":7.0,""p"":0.0001,""r"":7.0}",
         8,         0,         0,   0.218,correlated_pymatching,bebbad4e559ffded47cdbff4eb6ee9e01c7cf232957d5a8fcc53fa89adffd8c6,"{""d"":7.0,""p"":0.0001,""r"":7.0}",
         1,         0,         0,   0.352,correlated_pymatching,0259a37d81f7967b4b8ec4bb9481c75f99e79b3fd57b573fa80be7c7461d317d,"{""d"":7.0,""p"":0.00046415888336127773,""r"":7.0}",
        16,         0,         0,   0.204,correlated_pymatching,bebbad4e559ffded47cdbff4eb6ee9e01c7cf232957d5a8fcc53fa89adffd8c6,"{""d"":7.0,""p"":0.0001,""r"":7.0}",
        16,         0,         0,   0.204,correlated_pymatching,ca5082d95a5eb3b5338a9e234d06ab22da68da62ca4e690b2c55dcde2c6f8487,"{""d"":7.0,""p"":0.001,""r"":7.0}",
        16,         0,         0,   0.204,correlated_pymatching,0259a37d81f7967b4b8ec4bb9481c75f99e79b3fd57b573fa80be7c7461d317d,"{""d"":7.0,""p"":0.00046415888336127773,""r"":7.0}",
        16,         0,         0,   0.208,correlated_pymatching,ca5082d95a5eb3b5338a9e234d06ab22da68da62ca4e690b2c55dcde2c6f8487,"{""d"":7.0,""p"":0.001,""r"":7.0}",
        16,         0,         0,   0.216,correlated_pymatching,bebbad4e559ffded47cdbff4eb6ee9e01c7cf232957d5a8fcc53fa89adffd8c6,"{""d"":7.0,""p"":0.0001,""r"":7.0}",
        16,         0,         0,   0.216,correlated_pymatching,bebbad4e559ffded47cdbff4eb6ee9e01c7cf232957d5a8fcc53fa89adffd8c6,"{""d"":7.0,""p"":0.0001,""r"":7.0}",
         1,         0,         0,   0.348,correlated_pymatching,0259a37d81f7967b4b8ec4bb9481c75f99e79b3fd57b573fa80be7c7461d317d,"{""d"":7.0,""p"":0.00046415888336127773,""r"":7.0}",
        32,         0,         0,   0.204,correlated_pymatching,bebbad4e559ffded47cdbff4eb6ee9e01c7cf232957d5a8fcc53fa89adffd8c6,"{""d"":7.0,""p"":0.0001,""r"":7.0}",
         1,         0,         0,   0.372,correlated_pymatching,0259a37d81f7967b4b8ec4bb9481c75f99e79b3fd57b573fa80be7c7461d317d,"{""d"":7.0,""p"":0.00046415888336127773,""r"":7.0}",
        32,         0,         0,   0.216,correlated_pymatching,ca5082d95a5eb3b5338a9e234d06ab22da68da62ca4e690b2c55dcde2c6f8487,"{""d"":7.0,""p"":0.001,""r"":7.0}",
        32,         0,         0,   0.216,correlated_pymatching,ca5082d95a5eb3b5338a9e234d06ab22da68da62ca4e690b2c55dcde2c6f8487,"{""d"":7.0,""p"":0.001,""r"":7.0}",
        32,         0,         0,   0.223,correlated_pymatching,0259a37d81f7967b4b8ec4bb9481c75f99e79b3fd57b573fa80be7c7461d317d,"{""d"":7.0,""p"":0.00046415888336127773,""r"":7.0}",
        32,         0,         0,   0.211,correlated_pymatching,bebbad4e559ffded47cdbff4eb6ee9e01c7cf232957d5a8fcc53fa89adffd8c6,"{""d"":7.0,""p"":0.0001,""r"":7.0}",
        32,         0,         0,   0.216,correlated_pymatching,bebbad4e559ffded47cdbff4eb6ee9e01c7cf232957d5a8fcc53fa89adffd8c6,"{""d"":7.0,""p"":0.0001,""r"":7.0}",
        64,         0,         0,   0.216,correlated_pymatching,bebbad4e559ffded47cdbff4eb6ee9e01c7cf232957d5a8fcc53fa89adffd8c6,"{""d"":7.0,""p"":0.0001,""r"":7.0}",
        64,         0,         0,   0.216,correlated_pymatching,ca5082d95a5eb3b5338a9e234d06ab22da68da62ca4e690b2c55dcde2c6f8487,"{""d"":7.0,""p"":0.001,""r"":7.0}",
        64,         0,         0,   0.216,correlated_pymatching,ca5082d95a5eb3b5338a9e234d06ab22da68da62ca4e690b2c55dcde2c6f8487,"{""d"":7.0,""p"":0.001,""r"":7.0}",
        64,         0,         0,   0.221,correlated_pymatching,0259a37d81f7967b4b8ec4bb9481c75f99e79b3fd57b573fa80be7c7461d317d,"{""d"":7.0,""p"":0.00046415888336127773,""r"":7.0}",
        64,         0,         0,   0.211,correlated_pymatching,bebbad4e559ffded47cdbff4eb6ee9e01c7cf232957d5a8fcc53fa89adffd8c6,"{""d"":7.0,""p"":0.0001,""r"":7.0}",
        64,         0,         0,   0.216,correlated_pymatching,bebbad4e559ffded47cdbff4eb6ee9e01c7cf232957d5a8fcc53fa89adffd8c6,"{""d"":7.0,""p"":0.0001,""r"":7.0}",
         1,         0,         0,   0.360,correlated_pymatching,0259a37d81f7967b4b8ec4bb9481c75f99e79b3fd57b573fa80be7c7461d317d,"{""d"":7.0,""p"":0.00046415888336127773,""r"":7.0}",
         1,         0,         0,   0.347,correlated_pymatching,0259a37d81f7967b4b8ec4bb9481c75f99e79b3fd57b573fa80be7c7461d317d,"{""d"":7.0,""p"":0.00046415888336127773,""r"":7.0}",
       128,         0,         0,   0.216,correlated_pymatching,bebbad4e559ffded47cdbff4eb6ee9e01c7cf232957d5a8fcc53fa89adffd8c6,"{""d"":7.0,""p"":0.0001,""r"":7.0}",
       128,         0,         0,   0.228,correlated_pymatching,ca5082d95a5eb3b5338a9e234d06ab22da68da62ca4e690b2c55dcde2c6f8487,"{""d"":7.0,""p"":0.001,""r"":7.0}",
       128,         0,         0,   0.216,correlated_pymatching,0259a37d81f7967b4b8ec4bb9481c75f99e79b3fd57b573fa80be7c7461d317d,"{""d"":7.0,""p"":0.00046415888336127773,""r"":7.0}",
       128,         0,         0,   0.211,correlated_pymatching,bebbad4e559ffded47cdbff4eb6ee9e01c7cf232957d5a8fcc53fa89adffd8c6,"{""d"":7.0,""p"":0.0001,""r"":7.0}",
       128,         0,         0,   0.228,correlated_pymatching,ca5082d95a5eb3b5338a9e234d06ab22da68da62ca4e690b2c55dcde2c6f8487,"{""d"":7.0,""p"":0.001,""r"":7.0}",
       128,         0,         0,   0.221,correlated_pymatching,bebbad4e559ffded47cdbff4eb6ee9e01c7cf232957d5a8fcc53fa89adffd8c6,"{""d"":7.0,""p"":0.0001,""r"":7.0}",
       256,         0,         0,   0.240,correlated_pymatching,bebbad4e559ffded47cdbff4eb6ee9e01c7cf232957d5a8fcc53fa89adffd8c6,"{""d"":7.0,""p"":0.0001,""r"":7.0}",
         1,         0,         0,   0.344,correlated_pymatching,0259a37d81f7967b4b8ec4bb9481c75f99e79b3fd57b573fa80be7c7461d317d,"{""d"":7.0,""p"":0.00046415888336127773,""r"":7.0}",
       256,         0,         0,   0.220,correlated_pymatching,bebbad4e559ffded47cdbff4eb6ee9e01c7cf232957d5a8fcc53fa89adffd8c6,"{""d"":7.0,""p"":0.0001,""r"":7.0}",
       256,         0,         0,   0.228,correlated_pymatching,0259a37d81f7967b4b8ec4bb9481c75f99e79b3fd57b573fa80be7c7461d317d,"{""d"":7.0,""p"":0.00046415888336127773,""r"":7.0}",
       256,         0,         0,   0.220,correlated_pymatching,bebbad4e559ffded47cdbff4eb6ee9e01c7cf232957d5a8fcc53fa89adffd8c6,"{""d"":7.0,""p"":0.0001,""r"":7.0}",
         1,         0,         0,   0.360,correlated_pymatching,0259a37d81f7967b4b8ec4bb9481c75f99e79b3fd57b573fa80be7c7461d317d,"{""d"":7.0,""p"":0.00046415888336127773,""r"":7.0}",
       256,         0,         0,   0.248,correlated_pymatching,ca5082d95a5eb3b5338a9e234d06ab22da68da62ca4e690b2c55dcde2c6f8487,"{""d"":7.0,""p"":0.001,""r"":7.0}",
       256,         0,         0,   0.240,correlated_pymatching,ca5082d95a5eb3b5338a9e234d06ab22da68da62ca4e690b2c55dcde2c6f8487,"{""d"":7.0,""p"":0.001,""r"":7.0}",
       512,         0,         0,   0.224,correlated_pymatching,bebbad4e559ffded47cdbff4eb6ee9e01c7cf232957d5a8fcc53fa89adffd8c6,"{""d"":7.0,""p"":0.0001,""r"":7.0}",
       512,         0,         0,   0.218,correlated_pymatching,bebbad4e559ffded47cdbff4eb6ee9e01c7cf232957d5a8fcc53fa89adffd8c6,"{""d"":7.0,""p"":0.0001,""r"":7.0}",
       512,         0,         0,   0.228,correlated_pymatching,bebbad4e559ffded47cdbff4eb6ee9e01c7cf232957d5a8fcc53fa89adffd8c6,"{""d"":7.0,""p"":0.0001,""r"":7.0}",
       512,         0,         0,   0.252,correlated_pymatching,0259a37d81f7967b4b8ec4bb9481c75f99e79b3fd57b573fa80be7c7461d317d,"{""d"":7.0,""p"":0.00046415888336127773,""r"":7.0}",
       512,         0,         0,   0.268,correlated_pymatching,ca5082d95a5eb3b5338a9e234d06ab22da68da62ca4e690b2c55dcde2c6f8487,"{""d"":7.0,""p"":0.001,""r"":7.0}",
       512,         0,         0,   0.276,correlated_pymatching,ca5082d95a5eb3b5338a9e234d06ab22da68da62ca4e690b2c55dcde2c6f8487,"{""d"":7.0,""p"":0.001,""r"":7.0}",
         1,         0,         0,   0.344,correlated_pymatching,0259a37d81f7967b4b8ec4bb9481c75f99e79b3fd57b573fa80be7c7461d317d,"{""d"":7.0,""p"":0.00046415888336127773,""r"":7.0}",
         1,         0,         0,   0.356,correlated_pymatching,0259a37d81f7967b4b8ec4bb9481c75f99e79b3fd57b573fa80be7c7461d317d,"{""d"":7.0,""p"":0.00046415888336127773,""r"":7.0}",
      1024,         0,         0,   0.323,correlated_pymatching,ca5082d95a5eb3b5338a9e234d06ab22da68da62ca4e690b2c55dcde2c6f8487,"{""d"":7.0,""p"":0.001,""r"":7.0}",
      1024,         3,         0,   0.324,correlated_pymatching,ca5082d95a5eb3b5338a9e234d06ab22da68da62ca4e690b2c55dcde2c6f8487,"{""d"":7.0,""p"":0.001,""r"":7.0}","{""obs_mistake_mask=E"":3}"
      2048,         0,         0,   0.460,correlated_pymatching,bebbad4e559ffded47cdbff4eb6ee9e01c7cf232957d5a8fcc53fa89adffd8c6,"{""d"":7.0,""p"":0.0001,""r"":7.0}",
         1,         0,         0,   0.348,correlated_pymatching,0259a37d81f7967b4b8ec4bb9481c75f99e79b3fd57b573fa80be7c7461d317d,"{""d"":7.0,""p"":0.00046415888336127773,""r"":7.0}",
      2048,         0,         0,   0.471,correlated_pymatching,bebbad4e559ffded47cdbff4eb6ee9e01c7cf232957d5a8fcc53fa89adffd8c6,"{""d"":7.0,""p"":0.0001,""r"":7.0}",
      2048,         0,         0,   0.476,correlated_pymatching,bebbad4e559ffded47cdbff4eb6ee9e01c7cf232957d5a8fcc53fa89adffd8c6,"{""d"":7.0,""p"":0.0001,""r"":7.0}",
         1,         0,         0,   0.356,correlated_pymatching,0259a37d81f7967b4b8ec4bb9481c75f99e79b3fd57b573fa80be7c7461d317d,"{""d"":7.0,""p"":0.00046415888336127773,""r"":7.0}",
      2048,         1,         0,   0.535,correlated_pymatching,0259a37d81f7967b4b8ec4bb9481c75f99e79b3fd57b573fa80be7c7461d317d,"{""d"":7.0,""p"":0.00046415888336127773,""r"":7.0}","{""obs_mistake_mask=E"":1}"
         1,         0,         0,   0.348,correlated_pymatching,0259a37d81f7967b4b8ec4bb9481c75f99e79b3fd57b573fa80be7c7461d317d,"{""d"":7.0,""p"":0.00046415888336127773,""r"":7.0}",
         1,         0,         0,   0.356,correlated_pymatching,0259a37d81f7967b4b8ec4bb9481c75f99e79b3fd57b573fa80be7c7461d317d,"{""d"":7.0,""p"":0.00046415888336127773,""r"":7.0}",
      2048,         0,         0,   0.458,correlated_pymatching,bebbad4e559ffded47cdbff4eb6ee9e01c7cf232957d5a8fcc53fa89adffd8c6,"{""d"":7.0,""p"":0.0001,""r"":7.0}",
      2048,         0,         0,   0.474,correlated_pymatching,bebbad4e559ffded47cdbff4eb6ee9e01c7cf232957d5a8fcc53fa89adffd8c6,"{""d"":7.0,""p"":0.0001,""r"":7.0}",
      2048,         0,         0,   0.485,correlated_pymatching,bebbad4e559ffded47cdbff4eb6ee9e01c7cf232957d5a8fcc53fa89adffd8c6,"{""d"":7.0,""p"":0.0001,""r"":7.0}",
      2048,         0,         0,   0.655,correlated_pymatching,ca5082d95a5eb3b5338a9e234d06ab22da68da62ca4e690b2c55dcde2c6f8487,"{""d"":7.0,""p"":0.001,""r"":7.0}",
      2048,         1,         0,   0.672,correlated_pymatching,ca5082d95a5eb3b5338a9e234d06ab22da68da62ca4e690b2c55dcde2c6f8487,"{""d"":7.0,""p"":0.001,""r"":7.0}","{""obs_mistake_mask=E"":1}"
      2048,         0,         0,   0.541,correlated_pymatching,0259a37d81f7967b4b8ec4bb9481c75f99e79b3fd57b573fa80be7c7461d317d,"{""d"":7.0,""p"":0.00046415888336127773,""r"":7.0}",
         1,         0,         0,   0.348,correlated_pymatching,0259a37d81f7967b4b8ec4bb9481c75f99e79b3fd57b573fa80be7c7461d317d,"{""d"":7.0,""p"":0.00046415888336127773,""r"":7.0}",
         1,         0,         0,   0.360,correlated_pymatching,0259a37d81f7967b4b8ec4bb9481c75f99e79b3fd57b573fa80be7c7461d317d,"{""d"":7.0,""p"":0.00046415888336127773,""r"":7.0}",
         1,         0,         0,   0.348,correlated_pymatching,0259a37d81f7967b4b8ec4bb9481c75f99e79b3fd57b573fa80be7c7461d317d,"{""d"":7.0,""p"":0.00046415888336127773,""r"":7.0}",
         1,         0,         0,   0.356,correlated_pymatching,0259a37d81f7967b4b8ec4bb9481c75f99e79b3fd57b573fa80be7c7461d317d,"{""d"":7.0,""p"":0.00046415888336127773,""r"":7.0}",
      3072,         0,         0,   0.717,correlated_pymatching,bebbad4e559ffded47cdbff4eb6ee9e01c7cf232957d5a8fcc53fa89adffd8c6,"{""d"":7.0,""p"":0.0001,""r"":7.0}",
      3072,         0,         0,   0.716,correlated_pymatching,bebbad4e559ffded47cdbff4eb6ee9e01c7cf232957d5a8fcc53fa89adffd8c6,"{""d"":7.0,""p"":0.0001,""r"":7.0}",
      3072,         0,         0,   0.729,correlated_pymatching,bebbad4e559ffded47cdbff4eb6ee9e01c7cf232957d5a8fcc53fa89adffd8c6,"{""d"":7.0,""p"":0.0001,""r"":7.0}",
      2048,         1,         0,   0.648,correlated_pymatching,ca5082d95a5eb3b5338a9e234d06ab22da68da62ca4e690b2c55dcde2c6f8487,"{""d"":7.0,""p"":0.001,""r"":7.0}","{""obs_mistake_mask=E"":1}"
      2048,         0,         0,   0.652,correlated_pymatching,ca5082d95a5eb3b5338a9e234d06ab22da68da62ca4e690b2c55dcde2c6f8487,"{""d"":7.0,""p"":0.001,""r"":7.0}",
         1,         0,         0,   0.368,correlated_pymatching,0259a37d81f7967b4b8ec4bb9481c75f99e79b3fd57b573fa80be7c7461d317d,"{""d"":7.0,""p"":0.00046415888336127773,""r"":7.0}",
      3072,         0,         0,   0.804,correlated_pymatching,0259a37d81f7967b4b8ec4bb9481c75f99e79b3fd57b573fa80be7c7461d317d,"{""d"":7.0,""p"":0.00046415888336127773,""r"":7.0}",
         1,         0,         0,   0.352,correlated_pymatching,0259a37d81f7967b4b8ec4bb9481c75f99e79b3fd57b573fa80be7c7461d317d,"{""d"":7.0,""p"":0.00046415888336127773,""r"":7.0}",
      4096,         0,         0,   0.943,correlated_pymatching,bebbad4e559ffded47cdbff4eb6ee9e01c7cf232957d5a8fcc53fa89adffd8c6,"{""d"":7.0,""p"":0.0001,""r"":7.0}",
         2,         0,         0,   0.699,correlated_pymatching,0259a37d81f7967b4b8ec4bb9481c75f99e79b3fd57b573fa80be7c7461d317d,"{""d"":7.0,""p"":0.00046415888336127773,""r"":7.0}",
      4096,         0,         0,   0.951,correlated_pymatching,bebbad4e559ffded47cdbff4eb6ee9e01c7cf232957d5a8fcc53fa89adffd8c6,"{""d"":7.0,""p"":0.0001,""r"":7.0}",
         2,         0,         0,   0.708,correlated_pymatching,0259a37d81f7967b4b8ec4bb9481c75f99e79b3fd57b573fa80be7c7461d317d,"{""d"":7.0,""p"":0.00046415888336127773,""r"":7.0}",
      4096,         0,         0,   0.947,correlated_pymatching,bebbad4e559ffded47cdbff4eb6ee9e01c7cf232957d5a8fcc53fa89adffd8c6,"{""d"":7.0,""p"":0.0001,""r"":7.0}",
      3072,         1,         0,   0.980,correlated_pymatching,ca5082d95a5eb3b5338a9e234d06ab22da68da62ca4e690b2c55dcde2c6f8487,"{""d"":7.0,""p"":0.001,""r"":7.0}","{""obs_mistake_mask=E"":1}"
      3072,         0,         0,   0.979,correlated_pymatching,ca5082d95a5eb3b5338a9e234d06ab22da68da62ca4e690b2c55dcde2c6f8487,"{""d"":7.0,""p"":0.001,""r"":7.0}",
      3072,         0,         0,   0.804,correlated_pymatching,0259a37d81f7967b4b8ec4bb9481c75f99e79b3fd57b573fa80be7c7461d317d,"{""d"":7.0,""p"":0.00046415888336127773,""r"":7.0}",
         2,         0,         0,   0.688,correlated_pymatching,0259a37d81f7967b4b8ec4bb9481c75f99e79b3fd57b573fa80be7c7461d317d,"{""d"":7.0,""p"":0.00046415888336127773,""r"":7.0}",
         2,         0,         0,   0.707,correlated_pymatching,0259a37d81f7967b4b8ec4bb9481c75f99e79b3fd57b573fa80be7c7461d317d,"{""d"":7.0,""p"":0.00046415888336127773,""r"":7.0}",
      5120,         0,         0,    1.18,correlated_pymatching,bebbad4e559ffded47cdbff4eb6ee9e01c7cf232957d5a8fcc53fa89adffd8c6,"{""d"":7.0,""p"":0.0001,""r"":7.0}",
     25101,         0,         0,    5.93,correlated_pymatching,bebbad4e559ffded47cdbff4eb6ee9e01c7cf232957d5a8fcc53fa89adffd8c6,"{""d"":7.0,""p"":0.0001,""r"":7.0}",
      5120,         0,         0,    1.18,correlated_pymatching,bebbad4e559ffded47cdbff4eb6ee9e01c7cf232957d5a8fcc53fa89adffd8c6,"{""d"":7.0,""p"":0.0001,""r"":7.0}",
      5120,         0,         0,    1.20,correlated_pymatching,bebbad4e559ffded47cdbff4eb6ee9e01c7cf232957d5a8fcc53fa89adffd8c6,"{""d"":7.0,""p"":0.0001,""r"":7.0}",
      4096,         0,         0,    1.30,correlated_pymatching,ca5082d95a5eb3b5338a9e234d06ab22da68da62ca4e690b2c55dcde2c6f8487,"{""d"":7.0,""p"":0.001,""r"":7.0}",
      4096,         0,         0,    1.32,correlated_pymatching,ca5082d95a5eb3b5338a9e234d06ab22da68da62ca4e690b2c55dcde2c6f8487,"{""d"":7.0,""p"":0.001,""r"":7.0}",
      5120,         0,         0,    1.35,correlated_pymatching,0259a37d81f7967b4b8ec4bb9481c75f99e79b3fd57b573fa80be7c7461d317d,"{""d"":7.0,""p"":0.00046415888336127773,""r"":7.0}",
         3,         0,         0,    1.04,correlated_pymatching,0259a37d81f7967b4b8ec4bb9481c75f99e79b3fd57b573fa80be7c7461d317d,"{""d"":7.0,""p"":0.00046415888336127773,""r"":7.0}",
         3,         0,         0,    1.06,correlated_pymatching,0259a37d81f7967b4b8ec4bb9481c75f99e79b3fd57b573fa80be7c7461d317d,"{""d"":7.0,""p"":0.00046415888336127773,""r"":7.0}",
      7168,         0,         0,    1.71,correlated_pymatching,bebbad4e559ffded47cdbff4eb6ee9e01c7cf232957d5a8fcc53fa89adffd8c6,"{""d"":7.0,""p"":0.0001,""r"":7.0}",
      7168,         0,         0,    1.64,correlated_pymatching,bebbad4e559ffded47cdbff4eb6ee9e01c7cf232957d5a8fcc53fa89adffd8c6,"{""d"":7.0,""p"":0.0001,""r"":7.0}",
      7168,         0,         0,    1.68,correlated_pymatching,bebbad4e559ffded47cdbff4eb6ee9e01c7cf232957d5a8fcc53fa89adffd8c6,"{""d"":7.0,""p"":0.0001,""r"":7.0}",
      5120,         1,         0,    1.68,correlated_pymatching,ca5082d95a5eb3b5338a9e234d06ab22da68da62ca4e690b2c55dcde2c6f8487,"{""d"":7.0,""p"":0.001,""r"":7.0}","{""obs_mistake_mask=E"":1}"
      5120,         0,         0,    1.66,correlated_pymatching,ca5082d95a5eb3b5338a9e234d06ab22da68da62ca4e690b2c55dcde2c6f8487,"{""d"":7.0,""p"":0.001,""r"":7.0}",
         4,         0,         0,    1.40,correlated_pymatching,0259a37d81f7967b4b8ec4bb9481c75f99e79b3fd57b573fa80be7c7461d317d,"{""d"":7.0,""p"":0.00046415888336127773,""r"":7.0}",
      6144,         0,         0,    1.64,correlated_pymatching,0259a37d81f7967b4b8ec4bb9481c75f99e79b3fd57b573fa80be7c7461d317d,"{""d"":7.0,""p"":0.00046415888336127773,""r"":7.0}",
         4,         0,         0,    1.40,correlated_pymatching,0259a37d81f7967b4b8ec4bb9481c75f99e79b3fd57b573fa80be7c7461d317d,"{""d"":7.0,""p"":0.00046415888336127773,""r"":7.0}",
     48332,         0,         0,    11.3,correlated_pymatching,bebbad4e559ffded47cdbff4eb6ee9e01c7cf232957d5a8fcc53fa89adffd8c6,"{""d"":7.0,""p"":0.0001,""r"":7.0}",
     47104,         0,         0,    11.1,correlated_pymatching,bebbad4e559ffded47cdbff4eb6ee9e01c7cf232957d5a8fcc53fa89adffd8c6,"{""d"":7.0,""p"":0.0001,""r"":7.0}",
     48128,         0,         0,    11.3,correlated_pymatching,bebbad4e559ffded47cdbff4eb6ee9e01c7cf232957d5a8fcc53fa89adffd8c6,"{""d"":7.0,""p"":0.0001,""r"":7.0}",
         5,         0,         0,    1.73,correlated_pymatching,0259a37d81f7967b4b8ec4bb9481c75f99e79b3fd57b573fa80be7c7461d317d,"{""d"":7.0,""p"":0.00046415888336127773,""r"":7.0}",
     41053,         0,         0,    9.64,correlated_pymatching,bebbad4e559ffded47cdbff4eb6ee9e01c7cf232957d5a8fcc53fa89adffd8c6,"{""d"":7.0,""p"":0.0001,""r"":7.0}",
         5,         0,         0,    1.75,correlated_pymatching,0259a37d81f7967b4b8ec4bb9481c75f99e79b3fd57b573fa80be7c7461d317d,"{""d"":7.0,""p"":0.00046415888336127773,""r"":7.0}",
      9216,         0,         0,    2.21,correlated_pymatching,bebbad4e559ffded47cdbff4eb6ee9e01c7cf232957d5a8fcc53fa89adffd8c6,"{""d"":7.0,""p"":0.0001,""r"":7.0}",
      9216,         0,         0,    2.22,correlated_pymatching,bebbad4e559ffded47cdbff4eb6ee9e01c7cf232957d5a8fcc53fa89adffd8c6,"{""d"":7.0,""p"":0.0001,""r"":7.0}",
     10240,         0,         0,    2.37,correlated_pymatching,bebbad4e559ffded47cdbff4eb6ee9e01c7cf232957d5a8fcc53fa89adffd8c6,"{""d"":7.0,""p"":0.0001,""r"":7.0}",
      8192,         0,         0,    2.21,correlated_pymatching,0259a37d81f7967b4b8ec4bb9481c75f99e79b3fd57b573fa80be7c7461d317d,"{""d"":7.0,""p"":0.00046415888336127773,""r"":7.0}",
      7168,         2,         0,    2.28,correlated_pymatching,ca5082d95a5eb3b5338a9e234d06ab22da68da62ca4e690b2c55dcde2c6f8487,"{""d"":7.0,""p"":0.001,""r"":7.0}","{""obs_mistake_mask=E"":2}"
      7168,         0,         0,    2.30,correlated_pymatching,ca5082d95a5eb3b5338a9e234d06ab22da68da62ca4e690b2c55dcde2c6f8487,"{""d"":7.0,""p"":0.001,""r"":7.0}",
         7,         0,         0,    2.44,correlated_pymatching,0259a37d81f7967b4b8ec4bb9481c75f99e79b3fd57b573fa80be7c7461d317d,"{""d"":7.0,""p"":0.00046415888336127773,""r"":7.0}",
         7,         0,         0,    2.51,correlated_pymatching,0259a37d81f7967b4b8ec4bb9481c75f99e79b3fd57b573fa80be7c7461d317d,"{""d"":7.0,""p"":0.00046415888336127773,""r"":7.0}",
    120832,         2,         0,    32.2,correlated_pymatching,0259a37d81f7967b4b8ec4bb9481c75f99e79b3fd57b573fa80be7c7461d317d,"{""d"":7.0,""p"":0.00046415888336127773,""r"":7.0}","{""obs_mistake_mask=E"":2}"
     28663,         0,         0,    6.79,correlated_pymatching,bebbad4e559ffded47cdbff4eb6ee9e01c7cf232957d5a8fcc53fa89adffd8c6,"{""d"":7.0,""p"":0.0001,""r"":7.0}",
     13312,         0,         0,    3.09,correlated_pymatching,bebbad4e559ffded47cdbff4eb6ee9e01c7cf232957d5a8fcc53fa89adffd8c6,"{""d"":7.0,""p"":0.0001,""r"":7.0}",
     13312,         0,         0,    3.13,correlated_pymatching,bebbad4e559ffded47cdbff4eb6ee9e01c7cf232957d5a8fcc53fa89adffd8c6,"{""d"":7.0,""p"":0.0001,""r"":7.0}",
    100352,        15,         0,    32.2,correlated_pymatching,ca5082d95a5eb3b5338a9e234d06ab22da68da62ca4e690b2c55dcde2c6f8487,"{""d"":7.0,""p"":0.001,""r"":7.0}","{""obs_mistake_mask=E"":15}"
     13312,         0,         0,    3.10,correlated_pymatching,bebbad4e559ffded47cdbff4eb6ee9e01c7cf232957d5a8fcc53fa89adffd8c6,"{""d"":7.0,""p"":0.0001,""r"":7.0}",
     12288,         0,         0,    3.25,correlated_pymatching,0259a37d81f7967b4b8ec4bb9481c75f99e79b3fd57b573fa80be7c7461d317d,"{""d"":7.0,""p"":0.00046415888336127773,""r"":7.0}",
     10240,         1,         0,    3.25,correlated_pymatching,ca5082d95a5eb3b5338a9e234d06ab22da68da62ca4e690b2c55dcde2c6f8487,"{""d"":7.0,""p"":0.001,""r"":7.0}","{""obs_mistake_mask=E"":1}"
     10240,         2,         0,    3.27,correlated_pymatching,ca5082d95a5eb3b5338a9e234d06ab22da68da62ca4e690b2c55dcde2c6f8487,"{""d"":7.0,""p"":0.001,""r"":7.0}","{""obs_mistake_mask=E"":2}"
     23077,         0,         0,    5.39,correlated_pymatching,bebbad4e559ffded47cdbff4eb6ee9e01c7cf232957d5a8fcc53fa89adffd8c6,"{""d"":7.0,""p"":0.0001,""r"":7.0}",
     19456,         0,         0,    4.51,correlated_pymatching,bebbad4e559ffded47cdbff4eb6ee9e01c7cf232957d5a8fcc53fa89adffd8c6,"{""d"":7.0,""p"":0.0001,""r"":7.0}",
     23451,         0,         0,    5.48,correlated_pymatching,bebbad4e559ffded47cdbff4eb6ee9e01c7cf232957d5a8fcc53fa89adffd8c6,"{""d"":7.0,""p"":0.0001,""r"":7.0}",
     23451,         0,         0,    5.48,correlated_pymatching,bebbad4e559ffded47cdbff4eb6ee9e01c7cf232957d5a8fcc53fa89adffd8c6,"{""d"":7.0,""p"":0.0001,""r"":7.0}",
        35,         0,         0,   0.201,correlated_pymatching,bebbad4e559ffded47cdbff4eb6ee9e01c7cf232957d5a8fcc53fa89adffd8c6,"{""d"":7.0,""p"":0.0001,""r"":7.0}",
      5111,         0,         0,    1.20,correlated_pymatching,bebbad4e559ffded47cdbff4eb6ee9e01c7cf232957d5a8fcc53fa89adffd8c6,"{""d"":7.0,""p"":0.0001,""r"":7.0}",
       409,         0,         0,   0.217,correlated_pymatching,bebbad4e559ffded47cdbff4eb6ee9e01c7cf232957d5a8fcc53fa89adffd8c6,"{""d"":7.0,""p"":0.0001,""r"":7.0}",
       182,         0,         0,    32.4,correlated_pymatching,0259a37d81f7967b4b8ec4bb9481c75f99e79b3fd57b573fa80be7c7461d317d,"{""d"":7.0,""p"":0.00046415888336127773,""r"":7.0}",
       728,         0,         0,    32.4,correlated_pymatching,bebbad4e559ffded47cdbff4eb6ee9e01c7cf232957d5a8fcc53fa89adffd8c6,"{""d"":7.0,""p"":0.0001,""r"":7.0}",
         9,         0,         0,    3.11,correlated_pymatching,0259a37d81f7967b4b8ec4bb9481c75f99e79b3fd57b573fa80be7c7461d317d,"{""d"":7.0,""p"":0.00046415888336127773,""r"":7.0}",
         9,         0,         0,    3.20,correlated_pymatching,0259a37d81f7967b4b8ec4bb9481c75f99e79b3fd57b573fa80be7c7461d317d,"{""d"":7.0,""p"":0.00046415888336127773,""r"":7.0}",
        91,         0,         0,    32.4,correlated_pymatching,ca5082d95a5eb3b5338a9e234d06ab22da68da62ca4e690b2c55dcde2c6f8487,"{""d"":7.0,""p"":0.001,""r"":7.0}",
     11222,         0,         0,    2.61,correlated_pymatching,bebbad4e559ffded47cdbff4eb6ee9e01c7cf232957d5a8fcc53fa89adffd8c6,"{""d"":7.0,""p"":0.0001,""r"":7.0}",
     11264,         0,         0,    2.60,correlated_pymatching,bebbad4e559ffded47cdbff4eb6ee9e01c7cf232957d5a8fcc53fa89adffd8c6,"{""d"":7.0,""p"":0.0001,""r"":7.0}",
     11690,         0,         0,    2.81,correlated_pymatching,bebbad4e559ffded47cdbff4eb6ee9e01c7cf232957d5a8fcc53fa89adffd8c6,"{""d"":7.0,""p"":0.0001,""r"":7.0}",
      8012,         0,         0,    1.88,correlated_pymatching,bebbad4e559ffded47cdbff4eb6ee9e01c7cf232957d5a8fcc53fa89adffd8c6,"{""d"":7.0,""p"":0.0001,""r"":7.0}",
      8192,         0,         0,    1.90,correlated_pymatching,bebbad4e559ffded47cdbff4eb6ee9e01c7cf232957d5a8fcc53fa89adffd8c6,"{""d"":7.0,""p"":0.0001,""r"":7.0}",
      8192,         0,         0,    1.88,correlated_pymatching,bebbad4e559ffded47cdbff4eb6ee9e01c7cf232957d5a8fcc53fa89adffd8c6,"{""d"":7.0,""p"":0.0001,""r"":7.0}",
      7284,         0,         0,    1.89,correlated_pymatching,bebbad4e559ffded47cdbff4eb6ee9e01c7cf232957d5a8fcc53fa89adffd8c6,"{""d"":7.0,""p"":0.0001,""r"":7.0}",
       728,         0,         0,   0.223,correlated_pymatching,bebbad4e559ffded47cdbff4eb6ee9e01c7cf232957d5a8fcc53fa89adffd8c6,"{""d"":7.0,""p"":0.0001,""r"":7.0}",
      7284,         0,         0,    1.87,correlated_pymatching,bebbad4e559ffded47cdbff4eb6ee9e01c7cf232957d5a8fcc53fa89adffd8c6,"{""d"":7.0,""p"":0.0001,""r"":7.0}",
       856,         0,         0,   0.229,correlated_pymatching,bebbad4e559ffded47cdbff4eb6ee9e01c7cf232957d5a8fcc53fa89adffd8c6,"{""d"":7.0,""p"":0.0001,""r"":7.0}",
      1907,         0,         0,   0.461,correlated_pymatching,bebbad4e559ffded47cdbff4eb6ee9e01c7cf232957d5a8fcc53fa89adffd8c6,"{""d"":7.0,""p"":0.0001,""r"":7.0}",
      1907,         0,         0,   0.463,correlated_pymatching,bebbad4e559ffded47cdbff4eb6ee9e01c7cf232957d5a8fcc53fa89adffd8c6,"{""d"":7.0,""p"":0.0001,""r"":7.0}",
      4404,         0,         0,    1.17,correlated_pymatching,bebbad4e559ffded47cdbff4eb6ee9e01c7cf232957d5a8fcc53fa89adffd8c6,"{""d"":7.0,""p"":0.0001,""r"":7.0}",
      4404,         0,         0,    1.17,correlated_pymatching,bebbad4e559ffded47cdbff4eb6ee9e01c7cf232957d5a8fcc53fa89adffd8c6,"{""d"":7.0,""p"":0.0001,""r"":7.0}",
       978,         0,         0,   0.230,correlated_pymatching,bebbad4e559ffded47cdbff4eb6ee9e01c7cf232957d5a8fcc53fa89adffd8c6,"{""d"":7.0,""p"":0.0001,""r"":7.0}",
      5132,         0,         0,    1.39,correlated_pymatching,bebbad4e559ffded47cdbff4eb6ee9e01c7cf232957d5a8fcc53fa89adffd8c6,"{""d"":7.0,""p"":0.0001,""r"":7.0}",
      2815,         0,         0,   0.720,correlated_pymatching,bebbad4e559ffded47cdbff4eb6ee9e01c7cf232957d5a8fcc53fa89adffd8c6,"{""d"":7.0,""p"":0.0001,""r"":7.0}",
      3178,         0,         0,   0.919,correlated_pymatching,bebbad4e559ffded47cdbff4eb6ee9e01c7cf232957d5a8fcc53fa89adffd8c6,"{""d"":7.0,""p"":0.0001,""r"":7.0}",
       273,         0,         0,   0.215,correlated_pymatching,bebbad4e559ffded47cdbff4eb6ee9e01c7cf232957d5a8fcc53fa89adffd8c6,"{""d"":7.0,""p"":0.0001,""r"":7.0}",
      1553,         0,         0,   0.466,correlated_pymatching,bebbad4e559ffded47cdbff4eb6ee9e01c7cf232957d5a8fcc53fa89adffd8c6,"{""d"":7.0,""p"":0.0001,""r"":7.0}",
       257,         0,         0,   0.216,correlated_pymatching,bebbad4e559ffded47cdbff4eb6ee9e01c7cf232957d5a8fcc53fa89adffd8c6,"{""d"":7.0,""p"":0.0001,""r"":7.0}",
      2623,         0,         0,   0.695,correlated_pymatching,bebbad4e559ffded47cdbff4eb6ee9e01c7cf232957d5a8fcc53fa89adffd8c6,"{""d"":7.0,""p"":0.0001,""r"":7.0}",
      1553,         0,         0,   0.461,correlated_pymatching,bebbad4e559ffded47cdbff4eb6ee9e01c7cf232957d5a8fcc53fa89adffd8c6,"{""d"":7.0,""p"":0.0001,""r"":7.0}",
       401,         0,         0,   0.215,correlated_pymatching,bebbad4e559ffded47cdbff4eb6ee9e01c7cf232957d5a8fcc53fa89adffd8c6,"{""d"":7.0,""p"":0.0001,""r"":7.0}",
      2152,         0,         0,   0.703,correlated_pymatching,bebbad4e559ffded47cdbff4eb6ee9e01c7cf232957d5a8fcc53fa89adffd8c6,"{""d"":7.0,""p"":0.0001,""r"":7.0}",
       256,         0,         0,   0.219,correlated_pymatching,bebbad4e559ffded47cdbff4eb6ee9e01c7cf232957d5a8fcc53fa89adffd8c6,"{""d"":7.0,""p"":0.0001,""r"":7.0}",
       490,         0,         0,   0.228,correlated_pymatching,bebbad4e559ffded47cdbff4eb6ee9e01c7cf232957d5a8fcc53fa89adffd8c6,"{""d"":7.0,""p"":0.0001,""r"":7.0}",
        62,         0,         0,   0.192,correlated_pymatching,bebbad4e559ffded47cdbff4eb6ee9e01c7cf232957d5a8fcc53fa89adffd8c6,"{""d"":7.0,""p"":0.0001,""r"":7.0}",
      1277,         0,         0,   0.455,correlated_pymatching,bebbad4e559ffded47cdbff4eb6ee9e01c7cf232957d5a8fcc53fa89adffd8c6,"{""d"":7.0,""p"":0.0001,""r"":7.0}",
     16384,         0,         0,    4.33,correlated_pymatching,0259a37d81f7967b4b8ec4bb9481c75f99e79b3fd57b573fa80be7c7461d317d,"{""d"":7.0,""p"":0.00046415888336127773,""r"":7.0}",
       221,         0,         0,   0.214,correlated_pymatching,bebbad4e559ffded47cdbff4eb6ee9e01c7cf232957d5a8fcc53fa89adffd8c6,"{""d"":7.0,""p"":0.0001,""r"":7.0}",
      1889,         0,         0,   0.463,correlated_pymatching,bebbad4e559ffded47cdbff4eb6ee9e01c7cf232957d5a8fcc53fa89adffd8c6,"{""d"":7.0,""p"":0.0001,""r"":7.0}",
      1011,         0,         0,   0.240,correlated_pymatching,bebbad4e559ffded47cdbff4eb6ee9e01c7cf232957d5a8fcc53fa89adffd8c6,"{""d"":7.0,""p"":0.0001,""r"":7.0}",
         3,         0,         0,   0.205,correlated_pymatching,bebbad4e559ffded47cdbff4eb6ee9e01c7cf232957d5a8fcc53fa89adffd8c6,"{""d"":7.0,""p"":0.0001,""r"":7.0}",
      1209,         0,         0,   0.445,correlated_pymatching,bebbad4e559ffded47cdbff4eb6ee9e01c7cf232957d5a8fcc53fa89adffd8c6,"{""d"":7.0,""p"":0.0001,""r"":7.0}",
     14336,         4,         0,    4.55,correlated_pymatching,ca5082d95a5eb3b5338a9e234d06ab22da68da62ca4e690b2c55dcde2c6f8487,"{""d"":7.0,""p"":0.001,""r"":7.0}","{""obs_mistake_mask=E"":4}"
      1087,         0,         0,   0.457,correlated_pymatching,bebbad4e559ffded47cdbff4eb6ee9e01c7cf232957d5a8fcc53fa89adffd8c6,"{""d"":7.0,""p"":0.0001,""r"":7.0}",
        13,         0,         0,   0.227,correlated_pymatching,bebbad4e559ffded47cdbff4eb6ee9e01c7cf232957d5a8fcc53fa89adffd8c6,"{""d"":7.0,""p"":0.0001,""r"":7.0}",
       194,         0,         0,   0.214,correlated_pymatching,bebbad4e559ffded47cdbff4eb6ee9e01c7cf232957d5a8fcc53fa89adffd8c6,"{""d"":7.0,""p"":0.0001,""r"":7.0}",
     14336,         3,         0,    4.59,correlated_pymatching,ca5082d95a5eb3b5338a9e234d06ab22da68da62ca4e690b2c55dcde2c6f8487,"{""d"":7.0,""p"":0.001,""r"":7.0}","{""obs_mistake_mask=E"":3}"
       896,         0,         0,   0.237,correlated_pymatching,bebbad4e559ffded47cdbff4eb6ee9e01c7cf232957d5a8fcc53fa89adffd8c6,"{""d"":7.0,""p"":0.0001,""r"":7.0}",
        21,         0,         0,   0.217,correlated_pymatching,bebbad4e559ffded47cdbff4eb6ee9e01c7cf232957d5a8fcc53fa89adffd8c6,"{""d"":7.0,""p"":0.0001,""r"":7.0}",
       803,         0,         0,   0.223,correlated_pymatching,bebbad4e559ffded47cdbff4eb6ee9e01c7cf232957d5a8fcc53fa89adffd8c6,"{""d"":7.0,""p"":0.0001,""r"":7.0}",
       176,         0,         0,   0.211,correlated_pymatching,bebbad4e559ffded47cdbff4eb6ee9e01c7cf232957d5a8fcc53fa89adffd8c6,"{""d"":7.0,""p"":0.0001,""r"":7.0}",
       693,         0,         0,   0.222,correlated_pymatching,bebbad4e559ffded47cdbff4eb6ee9e01c7cf232957d5a8fcc53fa89adffd8c6,"{""d"":7.0,""p"":0.0001,""r"":7.0}",
        41,         0,         0,   0.203,correlated_pymatching,bebbad4e559ffded47cdbff4eb6ee9e01c7cf232957d5a8fcc53fa89adffd8c6,"{""d"":7.0,""p"":0.0001,""r"":7.0}",
       340,         0,         0,   0.211,correlated_pymatching,bebbad4e559ffded47cdbff4eb6ee9e01c7cf232957d5a8fcc53fa89adffd8c6,"{""d"":7.0,""p"":0.0001,""r"":7.0}",
    202629,         0,         0,    54.3,correlated_pymatching,0259a37d81f7967b4b8ec4bb9481c75f99e79b3fd57b573fa80be7c7461d317d,"{""d"":7.0,""p"":0.00046415888336127773,""r"":7.0}",
       111,         0,         0,   0.211,correlated_pymatching,bebbad4e559ffded47cdbff4eb6ee9e01c7cf232957d5a8fcc53fa89adffd8c6,"{""d"":7.0,""p"":0.0001,""r"":7.0}",
       340,         0,         0,   0.216,correlated_pymatching,bebbad4e559ffded47cdbff4eb6ee9e01c7cf232957d5a8fcc53fa89adffd8c6,"{""d"":7.0,""p"":0.0001,""r"":7.0}",
       274,         0,         0,   0.213,correlated_pymatching,bebbad4e559ffded47cdbff4eb6ee9e01c7cf232957d5a8fcc53fa89adffd8c6,"{""d"":7.0,""p"":0.0001,""r"":7.0}",
       340,         0,         0,   0.216,correlated_pymatching,bebbad4e559ffded47cdbff4eb6ee9e01c7cf232957d5a8fcc53fa89adffd8c6,"{""d"":7.0,""p"":0.0001,""r"":7.0}",
       668,         0,         0,    59.1,correlated_pymatching,bebbad4e559ffded47cdbff4eb6ee9e01c7cf232957d5a8fcc53fa89adffd8c6,"{""d"":7.0,""p"":0.0001,""r"":7.0}",
       148,         0,         0,   0.210,correlated_pymatching,bebbad4e559ffded47cdbff4eb6ee9e01c7cf232957d5a8fcc53fa89adffd8c6,"{""d"":7.0,""p"":0.0001,""r"":7.0}",
       148,         0,         0,   0.211,correlated_pymatching,bebbad4e559ffded47cdbff4eb6ee9e01c7cf232957d5a8fcc53fa89adffd8c6,"{""d"":7.0,""p"":0.0001,""r"":7.0}",
        19,         0,         0,   0.214,correlated_pymatching,bebbad4e559ffded47cdbff4eb6ee9e01c7cf232957d5a8fcc53fa89adffd8c6,"{""d"":7.0,""p"":0.0001,""r"":7.0}",
       148,         0,         0,   0.210,correlated_pymatching,bebbad4e559ffded47cdbff4eb6ee9e01c7cf232957d5a8fcc53fa89adffd8c6,"{""d"":7.0,""p"":0.0001,""r"":7.0}",
       148,         0,         0,   0.217,correlated_pymatching,bebbad4e559ffded47cdbff4eb6ee9e01c7cf232957d5a8fcc53fa89adffd8c6,"{""d"":7.0,""p"":0.0001,""r"":7.0}",
       107,         0,         0,   0.210,correlated_pymatching,bebbad4e559ffded47cdbff4eb6ee9e01c7cf232957d5a8fcc53fa89adffd8c6,"{""d"":7.0,""p"":0.0001,""r"":7.0}",
       148,         0,         0,   0.211,correlated_pymatching,bebbad4e559ffded47cdbff4eb6ee9e01c7cf232957d5a8fcc53fa89adffd8c6,"{""d"":7.0,""p"":0.0001,""r"":7.0}",
       205,         0,         0,    52.9,correlated_pymatching,bebbad4e559ffded47cdbff4eb6ee9e01c7cf232957d5a8fcc53fa89adffd8c6,"{""d"":7.0,""p"":0.0001,""r"":7.0}",
        10,         0,         0,   0.206,correlated_pymatching,bebbad4e559ffded47cdbff4eb6ee9e01c7cf232957d5a8fcc53fa89adffd8c6,"{""d"":7.0,""p"":0.0001,""r"":7.0}",
        51,         0,         0,   0.228,correlated_pymatching,bebbad4e559ffded47cdbff4eb6ee9e01c7cf232957d5a8fcc53fa89adffd8c6,"{""d"":7.0,""p"":0.0001,""r"":7.0}",
        33,         0,         0,   0.234,correlated_pymatching,bebbad4e559ffded47cdbff4eb6ee9e01c7cf232957d5a8fcc53fa89adffd8c6,"{""d"":7.0,""p"":0.0001,""r"":7.0}",
        51,         0,         0,   0.205,correlated_pymatching,bebbad4e559ffded47cdbff4eb6ee9e01c7cf232957d5a8fcc53fa89adffd8c6,"{""d"":7.0,""p"":0.0001,""r"":7.0}",
        39,         0,         0,   0.210,correlated_pymatching,bebbad4e559ffded47cdbff4eb6ee9e01c7cf232957d5a8fcc53fa89adffd8c6,"{""d"":7.0,""p"":0.0001,""r"":7.0}",
        51,         0,         0,   0.208,correlated_pymatching,bebbad4e559ffded47cdbff4eb6ee9e01c7cf232957d5a8fcc53fa89adffd8c6,"{""d"":7.0,""p"":0.0001,""r"":7.0}",
        51,         0,         0,   0.215,correlated_pymatching,bebbad4e559ffded47cdbff4eb6ee9e01c7cf232957d5a8fcc53fa89adffd8c6,"{""d"":7.0,""p"":0.0001,""r"":7.0}",
        96,         0,         0,    4.24,correlated_pymatching,bebbad4e559ffded47cdbff4eb6ee9e01c7cf232957d5a8fcc53fa89adffd8c6,"{""d"":7.0,""p"":0.0001,""r"":7.0}",
        19,         0,         0,   0.203,correlated_pymatching,bebbad4e559ffded47cdbff4eb6ee9e01c7cf232957d5a8fcc53fa89adffd8c6,"{""d"":7.0,""p"":0.0001,""r"":7.0}",
         1,         0,         0,   0.210,correlated_pymatching,bebbad4e559ffded47cdbff4eb6ee9e01c7cf232957d5a8fcc53fa89adffd8c6,"{""d"":7.0,""p"":0.0001,""r"":7.0}",
        16,         0,         0,   0.206,correlated_pymatching,bebbad4e559ffded47cdbff4eb6ee9e01c7cf232957d5a8fcc53fa89adffd8c6,"{""d"":7.0,""p"":0.0001,""r"":7.0}",
        16,         0,         0,   0.207,correlated_pymatching,bebbad4e559ffded47cdbff4eb6ee9e01c7cf232957d5a8fcc53fa89adffd8c6,"{""d"":7.0,""p"":0.0001,""r"":7.0}",
        16,         0,         0,   0.214,correlated_pymatching,bebbad4e559ffded47cdbff4eb6ee9e01c7cf232957d5a8fcc53fa89adffd8c6,"{""d"":7.0,""p"":0.0001,""r"":7.0}",
        13,         0,         0,    4.49,correlated_pymatching,0259a37d81f7967b4b8ec4bb9481c75f99e79b3fd57b573fa80be7c7461d317d,"{""d"":7.0,""p"":0.00046415888336127773,""r"":7.0}",
         4,         0,         0,   0.359,correlated_pymatching,bebbad4e559ffded47cdbff4eb6ee9e01c7cf232957d5a8fcc53fa89adffd8c6,"{""d"":7.0,""p"":0.0001,""r"":7.0}",
         6,         0,         0,   0.211,correlated_pymatching,bebbad4e559ffded47cdbff4eb6ee9e01c7cf232957d5a8fcc53fa89adffd8c6,"{""d"":7.0,""p"":0.0001,""r"":7.0}",
        10,         0,         0,   0.207,correlated_pymatching,bebbad4e559ffded47cdbff4eb6ee9e01c7cf232957d5a8fcc53fa89adffd8c6,"{""d"":7.0,""p"":0.0001,""r"":7.0}",
        10,         0,         0,   0.205,correlated_pymatching,bebbad4e559ffded47cdbff4eb6ee9e01c7cf232957d5a8fcc53fa89adffd8c6,"{""d"":7.0,""p"":0.0001,""r"":7.0}",
        10,         0,         0,   0.210,correlated_pymatching,bebbad4e559ffded47cdbff4eb6ee9e01c7cf232957d5a8fcc53fa89adffd8c6,"{""d"":7.0,""p"":0.0001,""r"":7.0}",
        10,         0,         0,   0.205,correlated_pymatching,bebbad4e559ffded47cdbff4eb6ee9e01c7cf232957d5a8fcc53fa89adffd8c6,"{""d"":7.0,""p"":0.0001,""r"":7.0}",
         5,         0,         0,   0.210,correlated_pymatching,bebbad4e559ffded47cdbff4eb6ee9e01c7cf232957d5a8fcc53fa89adffd8c6,"{""d"":7.0,""p"":0.0001,""r"":7.0}",
        16,         0,         0,    1.41,correlated_pymatching,bebbad4e559ffded47cdbff4eb6ee9e01c7cf232957d5a8fcc53fa89adffd8c6,"{""d"":7.0,""p"":0.0001,""r"":7.0}",
        13,         0,         0,    4.60,correlated_pymatching,0259a37d81f7967b4b8ec4bb9481c75f99e79b3fd57b573fa80be7c7461d317d,"{""d"":7.0,""p"":0.00046415888336127773,""r"":7.0}",
         1,         0,         0,   0.203,correlated_pymatching,bebbad4e559ffded47cdbff4eb6ee9e01c7cf232957d5a8fcc53fa89adffd8c6,"{""d"":7.0,""p"":0.0001,""r"":7.0}",
         4,         0,         0,   0.205,correlated_pymatching,bebbad4e559ffded47cdbff4eb6ee9e01c7cf232957d5a8fcc53fa89adffd8c6,"{""d"":7.0,""p"":0.0001,""r"":7.0}",
         4,         0,         0,   0.194,correlated_pymatching,bebbad4e559ffded47cdbff4eb6ee9e01c7cf232957d5a8fcc53fa89adffd8c6,"{""d"":7.0,""p"":0.0001,""r"":7.0}",
         4,         0,         0,   0.203,correlated_pymatching,bebbad4e559ffded47cdbff4eb6ee9e01c7cf232957d5a8fcc53fa89adffd8c6,"{""d"":7.0,""p"":0.0001,""r"":7.0}",
         4,         0,         0,   0.205,correlated_pymatching,bebbad4e559ffded47cdbff4eb6ee9e01c7cf232957d5a8fcc53fa89adffd8c6,"{""d"":7.0,""p"":0.0001,""r"":7.0}",
         4,         0,         0,   0.350,correlated_pymatching,bebbad4e559ffded47cdbff4eb6ee9e01c7cf232957d5a8fcc53fa89adffd8c6,"{""d"":7.0,""p"":0.0001,""r"":7.0}",
         8,         0,         0,    1.39,correlated_pymatching,bebbad4e559ffded47cdbff4eb6ee9e01c7cf232957d5a8fcc53fa89adffd8c6,"{""d"":7.0,""p"":0.0001,""r"":7.0}",
         3,         0,         0,   0.349,correlated_pymatching,bebbad4e559ffded47cdbff4eb6ee9e01c7cf232957d5a8fcc53fa89adffd8c6,"{""d"":7.0,""p"":0.0001,""r"":7.0}",
         1,         0,         0,   0.206,correlated_pymatching,bebbad4e559ffded47cdbff4eb6ee9e01c7cf232957d5a8fcc53fa89adffd8c6,"{""d"":7.0,""p"":0.0001,""r"":7.0}",
         1,         0,         0,   0.348,correlated_pymatching,bebbad4e559ffded47cdbff4eb6ee9e01c7cf232957d5a8fcc53fa89adffd8c6,"{""d"":7.0,""p"":0.0001,""r"":7.0}",
     21888,         0,         0,    63.2,correlated_pymatching,0259a37d81f7967b4b8ec4bb9481c75f99e79b3fd57b573fa80be7c7461d317d,"{""d"":7.0,""p"":0.00046415888336127773,""r"":7.0}",
      5696,         1,         0,    63.3,correlated_pymatching,ca5082d95a5eb3b5338a9e234d06ab22da68da62ca4e690b2c55dcde2c6f8487,"{""d"":7.0,""p"":0.001,""r"":7.0}","{""obs_mistake_mask=E"":1}"
         1,         0,         0,   0.219,correlated_pymatching,0259a37d81f7967b4b8ec4bb9481c75f99e79b3fd57b573fa80be7c7461d317d,"{""d"":7.0,""p"":0.00046415888336127773,""r"":7.0}",
         1,         0,         0,   0.217,correlated_pymatching,ca5082d95a5eb3b5338a9e234d06ab22da68da62ca4e690b2c55dcde2c6f8487,"{""d"":7.0,""p"":0.001,""r"":7.0}",
         1,         0,         0,   0.219,correlated_pymatching,0259a37d81f7967b4b8ec4bb9481c75f99e79b3fd57b573fa80be7c7461d317d,"{""d"":7.0,""p"":0.00046415888336127773,""r"":7.0}",
         1,         0,         0,   0.231,correlated_pymatching,0259a37d81f7967b4b8ec4bb9481c75f99e79b3fd57b573fa80be7c7461d317d,"{""d"":7.0,""p"":0.00046415888336127773,""r"":7.0}",
         1,         0,         0,   0.232,correlated_pymatching,ca5082d95a5eb3b5338a9e234d06ab22da68da62ca4e690b2c55dcde2c6f8487,"{""d"":7.0,""p"":0.001,""r"":7.0}",
         1,         0,         0,   0.230,correlated_pymatching,ca5082d95a5eb3b5338a9e234d06ab22da68da62ca4e690b2c55dcde2c6f8487,"{""d"":7.0,""p"":0.001,""r"":7.0}",
         1,         0,         0,   0.219,correlated_pymatching,ca5082d95a5eb3b5338a9e234d06ab22da68da62ca4e690b2c55dcde2c6f8487,"{""d"":7.0,""p"":0.001,""r"":7.0}",
         1,         0,         0,   0.209,correlated_pymatching,ca5082d95a5eb3b5338a9e234d06ab22da68da62ca4e690b2c55dcde2c6f8487,"{""d"":7.0,""p"":0.001,""r"":7.0}",
         2,         0,         0,   0.203,correlated_pymatching,0259a37d81f7967b4b8ec4bb9481c75f99e79b3fd57b573fa80be7c7461d317d,"{""d"":7.0,""p"":0.00046415888336127773,""r"":7.0}",
         2,         0,         0,   0.216,correlated_pymatching,ca5082d95a5eb3b5338a9e234d06ab22da68da62ca4e690b2c55dcde2c6f8487,"{""d"":7.0,""p"":0.001,""r"":7.0}",
         2,         0,         0,   0.216,correlated_pymatching,0259a37d81f7967b4b8ec4bb9481c75f99e79b3fd57b573fa80be7c7461d317d,"{""d"":7.0,""p"":0.00046415888336127773,""r"":7.0}",
         2,         0,         0,   0.214,correlated_pymatching,ca5082d95a5eb3b5338a9e234d06ab22da68da62ca4e690b2c55dcde2c6f8487,"{""d"":7.0,""p"":0.001,""r"":7.0}",
         2,         0,         0,   0.215,correlated_pymatching,0259a37d81f7967b4b8ec4bb9481c75f99e79b3fd57b573fa80be7c7461d317d,"{""d"":7.0,""p"":0.00046415888336127773,""r"":7.0}",
         2,         0,         0,   0.216,correlated_pymatching,ca5082d95a5eb3b5338a9e234d06ab22da68da62ca4e690b2c55dcde2c6f8487,"{""d"":7.0,""p"":0.001,""r"":7.0}",
         2,         0,         0,   0.216,correlated_pymatching,ca5082d95a5eb3b5338a9e234d06ab22da68da62ca4e690b2c55dcde2c6f8487,"{""d"":7.0,""p"":0.001,""r"":7.0}",
         2,         0,         0,   0.221,correlated_pymatching,ca5082d95a5eb3b5338a9e234d06ab22da68da62ca4e690b2c55dcde2c6f8487,"{""d"":7.0,""p"":0.001,""r"":7.0}",
         1,         0,         0,   0.365,correlated_pymatching,ca5082d95a5eb3b5338a9e234d06ab22da68da62ca4e690b2c55dcde2c6f8487,"{""d"":7.0,""p"":0.001,""r"":7.0}",
         1,         0,         0,   0.369,correlated_pymatching,0259a37d81f7967b4b8ec4bb9481c75f99e79b3fd57b573fa80be7c7461d317d,"{""d"":7.0,""p"":0.00046415888336127773,""r"":7.0}",
         1,         0,         0,   0.366,correlated_pymatching,0259a37d81f7967b4b8ec4bb9481c75f99e79b3fd57b573fa80be7c7461d317d,"{""d"":7.0,""p"":0.00046415888336127773,""r"":7.0}",
         4,         0,         0,   0.216,correlated_pymatching,0259a37d81f7967b4b8ec4bb9481c75f99e79b3fd57b573fa80be7c7461d317d,"{""d"":7.0,""p"":0.00046415888336127773,""r"":7.0}",
         4,         0,         0,   0.201,correlated_pymatching,0259a37d81f7967b4b8ec4bb9481c75f99e79b3fd57b573fa80be7c7461d317d,"{""d"":7.0,""p"":0.00046415888336127773,""r"":7.0}",
         4,         0,         0,   0.208,correlated_pymatching,ca5082d95a5eb3b5338a9e234d06ab22da68da62ca4e690b2c55dcde2c6f8487,"{""d"":7.0,""p"":0.001,""r"":7.0}",
         4,         0,         0,   0.208,correlated_pymatching,0259a37d81f7967b4b8ec4bb9481c75f99e79b3fd57b573fa80be7c7461d317d,"{""d"":7.0,""p"":0.00046415888336127773,""r"":7.0}",
         4,         0,         0,   0.216,correlated_pymatching,ca5082d95a5eb3b5338a9e234d06ab22da68da62ca4e690b2c55dcde2c6f8487,"{""d"":7.0,""p"":0.001,""r"":7.0}",
         4,         0,         0,   0.215,correlated_pymatching,ca5082d95a5eb3b5338a9e234d06ab22da68da62ca4e690b2c55dcde2c6f8487,"{""d"":7.0,""p"":0.001,""r"":7.0}",
         4,         0,         0,   0.216,correlated_pymatching,ca5082d95a5eb3b5338a9e234d06ab22da68da62ca4e690b2c55dcde2c6f8487,"{""d"":7.0,""p"":0.001,""r"":7.0}",
         4,         0,         0,   0.211,correlated_pymatching,ca5082d95a5eb3b5338a9e234d06ab22da68da62ca4e690b2c55dcde2c6f8487,"{""d"":7.0,""p"":0.001,""r"":7.0}",
         8,         0,         0,   0.216,correlated_pymatching,0259a37d81f7967b4b8ec4bb9481c75f99e79b3fd57b573fa80be7c7461d317d,"{""d"":7.0,""p"":0.00046415888336127773,""r"":7.0}",
         8,         0,         0,   0.219,correlated_pymatching,0259a37d81f7967b4b8ec4bb9481c75f99e79b3fd57b573fa80be7c7461d317d,"{""d"":7.0,""p"":0.00046415888336127773,""r"":7.0}",
         8,         0,         0,   0.220,correlated_pymatching,ca5082d95a5eb3b5338a9e234d06ab22da68da62ca4e690b2c55dcde2c6f8487,"{""d"":7.0,""p"":0.001,""r"":7.0}",
         8,         0,         0,   0.224,correlated_pymatching,0259a37d81f7967b4b8ec4bb9481c75f99e79b3fd57b573fa80be7c7461d317d,"{""d"":7.0,""p"":0.00046415888336127773,""r"":7.0}",
         8,         0,         0,   0.216,correlated_pymatching,ca5082d95a5eb3b5338a9e234d06ab22da68da62ca4e690b2c55dcde2c6f8487,"{""d"":7.0,""p"":0.001,""r"":7.0}",
         8,         0,         0,   0.208,correlated_pymatching,ca5082d95a5eb3b5338a9e234d06ab22da68da62ca4e690b2c55dcde2c6f8487,"{""d"":7.0,""p"":0.001,""r"":7.0}",
         8,         0,         0,   0.212,correlated_pymatching,ca5082d95a5eb3b5338a9e234d06ab22da68da62ca4e690b2c55dcde2c6f8487,"{""d"":7.0,""p"":0.001,""r"":7.0}",
         1,         0,         0,   0.352,correlated_pymatching,0259a37d81f7967b4b8ec4bb9481c75f99e79b3fd57b573fa80be7c7461d317d,"{""d"":7.0,""p"":0.00046415888336127773,""r"":7.0}",
         1,         0,         0,   0.360,correlated_pymatching,ca5082d95a5eb3b5338a9e234d06ab22da68da62ca4e690b2c55dcde2c6f8487,"{""d"":7.0,""p"":0.001,""r"":7.0}",
         1,         0,         0,   0.359,correlated_pymatching,0259a37d81f7967b4b8ec4bb9481c75f99e79b3fd57b573fa80be7c7461d317d,"{""d"":7.0,""p"":0.00046415888336127773,""r"":7.0}",
         8,         0,         0,   0.221,correlated_pymatching,ca5082d95a5eb3b5338a9e234d06ab22da68da62ca4e690b2c55dcde2c6f8487,"{""d"":7.0,""p"":0.001,""r"":7.0}",
        16,         0,         0,   0.216,correlated_pymatching,0259a37d81f7967b4b8ec4bb9481c75f99e79b3fd57b573fa80be7c7461d317d,"{""d"":7.0,""p"":0.00046415888336127773,""r"":7.0}",
        16,         0,         0,   0.216,correlated_pymatching,0259a37d81f7967b4b8ec4bb9481c75f99e79b3fd57b573fa80be7c7461d317d,"{""d"":7.0,""p"":0.00046415888336127773,""r"":7.0}",
        16,         0,         0,   0.216,correlated_pymatching,ca5082d95a5eb3b5338a9e234d06ab22da68da62ca4e690b2c55dcde2c6f8487,"{""d"":7.0,""p"":0.001,""r"":7.0}",
        16,         0,         0,   0.207,correlated_pymatching,0259a37d81f7967b4b8ec4bb9481c75f99e79b3fd57b573fa80be7c7461d317d,"{""d"":7.0,""p"":0.00046415888336127773,""r"":7.0}",
        16,         0,         0,   0.211,correlated_pymatching,ca5082d95a5eb3b5338a9e234d06ab22da68da62ca4e690b2c55dcde2c6f8487,"{""d"":7.0,""p"":0.001,""r"":7.0}",
        16,         0,         0,   0.215,correlated_pymatching,ca5082d95a5eb3b5338a9e234d06ab22da68da62ca4e690b2c55dcde2c6f8487,"{""d"":7.0,""p"":0.001,""r"":7.0}",
        16,         0,         0,   0.208,correlated_pymatching,ca5082d95a5eb3b5338a9e234d06ab22da68da62ca4e690b2c55dcde2c6f8487,"{""d"":7.0,""p"":0.001,""r"":7.0}",
        16,         0,         0,   0.211,correlated_pymatching,ca5082d95a5eb3b5338a9e234d06ab22da68da62ca4e690b2c55dcde2c6f8487,"{""d"":7.0,""p"":0.001,""r"":7.0}",
         1,         0,         0,   0.357,correlated_pymatching,ca5082d95a5eb3b5338a9e234d06ab22da68da62ca4e690b2c55dcde2c6f8487,"{""d"":7.0,""p"":0.001,""r"":7.0}",
         1,         0,         0,   0.360,correlated_pymatching,0259a37d81f7967b4b8ec4bb9481c75f99e79b3fd57b573fa80be7c7461d317d,"{""d"":7.0,""p"":0.00046415888336127773,""r"":7.0}",
         1,         0,         0,   0.349,correlated_pymatching,0259a37d81f7967b4b8ec4bb9481c75f99e79b3fd57b573fa80be7c7461d317d,"{""d"":7.0,""p"":0.00046415888336127773,""r"":7.0}",
        32,         0,         0,   0.198,correlated_pymatching,0259a37d81f7967b4b8ec4bb9481c75f99e79b3fd57b573fa80be7c7461d317d,"{""d"":7.0,""p"":0.00046415888336127773,""r"":7.0}",
        32,         0,         0,   0.216,correlated_pymatching,0259a37d81f7967b4b8ec4bb9481c75f99e79b3fd57b573fa80be7c7461d317d,"{""d"":7.0,""p"":0.00046415888336127773,""r"":7.0}",
        32,         0,         0,   0.210,correlated_pymatching,ca5082d95a5eb3b5338a9e234d06ab22da68da62ca4e690b2c55dcde2c6f8487,"{""d"":7.0,""p"":0.001,""r"":7.0}",
        32,         0,         0,   0.215,correlated_pymatching,0259a37d81f7967b4b8ec4bb9481c75f99e79b3fd57b573fa80be7c7461d317d,"{""d"":7.0,""p"":0.00046415888336127773,""r"":7.0}",
        32,         0,         0,   0.216,correlated_pymatching,ca5082d95a5eb3b5338a9e234d06ab22da68da62ca4e690b2c55dcde2c6f8487,"{""d"":7.0,""p"":0.001,""r"":7.0}",
        32,         0,         0,   0.219,correlated_pymatching,ca5082d95a5eb3b5338a9e234d06ab22da68da62ca4e690b2c55dcde2c6f8487,"{""d"":7.0,""p"":0.001,""r"":7.0}",
        32,         0,         0,   0.216,correlated_pymatching,ca5082d95a5eb3b5338a9e234d06ab22da68da62ca4e690b2c55dcde2c6f8487,"{""d"":7.0,""p"":0.001,""r"":7.0}",
        32,         0,         0,   0.215,correlated_pymatching,ca5082d95a5eb3b5338a9e234d06ab22da68da62ca4e690b2c55dcde2c6f8487,"{""d"":7.0,""p"":0.001,""r"":7.0}",
        64,         0,         0,   0.210,correlated_pymatching,0259a37d81f7967b4b8ec4bb9481c75f99e79b3fd57b573fa80be7c7461d317d,"{""d"":7.0,""p"":0.00046415888336127773,""r"":7.0}",
        64,         0,         0,   0.229,correlated_pymatching,0259a37d81f7967b4b8ec4bb9481c75f99e79b3fd57b573fa80be7c7461d317d,"{""d"":7.0,""p"":0.00046415888336127773,""r"":7.0}",
        64,         0,         0,   0.225,correlated_pymatching,ca5082d95a5eb3b5338a9e234d06ab22da68da62ca4e690b2c55dcde2c6f8487,"{""d"":7.0,""p"":0.001,""r"":7.0}",
        64,         0,         0,   0.225,correlated_pymatching,0259a37d81f7967b4b8ec4bb9481c75f99e79b3fd57b573fa80be7c7461d317d,"{""d"":7.0,""p"":0.00046415888336127773,""r"":7.0}",
        64,         0,         0,   0.219,correlated_pymatching,ca5082d95a5eb3b5338a9e234d06ab22da68da62ca4e690b2c55dcde2c6f8487,"{""d"":7.0,""p"":0.001,""r"":7.0}",
        64,         0,         0,   0.217,correlated_pymatching,ca5082d95a5eb3b5338a9e234d06ab22da68da62ca4e690b2c55dcde2c6f8487,"{""d"":7.0,""p"":0.001,""r"":7.0}",
        64,         0,         0,   0.216,correlated_pymatching,ca5082d95a5eb3b5338a9e234d06ab22da68da62ca4e690b2c55dcde2c6f8487,"{""d"":7.0,""p"":0.001,""r"":7.0}",
        64,         0,         0,   0.221,correlated_pymatching,ca5082d95a5eb3b5338a9e234d06ab22da68da62ca4e690b2c55dcde2c6f8487,"{""d"":7.0,""p"":0.001,""r"":7.0}",
         1,         0,         0,   0.354,correlated_pymatching,ca5082d95a5eb3b5338a9e234d06ab22da68da62ca4e690b2c55dcde2c6f8487,"{""d"":7.0,""p"":0.001,""r"":7.0}",
         1,         0,         0,   0.355,correlated_pymatching,0259a37d81f7967b4b8ec4bb9481c75f99e79b3fd57b573fa80be7c7461d317d,"{""d"":7.0,""p"":0.00046415888336127773,""r"":7.0}",
         1,         0,         0,   0.360,correlated_pymatching,0259a37d81f7967b4b8ec4bb9481c75f99e79b3fd57b573fa80be7c7461d317d,"{""d"":7.0,""p"":0.00046415888336127773,""r"":7.0}",
       128,         0,         0,   0.221,correlated_pymatching,0259a37d81f7967b4b8ec4bb9481c75f99e79b3fd57b573fa80be7c7461d317d,"{""d"":7.0,""p"":0.00046415888336127773,""r"":7.0}",
       128,         0,         0,   0.216,correlated_pymatching,0259a37d81f7967b4b8ec4bb9481c75f99e79b3fd57b573fa80be7c7461d317d,"{""d"":7.0,""p"":0.00046415888336127773,""r"":7.0}",
       128,         0,         0,   0.228,correlated_pymatching,ca5082d95a5eb3b5338a9e234d06ab22da68da62ca4e690b2c55dcde2c6f8487,"{""d"":7.0,""p"":0.001,""r"":7.0}",
       128,         0,         0,   0.224,correlated_pymatching,0259a37d81f7967b4b8ec4bb9481c75f99e79b3fd57b573fa80be7c7461d317d,"{""d"":7.0,""p"":0.00046415888336127773,""r"":7.0}",
       128,         0,         0,   0.210,correlated_pymatching,ca5082d95a5eb3b5338a9e234d06ab22da68da62ca4e690b2c55dcde2c6f8487,"{""d"":7.0,""p"":0.001,""r"":7.0}",
       128,         0,         0,   0.228,correlated_pymatching,ca5082d95a5eb3b5338a9e234d06ab22da68da62ca4e690b2c55dcde2c6f8487,"{""d"":7.0,""p"":0.001,""r"":7.0}",
       128,         0,         0,   0.228,correlated_pymatching,ca5082d95a5eb3b5338a9e234d06ab22da68da62ca4e690b2c55dcde2c6f8487,"{""d"":7.0,""p"":0.001,""r"":7.0}",
       128,         0,         0,   0.228,correlated_pymatching,ca5082d95a5eb3b5338a9e234d06ab22da68da62ca4e690b2c55dcde2c6f8487,"{""d"":7.0,""p"":0.001,""r"":7.0}",
       256,         0,         0,   0.228,correlated_pymatching,0259a37d81f7967b4b8ec4bb9481c75f99e79b3fd57b573fa80be7c7461d317d,"{""d"":7.0,""p"":0.00046415888336127773,""r"":7.0}",
       256,         0,         0,   0.228,correlated_pymatching,0259a37d81f7967b4b8ec4bb9481c75f99e79b3fd57b573fa80be7c7461d317d,"{""d"":7.0,""p"":0.00046415888336127773,""r"":7.0}",
         1,         0,         0,   0.352,correlated_pymatching,ca5082d95a5eb3b5338a9e234d06ab22da68da62ca4e690b2c55dcde2c6f8487,"{""d"":7.0,""p"":0.001,""r"":7.0}",
         1,         0,         0,   0.356,correlated_pymatching,0259a37d81f7967b4b8ec4bb9481c75f99e79b3fd57b573fa80be7c7461d317d,"{""d"":7.0,""p"":0.00046415888336127773,""r"":7.0}",
       256,         0,         0,   0.220,correlated_pymatching,0259a37d81f7967b4b8ec4bb9481c75f99e79b3fd57b573fa80be7c7461d317d,"{""d"":7.0,""p"":0.00046415888336127773,""r"":7.0}",
         1,         0,         0,   0.360,correlated_pymatching,0259a37d81f7967b4b8ec4bb9481c75f99e79b3fd57b573fa80be7c7461d317d,"{""d"":7.0,""p"":0.00046415888336127773,""r"":7.0}",
       256,         0,         0,   0.225,correlated_pymatching,ca5082d95a5eb3b5338a9e234d06ab22da68da62ca4e690b2c55dcde2c6f8487,"{""d"":7.0,""p"":0.001,""r"":7.0}",
       256,         0,         0,   0.240,correlated_pymatching,ca5082d95a5eb3b5338a9e234d06ab22da68da62ca4e690b2c55dcde2c6f8487,"{""d"":7.0,""p"":0.001,""r"":7.0}",
       256,         0,         0,   0.235,correlated_pymatching,ca5082d95a5eb3b5338a9e234d06ab22da68da62ca4e690b2c55dcde2c6f8487,"{""d"":7.0,""p"":0.001,""r"":7.0}",
       256,         0,         0,   0.248,correlated_pymatching,ca5082d95a5eb3b5338a9e234d06ab22da68da62ca4e690b2c55dcde2c6f8487,"{""d"":7.0,""p"":0.001,""r"":7.0}",
       256,         0,         0,   0.240,correlated_pymatching,ca5082d95a5eb3b5338a9e234d06ab22da68da62ca4e690b2c55dcde2c6f8487,"{""d"":7.0,""p"":0.001,""r"":7.0}",
       512,         0,         0,   0.248,correlated_pymatching,0259a37d81f7967b4b8ec4bb9481c75f99e79b3fd57b573fa80be7c7461d317d,"{""d"":7.0,""p"":0.00046415888336127773,""r"":7.0}",
       512,         0,         0,   0.240,correlated_pymatching,0259a37d81f7967b4b8ec4bb9481c75f99e79b3fd57b573fa80be7c7461d317d,"{""d"":7.0,""p"":0.00046415888336127773,""r"":7.0}",
       512,         0,         0,   0.252,correlated_pymatching,0259a37d81f7967b4b8ec4bb9481c75f99e79b3fd57b573fa80be7c7461d317d,"{""d"":7.0,""p"":0.00046415888336127773,""r"":7.0}",
       512,         0,         0,   0.267,correlated_pymatching,ca5082d95a5eb3b5338a9e234d06ab22da68da62ca4e690b2c55dcde2c6f8487,"{""d"":7.0,""p"":0.001,""r"":7.0}",
       512,         0,         0,   0.276,correlated_pymatching,ca5082d95a5eb3b5338a9e234d06ab22da68da62ca4e690b2c55dcde2c6f8487,"{""d"":7.0,""p"":0.001,""r"":7.0}",
       512,         0,         0,   0.268,correlated_pymatching,ca5082d95a5eb3b5338a9e234d06ab22da68da62ca4e690b2c55dcde2c6f8487,"{""d"":7.0,""p"":0.001,""r"":7.0}",
       512,         0,         0,   0.291,correlated_pymatching,ca5082d95a5eb3b5338a9e234d06ab22da68da62ca4e690b2c55dcde2c6f8487,"{""d"":7.0,""p"":0.001,""r"":7.0}",
       512,         0,         0,   0.276,correlated_pymatching,ca5082d95a5eb3b5338a9e234d06ab22da68da62ca4e690b2c55dcde2c6f8487,"{""d"":7.0,""p"":0.001,""r"":7.0}",
         1,         0,         0,   0.356,correlated_pymatching,ca5082d95a5eb3b5338a9e234d06ab22da68da62ca4e690b2c55dcde2c6f8487,"{""d"":7.0,""p"":0.001,""r"":7.0}",
         1,         0,         0,   0.348,correlated_pymatching,0259a37d81f7967b4b8ec4bb9481c75f99e79b3fd57b573fa80be7c7461d317d,"{""d"":7.0,""p"":0.00046415888336127773,""r"":7.0}",
         1,         0,         0,   0.356,correlated_pymatching,0259a37d81f7967b4b8ec4bb9481c75f99e79b3fd57b573fa80be7c7461d317d,"{""d"":7.0,""p"":0.00046415888336127773,""r"":7.0}",
      1024,         0,         0,   0.313,correlated_pymatching,ca5082d95a5eb3b5338a9e234d06ab22da68da62ca4e690b2c55dcde2c6f8487,"{""d"":7.0,""p"":0.001,""r"":7.0}",
      1024,         0,         0,   0.337,correlated_pymatching,ca5082d95a5eb3b5338a9e234d06ab22da68da62ca4e690b2c55dcde2c6f8487,"{""d"":7.0,""p"":0.001,""r"":7.0}",
      1024,         0,         0,   0.331,correlated_pymatching,ca5082d95a5eb3b5338a9e234d06ab22da68da62ca4e690b2c55dcde2c6f8487,"{""d"":7.0,""p"":0.001,""r"":7.0}",
      1024,         0,         0,   0.336,correlated_pymatching,ca5082d95a5eb3b5338a9e234d06ab22da68da62ca4e690b2c55dcde2c6f8487,"{""d"":7.0,""p"":0.001,""r"":7.0}",
      1024,         1,         0,   0.331,correlated_pymatching,ca5082d95a5eb3b5338a9e234d06ab22da68da62ca4e690b2c55dcde2c6f8487,"{""d"":7.0,""p"":0.001,""r"":7.0}","{""obs_mistake_mask=E"":1}"
         1,         0,         0,   0.352,correlated_pymatching,ca5082d95a5eb3b5338a9e234d06ab22da68da62ca4e690b2c55dcde2c6f8487,"{""d"":7.0,""p"":0.001,""r"":7.0}",
         1,         0,         0,   0.360,correlated_pymatching,0259a37d81f7967b4b8ec4bb9481c75f99e79b3fd57b573fa80be7c7461d317d,"{""d"":7.0,""p"":0.00046415888336127773,""r"":7.0}",
         1,         0,         0,   0.360,correlated_pymatching,0259a37d81f7967b4b8ec4bb9481c75f99e79b3fd57b573fa80be7c7461d317d,"{""d"":7.0,""p"":0.00046415888336127773,""r"":7.0}",
      2800,         0,         0,    63.2,correlated_pymatching,ca5082d95a5eb3b5338a9e234d06ab22da68da62ca4e690b2c55dcde2c6f8487,"{""d"":7.0,""p"":0.001,""r"":7.0}",
      2048,         0,         0,   0.540,correlated_pymatching,0259a37d81f7967b4b8ec4bb9481c75f99e79b3fd57b573fa80be7c7461d317d,"{""d"":7.0,""p"":0.00046415888336127773,""r"":7.0}",
      2048,         0,         0,   0.544,correlated_pymatching,0259a37d81f7967b4b8ec4bb9481c75f99e79b3fd57b573fa80be7c7461d317d,"{""d"":7.0,""p"":0.00046415888336127773,""r"":7.0}",
      2048,         0,         0,   0.552,correlated_pymatching,0259a37d81f7967b4b8ec4bb9481c75f99e79b3fd57b573fa80be7c7461d317d,"{""d"":7.0,""p"":0.00046415888336127773,""r"":7.0}",
       354,         0,         0,    63.0,correlated_pymatching,0259a37d81f7967b4b8ec4bb9481c75f99e79b3fd57b573fa80be7c7461d317d,"{""d"":7.0,""p"":0.00046415888336127773,""r"":7.0}",
     23552,         0,         0,    6.20,correlated_pymatching,0259a37d81f7967b4b8ec4bb9481c75f99e79b3fd57b573fa80be7c7461d317d,"{""d"":7.0,""p"":0.00046415888336127773,""r"":7.0}",
         1,         0,         0,   0.356,correlated_pymatching,ca5082d95a5eb3b5338a9e234d06ab22da68da62ca4e690b2c55dcde2c6f8487,"{""d"":7.0,""p"":0.001,""r"":7.0}",
         1,         0,         0,   0.359,correlated_pymatching,0259a37d81f7967b4b8ec4bb9481c75f99e79b3fd57b573fa80be7c7461d317d,"{""d"":7.0,""p"":0.00046415888336127773,""r"":7.0}",
         1,         0,         0,   0.360,correlated_pymatching,0259a37d81f7967b4b8ec4bb9481c75f99e79b3fd57b573fa80be7c7461d317d,"{""d"":7.0,""p"":0.00046415888336127773,""r"":7.0}",
     19456,         4,         0,    6.20,correlated_pymatching,ca5082d95a5eb3b5338a9e234d06ab22da68da62ca4e690b2c55dcde2c6f8487,"{""d"":7.0,""p"":0.001,""r"":7.0}","{""obs_mistake_mask=E"":4}"
      2048,         0,         0,   0.650,correlated_pymatching,ca5082d95a5eb3b5338a9e234d06ab22da68da62ca4e690b2c55dcde2c6f8487,"{""d"":7.0,""p"":0.001,""r"":7.0}",
      2048,         0,         0,   0.655,correlated_pymatching,ca5082d95a5eb3b5338a9e234d06ab22da68da62ca4e690b2c55dcde2c6f8487,"{""d"":7.0,""p"":0.001,""r"":7.0}",
      2048,         1,         0,   0.657,correlated_pymatching,ca5082d95a5eb3b5338a9e234d06ab22da68da62ca4e690b2c55dcde2c6f8487,"{""d"":7.0,""p"":0.001,""r"":7.0}","{""obs_mistake_mask=E"":1}"
      2048,         0,         0,   0.660,correlated_pymatching,ca5082d95a5eb3b5338a9e234d06ab22da68da62ca4e690b2c55dcde2c6f8487,"{""d"":7.0,""p"":0.001,""r"":7.0}",
      2048,         0,         0,   0.544,correlated_pymatching,0259a37d81f7967b4b8ec4bb9481c75f99e79b3fd57b573fa80be7c7461d317d,"{""d"":7.0,""p"":0.00046415888336127773,""r"":7.0}",
      2048,         0,         0,   0.552,correlated_pymatching,0259a37d81f7967b4b8ec4bb9481c75f99e79b3fd57b573fa80be7c7461d317d,"{""d"":7.0,""p"":0.00046415888336127773,""r"":7.0}",
     19456,         3,         0,    6.21,correlated_pymatching,ca5082d95a5eb3b5338a9e234d06ab22da68da62ca4e690b2c55dcde2c6f8487,"{""d"":7.0,""p"":0.001,""r"":7.0}","{""obs_mistake_mask=E"":3}"
      2048,         0,         0,   0.664,correlated_pymatching,ca5082d95a5eb3b5338a9e234d06ab22da68da62ca4e690b2c55dcde2c6f8487,"{""d"":7.0,""p"":0.001,""r"":7.0}",
      2048,         0,         0,   0.542,correlated_pymatching,0259a37d81f7967b4b8ec4bb9481c75f99e79b3fd57b573fa80be7c7461d317d,"{""d"":7.0,""p"":0.00046415888336127773,""r"":7.0}",
         1,         0,         0,   0.352,correlated_pymatching,ca5082d95a5eb3b5338a9e234d06ab22da68da62ca4e690b2c55dcde2c6f8487,"{""d"":7.0,""p"":0.001,""r"":7.0}",
         1,         0,         0,   0.356,correlated_pymatching,0259a37d81f7967b4b8ec4bb9481c75f99e79b3fd57b573fa80be7c7461d317d,"{""d"":7.0,""p"":0.00046415888336127773,""r"":7.0}",
         1,         0,         0,   0.360,correlated_pymatching,0259a37d81f7967b4b8ec4bb9481c75f99e79b3fd57b573fa80be7c7461d317d,"{""d"":7.0,""p"":0.00046415888336127773,""r"":7.0}",
         1,         0,         0,   0.348,correlated_pymatching,ca5082d95a5eb3b5338a9e234d06ab22da68da62ca4e690b2c55dcde2c6f8487,"{""d"":7.0,""p"":0.001,""r"":7.0}",
         1,         0,         0,   0.344,correlated_pymatching,0259a37d81f7967b4b8ec4bb9481c75f99e79b3fd57b573fa80be7c7461d317d,"{""d"":7.0,""p"":0.00046415888336127773,""r"":7.0}",
         1,         0,         0,   0.356,correlated_pymatching,0259a37d81f7967b4b8ec4bb9481c75f99e79b3fd57b573fa80be7c7461d317d,"{""d"":7.0,""p"":0.00046415888336127773,""r"":7.0}",
      2048,         0,         0,   0.656,correlated_pymatching,ca5082d95a5eb3b5338a9e234d06ab22da68da62ca4e690b2c55dcde2c6f8487,"{""d"":7.0,""p"":0.001,""r"":7.0}",
      2048,         0,         0,   0.664,correlated_pymatching,ca5082d95a5eb3b5338a9e234d06ab22da68da62ca4e690b2c55dcde2c6f8487,"{""d"":7.0,""p"":0.001,""r"":7.0}",
      2048,         1,         0,   0.660,correlated_pymatching,ca5082d95a5eb3b5338a9e234d06ab22da68da62ca4e690b2c55dcde2c6f8487,"{""d"":7.0,""p"":0.001,""r"":7.0}","{""obs_mistake_mask=E"":1}"
      2048,         0,         0,   0.666,correlated_pymatching,ca5082d95a5eb3b5338a9e234d06ab22da68da62ca4e690b2c55dcde2c6f8487,"{""d"":7.0,""p"":0.001,""r"":7.0}",
      2048,         0,         0,   0.659,correlated_pymatching,ca5082d95a5eb3b5338a9e234d06ab22da68da62ca4e690b2c55dcde2c6f8487,"{""d"":7.0,""p"":0.001,""r"":7.0}",
         1,         0,         0,   0.356,correlated_pymatching,ca5082d95a5eb3b5338a9e234d06ab22da68da62ca4e690b2c55dcde2c6f8487,"{""d"":7.0,""p"":0.001,""r"":7.0}",
      3072,         0,         0,   0.809,correlated_pymatching,0259a37d81f7967b4b8ec4bb9481c75f99e79b3fd57b573fa80be7c7461d317d,"{""d"":7.0,""p"":0.00046415888336127773,""r"":7.0}",
         1,         0,         0,   0.351,correlated_pymatching,0259a37d81f7967b4b8ec4bb9481c75f99e79b3fd57b573fa80be7c7461d317d,"{""d"":7.0,""p"":0.00046415888336127773,""r"":7.0}",
      3072,         0,         0,   0.828,correlated_pymatching,0259a37d81f7967b4b8ec4bb9481c75f99e79b3fd57b573fa80be7c7461d317d,"{""d"":7.0,""p"":0.00046415888336127773,""r"":7.0}",
         1,         0,         0,   0.360,correlated_pymatching,0259a37d81f7967b4b8ec4bb9481c75f99e79b3fd57b573fa80be7c7461d317d,"{""d"":7.0,""p"":0.00046415888336127773,""r"":7.0}",
      3072,         0,         0,   0.825,correlated_pymatching,0259a37d81f7967b4b8ec4bb9481c75f99e79b3fd57b573fa80be7c7461d317d,"{""d"":7.0,""p"":0.00046415888336127773,""r"":7.0}",
         2,         0,         0,   0.700,correlated_pymatching,ca5082d95a5eb3b5338a9e234d06ab22da68da62ca4e690b2c55dcde2c6f8487,"{""d"":7.0,""p"":0.001,""r"":7.0}",
         2,         0,         0,   0.708,correlated_pymatching,0259a37d81f7967b4b8ec4bb9481c75f99e79b3fd57b573fa80be7c7461d317d,"{""d"":7.0,""p"":0.00046415888336127773,""r"":7.0}",
         2,         0,         0,   0.707,correlated_pymatching,0259a37d81f7967b4b8ec4bb9481c75f99e79b3fd57b573fa80be7c7461d317d,"{""d"":7.0,""p"":0.00046415888336127773,""r"":7.0}",
      3072,         1,         0,   0.996,correlated_pymatching,ca5082d95a5eb3b5338a9e234d06ab22da68da62ca4e690b2c55dcde2c6f8487,"{""d"":7.0,""p"":0.001,""r"":7.0}","{""obs_mistake_mask=E"":1}"
        18,         0,         0,    6.20,correlated_pymatching,0259a37d81f7967b4b8ec4bb9481c75f99e79b3fd57b573fa80be7c7461d317d,"{""d"":7.0,""p"":0.00046415888336127773,""r"":7.0}",
      3072,         0,         0,   0.996,correlated_pymatching,ca5082d95a5eb3b5338a9e234d06ab22da68da62ca4e690b2c55dcde2c6f8487,"{""d"":7.0,""p"":0.001,""r"":7.0}",
      3072,         0,         0,   0.845,correlated_pymatching,0259a37d81f7967b4b8ec4bb9481c75f99e79b3fd57b573fa80be7c7461d317d,"{""d"":7.0,""p"":0.00046415888336127773,""r"":7.0}",
      3072,         0,         0,   0.823,correlated_pymatching,0259a37d81f7967b4b8ec4bb9481c75f99e79b3fd57b573fa80be7c7461d317d,"{""d"":7.0,""p"":0.00046415888336127773,""r"":7.0}",
      3072,         1,         0,    1.03,correlated_pymatching,ca5082d95a5eb3b5338a9e234d06ab22da68da62ca4e690b2c55dcde2c6f8487,"{""d"":7.0,""p"":0.001,""r"":7.0}","{""obs_mistake_mask=E"":1}"
      3072,         0,         0,    1.04,correlated_pymatching,ca5082d95a5eb3b5338a9e234d06ab22da68da62ca4e690b2c55dcde2c6f8487,"{""d"":7.0,""p"":0.001,""r"":7.0}",
      3072,         0,         0,   0.835,correlated_pymatching,0259a37d81f7967b4b8ec4bb9481c75f99e79b3fd57b573fa80be7c7461d317d,"{""d"":7.0,""p"":0.00046415888336127773,""r"":7.0}",
      3072,         0,         0,    1.02,correlated_pymatching,ca5082d95a5eb3b5338a9e234d06ab22da68da62ca4e690b2c55dcde2c6f8487,"{""d"":7.0,""p"":0.001,""r"":7.0}",
        17,         0,         0,    6.01,correlated_pymatching,0259a37d81f7967b4b8ec4bb9481c75f99e79b3fd57b573fa80be7c7461d317d,"{""d"":7.0,""p"":0.00046415888336127773,""r"":7.0}",
    115361,         0,         0,    30.5,correlated_pymatching,0259a37d81f7967b4b8ec4bb9481c75f99e79b3fd57b573fa80be7c7461d317d,"{""d"":7.0,""p"":0.00046415888336127773,""r"":7.0}",
    112640,         1,         0,    30.3,correlated_pymatching,0259a37d81f7967b4b8ec4bb9481c75f99e79b3fd57b573fa80be7c7461d317d,"{""d"":7.0,""p"":0.00046415888336127773,""r"":7.0}","{""obs_mistake_mask=E"":1}"
         2,         0,         0,   0.695,correlated_pymatching,ca5082d95a5eb3b5338a9e234d06ab22da68da62ca4e690b2c55dcde2c6f8487,"{""d"":7.0,""p"":0.001,""r"":7.0}",
         2,         0,         0,   0.707,correlated_pymatching,0259a37d81f7967b4b8ec4bb9481c75f99e79b3fd57b573fa80be7c7461d317d,"{""d"":7.0,""p"":0.00046415888336127773,""r"":7.0}",
         2,         0,         0,   0.708,correlated_pymatching,0259a37d81f7967b4b8ec4bb9481c75f99e79b3fd57b573fa80be7c7461d317d,"{""d"":7.0,""p"":0.00046415888336127773,""r"":7.0}",
      4096,         1,         0,    1.31,correlated_pymatching,ca5082d95a5eb3b5338a9e234d06ab22da68da62ca4e690b2c55dcde2c6f8487,"{""d"":7.0,""p"":0.001,""r"":7.0}","{""obs_mistake_mask=E"":1}"
      4096,         0,         0,    1.32,correlated_pymatching,ca5082d95a5eb3b5338a9e234d06ab22da68da62ca4e690b2c55dcde2c6f8487,"{""d"":7.0,""p"":0.001,""r"":7.0}",
      5120,         0,         0,    1.34,correlated_pymatching,0259a37d81f7967b4b8ec4bb9481c75f99e79b3fd57b573fa80be7c7461d317d,"{""d"":7.0,""p"":0.00046415888336127773,""r"":7.0}",
      4096,         0,         0,    1.32,correlated_pymatching,ca5082d95a5eb3b5338a9e234d06ab22da68da62ca4e690b2c55dcde2c6f8487,"{""d"":7.0,""p"":0.001,""r"":7.0}",
      4096,         0,         0,    1.32,correlated_pymatching,ca5082d95a5eb3b5338a9e234d06ab22da68da62ca4e690b2c55dcde2c6f8487,"{""d"":7.0,""p"":0.001,""r"":7.0}",
      4096,         0,         0,    1.31,correlated_pymatching,ca5082d95a5eb3b5338a9e234d06ab22da68da62ca4e690b2c55dcde2c6f8487,"{""d"":7.0,""p"":0.001,""r"":7.0}",
      5120,         0,         0,    1.36,correlated_pymatching,0259a37d81f7967b4b8ec4bb9481c75f99e79b3fd57b573fa80be7c7461d317d,"{""d"":7.0,""p"":0.00046415888336127773,""r"":7.0}",
      5120,         0,         0,    1.38,correlated_pymatching,0259a37d81f7967b4b8ec4bb9481c75f99e79b3fd57b573fa80be7c7461d317d,"{""d"":7.0,""p"":0.00046415888336127773,""r"":7.0}",
         3,         0,         0,    1.06,correlated_pymatching,ca5082d95a5eb3b5338a9e234d06ab22da68da62ca4e690b2c55dcde2c6f8487,"{""d"":7.0,""p"":0.001,""r"":7.0}",
         3,         0,         0,    1.08,correlated_pymatching,0259a37d81f7967b4b8ec4bb9481c75f99e79b3fd57b573fa80be7c7461d317d,"{""d"":7.0,""p"":0.00046415888336127773,""r"":7.0}",
         3,         0,         0,    1.08,correlated_pymatching,0259a37d81f7967b4b8ec4bb9481c75f99e79b3fd57b573fa80be7c7461d317d,"{""d"":7.0,""p"":0.00046415888336127773,""r"":7.0}",
      5120,         1,         0,    1.62,correlated_pymatching,ca5082d95a5eb3b5338a9e234d06ab22da68da62ca4e690b2c55dcde2c6f8487,"{""d"":7.0,""p"":0.001,""r"":7.0}","{""obs_mistake_mask=E"":1}"
      5120,         2,         0,    1.65,correlated_pymatching,ca5082d95a5eb3b5338a9e234d06ab22da68da62ca4e690b2c55dcde2c6f8487,"{""d"":7.0,""p"":0.001,""r"":7.0}","{""obs_mistake_mask=E"":2}"
      6144,         0,         0,    1.62,correlated_pymatching,0259a37d81f7967b4b8ec4bb9481c75f99e79b3fd57b573fa80be7c7461d317d,"{""d"":7.0,""p"":0.00046415888336127773,""r"":7.0}",
      5120,         0,         0,    1.65,correlated_pymatching,ca5082d95a5eb3b5338a9e234d06ab22da68da62ca4e690b2c55dcde2c6f8487,"{""d"":7.0,""p"":0.001,""r"":7.0}",
         4,         0,         0,    1.42,correlated_pymatching,ca5082d95a5eb3b5338a9e234d06ab22da68da62ca4e690b2c55dcde2c6f8487,"{""d"":7.0,""p"":0.001,""r"":7.0}",
      5120,         0,         0,    1.65,correlated_pymatching,ca5082d95a5eb3b5338a9e234d06ab22da68da62ca4e690b2c55dcde2c6f8487,"{""d"":7.0,""p"":0.001,""r"":7.0}",
      5120,         0,         0,    1.66,correlated_pymatching,ca5082d95a5eb3b5338a9e234d06ab22da68da62ca4e690b2c55dcde2c6f8487,"{""d"":7.0,""p"":0.001,""r"":7.0}",
      6144,         0,         0,    1.66,correlated_pymatching,0259a37d81f7967b4b8ec4bb9481c75f99e79b3fd57b573fa80be7c7461d317d,"{""d"":7.0,""p"":0.00046415888336127773,""r"":7.0}",
         4,         0,         0,    1.42,correlated_pymatching,0259a37d81f7967b4b8ec4bb9481c75f99e79b3fd57b573fa80be7c7461d317d,"{""d"":7.0,""p"":0.00046415888336127773,""r"":7.0}",
      6144,         0,         0,    1.65,correlated_pymatching,0259a37d81f7967b4b8ec4bb9481c75f99e79b3fd57b573fa80be7c7461d317d,"{""d"":7.0,""p"":0.00046415888336127773,""r"":7.0}",
         4,         0,         0,    1.43,correlated_pymatching,0259a37d81f7967b4b8ec4bb9481c75f99e79b3fd57b573fa80be7c7461d317d,"{""d"":7.0,""p"":0.00046415888336127773,""r"":7.0}",
         5,         0,         0,    1.76,correlated_pymatching,ca5082d95a5eb3b5338a9e234d06ab22da68da62ca4e690b2c55dcde2c6f8487,"{""d"":7.0,""p"":0.001,""r"":7.0}",
         5,         0,         0,    1.78,correlated_pymatching,0259a37d81f7967b4b8ec4bb9481c75f99e79b3fd57b573fa80be7c7461d317d,"{""d"":7.0,""p"":0.00046415888336127773,""r"":7.0}",
         5,         0,         0,    1.81,correlated_pymatching,0259a37d81f7967b4b8ec4bb9481c75f99e79b3fd57b573fa80be7c7461d317d,"{""d"":7.0,""p"":0.00046415888336127773,""r"":7.0}",
      7168,         0,         0,    2.30,correlated_pymatching,ca5082d95a5eb3b5338a9e234d06ab22da68da62ca4e690b2c55dcde2c6f8487,"{""d"":7.0,""p"":0.001,""r"":7.0}",
      8192,         0,         0,    2.20,correlated_pymatching,0259a37d81f7967b4b8ec4bb9481c75f99e79b3fd57b573fa80be7c7461d317d,"{""d"":7.0,""p"":0.00046415888336127773,""r"":7.0}",
       996,         0,         0,    63.0,correlated_pymatching,ca5082d95a5eb3b5338a9e234d06ab22da68da62ca4e690b2c55dcde2c6f8487,"{""d"":7.0,""p"":0.001,""r"":7.0}",
      7168,         0,         0,    2.30,correlated_pymatching,ca5082d95a5eb3b5338a9e234d06ab22da68da62ca4e690b2c55dcde2c6f8487,"{""d"":7.0,""p"":0.001,""r"":7.0}",
      8192,         0,         0,    2.21,correlated_pymatching,0259a37d81f7967b4b8ec4bb9481c75f99e79b3fd57b573fa80be7c7461d317d,"{""d"":7.0,""p"":0.00046415888336127773,""r"":7.0}",
      7168,         1,         0,    2.31,correlated_pymatching,ca5082d95a5eb3b5338a9e234d06ab22da68da62ca4e690b2c55dcde2c6f8487,"{""d"":7.0,""p"":0.001,""r"":7.0}","{""obs_mistake_mask=E"":1}"
      7168,         2,         0,    2.32,correlated_pymatching,ca5082d95a5eb3b5338a9e234d06ab22da68da62ca4e690b2c55dcde2c6f8487,"{""d"":7.0,""p"":0.001,""r"":7.0}","{""obs_mistake_mask=E"":2}"
      7168,         1,         0,    2.33,correlated_pymatching,ca5082d95a5eb3b5338a9e234d06ab22da68da62ca4e690b2c55dcde2c6f8487,"{""d"":7.0,""p"":0.001,""r"":7.0}","{""obs_mistake_mask=E"":1}"
      9216,         0,         0,    2.43,correlated_pymatching,0259a37d81f7967b4b8ec4bb9481c75f99e79b3fd57b573fa80be7c7461d317d,"{""d"":7.0,""p"":0.00046415888336127773,""r"":7.0}",
     31744,         1,         0,    8.38,correlated_pymatching,0259a37d81f7967b4b8ec4bb9481c75f99e79b3fd57b573fa80be7c7461d317d,"{""d"":7.0,""p"":0.00046415888336127773,""r"":7.0}","{""obs_mistake_mask=E"":1}"
     26624,         3,         0,    8.46,correlated_pymatching,ca5082d95a5eb3b5338a9e234d06ab22da68da62ca4e690b2c55dcde2c6f8487,"{""d"":7.0,""p"":0.001,""r"":7.0}","{""obs_mistake_mask=E"":3}"
     26624,         5,         0,    8.53,correlated_pymatching,ca5082d95a5eb3b5338a9e234d06ab22da68da62ca4e690b2c55dcde2c6f8487,"{""d"":7.0,""p"":0.001,""r"":7.0}","{""obs_mistake_mask=E"":5}"
         7,         0,         0,    2.46,correlated_pymatching,ca5082d95a5eb3b5338a9e234d06ab22da68da62ca4e690b2c55dcde2c6f8487,"{""d"":7.0,""p"":0.001,""r"":7.0}",
         7,         0,         0,    2.48,correlated_pymatching,0259a37d81f7967b4b8ec4bb9481c75f99e79b3fd57b573fa80be7c7461d317d,"{""d"":7.0,""p"":0.00046415888336127773,""r"":7.0}",
         7,         0,         0,    2.48,correlated_pymatching,0259a37d81f7967b4b8ec4bb9481c75f99e79b3fd57b573fa80be7c7461d317d,"{""d"":7.0,""p"":0.00046415888336127773,""r"":7.0}",
     10240,         1,         0,    3.27,correlated_pymatching,ca5082d95a5eb3b5338a9e234d06ab22da68da62ca4e690b2c55dcde2c6f8487,"{""d"":7.0,""p"":0.001,""r"":7.0}","{""obs_mistake_mask=E"":1}"
     12288,         0,         0,    3.28,correlated_pymatching,0259a37d81f7967b4b8ec4bb9481c75f99e79b3fd57b573fa80be7c7461d317d,"{""d"":7.0,""p"":0.00046415888336127773,""r"":7.0}",
     10240,         2,         0,    3.28,correlated_pymatching,ca5082d95a5eb3b5338a9e234d06ab22da68da62ca4e690b2c55dcde2c6f8487,"{""d"":7.0,""p"":0.001,""r"":7.0}","{""obs_mistake_mask=E"":2}"
     12288,         0,         0,    3.29,correlated_pymatching,0259a37d81f7967b4b8ec4bb9481c75f99e79b3fd57b573fa80be7c7461d317d,"{""d"":7.0,""p"":0.00046415888336127773,""r"":7.0}",
     12288,         0,         0,    3.22,correlated_pymatching,0259a37d81f7967b4b8ec4bb9481c75f99e79b3fd57b573fa80be7c7461d317d,"{""d"":7.0,""p"":0.00046415888336127773,""r"":7.0}",
        25,         0,         0,    8.67,correlated_pymatching,0259a37d81f7967b4b8ec4bb9481c75f99e79b3fd57b573fa80be7c7461d317d,"{""d"":7.0,""p"":0.00046415888336127773,""r"":7.0}",
     10240,         0,         0,    3.30,correlated_pymatching,ca5082d95a5eb3b5338a9e234d06ab22da68da62ca4e690b2c55dcde2c6f8487,"{""d"":7.0,""p"":0.001,""r"":7.0}",
     10240,         2,         0,    3.33,correlated_pymatching,ca5082d95a5eb3b5338a9e234d06ab22da68da62ca4e690b2c55dcde2c6f8487,"{""d"":7.0,""p"":0.001,""r"":7.0}","{""obs_mistake_mask=E"":2}"
     10240,         1,         0,    3.31,correlated_pymatching,ca5082d95a5eb3b5338a9e234d06ab22da68da62ca4e690b2c55dcde2c6f8487,"{""d"":7.0,""p"":0.001,""r"":7.0}","{""obs_mistake_mask=E"":1}"
        24,         0,         0,    8.52,correlated_pymatching,0259a37d81f7967b4b8ec4bb9481c75f99e79b3fd57b573fa80be7c7461d317d,"{""d"":7.0,""p"":0.00046415888336127773,""r"":7.0}",
         9,         0,         0,    3.21,correlated_pymatching,ca5082d95a5eb3b5338a9e234d06ab22da68da62ca4e690b2c55dcde2c6f8487,"{""d"":7.0,""p"":0.001,""r"":7.0}",
         9,         0,         0,    3.19,correlated_pymatching,0259a37d81f7967b4b8ec4bb9481c75f99e79b3fd57b573fa80be7c7461d317d,"{""d"":7.0,""p"":0.00046415888336127773,""r"":7.0}",
         9,         0,         0,    3.21,correlated_pymatching,0259a37d81f7967b4b8ec4bb9481c75f99e79b3fd57b573fa80be7c7461d317d,"{""d"":7.0,""p"":0.00046415888336127773,""r"":7.0}",
     13312,         0,         0,    4.29,correlated_pymatching,ca5082d95a5eb3b5338a9e234d06ab22da68da62ca4e690b2c55dcde2c6f8487,"{""d"":7.0,""p"":0.001,""r"":7.0}",
     16384,         1,         0,    4.39,correlated_pymatching,0259a37d81f7967b4b8ec4bb9481c75f99e79b3fd57b573fa80be7c7461d317d,"{""d"":7.0,""p"":0.00046415888336127773,""r"":7.0}","{""obs_mistake_mask=E"":1}"
     13312,         3,         0,    4.28,correlated_pymatching,ca5082d95a5eb3b5338a9e234d06ab22da68da62ca4e690b2c55dcde2c6f8487,"{""d"":7.0,""p"":0.001,""r"":7.0}","{""obs_mistake_mask=E"":3}"
     16384,         0,         0,    4.32,correlated_pymatching,0259a37d81f7967b4b8ec4bb9481c75f99e79b3fd57b573fa80be7c7461d317d,"{""d"":7.0,""p"":0.00046415888336127773,""r"":7.0}",
     13312,         2,         0,    4.30,correlated_pymatching,ca5082d95a5eb3b5338a9e234d06ab22da68da62ca4e690b2c55dcde2c6f8487,"{""d"":7.0,""p"":0.001,""r"":7.0}","{""obs_mistake_mask=E"":2}"
     13312,         5,         0,    4.32,correlated_pymatching,ca5082d95a5eb3b5338a9e234d06ab22da68da62ca4e690b2c55dcde2c6f8487,"{""d"":7.0,""p"":0.001,""r"":7.0}","{""obs_mistake_mask=E"":5}"
     16384,         0,         0,    4.39,correlated_pymatching,0259a37d81f7967b4b8ec4bb9481c75f99e79b3fd57b573fa80be7c7461d317d,"{""d"":7.0,""p"":0.00046415888336127773,""r"":7.0}",
     14336,         0,         0,    4.58,correlated_pymatching,ca5082d95a5eb3b5338a9e234d06ab22da68da62ca4e690b2c55dcde2c6f8487,"{""d"":7.0,""p"":0.001,""r"":7.0}",
     10944,         1,         0,    63.0,correlated_pymatching,ca5082d95a5eb3b5338a9e234d06ab22da68da62ca4e690b2c55dcde2c6f8487,"{""d"":7.0,""p"":0.001,""r"":7.0}","{""obs_mistake_mask=E"":1}"
       356,         0,         0,    63.1,correlated_pymatching,0259a37d81f7967b4b8ec4bb9481c75f99e79b3fd57b573fa80be7c7461d317d,"{""d"":7.0,""p"":0.00046415888336127773,""r"":7.0}",
    103173,         1,         0,    27.2,correlated_pymatching,0259a37d81f7967b4b8ec4bb9481c75f99e79b3fd57b573fa80be7c7461d317d,"{""d"":7.0,""p"":0.00046415888336127773,""r"":7.0}","{""obs_mistake_mask=E"":1}"
     80896,         1,         0,    21.7,correlated_pymatching,0259a37d81f7967b4b8ec4bb9481c75f99e79b3fd57b573fa80be7c7461d317d,"{""d"":7.0,""p"":0.00046415888336127773,""r"":7.0}","{""obs_mistake_mask=E"":1}"
        12,         0,         0,    4.29,correlated_pymatching,0259a37d81f7967b4b8ec4bb9481c75f99e79b3fd57b573fa80be7c7461d317d,"{""d"":7.0,""p"":0.00046415888336127773,""r"":7.0}",
        13,         0,         0,    4.58,correlated_pymatching,ca5082d95a5eb3b5338a9e234d06ab22da68da62ca4e690b2c55dcde2c6f8487,"{""d"":7.0,""p"":0.001,""r"":7.0}",
        13,         0,         0,    4.61,correlated_pymatching,0259a37d81f7967b4b8ec4bb9481c75f99e79b3fd57b573fa80be7c7461d317d,"{""d"":7.0,""p"":0.00046415888336127773,""r"":7.0}",
    140288,        20,         0,    45.2,correlated_pymatching,ca5082d95a5eb3b5338a9e234d06ab22da68da62ca4e690b2c55dcde2c6f8487,"{""d"":7.0,""p"":0.001,""r"":7.0}","{""obs_mistake_mask=E"":20}"
    141312,        22,         0,    45.3,correlated_pymatching,ca5082d95a5eb3b5338a9e234d06ab22da68da62ca4e690b2c55dcde2c6f8487,"{""d"":7.0,""p"":0.001,""r"":7.0}","{""obs_mistake_mask=E"":22}"
     60541,         1,         0,    16.1,correlated_pymatching,0259a37d81f7967b4b8ec4bb9481c75f99e79b3fd57b573fa80be7c7461d317d,"{""d"":7.0,""p"":0.00046415888336127773,""r"":7.0}","{""obs_mistake_mask=E"":1}"
     45056,         0,         0,    11.9,correlated_pymatching,0259a37d81f7967b4b8ec4bb9481c75f99e79b3fd57b573fa80be7c7461d317d,"{""d"":7.0,""p"":0.00046415888336127773,""r"":7.0}",
     37888,         8,         0,    12.0,correlated_pymatching,ca5082d95a5eb3b5338a9e234d06ab22da68da62ca4e690b2c55dcde2c6f8487,"{""d"":7.0,""p"":0.001,""r"":7.0}","{""obs_mistake_mask=E"":8}"
     22528,         1,         0,    6.03,correlated_pymatching,0259a37d81f7967b4b8ec4bb9481c75f99e79b3fd57b573fa80be7c7461d317d,"{""d"":7.0,""p"":0.00046415888336127773,""r"":7.0}","{""obs_mistake_mask=E"":1}"
     18432,         2,         0,    5.98,correlated_pymatching,ca5082d95a5eb3b5338a9e234d06ab22da68da62ca4e690b2c55dcde2c6f8487,"{""d"":7.0,""p"":0.001,""r"":7.0}","{""obs_mistake_mask=E"":2}"
     37888,         6,         0,    12.0,correlated_pymatching,ca5082d95a5eb3b5338a9e234d06ab22da68da62ca4e690b2c55dcde2c6f8487,"{""d"":7.0,""p"":0.001,""r"":7.0}","{""obs_mistake_mask=E"":6}"
     18432,         3,         0,    5.98,correlated_pymatching,ca5082d95a5eb3b5338a9e234d06ab22da68da62ca4e690b2c55dcde2c6f8487,"{""d"":7.0,""p"":0.001,""r"":7.0}","{""obs_mistake_mask=E"":3}"
     22528,         0,         0,    6.05,correlated_pymatching,0259a37d81f7967b4b8ec4bb9481c75f99e79b3fd57b573fa80be7c7461d317d,"{""d"":7.0,""p"":0.00046415888336127773,""r"":7.0}",
     23552,         0,         0,    6.17,correlated_pymatching,0259a37d81f7967b4b8ec4bb9481c75f99e79b3fd57b573fa80be7c7461d317d,"{""d"":7.0,""p"":0.00046415888336127773,""r"":7.0}",
     19456,         1,         0,    6.28,correlated_pymatching,ca5082d95a5eb3b5338a9e234d06ab22da68da62ca4e690b2c55dcde2c6f8487,"{""d"":7.0,""p"":0.001,""r"":7.0}","{""obs_mistake_mask=E"":1}"
     19456,         0,         0,    6.28,correlated_pymatching,ca5082d95a5eb3b5338a9e234d06ab22da68da62ca4e690b2c55dcde2c6f8487,"{""d"":7.0,""p"":0.001,""r"":7.0}",
     19456,         1,         0,    6.24,correlated_pymatching,ca5082d95a5eb3b5338a9e234d06ab22da68da62ca4e690b2c55dcde2c6f8487,"{""d"":7.0,""p"":0.001,""r"":7.0}","{""obs_mistake_mask=E"":1}"
     69743,         0,         0,    19.0,correlated_pymatching,0259a37d81f7967b4b8ec4bb9481c75f99e79b3fd57b573fa80be7c7461d317d,"{""d"":7.0,""p"":0.00046415888336127773,""r"":7.0}",
        34,         0,         0,    11.8,correlated_pymatching,0259a37d81f7967b4b8ec4bb9481c75f99e79b3fd57b573fa80be7c7461d317d,"{""d"":7.0,""p"":0.00046415888336127773,""r"":7.0}",
        34,         0,         0,    12.1,correlated_pymatching,0259a37d81f7967b4b8ec4bb9481c75f99e79b3fd57b573fa80be7c7461d317d,"{""d"":7.0,""p"":0.00046415888336127773,""r"":7.0}",
        17,         0,         0,    6.04,correlated_pymatching,0259a37d81f7967b4b8ec4bb9481c75f99e79b3fd57b573fa80be7c7461d317d,"{""d"":7.0,""p"":0.00046415888336127773,""r"":7.0}",
        17,         0,         0,    6.01,correlated_pymatching,0259a37d81f7967b4b8ec4bb9481c75f99e79b3fd57b573fa80be7c7461d317d,"{""d"":7.0,""p"":0.00046415888336127773,""r"":7.0}",
        18,         0,         0,    6.30,correlated_pymatching,ca5082d95a5eb3b5338a9e234d06ab22da68da62ca4e690b2c55dcde2c6f8487,"{""d"":7.0,""p"":0.001,""r"":7.0}",
     33697,         7,         0,    10.8,correlated_pymatching,ca5082d95a5eb3b5338a9e234d06ab22da68da62ca4e690b2c55dcde2c6f8487,"{""d"":7.0,""p"":0.001,""r"":7.0}","{""obs_mistake_mask=E"":7}"
    124928,        17,         0,    39.9,correlated_pymatching,ca5082d95a5eb3b5338a9e234d06ab22da68da62ca4e690b2c55dcde2c6f8487,"{""d"":7.0,""p"":0.001,""r"":7.0}","{""obs_mistake_mask=E"":17}"
     31744,         0,         0,    8.46,correlated_pymatching,0259a37d81f7967b4b8ec4bb9481c75f99e79b3fd57b573fa80be7c7461d317d,"{""d"":7.0,""p"":0.00046415888336127773,""r"":7.0}",
     34721,         4,         0,    11.2,correlated_pymatching,ca5082d95a5eb3b5338a9e234d06ab22da68da62ca4e690b2c55dcde2c6f8487,"{""d"":7.0,""p"":0.001,""r"":7.0}","{""obs_mistake_mask=E"":4}"
     31744,         0,         0,    8.38,correlated_pymatching,0259a37d81f7967b4b8ec4bb9481c75f99e79b3fd57b573fa80be7c7461d317d,"{""d"":7.0,""p"":0.00046415888336127773,""r"":7.0}",
     31744,         0,         0,    8.51,correlated_pymatching,0259a37d81f7967b4b8ec4bb9481c75f99e79b3fd57b573fa80be7c7461d317d,"{""d"":7.0,""p"":0.00046415888336127773,""r"":7.0}",
     26624,         5,         0,    8.64,correlated_pymatching,ca5082d95a5eb3b5338a9e234d06ab22da68da62ca4e690b2c55dcde2c6f8487,"{""d"":7.0,""p"":0.001,""r"":7.0}","{""obs_mistake_mask=E"":5}"
     26624,         5,         0,    8.63,correlated_pymatching,ca5082d95a5eb3b5338a9e234d06ab22da68da62ca4e690b2c55dcde2c6f8487,"{""d"":7.0,""p"":0.001,""r"":7.0}","{""obs_mistake_mask=E"":5}"
     26624,         4,         0,    8.63,correlated_pymatching,ca5082d95a5eb3b5338a9e234d06ab22da68da62ca4e690b2c55dcde2c6f8487,"{""d"":7.0,""p"":0.001,""r"":7.0}","{""obs_mistake_mask=E"":4}"
     26624,         5,         0,    8.50,correlated_pymatching,ca5082d95a5eb3b5338a9e234d06ab22da68da62ca4e690b2c55dcde2c6f8487,"{""d"":7.0,""p"":0.001,""r"":7.0}","{""obs_mistake_mask=E"":5}"
     26624,         3,         0,    8.58,correlated_pymatching,ca5082d95a5eb3b5338a9e234d06ab22da68da62ca4e690b2c55dcde2c6f8487,"{""d"":7.0,""p"":0.001,""r"":7.0}","{""obs_mistake_mask=E"":3}"
        24,         0,         0,    8.55,correlated_pymatching,0259a37d81f7967b4b8ec4bb9481c75f99e79b3fd57b573fa80be7c7461d317d,"{""d"":7.0,""p"":0.00046415888336127773,""r"":7.0}",
     58280,         0,         0,    15.4,correlated_pymatching,0259a37d81f7967b4b8ec4bb9481c75f99e79b3fd57b573fa80be7c7461d317d,"{""d"":7.0,""p"":0.00046415888336127773,""r"":7.0}",
     57344,         0,         0,    15.3,correlated_pymatching,0259a37d81f7967b4b8ec4bb9481c75f99e79b3fd57b573fa80be7c7461d317d,"{""d"":7.0,""p"":0.00046415888336127773,""r"":7.0}",
        24,         0,         0,    8.48,correlated_pymatching,0259a37d81f7967b4b8ec4bb9481c75f99e79b3fd57b573fa80be7c7461d317d,"{""d"":7.0,""p"":0.00046415888336127773,""r"":7.0}",
     50176,         0,         0,    13.2,correlated_pymatching,0259a37d81f7967b4b8ec4bb9481c75f99e79b3fd57b573fa80be7c7461d317d,"{""d"":7.0,""p"":0.00046415888336127773,""r"":7.0}",
        24,         0,         0,    8.44,correlated_pymatching,ca5082d95a5eb3b5338a9e234d06ab22da68da62ca4e690b2c55dcde2c6f8487,"{""d"":7.0,""p"":0.001,""r"":7.0}",
       936,         0,         0,   0.271,correlated_pymatching,0259a37d81f7967b4b8ec4bb9481c75f99e79b3fd57b573fa80be7c7461d317d,"{""d"":7.0,""p"":0.00046415888336127773,""r"":7.0}",
     48677,         0,         0,    12.9,correlated_pymatching,0259a37d81f7967b4b8ec4bb9481c75f99e79b3fd57b573fa80be7c7461d317d,"{""d"":7.0,""p"":0.00046415888336127773,""r"":7.0}",
     44032,         0,         0,    11.8,correlated_pymatching,0259a37d81f7967b4b8ec4bb9481c75f99e79b3fd57b573fa80be7c7461d317d,"{""d"":7.0,""p"":0.00046415888336127773,""r"":7.0}",
       256,         0,         0,    45.3,correlated_pymatching,0259a37d81f7967b4b8ec4bb9481c75f99e79b3fd57b573fa80be7c7461d317d,"{""d"":7.0,""p"":0.00046415888336127773,""r"":7.0}",
       126,         1,         0,    45.1,correlated_pymatching,ca5082d95a5eb3b5338a9e234d06ab22da68da62ca4e690b2c55dcde2c6f8487,"{""d"":7.0,""p"":0.001,""r"":7.0}","{""obs_mistake_mask=E"":1}"
     52224,         9,         0,    16.6,correlated_pymatching,ca5082d95a5eb3b5338a9e234d06ab22da68da62ca4e690b2c55dcde2c6f8487,"{""d"":7.0,""p"":0.001,""r"":7.0}","{""obs_mistake_mask=E"":9}"
     52224,         6,         0,    16.7,correlated_pymatching,ca5082d95a5eb3b5338a9e234d06ab22da68da62ca4e690b2c55dcde2c6f8487,"{""d"":7.0,""p"":0.001,""r"":7.0}","{""obs_mistake_mask=E"":6}"
        48,         0,         0,    16.6,correlated_pymatching,0259a37d81f7967b4b8ec4bb9481c75f99e79b3fd57b573fa80be7c7461d317d,"{""d"":7.0,""p"":0.00046415888336127773,""r"":7.0}",
     36093,         0,         0,    9.64,correlated_pymatching,0259a37d81f7967b4b8ec4bb9481c75f99e79b3fd57b573fa80be7c7461d317d,"{""d"":7.0,""p"":0.00046415888336127773,""r"":7.0}",
     36103,         1,         0,    9.83,correlated_pymatching,0259a37d81f7967b4b8ec4bb9481c75f99e79b3fd57b573fa80be7c7461d317d,"{""d"":7.0,""p"":0.00046415888336127773,""r"":7.0}","{""obs_mistake_mask=E"":1}"
     36098,         0,         0,    9.81,correlated_pymatching,0259a37d81f7967b4b8ec4bb9481c75f99e79b3fd57b573fa80be7c7461d317d,"{""d"":7.0,""p"":0.00046415888336127773,""r"":7.0}",
        47,         0,         0,    16.7,correlated_pymatching,0259a37d81f7967b4b8ec4bb9481c75f99e79b3fd57b573fa80be7c7461d317d,"{""d"":7.0,""p"":0.00046415888336127773,""r"":7.0}",
     29696,         0,         0,    7.89,correlated_pymatching,0259a37d81f7967b4b8ec4bb9481c75f99e79b3fd57b573fa80be7c7461d317d,"{""d"":7.0,""p"":0.00046415888336127773,""r"":7.0}",
     29696,         0,         0,    7.80,correlated_pymatching,0259a37d81f7967b4b8ec4bb9481c75f99e79b3fd57b573fa80be7c7461d317d,"{""d"":7.0,""p"":0.00046415888336127773,""r"":7.0}",
       363,         0,         0,   0.229,correlated_pymatching,0259a37d81f7967b4b8ec4bb9481c75f99e79b3fd57b573fa80be7c7461d317d,"{""d"":7.0,""p"":0.00046415888336127773,""r"":7.0}",
     28792,         1,         0,    7.88,correlated_pymatching,0259a37d81f7967b4b8ec4bb9481c75f99e79b3fd57b573fa80be7c7461d317d,"{""d"":7.0,""p"":0.00046415888336127773,""r"":7.0}","{""obs_mistake_mask=E"":1}"
     24576,         1,         0,    6.57,correlated_pymatching,0259a37d81f7967b4b8ec4bb9481c75f99e79b3fd57b573fa80be7c7461d317d,"{""d"":7.0,""p"":0.00046415888336127773,""r"":7.0}","{""obs_mistake_mask=E"":1}"
     25600,         0,         0,    6.79,correlated_pymatching,0259a37d81f7967b4b8ec4bb9481c75f99e79b3fd57b573fa80be7c7461d317d,"{""d"":7.0,""p"":0.00046415888336127773,""r"":7.0}",
      3716,         0,         0,    1.06,correlated_pymatching,0259a37d81f7967b4b8ec4bb9481c75f99e79b3fd57b573fa80be7c7461d317d,"{""d"":7.0,""p"":0.00046415888336127773,""r"":7.0}",
       539,         0,         0,   0.235,correlated_pymatching,0259a37d81f7967b4b8ec4bb9481c75f99e79b3fd57b573fa80be7c7461d317d,"{""d"":7.0,""p"":0.00046415888336127773,""r"":7.0}",
     36864,         5,         0,    11.9,correlated_pymatching,ca5082d95a5eb3b5338a9e234d06ab22da68da62ca4e690b2c55dcde2c6f8487,"{""d"":7.0,""p"":0.001,""r"":7.0}","{""obs_mistake_mask=E"":5}"
     36864,         5,         0,    11.9,correlated_pymatching,ca5082d95a5eb3b5338a9e234d06ab22da68da62ca4e690b2c55dcde2c6f8487,"{""d"":7.0,""p"":0.001,""r"":7.0}","{""obs_mistake_mask=E"":5}"
     36864,         5,         0,    11.8,correlated_pymatching,ca5082d95a5eb3b5338a9e234d06ab22da68da62ca4e690b2c55dcde2c6f8487,"{""d"":7.0,""p"":0.001,""r"":7.0}","{""obs_mistake_mask=E"":5}"
     36864,         2,         0,    11.9,correlated_pymatching,ca5082d95a5eb3b5338a9e234d06ab22da68da62ca4e690b2c55dcde2c6f8487,"{""d"":7.0,""p"":0.001,""r"":7.0}","{""obs_mistake_mask=E"":2}"
     36864,         4,         0,    11.9,correlated_pymatching,ca5082d95a5eb3b5338a9e234d06ab22da68da62ca4e690b2c55dcde2c6f8487,"{""d"":7.0,""p"":0.001,""r"":7.0}","{""obs_mistake_mask=E"":4}"
        33,         0,         0,    11.7,correlated_pymatching,0259a37d81f7967b4b8ec4bb9481c75f99e79b3fd57b573fa80be7c7461d317d,"{""d"":7.0,""p"":0.00046415888336127773,""r"":7.0}",
        34,         0,         0,    12.0,correlated_pymatching,0259a37d81f7967b4b8ec4bb9481c75f99e79b3fd57b573fa80be7c7461d317d,"{""d"":7.0,""p"":0.00046415888336127773,""r"":7.0}",
        34,         0,         0,    12.0,correlated_pymatching,ca5082d95a5eb3b5338a9e234d06ab22da68da62ca4e690b2c55dcde2c6f8487,"{""d"":7.0,""p"":0.001,""r"":7.0}",
     20410,         0,         0,    5.36,correlated_pymatching,0259a37d81f7967b4b8ec4bb9481c75f99e79b3fd57b573fa80be7c7461d317d,"{""d"":7.0,""p"":0.00046415888336127773,""r"":7.0}",
     19456,         0,         0,    5.08,correlated_pymatching,0259a37d81f7967b4b8ec4bb9481c75f99e79b3fd57b573fa80be7c7461d317d,"{""d"":7.0,""p"":0.00046415888336127773,""r"":7.0}",
     20407,         0,         0,    5.33,correlated_pymatching,0259a37d81f7967b4b8ec4bb9481c75f99e79b3fd57b573fa80be7c7461d317d,"{""d"":7.0,""p"":0.00046415888336127773,""r"":7.0}",
     19456,         0,         0,    5.09,correlated_pymatching,0259a37d81f7967b4b8ec4bb9481c75f99e79b3fd57b573fa80be7c7461d317d,"{""d"":7.0,""p"":0.00046415888336127773,""r"":7.0}",
       954,         0,         0,   0.265,correlated_pymatching,0259a37d81f7967b4b8ec4bb9481c75f99e79b3fd57b573fa80be7c7461d317d,"{""d"":7.0,""p"":0.00046415888336127773,""r"":7.0}",
     19097,         0,         0,    5.05,correlated_pymatching,0259a37d81f7967b4b8ec4bb9481c75f99e79b3fd57b573fa80be7c7461d317d,"{""d"":7.0,""p"":0.00046415888336127773,""r"":7.0}",
     16640,         0,         0,    47.7,correlated_pymatching,0259a37d81f7967b4b8ec4bb9481c75f99e79b3fd57b573fa80be7c7461d317d,"{""d"":7.0,""p"":0.00046415888336127773,""r"":7.0}",
     19097,         0,         0,    5.14,correlated_pymatching,0259a37d81f7967b4b8ec4bb9481c75f99e79b3fd57b573fa80be7c7461d317d,"{""d"":7.0,""p"":0.00046415888336127773,""r"":7.0}",
     19097,         0,         0,    5.08,correlated_pymatching,0259a37d81f7967b4b8ec4bb9481c75f99e79b3fd57b573fa80be7c7461d317d,"{""d"":7.0,""p"":0.00046415888336127773,""r"":7.0}",
     14136,         0,         0,    3.75,correlated_pymatching,0259a37d81f7967b4b8ec4bb9481c75f99e79b3fd57b573fa80be7c7461d317d,"{""d"":7.0,""p"":0.00046415888336127773,""r"":7.0}",
      6072,         0,         0,    1.61,correlated_pymatching,0259a37d81f7967b4b8ec4bb9481c75f99e79b3fd57b573fa80be7c7461d317d,"{""d"":7.0,""p"":0.00046415888336127773,""r"":7.0}",
      5744,         0,         0,    1.57,correlated_pymatching,0259a37d81f7967b4b8ec4bb9481c75f99e79b3fd57b573fa80be7c7461d317d,"{""d"":7.0,""p"":0.00046415888336127773,""r"":7.0}",
      4961,         0,         0,    1.33,correlated_pymatching,0259a37d81f7967b4b8ec4bb9481c75f99e79b3fd57b573fa80be7c7461d317d,"{""d"":7.0,""p"":0.00046415888336127773,""r"":7.0}",
      6375,         0,         0,    1.83,correlated_pymatching,0259a37d81f7967b4b8ec4bb9481c75f99e79b3fd57b573fa80be7c7461d317d,"{""d"":7.0,""p"":0.00046415888336127773,""r"":7.0}",
      8777,         0,         0,    2.39,correlated_pymatching,0259a37d81f7967b4b8ec4bb9481c75f99e79b3fd57b573fa80be7c7461d317d,"{""d"":7.0,""p"":0.00046415888336127773,""r"":7.0}",
      7453,         0,         0,    2.09,correlated_pymatching,0259a37d81f7967b4b8ec4bb9481c75f99e79b3fd57b573fa80be7c7461d317d,"{""d"":7.0,""p"":0.00046415888336127773,""r"":7.0}",
      9087,         0,         0,    2.40,correlated_pymatching,0259a37d81f7967b4b8ec4bb9481c75f99e79b3fd57b573fa80be7c7461d317d,"{""d"":7.0,""p"":0.00046415888336127773,""r"":7.0}",
       669,         0,         0,   0.242,correlated_pymatching,0259a37d81f7967b4b8ec4bb9481c75f99e79b3fd57b573fa80be7c7461d317d,"{""d"":7.0,""p"":0.00046415888336127773,""r"":7.0}",
      7830,         0,         0,    2.14,correlated_pymatching,0259a37d81f7967b4b8ec4bb9481c75f99e79b3fd57b573fa80be7c7461d317d,"{""d"":7.0,""p"":0.00046415888336127773,""r"":7.0}",
        54,         0,         0,   0.205,correlated_pymatching,0259a37d81f7967b4b8ec4bb9481c75f99e79b3fd57b573fa80be7c7461d317d,"{""d"":7.0,""p"":0.00046415888336127773,""r"":7.0}",
      6265,         0,         0,    1.82,correlated_pymatching,0259a37d81f7967b4b8ec4bb9481c75f99e79b3fd57b573fa80be7c7461d317d,"{""d"":7.0,""p"":0.00046415888336127773,""r"":7.0}",
      6144,         0,         0,    1.61,correlated_pymatching,0259a37d81f7967b4b8ec4bb9481c75f99e79b3fd57b573fa80be7c7461d317d,"{""d"":7.0,""p"":0.00046415888336127773,""r"":7.0}",
      6144,         1,         0,    1.61,correlated_pymatching,0259a37d81f7967b4b8ec4bb9481c75f99e79b3fd57b573fa80be7c7461d317d,"{""d"":7.0,""p"":0.00046415888336127773,""r"":7.0}","{""obs_mistake_mask=E"":1}"
      5788,         0,         0,    1.60,correlated_pymatching,0259a37d81f7967b4b8ec4bb9481c75f99e79b3fd57b573fa80be7c7461d317d,"{""d"":7.0,""p"":0.00046415888336127773,""r"":7.0}",
      4235,         0,         0,    1.30,correlated_pymatching,0259a37d81f7967b4b8ec4bb9481c75f99e79b3fd57b573fa80be7c7461d317d,"{""d"":7.0,""p"":0.00046415888336127773,""r"":7.0}",
       121,         0,         0,   0.193,correlated_pymatching,0259a37d81f7967b4b8ec4bb9481c75f99e79b3fd57b573fa80be7c7461d317d,"{""d"":7.0,""p"":0.00046415888336127773,""r"":7.0}",
       121,         0,         0,   0.213,correlated_pymatching,0259a37d81f7967b4b8ec4bb9481c75f99e79b3fd57b573fa80be7c7461d317d,"{""d"":7.0,""p"":0.00046415888336127773,""r"":7.0}",
      4489,         0,         0,    1.30,correlated_pymatching,0259a37d81f7967b4b8ec4bb9481c75f99e79b3fd57b573fa80be7c7461d317d,"{""d"":7.0,""p"":0.00046415888336127773,""r"":7.0}",
       232,         0,         0,   0.222,correlated_pymatching,0259a37d81f7967b4b8ec4bb9481c75f99e79b3fd57b573fa80be7c7461d317d,"{""d"":7.0,""p"":0.00046415888336127773,""r"":7.0}",
      5102,         0,         0,    1.35,correlated_pymatching,0259a37d81f7967b4b8ec4bb9481c75f99e79b3fd57b573fa80be7c7461d317d,"{""d"":7.0,""p"":0.00046415888336127773,""r"":7.0}",
      5102,         0,         0,    1.34,correlated_pymatching,0259a37d81f7967b4b8ec4bb9481c75f99e79b3fd57b573fa80be7c7461d317d,"{""d"":7.0,""p"":0.00046415888336127773,""r"":7.0}",
       395,         0,         0,   0.229,correlated_pymatching,0259a37d81f7967b4b8ec4bb9481c75f99e79b3fd57b573fa80be7c7461d317d,"{""d"":7.0,""p"":0.00046415888336127773,""r"":7.0}",
      1494,         0,         0,   0.503,correlated_pymatching,0259a37d81f7967b4b8ec4bb9481c75f99e79b3fd57b573fa80be7c7461d317d,"{""d"":7.0,""p"":0.00046415888336127773,""r"":7.0}",
      1494,         0,         0,   0.506,correlated_pymatching,0259a37d81f7967b4b8ec4bb9481c75f99e79b3fd57b573fa80be7c7461d317d,"{""d"":7.0,""p"":0.00046415888336127773,""r"":7.0}",
      1889,         0,         0,   0.527,correlated_pymatching,0259a37d81f7967b4b8ec4bb9481c75f99e79b3fd57b573fa80be7c7461d317d,"{""d"":7.0,""p"":0.00046415888336127773,""r"":7.0}",
      1784,         0,         0,   0.528,correlated_pymatching,0259a37d81f7967b4b8ec4bb9481c75f99e79b3fd57b573fa80be7c7461d317d,"{""d"":7.0,""p"":0.00046415888336127773,""r"":7.0}",
      2420,         0,         0,   0.768,correlated_pymatching,0259a37d81f7967b4b8ec4bb9481c75f99e79b3fd57b573fa80be7c7461d317d,"{""d"":7.0,""p"":0.00046415888336127773,""r"":7.0}",
       305,         0,         0,   0.226,correlated_pymatching,0259a37d81f7967b4b8ec4bb9481c75f99e79b3fd57b573fa80be7c7461d317d,"{""d"":7.0,""p"":0.00046415888336127773,""r"":7.0}",
       649,         0,         0,   0.239,correlated_pymatching,0259a37d81f7967b4b8ec4bb9481c75f99e79b3fd57b573fa80be7c7461d317d,"{""d"":7.0,""p"":0.00046415888336127773,""r"":7.0}",
      2935,         0,         0,   0.799,correlated_pymatching,0259a37d81f7967b4b8ec4bb9481c75f99e79b3fd57b573fa80be7c7461d317d,"{""d"":7.0,""p"":0.00046415888336127773,""r"":7.0}",
      2935,         0,         0,   0.803,correlated_pymatching,0259a37d81f7967b4b8ec4bb9481c75f99e79b3fd57b573fa80be7c7461d317d,"{""d"":7.0,""p"":0.00046415888336127773,""r"":7.0}",
      2935,         0,         0,   0.803,correlated_pymatching,0259a37d81f7967b4b8ec4bb9481c75f99e79b3fd57b573fa80be7c7461d317d,"{""d"":7.0,""p"":0.00046415888336127773,""r"":7.0}",
      2672,         0,         0,   0.779,correlated_pymatching,0259a37d81f7967b4b8ec4bb9481c75f99e79b3fd57b573fa80be7c7461d317d,"{""d"":7.0,""p"":0.00046415888336127773,""r"":7.0}",
      2672,         0,         0,   0.794,correlated_pymatching,0259a37d81f7967b4b8ec4bb9481c75f99e79b3fd57b573fa80be7c7461d317d,"{""d"":7.0,""p"":0.00046415888336127773,""r"":7.0}",
       263,         0,         0,   0.223,correlated_pymatching,0259a37d81f7967b4b8ec4bb9481c75f99e79b3fd57b573fa80be7c7461d317d,"{""d"":7.0,""p"":0.00046415888336127773,""r"":7.0}",
       506,         0,         0,   0.241,correlated_pymatching,0259a37d81f7967b4b8ec4bb9481c75f99e79b3fd57b573fa80be7c7461d317d,"{""d"":7.0,""p"":0.00046415888336127773,""r"":7.0}",
       243,         0,         0,   0.232,correlated_pymatching,0259a37d81f7967b4b8ec4bb9481c75f99e79b3fd57b573fa80be7c7461d317d,"{""d"":7.0,""p"":0.00046415888336127773,""r"":7.0}",
      2692,         0,         0,   0.791,correlated_pymatching,0259a37d81f7967b4b8ec4bb9481c75f99e79b3fd57b573fa80be7c7461d317d,"{""d"":7.0,""p"":0.00046415888336127773,""r"":7.0}",
        50,         0,         0,   0.204,correlated_pymatching,0259a37d81f7967b4b8ec4bb9481c75f99e79b3fd57b573fa80be7c7461d317d,"{""d"":7.0,""p"":0.00046415888336127773,""r"":7.0}",
        15,         0,         0,   0.215,correlated_pymatching,0259a37d81f7967b4b8ec4bb9481c75f99e79b3fd57b573fa80be7c7461d317d,"{""d"":7.0,""p"":0.00046415888336127773,""r"":7.0}",
      2048,         0,         0,   0.539,correlated_pymatching,0259a37d81f7967b4b8ec4bb9481c75f99e79b3fd57b573fa80be7c7461d317d,"{""d"":7.0,""p"":0.00046415888336127773,""r"":7.0}",
       243,         0,         0,   0.222,correlated_pymatching,0259a37d81f7967b4b8ec4bb9481c75f99e79b3fd57b573fa80be7c7461d317d,"{""d"":7.0,""p"":0.00046415888336127773,""r"":7.0}",
      2692,         0,         0,   0.796,correlated_pymatching,0259a37d81f7967b4b8ec4bb9481c75f99e79b3fd57b573fa80be7c7461d317d,"{""d"":7.0,""p"":0.00046415888336127773,""r"":7.0}",
       243,         0,         0,   0.228,correlated_pymatching,0259a37d81f7967b4b8ec4bb9481c75f99e79b3fd57b573fa80be7c7461d317d,"{""d"":7.0,""p"":0.00046415888336127773,""r"":7.0}",
       669,         0,         0,   0.251,correlated_pymatching,0259a37d81f7967b4b8ec4bb9481c75f99e79b3fd57b573fa80be7c7461d317d,"{""d"":7.0,""p"":0.00046415888336127773,""r"":7.0}",
       243,         0,         0,   0.227,correlated_pymatching,0259a37d81f7967b4b8ec4bb9481c75f99e79b3fd57b573fa80be7c7461d317d,"{""d"":7.0,""p"":0.00046415888336127773,""r"":7.0}",
       366,         0,         0,   0.228,correlated_pymatching,0259a37d81f7967b4b8ec4bb9481c75f99e79b3fd57b573fa80be7c7461d317d,"{""d"":7.0,""p"":0.00046415888336127773,""r"":7.0}",
       111,         0,         0,   0.205,correlated_pymatching,0259a37d81f7967b4b8ec4bb9481c75f99e79b3fd57b573fa80be7c7461d317d,"{""d"":7.0,""p"":0.00046415888336127773,""r"":7.0}",
       243,         0,         0,   0.222,correlated_pymatching,0259a37d81f7967b4b8ec4bb9481c75f99e79b3fd57b573fa80be7c7461d317d,"{""d"":7.0,""p"":0.00046415888336127773,""r"":7.0}",
       243,         0,         0,   0.228,correlated_pymatching,0259a37d81f7967b4b8ec4bb9481c75f99e79b3fd57b573fa80be7c7461d317d,"{""d"":7.0,""p"":0.00046415888336127773,""r"":7.0}",
      1920,         0,         0,    5.42,correlated_pymatching,0259a37d81f7967b4b8ec4bb9481c75f99e79b3fd57b573fa80be7c7461d317d,"{""d"":7.0,""p"":0.00046415888336127773,""r"":7.0}",
       749,         0,         0,   0.245,correlated_pymatching,0259a37d81f7967b4b8ec4bb9481c75f99e79b3fd57b573fa80be7c7461d317d,"{""d"":7.0,""p"":0.00046415888336127773,""r"":7.0}",
       749,         0,         0,   0.251,correlated_pymatching,0259a37d81f7967b4b8ec4bb9481c75f99e79b3fd57b573fa80be7c7461d317d,"{""d"":7.0,""p"":0.00046415888336127773,""r"":7.0}",
       749,         0,         0,   0.246,correlated_pymatching,0259a37d81f7967b4b8ec4bb9481c75f99e79b3fd57b573fa80be7c7461d317d,"{""d"":7.0,""p"":0.00046415888336127773,""r"":7.0}",
       749,         0,         0,   0.248,correlated_pymatching,0259a37d81f7967b4b8ec4bb9481c75f99e79b3fd57b573fa80be7c7461d317d,"{""d"":7.0,""p"":0.00046415888336127773,""r"":7.0}",
       749,         0,         0,   0.253,correlated_pymatching,0259a37d81f7967b4b8ec4bb9481c75f99e79b3fd57b573fa80be7c7461d317d,"{""d"":7.0,""p"":0.00046415888336127773,""r"":7.0}",
       932,         0,         0,   0.251,correlated_pymatching,0259a37d81f7967b4b8ec4bb9481c75f99e79b3fd57b573fa80be7c7461d317d,"{""d"":7.0,""p"":0.00046415888336127773,""r"":7.0}",
       749,         0,         0,   0.264,correlated_pymatching,0259a37d81f7967b4b8ec4bb9481c75f99e79b3fd57b573fa80be7c7461d317d,"{""d"":7.0,""p"":0.00046415888336127773,""r"":7.0}",
       555,         0,         0,   0.242,correlated_pymatching,0259a37d81f7967b4b8ec4bb9481c75f99e79b3fd57b573fa80be7c7461d317d,"{""d"":7.0,""p"":0.00046415888336127773,""r"":7.0}",
       555,         0,         0,   0.229,correlated_pymatching,0259a37d81f7967b4b8ec4bb9481c75f99e79b3fd57b573fa80be7c7461d317d,"{""d"":7.0,""p"":0.00046415888336127773,""r"":7.0}",
       571,         0,         0,   0.240,correlated_pymatching,0259a37d81f7967b4b8ec4bb9481c75f99e79b3fd57b573fa80be7c7461d317d,"{""d"":7.0,""p"":0.00046415888336127773,""r"":7.0}",
       571,         0,         0,   0.247,correlated_pymatching,0259a37d81f7967b4b8ec4bb9481c75f99e79b3fd57b573fa80be7c7461d317d,"{""d"":7.0,""p"":0.00046415888336127773,""r"":7.0}",
       571,         0,         0,   0.252,correlated_pymatching,0259a37d81f7967b4b8ec4bb9481c75f99e79b3fd57b573fa80be7c7461d317d,"{""d"":7.0,""p"":0.00046415888336127773,""r"":7.0}",
       411,         0,         0,   0.238,correlated_pymatching,0259a37d81f7967b4b8ec4bb9481c75f99e79b3fd57b573fa80be7c7461d317d,"{""d"":7.0,""p"":0.00046415888336127773,""r"":7.0}",
       448,         0,         0,   0.239,correlated_pymatching,0259a37d81f7967b4b8ec4bb9481c75f99e79b3fd57b573fa80be7c7461d317d,"{""d"":7.0,""p"":0.00046415888336127773,""r"":7.0}",
       535,         0,         0,   0.246,correlated_pymatching,0259a37d81f7967b4b8ec4bb9481c75f99e79b3fd57b573fa80be7c7461d317d,"{""d"":7.0,""p"":0.00046415888336127773,""r"":7.0}",
       535,         0,         0,   0.234,correlated_pymatching,0259a37d81f7967b4b8ec4bb9481c75f99e79b3fd57b573fa80be7c7461d317d,"{""d"":7.0,""p"":0.00046415888336127773,""r"":7.0}",
       519,         0,         0,   0.238,correlated_pymatching,0259a37d81f7967b4b8ec4bb9481c75f99e79b3fd57b573fa80be7c7461d317d,"{""d"":7.0,""p"":0.00046415888336127773,""r"":7.0}",
       519,         0,         0,   0.238,correlated_pymatching,0259a37d81f7967b4b8ec4bb9481c75f99e79b3fd57b573fa80be7c7461d317d,"{""d"":7.0,""p"":0.00046415888336127773,""r"":7.0}",
       519,         0,         0,   0.240,correlated_pymatching,0259a37d81f7967b4b8ec4bb9481c75f99e79b3fd57b573fa80be7c7461d317d,"{""d"":7.0,""p"":0.00046415888336127773,""r"":7.0}",
       496,         0,         0,   0.238,correlated_pymatching,0259a37d81f7967b4b8ec4bb9481c75f99e79b3fd57b573fa80be7c7461d317d,"{""d"":7.0,""p"":0.00046415888336127773,""r"":7.0}",
       459,         0,         0,   0.238,correlated_pymatching,0259a37d81f7967b4b8ec4bb9481c75f99e79b3fd57b573fa80be7c7461d317d,"{""d"":7.0,""p"":0.00046415888336127773,""r"":7.0}",
       230,         0,         0,   0.216,correlated_pymatching,0259a37d81f7967b4b8ec4bb9481c75f99e79b3fd57b573fa80be7c7461d317d,"{""d"":7.0,""p"":0.00046415888336127773,""r"":7.0}",
       230,         0,         0,   0.216,correlated_pymatching,0259a37d81f7967b4b8ec4bb9481c75f99e79b3fd57b573fa80be7c7461d317d,"{""d"":7.0,""p"":0.00046415888336127773,""r"":7.0}",
       230,         0,         0,   0.218,correlated_pymatching,0259a37d81f7967b4b8ec4bb9481c75f99e79b3fd57b573fa80be7c7461d317d,"{""d"":7.0,""p"":0.00046415888336127773,""r"":7.0}",
       230,         0,         0,   0.224,correlated_pymatching,0259a37d81f7967b4b8ec4bb9481c75f99e79b3fd57b573fa80be7c7461d317d,"{""d"":7.0,""p"":0.00046415888336127773,""r"":7.0}",
       230,         0,         0,   0.226,correlated_pymatching,0259a37d81f7967b4b8ec4bb9481c75f99e79b3fd57b573fa80be7c7461d317d,"{""d"":7.0,""p"":0.00046415888336127773,""r"":7.0}",
       230,         0,         0,   0.228,correlated_pymatching,0259a37d81f7967b4b8ec4bb9481c75f99e79b3fd57b573fa80be7c7461d317d,"{""d"":7.0,""p"":0.00046415888336127773,""r"":7.0}",
       230,         0,         0,   0.218,correlated_pymatching,0259a37d81f7967b4b8ec4bb9481c75f99e79b3fd57b573fa80be7c7461d317d,"{""d"":7.0,""p"":0.00046415888336127773,""r"":7.0}",
         7,         0,         0,   0.215,correlated_pymatching,0259a37d81f7967b4b8ec4bb9481c75f99e79b3fd57b573fa80be7c7461d317d,"{""d"":7.0,""p"":0.00046415888336127773,""r"":7.0}",
       224,         0,         0,   0.212,correlated_pymatching,0259a37d81f7967b4b8ec4bb9481c75f99e79b3fd57b573fa80be7c7461d317d,"{""d"":7.0,""p"":0.00046415888336127773,""r"":7.0}",
       399,         0,         0,    1.46,correlated_pymatching,0259a37d81f7967b4b8ec4bb9481c75f99e79b3fd57b573fa80be7c7461d317d,"{""d"":7.0,""p"":0.00046415888336127773,""r"":7.0}",
       224,         0,         0,   0.220,correlated_pymatching,0259a37d81f7967b4b8ec4bb9481c75f99e79b3fd57b573fa80be7c7461d317d,"{""d"":7.0,""p"":0.00046415888336127773,""r"":7.0}",
       224,         0,         0,   0.218,correlated_pymatching,0259a37d81f7967b4b8ec4bb9481c75f99e79b3fd57b573fa80be7c7461d317d,"{""d"":7.0,""p"":0.00046415888336127773,""r"":7.0}",
       224,         0,         0,   0.219,correlated_pymatching,0259a37d81f7967b4b8ec4bb9481c75f99e79b3fd57b573fa80be7c7461d317d,"{""d"":7.0,""p"":0.00046415888336127773,""r"":7.0}",
       224,         0,         0,   0.223,correlated_pymatching,0259a37d81f7967b4b8ec4bb9481c75f99e79b3fd57b573fa80be7c7461d317d,"{""d"":7.0,""p"":0.00046415888336127773,""r"":7.0}",
       224,         0,         0,   0.226,correlated_pymatching,0259a37d81f7967b4b8ec4bb9481c75f99e79b3fd57b573fa80be7c7461d317d,"{""d"":7.0,""p"":0.00046415888336127773,""r"":7.0}",
       224,         0,         0,   0.230,correlated_pymatching,0259a37d81f7967b4b8ec4bb9481c75f99e79b3fd57b573fa80be7c7461d317d,"{""d"":7.0,""p"":0.00046415888336127773,""r"":7.0}",
       101,         0,         0,   0.215,correlated_pymatching,0259a37d81f7967b4b8ec4bb9481c75f99e79b3fd57b573fa80be7c7461d317d,"{""d"":7.0,""p"":0.00046415888336127773,""r"":7.0}",
       101,         0,         0,   0.215,correlated_pymatching,0259a37d81f7967b4b8ec4bb9481c75f99e79b3fd57b573fa80be7c7461d317d,"{""d"":7.0,""p"":0.00046415888336127773,""r"":7.0}",
       101,         0,         0,   0.201,correlated_pymatching,0259a37d81f7967b4b8ec4bb9481c75f99e79b3fd57b573fa80be7c7461d317d,"{""d"":7.0,""p"":0.00046415888336127773,""r"":7.0}",
       101,         0,         0,   0.218,correlated_pymatching,0259a37d81f7967b4b8ec4bb9481c75f99e79b3fd57b573fa80be7c7461d317d,"{""d"":7.0,""p"":0.00046415888336127773,""r"":7.0}",
       101,         0,         0,   0.214,correlated_pymatching,0259a37d81f7967b4b8ec4bb9481c75f99e79b3fd57b573fa80be7c7461d317d,"{""d"":7.0,""p"":0.00046415888336127773,""r"":7.0}",
       101,         0,         0,   0.222,correlated_pymatching,0259a37d81f7967b4b8ec4bb9481c75f99e79b3fd57b573fa80be7c7461d317d,"{""d"":7.0,""p"":0.00046415888336127773,""r"":7.0}",
       294,         0,         0,    52.3,correlated_pymatching,0259a37d81f7967b4b8ec4bb9481c75f99e79b3fd57b573fa80be7c7461d317d,"{""d"":7.0,""p"":0.00046415888336127773,""r"":7.0}",
       208,         0,         0,    37.0,correlated_pymatching,0259a37d81f7967b4b8ec4bb9481c75f99e79b3fd57b573fa80be7c7461d317d,"{""d"":7.0,""p"":0.00046415888336127773,""r"":7.0}",
       101,         0,         0,   0.361,correlated_pymatching,0259a37d81f7967b4b8ec4bb9481c75f99e79b3fd57b573fa80be7c7461d317d,"{""d"":7.0,""p"":0.00046415888336127773,""r"":7.0}",
        24,         0,         0,   0.206,correlated_pymatching,0259a37d81f7967b4b8ec4bb9481c75f99e79b3fd57b573fa80be7c7461d317d,"{""d"":7.0,""p"":0.00046415888336127773,""r"":7.0}",
        90,         0,         0,   0.226,correlated_pymatching,0259a37d81f7967b4b8ec4bb9481c75f99e79b3fd57b573fa80be7c7461d317d,"{""d"":7.0,""p"":0.00046415888336127773,""r"":7.0}",
        99,         0,         0,   0.218,correlated_pymatching,0259a37d81f7967b4b8ec4bb9481c75f99e79b3fd57b573fa80be7c7461d317d,"{""d"":7.0,""p"":0.00046415888336127773,""r"":7.0}",
        99,         0,         0,   0.214,correlated_pymatching,0259a37d81f7967b4b8ec4bb9481c75f99e79b3fd57b573fa80be7c7461d317d,"{""d"":7.0,""p"":0.00046415888336127773,""r"":7.0}",
        24,         0,         0,   0.215,correlated_pymatching,0259a37d81f7967b4b8ec4bb9481c75f99e79b3fd57b573fa80be7c7461d317d,"{""d"":7.0,""p"":0.00046415888336127773,""r"":7.0}",
        99,         0,         0,   0.218,correlated_pymatching,0259a37d81f7967b4b8ec4bb9481c75f99e79b3fd57b573fa80be7c7461d317d,"{""d"":7.0,""p"":0.00046415888336127773,""r"":7.0}",
        24,         0,         0,   0.222,correlated_pymatching,0259a37d81f7967b4b8ec4bb9481c75f99e79b3fd57b573fa80be7c7461d317d,"{""d"":7.0,""p"":0.00046415888336127773,""r"":7.0}",
        99,         0,         0,   0.226,correlated_pymatching,0259a37d81f7967b4b8ec4bb9481c75f99e79b3fd57b573fa80be7c7461d317d,"{""d"":7.0,""p"":0.00046415888336127773,""r"":7.0}",
        99,         0,         0,   0.369,correlated_pymatching,0259a37d81f7967b4b8ec4bb9481c75f99e79b3fd57b573fa80be7c7461d317d,"{""d"":7.0,""p"":0.00046415888336127773,""r"":7.0}",
        11,         0,         0,   0.200,correlated_pymatching,0259a37d81f7967b4b8ec4bb9481c75f99e79b3fd57b573fa80be7c7461d317d,"{""d"":7.0,""p"":0.00046415888336127773,""r"":7.0}",
        11,         0,         0,   0.210,correlated_pymatching,0259a37d81f7967b4b8ec4bb9481c75f99e79b3fd57b573fa80be7c7461d317d,"{""d"":7.0,""p"":0.00046415888336127773,""r"":7.0}",
        11,         0,         0,   0.206,correlated_pymatching,0259a37d81f7967b4b8ec4bb9481c75f99e79b3fd57b573fa80be7c7461d317d,"{""d"":7.0,""p"":0.00046415888336127773,""r"":7.0}",
        65,         0,         0,   0.206,correlated_pymatching,0259a37d81f7967b4b8ec4bb9481c75f99e79b3fd57b573fa80be7c7461d317d,"{""d"":7.0,""p"":0.00046415888336127773,""r"":7.0}",
        65,         0,         0,   0.218,correlated_pymatching,0259a37d81f7967b4b8ec4bb9481c75f99e79b3fd57b573fa80be7c7461d317d,"{""d"":7.0,""p"":0.00046415888336127773,""r"":7.0}",
        65,         0,         0,   0.217,correlated_pymatching,0259a37d81f7967b4b8ec4bb9481c75f99e79b3fd57b573fa80be7c7461d317d,"{""d"":7.0,""p"":0.00046415888336127773,""r"":7.0}",
        11,         0,         0,   0.216,correlated_pymatching,0259a37d81f7967b4b8ec4bb9481c75f99e79b3fd57b573fa80be7c7461d317d,"{""d"":7.0,""p"":0.00046415888336127773,""r"":7.0}",
        65,         0,         0,   0.218,correlated_pymatching,0259a37d81f7967b4b8ec4bb9481c75f99e79b3fd57b573fa80be7c7461d317d,"{""d"":7.0,""p"":0.00046415888336127773,""r"":7.0}",
        94,         0,         0,    16.6,correlated_pymatching,0259a37d81f7967b4b8ec4bb9481c75f99e79b3fd57b573fa80be7c7461d317d,"{""d"":7.0,""p"":0.00046415888336127773,""r"":7.0}",
        58,         0,         0,   0.365,correlated_pymatching,0259a37d81f7967b4b8ec4bb9481c75f99e79b3fd57b573fa80be7c7461d317d,"{""d"":7.0,""p"":0.00046415888336127773,""r"":7.0}",
        19,         0,         0,   0.217,correlated_pymatching,0259a37d81f7967b4b8ec4bb9481c75f99e79b3fd57b573fa80be7c7461d317d,"{""d"":7.0,""p"":0.00046415888336127773,""r"":7.0}",
        34,         0,         0,   0.203,correlated_pymatching,0259a37d81f7967b4b8ec4bb9481c75f99e79b3fd57b573fa80be7c7461d317d,"{""d"":7.0,""p"":0.00046415888336127773,""r"":7.0}",
        34,         0,         0,   0.210,correlated_pymatching,0259a37d81f7967b4b8ec4bb9481c75f99e79b3fd57b573fa80be7c7461d317d,"{""d"":7.0,""p"":0.00046415888336127773,""r"":7.0}",
        34,         0,         0,   0.214,correlated_pymatching,0259a37d81f7967b4b8ec4bb9481c75f99e79b3fd57b573fa80be7c7461d317d,"{""d"":7.0,""p"":0.00046415888336127773,""r"":7.0}",
        39,         0,         0,   0.212,correlated_pymatching,0259a37d81f7967b4b8ec4bb9481c75f99e79b3fd57b573fa80be7c7461d317d,"{""d"":7.0,""p"":0.00046415888336127773,""r"":7.0}",
         2,         0,         0,   0.230,correlated_pymatching,0259a37d81f7967b4b8ec4bb9481c75f99e79b3fd57b573fa80be7c7461d317d,"{""d"":7.0,""p"":0.00046415888336127773,""r"":7.0}",
        42,         0,         0,    14.4,correlated_pymatching,0259a37d81f7967b4b8ec4bb9481c75f99e79b3fd57b573fa80be7c7461d317d,"{""d"":7.0,""p"":0.00046415888336127773,""r"":7.0}",
        39,         0,         0,    13.9,correlated_pymatching,0259a37d81f7967b4b8ec4bb9481c75f99e79b3fd57b573fa80be7c7461d317d,"{""d"":7.0,""p"":0.00046415888336127773,""r"":7.0}",
         6,         0,         0,   0.199,correlated_pymatching,0259a37d81f7967b4b8ec4bb9481c75f99e79b3fd57b573fa80be7c7461d317d,"{""d"":7.0,""p"":0.00046415888336127773,""r"":7.0}",
         9,         0,         0,   0.204,correlated_pymatching,0259a37d81f7967b4b8ec4bb9481c75f99e79b3fd57b573fa80be7c7461d317d,"{""d"":7.0,""p"":0.00046415888336127773,""r"":7.0}",
         2,         0,         0,   0.206,correlated_pymatching,0259a37d81f7967b4b8ec4bb9481c75f99e79b3fd57b573fa80be7c7461d317d,"{""d"":7.0,""p"":0.00046415888336127773,""r"":7.0}",
        17,         0,         0,   0.212,correlated_pymatching,0259a37d81f7967b4b8ec4bb9481c75f99e79b3fd57b573fa80be7c7461d317d,"{""d"":7.0,""p"":0.00046415888336127773,""r"":7.0}",
        17,         0,         0,   0.218,correlated_pymatching,0259a37d81f7967b4b8ec4bb9481c75f99e79b3fd57b573fa80be7c7461d317d,"{""d"":7.0,""p"":0.00046415888336127773,""r"":7.0}",
        15,         0,         0,   0.205,correlated_pymatching,0259a37d81f7967b4b8ec4bb9481c75f99e79b3fd57b573fa80be7c7461d317d,"{""d"":7.0,""p"":0.00046415888336127773,""r"":7.0}",
         4,         0,         0,   0.210,correlated_pymatching,0259a37d81f7967b4b8ec4bb9481c75f99e79b3fd57b573fa80be7c7461d317d,"{""d"":7.0,""p"":0.00046415888336127773,""r"":7.0}",
         1,         0,         0,   0.350,correlated_pymatching,0259a37d81f7967b4b8ec4bb9481c75f99e79b3fd57b573fa80be7c7461d317d,"{""d"":7.0,""p"":0.00046415888336127773,""r"":7.0}",
        29,         0,         0,    10.3,correlated_pymatching,0259a37d81f7967b4b8ec4bb9481c75f99e79b3fd57b573fa80be7c7461d317d,"{""d"":7.0,""p"":0.00046415888336127773,""r"":7.0}",
        29,         0,         0,    10.3,correlated_pymatching,0259a37d81f7967b4b8ec4bb9481c75f99e79b3fd57b573fa80be7c7461d317d,"{""d"":7.0,""p"":0.00046415888336127773,""r"":7.0}",
         4,         0,         0,   0.709,correlated_pymatching,0259a37d81f7967b4b8ec4bb9481c75f99e79b3fd57b573fa80be7c7461d317d,"{""d"":7.0,""p"":0.00046415888336127773,""r"":7.0}",
         7,         0,         0,   0.206,correlated_pymatching,0259a37d81f7967b4b8ec4bb9481c75f99e79b3fd57b573fa80be7c7461d317d,"{""d"":7.0,""p"":0.00046415888336127773,""r"":7.0}",
         8,         0,         0,   0.205,correlated_pymatching,0259a37d81f7967b4b8ec4bb9481c75f99e79b3fd57b573fa80be7c7461d317d,"{""d"":7.0,""p"":0.00046415888336127773,""r"":7.0}",
         7,         0,         0,   0.205,correlated_pymatching,0259a37d81f7967b4b8ec4bb9481c75f99e79b3fd57b573fa80be7c7461d317d,"{""d"":7.0,""p"":0.00046415888336127773,""r"":7.0}",
         1,         0,         0,   0.203,correlated_pymatching,0259a37d81f7967b4b8ec4bb9481c75f99e79b3fd57b573fa80be7c7461d317d,"{""d"":7.0,""p"":0.00046415888336127773,""r"":7.0}",
         2,         0,         0,   0.214,correlated_pymatching,0259a37d81f7967b4b8ec4bb9481c75f99e79b3fd57b573fa80be7c7461d317d,"{""d"":7.0,""p"":0.00046415888336127773,""r"":7.0}",
         1,         0,         0,   0.205,correlated_pymatching,0259a37d81f7967b4b8ec4bb9481c75f99e79b3fd57b573fa80be7c7461d317d,"{""d"":7.0,""p"":0.00046415888336127773,""r"":7.0}",
        10,         0,         0,    1.78,correlated_pymatching,0259a37d81f7967b4b8ec4bb9481c75f99e79b3fd57b573fa80be7c7461d317d,"{""d"":7.0,""p"":0.00046415888336127773,""r"":7.0}",
        10,         0,         0,    1.77,correlated_pymatching,0259a37d81f7967b4b8ec4bb9481c75f99e79b3fd57b573fa80be7c7461d317d,"{""d"":7.0,""p"":0.00046415888336127773,""r"":7.0}",
         5,         0,         0,   0.357,correlated_pymatching,0259a37d81f7967b4b8ec4bb9481c75f99e79b3fd57b573fa80be7c7461d317d,"{""d"":7.0,""p"":0.00046415888336127773,""r"":7.0}",
         4,         0,         0,   0.208,correlated_pymatching,0259a37d81f7967b4b8ec4bb9481c75f99e79b3fd57b573fa80be7c7461d317d,"{""d"":7.0,""p"":0.00046415888336127773,""r"":7.0}",
         2,         0,         0,   0.212,correlated_pymatching,0259a37d81f7967b4b8ec4bb9481c75f99e79b3fd57b573fa80be7c7461d317d,"{""d"":7.0,""p"":0.00046415888336127773,""r"":7.0}",
         3,         0,         0,   0.216,correlated_pymatching,0259a37d81f7967b4b8ec4bb9481c75f99e79b3fd57b573fa80be7c7461d317d,"{""d"":7.0,""p"":0.00046415888336127773,""r"":7.0}",
         1,         0,         0,   0.205,correlated_pymatching,0259a37d81f7967b4b8ec4bb9481c75f99e79b3fd57b573fa80be7c7461d317d,"{""d"":7.0,""p"":0.00046415888336127773,""r"":7.0}",
         3,         0,         0,   0.209,correlated_pymatching,0259a37d81f7967b4b8ec4bb9481c75f99e79b3fd57b573fa80be7c7461d317d,"{""d"":7.0,""p"":0.00046415888336127773,""r"":7.0}",
         2,         0,         0,   0.360,correlated_pymatching,0259a37d81f7967b4b8ec4bb9481c75f99e79b3fd57b573fa80be7c7461d317d,"{""d"":7.0,""p"":0.00046415888336127773,""r"":7.0}",
         3,         0,         0,   0.353,correlated_pymatching,0259a37d81f7967b4b8ec4bb9481c75f99e79b3fd57b573fa80be7c7461d317d,"{""d"":7.0,""p"":0.00046415888336127773,""r"":7.0}",
         3,         0,         0,    1.07,correlated_pymatching,0259a37d81f7967b4b8ec4bb9481c75f99e79b3fd57b573fa80be7c7461d317d,"{""d"":7.0,""p"":0.00046415888336127773,""r"":7.0}",
         2,         0,         0,   0.719,correlated_pymatching,0259a37d81f7967b4b8ec4bb9481c75f99e79b3fd57b573fa80be7c7461d317d,"{""d"":7.0,""p"":0.00046415888336127773,""r"":7.0}",
         1,         0,         0,   0.210,correlated_pymatching,0259a37d81f7967b4b8ec4bb9481c75f99e79b3fd57b573fa80be7c7461d317d,"{""d"":7.0,""p"":0.00046415888336127773,""r"":7.0}",
         2,         0,         0,   0.210,correlated_pymatching,0259a37d81f7967b4b8ec4bb9481c75f99e79b3fd57b573fa80be7c7461d317d,"{""d"":7.0,""p"":0.00046415888336127773,""r"":7.0}",
         2,         0,         0,   0.213,correlated_pymatching,0259a37d81f7967b4b8ec4bb9481c75f99e79b3fd57b573fa80be7c7461d317d,"{""d"":7.0,""p"":0.00046415888336127773,""r"":7.0}",
         1,         0,         0,   0.212,correlated_pymatching,0259a37d81f7967b4b8ec4bb9481c75f99e79b3fd57b573fa80be7c7461d317d,"{""d"":7.0,""p"":0.00046415888336127773,""r"":7.0}",
         3,         0,         0,   0.709,correlated_pymatching,0259a37d81f7967b4b8ec4bb9481c75f99e79b3fd57b573fa80be7c7461d317d,"{""d"":7.0,""p"":0.00046415888336127773,""r"":7.0}",
         4,         0,         0,    1.39,correlated_pymatching,0259a37d81f7967b4b8ec4bb9481c75f99e79b3fd57b573fa80be7c7461d317d,"{""d"":7.0,""p"":0.00046415888336127773,""r"":7.0}",
         3,         0,         0,   0.706,correlated_pymatching,0259a37d81f7967b4b8ec4bb9481c75f99e79b3fd57b573fa80be7c7461d317d,"{""d"":7.0,""p"":0.00046415888336127773,""r"":7.0}",
         2,         0,         0,   0.349,correlated_pymatching,0259a37d81f7967b4b8ec4bb9481c75f99e79b3fd57b573fa80be7c7461d317d,"{""d"":7.0,""p"":0.00046415888336127773,""r"":7.0}",
         1,         0,         0,   0.349,correlated_pymatching,0259a37d81f7967b4b8ec4bb9481c75f99e79b3fd57b573fa80be7c7461d317d,"{""d"":7.0,""p"":0.00046415888336127773,""r"":7.0}",
         2,         0,         0,   0.355,correlated_pymatching,0259a37d81f7967b4b8ec4bb9481c75f99e79b3fd57b573fa80be7c7461d317d,"{""d"":7.0,""p"":0.00046415888336127773,""r"":7.0}",
     54272,         9,         0,    17.3,correlated_pymatching,ca5082d95a5eb3b5338a9e234d06ab22da68da62ca4e690b2c55dcde2c6f8487,"{""d"":7.0,""p"":0.001,""r"":7.0}","{""obs_mistake_mask=E"":9}"
     41534,         9,         0,    13.4,correlated_pymatching,ca5082d95a5eb3b5338a9e234d06ab22da68da62ca4e690b2c55dcde2c6f8487,"{""d"":7.0,""p"":0.001,""r"":7.0}","{""obs_mistake_mask=E"":9}"
     79621,         6,         0,    25.7,correlated_pymatching,ca5082d95a5eb3b5338a9e234d06ab22da68da62ca4e690b2c55dcde2c6f8487,"{""d"":7.0,""p"":0.001,""r"":7.0}","{""obs_mistake_mask=E"":6}"
     80896,         9,         0,    25.9,correlated_pymatching,ca5082d95a5eb3b5338a9e234d06ab22da68da62ca4e690b2c55dcde2c6f8487,"{""d"":7.0,""p"":0.001,""r"":7.0}","{""obs_mistake_mask=E"":9}"
     56320,         4,         0,    17.8,correlated_pymatching,ca5082d95a5eb3b5338a9e234d06ab22da68da62ca4e690b2c55dcde2c6f8487,"{""d"":7.0,""p"":0.001,""r"":7.0}","{""obs_mistake_mask=E"":4}"
     42558,         5,         0,    13.6,correlated_pymatching,ca5082d95a5eb3b5338a9e234d06ab22da68da62ca4e690b2c55dcde2c6f8487,"{""d"":7.0,""p"":0.001,""r"":7.0}","{""obs_mistake_mask=E"":5}"
     43008,         5,         0,    13.7,correlated_pymatching,ca5082d95a5eb3b5338a9e234d06ab22da68da62ca4e690b2c55dcde2c6f8487,"{""d"":7.0,""p"":0.001,""r"":7.0}","{""obs_mistake_mask=E"":5}"
     80896,        10,         0,    26.0,correlated_pymatching,ca5082d95a5eb3b5338a9e234d06ab22da68da62ca4e690b2c55dcde2c6f8487,"{""d"":7.0,""p"":0.001,""r"":7.0}","{""obs_mistake_mask=E"":10}"
     41984,         3,         0,    13.5,correlated_pymatching,ca5082d95a5eb3b5338a9e234d06ab22da68da62ca4e690b2c55dcde2c6f8487,"{""d"":7.0,""p"":0.001,""r"":7.0}","{""obs_mistake_mask=E"":3}"
      2496,         0,         0,    55.5,correlated_pymatching,ca5082d95a5eb3b5338a9e234d06ab22da68da62ca4e690b2c55dcde2c6f8487,"{""d"":7.0,""p"":0.001,""r"":7.0}",
     42896,         4,         0,    13.7,correlated_pymatching,ca5082d95a5eb3b5338a9e234d06ab22da68da62ca4e690b2c55dcde2c6f8487,"{""d"":7.0,""p"":0.001,""r"":7.0}","{""obs_mistake_mask=E"":4}"
      6976,         4,         0,    40.1,correlated_pymatching,ca5082d95a5eb3b5338a9e234d06ab22da68da62ca4e690b2c55dcde2c6f8487,"{""d"":7.0,""p"":0.001,""r"":7.0}","{""obs_mistake_mask=E"":4}"
        52,         0,         0,    18.6,correlated_pymatching,ca5082d95a5eb3b5338a9e234d06ab22da68da62ca4e690b2c55dcde2c6f8487,"{""d"":7.0,""p"":0.001,""r"":7.0}",
      1112,         0,         0,    48.0,correlated_pymatching,ca5082d95a5eb3b5338a9e234d06ab22da68da62ca4e690b2c55dcde2c6f8487,"{""d"":7.0,""p"":0.001,""r"":7.0}",
      5248,         0,         0,    58.2,correlated_pymatching,ca5082d95a5eb3b5338a9e234d06ab22da68da62ca4e690b2c55dcde2c6f8487,"{""d"":7.0,""p"":0.001,""r"":7.0}",
        33,         0,         0,    11.7,correlated_pymatching,ca5082d95a5eb3b5338a9e234d06ab22da68da62ca4e690b2c55dcde2c6f8487,"{""d"":7.0,""p"":0.001,""r"":7.0}",
         1,         0,         0,   0.013,correlated_pymatching,41beea8b9f788ea43fe76619c9914c9c06ba470206c1f6c0e8f3d36280ca1243,"{""d"":3,""p"":0.001,""r"":3}",
         1,         0,         0,   0.016,correlated_pymatching,e5ea332bdc735a9f469846fca993ba6afd2bc6bd6f261058888ab1743c8fc24c,"{""d"":3,""p"":0.1,""r"":3}",
         1,         0,         0,   0.017,correlated_pymatching,079d0ab4fa6a0cbd43e7a0aecf94903da5262b0dd23888edbd52016b08eb22d3,"{""d"":3,""p"":0.0001,""r"":3}",
         1,         0,         0,   0.015,correlated_pymatching,e50a1a82ed470739dac3450a569004a51c4cfb8b0a996609d718fda7ee3cecfc,"{""d"":3,""p"":0.00021544346900318845,""r"":3}",
         1,         0,         0,   0.017,correlated_pymatching,ea5e23e41dc5fd181c23361a187cac05640bb19d7c4d674c96a7b36fb9b36684,"{""d"":3,""p"":0.004641588833612777,""r"":3}",
         1,         0,         0,   0.015,correlated_pymatching,807cbf33e24034e178504f8e306c8b834951594bace0fef0c157a50ff3c1fa9d,"{""d"":3,""p"":0.002154434690031882,""r"":3}",
         1,         0,         0,   0.018,correlated_pymatching,95cb8cdfe8db9fb581dfc61df54772be2c2e915e41c45c2255041340e375aee9,"{""d"":3,""p"":0.021544346900318822,""r"":3}",
         1,         0,         0,   0.017,correlated_pymatching,329a94986032da1c520524a967f30adf17aafac984cd8cdd202d84eeec58e96e,"{""d"":3,""p"":0.046415888336127774,""r"":3}",
         1,         0,         0,   0.019,correlated_pymatching,187f0f9bd61159945728cb393a126d5ec2c009a53a8e1a677c4ba9b0a184047a,"{""d"":3,""p"":0.01,""r"":3}",
        17,         0,         0,   0.018,correlated_pymatching,d6f34d8db1f0a6278debc124429e23820b21552934a41e2021cb74952902bbe4,"{""d"":3,""p"":0.00046415888336127773,""r"":3}",
       272,         6,         0,   0.017,correlated_pymatching,41beea8b9f788ea43fe76619c9914c9c06ba470206c1f6c0e8f3d36280ca1243,"{""d"":3,""p"":0.001,""r"":3}","{""obs_mistake_mask=E"":6}"
       272,         0,         0,   0.017,correlated_pymatching,e50a1a82ed470739dac3450a569004a51c4cfb8b0a996609d718fda7ee3cecfc,"{""d"":3,""p"":0.00021544346900318845,""r"":3}",
       272,        29,         0,   0.021,correlated_pymatching,ea5e23e41dc5fd181c23361a187cac05640bb19d7c4d674c96a7b36fb9b36684,"{""d"":3,""p"":0.004641588833612777,""r"":3}","{""obs_mistake_mask=E"":29}"
      1280,         1,         0,   0.019,correlated_pymatching,d6f34d8db1f0a6278debc124429e23820b21552934a41e2021cb74952902bbe4,"{""d"":3,""p"":0.00046415888336127773,""r"":3}","{""obs_mistake_mask=E"":1}"
         1,         0,         0,   0.039,correlated_pymatching,885a7d062162ca657bb6c62edb27c2a57eb4c15f6cad0372d43adc4c31831932,"{""d"":5,""p"":0.0001,""r"":5}",
         1,         0,         0,   0.038,correlated_pymatching,9de98337e1a3faf43fdab4d57320a9c057fa61c642db64f1783fef3516a1279d,"{""d"":5,""p"":0.00046415888336127773,""r"":5}",
       272,         1,         0,   0.026,correlated_pymatching,079d0ab4fa6a0cbd43e7a0aecf94903da5262b0dd23888edbd52016b08eb22d3,"{""d"":3,""p"":0.0001,""r"":3}","{""obs_mistake_mask=E"":1}"
       272,        10,         0,   0.029,correlated_pymatching,807cbf33e24034e178504f8e306c8b834951594bace0fef0c157a50ff3c1fa9d,"{""d"":3,""p"":0.002154434690031882,""r"":3}","{""obs_mistake_mask=E"":10}"
       272,       143,         0,   0.030,correlated_pymatching,95cb8cdfe8db9fb581dfc61df54772be2c2e915e41c45c2255041340e375aee9,"{""d"":3,""p"":0.021544346900318822,""r"":3}","{""obs_mistake_mask=E"":143}"
       272,        93,         0,   0.029,correlated_pymatching,187f0f9bd61159945728cb393a126d5ec2c009a53a8e1a677c4ba9b0a184047a,"{""d"":3,""p"":0.01,""r"":3}","{""obs_mistake_mask=E"":93}"
         1,         0,         0,   0.038,correlated_pymatching,bde8e1fb64a1f8181fecd846d885784c04ca506d1ddfb96a95a7cec3f08a2d48,"{""d"":5,""p"":0.001,""r"":5}",
      2048,        12,         0,   0.023,correlated_pymatching,41beea8b9f788ea43fe76619c9914c9c06ba470206c1f6c0e8f3d36280ca1243,"{""d"":3,""p"":0.001,""r"":3}","{""obs_mistake_mask=E"":12}"
       272,       136,         0,   0.036,correlated_pymatching,329a94986032da1c520524a967f30adf17aafac984cd8cdd202d84eeec58e96e,"{""d"":3,""p"":0.046415888336127774,""r"":3}","{""obs_mistake_mask=E"":136}"
       272,       146,         0,   0.040,correlated_pymatching,e5ea332bdc735a9f469846fca993ba6afd2bc6bd6f261058888ab1743c8fc24c,"{""d"":3,""p"":0.1,""r"":3}","{""obs_mistake_mask=E"":146}"
         1,         0,         0,   0.039,correlated_pymatching,85594aca77967e1a8c7c85db753ada6d10ee9fa0b3538f8cd765ef6c00d7535b,"{""d"":5,""p"":0.002154434690031882,""r"":5}",
         1,         0,         0,   0.038,correlated_pymatching,141e63a26d28792365a8c4eb2bf128057692caab6f9768e78cd3b20812b670a8,"{""d"":5,""p"":0.00021544346900318845,""r"":5}",
      1024,       130,         0,   0.021,correlated_pymatching,ea5e23e41dc5fd181c23361a187cac05640bb19d7c4d674c96a7b36fb9b36684,"{""d"":3,""p"":0.004641588833612777,""r"":3}","{""obs_mistake_mask=E"":130}"
         1,         0,         0,   0.038,correlated_pymatching,4e696b281b64addf2ef9c2a20e9f667cfa76cc050c30809e7fb46f3cd3ef9fc6,"{""d"":5,""p"":0.004641588833612777,""r"":5}",
      2048,         2,         0,   0.021,correlated_pymatching,d6f34d8db1f0a6278debc124429e23820b21552934a41e2021cb74952902bbe4,"{""d"":3,""p"":0.00046415888336127773,""r"":3}","{""obs_mistake_mask=E"":2}"
         1,         1,         0,   0.039,correlated_pymatching,e2cd62e5a7257416409de16ceb65f553099a4426557f7a707f12ee8f7d84806c,"{""d"":5,""p"":0.01,""r"":5}","{""obs_mistake_mask=E"":1}"
      3072,         3,         0,   0.028,correlated_pymatching,e50a1a82ed470739dac3450a569004a51c4cfb8b0a996609d718fda7ee3cecfc,"{""d"":3,""p"":0.00021544346900318845,""r"":3}","{""obs_mistake_mask=E"":3}"
         1,         1,         0,   0.039,correlated_pymatching,a16cbbeb2f8b1199beaa1b8496f0472dc4d3c0f56e914f27e20e809305a5540d,"{""d"":5,""p"":0.046415888336127774,""r"":5}","{""obs_mistake_mask=E"":1}"
         1,         1,         0,   0.039,correlated_pymatching,0993dfb61df16dfad49d24e4518e124b931ca1e54aaad6e817070da846439687,"{""d"":5,""p"":0.021544346900318822,""r"":5}","{""obs_mistake_mask=E"":1}"
         1,         0,         0,   0.038,correlated_pymatching,8cea14fd584d32eb6f7f2d58c0900094720c0abb3e0aa6b0fcf41ab31ab50868,"{""d"":5,""p"":0.1,""r"":5}",
      1024,        30,         0,   0.022,correlated_pymatching,807cbf33e24034e178504f8e306c8b834951594bace0fef0c157a50ff3c1fa9d,"{""d"":3,""p"":0.002154434690031882,""r"":3}","{""obs_mistake_mask=E"":30}"
      2048,         1,         0,   0.030,correlated_pymatching,079d0ab4fa6a0cbd43e7a0aecf94903da5262b0dd23888edbd52016b08eb22d3,"{""d"":3,""p"":0.0001,""r"":3}","{""obs_mistake_mask=E"":1}"
         8,         0,         0,   0.036,correlated_pymatching,9de98337e1a3faf43fdab4d57320a9c057fa61c642db64f1783fef3516a1279d,"{""d"":5,""p"":0.00046415888336127773,""r"":5}",
         8,         0,         0,   0.037,correlated_pymatching,885a7d062162ca657bb6c62edb27c2a57eb4c15f6cad0372d43adc4c31831932,"{""d"":5,""p"":0.0001,""r"":5}",
      1024,       323,         0,   0.037,correlated_pymatching,187f0f9bd61159945728cb393a126d5ec2c009a53a8e1a677c4ba9b0a184047a,"{""d"":3,""p"":0.01,""r"":3}","{""obs_mistake_mask=E"":323}"
      3072,        17,         0,   0.035,correlated_pymatching,41beea8b9f788ea43fe76619c9914c9c06ba470206c1f6c0e8f3d36280ca1243,"{""d"":3,""p"":0.001,""r"":3}","{""obs_mistake_mask=E"":17}"
         8,         0,         0,   0.037,correlated_pymatching,bde8e1fb64a1f8181fecd846d885784c04ca506d1ddfb96a95a7cec3f08a2d48,"{""d"":5,""p"":0.001,""r"":5}",
      3072,         1,         0,   0.028,correlated_pymatching,e50a1a82ed470739dac3450a569004a51c4cfb8b0a996609d718fda7ee3cecfc,"{""d"":3,""p"":0.00021544346900318845,""r"":3}","{""obs_mistake_mask=E"":1}"
      3072,         3,         0,   0.031,correlated_pymatching,d6f34d8db1f0a6278debc124429e23820b21552934a41e2021cb74952902bbe4,"{""d"":3,""p"":0.00046415888336127773,""r"":3}","{""obs_mistake_mask=E"":3}"
         8,         1,         0,   0.037,correlated_pymatching,85594aca77967e1a8c7c85db753ada6d10ee9fa0b3538f8cd765ef6c00d7535b,"{""d"":5,""p"":0.002154434690031882,""r"":5}","{""obs_mistake_mask=E"":1}"
         8,         0,         0,   0.037,correlated_pymatching,141e63a26d28792365a8c4eb2bf128057692caab6f9768e78cd3b20812b670a8,"{""d"":5,""p"":0.00021544346900318845,""r"":5}",
         8,         0,         0,   0.037,correlated_pymatching,4e696b281b64addf2ef9c2a20e9f667cfa76cc050c30809e7fb46f3cd3ef9fc6,"{""d"":5,""p"":0.004641588833612777,""r"":5}",
         8,         6,         0,   0.039,correlated_pymatching,e2cd62e5a7257416409de16ceb65f553099a4426557f7a707f12ee8f7d84806c,"{""d"":5,""p"":0.01,""r"":5}","{""obs_mistake_mask=E"":6}"
      2048,         2,         0,   0.029,correlated_pymatching,079d0ab4fa6a0cbd43e7a0aecf94903da5262b0dd23888edbd52016b08eb22d3,"{""d"":3,""p"":0.0001,""r"":3}","{""obs_mistake_mask=E"":2}"
      2048,       223,         0,   0.042,correlated_pymatching,ea5e23e41dc5fd181c23361a187cac05640bb19d7c4d674c96a7b36fb9b36684,"{""d"":3,""p"":0.004641588833612777,""r"":3}","{""obs_mistake_mask=E"":223}"
         8,         5,         0,   0.040,correlated_pymatching,0993dfb61df16dfad49d24e4518e124b931ca1e54aaad6e817070da846439687,"{""d"":5,""p"":0.021544346900318822,""r"":5}","{""obs_mistake_mask=E"":5}"
         8,         3,         0,   0.041,correlated_pymatching,a16cbbeb2f8b1199beaa1b8496f0472dc4d3c0f56e914f27e20e809305a5540d,"{""d"":5,""p"":0.046415888336127774,""r"":5}","{""obs_mistake_mask=E"":3}"
      1024,       493,         0,   0.058,correlated_pymatching,95cb8cdfe8db9fb581dfc61df54772be2c2e915e41c45c2255041340e375aee9,"{""d"":3,""p"":0.021544346900318822,""r"":3}","{""obs_mistake_mask=E"":493}"
         8,         5,         0,   0.041,correlated_pymatching,8cea14fd584d32eb6f7f2d58c0900094720c0abb3e0aa6b0fcf41ab31ab50868,"{""d"":5,""p"":0.1,""r"":5}","{""obs_mistake_mask=E"":5}"
      2048,        66,         0,   0.044,correlated_pymatching,807cbf33e24034e178504f8e306c8b834951594bace0fef0c157a50ff3c1fa9d,"{""d"":3,""p"":0.002154434690031882,""r"":3}","{""obs_mistake_mask=E"":66}"
       128,         0,         0,   0.038,correlated_pymatching,9de98337e1a3faf43fdab4d57320a9c057fa61c642db64f1783fef3516a1279d,"{""d"":5,""p"":0.00046415888336127773,""r"":5}",
       128,         0,         0,   0.037,correlated_pymatching,885a7d062162ca657bb6c62edb27c2a57eb4c15f6cad0372d43adc4c31831932,"{""d"":5,""p"":0.0001,""r"":5}",
      1024,       113,         0,   0.021,correlated_pymatching,ea5e23e41dc5fd181c23361a187cac05640bb19d7c4d674c96a7b36fb9b36684,"{""d"":3,""p"":0.004641588833612777,""r"":3}","{""obs_mistake_mask=E"":113}"
       128,         0,         0,   0.038,correlated_pymatching,bde8e1fb64a1f8181fecd846d885784c04ca506d1ddfb96a95a7cec3f08a2d48,"{""d"":5,""p"":0.001,""r"":5}",
       128,         0,         0,   0.038,correlated_pymatching,141e63a26d28792365a8c4eb2bf128057692caab6f9768e78cd3b20812b670a8,"{""d"":5,""p"":0.00021544346900318845,""r"":5}",
      4096,        19,         0,   0.041,correlated_pymatching,d6f34d8db1f0a6278debc124429e23820b21552934a41e2021cb74952902bbe4,"{""d"":3,""p"":0.00046415888336127773,""r"":3}","{""obs_mistake_mask=E"":19}"
       128,         3,         0,   0.042,correlated_pymatching,85594aca77967e1a8c7c85db753ada6d10ee9fa0b3538f8cd765ef6c00d7535b,"{""d"":5,""p"":0.002154434690031882,""r"":5}","{""obs_mistake_mask=E"":3}"
      1024,       518,         0,   0.080,correlated_pymatching,329a94986032da1c520524a967f30adf17aafac984cd8cdd202d84eeec58e96e,"{""d"":3,""p"":0.046415888336127774,""r"":3}","{""obs_mistake_mask=E"":518}"
      4096,        31,         0,   0.045,correlated_pymatching,41beea8b9f788ea43fe76619c9914c9c06ba470206c1f6c0e8f3d36280ca1243,"{""d"":3,""p"":0.001,""r"":3}","{""obs_mistake_mask=E"":31}"
      5120,         1,         0,   0.047,correlated_pymatching,e50a1a82ed470739dac3450a569004a51c4cfb8b0a996609d718fda7ee3cecfc,"{""d"":3,""p"":0.00021544346900318845,""r"":3}","{""obs_mistake_mask=E"":1}"
       128,        23,         0,   0.048,correlated_pymatching,4e696b281b64addf2ef9c2a20e9f667cfa76cc050c30809e7fb46f3cd3ef9fc6,"{""d"":5,""p"":0.004641588833612777,""r"":5}","{""obs_mistake_mask=E"":23}"
      1024,       491,         0,   0.093,correlated_pymatching,e5ea332bdc735a9f469846fca993ba6afd2bc6bd6f261058888ab1743c8fc24c,"{""d"":3,""p"":0.1,""r"":3}","{""obs_mistake_mask=E"":491}"
      3072,         1,         0,   0.045,correlated_pymatching,079d0ab4fa6a0cbd43e7a0aecf94903da5262b0dd23888edbd52016b08eb22d3,"{""d"":3,""p"":0.0001,""r"":3}","{""obs_mistake_mask=E"":1}"
        64,        28,         0,   0.051,correlated_pymatching,e2cd62e5a7257416409de16ceb65f553099a4426557f7a707f12ee8f7d84806c,"{""d"":5,""p"":0.01,""r"":5}","{""obs_mistake_mask=E"":28}"
      2048,        54,         0,   0.044,correlated_pymatching,807cbf33e24034e178504f8e306c8b834951594bace0fef0c157a50ff3c1fa9d,"{""d"":3,""p"":0.002154434690031882,""r"":3}","{""obs_mistake_mask=E"":54}"
      1024,         0,         0,   0.041,correlated_pymatching,885a7d062162ca657bb6c62edb27c2a57eb4c15f6cad0372d43adc4c31831932,"{""d"":5,""p"":0.0001,""r"":5}",
      1024,         0,         0,   0.046,correlated_pymatching,9de98337e1a3faf43fdab4d57320a9c057fa61c642db64f1783fef3516a1279d,"{""d"":5,""p"":0.00046415888336127773,""r"":5}",
        17,         0,         0,   0.016,correlated_pymatching,e50a1a82ed470739dac3450a569004a51c4cfb8b0a996609d718fda7ee3cecfc,"{""d"":3,""p"":0.00021544346900318845,""r"":3}",
        64,        36,         0,   0.062,correlated_pymatching,0993dfb61df16dfad49d24e4518e124b931ca1e54aaad6e817070da846439687,"{""d"":5,""p"":0.021544346900318822,""r"":5}","{""obs_mistake_mask=E"":36}"
        17,         0,         0,   0.019,correlated_pymatching,079d0ab4fa6a0cbd43e7a0aecf94903da5262b0dd23888edbd52016b08eb22d3,"{""d"":3,""p"":0.0001,""r"":3}",
      1024,         0,         0,   0.042,correlated_pymatching,141e63a26d28792365a8c4eb2bf128057692caab6f9768e78cd3b20812b670a8,"{""d"":5,""p"":0.00021544346900318845,""r"":5}",
        64,        27,         0,   0.072,correlated_pymatching,a16cbbeb2f8b1199beaa1b8496f0472dc4d3c0f56e914f27e20e809305a5540d,"{""d"":5,""p"":0.046415888336127774,""r"":5}","{""obs_mistake_mask=E"":27}"
      1024,         1,         0,   0.054,correlated_pymatching,bde8e1fb64a1f8181fecd846d885784c04ca506d1ddfb96a95a7cec3f08a2d48,"{""d"":5,""p"":0.001,""r"":5}","{""obs_mistake_mask=E"":1}"
        64,        38,         0,   0.076,correlated_pymatching,8cea14fd584d32eb6f7f2d58c0900094720c0abb3e0aa6b0fcf41ab31ab50868,"{""d"":5,""p"":0.1,""r"":5}","{""obs_mistake_mask=E"":38}"
      1280,         0,         0,   0.018,correlated_pymatching,e50a1a82ed470739dac3450a569004a51c4cfb8b0a996609d718fda7ee3cecfc,"{""d"":3,""p"":0.00021544346900318845,""r"":3}",
        17,         0,         0,   0.017,correlated_pymatching,d6f34d8db1f0a6278debc124429e23820b21552934a41e2021cb74952902bbe4,"{""d"":3,""p"":0.00046415888336127773,""r"":3}",
      1280,         0,         0,   0.020,correlated_pymatching,079d0ab4fa6a0cbd43e7a0aecf94903da5262b0dd23888edbd52016b08eb22d3,"{""d"":3,""p"":0.0001,""r"":3}",
      5120,        33,         0,   0.058,correlated_pymatching,41beea8b9f788ea43fe76619c9914c9c06ba470206c1f6c0e8f3d36280ca1243,"{""d"":3,""p"":0.001,""r"":3}","{""obs_mistake_mask=E"":33}"
      6144,        18,         0,   0.060,correlated_pymatching,d6f34d8db1f0a6278debc124429e23820b21552934a41e2021cb74952902bbe4,"{""d"":3,""p"":0.00046415888336127773,""r"":3}","{""obs_mistake_mask=E"":18}"
      6144,         4,         0,   0.057,correlated_pymatching,e50a1a82ed470739dac3450a569004a51c4cfb8b0a996609d718fda7ee3cecfc,"{""d"":3,""p"":0.00021544346900318845,""r"":3}","{""obs_mistake_mask=E"":4}"
        17,         0,         0,   0.016,correlated_pymatching,41beea8b9f788ea43fe76619c9914c9c06ba470206c1f6c0e8f3d36280ca1243,"{""d"":3,""p"":0.001,""r"":3}",
      1024,         0,         0,   0.041,correlated_pymatching,885a7d062162ca657bb6c62edb27c2a57eb4c15f6cad0372d43adc4c31831932,"{""d"":5,""p"":0.0001,""r"":5}",
      1280,         2,         0,   0.020,correlated_pymatching,d6f34d8db1f0a6278debc124429e23820b21552934a41e2021cb74952902bbe4,"{""d"":3,""p"":0.00046415888336127773,""r"":3}","{""obs_mistake_mask=E"":2}"
      4096,         0,         0,   0.060,correlated_pymatching,079d0ab4fa6a0cbd43e7a0aecf94903da5262b0dd23888edbd52016b08eb22d3,"{""d"":3,""p"":0.0001,""r"":3}",
         1,         0,         0,   0.106,correlated_pymatching,0ca1613404eeae08d0e1c39cbe874bf152fd2973b6a9892bb5cd27f6a9c962ed,"{""d"":7,""p"":0.00021544346900318845,""r"":7}",
      1024,         0,         0,   0.046,correlated_pymatching,9de98337e1a3faf43fdab4d57320a9c057fa61c642db64f1783fef3516a1279d,"{""d"":5,""p"":0.00046415888336127773,""r"":5}",
        17,         0,         0,   0.017,correlated_pymatching,807cbf33e24034e178504f8e306c8b834951594bace0fef0c157a50ff3c1fa9d,"{""d"":3,""p"":0.002154434690031882,""r"":3}",
      1024,         8,         0,   0.076,correlated_pymatching,85594aca77967e1a8c7c85db753ada6d10ee9fa0b3538f8cd765ef6c00d7535b,"{""d"":5,""p"":0.002154434690031882,""r"":5}","{""obs_mistake_mask=E"":8}"
         1,         0,         0,   0.108,correlated_pymatching,5dc8e74a0a28e52dabca52d06f77e22020eca85e89bd176b9d33ba32818e593b,"{""d"":7,""p"":0.00046415888336127773,""r"":7}",
         1,         0,         0,   0.108,correlated_pymatching,82a2dbca30e929a3a193e20613c8a3d36eb0c0440c78465e293b125bcee48cae,"{""d"":7,""p"":0.01,""r"":7}",
      3072,         4,         0,   0.029,correlated_pymatching,e50a1a82ed470739dac3450a569004a51c4cfb8b0a996609d718fda7ee3cecfc,"{""d"":3,""p"":0.00021544346900318845,""r"":3}","{""obs_mistake_mask=E"":4}"
      2048,         2,         0,   0.025,correlated_pymatching,079d0ab4fa6a0cbd43e7a0aecf94903da5262b0dd23888edbd52016b08eb22d3,"{""d"":3,""p"":0.0001,""r"":3}","{""obs_mistake_mask=E"":2}"
      1280,        13,         0,   0.020,correlated_pymatching,41beea8b9f788ea43fe76619c9914c9c06ba470206c1f6c0e8f3d36280ca1243,"{""d"":3,""p"":0.001,""r"":3}","{""obs_mistake_mask=E"":13}"
      1024,         0,         0,   0.043,correlated_pymatching,141e63a26d28792365a8c4eb2bf128057692caab6f9768e78cd3b20812b670a8,"{""d"":5,""p"":0.00021544346900318845,""r"":5}",
         1,         0,         0,   0.107,correlated_pymatching,5b07d31ee7f2888344550fdfd45240bc75fe8b924e64b35790e33d7ebcad3ae8,"{""d"":7,""p"":0.0001,""r"":7}",
         1,         0,         0,   0.109,correlated_pymatching,539de98e8fed58e6bc08fc7a9514e9c858dc52c157652b467080a50b7a82244c,"{""d"":7,""p"":0.001,""r"":7}",
      3072,        82,         0,   0.067,correlated_pymatching,807cbf33e24034e178504f8e306c8b834951594bace0fef0c157a50ff3c1fa9d,"{""d"":3,""p"":0.002154434690031882,""r"":3}","{""obs_mistake_mask=E"":82}"
         1,         0,         0,   0.108,correlated_pymatching,6adcd37f742d90333eb8d5719652a156d53e20c5ea1397a34f4671d4abe90eaa,"{""d"":7,""p"":0.002154434690031882,""r"":7}",
      2048,         3,         0,   0.020,correlated_pymatching,d6f34d8db1f0a6278debc124429e23820b21552934a41e2021cb74952902bbe4,"{""d"":3,""p"":0.00046415888336127773,""r"":3}","{""obs_mistake_mask=E"":3}"
         1,         0,         0,   0.108,correlated_pymatching,ea95562c7f1ce3ea88b49824d9537b20e3f598411f27737084150a5666962aa4,"{""d"":7,""p"":0.004641588833612777,""r"":7}",
         1,         0,         0,   0.109,correlated_pymatching,a1a11a55f39eb6a79400c22544af52b7d8fecd0bf90641a5dcab469fcaaaf0a7,"{""d"":7,""p"":0.046415888336127774,""r"":7}",
      1280,        32,         0,   0.025,correlated_pymatching,807cbf33e24034e178504f8e306c8b834951594bace0fef0c157a50ff3c1fa9d,"{""d"":3,""p"":0.002154434690031882,""r"":3}","{""obs_mistake_mask=E"":32}"
         1,         0,         0,   0.112,correlated_pymatching,facff605a1c14a95c2e738076949d82b9b83a0e3d21b92644b6cc86b94e6f4a2,"{""d"":7,""p"":0.1,""r"":7}",
         1,         1,         0,   0.110,correlated_pymatching,a1a11a55f39eb6a79400c22544af52b7d8fecd0bf90641a5dcab469fcaaaf0a7,"{""d"":7,""p"":0.046415888336127774,""r"":7}","{""obs_mistake_mask=E"":1}"
      1024,         2,         0,   0.054,correlated_pymatching,bde8e1fb64a1f8181fecd846d885784c04ca506d1ddfb96a95a7cec3f08a2d48,"{""d"":5,""p"":0.001,""r"":5}","{""obs_mistake_mask=E"":2}"
      2048,        15,         0,   0.022,correlated_pymatching,41beea8b9f788ea43fe76619c9914c9c06ba470206c1f6c0e8f3d36280ca1243,"{""d"":3,""p"":0.001,""r"":3}","{""obs_mistake_mask=E"":15}"
         1,         1,         0,   0.109,correlated_pymatching,1dfb38dcc26a207ef2660f9e602f551637dae16ced28cb5256f08ff8d8eb114a,"{""d"":7,""p"":0.021544346900318822,""r"":7}","{""obs_mistake_mask=E"":1}"
         1,         1,         0,   0.110,correlated_pymatching,facff605a1c14a95c2e738076949d82b9b83a0e3d21b92644b6cc86b94e6f4a2,"{""d"":7,""p"":0.1,""r"":7}","{""obs_mistake_mask=E"":1}"
      3072,         3,         0,   0.028,correlated_pymatching,e50a1a82ed470739dac3450a569004a51c4cfb8b0a996609d718fda7ee3cecfc,"{""d"":3,""p"":0.00021544346900318845,""r"":3}","{""obs_mistake_mask=E"":3}"
      3072,         0,         0,   0.033,correlated_pymatching,079d0ab4fa6a0cbd43e7a0aecf94903da5262b0dd23888edbd52016b08eb22d3,"{""d"":3,""p"":0.0001,""r"":3}",
      3072,         5,         0,   0.030,correlated_pymatching,d6f34d8db1f0a6278debc124429e23820b21552934a41e2021cb74952902bbe4,"{""d"":3,""p"":0.00046415888336127773,""r"":3}","{""obs_mistake_mask=E"":5}"
      2048,        62,         0,   0.028,correlated_pymatching,807cbf33e24034e178504f8e306c8b834951594bace0fef0c157a50ff3c1fa9d,"{""d"":3,""p"":0.002154434690031882,""r"":3}","{""obs_mistake_mask=E"":62}"
      8192,         3,         0,   0.077,correlated_pymatching,e50a1a82ed470739dac3450a569004a51c4cfb8b0a996609d718fda7ee3cecfc,"{""d"":3,""p"":0.00021544346900318845,""r"":3}","{""obs_mistake_mask=E"":3}"
      3072,        21,         0,   0.033,correlated_pymatching,41beea8b9f788ea43fe76619c9914c9c06ba470206c1f6c0e8f3d36280ca1243,"{""d"":3,""p"":0.001,""r"":3}","{""obs_mistake_mask=E"":21}"
      7168,        45,         0,   0.080,correlated_pymatching,41beea8b9f788ea43fe76619c9914c9c06ba470206c1f6c0e8f3d36280ca1243,"{""d"":3,""p"":0.001,""r"":3}","{""obs_mistake_mask=E"":45}"
      1024,       118,         0,   0.129,correlated_pymatching,4e696b281b64addf2ef9c2a20e9f667cfa76cc050c30809e7fb46f3cd3ef9fc6,"{""d"":5,""p"":0.004641588833612777,""r"":5}","{""obs_mistake_mask=E"":118}"
      8192,        26,         0,   0.080,correlated_pymatching,d6f34d8db1f0a6278debc124429e23820b21552934a41e2021cb74952902bbe4,"{""d"":3,""p"":0.00046415888336127773,""r"":3}","{""obs_mistake_mask=E"":26}"
      2048,         0,         0,   0.081,correlated_pymatching,885a7d062162ca657bb6c62edb27c2a57eb4c15f6cad0372d43adc4c31831932,"{""d"":5,""p"":0.0001,""r"":5}",
      5120,         3,         0,   0.076,correlated_pymatching,079d0ab4fa6a0cbd43e7a0aecf94903da5262b0dd23888edbd52016b08eb22d3,"{""d"":3,""p"":0.0001,""r"":3}","{""obs_mistake_mask=E"":3}"
      1024,        16,         0,   0.076,correlated_pymatching,85594aca77967e1a8c7c85db753ada6d10ee9fa0b3538f8cd765ef6c00d7535b,"{""d"":5,""p"":0.002154434690031882,""r"":5}","{""obs_mistake_mask=E"":16}"
      5120,         6,         0,   0.047,correlated_pymatching,e50a1a82ed470739dac3450a569004a51c4cfb8b0a996609d718fda7ee3cecfc,"{""d"":3,""p"":0.00021544346900318845,""r"":3}","{""obs_mistake_mask=E"":6}"
      1024,         1,         0,   0.054,correlated_pymatching,bde8e1fb64a1f8181fecd846d885784c04ca506d1ddfb96a95a7cec3f08a2d48,"{""d"":5,""p"":0.001,""r"":5}","{""obs_mistake_mask=E"":1}"
      4096,         2,         0,   0.042,correlated_pymatching,079d0ab4fa6a0cbd43e7a0aecf94903da5262b0dd23888edbd52016b08eb22d3,"{""d"":3,""p"":0.0001,""r"":3}","{""obs_mistake_mask=E"":2}"
      2048,        56,         0,   0.029,correlated_pymatching,807cbf33e24034e178504f8e306c8b834951594bace0fef0c157a50ff3c1fa9d,"{""d"":3,""p"":0.002154434690031882,""r"":3}","{""obs_mistake_mask=E"":56}"
      4096,        10,         0,   0.040,correlated_pymatching,d6f34d8db1f0a6278debc124429e23820b21552934a41e2021cb74952902bbe4,"{""d"":3,""p"":0.00046415888336127773,""r"":3}","{""obs_mistake_mask=E"":10}"
       512,       226,         0,   0.148,correlated_pymatching,e2cd62e5a7257416409de16ceb65f553099a4426557f7a707f12ee8f7d84806c,"{""d"":5,""p"":0.01,""r"":5}","{""obs_mistake_mask=E"":226}"
      2048,         0,         0,   0.092,correlated_pymatching,9de98337e1a3faf43fdab4d57320a9c057fa61c642db64f1783fef3516a1279d,"{""d"":5,""p"":0.00046415888336127773,""r"":5}",
      2048,         0,         0,   0.085,correlated_pymatching,141e63a26d28792365a8c4eb2bf128057692caab6f9768e78cd3b20812b670a8,"{""d"":5,""p"":0.00021544346900318845,""r"":5}",
         4,         0,         0,   0.099,correlated_pymatching,0ca1613404eeae08d0e1c39cbe874bf152fd2973b6a9892bb5cd27f6a9c962ed,"{""d"":7,""p"":0.00021544346900318845,""r"":7}",
         4,         0,         0,   0.100,correlated_pymatching,5dc8e74a0a28e52dabca52d06f77e22020eca85e89bd176b9d33ba32818e593b,"{""d"":7,""p"":0.00046415888336127773,""r"":7}",
      4096,       117,         0,   0.089,correlated_pymatching,807cbf33e24034e178504f8e306c8b834951594bace0fef0c157a50ff3c1fa9d,"{""d"":3,""p"":0.002154434690031882,""r"":3}","{""obs_mistake_mask=E"":117}"
         4,         3,         0,   0.103,correlated_pymatching,82a2dbca30e929a3a193e20613c8a3d36eb0c0440c78465e293b125bcee48cae,"{""d"":7,""p"":0.01,""r"":7}","{""obs_mistake_mask=E"":3}"
         4,         0,         0,   0.100,correlated_pymatching,5b07d31ee7f2888344550fdfd45240bc75fe8b924e64b35790e33d7ebcad3ae8,"{""d"":7,""p"":0.0001,""r"":7}",
      4096,        31,         0,   0.045,correlated_pymatching,41beea8b9f788ea43fe76619c9914c9c06ba470206c1f6c0e8f3d36280ca1243,"{""d"":3,""p"":0.001,""r"":3}","{""obs_mistake_mask=E"":31}"
      2048,        63,         0,   0.029,correlated_pymatching,807cbf33e24034e178504f8e306c8b834951594bace0fef0c157a50ff3c1fa9d,"{""d"":3,""p"":0.002154434690031882,""r"":3}","{""obs_mistake_mask=E"":63}"
         4,         0,         0,   0.101,correlated_pymatching,539de98e8fed58e6bc08fc7a9514e9c858dc52c157652b467080a50b7a82244c,"{""d"":7,""p"":0.001,""r"":7}",
         4,         0,         0,   0.104,correlated_pymatching,6adcd37f742d90333eb8d5719652a156d53e20c5ea1397a34f4671d4abe90eaa,"{""d"":7,""p"":0.002154434690031882,""r"":7}",
         4,         1,         0,   0.102,correlated_pymatching,ea95562c7f1ce3ea88b49824d9537b20e3f598411f27737084150a5666962aa4,"{""d"":7,""p"":0.004641588833612777,""r"":7}","{""obs_mistake_mask=E"":1}"
      1024,        24,         0,   0.022,correlated_pymatching,807cbf33e24034e178504f8e306c8b834951594bace0fef0c157a50ff3c1fa9d,"{""d"":3,""p"":0.002154434690031882,""r"":3}","{""obs_mistake_mask=E"":24}"
         4,         3,         0,   0.108,correlated_pymatching,a1a11a55f39eb6a79400c22544af52b7d8fecd0bf90641a5dcab469fcaaaf0a7,"{""d"":7,""p"":0.046415888336127774,""r"":7}","{""obs_mistake_mask=E"":3}"
         4,         1,         0,   0.110,correlated_pymatching,facff605a1c14a95c2e738076949d82b9b83a0e3d21b92644b6cc86b94e6f4a2,"{""d"":7,""p"":0.1,""r"":7}","{""obs_mistake_mask=E"":1}"
         4,         1,         0,   0.108,correlated_pymatching,a1a11a55f39eb6a79400c22544af52b7d8fecd0bf90641a5dcab469fcaaaf0a7,"{""d"":7,""p"":0.046415888336127774,""r"":7}","{""obs_mistake_mask=E"":1}"
         4,         2,         0,   0.106,correlated_pymatching,1dfb38dcc26a207ef2660f9e602f551637dae16ced28cb5256f08ff8d8eb114a,"{""d"":7,""p"":0.021544346900318822,""r"":7}","{""obs_mistake_mask=E"":2}"
      6144,         5,         0,   0.057,correlated_pymatching,e50a1a82ed470739dac3450a569004a51c4cfb8b0a996609d718fda7ee3cecfc,"{""d"":3,""p"":0.00021544346900318845,""r"":3}","{""obs_mistake_mask=E"":5}"
         4,         4,         0,   0.109,correlated_pymatching,facff605a1c14a95c2e738076949d82b9b83a0e3d21b92644b6cc86b94e6f4a2,"{""d"":7,""p"":0.1,""r"":7}","{""obs_mistake_mask=E"":4}"
      6144,         2,         0,   0.058,correlated_pymatching,079d0ab4fa6a0cbd43e7a0aecf94903da5262b0dd23888edbd52016b08eb22d3,"{""d"":3,""p"":0.0001,""r"":3}","{""obs_mistake_mask=E"":2}"
      2048,         0,         0,   0.080,correlated_pymatching,885a7d062162ca657bb6c62edb27c2a57eb4c15f6cad0372d43adc4c31831932,"{""d"":5,""p"":0.0001,""r"":5}",
      6144,        14,         0,   0.060,correlated_pymatching,d6f34d8db1f0a6278debc124429e23820b21552934a41e2021cb74952902bbe4,"{""d"":3,""p"":0.00046415888336127773,""r"":3}","{""obs_mistake_mask=E"":14}"
      1024,        16,         0,   0.075,correlated_pymatching,85594aca77967e1a8c7c85db753ada6d10ee9fa0b3538f8cd765ef6c00d7535b,"{""d"":5,""p"":0.002154434690031882,""r"":5}","{""obs_mistake_mask=E"":16}"
      5120,        41,         0,   0.056,correlated_pymatching,41beea8b9f788ea43fe76619c9914c9c06ba470206c1f6c0e8f3d36280ca1243,"{""d"":3,""p"":0.001,""r"":3}","{""obs_mistake_mask=E"":41}"
       256,       148,         0,   0.195,correlated_pymatching,8cea14fd584d32eb6f7f2d58c0900094720c0abb3e0aa6b0fcf41ab31ab50868,"{""d"":5,""p"":0.1,""r"":5}","{""obs_mistake_mask=E"":148}"
     11264,        29,         0,   0.109,correlated_pymatching,d6f34d8db1f0a6278debc124429e23820b21552934a41e2021cb74952902bbe4,"{""d"":3,""p"":0.00046415888336127773,""r"":3}","{""obs_mistake_mask=E"":29}"
      2048,         0,         0,   0.084,correlated_pymatching,141e63a26d28792365a8c4eb2bf128057692caab6f9768e78cd3b20812b670a8,"{""d"":5,""p"":0.00021544346900318845,""r"":5}",
     12288,         4,         0,   0.114,correlated_pymatching,e50a1a82ed470739dac3450a569004a51c4cfb8b0a996609d718fda7ee3cecfc,"{""d"":3,""p"":0.00021544346900318845,""r"":3}","{""obs_mistake_mask=E"":4}"
     10240,        65,         0,   0.115,correlated_pymatching,41beea8b9f788ea43fe76619c9914c9c06ba470206c1f6c0e8f3d36280ca1243,"{""d"":3,""p"":0.001,""r"":3}","{""obs_mistake_mask=E"":65}"
      7168,         3,         0,   0.107,correlated_pymatching,079d0ab4fa6a0cbd43e7a0aecf94903da5262b0dd23888edbd52016b08eb22d3,"{""d"":3,""p"":0.0001,""r"":3}","{""obs_mistake_mask=E"":3}"
      2048,         0,         0,   0.092,correlated_pymatching,9de98337e1a3faf43fdab4d57320a9c057fa61c642db64f1783fef3516a1279d,"{""d"":5,""p"":0.00046415888336127773,""r"":5}",
      2048,         0,         0,   0.107,correlated_pymatching,bde8e1fb64a1f8181fecd846d885784c04ca506d1ddfb96a95a7cec3f08a2d48,"{""d"":5,""p"":0.001,""r"":5}",
        16,         0,         0,   0.097,correlated_pymatching,0ca1613404eeae08d0e1c39cbe874bf152fd2973b6a9892bb5cd27f6a9c962ed,"{""d"":7,""p"":0.00021544346900318845,""r"":7}",
      1024,       103,         0,   0.130,correlated_pymatching,4e696b281b64addf2ef9c2a20e9f667cfa76cc050c30809e7fb46f3cd3ef9fc6,"{""d"":5,""p"":0.004641588833612777,""r"":5}","{""obs_mistake_mask=E"":103}"
       512,       275,         0,   0.241,correlated_pymatching,0993dfb61df16dfad49d24e4518e124b931ca1e54aaad6e817070da846439687,"{""d"":5,""p"":0.021544346900318822,""r"":5}","{""obs_mistake_mask=E"":275}"
        16,         0,         0,   0.100,correlated_pymatching,5dc8e74a0a28e52dabca52d06f77e22020eca85e89bd176b9d33ba32818e593b,"{""d"":7,""p"":0.00046415888336127773,""r"":7}",
        16,         0,         0,   0.099,correlated_pymatching,5b07d31ee7f2888344550fdfd45240bc75fe8b924e64b35790e33d7ebcad3ae8,"{""d"":7,""p"":0.0001,""r"":7}",
      8192,         7,         0,   0.075,correlated_pymatching,e50a1a82ed470739dac3450a569004a51c4cfb8b0a996609d718fda7ee3cecfc,"{""d"":3,""p"":0.00021544346900318845,""r"":3}","{""obs_mistake_mask=E"":7}"
        16,         0,         0,   0.102,correlated_pymatching,539de98e8fed58e6bc08fc7a9514e9c858dc52c157652b467080a50b7a82244c,"{""d"":7,""p"":0.001,""r"":7}",
        16,         5,         0,   0.113,correlated_pymatching,82a2dbca30e929a3a193e20613c8a3d36eb0c0440c78465e293b125bcee48cae,"{""d"":7,""p"":0.01,""r"":7}","{""obs_mistake_mask=E"":5}"
      9216,         2,         0,   0.083,correlated_pymatching,079d0ab4fa6a0cbd43e7a0aecf94903da5262b0dd23888edbd52016b08eb22d3,"{""d"":3,""p"":0.0001,""r"":3}","{""obs_mistake_mask=E"":2}"
        16,         0,         0,   0.107,correlated_pymatching,6adcd37f742d90333eb8d5719652a156d53e20c5ea1397a34f4671d4abe90eaa,"{""d"":7,""p"":0.002154434690031882,""r"":7}",
      1024,         6,         0,   0.075,correlated_pymatching,85594aca77967e1a8c7c85db753ada6d10ee9fa0b3538f8cd765ef6c00d7535b,"{""d"":5,""p"":0.002154434690031882,""r"":5}","{""obs_mistake_mask=E"":6}"
        16,         0,         0,   0.105,correlated_pymatching,ea95562c7f1ce3ea88b49824d9537b20e3f598411f27737084150a5666962aa4,"{""d"":7,""p"":0.004641588833612777,""r"":7}",
      8192,        14,         0,   0.080,correlated_pymatching,d6f34d8db1f0a6278debc124429e23820b21552934a41e2021cb74952902bbe4,"{""d"":3,""p"":0.00046415888336127773,""r"":3}","{""obs_mistake_mask=E"":14}"
         1,         0,         0,   0.037,correlated_pymatching,141e63a26d28792365a8c4eb2bf128057692caab6f9768e78cd3b20812b670a8,"{""d"":5,""p"":0.00021544346900318845,""r"":5}",
      7168,        43,         0,   0.078,correlated_pymatching,41beea8b9f788ea43fe76619c9914c9c06ba470206c1f6c0e8f3d36280ca1243,"{""d"":3,""p"":0.001,""r"":3}","{""obs_mistake_mask=E"":43}"
        16,         8,         0,   0.123,correlated_pymatching,1dfb38dcc26a207ef2660f9e602f551637dae16ced28cb5256f08ff8d8eb114a,"{""d"":7,""p"":0.021544346900318822,""r"":7}","{""obs_mistake_mask=E"":8}"
        16,         7,         0,   0.131,correlated_pymatching,a1a11a55f39eb6a79400c22544af52b7d8fecd0bf90641a5dcab469fcaaaf0a7,"{""d"":7,""p"":0.046415888336127774,""r"":7}","{""obs_mistake_mask=E"":7}"
        16,        11,         0,   0.130,correlated_pymatching,a1a11a55f39eb6a79400c22544af52b7d8fecd0bf90641a5dcab469fcaaaf0a7,"{""d"":7,""p"":0.046415888336127774,""r"":7}","{""obs_mistake_mask=E"":11}"
      3072,         0,         0,   0.120,correlated_pymatching,885a7d062162ca657bb6c62edb27c2a57eb4c15f6cad0372d43adc4c31831932,"{""d"":5,""p"":0.0001,""r"":5}",
        16,        11,         0,   0.135,correlated_pymatching,facff605a1c14a95c2e738076949d82b9b83a0e3d21b92644b6cc86b94e6f4a2,"{""d"":7,""p"":0.1,""r"":7}","{""obs_mistake_mask=E"":11}"
        16,         5,         0,   0.133,correlated_pymatching,facff605a1c14a95c2e738076949d82b9b83a0e3d21b92644b6cc86b94e6f4a2,"{""d"":7,""p"":0.1,""r"":7}","{""obs_mistake_mask=E"":5}"
        16,         0,         0,   0.037,correlated_pymatching,141e63a26d28792365a8c4eb2bf128057692caab6f9768e78cd3b20812b670a8,"{""d"":5,""p"":0.00021544346900318845,""r"":5}",
       512,       254,         0,   0.313,correlated_pymatching,a16cbbeb2f8b1199beaa1b8496f0472dc4d3c0f56e914f27e20e809305a5540d,"{""d"":5,""p"":0.046415888336127774,""r"":5}","{""obs_mistake_mask=E"":254}"
        64,         0,         0,   0.098,correlated_pymatching,0ca1613404eeae08d0e1c39cbe874bf152fd2973b6a9892bb5cd27f6a9c962ed,"{""d"":7,""p"":0.00021544346900318845,""r"":7}",
         1,         0,         0,   0.062,correlated_pymatching,885a7d062162ca657bb6c62edb27c2a57eb4c15f6cad0372d43adc4c31831932,"{""d"":5,""p"":0.0001,""r"":5}",
      2048,         3,         0,   0.109,correlated_pymatching,bde8e1fb64a1f8181fecd846d885784c04ca506d1ddfb96a95a7cec3f08a2d48,"{""d"":5,""p"":0.001,""r"":5}","{""obs_mistake_mask=E"":3}"
      3072,         0,         0,   0.126,correlated_pymatching,141e63a26d28792365a8c4eb2bf128057692caab6f9768e78cd3b20812b670a8,"{""d"":5,""p"":0.00021544346900318845,""r"":5}",
        64,         0,         0,   0.100,correlated_pymatching,5b07d31ee7f2888344550fdfd45240bc75fe8b924e64b35790e33d7ebcad3ae8,"{""d"":7,""p"":0.0001,""r"":7}",
        64,         0,         0,   0.105,correlated_pymatching,5dc8e74a0a28e52dabca52d06f77e22020eca85e89bd176b9d33ba32818e593b,"{""d"":7,""p"":0.00046415888336127773,""r"":7}",
       256,         0,         0,   0.039,correlated_pymatching,141e63a26d28792365a8c4eb2bf128057692caab6f9768e78cd3b20812b670a8,"{""d"":5,""p"":0.00021544346900318845,""r"":5}",
        64,         0,         0,   0.102,correlated_pymatching,539de98e8fed58e6bc08fc7a9514e9c858dc52c157652b467080a50b7a82244c,"{""d"":7,""p"":0.001,""r"":7}",
     11264,         9,         0,   0.104,correlated_pymatching,e50a1a82ed470739dac3450a569004a51c4cfb8b0a996609d718fda7ee3cecfc,"{""d"":3,""p"":0.00021544346900318845,""r"":3}","{""obs_mistake_mask=E"":9}"
      3072,         0,         0,   0.139,correlated_pymatching,9de98337e1a3faf43fdab4d57320a9c057fa61c642db64f1783fef3516a1279d,"{""d"":5,""p"":0.00046415888336127773,""r"":5}",
      1024,       100,         0,   0.131,correlated_pymatching,4e696b281b64addf2ef9c2a20e9f667cfa76cc050c30809e7fb46f3cd3ef9fc6,"{""d"":5,""p"":0.004641588833612777,""r"":5}","{""obs_mistake_mask=E"":100}"
     15360,        33,         0,   0.151,correlated_pymatching,d6f34d8db1f0a6278debc124429e23820b21552934a41e2021cb74952902bbe4,"{""d"":3,""p"":0.00046415888336127773,""r"":3}","{""obs_mistake_mask=E"":33}"
        64,         0,         0,   0.105,correlated_pymatching,6adcd37f742d90333eb8d5719652a156d53e20c5ea1397a34f4671d4abe90eaa,"{""d"":7,""p"":0.002154434690031882,""r"":7}",
     13312,        88,         0,   0.150,correlated_pymatching,41beea8b9f788ea43fe76619c9914c9c06ba470206c1f6c0e8f3d36280ca1243,"{""d"":3,""p"":0.001,""r"":3}","{""obs_mistake_mask=E"":88}"
     15360,        13,         0,   0.152,correlated_pymatching,e50a1a82ed470739dac3450a569004a51c4cfb8b0a996609d718fda7ee3cecfc,"{""d"":3,""p"":0.00021544346900318845,""r"":3}","{""obs_mistake_mask=E"":13}"
     10240,         2,         0,   0.150,correlated_pymatching,079d0ab4fa6a0cbd43e7a0aecf94903da5262b0dd23888edbd52016b08eb22d3,"{""d"":3,""p"":0.0001,""r"":3}","{""obs_mistake_mask=E"":2}"
     12288,         4,         0,   0.109,correlated_pymatching,079d0ab4fa6a0cbd43e7a0aecf94903da5262b0dd23888edbd52016b08eb22d3,"{""d"":3,""p"":0.0001,""r"":3}","{""obs_mistake_mask=E"":4}"
      8192,        57,         0,   0.090,correlated_pymatching,41beea8b9f788ea43fe76619c9914c9c06ba470206c1f6c0e8f3d36280ca1243,"{""d"":3,""p"":0.001,""r"":3}","{""obs_mistake_mask=E"":57}"
     11264,        17,         0,   0.110,correlated_pymatching,d6f34d8db1f0a6278debc124429e23820b21552934a41e2021cb74952902bbe4,"{""d"":3,""p"":0.00046415888336127773,""r"":3}","{""obs_mistake_mask=E"":17}"
      1024,       447,         0,   0.253,correlated_pymatching,e2cd62e5a7257416409de16ceb65f553099a4426557f7a707f12ee8f7d84806c,"{""d"":5,""p"":0.01,""r"":5}","{""obs_mistake_mask=E"":447}"
      1024,         8,         0,   0.011,correlated_pymatching,41beea8b9f788ea43fe76619c9914c9c06ba470206c1f6c0e8f3d36280ca1243,"{""d"":3,""p"":0.001,""r"":3}","{""obs_mistake_mask=E"":8}"
        64,         7,         0,   0.118,correlated_pymatching,ea95562c7f1ce3ea88b49824d9537b20e3f598411f27737084150a5666962aa4,"{""d"":7,""p"":0.004641588833612777,""r"":7}","{""obs_mistake_mask=E"":7}"
         8,         0,         0,   0.062,correlated_pymatching,885a7d062162ca657bb6c62edb27c2a57eb4c15f6cad0372d43adc4c31831932,"{""d"":5,""p"":0.0001,""r"":5}",
      1024,         0,         0,   0.043,correlated_pymatching,141e63a26d28792365a8c4eb2bf128057692caab6f9768e78cd3b20812b670a8,"{""d"":5,""p"":0.00021544346900318845,""r"":5}",
        64,        32,         0,   0.151,correlated_pymatching,82a2dbca30e929a3a193e20613c8a3d36eb0c0440c78465e293b125bcee48cae,"{""d"":7,""p"":0.01,""r"":7}","{""obs_mistake_mask=E"":32}"
      2048,        31,         0,   0.156,correlated_pymatching,85594aca77967e1a8c7c85db753ada6d10ee9fa0b3538f8cd765ef6c00d7535b,"{""d"":5,""p"":0.002154434690031882,""r"":5}","{""obs_mistake_mask=E"":31}"
       256,         0,         0,   0.102,correlated_pymatching,0ca1613404eeae08d0e1c39cbe874bf152fd2973b6a9892bb5cd27f6a9c962ed,"{""d"":7,""p"":0.00021544346900318845,""r"":7}",
      1024,         0,         0,   0.042,correlated_pymatching,141e63a26d28792365a8c4eb2bf128057692caab6f9768e78cd3b20812b670a8,"{""d"":5,""p"":0.00021544346900318845,""r"":5}",
       256,         0,         0,   0.100,correlated_pymatching,5b07d31ee7f2888344550fdfd45240bc75fe8b924e64b35790e33d7ebcad3ae8,"{""d"":7,""p"":0.0001,""r"":7}",
        64,         0,         0,   0.060,correlated_pymatching,885a7d062162ca657bb6c62edb27c2a57eb4c15f6cad0372d43adc4c31831932,"{""d"":5,""p"":0.0001,""r"":5}",
       256,         0,         0,   0.112,correlated_pymatching,5dc8e74a0a28e52dabca52d06f77e22020eca85e89bd176b9d33ba32818e593b,"{""d"":7,""p"":0.00046415888336127773,""r"":7}",
       256,         0,         0,   0.111,correlated_pymatching,539de98e8fed58e6bc08fc7a9514e9c858dc52c157652b467080a50b7a82244c,"{""d"":7,""p"":0.001,""r"":7}",
      4096,         0,         0,   0.162,correlated_pymatching,885a7d062162ca657bb6c62edb27c2a57eb4c15f6cad0372d43adc4c31831932,"{""d"":5,""p"":0.0001,""r"":5}",
        64,        38,         0,   0.189,correlated_pymatching,1dfb38dcc26a207ef2660f9e602f551637dae16ced28cb5256f08ff8d8eb114a,"{""d"":7,""p"":0.021544346900318822,""r"":7}","{""obs_mistake_mask=E"":38}"
      1024,       105,         0,   0.131,correlated_pymatching,4e696b281b64addf2ef9c2a20e9f667cfa76cc050c30809e7fb46f3cd3ef9fc6,"{""d"":5,""p"":0.004641588833612777,""r"":5}","{""obs_mistake_mask=E"":105}"
       256,         2,         0,   0.128,correlated_pymatching,6adcd37f742d90333eb8d5719652a156d53e20c5ea1397a34f4671d4abe90eaa,"{""d"":7,""p"":0.002154434690031882,""r"":7}","{""obs_mistake_mask=E"":2}"
      3072,         4,         0,   0.162,correlated_pymatching,bde8e1fb64a1f8181fecd846d885784c04ca506d1ddfb96a95a7cec3f08a2d48,"{""d"":5,""p"":0.001,""r"":5}","{""obs_mistake_mask=E"":4}"
         1,         0,         0,   0.037,correlated_pymatching,bde8e1fb64a1f8181fecd846d885784c04ca506d1ddfb96a95a7cec3f08a2d48,"{""d"":5,""p"":0.001,""r"":5}",
         1,         0,         0,   0.038,correlated_pymatching,9de98337e1a3faf43fdab4d57320a9c057fa61c642db64f1783fef3516a1279d,"{""d"":5,""p"":0.00046415888336127773,""r"":5}",
     16384,        12,         0,   0.151,correlated_pymatching,e50a1a82ed470739dac3450a569004a51c4cfb8b0a996609d718fda7ee3cecfc,"{""d"":3,""p"":0.00021544346900318845,""r"":3}","{""obs_mistake_mask=E"":12}"
      4096,         0,         0,   0.169,correlated_pymatching,141e63a26d28792365a8c4eb2bf128057692caab6f9768e78cd3b20812b670a8,"{""d"":5,""p"":0.00021544346900318845,""r"":5}",
         1,         0,         0,   0.036,correlated_pymatching,85594aca77967e1a8c7c85db753ada6d10ee9fa0b3538f8cd765ef6c00d7535b,"{""d"":5,""p"":0.002154434690031882,""r"":5}",
       512,         0,         0,   0.063,correlated_pymatching,885a7d062162ca657bb6c62edb27c2a57eb4c15f6cad0372d43adc4c31831932,"{""d"":5,""p"":0.0001,""r"":5}",
        64,        31,         0,   0.222,correlated_pymatching,a1a11a55f39eb6a79400c22544af52b7d8fecd0bf90641a5dcab469fcaaaf0a7,"{""d"":7,""p"":0.046415888336127774,""r"":7}","{""obs_mistake_mask=E"":31}"
      2048,         0,         0,   0.084,correlated_pymatching,141e63a26d28792365a8c4eb2bf128057692caab6f9768e78cd3b20812b670a8,"{""d"":5,""p"":0.00021544346900318845,""r"":5}",
        64,        38,         0,   0.224,correlated_pymatching,a1a11a55f39eb6a79400c22544af52b7d8fecd0bf90641a5dcab469fcaaaf0a7,"{""d"":7,""p"":0.046415888336127774,""r"":7}","{""obs_mistake_mask=E"":38}"
     17408,         2,         0,   0.154,correlated_pymatching,079d0ab4fa6a0cbd43e7a0aecf94903da5262b0dd23888edbd52016b08eb22d3,"{""d"":3,""p"":0.0001,""r"":3}","{""obs_mistake_mask=E"":2}"
     15360,        27,         0,   0.150,correlated_pymatching,d6f34d8db1f0a6278debc124429e23820b21552934a41e2021cb74952902bbe4,"{""d"":3,""p"":0.00046415888336127773,""r"":3}","{""obs_mistake_mask=E"":27}"
        16,         0,         0,   0.036,correlated_pymatching,bde8e1fb64a1f8181fecd846d885784c04ca506d1ddfb96a95a7cec3f08a2d48,"{""d"":5,""p"":0.001,""r"":5}",
         8,         0,         0,   0.037,correlated_pymatching,9de98337e1a3faf43fdab4d57320a9c057fa61c642db64f1783fef3516a1279d,"{""d"":5,""p"":0.00046415888336127773,""r"":5}",
      4096,         1,         0,   0.183,correlated_pymatching,9de98337e1a3faf43fdab4d57320a9c057fa61c642db64f1783fef3516a1279d,"{""d"":5,""p"":0.00046415888336127773,""r"":5}","{""obs_mistake_mask=E"":1}"
      1024,         0,         0,   0.113,correlated_pymatching,0ca1613404eeae08d0e1c39cbe874bf152fd2973b6a9892bb5cd27f6a9c962ed,"{""d"":7,""p"":0.00021544346900318845,""r"":7}",
        64,        33,         0,   0.238,correlated_pymatching,facff605a1c14a95c2e738076949d82b9b83a0e3d21b92644b6cc86b94e6f4a2,"{""d"":7,""p"":0.1,""r"":7}","{""obs_mistake_mask=E"":33}"
        16,         0,         0,   0.037,correlated_pymatching,85594aca77967e1a8c7c85db753ada6d10ee9fa0b3538f8cd765ef6c00d7535b,"{""d"":5,""p"":0.002154434690031882,""r"":5}",
        64,        38,         0,   0.238,correlated_pymatching,facff605a1c14a95c2e738076949d82b9b83a0e3d21b92644b6cc86b94e6f4a2,"{""d"":7,""p"":0.1,""r"":7}","{""obs_mistake_mask=E"":38}"
       512,       272,         0,   0.346,correlated_pymatching,8cea14fd584d32eb6f7f2d58c0900094720c0abb3e0aa6b0fcf41ab31ab50868,"{""d"":5,""p"":0.1,""r"":5}","{""obs_mistake_mask=E"":272}"
      1024,         0,         0,   0.108,correlated_pymatching,5b07d31ee7f2888344550fdfd45240bc75fe8b924e64b35790e33d7ebcad3ae8,"{""d"":7,""p"":0.0001,""r"":7}",
       256,        14,         0,   0.174,correlated_pymatching,ea95562c7f1ce3ea88b49824d9537b20e3f598411f27737084150a5666962aa4,"{""d"":7,""p"":0.004641588833612777,""r"":7}","{""obs_mistake_mask=E"":14}"
      2048,        24,         0,   0.153,correlated_pymatching,85594aca77967e1a8c7c85db753ada6d10ee9fa0b3538f8cd765ef6c00d7535b,"{""d"":5,""p"":0.002154434690031882,""r"":5}","{""obs_mistake_mask=E"":24}"
     21504,        48,         0,   0.212,correlated_pymatching,d6f34d8db1f0a6278debc124429e23820b21552934a41e2021cb74952902bbe4,"{""d"":3,""p"":0.00046415888336127773,""r"":3}","{""obs_mistake_mask=E"":48}"
       128,         0,         0,   0.039,correlated_pymatching,9de98337e1a3faf43fdab4d57320a9c057fa61c642db64f1783fef3516a1279d,"{""d"":5,""p"":0.00046415888336127773,""r"":5}",
     21504,         6,         0,   0.208,correlated_pymatching,e50a1a82ed470739dac3450a569004a51c4cfb8b0a996609d718fda7ee3cecfc,"{""d"":3,""p"":0.00021544346900318845,""r"":3}","{""obs_mistake_mask=E"":6}"
       256,         0,         0,   0.041,correlated_pymatching,bde8e1fb64a1f8181fecd846d885784c04ca506d1ddfb96a95a7cec3f08a2d48,"{""d"":5,""p"":0.001,""r"":5}",
     14336,         1,         0,   0.211,correlated_pymatching,079d0ab4fa6a0cbd43e7a0aecf94903da5262b0dd23888edbd52016b08eb22d3,"{""d"":3,""p"":0.0001,""r"":3}","{""obs_mistake_mask=E"":1}"
      1024,         0,         0,   0.068,correlated_pymatching,885a7d062162ca657bb6c62edb27c2a57eb4c15f6cad0372d43adc4c31831932,"{""d"":5,""p"":0.0001,""r"":5}",
      1024,         0,         0,   0.131,correlated_pymatching,5dc8e74a0a28e52dabca52d06f77e22020eca85e89bd176b9d33ba32818e593b,"{""d"":7,""p"":0.00046415888336127773,""r"":7}",
       256,         1,         0,   0.047,correlated_pymatching,85594aca77967e1a8c7c85db753ada6d10ee9fa0b3538f8cd765ef6c00d7535b,"{""d"":5,""p"":0.002154434690031882,""r"":5}","{""obs_mistake_mask=E"":1}"
       128,        64,         0,   0.199,correlated_pymatching,82a2dbca30e929a3a193e20613c8a3d36eb0c0440c78465e293b125bcee48cae,"{""d"":7,""p"":0.01,""r"":7}","{""obs_mistake_mask=E"":64}"
      2048,         0,         0,   0.084,correlated_pymatching,141e63a26d28792365a8c4eb2bf128057692caab6f9768e78cd3b20812b670a8,"{""d"":5,""p"":0.00021544346900318845,""r"":5}",
      1024,         0,         0,   0.152,correlated_pymatching,539de98e8fed58e6bc08fc7a9514e9c858dc52c157652b467080a50b7a82244c,"{""d"":7,""p"":0.001,""r"":7}",
      1024,         0,         0,   0.048,correlated_pymatching,9de98337e1a3faf43fdab4d57320a9c057fa61c642db64f1783fef3516a1279d,"{""d"":5,""p"":0.00046415888336127773,""r"":5}",
       512,       253,         0,   0.312,correlated_pymatching,a16cbbeb2f8b1199beaa1b8496f0472dc4d3c0f56e914f27e20e809305a5540d,"{""d"":5,""p"":0.046415888336127774,""r"":5}","{""obs_mistake_mask=E"":253}"
      1024,         0,         0,   0.053,correlated_pymatching,bde8e1fb64a1f8181fecd846d885784c04ca506d1ddfb96a95a7cec3f08a2d48,"{""d"":5,""p"":0.001,""r"":5}",
      1024,         0,         0,   0.071,correlated_pymatching,885a7d062162ca657bb6c62edb27c2a57eb4c15f6cad0372d43adc4c31831932,"{""d"":5,""p"":0.0001,""r"":5}",
      1024,         0,         0,   0.114,correlated_pymatching,0ca1613404eeae08d0e1c39cbe874bf152fd2973b6a9892bb5cd27f6a9c962ed,"{""d"":7,""p"":0.00021544346900318845,""r"":7}",
      1024,         0,         0,   0.113,correlated_pymatching,5b07d31ee7f2888344550fdfd45240bc75fe8b924e64b35790e33d7ebcad3ae8,"{""d"":7,""p"":0.0001,""r"":7}",
      1024,        17,         0,   0.075,correlated_pymatching,85594aca77967e1a8c7c85db753ada6d10ee9fa0b3538f8cd765ef6c00d7535b,"{""d"":5,""p"":0.002154434690031882,""r"":5}","{""obs_mistake_mask=E"":17}"
      1024,         0,         0,   0.047,correlated_pymatching,9de98337e1a3faf43fdab4d57320a9c057fa61c642db64f1783fef3516a1279d,"{""d"":5,""p"":0.00046415888336127773,""r"":5}",
      1024,       485,         0,   0.444,correlated_pymatching,0993dfb61df16dfad49d24e4518e124b931ca1e54aaad6e817070da846439687,"{""d"":5,""p"":0.021544346900318822,""r"":5}","{""obs_mistake_mask=E"":485}"
      1024,         0,         0,   0.053,correlated_pymatching,bde8e1fb64a1f8181fecd846d885784c04ca506d1ddfb96a95a7cec3f08a2d48,"{""d"":5,""p"":0.001,""r"":5}",
      6144,         0,         0,   0.241,correlated_pymatching,885a7d062162ca657bb6c62edb27c2a57eb4c15f6cad0372d43adc4c31831932,"{""d"":5,""p"":0.0001,""r"":5}",
      1024,         0,         0,   0.126,correlated_pymatching,5dc8e74a0a28e52dabca52d06f77e22020eca85e89bd176b9d33ba32818e593b,"{""d"":7,""p"":0.00046415888336127773,""r"":7}",
      4096,         3,         0,   0.216,correlated_pymatching,bde8e1fb64a1f8181fecd846d885784c04ca506d1ddfb96a95a7cec3f08a2d48,"{""d"":5,""p"":0.001,""r"":5}","{""obs_mistake_mask=E"":3}"
     22528,        11,         0,   0.208,correlated_pymatching,e50a1a82ed470739dac3450a569004a51c4cfb8b0a996609d718fda7ee3cecfc,"{""d"":3,""p"":0.00021544346900318845,""r"":3}","{""obs_mistake_mask=E"":11}"
      5120,         0,         0,   0.212,correlated_pymatching,141e63a26d28792365a8c4eb2bf128057692caab6f9768e78cd3b20812b670a8,"{""d"":5,""p"":0.00021544346900318845,""r"":5}",
      1024,         3,         0,   0.227,correlated_pymatching,6adcd37f742d90333eb8d5719652a156d53e20c5ea1397a34f4671d4abe90eaa,"{""d"":7,""p"":0.002154434690031882,""r"":7}","{""obs_mistake_mask=E"":3}"
      3072,         0,         0,   0.127,correlated_pymatching,141e63a26d28792365a8c4eb2bf128057692caab6f9768e78cd3b20812b670a8,"{""d"":5,""p"":0.00021544346900318845,""r"":5}",
     23552,         7,         0,   0.208,correlated_pymatching,079d0ab4fa6a0cbd43e7a0aecf94903da5262b0dd23888edbd52016b08eb22d3,"{""d"":3,""p"":0.0001,""r"":3}","{""obs_mistake_mask=E"":7}"
     21504,        39,         0,   0.210,correlated_pymatching,d6f34d8db1f0a6278debc124429e23820b21552934a41e2021cb74952902bbe4,"{""d"":3,""p"":0.00046415888336127773,""r"":3}","{""obs_mistake_mask=E"":39}"
      1024,         2,         0,   0.054,correlated_pymatching,bde8e1fb64a1f8181fecd846d885784c04ca506d1ddfb96a95a7cec3f08a2d48,"{""d"":5,""p"":0.001,""r"":5}","{""obs_mistake_mask=E"":2}"
      1024,        13,         0,   0.078,correlated_pymatching,85594aca77967e1a8c7c85db753ada6d10ee9fa0b3538f8cd765ef6c00d7535b,"{""d"":5,""p"":0.002154434690031882,""r"":5}","{""obs_mistake_mask=E"":13}"
      2048,         0,         0,   0.094,correlated_pymatching,9de98337e1a3faf43fdab4d57320a9c057fa61c642db64f1783fef3516a1279d,"{""d"":5,""p"":0.00046415888336127773,""r"":5}",
      1024,         0,         0,   0.112,correlated_pymatching,0ca1613404eeae08d0e1c39cbe874bf152fd2973b6a9892bb5cd27f6a9c962ed,"{""d"":7,""p"":0.00021544346900318845,""r"":7}",
       128,        57,         0,   0.289,correlated_pymatching,1dfb38dcc26a207ef2660f9e602f551637dae16ced28cb5256f08ff8d8eb114a,"{""d"":7,""p"":0.021544346900318822,""r"":7}","{""obs_mistake_mask=E"":57}"
      5120,         2,         0,   0.233,correlated_pymatching,9de98337e1a3faf43fdab4d57320a9c057fa61c642db64f1783fef3516a1279d,"{""d"":5,""p"":0.00046415888336127773,""r"":5}","{""obs_mistake_mask=E"":2}"
      1024,         0,         0,   0.158,correlated_pymatching,539de98e8fed58e6bc08fc7a9514e9c858dc52c157652b467080a50b7a82244c,"{""d"":7,""p"":0.001,""r"":7}",
      1024,         0,         0,   0.118,correlated_pymatching,5b07d31ee7f2888344550fdfd45240bc75fe8b924e64b35790e33d7ebcad3ae8,"{""d"":7,""p"":0.0001,""r"":7}",
      2048,         0,         0,   0.134,correlated_pymatching,885a7d062162ca657bb6c62edb27c2a57eb4c15f6cad0372d43adc4c31831932,"{""d"":5,""p"":0.0001,""r"":5}",
      3072,        45,         0,   0.231,correlated_pymatching,85594aca77967e1a8c7c85db753ada6d10ee9fa0b3538f8cd765ef6c00d7535b,"{""d"":5,""p"":0.002154434690031882,""r"":5}","{""obs_mistake_mask=E"":45}"
       512,        38,         0,   0.260,correlated_pymatching,ea95562c7f1ce3ea88b49824d9537b20e3f598411f27737084150a5666962aa4,"{""d"":7,""p"":0.004641588833612777,""r"":7}","{""obs_mistake_mask=E"":38}"
      1024,        15,         0,   0.077,correlated_pymatching,85594aca77967e1a8c7c85db753ada6d10ee9fa0b3538f8cd765ef6c00d7535b,"{""d"":5,""p"":0.002154434690031882,""r"":5}","{""obs_mistake_mask=E"":15}"
      1024,         0,         0,   0.127,correlated_pymatching,5dc8e74a0a28e52dabca52d06f77e22020eca85e89bd176b9d33ba32818e593b,"{""d"":7,""p"":0.00046415888336127773,""r"":7}",
      2048,         1,         0,   0.108,correlated_pymatching,bde8e1fb64a1f8181fecd846d885784c04ca506d1ddfb96a95a7cec3f08a2d48,"{""d"":5,""p"":0.001,""r"":5}","{""obs_mistake_mask=E"":1}"
      2048,         0,         0,   0.096,correlated_pymatching,9de98337e1a3faf43fdab4d57320a9c057fa61c642db64f1783fef3516a1279d,"{""d"":5,""p"":0.00046415888336127773,""r"":5}",
     28672,        68,         0,   0.291,correlated_pymatching,d6f34d8db1f0a6278debc124429e23820b21552934a41e2021cb74952902bbe4,"{""d"":3,""p"":0.00046415888336127773,""r"":3}","{""obs_mistake_mask=E"":68}"
     19456,         6,         0,   0.288,correlated_pymatching,079d0ab4fa6a0cbd43e7a0aecf94903da5262b0dd23888edbd52016b08eb22d3,"{""d"":3,""p"":0.0001,""r"":3}","{""obs_mistake_mask=E"":6}"
       128,        57,         0,   0.353,correlated_pymatching,a1a11a55f39eb6a79400c22544af52b7d8fecd0bf90641a5dcab469fcaaaf0a7,"{""d"":7,""p"":0.046415888336127774,""r"":7}","{""obs_mistake_mask=E"":57}"
     31744,        24,         0,   0.294,correlated_pymatching,e50a1a82ed470739dac3450a569004a51c4cfb8b0a996609d718fda7ee3cecfc,"{""d"":3,""p"":0.00021544346900318845,""r"":3}","{""obs_mistake_mask=E"":24}"
       128,        66,         0,   0.353,correlated_pymatching,a1a11a55f39eb6a79400c22544af52b7d8fecd0bf90641a5dcab469fcaaaf0a7,"{""d"":7,""p"":0.046415888336127774,""r"":7}","{""obs_mistake_mask=E"":66}"
         1,         0,         0,   0.106,correlated_pymatching,5b07d31ee7f2888344550fdfd45240bc75fe8b924e64b35790e33d7ebcad3ae8,"{""d"":7,""p"":0.0001,""r"":7}",
      1024,        11,         0,   0.076,correlated_pymatching,85594aca77967e1a8c7c85db753ada6d10ee9fa0b3538f8cd765ef6c00d7535b,"{""d"":5,""p"":0.002154434690031882,""r"":5}","{""obs_mistake_mask=E"":11}"
         1,         0,         0,   0.103,correlated_pymatching,0ca1613404eeae08d0e1c39cbe874bf152fd2973b6a9892bb5cd27f6a9c962ed,"{""d"":7,""p"":0.00021544346900318845,""r"":7}",
      4096,         0,         0,   0.172,correlated_pymatching,141e63a26d28792365a8c4eb2bf128057692caab6f9768e78cd3b20812b670a8,"{""d"":5,""p"":0.00021544346900318845,""r"":5}",
       256,       135,         0,   0.311,correlated_pymatching,82a2dbca30e929a3a193e20613c8a3d36eb0c0440c78465e293b125bcee48cae,"{""d"":7,""p"":0.01,""r"":7}","{""obs_mistake_mask=E"":135}"
       128,        57,         0,   0.378,correlated_pymatching,facff605a1c14a95c2e738076949d82b9b83a0e3d21b92644b6cc86b94e6f4a2,"{""d"":7,""p"":0.1,""r"":7}","{""obs_mistake_mask=E"":57}"
      1024,         0,         0,   0.151,correlated_pymatching,539de98e8fed58e6bc08fc7a9514e9c858dc52c157652b467080a50b7a82244c,"{""d"":7,""p"":0.001,""r"":7}",
      2048,         0,         0,   0.142,correlated_pymatching,885a7d062162ca657bb6c62edb27c2a57eb4c15f6cad0372d43adc4c31831932,"{""d"":5,""p"":0.0001,""r"":5}",
       128,        74,         0,   0.386,correlated_pymatching,facff605a1c14a95c2e738076949d82b9b83a0e3d21b92644b6cc86b94e6f4a2,"{""d"":7,""p"":0.1,""r"":7}","{""obs_mistake_mask=E"":74}"
         1,         0,         0,   0.110,correlated_pymatching,5dc8e74a0a28e52dabca52d06f77e22020eca85e89bd176b9d33ba32818e593b,"{""d"":7,""p"":0.00046415888336127773,""r"":7}",
      1024,         3,         0,   0.219,correlated_pymatching,6adcd37f742d90333eb8d5719652a156d53e20c5ea1397a34f4671d4abe90eaa,"{""d"":7,""p"":0.002154434690031882,""r"":7}","{""obs_mistake_mask=E"":3}"
         1,         0,         0,   0.104,correlated_pymatching,539de98e8fed58e6bc08fc7a9514e9c858dc52c157652b467080a50b7a82244c,"{""d"":7,""p"":0.001,""r"":7}",
      2048,         1,         0,   0.109,correlated_pymatching,bde8e1fb64a1f8181fecd846d885784c04ca506d1ddfb96a95a7cec3f08a2d48,"{""d"":5,""p"":0.001,""r"":5}","{""obs_mistake_mask=E"":1}"
         4,         0,         0,   0.098,correlated_pymatching,5b07d31ee7f2888344550fdfd45240bc75fe8b924e64b35790e33d7ebcad3ae8,"{""d"":7,""p"":0.0001,""r"":7}",
      7168,         0,         0,   0.290,correlated_pymatching,885a7d062162ca657bb6c62edb27c2a57eb4c15f6cad0372d43adc4c31831932,"{""d"":5,""p"":0.0001,""r"":5}",
      2048,         0,         0,   0.230,correlated_pymatching,0ca1613404eeae08d0e1c39cbe874bf152fd2973b6a9892bb5cd27f6a9c962ed,"{""d"":7,""p"":0.00021544346900318845,""r"":7}",
         4,         0,         0,   0.099,correlated_pymatching,0ca1613404eeae08d0e1c39cbe874bf152fd2973b6a9892bb5cd27f6a9c962ed,"{""d"":7,""p"":0.00021544346900318845,""r"":7}",
      2048,         0,         0,   0.221,correlated_pymatching,5b07d31ee7f2888344550fdfd45240bc75fe8b924e64b35790e33d7ebcad3ae8,"{""d"":7,""p"":0.0001,""r"":7}",
      3072,         0,         0,   0.144,correlated_pymatching,9de98337e1a3faf43fdab4d57320a9c057fa61c642db64f1783fef3516a1279d,"{""d"":5,""p"":0.00046415888336127773,""r"":5}",
     30720,        16,         0,   0.292,correlated_pymatching,e50a1a82ed470739dac3450a569004a51c4cfb8b0a996609d718fda7ee3cecfc,"{""d"":3,""p"":0.00021544346900318845,""r"":3}","{""obs_mistake_mask=E"":16}"
      7168,         0,         0,   0.306,correlated_pymatching,141e63a26d28792365a8c4eb2bf128057692caab6f9768e78cd3b20812b670a8,"{""d"":5,""p"":0.00021544346900318845,""r"":5}",
     31744,         8,         0,   0.287,correlated_pymatching,079d0ab4fa6a0cbd43e7a0aecf94903da5262b0dd23888edbd52016b08eb22d3,"{""d"":3,""p"":0.0001,""r"":3}","{""obs_mistake_mask=E"":8}"
     28672,        57,         0,   0.288,correlated_pymatching,d6f34d8db1f0a6278debc124429e23820b21552934a41e2021cb74952902bbe4,"{""d"":3,""p"":0.00046415888336127773,""r"":3}","{""obs_mistake_mask=E"":57}"
         4,         0,         0,   0.098,correlated_pymatching,5dc8e74a0a28e52dabca52d06f77e22020eca85e89bd176b9d33ba32818e593b,"{""d"":7,""p"":0.00046415888336127773,""r"":7}",
      6144,         7,         0,   0.327,correlated_pymatching,bde8e1fb64a1f8181fecd846d885784c04ca506d1ddfb96a95a7cec3f08a2d48,"{""d"":5,""p"":0.001,""r"":5}","{""obs_mistake_mask=E"":7}"
     16384,        36,         0,   0.169,correlated_pymatching,d6f34d8db1f0a6278debc124429e23820b21552934a41e2021cb74952902bbe4,"{""d"":3,""p"":0.00046415888336127773,""r"":3}","{""obs_mistake_mask=E"":36}"
      1024,         7,         0,   0.010,correlated_pymatching,d6f34d8db1f0a6278debc124429e23820b21552934a41e2021cb74952902bbe4,"{""d"":3,""p"":0.00046415888336127773,""r"":3}","{""obs_mistake_mask=E"":7}"
         4,         0,         0,   0.099,correlated_pymatching,539de98e8fed58e6bc08fc7a9514e9c858dc52c157652b467080a50b7a82244c,"{""d"":7,""p"":0.001,""r"":7}",
      2048,        21,         0,   0.150,correlated_pymatching,85594aca77967e1a8c7c85db753ada6d10ee9fa0b3538f8cd765ef6c00d7535b,"{""d"":5,""p"":0.002154434690031882,""r"":5}","{""obs_mistake_mask=E"":21}"
      1024,         0,         0,   0.150,correlated_pymatching,539de98e8fed58e6bc08fc7a9514e9c858dc52c157652b467080a50b7a82244c,"{""d"":7,""p"":0.001,""r"":7}",
        16,         0,         0,   0.098,correlated_pymatching,5b07d31ee7f2888344550fdfd45240bc75fe8b924e64b35790e33d7ebcad3ae8,"{""d"":7,""p"":0.0001,""r"":7}",
      2048,         0,         0,   0.249,correlated_pymatching,5dc8e74a0a28e52dabca52d06f77e22020eca85e89bd176b9d33ba32818e593b,"{""d"":7,""p"":0.00046415888336127773,""r"":7}",
      7168,         1,         0,   0.322,correlated_pymatching,9de98337e1a3faf43fdab4d57320a9c057fa61c642db64f1783fef3516a1279d,"{""d"":5,""p"":0.00046415888336127773,""r"":5}","{""obs_mistake_mask=E"":1}"
        16,         0,         0,   0.097,correlated_pymatching,0ca1613404eeae08d0e1c39cbe874bf152fd2973b6a9892bb5cd27f6a9c962ed,"{""d"":7,""p"":0.00021544346900318845,""r"":7}",
      4096,        50,         0,   0.302,correlated_pymatching,85594aca77967e1a8c7c85db753ada6d10ee9fa0b3538f8cd765ef6c00d7535b,"{""d"":5,""p"":0.002154434690031882,""r"":5}","{""obs_mistake_mask=E"":50}"
      5120,         0,         0,   0.214,correlated_pymatching,141e63a26d28792365a8c4eb2bf128057692caab6f9768e78cd3b20812b670a8,"{""d"":5,""p"":0.00021544346900318845,""r"":5}",
      3072,         2,         0,   0.164,correlated_pymatching,bde8e1fb64a1f8181fecd846d885784c04ca506d1ddfb96a95a7cec3f08a2d48,"{""d"":5,""p"":0.001,""r"":5}","{""obs_mistake_mask=E"":2}"
        16,         0,         0,   0.098,correlated_pymatching,5dc8e74a0a28e52dabca52d06f77e22020eca85e89bd176b9d33ba32818e593b,"{""d"":7,""p"":0.00046415888336127773,""r"":7}",
      3072,         0,         0,   0.204,correlated_pymatching,885a7d062162ca657bb6c62edb27c2a57eb4c15f6cad0372d43adc4c31831932,"{""d"":5,""p"":0.0001,""r"":5}",
        16,         0,         0,   0.099,correlated_pymatching,539de98e8fed58e6bc08fc7a9514e9c858dc52c157652b467080a50b7a82244c,"{""d"":7,""p"":0.001,""r"":7}",
      1024,         2,         0,   0.218,correlated_pymatching,6adcd37f742d90333eb8d5719652a156d53e20c5ea1397a34f4671d4abe90eaa,"{""d"":7,""p"":0.002154434690031882,""r"":7}","{""obs_mistake_mask=E"":2}"
        64,         0,         0,   0.101,correlated_pymatching,5b07d31ee7f2888344550fdfd45240bc75fe8b924e64b35790e33d7ebcad3ae8,"{""d"":7,""p"":0.0001,""r"":7}",
      4096,         0,         0,   0.187,correlated_pymatching,9de98337e1a3faf43fdab4d57320a9c057fa61c642db64f1783fef3516a1279d,"{""d"":5,""p"":0.00046415888336127773,""r"":5}",
      2048,        19,         0,   0.152,correlated_pymatching,85594aca77967e1a8c7c85db753ada6d10ee9fa0b3538f8cd765ef6c00d7535b,"{""d"":5,""p"":0.002154434690031882,""r"":5}","{""obs_mistake_mask=E"":19}"
        64,         0,         0,   0.103,correlated_pymatching,0ca1613404eeae08d0e1c39cbe874bf152fd2973b6a9892bb5cd27f6a9c962ed,"{""d"":7,""p"":0.00021544346900318845,""r"":7}",
       256,       140,         0,   0.299,correlated_pymatching,82a2dbca30e929a3a193e20613c8a3d36eb0c0440c78465e293b125bcee48cae,"{""d"":7,""p"":0.01,""r"":7}","{""obs_mistake_mask=E"":140}"
       128,        63,         0,   0.344,correlated_pymatching,a1a11a55f39eb6a79400c22544af52b7d8fecd0bf90641a5dcab469fcaaaf0a7,"{""d"":7,""p"":0.046415888336127774,""r"":7}","{""obs_mistake_mask=E"":63}"
       128,        60,         0,   0.341,correlated_pymatching,a1a11a55f39eb6a79400c22544af52b7d8fecd0bf90641a5dcab469fcaaaf0a7,"{""d"":7,""p"":0.046415888336127774,""r"":7}","{""obs_mistake_mask=E"":60}"
      2048,         0,         0,   0.217,correlated_pymatching,5b07d31ee7f2888344550fdfd45240bc75fe8b924e64b35790e33d7ebcad3ae8,"{""d"":7,""p"":0.0001,""r"":7}",
      2048,         0,         0,   0.225,correlated_pymatching,0ca1613404eeae08d0e1c39cbe874bf152fd2973b6a9892bb5cd27f6a9c962ed,"{""d"":7,""p"":0.00021544346900318845,""r"":7}",
      1024,        78,         0,   0.415,correlated_pymatching,ea95562c7f1ce3ea88b49824d9537b20e3f598411f27737084150a5666962aa4,"{""d"":7,""p"":0.004641588833612777,""r"":7}","{""obs_mistake_mask=E"":78}"
        64,         0,         0,   0.100,correlated_pymatching,5dc8e74a0a28e52dabca52d06f77e22020eca85e89bd176b9d33ba32818e593b,"{""d"":7,""p"":0.00046415888336127773,""r"":7}",
       256,       125,         0,   0.472,correlated_pymatching,1dfb38dcc26a207ef2660f9e602f551637dae16ced28cb5256f08ff8d8eb114a,"{""d"":7,""p"":0.021544346900318822,""r"":7}","{""obs_mistake_mask=E"":125}"
        64,         0,         0,   0.104,correlated_pymatching,539de98e8fed58e6bc08fc7a9514e9c858dc52c157652b467080a50b7a82244c,"{""d"":7,""p"":0.001,""r"":7}",
     27648,         7,         0,   0.408,correlated_pymatching,079d0ab4fa6a0cbd43e7a0aecf94903da5262b0dd23888edbd52016b08eb22d3,"{""d"":3,""p"":0.0001,""r"":3}","{""obs_mistake_mask=E"":7}"
     44032,        31,         0,   0.405,correlated_pymatching,e50a1a82ed470739dac3450a569004a51c4cfb8b0a996609d718fda7ee3cecfc,"{""d"":3,""p"":0.00021544346900318845,""r"":3}","{""obs_mistake_mask=E"":31}"
       256,         0,         0,   0.102,correlated_pymatching,5b07d31ee7f2888344550fdfd45240bc75fe8b924e64b35790e33d7ebcad3ae8,"{""d"":7,""p"":0.0001,""r"":7}",
         1,         0,         0,   0.103,correlated_pymatching,6adcd37f742d90333eb8d5719652a156d53e20c5ea1397a34f4671d4abe90eaa,"{""d"":7,""p"":0.002154434690031882,""r"":7}",
       128,        56,         0,   0.377,correlated_pymatching,facff605a1c14a95c2e738076949d82b9b83a0e3d21b92644b6cc86b94e6f4a2,"{""d"":7,""p"":0.1,""r"":7}","{""obs_mistake_mask=E"":56}"
       256,         0,         0,   0.103,correlated_pymatching,0ca1613404eeae08d0e1c39cbe874bf152fd2973b6a9892bb5cd27f6a9c962ed,"{""d"":7,""p"":0.00021544346900318845,""r"":7}",
       128,        71,         0,   0.378,correlated_pymatching,facff605a1c14a95c2e738076949d82b9b83a0e3d21b92644b6cc86b94e6f4a2,"{""d"":7,""p"":0.1,""r"":7}","{""obs_mistake_mask=E"":71}"
      2048,         0,         0,   0.253,correlated_pymatching,5dc8e74a0a28e52dabca52d06f77e22020eca85e89bd176b9d33ba32818e593b,"{""d"":7,""p"":0.00046415888336127773,""r"":7}",
       256,         0,         0,   0.106,correlated_pymatching,5dc8e74a0a28e52dabca52d06f77e22020eca85e89bd176b9d33ba32818e593b,"{""d"":7,""p"":0.00046415888336127773,""r"":7}",
         1,         0,         0,   0.107,correlated_pymatching,ea95562c7f1ce3ea88b49824d9537b20e3f598411f27737084150a5666962aa4,"{""d"":7,""p"":0.004641588833612777,""r"":7}",
      4096,         8,         0,   0.221,correlated_pymatching,bde8e1fb64a1f8181fecd846d885784c04ca506d1ddfb96a95a7cec3f08a2d48,"{""d"":5,""p"":0.001,""r"":5}","{""obs_mistake_mask=E"":8}"
      3072,         0,         0,   0.206,correlated_pymatching,885a7d062162ca657bb6c62edb27c2a57eb4c15f6cad0372d43adc4c31831932,"{""d"":5,""p"":0.0001,""r"":5}",
       256,         0,         0,   0.113,correlated_pymatching,539de98e8fed58e6bc08fc7a9514e9c858dc52c157652b467080a50b7a82244c,"{""d"":7,""p"":0.001,""r"":7}",
      1024,         6,         0,   0.218,correlated_pymatching,6adcd37f742d90333eb8d5719652a156d53e20c5ea1397a34f4671d4abe90eaa,"{""d"":7,""p"":0.002154434690031882,""r"":7}","{""obs_mistake_mask=E"":6}"
      2048,         1,         0,   0.301,correlated_pymatching,539de98e8fed58e6bc08fc7a9514e9c858dc52c157652b467080a50b7a82244c,"{""d"":7,""p"":0.001,""r"":7}","{""obs_mistake_mask=E"":1}"
         4,         0,         0,   0.100,correlated_pymatching,6adcd37f742d90333eb8d5719652a156d53e20c5ea1397a34f4671d4abe90eaa,"{""d"":7,""p"":0.002154434690031882,""r"":7}",
      1024,         0,         0,   0.111,correlated_pymatching,5b07d31ee7f2888344550fdfd45240bc75fe8b924e64b35790e33d7ebcad3ae8,"{""d"":7,""p"":0.0001,""r"":7}",
     10240,         0,         0,   0.408,correlated_pymatching,885a7d062162ca657bb6c62edb27c2a57eb4c15f6cad0372d43adc4c31831932,"{""d"":5,""p"":0.0001,""r"":5}",
      1024,         0,         0,   0.116,correlated_pymatching,0ca1613404eeae08d0e1c39cbe874bf152fd2973b6a9892bb5cd27f6a9c962ed,"{""d"":7,""p"":0.00021544346900318845,""r"":7}",
      7168,         0,         0,   0.301,correlated_pymatching,141e63a26d28792365a8c4eb2bf128057692caab6f9768e78cd3b20812b670a8,"{""d"":5,""p"":0.00021544346900318845,""r"":5}",
     44032,        26,         0,   0.408,correlated_pymatching,e50a1a82ed470739dac3450a569004a51c4cfb8b0a996609d718fda7ee3cecfc,"{""d"":3,""p"":0.00021544346900318845,""r"":3}","{""obs_mistake_mask=E"":26}"
      3072,        34,         0,   0.228,correlated_pymatching,85594aca77967e1a8c7c85db753ada6d10ee9fa0b3538f8cd765ef6c00d7535b,"{""d"":5,""p"":0.002154434690031882,""r"":5}","{""obs_mistake_mask=E"":34}"
      5120,         1,         0,   0.234,correlated_pymatching,9de98337e1a3faf43fdab4d57320a9c057fa61c642db64f1783fef3516a1279d,"{""d"":5,""p"":0.00046415888336127773,""r"":5}","{""obs_mistake_mask=E"":1}"
     45056,        12,         0,   0.408,correlated_pymatching,079d0ab4fa6a0cbd43e7a0aecf94903da5262b0dd23888edbd52016b08eb22d3,"{""d"":3,""p"":0.0001,""r"":3}","{""obs_mistake_mask=E"":12}"
         4,         1,         0,   0.098,correlated_pymatching,ea95562c7f1ce3ea88b49824d9537b20e3f598411f27737084150a5666962aa4,"{""d"":7,""p"":0.004641588833612777,""r"":7}","{""obs_mistake_mask=E"":1}"
     10240,         0,         0,   0.429,correlated_pymatching,141e63a26d28792365a8c4eb2bf128057692caab6f9768e78cd3b20812b670a8,"{""d"":5,""p"":0.00021544346900318845,""r"":5}",
      1024,         0,         0,   0.127,correlated_pymatching,5dc8e74a0a28e52dabca52d06f77e22020eca85e89bd176b9d33ba32818e593b,"{""d"":7,""p"":0.00046415888336127773,""r"":7}",
      8192,        11,         0,   0.437,correlated_pymatching,bde8e1fb64a1f8181fecd846d885784c04ca506d1ddfb96a95a7cec3f08a2d48,"{""d"":5,""p"":0.001,""r"":5}","{""obs_mistake_mask=E"":11}"
        16,         0,         0,   0.101,correlated_pymatching,6adcd37f742d90333eb8d5719652a156d53e20c5ea1397a34f4671d4abe90eaa,"{""d"":7,""p"":0.002154434690031882,""r"":7}",
      1024,         0,         0,   0.111,correlated_pymatching,5b07d31ee7f2888344550fdfd45240bc75fe8b924e64b35790e33d7ebcad3ae8,"{""d"":7,""p"":0.0001,""r"":7}",
      1024,         0,         0,   0.157,correlated_pymatching,539de98e8fed58e6bc08fc7a9514e9c858dc52c157652b467080a50b7a82244c,"{""d"":7,""p"":0.001,""r"":7}",
      9216,         0,         0,   0.418,correlated_pymatching,9de98337e1a3faf43fdab4d57320a9c057fa61c642db64f1783fef3516a1279d,"{""d"":5,""p"":0.00046415888336127773,""r"":5}",
      1024,         0,         0,   0.118,correlated_pymatching,0ca1613404eeae08d0e1c39cbe874bf152fd2973b6a9892bb5cd27f6a9c962ed,"{""d"":7,""p"":0.00021544346900318845,""r"":7}",
        16,         1,         0,   0.104,correlated_pymatching,ea95562c7f1ce3ea88b49824d9537b20e3f598411f27737084150a5666962aa4,"{""d"":7,""p"":0.004641588833612777,""r"":7}","{""obs_mistake_mask=E"":1}"
      3072,         0,         0,   0.329,correlated_pymatching,5b07d31ee7f2888344550fdfd45240bc75fe8b924e64b35790e33d7ebcad3ae8,"{""d"":7,""p"":0.0001,""r"":7}",
      6144,        78,         0,   0.452,correlated_pymatching,85594aca77967e1a8c7c85db753ada6d10ee9fa0b3538f8cd765ef6c00d7535b,"{""d"":5,""p"":0.002154434690031882,""r"":5}","{""obs_mistake_mask=E"":78}"
      3072,         0,         0,   0.341,correlated_pymatching,0ca1613404eeae08d0e1c39cbe874bf152fd2973b6a9892bb5cd27f6a9c962ed,"{""d"":7,""p"":0.00021544346900318845,""r"":7}",
       128,        61,         0,   0.347,correlated_pymatching,a1a11a55f39eb6a79400c22544af52b7d8fecd0bf90641a5dcab469fcaaaf0a7,"{""d"":7,""p"":0.046415888336127774,""r"":7}","{""obs_mistake_mask=E"":61}"
       128,        68,         0,   0.352,correlated_pymatching,a1a11a55f39eb6a79400c22544af52b7d8fecd0bf90641a5dcab469fcaaaf0a7,"{""d"":7,""p"":0.046415888336127774,""r"":7}","{""obs_mistake_mask=E"":68}"
      2048,        20,         0,   0.152,correlated_pymatching,85594aca77967e1a8c7c85db753ada6d10ee9fa0b3538f8cd765ef6c00d7535b,"{""d"":5,""p"":0.002154434690031882,""r"":5}","{""obs_mistake_mask=E"":20}"
      1024,         5,         0,   0.216,correlated_pymatching,6adcd37f742d90333eb8d5719652a156d53e20c5ea1397a34f4671d4abe90eaa,"{""d"":7,""p"":0.002154434690031882,""r"":7}","{""obs_mistake_mask=E"":5}"
      1024,         0,         0,   0.127,correlated_pymatching,5dc8e74a0a28e52dabca52d06f77e22020eca85e89bd176b9d33ba32818e593b,"{""d"":7,""p"":0.00046415888336127773,""r"":7}",
        64,         0,         0,   0.106,correlated_pymatching,6adcd37f742d90333eb8d5719652a156d53e20c5ea1397a34f4671d4abe90eaa,"{""d"":7,""p"":0.002154434690031882,""r"":7}",
      1024,         0,         0,   0.110,correlated_pymatching,5b07d31ee7f2888344550fdfd45240bc75fe8b924e64b35790e33d7ebcad3ae8,"{""d"":7,""p"":0.0001,""r"":7}",
      1024,        14,         0,   0.075,correlated_pymatching,85594aca77967e1a8c7c85db753ada6d10ee9fa0b3538f8cd765ef6c00d7535b,"{""d"":5,""p"":0.002154434690031882,""r"":5}","{""obs_mistake_mask=E"":14}"
      1024,        96,         0,   0.418,correlated_pymatching,ea95562c7f1ce3ea88b49824d9537b20e3f598411f27737084150a5666962aa4,"{""d"":7,""p"":0.004641588833612777,""r"":7}","{""obs_mistake_mask=E"":96}"
      1024,         0,         0,   0.116,correlated_pymatching,0ca1613404eeae08d0e1c39cbe874bf152fd2973b6a9892bb5cd27f6a9c962ed,"{""d"":7,""p"":0.00021544346900318845,""r"":7}",
        64,         8,         0,   0.118,correlated_pymatching,ea95562c7f1ce3ea88b49824d9537b20e3f598411f27737084150a5666962aa4,"{""d"":7,""p"":0.004641588833612777,""r"":7}","{""obs_mistake_mask=E"":8}"
      1024,         0,         0,   0.154,correlated_pymatching,539de98e8fed58e6bc08fc7a9514e9c858dc52c157652b467080a50b7a82244c,"{""d"":7,""p"":0.001,""r"":7}",
       128,        70,         0,   0.373,correlated_pymatching,facff605a1c14a95c2e738076949d82b9b83a0e3d21b92644b6cc86b94e6f4a2,"{""d"":7,""p"":0.1,""r"":7}","{""obs_mistake_mask=E"":70}"
      2048,         0,         0,   0.296,correlated_pymatching,539de98e8fed58e6bc08fc7a9514e9c858dc52c157652b467080a50b7a82244c,"{""d"":7,""p"":0.001,""r"":7}",
      6144,         6,         0,   0.330,correlated_pymatching,bde8e1fb64a1f8181fecd846d885784c04ca506d1ddfb96a95a7cec3f08a2d48,"{""d"":5,""p"":0.001,""r"":5}","{""obs_mistake_mask=E"":6}"
       128,        55,         0,   0.373,correlated_pymatching,facff605a1c14a95c2e738076949d82b9b83a0e3d21b92644b6cc86b94e6f4a2,"{""d"":7,""p"":0.1,""r"":7}","{""obs_mistake_mask=E"":55}"
      5120,         0,         0,   0.345,correlated_pymatching,885a7d062162ca657bb6c62edb27c2a57eb4c15f6cad0372d43adc4c31831932,"{""d"":5,""p"":0.0001,""r"":5}",
       256,       121,         0,   0.470,correlated_pymatching,1dfb38dcc26a207ef2660f9e602f551637dae16ced28cb5256f08ff8d8eb114a,"{""d"":7,""p"":0.021544346900318822,""r"":7}","{""obs_mistake_mask=E"":121}"
      3072,         1,         0,   0.374,correlated_pymatching,5dc8e74a0a28e52dabca52d06f77e22020eca85e89bd176b9d33ba32818e593b,"{""d"":7,""p"":0.00046415888336127773,""r"":7}","{""obs_mistake_mask=E"":1}"
      1024,         0,         0,   0.125,correlated_pymatching,5dc8e74a0a28e52dabca52d06f77e22020eca85e89bd176b9d33ba32818e593b,"{""d"":7,""p"":0.00046415888336127773,""r"":7}",
       512,       243,         0,   0.510,correlated_pymatching,82a2dbca30e929a3a193e20613c8a3d36eb0c0440c78465e293b125bcee48cae,"{""d"":7,""p"":0.01,""r"":7}","{""obs_mistake_mask=E"":243}"
       256,         0,         0,   0.129,correlated_pymatching,6adcd37f742d90333eb8d5719652a156d53e20c5ea1397a34f4671d4abe90eaa,"{""d"":7,""p"":0.002154434690031882,""r"":7}",
      7168,         1,         0,   0.327,correlated_pymatching,9de98337e1a3faf43fdab4d57320a9c057fa61c642db64f1783fef3516a1279d,"{""d"":5,""p"":0.00046415888336127773,""r"":5}","{""obs_mistake_mask=E"":1}"
        17,         0,         0,   0.017,correlated_pymatching,e50a1a82ed470739dac3450a569004a51c4cfb8b0a996609d718fda7ee3cecfc,"{""d"":3,""p"":0.00021544346900318845,""r"":3}",
      1280,         1,         0,   0.018,correlated_pymatching,e50a1a82ed470739dac3450a569004a51c4cfb8b0a996609d718fda7ee3cecfc,"{""d"":3,""p"":0.00021544346900318845,""r"":3}","{""obs_mistake_mask=E"":1}"
        17,         0,         0,   0.016,correlated_pymatching,079d0ab4fa6a0cbd43e7a0aecf94903da5262b0dd23888edbd52016b08eb22d3,"{""d"":3,""p"":0.0001,""r"":3}",
      1024,         0,         0,   0.155,correlated_pymatching,539de98e8fed58e6bc08fc7a9514e9c858dc52c157652b467080a50b7a82244c,"{""d"":7,""p"":0.001,""r"":7}",
      1280,         0,         0,   0.018,correlated_pymatching,079d0ab4fa6a0cbd43e7a0aecf94903da5262b0dd23888edbd52016b08eb22d3,"{""d"":3,""p"":0.0001,""r"":3}",
      3072,         1,         0,   0.028,correlated_pymatching,e50a1a82ed470739dac3450a569004a51c4cfb8b0a996609d718fda7ee3cecfc,"{""d"":3,""p"":0.00021544346900318845,""r"":3}","{""obs_mistake_mask=E"":1}"
      2048,         0,         0,   0.219,correlated_pymatching,5b07d31ee7f2888344550fdfd45240bc75fe8b924e64b35790e33d7ebcad3ae8,"{""d"":7,""p"":0.0001,""r"":7}",
       256,        18,         0,   0.183,correlated_pymatching,ea95562c7f1ce3ea88b49824d9537b20e3f598411f27737084150a5666962aa4,"{""d"":7,""p"":0.004641588833612777,""r"":7}","{""obs_mistake_mask=E"":18}"
     10240,         0,         0,   0.430,correlated_pymatching,141e63a26d28792365a8c4eb2bf128057692caab6f9768e78cd3b20812b670a8,"{""d"":5,""p"":0.00021544346900318845,""r"":5}",
      3072,         1,         0,   0.027,correlated_pymatching,079d0ab4fa6a0cbd43e7a0aecf94903da5262b0dd23888edbd52016b08eb22d3,"{""d"":3,""p"":0.0001,""r"":3}","{""obs_mistake_mask=E"":1}"
     61440,        44,         0,   0.564,correlated_pymatching,e50a1a82ed470739dac3450a569004a51c4cfb8b0a996609d718fda7ee3cecfc,"{""d"":3,""p"":0.00021544346900318845,""r"":3}","{""obs_mistake_mask=E"":44}"
     38912,         8,         0,   0.570,correlated_pymatching,079d0ab4fa6a0cbd43e7a0aecf94903da5262b0dd23888edbd52016b08eb22d3,"{""d"":3,""p"":0.0001,""r"":3}","{""obs_mistake_mask=E"":8}"
      3072,         1,         0,   0.028,correlated_pymatching,e50a1a82ed470739dac3450a569004a51c4cfb8b0a996609d718fda7ee3cecfc,"{""d"":3,""p"":0.00021544346900318845,""r"":3}","{""obs_mistake_mask=E"":1}"
      3072,         0,         0,   0.027,correlated_pymatching,079d0ab4fa6a0cbd43e7a0aecf94903da5262b0dd23888edbd52016b08eb22d3,"{""d"":3,""p"":0.0001,""r"":3}",
         1,         0,         0,   0.102,correlated_pymatching,1dfb38dcc26a207ef2660f9e602f551637dae16ced28cb5256f08ff8d8eb114a,"{""d"":7,""p"":0.021544346900318822,""r"":7}",
      2048,         0,         0,   0.234,correlated_pymatching,0ca1613404eeae08d0e1c39cbe874bf152fd2973b6a9892bb5cd27f6a9c962ed,"{""d"":7,""p"":0.00021544346900318845,""r"":7}",
       128,        57,         0,   0.344,correlated_pymatching,a1a11a55f39eb6a79400c22544af52b7d8fecd0bf90641a5dcab469fcaaaf0a7,"{""d"":7,""p"":0.046415888336127774,""r"":7}","{""obs_mistake_mask=E"":57}"
      5120,         2,         0,   0.047,correlated_pymatching,e50a1a82ed470739dac3450a569004a51c4cfb8b0a996609d718fda7ee3cecfc,"{""d"":3,""p"":0.00021544346900318845,""r"":3}","{""obs_mistake_mask=E"":2}"
       128,        65,         0,   0.344,correlated_pymatching,a1a11a55f39eb6a79400c22544af52b7d8fecd0bf90641a5dcab469fcaaaf0a7,"{""d"":7,""p"":0.046415888336127774,""r"":7}","{""obs_mistake_mask=E"":65}"
      5120,         1,         0,   0.045,correlated_pymatching,079d0ab4fa6a0cbd43e7a0aecf94903da5262b0dd23888edbd52016b08eb22d3,"{""d"":3,""p"":0.0001,""r"":3}","{""obs_mistake_mask=E"":1}"
      1024,         8,         0,   0.226,correlated_pymatching,6adcd37f742d90333eb8d5719652a156d53e20c5ea1397a34f4671d4abe90eaa,"{""d"":7,""p"":0.002154434690031882,""r"":7}","{""obs_mistake_mask=E"":8}"
      6144,         5,         0,   0.057,correlated_pymatching,e50a1a82ed470739dac3450a569004a51c4cfb8b0a996609d718fda7ee3cecfc,"{""d"":3,""p"":0.00021544346900318845,""r"":3}","{""obs_mistake_mask=E"":5}"
      2048,         0,         0,   0.255,correlated_pymatching,5dc8e74a0a28e52dabca52d06f77e22020eca85e89bd176b9d33ba32818e593b,"{""d"":7,""p"":0.00046415888336127773,""r"":7}",
      1024,         0,         0,   0.154,correlated_pymatching,539de98e8fed58e6bc08fc7a9514e9c858dc52c157652b467080a50b7a82244c,"{""d"":7,""p"":0.001,""r"":7}",
     14336,         0,         0,   0.572,correlated_pymatching,885a7d062162ca657bb6c62edb27c2a57eb4c15f6cad0372d43adc4c31831932,"{""d"":5,""p"":0.0001,""r"":5}",
      6144,         0,         0,   0.055,correlated_pymatching,079d0ab4fa6a0cbd43e7a0aecf94903da5262b0dd23888edbd52016b08eb22d3,"{""d"":3,""p"":0.0001,""r"":3}",
      4096,         0,         0,   0.437,correlated_pymatching,5b07d31ee7f2888344550fdfd45240bc75fe8b924e64b35790e33d7ebcad3ae8,"{""d"":7,""p"":0.0001,""r"":7}",
         4,         1,         0,   0.104,correlated_pymatching,1dfb38dcc26a207ef2660f9e602f551637dae16ced28cb5256f08ff8d8eb114a,"{""d"":7,""p"":0.021544346900318822,""r"":7}","{""obs_mistake_mask=E"":1}"
     60416,        41,         0,   0.565,correlated_pymatching,e50a1a82ed470739dac3450a569004a51c4cfb8b0a996609d718fda7ee3cecfc,"{""d"":3,""p"":0.00021544346900318845,""r"":3}","{""obs_mistake_mask=E"":41}"
      4096,         0,         0,   0.446,correlated_pymatching,0ca1613404eeae08d0e1c39cbe874bf152fd2973b6a9892bb5cd27f6a9c962ed,"{""d"":7,""p"":0.00021544346900318845,""r"":7}",
     62464,        18,         0,   0.569,correlated_pymatching,079d0ab4fa6a0cbd43e7a0aecf94903da5262b0dd23888edbd52016b08eb22d3,"{""d"":3,""p"":0.0001,""r"":3}","{""obs_mistake_mask=E"":18}"
         1,         0,         0,   0.036,correlated_pymatching,885a7d062162ca657bb6c62edb27c2a57eb4c15f6cad0372d43adc4c31831932,"{""d"":5,""p"":0.0001,""r"":5}",
         1,         0,         0,   0.036,correlated_pymatching,141e63a26d28792365a8c4eb2bf128057692caab6f9768e78cd3b20812b670a8,"{""d"":5,""p"":0.00021544346900318845,""r"":5}",
      2048,         8,         0,   0.437,correlated_pymatching,6adcd37f742d90333eb8d5719652a156d53e20c5ea1397a34f4671d4abe90eaa,"{""d"":7,""p"":0.002154434690031882,""r"":7}","{""obs_mistake_mask=E"":8}"
       128,        70,         0,   0.369,correlated_pymatching,facff605a1c14a95c2e738076949d82b9b83a0e3d21b92644b6cc86b94e6f4a2,"{""d"":7,""p"":0.1,""r"":7}","{""obs_mistake_mask=E"":70}"
      8192,         8,         0,   0.075,correlated_pymatching,e50a1a82ed470739dac3450a569004a51c4cfb8b0a996609d718fda7ee3cecfc,"{""d"":3,""p"":0.00021544346900318845,""r"":3}","{""obs_mistake_mask=E"":8}"
     14336,         2,         0,   0.599,correlated_pymatching,141e63a26d28792365a8c4eb2bf128057692caab6f9768e78cd3b20812b670a8,"{""d"":5,""p"":0.00021544346900318845,""r"":5}","{""obs_mistake_mask=E"":2}"
        16,         0,         0,   0.036,correlated_pymatching,885a7d062162ca657bb6c62edb27c2a57eb4c15f6cad0372d43adc4c31831932,"{""d"":5,""p"":0.0001,""r"":5}",
        16,         0,         0,   0.036,correlated_pymatching,141e63a26d28792365a8c4eb2bf128057692caab6f9768e78cd3b20812b670a8,"{""d"":5,""p"":0.00021544346900318845,""r"":5}",
      2048,         0,         0,   0.225,correlated_pymatching,5b07d31ee7f2888344550fdfd45240bc75fe8b924e64b35790e33d7ebcad3ae8,"{""d"":7,""p"":0.0001,""r"":7}",
      9216,         1,         0,   0.083,correlated_pymatching,079d0ab4fa6a0cbd43e7a0aecf94903da5262b0dd23888edbd52016b08eb22d3,"{""d"":3,""p"":0.0001,""r"":3}","{""obs_mistake_mask=E"":1}"
      1024,        78,         0,   0.419,correlated_pymatching,ea95562c7f1ce3ea88b49824d9537b20e3f598411f27737084150a5666962aa4,"{""d"":7,""p"":0.004641588833612777,""r"":7}","{""obs_mistake_mask=E"":78}"
     11264,        18,         0,   0.601,correlated_pymatching,bde8e1fb64a1f8181fecd846d885784c04ca506d1ddfb96a95a7cec3f08a2d48,"{""d"":5,""p"":0.001,""r"":5}","{""obs_mistake_mask=E"":18}"
       256,         0,         0,   0.037,correlated_pymatching,885a7d062162ca657bb6c62edb27c2a57eb4c15f6cad0372d43adc4c31831932,"{""d"":5,""p"":0.0001,""r"":5}",
       256,         0,         0,   0.039,correlated_pymatching,141e63a26d28792365a8c4eb2bf128057692caab6f9768e78cd3b20812b670a8,"{""d"":5,""p"":0.00021544346900318845,""r"":5}",
        16,         7,         0,   0.123,correlated_pymatching,1dfb38dcc26a207ef2660f9e602f551637dae16ced28cb5256f08ff8d8eb114a,"{""d"":7,""p"":0.021544346900318822,""r"":7}","{""obs_mistake_mask=E"":7}"
       512,        59,         0,   0.268,correlated_pymatching,ea95562c7f1ce3ea88b49824d9537b20e3f598411f27737084150a5666962aa4,"{""d"":7,""p"":0.004641588833612777,""r"":7}","{""obs_mistake_mask=E"":59}"
      6144,         0,         0,   0.424,correlated_pymatching,885a7d062162ca657bb6c62edb27c2a57eb4c15f6cad0372d43adc4c31831932,"{""d"":5,""p"":0.0001,""r"":5}",
      3072,         1,         0,   0.445,correlated_pymatching,539de98e8fed58e6bc08fc7a9514e9c858dc52c157652b467080a50b7a82244c,"{""d"":7,""p"":0.001,""r"":7}","{""obs_mistake_mask=E"":1}"
      8192,        12,         0,   0.444,correlated_pymatching,bde8e1fb64a1f8181fecd846d885784c04ca506d1ddfb96a95a7cec3f08a2d48,"{""d"":5,""p"":0.001,""r"":5}","{""obs_mistake_mask=E"":12}"
      2048,         0,         0,   0.232,correlated_pymatching,0ca1613404eeae08d0e1c39cbe874bf152fd2973b6a9892bb5cd27f6a9c962ed,"{""d"":7,""p"":0.00021544346900318845,""r"":7}",
     13312,         3,         0,   0.606,correlated_pymatching,9de98337e1a3faf43fdab4d57320a9c057fa61c642db64f1783fef3516a1279d,"{""d"":5,""p"":0.00046415888336127773,""r"":5}","{""obs_mistake_mask=E"":3}"
      1024,         0,         0,   0.041,correlated_pymatching,885a7d062162ca657bb6c62edb27c2a57eb4c15f6cad0372d43adc4c31831932,"{""d"":5,""p"":0.0001,""r"":5}",
      1024,         0,         0,   0.042,correlated_pymatching,141e63a26d28792365a8c4eb2bf128057692caab6f9768e78cd3b20812b670a8,"{""d"":5,""p"":0.00021544346900318845,""r"":5}",
         1,         0,         0,   0.036,correlated_pymatching,9de98337e1a3faf43fdab4d57320a9c057fa61c642db64f1783fef3516a1279d,"{""d"":5,""p"":0.00046415888336127773,""r"":5}",
     12288,        10,         0,   0.113,correlated_pymatching,e50a1a82ed470739dac3450a569004a51c4cfb8b0a996609d718fda7ee3cecfc,"{""d"":3,""p"":0.00021544346900318845,""r"":3}","{""obs_mistake_mask=E"":10}"
         1,         0,         0,   0.036,correlated_pymatching,bde8e1fb64a1f8181fecd846d885784c04ca506d1ddfb96a95a7cec3f08a2d48,"{""d"":5,""p"":0.001,""r"":5}",
     12288,         3,         0,   0.110,correlated_pymatching,079d0ab4fa6a0cbd43e7a0aecf94903da5262b0dd23888edbd52016b08eb22d3,"{""d"":3,""p"":0.0001,""r"":3}","{""obs_mistake_mask=E"":3}"
       256,       138,         0,   0.464,correlated_pymatching,1dfb38dcc26a207ef2660f9e602f551637dae16ced28cb5256f08ff8d8eb114a,"{""d"":7,""p"":0.021544346900318822,""r"":7}","{""obs_mistake_mask=E"":138}"
      9216,         2,         0,   0.420,correlated_pymatching,9de98337e1a3faf43fdab4d57320a9c057fa61c642db64f1783fef3516a1279d,"{""d"":5,""p"":0.00046415888336127773,""r"":5}","{""obs_mistake_mask=E"":2}"
      1024,         0,         0,   0.040,correlated_pymatching,885a7d062162ca657bb6c62edb27c2a57eb4c15f6cad0372d43adc4c31831932,"{""d"":5,""p"":0.0001,""r"":5}",
      1024,         1,         0,   0.226,correlated_pymatching,6adcd37f742d90333eb8d5719652a156d53e20c5ea1397a34f4671d4abe90eaa,"{""d"":7,""p"":0.002154434690031882,""r"":7}","{""obs_mistake_mask=E"":1}"
      1024,         0,         0,   0.042,correlated_pymatching,141e63a26d28792365a8c4eb2bf128057692caab6f9768e78cd3b20812b670a8,"{""d"":5,""p"":0.00021544346900318845,""r"":5}",
        16,         0,         0,   0.036,correlated_pymatching,9de98337e1a3faf43fdab4d57320a9c057fa61c642db64f1783fef3516a1279d,"{""d"":5,""p"":0.00046415888336127773,""r"":5}",
        16,         0,         0,   0.037,correlated_pymatching,bde8e1fb64a1f8181fecd846d885784c04ca506d1ddfb96a95a7cec3f08a2d48,"{""d"":5,""p"":0.001,""r"":5}",
      4096,         0,         0,   0.495,correlated_pymatching,5dc8e74a0a28e52dabca52d06f77e22020eca85e89bd176b9d33ba32818e593b,"{""d"":7,""p"":0.00046415888336127773,""r"":7}",
      2048,         0,         0,   0.257,correlated_pymatching,5dc8e74a0a28e52dabca52d06f77e22020eca85e89bd176b9d33ba32818e593b,"{""d"":7,""p"":0.00046415888336127773,""r"":7}",
       256,         0,         0,   0.039,correlated_pymatching,9de98337e1a3faf43fdab4d57320a9c057fa61c642db64f1783fef3516a1279d,"{""d"":5,""p"":0.00046415888336127773,""r"":5}",
       256,         0,         0,   0.041,correlated_pymatching,bde8e1fb64a1f8181fecd846d885784c04ca506d1ddfb96a95a7cec3f08a2d48,"{""d"":5,""p"":0.001,""r"":5}",
      2048,         0,         0,   0.080,correlated_pymatching,885a7d062162ca657bb6c62edb27c2a57eb4c15f6cad0372d43adc4c31831932,"{""d"":5,""p"":0.0001,""r"":5}",
      2048,         0,         0,   0.083,correlated_pymatching,141e63a26d28792365a8c4eb2bf128057692caab6f9768e78cd3b20812b670a8,"{""d"":5,""p"":0.00021544346900318845,""r"":5}",
      1024,         0,         0,   0.045,correlated_pymatching,9de98337e1a3faf43fdab4d57320a9c057fa61c642db64f1783fef3516a1279d,"{""d"":5,""p"":0.00046415888336127773,""r"":5}",
      2048,         2,         0,   0.312,correlated_pymatching,539de98e8fed58e6bc08fc7a9514e9c858dc52c157652b467080a50b7a82244c,"{""d"":7,""p"":0.001,""r"":7}","{""obs_mistake_mask=E"":2}"
      1024,         1,         0,   0.054,correlated_pymatching,bde8e1fb64a1f8181fecd846d885784c04ca506d1ddfb96a95a7cec3f08a2d48,"{""d"":5,""p"":0.001,""r"":5}","{""obs_mistake_mask=E"":1}"
        64,        29,         0,   0.194,correlated_pymatching,1dfb38dcc26a207ef2660f9e602f551637dae16ced28cb5256f08ff8d8eb114a,"{""d"":7,""p"":0.021544346900318822,""r"":7}","{""obs_mistake_mask=E"":29}"
     16384,         6,         0,   0.151,correlated_pymatching,e50a1a82ed470739dac3450a569004a51c4cfb8b0a996609d718fda7ee3cecfc,"{""d"":3,""p"":0.00021544346900318845,""r"":3}","{""obs_mistake_mask=E"":6}"
      1024,         0,         0,   0.045,correlated_pymatching,9de98337e1a3faf43fdab4d57320a9c057fa61c642db64f1783fef3516a1279d,"{""d"":5,""p"":0.00046415888336127773,""r"":5}",
     17408,         4,         0,   0.155,correlated_pymatching,079d0ab4fa6a0cbd43e7a0aecf94903da5262b0dd23888edbd52016b08eb22d3,"{""d"":3,""p"":0.0001,""r"":3}","{""obs_mistake_mask=E"":4}"
      2048,         0,         0,   0.080,correlated_pymatching,885a7d062162ca657bb6c62edb27c2a57eb4c15f6cad0372d43adc4c31831932,"{""d"":5,""p"":0.0001,""r"":5}",
      1024,         1,         0,   0.054,correlated_pymatching,bde8e1fb64a1f8181fecd846d885784c04ca506d1ddfb96a95a7cec3f08a2d48,"{""d"":5,""p"":0.001,""r"":5}","{""obs_mistake_mask=E"":1}"
      2048,         0,         0,   0.085,correlated_pymatching,141e63a26d28792365a8c4eb2bf128057692caab6f9768e78cd3b20812b670a8,"{""d"":5,""p"":0.00021544346900318845,""r"":5}",
      3072,         0,         0,   0.332,correlated_pymatching,5b07d31ee7f2888344550fdfd45240bc75fe8b924e64b35790e33d7ebcad3ae8,"{""d"":7,""p"":0.0001,""r"":7}",
      1024,         1,         0,   0.222,correlated_pymatching,6adcd37f742d90333eb8d5719652a156d53e20c5ea1397a34f4671d4abe90eaa,"{""d"":7,""p"":0.002154434690031882,""r"":7}","{""obs_mistake_mask=E"":1}"
      2048,         1,         0,   0.092,correlated_pymatching,9de98337e1a3faf43fdab4d57320a9c057fa61c642db64f1783fef3516a1279d,"{""d"":5,""p"":0.00046415888336127773,""r"":5}","{""obs_mistake_mask=E"":1}"
      2048,         2,         0,   0.107,correlated_pymatching,bde8e1fb64a1f8181fecd846d885784c04ca506d1ddfb96a95a7cec3f08a2d48,"{""d"":5,""p"":0.001,""r"":5}","{""obs_mistake_mask=E"":2}"
     14336,         0,         0,   0.603,correlated_pymatching,141e63a26d28792365a8c4eb2bf128057692caab6f9768e78cd3b20812b670a8,"{""d"":5,""p"":0.00021544346900318845,""r"":5}",
      2048,         7,         0,   0.432,correlated_pymatching,6adcd37f742d90333eb8d5719652a156d53e20c5ea1397a34f4671d4abe90eaa,"{""d"":7,""p"":0.002154434690031882,""r"":7}","{""obs_mistake_mask=E"":7}"
      3072,         0,         0,   0.120,correlated_pymatching,885a7d062162ca657bb6c62edb27c2a57eb4c15f6cad0372d43adc4c31831932,"{""d"":5,""p"":0.0001,""r"":5}",
      3072,         0,         0,   0.349,correlated_pymatching,0ca1613404eeae08d0e1c39cbe874bf152fd2973b6a9892bb5cd27f6a9c962ed,"{""d"":7,""p"":0.00021544346900318845,""r"":7}",
      1024,        88,         0,   0.414,correlated_pymatching,ea95562c7f1ce3ea88b49824d9537b20e3f598411f27737084150a5666962aa4,"{""d"":7,""p"":0.004641588833612777,""r"":7}","{""obs_mistake_mask=E"":88}"
      3072,         0,         0,   0.125,correlated_pymatching,141e63a26d28792365a8c4eb2bf128057692caab6f9768e78cd3b20812b670a8,"{""d"":5,""p"":0.00021544346900318845,""r"":5}",
      2048,         0,         0,   0.091,correlated_pymatching,9de98337e1a3faf43fdab4d57320a9c057fa61c642db64f1783fef3516a1279d,"{""d"":5,""p"":0.00046415888336127773,""r"":5}",
     22528,        18,         0,   0.205,correlated_pymatching,e50a1a82ed470739dac3450a569004a51c4cfb8b0a996609d718fda7ee3cecfc,"{""d"":3,""p"":0.00021544346900318845,""r"":3}","{""obs_mistake_mask=E"":18}"
      1024,        95,         0,   0.424,correlated_pymatching,ea95562c7f1ce3ea88b49824d9537b20e3f598411f27737084150a5666962aa4,"{""d"":7,""p"":0.004641588833612777,""r"":7}","{""obs_mistake_mask=E"":95}"
         1,         0,         0,   0.098,correlated_pymatching,5b07d31ee7f2888344550fdfd45240bc75fe8b924e64b35790e33d7ebcad3ae8,"{""d"":7,""p"":0.0001,""r"":7}",
     23552,         5,         0,   0.209,correlated_pymatching,079d0ab4fa6a0cbd43e7a0aecf94903da5262b0dd23888edbd52016b08eb22d3,"{""d"":3,""p"":0.0001,""r"":3}","{""obs_mistake_mask=E"":5}"
         1,         0,         0,   0.097,correlated_pymatching,0ca1613404eeae08d0e1c39cbe874bf152fd2973b6a9892bb5cd27f6a9c962ed,"{""d"":7,""p"":0.00021544346900318845,""r"":7}",
      2048,         2,         0,   0.107,correlated_pymatching,bde8e1fb64a1f8181fecd846d885784c04ca506d1ddfb96a95a7cec3f08a2d48,"{""d"":5,""p"":0.001,""r"":5}","{""obs_mistake_mask=E"":2}"
      5120,         0,         0,   0.573,correlated_pymatching,0ca1613404eeae08d0e1c39cbe874bf152fd2973b6a9892bb5cd27f6a9c962ed,"{""d"":7,""p"":0.00021544346900318845,""r"":7}",
      2048,         0,         0,   0.309,correlated_pymatching,539de98e8fed58e6bc08fc7a9514e9c858dc52c157652b467080a50b7a82244c,"{""d"":7,""p"":0.001,""r"":7}",
      3072,         0,         0,   0.379,correlated_pymatching,5dc8e74a0a28e52dabca52d06f77e22020eca85e89bd176b9d33ba32818e593b,"{""d"":7,""p"":0.00046415888336127773,""r"":7}",
      6144,         0,         0,   0.634,correlated_pymatching,5b07d31ee7f2888344550fdfd45240bc75fe8b924e64b35790e33d7ebcad3ae8,"{""d"":7,""p"":0.0001,""r"":7}",
      4096,         0,         0,   0.160,correlated_pymatching,885a7d062162ca657bb6c62edb27c2a57eb4c15f6cad0372d43adc4c31831932,"{""d"":5,""p"":0.0001,""r"":5}",
      1024,         5,         0,   0.222,correlated_pymatching,6adcd37f742d90333eb8d5719652a156d53e20c5ea1397a34f4671d4abe90eaa,"{""d"":7,""p"":0.002154434690031882,""r"":7}","{""obs_mistake_mask=E"":5}"
         4,         0,         0,   0.098,correlated_pymatching,5b07d31ee7f2888344550fdfd45240bc75fe8b924e64b35790e33d7ebcad3ae8,"{""d"":7,""p"":0.0001,""r"":7}",
      3072,         0,         0,   0.137,correlated_pymatching,9de98337e1a3faf43fdab4d57320a9c057fa61c642db64f1783fef3516a1279d,"{""d"":5,""p"":0.00046415888336127773,""r"":5}",
         4,         0,         0,   0.094,correlated_pymatching,0ca1613404eeae08d0e1c39cbe874bf152fd2973b6a9892bb5cd27f6a9c962ed,"{""d"":7,""p"":0.00021544346900318845,""r"":7}",
      4096,         0,         0,   0.169,correlated_pymatching,141e63a26d28792365a8c4eb2bf128057692caab6f9768e78cd3b20812b670a8,"{""d"":5,""p"":0.00021544346900318845,""r"":5}",
     53248,        10,         0,   0.788,correlated_pymatching,079d0ab4fa6a0cbd43e7a0aecf94903da5262b0dd23888edbd52016b08eb22d3,"{""d"":3,""p"":0.0001,""r"":3}","{""obs_mistake_mask=E"":10}"
     86016,        41,         0,   0.792,correlated_pymatching,e50a1a82ed470739dac3450a569004a51c4cfb8b0a996609d718fda7ee3cecfc,"{""d"":3,""p"":0.00021544346900318845,""r"":3}","{""obs_mistake_mask=E"":41}"
      2048,         4,         0,   0.107,correlated_pymatching,bde8e1fb64a1f8181fecd846d885784c04ca506d1ddfb96a95a7cec3f08a2d48,"{""d"":5,""p"":0.001,""r"":5}","{""obs_mistake_mask=E"":4}"
      4096,         0,         0,   0.596,correlated_pymatching,539de98e8fed58e6bc08fc7a9514e9c858dc52c157652b467080a50b7a82244c,"{""d"":7,""p"":0.001,""r"":7}",
      9216,         0,         0,   0.617,correlated_pymatching,885a7d062162ca657bb6c62edb27c2a57eb4c15f6cad0372d43adc4c31831932,"{""d"":5,""p"":0.0001,""r"":5}",
     11264,         9,         0,   0.613,correlated_pymatching,bde8e1fb64a1f8181fecd846d885784c04ca506d1ddfb96a95a7cec3f08a2d48,"{""d"":5,""p"":0.001,""r"":5}","{""obs_mistake_mask=E"":9}"
        16,         0,         0,   0.094,correlated_pymatching,0ca1613404eeae08d0e1c39cbe874bf152fd2973b6a9892bb5cd27f6a9c962ed,"{""d"":7,""p"":0.00021544346900318845,""r"":7}",
        16,         0,         0,   0.099,correlated_pymatching,5b07d31ee7f2888344550fdfd45240bc75fe8b924e64b35790e33d7ebcad3ae8,"{""d"":7,""p"":0.0001,""r"":7}",
         1,         0,         0,   0.094,correlated_pymatching,539de98e8fed58e6bc08fc7a9514e9c858dc52c157652b467080a50b7a82244c,"{""d"":7,""p"":0.001,""r"":7}",
         1,         0,         0,   0.097,correlated_pymatching,5dc8e74a0a28e52dabca52d06f77e22020eca85e89bd176b9d33ba32818e593b,"{""d"":7,""p"":0.00046415888336127773,""r"":7}",
     13312,         2,         0,   0.606,correlated_pymatching,9de98337e1a3faf43fdab4d57320a9c057fa61c642db64f1783fef3516a1279d,"{""d"":5,""p"":0.00046415888336127773,""r"":5}","{""obs_mistake_mask=E"":2}"
     83968,        43,         0,   0.790,correlated_pymatching,e50a1a82ed470739dac3450a569004a51c4cfb8b0a996609d718fda7ee3cecfc,"{""d"":3,""p"":0.00021544346900318845,""r"":3}","{""obs_mistake_mask=E"":43}"
     29696,        21,         0,   0.272,correlated_pymatching,e50a1a82ed470739dac3450a569004a51c4cfb8b0a996609d718fda7ee3cecfc,"{""d"":3,""p"":0.00021544346900318845,""r"":3}","{""obs_mistake_mask=E"":21}"
     20480,         0,         0,   0.816,correlated_pymatching,885a7d062162ca657bb6c62edb27c2a57eb4c15f6cad0372d43adc4c31831932,"{""d"":5,""p"":0.0001,""r"":5}",
     15360,         8,         0,   0.141,correlated_pymatching,e50a1a82ed470739dac3450a569004a51c4cfb8b0a996609d718fda7ee3cecfc,"{""d"":3,""p"":0.00021544346900318845,""r"":3}","{""obs_mistake_mask=E"":8}"
      1024,         0,         0,   0.010,correlated_pymatching,e50a1a82ed470739dac3450a569004a51c4cfb8b0a996609d718fda7ee3cecfc,"{""d"":3,""p"":0.00021544346900318845,""r"":3}",
     88064,        16,         0,   0.788,correlated_pymatching,079d0ab4fa6a0cbd43e7a0aecf94903da5262b0dd23888edbd52016b08eb22d3,"{""d"":3,""p"":0.0001,""r"":3}","{""obs_mistake_mask=E"":16}"
      4096,         1,         0,   0.182,correlated_pymatching,9de98337e1a3faf43fdab4d57320a9c057fa61c642db64f1783fef3516a1279d,"{""d"":5,""p"":0.00046415888336127773,""r"":5}","{""obs_mistake_mask=E"":1}"
      3072,         1,         0,   0.162,correlated_pymatching,bde8e1fb64a1f8181fecd846d885784c04ca506d1ddfb96a95a7cec3f08a2d48,"{""d"":5,""p"":0.001,""r"":5}","{""obs_mistake_mask=E"":1}"
      5120,         0,         0,   0.624,correlated_pymatching,5dc8e74a0a28e52dabca52d06f77e22020eca85e89bd176b9d33ba32818e593b,"{""d"":7,""p"":0.00046415888336127773,""r"":7}",
     32768,         5,         0,   0.290,correlated_pymatching,079d0ab4fa6a0cbd43e7a0aecf94903da5262b0dd23888edbd52016b08eb22d3,"{""d"":3,""p"":0.0001,""r"":3}","{""obs_mistake_mask=E"":5}"
        64,         0,         0,   0.098,correlated_pymatching,0ca1613404eeae08d0e1c39cbe874bf152fd2973b6a9892bb5cd27f6a9c962ed,"{""d"":7,""p"":0.00021544346900318845,""r"":7}",
        64,         0,         0,   0.099,correlated_pymatching,5b07d31ee7f2888344550fdfd45240bc75fe8b924e64b35790e33d7ebcad3ae8,"{""d"":7,""p"":0.0001,""r"":7}",
      4096,         0,         0,   0.445,correlated_pymatching,5b07d31ee7f2888344550fdfd45240bc75fe8b924e64b35790e33d7ebcad3ae8,"{""d"":7,""p"":0.0001,""r"":7}",
        17,         0,         0,   0.016,correlated_pymatching,079d0ab4fa6a0cbd43e7a0aecf94903da5262b0dd23888edbd52016b08eb22d3,"{""d"":3,""p"":0.0001,""r"":3}",
      1024,         2,         0,   0.222,correlated_pymatching,6adcd37f742d90333eb8d5719652a156d53e20c5ea1397a34f4671d4abe90eaa,"{""d"":7,""p"":0.002154434690031882,""r"":7}","{""obs_mistake_mask=E"":2}"
      5120,         0,         0,   0.210,correlated_pymatching,141e63a26d28792365a8c4eb2bf128057692caab6f9768e78cd3b20812b670a8,"{""d"":5,""p"":0.00021544346900318845,""r"":5}",
      1280,         0,         0,   0.017,correlated_pymatching,079d0ab4fa6a0cbd43e7a0aecf94903da5262b0dd23888edbd52016b08eb22d3,"{""d"":3,""p"":0.0001,""r"":3}",
      6144,         0,         0,   0.241,correlated_pymatching,885a7d062162ca657bb6c62edb27c2a57eb4c15f6cad0372d43adc4c31831932,"{""d"":5,""p"":0.0001,""r"":5}",
         4,         0,         0,   0.096,correlated_pymatching,539de98e8fed58e6bc08fc7a9514e9c858dc52c157652b467080a50b7a82244c,"{""d"":7,""p"":0.001,""r"":7}",
         4,         0,         0,   0.098,correlated_pymatching,5dc8e74a0a28e52dabca52d06f77e22020eca85e89bd176b9d33ba32818e593b,"{""d"":7,""p"":0.00046415888336127773,""r"":7}",
     19456,         0,         0,   0.818,correlated_pymatching,141e63a26d28792365a8c4eb2bf128057692caab6f9768e78cd3b20812b670a8,"{""d"":5,""p"":0.00021544346900318845,""r"":5}",
      3072,         1,         0,   0.027,correlated_pymatching,079d0ab4fa6a0cbd43e7a0aecf94903da5262b0dd23888edbd52016b08eb22d3,"{""d"":3,""p"":0.0001,""r"":3}","{""obs_mistake_mask=E"":1}"
     15360,        25,         0,   0.818,correlated_pymatching,bde8e1fb64a1f8181fecd846d885784c04ca506d1ddfb96a95a7cec3f08a2d48,"{""d"":5,""p"":0.001,""r"":5}","{""obs_mistake_mask=E"":25}"
      3072,         1,         0,   0.027,correlated_pymatching,079d0ab4fa6a0cbd43e7a0aecf94903da5262b0dd23888edbd52016b08eb22d3,"{""d"":3,""p"":0.0001,""r"":3}","{""obs_mistake_mask=E"":1}"
      4096,         0,         0,   0.463,correlated_pymatching,0ca1613404eeae08d0e1c39cbe874bf152fd2973b6a9892bb5cd27f6a9c962ed,"{""d"":7,""p"":0.00021544346900318845,""r"":7}",
       256,         0,         0,   0.101,correlated_pymatching,0ca1613404eeae08d0e1c39cbe874bf152fd2973b6a9892bb5cd27f6a9c962ed,"{""d"":7,""p"":0.00021544346900318845,""r"":7}",
       256,         0,         0,   0.105,correlated_pymatching,5b07d31ee7f2888344550fdfd45240bc75fe8b924e64b35790e33d7ebcad3ae8,"{""d"":7,""p"":0.0001,""r"":7}",
     18432,         0,         0,   0.836,correlated_pymatching,9de98337e1a3faf43fdab4d57320a9c057fa61c642db64f1783fef3516a1279d,"{""d"":5,""p"":0.00046415888336127773,""r"":5}",
      5120,         1,         0,   0.046,correlated_pymatching,079d0ab4fa6a0cbd43e7a0aecf94903da5262b0dd23888edbd52016b08eb22d3,"{""d"":3,""p"":0.0001,""r"":3}","{""obs_mistake_mask=E"":1}"
        16,         0,         0,   0.097,correlated_pymatching,539de98e8fed58e6bc08fc7a9514e9c858dc52c157652b467080a50b7a82244c,"{""d"":7,""p"":0.001,""r"":7}",
        16,         0,         0,   0.102,correlated_pymatching,5dc8e74a0a28e52dabca52d06f77e22020eca85e89bd176b9d33ba32818e593b,"{""d"":7,""p"":0.00046415888336127773,""r"":7}",
      6144,         0,         0,   0.054,correlated_pymatching,079d0ab4fa6a0cbd43e7a0aecf94903da5262b0dd23888edbd52016b08eb22d3,"{""d"":3,""p"":0.0001,""r"":3}",
      4096,         1,         0,   0.215,correlated_pymatching,bde8e1fb64a1f8181fecd846d885784c04ca506d1ddfb96a95a7cec3f08a2d48,"{""d"":5,""p"":0.001,""r"":5}","{""obs_mistake_mask=E"":1}"
      1024,         0,         0,   0.113,correlated_pymatching,0ca1613404eeae08d0e1c39cbe874bf152fd2973b6a9892bb5cd27f6a9c962ed,"{""d"":7,""p"":0.00021544346900318845,""r"":7}",
      5120,         2,         0,   0.228,correlated_pymatching,9de98337e1a3faf43fdab4d57320a9c057fa61c642db64f1783fef3516a1279d,"{""d"":5,""p"":0.00046415888336127773,""r"":5}","{""obs_mistake_mask=E"":2}"
      1024,         0,         0,   0.113,correlated_pymatching,5b07d31ee7f2888344550fdfd45240bc75fe8b924e64b35790e33d7ebcad3ae8,"{""d"":7,""p"":0.0001,""r"":7}",
         1,         0,         0,   0.105,correlated_pymatching,6adcd37f742d90333eb8d5719652a156d53e20c5ea1397a34f4671d4abe90eaa,"{""d"":7,""p"":0.002154434690031882,""r"":7}",
      3072,         0,         0,   0.462,correlated_pymatching,539de98e8fed58e6bc08fc7a9514e9c858dc52c157652b467080a50b7a82244c,"{""d"":7,""p"":0.001,""r"":7}",
         1,         0,         0,   0.104,correlated_pymatching,6adcd37f742d90333eb8d5719652a156d53e20c5ea1397a34f4671d4abe90eaa,"{""d"":7,""p"":0.002154434690031882,""r"":7}",
        64,         0,         0,   0.100,correlated_pymatching,539de98e8fed58e6bc08fc7a9514e9c858dc52c157652b467080a50b7a82244c,"{""d"":7,""p"":0.001,""r"":7}",
        64,         0,         0,   0.102,correlated_pymatching,5dc8e74a0a28e52dabca52d06f77e22020eca85e89bd176b9d33ba32818e593b,"{""d"":7,""p"":0.00046415888336127773,""r"":7}",
      9216,         0,         0,   0.082,correlated_pymatching,079d0ab4fa6a0cbd43e7a0aecf94903da5262b0dd23888edbd52016b08eb22d3,"{""d"":3,""p"":0.0001,""r"":3}",
      3072,        10,         0,   0.653,correlated_pymatching,6adcd37f742d90333eb8d5719652a156d53e20c5ea1397a34f4671d4abe90eaa,"{""d"":7,""p"":0.002154434690031882,""r"":7}","{""obs_mistake_mask=E"":10}"
      4096,         0,         0,   0.508,correlated_pymatching,5dc8e74a0a28e52dabca52d06f77e22020eca85e89bd176b9d33ba32818e593b,"{""d"":7,""p"":0.00046415888336127773,""r"":7}",
      7168,         1,         0,   0.295,correlated_pymatching,141e63a26d28792365a8c4eb2bf128057692caab6f9768e78cd3b20812b670a8,"{""d"":5,""p"":0.00021544346900318845,""r"":5}","{""obs_mistake_mask=E"":1}"
         4,         0,         0,   0.102,correlated_pymatching,6adcd37f742d90333eb8d5719652a156d53e20c5ea1397a34f4671d4abe90eaa,"{""d"":7,""p"":0.002154434690031882,""r"":7}",
      1024,         0,         0,   0.113,correlated_pymatching,0ca1613404eeae08d0e1c39cbe874bf152fd2973b6a9892bb5cd27f6a9c962ed,"{""d"":7,""p"":0.00021544346900318845,""r"":7}",
         4,         0,         0,   0.102,correlated_pymatching,6adcd37f742d90333eb8d5719652a156d53e20c5ea1397a34f4671d4abe90eaa,"{""d"":7,""p"":0.002154434690031882,""r"":7}",
      1024,         0,         0,   0.113,correlated_pymatching,5b07d31ee7f2888344550fdfd45240bc75fe8b924e64b35790e33d7ebcad3ae8,"{""d"":7,""p"":0.0001,""r"":7}",
       256,         0,         0,   0.111,correlated_pymatching,539de98e8fed58e6bc08fc7a9514e9c858dc52c157652b467080a50b7a82244c,"{""d"":7,""p"":0.001,""r"":7}",
       256,         0,         0,   0.107,correlated_pymatching,5dc8e74a0a28e52dabca52d06f77e22020eca85e89bd176b9d33ba32818e593b,"{""d"":7,""p"":0.00046415888336127773,""r"":7}",
      8192,         0,         0,   0.322,correlated_pymatching,885a7d062162ca657bb6c62edb27c2a57eb4c15f6cad0372d43adc4c31831932,"{""d"":5,""p"":0.0001,""r"":5}",
     12288,         1,         0,   0.110,correlated_pymatching,079d0ab4fa6a0cbd43e7a0aecf94903da5262b0dd23888edbd52016b08eb22d3,"{""d"":3,""p"":0.0001,""r"":3}","{""obs_mistake_mask=E"":1}"
     45056,        13,         0,   0.401,correlated_pymatching,079d0ab4fa6a0cbd43e7a0aecf94903da5262b0dd23888edbd52016b08eb22d3,"{""d"":3,""p"":0.0001,""r"":3}","{""obs_mistake_mask=E"":13}"
        16,         0,         0,   0.103,correlated_pymatching,6adcd37f742d90333eb8d5719652a156d53e20c5ea1397a34f4671d4abe90eaa,"{""d"":7,""p"":0.002154434690031882,""r"":7}",
        16,         0,         0,   0.102,correlated_pymatching,6adcd37f742d90333eb8d5719652a156d53e20c5ea1397a34f4671d4abe90eaa,"{""d"":7,""p"":0.002154434690031882,""r"":7}",
     19456,         0,         0,   0.817,correlated_pymatching,141e63a26d28792365a8c4eb2bf128057692caab6f9768e78cd3b20812b670a8,"{""d"":5,""p"":0.00021544346900318845,""r"":5}",
      1024,         0,         0,   0.113,correlated_pymatching,0ca1613404eeae08d0e1c39cbe874bf152fd2973b6a9892bb5cd27f6a9c962ed,"{""d"":7,""p"":0.00021544346900318845,""r"":7}",
      1024,         0,         0,   0.113,correlated_pymatching,5b07d31ee7f2888344550fdfd45240bc75fe8b924e64b35790e33d7ebcad3ae8,"{""d"":7,""p"":0.0001,""r"":7}",
      2048,         4,         0,   0.454,correlated_pymatching,6adcd37f742d90333eb8d5719652a156d53e20c5ea1397a34f4671d4abe90eaa,"{""d"":7,""p"":0.002154434690031882,""r"":7}","{""obs_mistake_mask=E"":4}"
      1024,         0,         0,   0.130,correlated_pymatching,5dc8e74a0a28e52dabca52d06f77e22020eca85e89bd176b9d33ba32818e593b,"{""d"":7,""p"":0.00046415888336127773,""r"":7}",
      1024,         1,         0,   0.150,correlated_pymatching,539de98e8fed58e6bc08fc7a9514e9c858dc52c157652b467080a50b7a82244c,"{""d"":7,""p"":0.001,""r"":7}","{""obs_mistake_mask=E"":1}"
     16384,         6,         0,   0.147,correlated_pymatching,079d0ab4fa6a0cbd43e7a0aecf94903da5262b0dd23888edbd52016b08eb22d3,"{""d"":3,""p"":0.0001,""r"":3}","{""obs_mistake_mask=E"":6}"
      6144,         8,         0,   0.323,correlated_pymatching,bde8e1fb64a1f8181fecd846d885784c04ca506d1ddfb96a95a7cec3f08a2d48,"{""d"":5,""p"":0.001,""r"":5}","{""obs_mistake_mask=E"":8}"
      7168,         1,         0,   0.318,correlated_pymatching,9de98337e1a3faf43fdab4d57320a9c057fa61c642db64f1783fef3516a1279d,"{""d"":5,""p"":0.00046415888336127773,""r"":5}","{""obs_mistake_mask=E"":1}"
        64,         0,         0,   0.110,correlated_pymatching,6adcd37f742d90333eb8d5719652a156d53e20c5ea1397a34f4671d4abe90eaa,"{""d"":7,""p"":0.002154434690031882,""r"":7}",
        64,         0,         0,   0.108,correlated_pymatching,6adcd37f742d90333eb8d5719652a156d53e20c5ea1397a34f4671d4abe90eaa,"{""d"":7,""p"":0.002154434690031882,""r"":7}",
      7168,         0,         0,   0.799,correlated_pymatching,0ca1613404eeae08d0e1c39cbe874bf152fd2973b6a9892bb5cd27f6a9c962ed,"{""d"":7,""p"":0.00021544346900318845,""r"":7}",
      5120,         0,         0,   0.567,correlated_pymatching,5b07d31ee7f2888344550fdfd45240bc75fe8b924e64b35790e33d7ebcad3ae8,"{""d"":7,""p"":0.0001,""r"":7}",
      1024,         0,         0,   0.127,correlated_pymatching,5dc8e74a0a28e52dabca52d06f77e22020eca85e89bd176b9d33ba32818e593b,"{""d"":7,""p"":0.00046415888336127773,""r"":7}",
      1024,         0,         0,   0.149,correlated_pymatching,539de98e8fed58e6bc08fc7a9514e9c858dc52c157652b467080a50b7a82244c,"{""d"":7,""p"":0.001,""r"":7}",
      8192,         0,         0,   0.861,correlated_pymatching,5b07d31ee7f2888344550fdfd45240bc75fe8b924e64b35790e33d7ebcad3ae8,"{""d"":7,""p"":0.0001,""r"":7}",
      2048,         0,         0,   0.224,correlated_pymatching,0ca1613404eeae08d0e1c39cbe874bf152fd2973b6a9892bb5cd27f6a9c962ed,"{""d"":7,""p"":0.00021544346900318845,""r"":7}",
       256,         1,         0,   0.134,correlated_pymatching,6adcd37f742d90333eb8d5719652a156d53e20c5ea1397a34f4671d4abe90eaa,"{""d"":7,""p"":0.002154434690031882,""r"":7}","{""obs_mistake_mask=E"":1}"
       256,         0,         0,   0.134,correlated_pymatching,6adcd37f742d90333eb8d5719652a156d53e20c5ea1397a34f4671d4abe90eaa,"{""d"":7,""p"":0.002154434690031882,""r"":7}",
      2048,         0,         0,   0.227,correlated_pymatching,5b07d31ee7f2888344550fdfd45240bc75fe8b924e64b35790e33d7ebcad3ae8,"{""d"":7,""p"":0.0001,""r"":7}",
      5120,         0,         0,   0.592,correlated_pymatching,0ca1613404eeae08d0e1c39cbe874bf152fd2973b6a9892bb5cd27f6a9c962ed,"{""d"":7,""p"":0.00021544346900318845,""r"":7}",
      1024,         0,         0,   0.126,correlated_pymatching,5dc8e74a0a28e52dabca52d06f77e22020eca85e89bd176b9d33ba32818e593b,"{""d"":7,""p"":0.00046415888336127773,""r"":7}",
     12288,         0,         0,   0.838,correlated_pymatching,885a7d062162ca657bb6c62edb27c2a57eb4c15f6cad0372d43adc4c31831932,"{""d"":5,""p"":0.0001,""r"":5}",
     15360,        18,         0,   0.838,correlated_pymatching,bde8e1fb64a1f8181fecd846d885784c04ca506d1ddfb96a95a7cec3f08a2d48,"{""d"":5,""p"":0.001,""r"":5}","{""obs_mistake_mask=E"":18}"
     23552,         2,         0,   0.213,correlated_pymatching,079d0ab4fa6a0cbd43e7a0aecf94903da5262b0dd23888edbd52016b08eb22d3,"{""d"":3,""p"":0.0001,""r"":3}","{""obs_mistake_mask=E"":2}"
     10240,         0,         0,   0.421,correlated_pymatching,141e63a26d28792365a8c4eb2bf128057692caab6f9768e78cd3b20812b670a8,"{""d"":5,""p"":0.00021544346900318845,""r"":5}",
     17408,         1,         0,   0.796,correlated_pymatching,9de98337e1a3faf43fdab4d57320a9c057fa61c642db64f1783fef3516a1279d,"{""d"":5,""p"":0.00046415888336127773,""r"":5}","{""obs_mistake_mask=E"":1}"
      6144,         1,         0,   0.893,correlated_pymatching,539de98e8fed58e6bc08fc7a9514e9c858dc52c157652b467080a50b7a82244c,"{""d"":7,""p"":0.001,""r"":7}","{""obs_mistake_mask=E"":1}"
      1024,         1,         0,   0.150,correlated_pymatching,539de98e8fed58e6bc08fc7a9514e9c858dc52c157652b467080a50b7a82244c,"{""d"":7,""p"":0.001,""r"":7}","{""obs_mistake_mask=E"":1}"
     11264,         0,         0,   0.442,correlated_pymatching,885a7d062162ca657bb6c62edb27c2a57eb4c15f6cad0372d43adc4c31831932,"{""d"":5,""p"":0.0001,""r"":5}",
      4096,         0,         0,   0.630,correlated_pymatching,539de98e8fed58e6bc08fc7a9514e9c858dc52c157652b467080a50b7a82244c,"{""d"":7,""p"":0.001,""r"":7}",
      7168,         0,         0,   0.876,correlated_pymatching,5dc8e74a0a28e52dabca52d06f77e22020eca85e89bd176b9d33ba32818e593b,"{""d"":7,""p"":0.00046415888336127773,""r"":7}",
      2048,         0,         0,   0.225,correlated_pymatching,0ca1613404eeae08d0e1c39cbe874bf152fd2973b6a9892bb5cd27f6a9c962ed,"{""d"":7,""p"":0.00021544346900318845,""r"":7}",
      1024,         3,         0,   0.227,correlated_pymatching,6adcd37f742d90333eb8d5719652a156d53e20c5ea1397a34f4671d4abe90eaa,"{""d"":7,""p"":0.002154434690031882,""r"":7}","{""obs_mistake_mask=E"":3}"
      2048,         0,         0,   0.224,correlated_pymatching,5b07d31ee7f2888344550fdfd45240bc75fe8b924e64b35790e33d7ebcad3ae8,"{""d"":7,""p"":0.0001,""r"":7}",
      1024,         1,         0,   0.228,correlated_pymatching,6adcd37f742d90333eb8d5719652a156d53e20c5ea1397a34f4671d4abe90eaa,"{""d"":7,""p"":0.002154434690031882,""r"":7}","{""obs_mistake_mask=E"":1}"
      2048,         5,         0,   0.454,correlated_pymatching,6adcd37f742d90333eb8d5719652a156d53e20c5ea1397a34f4671d4abe90eaa,"{""d"":7,""p"":0.002154434690031882,""r"":7}","{""obs_mistake_mask=E"":5}"
      5120,         0,         0,   0.646,correlated_pymatching,5dc8e74a0a28e52dabca52d06f77e22020eca85e89bd176b9d33ba32818e593b,"{""d"":7,""p"":0.00046415888336127773,""r"":7}",
     74752,        13,         0,    1.11,correlated_pymatching,079d0ab4fa6a0cbd43e7a0aecf94903da5262b0dd23888edbd52016b08eb22d3,"{""d"":3,""p"":0.0001,""r"":3}","{""obs_mistake_mask=E"":13}"
      1024,         0,         0,   0.148,correlated_pymatching,539de98e8fed58e6bc08fc7a9514e9c858dc52c157652b467080a50b7a82244c,"{""d"":7,""p"":0.001,""r"":7}",
      9216,         1,         0,   0.411,correlated_pymatching,9de98337e1a3faf43fdab4d57320a9c057fa61c642db64f1783fef3516a1279d,"{""d"":5,""p"":0.00046415888336127773,""r"":5}","{""obs_mistake_mask=E"":1}"
      8192,         7,         0,   0.431,correlated_pymatching,bde8e1fb64a1f8181fecd846d885784c04ca506d1ddfb96a95a7cec3f08a2d48,"{""d"":5,""p"":0.001,""r"":5}","{""obs_mistake_mask=E"":7}"
     63488,         9,         0,   0.569,correlated_pymatching,079d0ab4fa6a0cbd43e7a0aecf94903da5262b0dd23888edbd52016b08eb22d3,"{""d"":3,""p"":0.0001,""r"":3}","{""obs_mistake_mask=E"":9}"
      2048,         0,         0,   0.254,correlated_pymatching,5dc8e74a0a28e52dabca52d06f77e22020eca85e89bd176b9d33ba32818e593b,"{""d"":7,""p"":0.00046415888336127773,""r"":7}",
     31744,         7,         0,   0.287,correlated_pymatching,079d0ab4fa6a0cbd43e7a0aecf94903da5262b0dd23888edbd52016b08eb22d3,"{""d"":3,""p"":0.0001,""r"":3}","{""obs_mistake_mask=E"":7}"
    121856,        24,         0,    1.10,correlated_pymatching,079d0ab4fa6a0cbd43e7a0aecf94903da5262b0dd23888edbd52016b08eb22d3,"{""d"":3,""p"":0.0001,""r"":3}","{""obs_mistake_mask=E"":24}"
     28672,         0,         0,    1.15,correlated_pymatching,885a7d062162ca657bb6c62edb27c2a57eb4c15f6cad0372d43adc4c31831932,"{""d"":5,""p"":0.0001,""r"":5}",
      1024,         1,         0,   0.225,correlated_pymatching,6adcd37f742d90333eb8d5719652a156d53e20c5ea1397a34f4671d4abe90eaa,"{""d"":7,""p"":0.002154434690031882,""r"":7}","{""obs_mistake_mask=E"":1}"
      1024,         3,         0,   0.229,correlated_pymatching,6adcd37f742d90333eb8d5719652a156d53e20c5ea1397a34f4671d4abe90eaa,"{""d"":7,""p"":0.002154434690031882,""r"":7}","{""obs_mistake_mask=E"":3}"
      4096,        22,         0,   0.870,correlated_pymatching,6adcd37f742d90333eb8d5719652a156d53e20c5ea1397a34f4671d4abe90eaa,"{""d"":7,""p"":0.002154434690031882,""r"":7}","{""obs_mistake_mask=E"":22}"
     26624,         0,         0,    1.12,correlated_pymatching,141e63a26d28792365a8c4eb2bf128057692caab6f9768e78cd3b20812b670a8,"{""d"":5,""p"":0.00021544346900318845,""r"":5}",
     21504,        27,         0,    1.15,correlated_pymatching,bde8e1fb64a1f8181fecd846d885784c04ca506d1ddfb96a95a7cec3f08a2d48,"{""d"":5,""p"":0.001,""r"":5}","{""obs_mistake_mask=E"":27}"
      3072,         0,         0,   0.336,correlated_pymatching,0ca1613404eeae08d0e1c39cbe874bf152fd2973b6a9892bb5cd27f6a9c962ed,"{""d"":7,""p"":0.00021544346900318845,""r"":7}",
      2048,         0,         0,   0.298,correlated_pymatching,539de98e8fed58e6bc08fc7a9514e9c858dc52c157652b467080a50b7a82244c,"{""d"":7,""p"":0.001,""r"":7}",
      3072,         0,         0,   0.337,correlated_pymatching,5b07d31ee7f2888344550fdfd45240bc75fe8b924e64b35790e33d7ebcad3ae8,"{""d"":7,""p"":0.0001,""r"":7}",
      2048,         0,         0,   0.258,correlated_pymatching,5dc8e74a0a28e52dabca52d06f77e22020eca85e89bd176b9d33ba32818e593b,"{""d"":7,""p"":0.00046415888336127773,""r"":7}",
     24576,         3,         0,    1.12,correlated_pymatching,9de98337e1a3faf43fdab4d57320a9c057fa61c642db64f1783fef3516a1279d,"{""d"":5,""p"":0.00046415888336127773,""r"":5}","{""obs_mistake_mask=E"":3}"
     14336,         1,         0,   0.587,correlated_pymatching,141e63a26d28792365a8c4eb2bf128057692caab6f9768e78cd3b20812b670a8,"{""d"":5,""p"":0.00021544346900318845,""r"":5}","{""obs_mistake_mask=E"":1}"
      1024,         2,         0,   0.228,correlated_pymatching,6adcd37f742d90333eb8d5719652a156d53e20c5ea1397a34f4671d4abe90eaa,"{""d"":7,""p"":0.002154434690031882,""r"":7}","{""obs_mistake_mask=E"":2}"
      1024,         4,         0,   0.230,correlated_pymatching,6adcd37f742d90333eb8d5719652a156d53e20c5ea1397a34f4671d4abe90eaa,"{""d"":7,""p"":0.002154434690031882,""r"":7}","{""obs_mistake_mask=E"":4}"
     15360,         0,         0,   0.601,correlated_pymatching,885a7d062162ca657bb6c62edb27c2a57eb4c15f6cad0372d43adc4c31831932,"{""d"":5,""p"":0.0001,""r"":5}",
     45056,        11,         0,   0.402,correlated_pymatching,079d0ab4fa6a0cbd43e7a0aecf94903da5262b0dd23888edbd52016b08eb22d3,"{""d"":3,""p"":0.0001,""r"":3}","{""obs_mistake_mask=E"":11}"
      8192,         0,         0,   0.906,correlated_pymatching,5b07d31ee7f2888344550fdfd45240bc75fe8b924e64b35790e33d7ebcad3ae8,"{""d"":7,""p"":0.0001,""r"":7}",
      7168,         0,         0,   0.822,correlated_pymatching,0ca1613404eeae08d0e1c39cbe874bf152fd2973b6a9892bb5cd27f6a9c962ed,"{""d"":7,""p"":0.00021544346900318845,""r"":7}",
      2048,         0,         0,   0.299,correlated_pymatching,539de98e8fed58e6bc08fc7a9514e9c858dc52c157652b467080a50b7a82244c,"{""d"":7,""p"":0.001,""r"":7}",
     13312,         0,         0,   0.593,correlated_pymatching,9de98337e1a3faf43fdab4d57320a9c057fa61c642db64f1783fef3516a1279d,"{""d"":5,""p"":0.00046415888336127773,""r"":5}",
     11264,        12,         0,   0.593,correlated_pymatching,bde8e1fb64a1f8181fecd846d885784c04ca506d1ddfb96a95a7cec3f08a2d48,"{""d"":5,""p"":0.001,""r"":5}","{""obs_mistake_mask=E"":12}"
     26624,         0,         0,    1.12,correlated_pymatching,141e63a26d28792365a8c4eb2bf128057692caab6f9768e78cd3b20812b670a8,"{""d"":5,""p"":0.00021544346900318845,""r"":5}",
      1024,         3,         0,   0.228,correlated_pymatching,6adcd37f742d90333eb8d5719652a156d53e20c5ea1397a34f4671d4abe90eaa,"{""d"":7,""p"":0.002154434690031882,""r"":7}","{""obs_mistake_mask=E"":3}"
      1024,         6,         0,   0.228,correlated_pymatching,6adcd37f742d90333eb8d5719652a156d53e20c5ea1397a34f4671d4abe90eaa,"{""d"":7,""p"":0.002154434690031882,""r"":7}","{""obs_mistake_mask=E"":6}"
      3072,         7,         0,   0.674,correlated_pymatching,6adcd37f742d90333eb8d5719652a156d53e20c5ea1397a34f4671d4abe90eaa,"{""d"":7,""p"":0.002154434690031882,""r"":7}","{""obs_mistake_mask=E"":7}"
      3072,         0,         0,   0.383,correlated_pymatching,5dc8e74a0a28e52dabca52d06f77e22020eca85e89bd176b9d33ba32818e593b,"{""d"":7,""p"":0.00046415888336127773,""r"":7}",
     10240,         0,         0,    1.12,correlated_pymatching,0ca1613404eeae08d0e1c39cbe874bf152fd2973b6a9892bb5cd27f6a9c962ed,"{""d"":7,""p"":0.00021544346900318845,""r"":7}",
      4096,         0,         0,   0.447,correlated_pymatching,0ca1613404eeae08d0e1c39cbe874bf152fd2973b6a9892bb5cd27f6a9c962ed,"{""d"":7,""p"":0.00021544346900318845,""r"":7}",
      4096,         0,         0,   0.446,correlated_pymatching,5b07d31ee7f2888344550fdfd45240bc75fe8b924e64b35790e33d7ebcad3ae8,"{""d"":7,""p"":0.0001,""r"":7}",
     88064,        16,         0,   0.788,correlated_pymatching,079d0ab4fa6a0cbd43e7a0aecf94903da5262b0dd23888edbd52016b08eb22d3,"{""d"":3,""p"":0.0001,""r"":3}","{""obs_mistake_mask=E"":16}"
      6144,         1,         0,   0.933,correlated_pymatching,539de98e8fed58e6bc08fc7a9514e9c858dc52c157652b467080a50b7a82244c,"{""d"":7,""p"":0.001,""r"":7}","{""obs_mistake_mask=E"":1}"
      1024,         4,         0,   0.226,correlated_pymatching,6adcd37f742d90333eb8d5719652a156d53e20c5ea1397a34f4671d4abe90eaa,"{""d"":7,""p"":0.002154434690031882,""r"":7}","{""obs_mistake_mask=E"":4}"
     11264,         0,         0,    1.17,correlated_pymatching,5b07d31ee7f2888344550fdfd45240bc75fe8b924e64b35790e33d7ebcad3ae8,"{""d"":7,""p"":0.0001,""r"":7}",
      1024,         5,         0,   0.228,correlated_pymatching,6adcd37f742d90333eb8d5719652a156d53e20c5ea1397a34f4671d4abe90eaa,"{""d"":7,""p"":0.002154434690031882,""r"":7}","{""obs_mistake_mask=E"":5}"
      7168,         0,         0,   0.892,correlated_pymatching,5dc8e74a0a28e52dabca52d06f77e22020eca85e89bd176b9d33ba32818e593b,"{""d"":7,""p"":0.00046415888336127773,""r"":7}",
     24576,         4,         0,    1.12,correlated_pymatching,9de98337e1a3faf43fdab4d57320a9c057fa61c642db64f1783fef3516a1279d,"{""d"":5,""p"":0.00046415888336127773,""r"":5}","{""obs_mistake_mask=E"":4}"
     21504,        29,         0,    1.16,correlated_pymatching,bde8e1fb64a1f8181fecd846d885784c04ca506d1ddfb96a95a7cec3f08a2d48,"{""d"":5,""p"":0.001,""r"":5}","{""obs_mistake_mask=E"":29}"
     17408,         0,         0,    1.18,correlated_pymatching,885a7d062162ca657bb6c62edb27c2a57eb4c15f6cad0372d43adc4c31831932,"{""d"":5,""p"":0.0001,""r"":5}",
      8192,         0,         0,    1.19,correlated_pymatching,539de98e8fed58e6bc08fc7a9514e9c858dc52c157652b467080a50b7a82244c,"{""d"":7,""p"":0.001,""r"":7}",
      3072,         2,         0,   0.445,correlated_pymatching,539de98e8fed58e6bc08fc7a9514e9c858dc52c157652b467080a50b7a82244c,"{""d"":7,""p"":0.001,""r"":7}","{""obs_mistake_mask=E"":2}"
      9216,         0,         0,    1.12,correlated_pymatching,5dc8e74a0a28e52dabca52d06f77e22020eca85e89bd176b9d33ba32818e593b,"{""d"":7,""p"":0.00046415888336127773,""r"":7}",
     62464,        17,         0,   0.561,correlated_pymatching,079d0ab4fa6a0cbd43e7a0aecf94903da5262b0dd23888edbd52016b08eb22d3,"{""d"":3,""p"":0.0001,""r"":3}","{""obs_mistake_mask=E"":17}"
     19456,         1,         0,   0.798,correlated_pymatching,141e63a26d28792365a8c4eb2bf128057692caab6f9768e78cd3b20812b670a8,"{""d"":5,""p"":0.00021544346900318845,""r"":5}","{""obs_mistake_mask=E"":1}"
      4096,         0,         0,   0.511,correlated_pymatching,5dc8e74a0a28e52dabca52d06f77e22020eca85e89bd176b9d33ba32818e593b,"{""d"":7,""p"":0.00046415888336127773,""r"":7}",
     20480,         0,         0,   0.803,correlated_pymatching,885a7d062162ca657bb6c62edb27c2a57eb4c15f6cad0372d43adc4c31831932,"{""d"":5,""p"":0.0001,""r"":5}",
      2048,         9,         0,   0.455,correlated_pymatching,6adcd37f742d90333eb8d5719652a156d53e20c5ea1397a34f4671d4abe90eaa,"{""d"":7,""p"":0.002154434690031882,""r"":7}","{""obs_mistake_mask=E"":9}"
      2048,        11,         0,   0.452,correlated_pymatching,6adcd37f742d90333eb8d5719652a156d53e20c5ea1397a34f4671d4abe90eaa,"{""d"":7,""p"":0.002154434690031882,""r"":7}","{""obs_mistake_mask=E"":11}"
      5120,         0,         0,   0.610,correlated_pymatching,0ca1613404eeae08d0e1c39cbe874bf152fd2973b6a9892bb5cd27f6a9c962ed,"{""d"":7,""p"":0.00021544346900318845,""r"":7}",
      6144,         0,         0,   0.670,correlated_pymatching,5b07d31ee7f2888344550fdfd45240bc75fe8b924e64b35790e33d7ebcad3ae8,"{""d"":7,""p"":0.0001,""r"":7}",
     18432,         6,         0,   0.820,correlated_pymatching,9de98337e1a3faf43fdab4d57320a9c057fa61c642db64f1783fef3516a1279d,"{""d"":5,""p"":0.00046415888336127773,""r"":5}","{""obs_mistake_mask=E"":6}"
     15360,        22,         0,   0.808,correlated_pymatching,bde8e1fb64a1f8181fecd846d885784c04ca506d1ddfb96a95a7cec3f08a2d48,"{""d"":5,""p"":0.001,""r"":5}","{""obs_mistake_mask=E"":22}"
      6144,        28,         0,    1.31,correlated_pymatching,6adcd37f742d90333eb8d5719652a156d53e20c5ea1397a34f4671d4abe90eaa,"{""d"":7,""p"":0.002154434690031882,""r"":7}","{""obs_mistake_mask=E"":28}"
    102400,        32,         0,    1.55,correlated_pymatching,079d0ab4fa6a0cbd43e7a0aecf94903da5262b0dd23888edbd52016b08eb22d3,"{""d"":3,""p"":0.0001,""r"":3}","{""obs_mistake_mask=E"":32}"
      4096,        22,         0,   0.906,correlated_pymatching,6adcd37f742d90333eb8d5719652a156d53e20c5ea1397a34f4671d4abe90eaa,"{""d"":7,""p"":0.002154434690031882,""r"":7}","{""obs_mistake_mask=E"":22}"
      4096,         2,         0,   0.593,correlated_pymatching,539de98e8fed58e6bc08fc7a9514e9c858dc52c157652b467080a50b7a82244c,"{""d"":7,""p"":0.001,""r"":7}","{""obs_mistake_mask=E"":2}"
     10240,         0,         0,    1.13,correlated_pymatching,5b07d31ee7f2888344550fdfd45240bc75fe8b924e64b35790e33d7ebcad3ae8,"{""d"":7,""p"":0.0001,""r"":7}",
    172032,        40,         0,    1.54,correlated_pymatching,079d0ab4fa6a0cbd43e7a0aecf94903da5262b0dd23888edbd52016b08eb22d3,"{""d"":3,""p"":0.0001,""r"":3}","{""obs_mistake_mask=E"":40}"
     38912,         0,         0,    1.57,correlated_pymatching,885a7d062162ca657bb6c62edb27c2a57eb4c15f6cad0372d43adc4c31831932,"{""d"":5,""p"":0.0001,""r"":5}",
      2048,         6,         0,   0.453,correlated_pymatching,6adcd37f742d90333eb8d5719652a156d53e20c5ea1397a34f4671d4abe90eaa,"{""d"":7,""p"":0.002154434690031882,""r"":7}","{""obs_mistake_mask=E"":6}"
      2048,         6,         0,   0.454,correlated_pymatching,6adcd37f742d90333eb8d5719652a156d53e20c5ea1397a34f4671d4abe90eaa,"{""d"":7,""p"":0.002154434690031882,""r"":7}","{""obs_mistake_mask=E"":6}"
     10240,         0,         0,    1.22,correlated_pymatching,0ca1613404eeae08d0e1c39cbe874bf152fd2973b6a9892bb5cd27f6a9c962ed,"{""d"":7,""p"":0.00021544346900318845,""r"":7}",
     36864,         1,         0,    1.57,correlated_pymatching,141e63a26d28792365a8c4eb2bf128057692caab6f9768e78cd3b20812b670a8,"{""d"":5,""p"":0.00021544346900318845,""r"":5}","{""obs_mistake_mask=E"":1}"
      5120,         0,         0,   0.640,correlated_pymatching,5dc8e74a0a28e52dabca52d06f77e22020eca85e89bd176b9d33ba32818e593b,"{""d"":7,""p"":0.00046415888336127773,""r"":7}",
     89088,        18,         0,   0.791,correlated_pymatching,079d0ab4fa6a0cbd43e7a0aecf94903da5262b0dd23888edbd52016b08eb22d3,"{""d"":3,""p"":0.0001,""r"":3}","{""obs_mistake_mask=E"":18}"
     29696,        37,         0,    1.59,correlated_pymatching,bde8e1fb64a1f8181fecd846d885784c04ca506d1ddfb96a95a7cec3f08a2d48,"{""d"":5,""p"":0.001,""r"":5}","{""obs_mistake_mask=E"":37}"
     33792,         6,         0,    1.58,correlated_pymatching,9de98337e1a3faf43fdab4d57320a9c057fa61c642db64f1783fef3516a1279d,"{""d"":5,""p"":0.00046415888336127773,""r"":5}","{""obs_mistake_mask=E"":6}"
    122880,        18,         0,    1.10,correlated_pymatching,079d0ab4fa6a0cbd43e7a0aecf94903da5262b0dd23888edbd52016b08eb22d3,"{""d"":3,""p"":0.0001,""r"":3}","{""obs_mistake_mask=E"":18}"
      9216,         0,         0,    1.14,correlated_pymatching,5dc8e74a0a28e52dabca52d06f77e22020eca85e89bd176b9d33ba32818e593b,"{""d"":7,""p"":0.00046415888336127773,""r"":7}",
      8192,         1,         0,    1.25,correlated_pymatching,539de98e8fed58e6bc08fc7a9514e9c858dc52c157652b467080a50b7a82244c,"{""d"":7,""p"":0.001,""r"":7}","{""obs_mistake_mask=E"":1}"
     36864,         0,         0,    1.55,correlated_pymatching,141e63a26d28792365a8c4eb2bf128057692caab6f9768e78cd3b20812b670a8,"{""d"":5,""p"":0.00021544346900318845,""r"":5}",
      8192,         0,         0,   0.894,correlated_pymatching,0ca1613404eeae08d0e1c39cbe874bf152fd2973b6a9892bb5cd27f6a9c962ed,"{""d"":7,""p"":0.00021544346900318845,""r"":7}",
      8192,         0,         0,   0.876,correlated_pymatching,5b07d31ee7f2888344550fdfd45240bc75fe8b924e64b35790e33d7ebcad3ae8,"{""d"":7,""p"":0.0001,""r"":7}",
     27648,         0,         0,    1.13,correlated_pymatching,141e63a26d28792365a8c4eb2bf128057692caab6f9768e78cd3b20812b670a8,"{""d"":5,""p"":0.00021544346900318845,""r"":5}",
     14336,         0,         0,    1.62,correlated_pymatching,0ca1613404eeae08d0e1c39cbe874bf152fd2973b6a9892bb5cd27f6a9c962ed,"{""d"":7,""p"":0.00021544346900318845,""r"":7}",
     28672,         0,         0,    1.12,correlated_pymatching,885a7d062162ca657bb6c62edb27c2a57eb4c15f6cad0372d43adc4c31831932,"{""d"":5,""p"":0.0001,""r"":5}",
      3072,        17,         0,   0.679,correlated_pymatching,6adcd37f742d90333eb8d5719652a156d53e20c5ea1397a34f4671d4abe90eaa,"{""d"":7,""p"":0.002154434690031882,""r"":7}","{""obs_mistake_mask=E"":17}"
      3072,        10,         0,   0.679,correlated_pymatching,6adcd37f742d90333eb8d5719652a156d53e20c5ea1397a34f4671d4abe90eaa,"{""d"":7,""p"":0.002154434690031882,""r"":7}","{""obs_mistake_mask=E"":10}"
     15360,         0,         0,    1.61,correlated_pymatching,5b07d31ee7f2888344550fdfd45240bc75fe8b924e64b35790e33d7ebcad3ae8,"{""d"":7,""p"":0.0001,""r"":7}",
     34816,         7,         0,    1.59,correlated_pymatching,9de98337e1a3faf43fdab4d57320a9c057fa61c642db64f1783fef3516a1279d,"{""d"":5,""p"":0.00046415888336127773,""r"":5}","{""obs_mistake_mask=E"":7}"
      6144,         1,         0,   0.890,correlated_pymatching,539de98e8fed58e6bc08fc7a9514e9c858dc52c157652b467080a50b7a82244c,"{""d"":7,""p"":0.001,""r"":7}","{""obs_mistake_mask=E"":1}"
     29696,        32,         0,    1.59,correlated_pymatching,bde8e1fb64a1f8181fecd846d885784c04ca506d1ddfb96a95a7cec3f08a2d48,"{""d"":5,""p"":0.001,""r"":5}","{""obs_mistake_mask=E"":32}"
     25600,         1,         0,    1.14,correlated_pymatching,9de98337e1a3faf43fdab4d57320a9c057fa61c642db64f1783fef3516a1279d,"{""d"":5,""p"":0.00046415888336127773,""r"":5}","{""obs_mistake_mask=E"":1}"
     23552,         0,         0,    1.59,correlated_pymatching,885a7d062162ca657bb6c62edb27c2a57eb4c15f6cad0372d43adc4c31831932,"{""d"":5,""p"":0.0001,""r"":5}",
     21504,        35,         0,    1.15,correlated_pymatching,bde8e1fb64a1f8181fecd846d885784c04ca506d1ddfb96a95a7cec3f08a2d48,"{""d"":5,""p"":0.001,""r"":5}","{""obs_mistake_mask=E"":35}"
     12288,         0,         0,    1.56,correlated_pymatching,5dc8e74a0a28e52dabca52d06f77e22020eca85e89bd176b9d33ba32818e593b,"{""d"":7,""p"":0.00046415888336127773,""r"":7}",
     11264,         2,         0,    1.64,correlated_pymatching,539de98e8fed58e6bc08fc7a9514e9c858dc52c157652b467080a50b7a82244c,"{""d"":7,""p"":0.001,""r"":7}","{""obs_mistake_mask=E"":2}"
      5120,        16,         0,    1.13,correlated_pymatching,6adcd37f742d90333eb8d5719652a156d53e20c5ea1397a34f4671d4abe90eaa,"{""d"":7,""p"":0.002154434690031882,""r"":7}","{""obs_mistake_mask=E"":16}"
      7168,         0,         0,   0.891,correlated_pymatching,5dc8e74a0a28e52dabca52d06f77e22020eca85e89bd176b9d33ba32818e593b,"{""d"":7,""p"":0.00046415888336127773,""r"":7}",
    124928,        29,         0,    1.11,correlated_pymatching,079d0ab4fa6a0cbd43e7a0aecf94903da5262b0dd23888edbd52016b08eb22d3,"{""d"":3,""p"":0.0001,""r"":3}","{""obs_mistake_mask=E"":29}"
     14336,         0,         0,    1.57,correlated_pymatching,5b07d31ee7f2888344550fdfd45240bc75fe8b924e64b35790e33d7ebcad3ae8,"{""d"":7,""p"":0.0001,""r"":7}",
      8192,        21,         0,    1.73,correlated_pymatching,6adcd37f742d90333eb8d5719652a156d53e20c5ea1397a34f4671d4abe90eaa,"{""d"":7,""p"":0.002154434690031882,""r"":7}","{""obs_mistake_mask=E"":21}"
      4096,        12,         0,   0.897,correlated_pymatching,6adcd37f742d90333eb8d5719652a156d53e20c5ea1397a34f4671d4abe90eaa,"{""d"":7,""p"":0.002154434690031882,""r"":7}","{""obs_mistake_mask=E"":12}"
      4096,        16,         0,   0.907,correlated_pymatching,6adcd37f742d90333eb8d5719652a156d53e20c5ea1397a34f4671d4abe90eaa,"{""d"":7,""p"":0.002154434690031882,""r"":7}","{""obs_mistake_mask=E"":16}"
     10240,         0,         0,    1.13,correlated_pymatching,0ca1613404eeae08d0e1c39cbe874bf152fd2973b6a9892bb5cd27f6a9c962ed,"{""d"":7,""p"":0.00021544346900318845,""r"":7}",
     10240,         0,         0,    1.11,correlated_pymatching,5b07d31ee7f2888344550fdfd45240bc75fe8b924e64b35790e33d7ebcad3ae8,"{""d"":7,""p"":0.0001,""r"":7}",
     14336,         0,         0,    1.65,correlated_pymatching,0ca1613404eeae08d0e1c39cbe874bf152fd2973b6a9892bb5cd27f6a9c962ed,"{""d"":7,""p"":0.00021544346900318845,""r"":7}",
    173056,        42,         0,    1.54,correlated_pymatching,079d0ab4fa6a0cbd43e7a0aecf94903da5262b0dd23888edbd52016b08eb22d3,"{""d"":3,""p"":0.0001,""r"":3}","{""obs_mistake_mask=E"":42}"
    199680,        48,         0,    1.79,correlated_pymatching,079d0ab4fa6a0cbd43e7a0aecf94903da5262b0dd23888edbd52016b08eb22d3,"{""d"":3,""p"":0.0001,""r"":3}","{""obs_mistake_mask=E"":48}"
      1024,         0,         0,   0.009,correlated_pymatching,079d0ab4fa6a0cbd43e7a0aecf94903da5262b0dd23888edbd52016b08eb22d3,"{""d"":3,""p"":0.0001,""r"":3}",
     60416,        15,         0,   0.536,correlated_pymatching,079d0ab4fa6a0cbd43e7a0aecf94903da5262b0dd23888edbd52016b08eb22d3,"{""d"":3,""p"":0.0001,""r"":3}","{""obs_mistake_mask=E"":15}"
    129024,        25,         0,    1.95,correlated_pymatching,079d0ab4fa6a0cbd43e7a0aecf94903da5262b0dd23888edbd52016b08eb22d3,"{""d"":3,""p"":0.0001,""r"":3}","{""obs_mistake_mask=E"":25}"
         1,         0,         0,   0.037,correlated_pymatching,9de98337e1a3faf43fdab4d57320a9c057fa61c642db64f1783fef3516a1279d,"{""d"":5,""p"":0.00046415888336127773,""r"":5}",
     10240,         2,         0,    1.56,correlated_pymatching,539de98e8fed58e6bc08fc7a9514e9c858dc52c157652b467080a50b7a82244c,"{""d"":7,""p"":0.001,""r"":7}","{""obs_mistake_mask=E"":2}"
         1,         0,         0,   0.039,correlated_pymatching,141e63a26d28792365a8c4eb2bf128057692caab6f9768e78cd3b20812b670a8,"{""d"":5,""p"":0.00021544346900318845,""r"":5}",
         1,         0,         0,   0.037,correlated_pymatching,bde8e1fb64a1f8181fecd846d885784c04ca506d1ddfb96a95a7cec3f08a2d48,"{""d"":5,""p"":0.001,""r"":5}",
        16,         0,         0,   0.038,correlated_pymatching,9de98337e1a3faf43fdab4d57320a9c057fa61c642db64f1783fef3516a1279d,"{""d"":5,""p"":0.00046415888336127773,""r"":5}",
     13312,         0,         0,    1.66,correlated_pymatching,5dc8e74a0a28e52dabca52d06f77e22020eca85e89bd176b9d33ba32818e593b,"{""d"":7,""p"":0.00046415888336127773,""r"":7}",
        16,         0,         0,   0.037,correlated_pymatching,bde8e1fb64a1f8181fecd846d885784c04ca506d1ddfb96a95a7cec3f08a2d48,"{""d"":5,""p"":0.001,""r"":5}",
         8,         0,         0,   0.038,correlated_pymatching,141e63a26d28792365a8c4eb2bf128057692caab6f9768e78cd3b20812b670a8,"{""d"":5,""p"":0.00021544346900318845,""r"":5}",
         1,         0,         0,   0.066,correlated_pymatching,885a7d062162ca657bb6c62edb27c2a57eb4c15f6cad0372d43adc4c31831932,"{""d"":5,""p"":0.0001,""r"":5}",
      8192,         2,         0,    1.19,correlated_pymatching,539de98e8fed58e6bc08fc7a9514e9c858dc52c157652b467080a50b7a82244c,"{""d"":7,""p"":0.001,""r"":7}","{""obs_mistake_mask=E"":2}"
       128,         0,         0,   0.039,correlated_pymatching,9de98337e1a3faf43fdab4d57320a9c057fa61c642db64f1783fef3516a1279d,"{""d"":5,""p"":0.00046415888336127773,""r"":5}",
        64,         0,         0,   0.038,correlated_pymatching,141e63a26d28792365a8c4eb2bf128057692caab6f9768e78cd3b20812b670a8,"{""d"":5,""p"":0.00021544346900318845,""r"":5}",
       256,         0,         0,   0.042,correlated_pymatching,bde8e1fb64a1f8181fecd846d885784c04ca506d1ddfb96a95a7cec3f08a2d48,"{""d"":5,""p"":0.001,""r"":5}",
         8,         0,         0,   0.060,correlated_pymatching,885a7d062162ca657bb6c62edb27c2a57eb4c15f6cad0372d43adc4c31831932,"{""d"":5,""p"":0.0001,""r"":5}",
       512,         0,         0,   0.040,correlated_pymatching,141e63a26d28792365a8c4eb2bf128057692caab6f9768e78cd3b20812b670a8,"{""d"":5,""p"":0.00021544346900318845,""r"":5}",
      1024,         0,         0,   0.047,correlated_pymatching,9de98337e1a3faf43fdab4d57320a9c057fa61c642db64f1783fef3516a1279d,"{""d"":5,""p"":0.00046415888336127773,""r"":5}",
      1024,         2,         0,   0.055,correlated_pymatching,bde8e1fb64a1f8181fecd846d885784c04ca506d1ddfb96a95a7cec3f08a2d48,"{""d"":5,""p"":0.001,""r"":5}","{""obs_mistake_mask=E"":2}"
      1024,         0,         0,   0.043,correlated_pymatching,141e63a26d28792365a8c4eb2bf128057692caab6f9768e78cd3b20812b670a8,"{""d"":5,""p"":0.00021544346900318845,""r"":5}",
      1024,         0,         0,   0.047,correlated_pymatching,9de98337e1a3faf43fdab4d57320a9c057fa61c642db64f1783fef3516a1279d,"{""d"":5,""p"":0.00046415888336127773,""r"":5}",
        64,         0,         0,   0.061,correlated_pymatching,885a7d062162ca657bb6c62edb27c2a57eb4c15f6cad0372d43adc4c31831932,"{""d"":5,""p"":0.0001,""r"":5}",
      1024,         2,         0,   0.056,correlated_pymatching,bde8e1fb64a1f8181fecd846d885784c04ca506d1ddfb96a95a7cec3f08a2d48,"{""d"":5,""p"":0.001,""r"":5}","{""obs_mistake_mask=E"":2}"
      9216,         0,         0,    1.15,correlated_pymatching,5dc8e74a0a28e52dabca52d06f77e22020eca85e89bd176b9d33ba32818e593b,"{""d"":7,""p"":0.00046415888336127773,""r"":7}",
       512,         0,         0,   0.064,correlated_pymatching,885a7d062162ca657bb6c62edb27c2a57eb4c15f6cad0372d43adc4c31831932,"{""d"":5,""p"":0.0001,""r"":5}",
      1024,         1,         0,   0.054,correlated_pymatching,bde8e1fb64a1f8181fecd846d885784c04ca506d1ddfb96a95a7cec3f08a2d48,"{""d"":5,""p"":0.001,""r"":5}","{""obs_mistake_mask=E"":1}"
      2048,         0,         0,   0.087,correlated_pymatching,141e63a26d28792365a8c4eb2bf128057692caab6f9768e78cd3b20812b670a8,"{""d"":5,""p"":0.00021544346900318845,""r"":5}",
      2048,         0,         0,   0.094,correlated_pymatching,9de98337e1a3faf43fdab4d57320a9c057fa61c642db64f1783fef3516a1279d,"{""d"":5,""p"":0.00046415888336127773,""r"":5}",
     37888,         0,         0,    1.59,correlated_pymatching,141e63a26d28792365a8c4eb2bf128057692caab6f9768e78cd3b20812b670a8,"{""d"":5,""p"":0.00021544346900318845,""r"":5}",
     55296,         0,         0,    2.21,correlated_pymatching,885a7d062162ca657bb6c62edb27c2a57eb4c15f6cad0372d43adc4c31831932,"{""d"":5,""p"":0.0001,""r"":5}",
      1024,         0,         0,   0.073,correlated_pymatching,885a7d062162ca657bb6c62edb27c2a57eb4c15f6cad0372d43adc4c31831932,"{""d"":5,""p"":0.0001,""r"":5}",
     39936,         0,         0,    1.57,correlated_pymatching,885a7d062162ca657bb6c62edb27c2a57eb4c15f6cad0372d43adc4c31831932,"{""d"":5,""p"":0.0001,""r"":5}",
      2048,         0,         0,   0.086,correlated_pymatching,141e63a26d28792365a8c4eb2bf128057692caab6f9768e78cd3b20812b670a8,"{""d"":5,""p"":0.00021544346900318845,""r"":5}",
     52224,         3,         0,    2.21,correlated_pymatching,141e63a26d28792365a8c4eb2bf128057692caab6f9768e78cd3b20812b670a8,"{""d"":5,""p"":0.00021544346900318845,""r"":5}","{""obs_mistake_mask=E"":3}"
      2048,         1,         0,   0.108,correlated_pymatching,bde8e1fb64a1f8181fecd846d885784c04ca506d1ddfb96a95a7cec3f08a2d48,"{""d"":5,""p"":0.001,""r"":5}","{""obs_mistake_mask=E"":1}"
      2048,         0,         0,   0.093,correlated_pymatching,9de98337e1a3faf43fdab4d57320a9c057fa61c642db64f1783fef3516a1279d,"{""d"":5,""p"":0.00046415888336127773,""r"":5}",
      1024,         0,         0,   0.073,correlated_pymatching,885a7d062162ca657bb6c62edb27c2a57eb4c15f6cad0372d43adc4c31831932,"{""d"":5,""p"":0.0001,""r"":5}",
     40960,        40,         0,    2.20,correlated_pymatching,bde8e1fb64a1f8181fecd846d885784c04ca506d1ddfb96a95a7cec3f08a2d48,"{""d"":5,""p"":0.001,""r"":5}","{""obs_mistake_mask=E"":40}"
     48128,         7,         0,    2.19,correlated_pymatching,9de98337e1a3faf43fdab4d57320a9c057fa61c642db64f1783fef3516a1279d,"{""d"":5,""p"":0.00046415888336127773,""r"":5}","{""obs_mistake_mask=E"":7}"
     28672,        34,         0,    1.51,correlated_pymatching,bde8e1fb64a1f8181fecd846d885784c04ca506d1ddfb96a95a7cec3f08a2d48,"{""d"":5,""p"":0.001,""r"":5}","{""obs_mistake_mask=E"":34}"
      3072,         0,         0,   0.129,correlated_pymatching,141e63a26d28792365a8c4eb2bf128057692caab6f9768e78cd3b20812b670a8,"{""d"":5,""p"":0.00021544346900318845,""r"":5}",
      2048,         2,         0,   0.110,correlated_pymatching,bde8e1fb64a1f8181fecd846d885784c04ca506d1ddfb96a95a7cec3f08a2d48,"{""d"":5,""p"":0.001,""r"":5}","{""obs_mistake_mask=E"":2}"
     34816,         3,         0,    1.56,correlated_pymatching,9de98337e1a3faf43fdab4d57320a9c057fa61c642db64f1783fef3516a1279d,"{""d"":5,""p"":0.00046415888336127773,""r"":5}","{""obs_mistake_mask=E"":3}"
      1024,         0,         0,   0.055,correlated_pymatching,bde8e1fb64a1f8181fecd846d885784c04ca506d1ddfb96a95a7cec3f08a2d48,"{""d"":5,""p"":0.001,""r"":5}",
     28672,        32,         0,    1.58,correlated_pymatching,bde8e1fb64a1f8181fecd846d885784c04ca506d1ddfb96a95a7cec3f08a2d48,"{""d"":5,""p"":0.001,""r"":5}","{""obs_mistake_mask=E"":32}"
      3072,         0,         0,   0.140,correlated_pymatching,9de98337e1a3faf43fdab4d57320a9c057fa61c642db64f1783fef3516a1279d,"{""d"":5,""p"":0.00046415888336127773,""r"":5}",
      2048,         0,         0,   0.145,correlated_pymatching,885a7d062162ca657bb6c62edb27c2a57eb4c15f6cad0372d43adc4c31831932,"{""d"":5,""p"":0.0001,""r"":5}",
      7168,        26,         0,    1.59,correlated_pymatching,6adcd37f742d90333eb8d5719652a156d53e20c5ea1397a34f4671d4abe90eaa,"{""d"":7,""p"":0.002154434690031882,""r"":7}","{""obs_mistake_mask=E"":26}"
      4096,         0,         0,   0.173,correlated_pymatching,141e63a26d28792365a8c4eb2bf128057692caab6f9768e78cd3b20812b670a8,"{""d"":5,""p"":0.00021544346900318845,""r"":5}",
      2048,         0,         0,   0.138,correlated_pymatching,885a7d062162ca657bb6c62edb27c2a57eb4c15f6cad0372d43adc4c31831932,"{""d"":5,""p"":0.0001,""r"":5}",
      4096,         2,         0,   0.185,correlated_pymatching,9de98337e1a3faf43fdab4d57320a9c057fa61c642db64f1783fef3516a1279d,"{""d"":5,""p"":0.00046415888336127773,""r"":5}","{""obs_mistake_mask=E"":2}"
     50176,         1,         0,    2.18,correlated_pymatching,141e63a26d28792365a8c4eb2bf128057692caab6f9768e78cd3b20812b670a8,"{""d"":5,""p"":0.00021544346900318845,""r"":5}","{""obs_mistake_mask=E"":1}"
         1,         0,         0,   0.097,correlated_pymatching,5dc8e74a0a28e52dabca52d06f77e22020eca85e89bd176b9d33ba32818e593b,"{""d"":7,""p"":0.00046415888336127773,""r"":7}",
         1,         0,         0,   0.097,correlated_pymatching,539de98e8fed58e6bc08fc7a9514e9c858dc52c157652b467080a50b7a82244c,"{""d"":7,""p"":0.001,""r"":7}",
         1,         0,         0,   0.107,correlated_pymatching,0ca1613404eeae08d0e1c39cbe874bf152fd2973b6a9892bb5cd27f6a9c962ed,"{""d"":7,""p"":0.00021544346900318845,""r"":7}",
         1,         0,         0,   0.108,correlated_pymatching,5b07d31ee7f2888344550fdfd45240bc75fe8b924e64b35790e33d7ebcad3ae8,"{""d"":7,""p"":0.0001,""r"":7}",
         4,         0,         0,   0.099,correlated_pymatching,5dc8e74a0a28e52dabca52d06f77e22020eca85e89bd176b9d33ba32818e593b,"{""d"":7,""p"":0.00046415888336127773,""r"":7}",
         4,         0,         0,   0.098,correlated_pymatching,539de98e8fed58e6bc08fc7a9514e9c858dc52c157652b467080a50b7a82244c,"{""d"":7,""p"":0.001,""r"":7}",
      5120,        14,         0,    1.14,correlated_pymatching,6adcd37f742d90333eb8d5719652a156d53e20c5ea1397a34f4671d4abe90eaa,"{""d"":7,""p"":0.002154434690031882,""r"":7}","{""obs_mistake_mask=E"":14}"
         4,         0,         0,   0.100,correlated_pymatching,0ca1613404eeae08d0e1c39cbe874bf152fd2973b6a9892bb5cd27f6a9c962ed,"{""d"":7,""p"":0.00021544346900318845,""r"":7}",
      5120,         1,         0,   0.217,correlated_pymatching,141e63a26d28792365a8c4eb2bf128057692caab6f9768e78cd3b20812b670a8,"{""d"":5,""p"":0.00021544346900318845,""r"":5}","{""obs_mistake_mask=E"":1}"
         4,         0,         0,   0.102,correlated_pymatching,5b07d31ee7f2888344550fdfd45240bc75fe8b924e64b35790e33d7ebcad3ae8,"{""d"":7,""p"":0.0001,""r"":7}",
      5120,        18,         0,    1.14,correlated_pymatching,6adcd37f742d90333eb8d5719652a156d53e20c5ea1397a34f4671d4abe90eaa,"{""d"":7,""p"":0.002154434690031882,""r"":7}","{""obs_mistake_mask=E"":18}"
      3072,         0,         0,   0.210,correlated_pymatching,885a7d062162ca657bb6c62edb27c2a57eb4c15f6cad0372d43adc4c31831932,"{""d"":5,""p"":0.0001,""r"":5}",
      5120,         4,         0,   0.234,correlated_pymatching,9de98337e1a3faf43fdab4d57320a9c057fa61c642db64f1783fef3516a1279d,"{""d"":5,""p"":0.00046415888336127773,""r"":5}","{""obs_mistake_mask=E"":4}"
        16,         0,         0,   0.100,correlated_pymatching,5dc8e74a0a28e52dabca52d06f77e22020eca85e89bd176b9d33ba32818e593b,"{""d"":7,""p"":0.00046415888336127773,""r"":7}",
        16,         0,         0,   0.100,correlated_pymatching,539de98e8fed58e6bc08fc7a9514e9c858dc52c157652b467080a50b7a82244c,"{""d"":7,""p"":0.001,""r"":7}",
        16,         0,         0,   0.102,correlated_pymatching,0ca1613404eeae08d0e1c39cbe874bf152fd2973b6a9892bb5cd27f6a9c962ed,"{""d"":7,""p"":0.00021544346900318845,""r"":7}",
     20480,         0,         0,    2.26,correlated_pymatching,0ca1613404eeae08d0e1c39cbe874bf152fd2973b6a9892bb5cd27f6a9c962ed,"{""d"":7,""p"":0.00021544346900318845,""r"":7}",
        16,         0,         0,   0.105,correlated_pymatching,5b07d31ee7f2888344550fdfd45240bc75fe8b924e64b35790e33d7ebcad3ae8,"{""d"":7,""p"":0.0001,""r"":7}",
        64,         0,         0,   0.100,correlated_pymatching,5dc8e74a0a28e52dabca52d06f77e22020eca85e89bd176b9d33ba32818e593b,"{""d"":7,""p"":0.00046415888336127773,""r"":7}",
        64,         0,         0,   0.100,correlated_pymatching,539de98e8fed58e6bc08fc7a9514e9c858dc52c157652b467080a50b7a82244c,"{""d"":7,""p"":0.001,""r"":7}",
     20480,         0,         0,    2.20,correlated_pymatching,5b07d31ee7f2888344550fdfd45240bc75fe8b924e64b35790e33d7ebcad3ae8,"{""d"":7,""p"":0.0001,""r"":7}",
        64,         0,         0,   0.103,correlated_pymatching,0ca1613404eeae08d0e1c39cbe874bf152fd2973b6a9892bb5cd27f6a9c962ed,"{""d"":7,""p"":0.00021544346900318845,""r"":7}",
     47104,         3,         0,    2.19,correlated_pymatching,9de98337e1a3faf43fdab4d57320a9c057fa61c642db64f1783fef3516a1279d,"{""d"":5,""p"":0.00046415888336127773,""r"":5}","{""obs_mistake_mask=E"":3}"
        64,         0,         0,   0.103,correlated_pymatching,5b07d31ee7f2888344550fdfd45240bc75fe8b924e64b35790e33d7ebcad3ae8,"{""d"":7,""p"":0.0001,""r"":7}",
      3072,         0,         0,   0.215,correlated_pymatching,885a7d062162ca657bb6c62edb27c2a57eb4c15f6cad0372d43adc4c31831932,"{""d"":5,""p"":0.0001,""r"":5}",
       256,         0,         0,   0.105,correlated_pymatching,5dc8e74a0a28e52dabca52d06f77e22020eca85e89bd176b9d33ba32818e593b,"{""d"":7,""p"":0.00046415888336127773,""r"":7}",
       256,         0,         0,   0.110,correlated_pymatching,539de98e8fed58e6bc08fc7a9514e9c858dc52c157652b467080a50b7a82244c,"{""d"":7,""p"":0.001,""r"":7}",
     32768,         0,         0,    2.23,correlated_pymatching,885a7d062162ca657bb6c62edb27c2a57eb4c15f6cad0372d43adc4c31831932,"{""d"":5,""p"":0.0001,""r"":5}",
      7168,         0,         0,   0.301,correlated_pymatching,141e63a26d28792365a8c4eb2bf128057692caab6f9768e78cd3b20812b670a8,"{""d"":5,""p"":0.00021544346900318845,""r"":5}",
       256,         0,         0,   0.105,correlated_pymatching,0ca1613404eeae08d0e1c39cbe874bf152fd2973b6a9892bb5cd27f6a9c962ed,"{""d"":7,""p"":0.00021544346900318845,""r"":7}",
       256,         0,         0,   0.107,correlated_pymatching,5b07d31ee7f2888344550fdfd45240bc75fe8b924e64b35790e33d7ebcad3ae8,"{""d"":7,""p"":0.0001,""r"":7}",
     18432,         0,         0,    2.25,correlated_pymatching,5dc8e74a0a28e52dabca52d06f77e22020eca85e89bd176b9d33ba32818e593b,"{""d"":7,""p"":0.00046415888336127773,""r"":7}",
      7168,         2,         0,   0.329,correlated_pymatching,9de98337e1a3faf43fdab4d57320a9c057fa61c642db64f1783fef3516a1279d,"{""d"":5,""p"":0.00046415888336127773,""r"":5}","{""obs_mistake_mask=E"":2}"
      1024,         0,         0,   0.126,correlated_pymatching,5dc8e74a0a28e52dabca52d06f77e22020eca85e89bd176b9d33ba32818e593b,"{""d"":7,""p"":0.00046415888336127773,""r"":7}",
     15360,         3,         0,    2.25,correlated_pymatching,539de98e8fed58e6bc08fc7a9514e9c858dc52c157652b467080a50b7a82244c,"{""d"":7,""p"":0.001,""r"":7}","{""obs_mistake_mask=E"":3}"
      1024,         0,         0,   0.119,correlated_pymatching,0ca1613404eeae08d0e1c39cbe874bf152fd2973b6a9892bb5cd27f6a9c962ed,"{""d"":7,""p"":0.00021544346900318845,""r"":7}",
      1024,         0,         0,   0.115,correlated_pymatching,5b07d31ee7f2888344550fdfd45240bc75fe8b924e64b35790e33d7ebcad3ae8,"{""d"":7,""p"":0.0001,""r"":7}",
      1024,         0,         0,   0.151,correlated_pymatching,539de98e8fed58e6bc08fc7a9514e9c858dc52c157652b467080a50b7a82244c,"{""d"":7,""p"":0.001,""r"":7}",
     14336,         0,         0,    1.58,correlated_pymatching,0ca1613404eeae08d0e1c39cbe874bf152fd2973b6a9892bb5cd27f6a9c962ed,"{""d"":7,""p"":0.00021544346900318845,""r"":7}",
     14336,         0,         0,    1.58,correlated_pymatching,5b07d31ee7f2888344550fdfd45240bc75fe8b924e64b35790e33d7ebcad3ae8,"{""d"":7,""p"":0.0001,""r"":7}",
      1024,         0,         0,   0.126,correlated_pymatching,5dc8e74a0a28e52dabca52d06f77e22020eca85e89bd176b9d33ba32818e593b,"{""d"":7,""p"":0.00046415888336127773,""r"":7}",
      1024,         0,         0,   0.117,correlated_pymatching,0ca1613404eeae08d0e1c39cbe874bf152fd2973b6a9892bb5cd27f6a9c962ed,"{""d"":7,""p"":0.00021544346900318845,""r"":7}",
      1024,         0,         0,   0.115,correlated_pymatching,5b07d31ee7f2888344550fdfd45240bc75fe8b924e64b35790e33d7ebcad3ae8,"{""d"":7,""p"":0.0001,""r"":7}",
      1024,         0,         0,   0.150,correlated_pymatching,539de98e8fed58e6bc08fc7a9514e9c858dc52c157652b467080a50b7a82244c,"{""d"":7,""p"":0.001,""r"":7}",
      5120,         0,         0,   0.350,correlated_pymatching,885a7d062162ca657bb6c62edb27c2a57eb4c15f6cad0372d43adc4c31831932,"{""d"":5,""p"":0.0001,""r"":5}",
      1024,         0,         0,   0.124,correlated_pymatching,5dc8e74a0a28e52dabca52d06f77e22020eca85e89bd176b9d33ba32818e593b,"{""d"":7,""p"":0.00046415888336127773,""r"":7}",
      1024,         0,         0,   0.116,correlated_pymatching,0ca1613404eeae08d0e1c39cbe874bf152fd2973b6a9892bb5cd27f6a9c962ed,"{""d"":7,""p"":0.00021544346900318845,""r"":7}",
      1024,         0,         0,   0.113,correlated_pymatching,5b07d31ee7f2888344550fdfd45240bc75fe8b924e64b35790e33d7ebcad3ae8,"{""d"":7,""p"":0.0001,""r"":7}",
     10240,         0,         0,   0.433,correlated_pymatching,141e63a26d28792365a8c4eb2bf128057692caab6f9768e78cd3b20812b670a8,"{""d"":5,""p"":0.00021544346900318845,""r"":5}",
      1024,         0,         0,   0.150,correlated_pymatching,539de98e8fed58e6bc08fc7a9514e9c858dc52c157652b467080a50b7a82244c,"{""d"":7,""p"":0.001,""r"":7}",
      9216,         1,         0,   0.422,correlated_pymatching,9de98337e1a3faf43fdab4d57320a9c057fa61c642db64f1783fef3516a1279d,"{""d"":5,""p"":0.00046415888336127773,""r"":5}","{""obs_mistake_mask=E"":1}"
     11264,         4,         0,    1.66,correlated_pymatching,539de98e8fed58e6bc08fc7a9514e9c858dc52c157652b467080a50b7a82244c,"{""d"":7,""p"":0.001,""r"":7}","{""obs_mistake_mask=E"":4}"
      2048,         0,         0,   0.226,correlated_pymatching,5b07d31ee7f2888344550fdfd45240bc75fe8b924e64b35790e33d7ebcad3ae8,"{""d"":7,""p"":0.0001,""r"":7}",
      1024,         0,         0,   0.150,correlated_pymatching,539de98e8fed58e6bc08fc7a9514e9c858dc52c157652b467080a50b7a82244c,"{""d"":7,""p"":0.001,""r"":7}",
      2048,         0,         0,   0.237,correlated_pymatching,0ca1613404eeae08d0e1c39cbe874bf152fd2973b6a9892bb5cd27f6a9c962ed,"{""d"":7,""p"":0.00021544346900318845,""r"":7}",
      2048,         0,         0,   0.247,correlated_pymatching,5dc8e74a0a28e52dabca52d06f77e22020eca85e89bd176b9d33ba32818e593b,"{""d"":7,""p"":0.00046415888336127773,""r"":7}",
     12288,         0,         0,    1.58,correlated_pymatching,5dc8e74a0a28e52dabca52d06f77e22020eca85e89bd176b9d33ba32818e593b,"{""d"":7,""p"":0.00046415888336127773,""r"":7}",
      6144,         0,         0,   0.417,correlated_pymatching,885a7d062162ca657bb6c62edb27c2a57eb4c15f6cad0372d43adc4c31831932,"{""d"":5,""p"":0.0001,""r"":5}",
     20480,         0,         0,    2.28,correlated_pymatching,5b07d31ee7f2888344550fdfd45240bc75fe8b924e64b35790e33d7ebcad3ae8,"{""d"":7,""p"":0.0001,""r"":7}",
      2048,         0,         0,   0.225,correlated_pymatching,5b07d31ee7f2888344550fdfd45240bc75fe8b924e64b35790e33d7ebcad3ae8,"{""d"":7,""p"":0.0001,""r"":7}",
     11264,        42,         0,    2.38,correlated_pymatching,6adcd37f742d90333eb8d5719652a156d53e20c5ea1397a34f4671d4abe90eaa,"{""d"":7,""p"":0.002154434690031882,""r"":7}","{""obs_mistake_mask=E"":42}"
      5120,        20,         0,    1.15,correlated_pymatching,6adcd37f742d90333eb8d5719652a156d53e20c5ea1397a34f4671d4abe90eaa,"{""d"":7,""p"":0.002154434690031882,""r"":7}","{""obs_mistake_mask=E"":20}"
      2048,         0,         0,   0.237,correlated_pymatching,0ca1613404eeae08d0e1c39cbe874bf152fd2973b6a9892bb5cd27f6a9c962ed,"{""d"":7,""p"":0.00021544346900318845,""r"":7}",
      6144,        21,         0,    1.37,correlated_pymatching,6adcd37f742d90333eb8d5719652a156d53e20c5ea1397a34f4671d4abe90eaa,"{""d"":7,""p"":0.002154434690031882,""r"":7}","{""obs_mistake_mask=E"":21}"
      5120,        22,         0,    1.14,correlated_pymatching,6adcd37f742d90333eb8d5719652a156d53e20c5ea1397a34f4671d4abe90eaa,"{""d"":7,""p"":0.002154434690031882,""r"":7}","{""obs_mistake_mask=E"":22}"
      2048,         0,         0,   0.250,correlated_pymatching,5dc8e74a0a28e52dabca52d06f77e22020eca85e89bd176b9d33ba32818e593b,"{""d"":7,""p"":0.00046415888336127773,""r"":7}",
     19456,         0,         0,    2.25,correlated_pymatching,0ca1613404eeae08d0e1c39cbe874bf152fd2973b6a9892bb5cd27f6a9c962ed,"{""d"":7,""p"":0.00021544346900318845,""r"":7}",
      2048,         0,         0,   0.302,correlated_pymatching,539de98e8fed58e6bc08fc7a9514e9c858dc52c157652b467080a50b7a82244c,"{""d"":7,""p"":0.001,""r"":7}",
      1024,         1,         0,   0.217,correlated_pymatching,6adcd37f742d90333eb8d5719652a156d53e20c5ea1397a34f4671d4abe90eaa,"{""d"":7,""p"":0.002154434690031882,""r"":7}","{""obs_mistake_mask=E"":1}"
     14336,         0,         0,   0.605,correlated_pymatching,141e63a26d28792365a8c4eb2bf128057692caab6f9768e78cd3b20812b670a8,"{""d"":5,""p"":0.00021544346900318845,""r"":5}",
     14336,         5,         0,    2.22,correlated_pymatching,539de98e8fed58e6bc08fc7a9514e9c858dc52c157652b467080a50b7a82244c,"{""d"":7,""p"":0.001,""r"":7}","{""obs_mistake_mask=E"":5}"
     17408,         1,         0,    2.21,correlated_pymatching,5dc8e74a0a28e52dabca52d06f77e22020eca85e89bd176b9d33ba32818e593b,"{""d"":7,""p"":0.00046415888336127773,""r"":7}","{""obs_mistake_mask=E"":1}"
     13312,         2,         0,   0.606,correlated_pymatching,9de98337e1a3faf43fdab4d57320a9c057fa61c642db64f1783fef3516a1279d,"{""d"":5,""p"":0.00046415888336127773,""r"":5}","{""obs_mistake_mask=E"":2}"
      3072,         0,         0,   0.340,correlated_pymatching,5b07d31ee7f2888344550fdfd45240bc75fe8b924e64b35790e33d7ebcad3ae8,"{""d"":7,""p"":0.0001,""r"":7}",
         1,         0,         0,   0.037,correlated_pymatching,141e63a26d28792365a8c4eb2bf128057692caab6f9768e78cd3b20812b670a8,"{""d"":5,""p"":0.00021544346900318845,""r"":5}",
         1,         0,         0,   0.037,correlated_pymatching,885a7d062162ca657bb6c62edb27c2a57eb4c15f6cad0372d43adc4c31831932,"{""d"":5,""p"":0.0001,""r"":5}",
         1,         0,         0,   0.037,correlated_pymatching,9de98337e1a3faf43fdab4d57320a9c057fa61c642db64f1783fef3516a1279d,"{""d"":5,""p"":0.00046415888336127773,""r"":5}",
      2048,         0,         0,   0.326,correlated_pymatching,5dc8e74a0a28e52dabca52d06f77e22020eca85e89bd176b9d33ba32818e593b,"{""d"":7,""p"":0.00046415888336127773,""r"":7}",
      3072,         0,         0,   0.353,correlated_pymatching,0ca1613404eeae08d0e1c39cbe874bf152fd2973b6a9892bb5cd27f6a9c962ed,"{""d"":7,""p"":0.00021544346900318845,""r"":7}",
        16,         0,         0,   0.037,correlated_pymatching,141e63a26d28792365a8c4eb2bf128057692caab6f9768e78cd3b20812b670a8,"{""d"":5,""p"":0.00021544346900318845,""r"":5}",
        16,         0,         0,   0.037,correlated_pymatching,885a7d062162ca657bb6c62edb27c2a57eb4c15f6cad0372d43adc4c31831932,"{""d"":5,""p"":0.0001,""r"":5}",
        16,         0,         0,   0.037,correlated_pymatching,9de98337e1a3faf43fdab4d57320a9c057fa61c642db64f1783fef3516a1279d,"{""d"":5,""p"":0.00046415888336127773,""r"":5}",
      2048,         1,         0,   0.322,correlated_pymatching,539de98e8fed58e6bc08fc7a9514e9c858dc52c157652b467080a50b7a82244c,"{""d"":7,""p"":0.001,""r"":7}","{""obs_mistake_mask=E"":1}"
       256,         0,         0,   0.037,correlated_pymatching,885a7d062162ca657bb6c62edb27c2a57eb4c15f6cad0372d43adc4c31831932,"{""d"":5,""p"":0.0001,""r"":5}",
       256,         0,         0,   0.038,correlated_pymatching,141e63a26d28792365a8c4eb2bf128057692caab6f9768e78cd3b20812b670a8,"{""d"":5,""p"":0.00021544346900318845,""r"":5}",
       256,         0,         0,   0.039,correlated_pymatching,9de98337e1a3faf43fdab4d57320a9c057fa61c642db64f1783fef3516a1279d,"{""d"":5,""p"":0.00046415888336127773,""r"":5}",
      1024,         0,         0,   0.041,correlated_pymatching,885a7d062162ca657bb6c62edb27c2a57eb4c15f6cad0372d43adc4c31831932,"{""d"":5,""p"":0.0001,""r"":5}",
      1024,         0,         0,   0.043,correlated_pymatching,141e63a26d28792365a8c4eb2bf128057692caab6f9768e78cd3b20812b670a8,"{""d"":5,""p"":0.00021544346900318845,""r"":5}",
         1,         0,         0,   0.098,correlated_pymatching,5b07d31ee7f2888344550fdfd45240bc75fe8b924e64b35790e33d7ebcad3ae8,"{""d"":7,""p"":0.0001,""r"":7}",
      1024,         1,         0,   0.047,correlated_pymatching,9de98337e1a3faf43fdab4d57320a9c057fa61c642db64f1783fef3516a1279d,"{""d"":5,""p"":0.00046415888336127773,""r"":5}","{""obs_mistake_mask=E"":1}"
     53248,         1,         0,    2.19,correlated_pymatching,141e63a26d28792365a8c4eb2bf128057692caab6f9768e78cd3b20812b670a8,"{""d"":5,""p"":0.00021544346900318845,""r"":5}","{""obs_mistake_mask=E"":1}"
      1024,         0,         0,   0.042,correlated_pymatching,885a7d062162ca657bb6c62edb27c2a57eb4c15f6cad0372d43adc4c31831932,"{""d"":5,""p"":0.0001,""r"":5}",
      1024,         0,         0,   0.043,correlated_pymatching,141e63a26d28792365a8c4eb2bf128057692caab6f9768e78cd3b20812b670a8,"{""d"":5,""p"":0.00021544346900318845,""r"":5}",
      9216,         0,         0,   0.619,correlated_pymatching,885a7d062162ca657bb6c62edb27c2a57eb4c15f6cad0372d43adc4c31831932,"{""d"":5,""p"":0.0001,""r"":5}",
      1024,         0,         0,   0.047,correlated_pymatching,9de98337e1a3faf43fdab4d57320a9c057fa61c642db64f1783fef3516a1279d,"{""d"":5,""p"":0.00046415888336127773,""r"":5}",
     55296,         0,         0,    2.17,correlated_pymatching,885a7d062162ca657bb6c62edb27c2a57eb4c15f6cad0372d43adc4c31831932,"{""d"":5,""p"":0.0001,""r"":5}",
         4,         0,         0,   0.095,correlated_pymatching,5b07d31ee7f2888344550fdfd45240bc75fe8b924e64b35790e33d7ebcad3ae8,"{""d"":7,""p"":0.0001,""r"":7}",
      2048,         0,         0,   0.082,correlated_pymatching,885a7d062162ca657bb6c62edb27c2a57eb4c15f6cad0372d43adc4c31831932,"{""d"":5,""p"":0.0001,""r"":5}",
      2048,         0,         0,   0.086,correlated_pymatching,141e63a26d28792365a8c4eb2bf128057692caab6f9768e78cd3b20812b670a8,"{""d"":5,""p"":0.00021544346900318845,""r"":5}",
      2048,         0,         0,   0.093,correlated_pymatching,9de98337e1a3faf43fdab4d57320a9c057fa61c642db64f1783fef3516a1279d,"{""d"":5,""p"":0.00046415888336127773,""r"":5}",
        16,         0,         0,   0.096,correlated_pymatching,5b07d31ee7f2888344550fdfd45240bc75fe8b924e64b35790e33d7ebcad3ae8,"{""d"":7,""p"":0.0001,""r"":7}",
      2048,         0,         0,   0.082,correlated_pymatching,885a7d062162ca657bb6c62edb27c2a57eb4c15f6cad0372d43adc4c31831932,"{""d"":5,""p"":0.0001,""r"":5}",
      2048,         0,         0,   0.086,correlated_pymatching,141e63a26d28792365a8c4eb2bf128057692caab6f9768e78cd3b20812b670a8,"{""d"":5,""p"":0.00021544346900318845,""r"":5}",
      2048,         0,         0,   0.092,correlated_pymatching,9de98337e1a3faf43fdab4d57320a9c057fa61c642db64f1783fef3516a1279d,"{""d"":5,""p"":0.00046415888336127773,""r"":5}",
     49152,        11,         0,    2.20,correlated_pymatching,9de98337e1a3faf43fdab4d57320a9c057fa61c642db64f1783fef3516a1279d,"{""d"":5,""p"":0.00046415888336127773,""r"":5}","{""obs_mistake_mask=E"":11}"
        64,         0,         0,   0.098,correlated_pymatching,5b07d31ee7f2888344550fdfd45240bc75fe8b924e64b35790e33d7ebcad3ae8,"{""d"":7,""p"":0.0001,""r"":7}",
      3072,         0,         0,   0.123,correlated_pymatching,885a7d062162ca657bb6c62edb27c2a57eb4c15f6cad0372d43adc4c31831932,"{""d"":5,""p"":0.0001,""r"":5}",
      4096,         0,         0,   0.458,correlated_pymatching,5b07d31ee7f2888344550fdfd45240bc75fe8b924e64b35790e33d7ebcad3ae8,"{""d"":7,""p"":0.0001,""r"":7}",
      3072,         0,         0,   0.130,correlated_pymatching,141e63a26d28792365a8c4eb2bf128057692caab6f9768e78cd3b20812b670a8,"{""d"":5,""p"":0.00021544346900318845,""r"":5}",
      3072,         0,         0,   0.139,correlated_pymatching,9de98337e1a3faf43fdab4d57320a9c057fa61c642db64f1783fef3516a1279d,"{""d"":5,""p"":0.00046415888336127773,""r"":5}",
      4096,         0,         0,   0.473,correlated_pymatching,0ca1613404eeae08d0e1c39cbe874bf152fd2973b6a9892bb5cd27f6a9c962ed,"{""d"":7,""p"":0.00021544346900318845,""r"":7}",
      3072,         0,         0,   0.449,correlated_pymatching,539de98e8fed58e6bc08fc7a9514e9c858dc52c157652b467080a50b7a82244c,"{""d"":7,""p"":0.001,""r"":7}",
       256,         0,         0,   0.098,correlated_pymatching,5b07d31ee7f2888344550fdfd45240bc75fe8b924e64b35790e33d7ebcad3ae8,"{""d"":7,""p"":0.0001,""r"":7}",
      4096,         0,         0,   0.498,correlated_pymatching,5dc8e74a0a28e52dabca52d06f77e22020eca85e89bd176b9d33ba32818e593b,"{""d"":7,""p"":0.00046415888336127773,""r"":7}",
      4096,         0,         0,   0.165,correlated_pymatching,885a7d062162ca657bb6c62edb27c2a57eb4c15f6cad0372d43adc4c31831932,"{""d"":5,""p"":0.0001,""r"":5}",
      1024,         0,         0,   0.108,correlated_pymatching,5b07d31ee7f2888344550fdfd45240bc75fe8b924e64b35790e33d7ebcad3ae8,"{""d"":7,""p"":0.0001,""r"":7}",
      4096,         0,         0,   0.172,correlated_pymatching,141e63a26d28792365a8c4eb2bf128057692caab6f9768e78cd3b20812b670a8,"{""d"":5,""p"":0.00021544346900318845,""r"":5}",
      4096,         0,         0,   0.185,correlated_pymatching,9de98337e1a3faf43fdab4d57320a9c057fa61c642db64f1783fef3516a1279d,"{""d"":5,""p"":0.00046415888336127773,""r"":5}",
     19456,         0,         0,   0.819,correlated_pymatching,141e63a26d28792365a8c4eb2bf128057692caab6f9768e78cd3b20812b670a8,"{""d"":5,""p"":0.00021544346900318845,""r"":5}",
      1024,         0,         0,   0.108,correlated_pymatching,5b07d31ee7f2888344550fdfd45240bc75fe8b924e64b35790e33d7ebcad3ae8,"{""d"":7,""p"":0.0001,""r"":7}",
     17408,         1,         0,   0.793,correlated_pymatching,9de98337e1a3faf43fdab4d57320a9c057fa61c642db64f1783fef3516a1279d,"{""d"":5,""p"":0.00046415888336127773,""r"":5}","{""obs_mistake_mask=E"":1}"
      1024,         0,         0,   0.105,correlated_pymatching,5b07d31ee7f2888344550fdfd45240bc75fe8b924e64b35790e33d7ebcad3ae8,"{""d"":7,""p"":0.0001,""r"":7}",
      5120,         1,         0,   0.218,correlated_pymatching,141e63a26d28792365a8c4eb2bf128057692caab6f9768e78cd3b20812b670a8,"{""d"":5,""p"":0.00021544346900318845,""r"":5}","{""obs_mistake_mask=E"":1}"
      6144,         0,         0,   0.247,correlated_pymatching,885a7d062162ca657bb6c62edb27c2a57eb4c15f6cad0372d43adc4c31831932,"{""d"":5,""p"":0.0001,""r"":5}",
      5120,         0,         0,   0.232,correlated_pymatching,9de98337e1a3faf43fdab4d57320a9c057fa61c642db64f1783fef3516a1279d,"{""d"":5,""p"":0.00046415888336127773,""r"":5}",
     11264,         0,         0,   0.812,correlated_pymatching,885a7d062162ca657bb6c62edb27c2a57eb4c15f6cad0372d43adc4c31831932,"{""d"":5,""p"":0.0001,""r"":5}",
      5120,         0,         0,   0.573,correlated_pymatching,5b07d31ee7f2888344550fdfd45240bc75fe8b924e64b35790e33d7ebcad3ae8,"{""d"":7,""p"":0.0001,""r"":7}",
      2048,         0,         0,   0.216,correlated_pymatching,5b07d31ee7f2888344550fdfd45240bc75fe8b924e64b35790e33d7ebcad3ae8,"{""d"":7,""p"":0.0001,""r"":7}",
     76800,         0,         0,    3.08,correlated_pymatching,885a7d062162ca657bb6c62edb27c2a57eb4c15f6cad0372d43adc4c31831932,"{""d"":5,""p"":0.0001,""r"":5}",
      5120,         0,         0,   0.583,correlated_pymatching,0ca1613404eeae08d0e1c39cbe874bf152fd2973b6a9892bb5cd27f6a9c962ed,"{""d"":7,""p"":0.00021544346900318845,""r"":7}",
      4096,         0,         0,   0.600,correlated_pymatching,539de98e8fed58e6bc08fc7a9514e9c858dc52c157652b467080a50b7a82244c,"{""d"":7,""p"":0.001,""r"":7}",
     72704,         2,         0,    3.07,correlated_pymatching,141e63a26d28792365a8c4eb2bf128057692caab6f9768e78cd3b20812b670a8,"{""d"":5,""p"":0.00021544346900318845,""r"":5}","{""obs_mistake_mask=E"":2}"
      5120,         0,         0,   0.625,correlated_pymatching,5dc8e74a0a28e52dabca52d06f77e22020eca85e89bd176b9d33ba32818e593b,"{""d"":7,""p"":0.00046415888336127773,""r"":7}",
      7168,         1,         0,   0.303,correlated_pymatching,141e63a26d28792365a8c4eb2bf128057692caab6f9768e78cd3b20812b670a8,"{""d"":5,""p"":0.00021544346900318845,""r"":5}","{""obs_mistake_mask=E"":1}"
      8192,         0,         0,   0.329,correlated_pymatching,885a7d062162ca657bb6c62edb27c2a57eb4c15f6cad0372d43adc4c31831932,"{""d"":5,""p"":0.0001,""r"":5}",
     67584,         5,         0,    3.08,correlated_pymatching,9de98337e1a3faf43fdab4d57320a9c057fa61c642db64f1783fef3516a1279d,"{""d"":5,""p"":0.00046415888336127773,""r"":5}","{""obs_mistake_mask=E"":5}"
      7168,         0,         0,   0.325,correlated_pymatching,9de98337e1a3faf43fdab4d57320a9c057fa61c642db64f1783fef3516a1279d,"{""d"":5,""p"":0.00046415888336127773,""r"":5}",
     20480,         0,         0,    2.27,correlated_pymatching,0ca1613404eeae08d0e1c39cbe874bf152fd2973b6a9892bb5cd27f6a9c962ed,"{""d"":7,""p"":0.00021544346900318845,""r"":7}",
      2048,         0,         0,   0.217,correlated_pymatching,5b07d31ee7f2888344550fdfd45240bc75fe8b924e64b35790e33d7ebcad3ae8,"{""d"":7,""p"":0.0001,""r"":7}",
     20480,         0,         0,    2.25,correlated_pymatching,5b07d31ee7f2888344550fdfd45240bc75fe8b924e64b35790e33d7ebcad3ae8,"{""d"":7,""p"":0.0001,""r"":7}",
     72704,         0,         0,    3.07,correlated_pymatching,141e63a26d28792365a8c4eb2bf128057692caab6f9768e78cd3b20812b670a8,"{""d"":5,""p"":0.00021544346900318845,""r"":5}",
      3072,         0,         0,   0.325,correlated_pymatching,5b07d31ee7f2888344550fdfd45240bc75fe8b924e64b35790e33d7ebcad3ae8,"{""d"":7,""p"":0.0001,""r"":7}",
     10240,         0,         0,   0.430,correlated_pymatching,141e63a26d28792365a8c4eb2bf128057692caab6f9768e78cd3b20812b670a8,"{""d"":5,""p"":0.00021544346900318845,""r"":5}",
     10240,         0,         0,   0.412,correlated_pymatching,885a7d062162ca657bb6c62edb27c2a57eb4c15f6cad0372d43adc4c31831932,"{""d"":5,""p"":0.0001,""r"":5}",
      9216,         0,         0,   0.418,correlated_pymatching,9de98337e1a3faf43fdab4d57320a9c057fa61c642db64f1783fef3516a1279d,"{""d"":5,""p"":0.00046415888336127773,""r"":5}",
     15360,         5,         0,    2.25,correlated_pymatching,539de98e8fed58e6bc08fc7a9514e9c858dc52c157652b467080a50b7a82244c,"{""d"":7,""p"":0.001,""r"":7}","{""obs_mistake_mask=E"":5}"
     17408,         0,         0,    2.18,correlated_pymatching,5dc8e74a0a28e52dabca52d06f77e22020eca85e89bd176b9d33ba32818e593b,"{""d"":7,""p"":0.00046415888336127773,""r"":7}",
     27648,         0,         0,    3.05,correlated_pymatching,0ca1613404eeae08d0e1c39cbe874bf152fd2973b6a9892bb5cd27f6a9c962ed,"{""d"":7,""p"":0.00021544346900318845,""r"":7}",
     66560,        11,         0,    3.05,correlated_pymatching,9de98337e1a3faf43fdab4d57320a9c057fa61c642db64f1783fef3516a1279d,"{""d"":5,""p"":0.00046415888336127773,""r"":5}","{""obs_mistake_mask=E"":11}"
     29696,         0,         0,    3.12,correlated_pymatching,5b07d31ee7f2888344550fdfd45240bc75fe8b924e64b35790e33d7ebcad3ae8,"{""d"":7,""p"":0.0001,""r"":7}",
     26624,         1,         0,    1.14,correlated_pymatching,141e63a26d28792365a8c4eb2bf128057692caab6f9768e78cd3b20812b670a8,"{""d"":5,""p"":0.00021544346900318845,""r"":5}","{""obs_mistake_mask=E"":1}"
     24576,         6,         0,    1.12,correlated_pymatching,9de98337e1a3faf43fdab4d57320a9c057fa61c642db64f1783fef3516a1279d,"{""d"":5,""p"":0.00046415888336127773,""r"":5}","{""obs_mistake_mask=E"":6}"
      7168,         0,         0,   0.813,correlated_pymatching,0ca1613404eeae08d0e1c39cbe874bf152fd2973b6a9892bb5cd27f6a9c962ed,"{""d"":7,""p"":0.00021544346900318845,""r"":7}",
     45056,         0,         0,    3.07,correlated_pymatching,885a7d062162ca657bb6c62edb27c2a57eb4c15f6cad0372d43adc4c31831932,"{""d"":5,""p"":0.0001,""r"":5}",
      8192,         0,         0,   0.902,correlated_pymatching,5b07d31ee7f2888344550fdfd45240bc75fe8b924e64b35790e33d7ebcad3ae8,"{""d"":7,""p"":0.0001,""r"":7}",
      6144,         0,         0,   0.902,correlated_pymatching,539de98e8fed58e6bc08fc7a9514e9c858dc52c157652b467080a50b7a82244c,"{""d"":7,""p"":0.001,""r"":7}",
      7168,         0,         0,   0.871,correlated_pymatching,5dc8e74a0a28e52dabca52d06f77e22020eca85e89bd176b9d33ba32818e593b,"{""d"":7,""p"":0.00046415888336127773,""r"":7}",
      4096,         0,         0,   0.433,correlated_pymatching,5b07d31ee7f2888344550fdfd45240bc75fe8b924e64b35790e33d7ebcad3ae8,"{""d"":7,""p"":0.0001,""r"":7}",
     25600,         0,         0,    3.14,correlated_pymatching,5dc8e74a0a28e52dabca52d06f77e22020eca85e89bd176b9d33ba32818e593b,"{""d"":7,""p"":0.00046415888336127773,""r"":7}",
     16384,         0,         0,    1.13,correlated_pymatching,885a7d062162ca657bb6c62edb27c2a57eb4c15f6cad0372d43adc4c31831932,"{""d"":5,""p"":0.0001,""r"":5}",
     21504,         2,         0,    3.16,correlated_pymatching,539de98e8fed58e6bc08fc7a9514e9c858dc52c157652b467080a50b7a82244c,"{""d"":7,""p"":0.001,""r"":7}","{""obs_mistake_mask=E"":2}"
     14336,         0,         0,   0.575,correlated_pymatching,885a7d062162ca657bb6c62edb27c2a57eb4c15f6cad0372d43adc4c31831932,"{""d"":5,""p"":0.0001,""r"":5}",
     14336,         0,         0,   0.603,correlated_pymatching,141e63a26d28792365a8c4eb2bf128057692caab6f9768e78cd3b20812b670a8,"{""d"":5,""p"":0.00021544346900318845,""r"":5}",
     13312,         1,         0,   0.604,correlated_pymatching,9de98337e1a3faf43fdab4d57320a9c057fa61c642db64f1783fef3516a1279d,"{""d"":5,""p"":0.00046415888336127773,""r"":5}","{""obs_mistake_mask=E"":1}"
     27648,         0,         0,    3.06,correlated_pymatching,5b07d31ee7f2888344550fdfd45240bc75fe8b924e64b35790e33d7ebcad3ae8,"{""d"":7,""p"":0.0001,""r"":7}",
      6144,         0,         0,   0.641,correlated_pymatching,5b07d31ee7f2888344550fdfd45240bc75fe8b924e64b35790e33d7ebcad3ae8,"{""d"":7,""p"":0.0001,""r"":7}",
     26624,         0,         0,    3.05,correlated_pymatching,0ca1613404eeae08d0e1c39cbe874bf152fd2973b6a9892bb5cd27f6a9c962ed,"{""d"":7,""p"":0.00021544346900318845,""r"":7}",
     20480,         0,         0,   0.821,correlated_pymatching,885a7d062162ca657bb6c62edb27c2a57eb4c15f6cad0372d43adc4c31831932,"{""d"":5,""p"":0.0001,""r"":5}",
     19456,         1,         0,   0.817,correlated_pymatching,141e63a26d28792365a8c4eb2bf128057692caab6f9768e78cd3b20812b670a8,"{""d"":5,""p"":0.00021544346900318845,""r"":5}","{""obs_mistake_mask=E"":1}"
     24576,         0,         0,    3.09,correlated_pymatching,5dc8e74a0a28e52dabca52d06f77e22020eca85e89bd176b9d33ba32818e593b,"{""d"":7,""p"":0.00046415888336127773,""r"":7}",
     20480,         3,         0,    3.13,correlated_pymatching,539de98e8fed58e6bc08fc7a9514e9c858dc52c157652b467080a50b7a82244c,"{""d"":7,""p"":0.001,""r"":7}","{""obs_mistake_mask=E"":3}"
     10240,         0,         0,    1.13,correlated_pymatching,5b07d31ee7f2888344550fdfd45240bc75fe8b924e64b35790e33d7ebcad3ae8,"{""d"":7,""p"":0.0001,""r"":7}",
     18432,         1,         0,   0.832,correlated_pymatching,9de98337e1a3faf43fdab4d57320a9c057fa61c642db64f1783fef3516a1279d,"{""d"":5,""p"":0.00046415888336127773,""r"":5}","{""obs_mistake_mask=E"":1}"
     10240,         0,         0,    1.22,correlated_pymatching,0ca1613404eeae08d0e1c39cbe874bf152fd2973b6a9892bb5cd27f6a9c962ed,"{""d"":7,""p"":0.00021544346900318845,""r"":7}",
      9216,         0,         0,    1.12,correlated_pymatching,5dc8e74a0a28e52dabca52d06f77e22020eca85e89bd176b9d33ba32818e593b,"{""d"":7,""p"":0.00046415888336127773,""r"":7}",
      8192,         2,         0,    1.20,correlated_pymatching,539de98e8fed58e6bc08fc7a9514e9c858dc52c157652b467080a50b7a82244c,"{""d"":7,""p"":0.001,""r"":7}","{""obs_mistake_mask=E"":2}"
     74752,         0,         0,    3.08,correlated_pymatching,141e63a26d28792365a8c4eb2bf128057692caab6f9768e78cd3b20812b670a8,"{""d"":5,""p"":0.00021544346900318845,""r"":5}",
     77824,         0,         0,    3.06,correlated_pymatching,885a7d062162ca657bb6c62edb27c2a57eb4c15f6cad0372d43adc4c31831932,"{""d"":5,""p"":0.0001,""r"":5}",
     36864,         2,         0,    1.56,correlated_pymatching,141e63a26d28792365a8c4eb2bf128057692caab6f9768e78cd3b20812b670a8,"{""d"":5,""p"":0.00021544346900318845,""r"":5}","{""obs_mistake_mask=E"":2}"
     68608,         9,         0,    3.07,correlated_pymatching,9de98337e1a3faf43fdab4d57320a9c057fa61c642db64f1783fef3516a1279d,"{""d"":5,""p"":0.00046415888336127773,""r"":5}","{""obs_mistake_mask=E"":9}"
     34816,         4,         0,    1.59,correlated_pymatching,9de98337e1a3faf43fdab4d57320a9c057fa61c642db64f1783fef3516a1279d,"{""d"":5,""p"":0.00046415888336127773,""r"":5}","{""obs_mistake_mask=E"":4}"
      8192,         0,         0,   0.863,correlated_pymatching,5b07d31ee7f2888344550fdfd45240bc75fe8b924e64b35790e33d7ebcad3ae8,"{""d"":7,""p"":0.0001,""r"":7}",
     23552,         1,         0,    1.61,correlated_pymatching,885a7d062162ca657bb6c62edb27c2a57eb4c15f6cad0372d43adc4c31831932,"{""d"":5,""p"":0.0001,""r"":5}","{""obs_mistake_mask=E"":1}"
     27648,         0,         0,    1.11,correlated_pymatching,885a7d062162ca657bb6c62edb27c2a57eb4c15f6cad0372d43adc4c31831932,"{""d"":5,""p"":0.0001,""r"":5}",
     26624,         0,         0,    1.12,correlated_pymatching,141e63a26d28792365a8c4eb2bf128057692caab6f9768e78cd3b20812b670a8,"{""d"":5,""p"":0.00021544346900318845,""r"":5}",
     24576,         6,         0,    1.11,correlated_pymatching,9de98337e1a3faf43fdab4d57320a9c057fa61c642db64f1783fef3516a1279d,"{""d"":5,""p"":0.00046415888336127773,""r"":5}","{""obs_mistake_mask=E"":6}"
     27648,         0,         0,    3.06,correlated_pymatching,0ca1613404eeae08d0e1c39cbe874bf152fd2973b6a9892bb5cd27f6a9c962ed,"{""d"":7,""p"":0.00021544346900318845,""r"":7}",
     28672,         0,         0,    3.15,correlated_pymatching,5b07d31ee7f2888344550fdfd45240bc75fe8b924e64b35790e33d7ebcad3ae8,"{""d"":7,""p"":0.0001,""r"":7}",
     14336,         0,         0,    1.58,correlated_pymatching,5b07d31ee7f2888344550fdfd45240bc75fe8b924e64b35790e33d7ebcad3ae8,"{""d"":7,""p"":0.0001,""r"":7}",
     11264,         0,         0,    1.19,correlated_pymatching,5b07d31ee7f2888344550fdfd45240bc75fe8b924e64b35790e33d7ebcad3ae8,"{""d"":7,""p"":0.0001,""r"":7}",
     13312,         0,         0,    1.61,correlated_pymatching,5dc8e74a0a28e52dabca52d06f77e22020eca85e89bd176b9d33ba32818e593b,"{""d"":7,""p"":0.00046415888336127773,""r"":7}",
     24576,         0,         0,    3.09,correlated_pymatching,5dc8e74a0a28e52dabca52d06f77e22020eca85e89bd176b9d33ba32818e593b,"{""d"":7,""p"":0.00046415888336127773,""r"":7}",
     14336,         0,         0,    1.65,correlated_pymatching,0ca1613404eeae08d0e1c39cbe874bf152fd2973b6a9892bb5cd27f6a9c962ed,"{""d"":7,""p"":0.00021544346900318845,""r"":7}",
     21504,         2,         0,    3.15,correlated_pymatching,539de98e8fed58e6bc08fc7a9514e9c858dc52c157652b467080a50b7a82244c,"{""d"":7,""p"":0.001,""r"":7}","{""obs_mistake_mask=E"":2}"
     11264,         0,         0,    1.65,correlated_pymatching,539de98e8fed58e6bc08fc7a9514e9c858dc52c157652b467080a50b7a82244c,"{""d"":7,""p"":0.001,""r"":7}",
    106496,         0,         0,    4.26,correlated_pymatching,885a7d062162ca657bb6c62edb27c2a57eb4c15f6cad0372d43adc4c31831932,"{""d"":5,""p"":0.0001,""r"":5}",
    101376,         4,         0,    4.27,correlated_pymatching,141e63a26d28792365a8c4eb2bf128057692caab6f9768e78cd3b20812b670a8,"{""d"":5,""p"":0.00021544346900318845,""r"":5}","{""obs_mistake_mask=E"":4}"
     94208,         9,         0,    4.31,correlated_pymatching,9de98337e1a3faf43fdab4d57320a9c057fa61c642db64f1783fef3516a1279d,"{""d"":5,""p"":0.00046415888336127773,""r"":5}","{""obs_mistake_mask=E"":9}"
     52224,         0,         0,    2.21,correlated_pymatching,141e63a26d28792365a8c4eb2bf128057692caab6f9768e78cd3b20812b670a8,"{""d"":5,""p"":0.00021544346900318845,""r"":5}",
     48128,         5,         0,    2.21,correlated_pymatching,9de98337e1a3faf43fdab4d57320a9c057fa61c642db64f1783fef3516a1279d,"{""d"":5,""p"":0.00046415888336127773,""r"":5}","{""obs_mistake_mask=E"":5}"
     38912,         0,         0,    1.57,correlated_pymatching,885a7d062162ca657bb6c62edb27c2a57eb4c15f6cad0372d43adc4c31831932,"{""d"":5,""p"":0.0001,""r"":5}",
     36864,         0,         0,    1.59,correlated_pymatching,141e63a26d28792365a8c4eb2bf128057692caab6f9768e78cd3b20812b670a8,"{""d"":5,""p"":0.00021544346900318845,""r"":5}",
    101376,         0,         0,    4.28,correlated_pymatching,141e63a26d28792365a8c4eb2bf128057692caab6f9768e78cd3b20812b670a8,"{""d"":5,""p"":0.00021544346900318845,""r"":5}",
     34816,         2,         0,    1.58,correlated_pymatching,9de98337e1a3faf43fdab4d57320a9c057fa61c642db64f1783fef3516a1279d,"{""d"":5,""p"":0.00046415888336127773,""r"":5}","{""obs_mistake_mask=E"":2}"
     32768,         0,         0,    2.24,correlated_pymatching,885a7d062162ca657bb6c62edb27c2a57eb4c15f6cad0372d43adc4c31831932,"{""d"":5,""p"":0.0001,""r"":5}",
     38912,         0,         0,    4.30,correlated_pymatching,0ca1613404eeae08d0e1c39cbe874bf152fd2973b6a9892bb5cd27f6a9c962ed,"{""d"":7,""p"":0.00021544346900318845,""r"":7}",
     93184,         9,         0,    4.26,correlated_pymatching,9de98337e1a3faf43fdab4d57320a9c057fa61c642db64f1783fef3516a1279d,"{""d"":5,""p"":0.00046415888336127773,""r"":5}","{""obs_mistake_mask=E"":9}"
     40960,         0,         0,    4.30,correlated_pymatching,5b07d31ee7f2888344550fdfd45240bc75fe8b924e64b35790e33d7ebcad3ae8,"{""d"":7,""p"":0.0001,""r"":7}",
     61440,         0,         0,    4.28,correlated_pymatching,885a7d062162ca657bb6c62edb27c2a57eb4c15f6cad0372d43adc4c31831932,"{""d"":5,""p"":0.0001,""r"":5}",
     15360,         0,         0,    1.62,correlated_pymatching,5b07d31ee7f2888344550fdfd45240bc75fe8b924e64b35790e33d7ebcad3ae8,"{""d"":7,""p"":0.0001,""r"":7}",
     35840,         0,         0,    4.39,correlated_pymatching,5dc8e74a0a28e52dabca52d06f77e22020eca85e89bd176b9d33ba32818e593b,"{""d"":7,""p"":0.00046415888336127773,""r"":7}",
     29696,         6,         0,    4.36,correlated_pymatching,539de98e8fed58e6bc08fc7a9514e9c858dc52c157652b467080a50b7a82244c,"{""d"":7,""p"":0.001,""r"":7}","{""obs_mistake_mask=E"":6}"
     20480,         0,         0,    2.27,correlated_pymatching,5b07d31ee7f2888344550fdfd45240bc75fe8b924e64b35790e33d7ebcad3ae8,"{""d"":7,""p"":0.0001,""r"":7}",
     38912,         0,         0,    4.31,correlated_pymatching,5b07d31ee7f2888344550fdfd45240bc75fe8b924e64b35790e33d7ebcad3ae8,"{""d"":7,""p"":0.0001,""r"":7}",
     18432,         0,         0,    2.23,correlated_pymatching,5dc8e74a0a28e52dabca52d06f77e22020eca85e89bd176b9d33ba32818e593b,"{""d"":7,""p"":0.00046415888336127773,""r"":7}",
     19456,         0,         0,    2.23,correlated_pymatching,0ca1613404eeae08d0e1c39cbe874bf152fd2973b6a9892bb5cd27f6a9c962ed,"{""d"":7,""p"":0.00021544346900318845,""r"":7}",
     36864,         0,         0,    4.27,correlated_pymatching,0ca1613404eeae08d0e1c39cbe874bf152fd2973b6a9892bb5cd27f6a9c962ed,"{""d"":7,""p"":0.00021544346900318845,""r"":7}",
     15360,         1,         0,    2.25,correlated_pymatching,539de98e8fed58e6bc08fc7a9514e9c858dc52c157652b467080a50b7a82244c,"{""d"":7,""p"":0.001,""r"":7}","{""obs_mistake_mask=E"":1}"
     34816,         0,         0,    4.37,correlated_pymatching,5dc8e74a0a28e52dabca52d06f77e22020eca85e89bd176b9d33ba32818e593b,"{""d"":7,""p"":0.00046415888336127773,""r"":7}",
     28672,         4,         0,    4.40,correlated_pymatching,539de98e8fed58e6bc08fc7a9514e9c858dc52c157652b467080a50b7a82244c,"{""d"":7,""p"":0.001,""r"":7}","{""obs_mistake_mask=E"":4}"
    103424,         0,         0,    4.26,correlated_pymatching,141e63a26d28792365a8c4eb2bf128057692caab6f9768e78cd3b20812b670a8,"{""d"":5,""p"":0.00021544346900318845,""r"":5}",
    108544,         0,         0,    4.27,correlated_pymatching,885a7d062162ca657bb6c62edb27c2a57eb4c15f6cad0372d43adc4c31831932,"{""d"":5,""p"":0.0001,""r"":5}",
     96256,         9,         0,    4.30,correlated_pymatching,9de98337e1a3faf43fdab4d57320a9c057fa61c642db64f1783fef3516a1279d,"{""d"":5,""p"":0.00046415888336127773,""r"":5}","{""obs_mistake_mask=E"":9}"
     54272,         0,         0,    2.18,correlated_pymatching,885a7d062162ca657bb6c62edb27c2a57eb4c15f6cad0372d43adc4c31831932,"{""d"":5,""p"":0.0001,""r"":5}",
     52224,         0,         0,    2.20,correlated_pymatching,141e63a26d28792365a8c4eb2bf128057692caab6f9768e78cd3b20812b670a8,"{""d"":5,""p"":0.00021544346900318845,""r"":5}",
     48128,         6,         0,    2.19,correlated_pymatching,9de98337e1a3faf43fdab4d57320a9c057fa61c642db64f1783fef3516a1279d,"{""d"":5,""p"":0.00046415888336127773,""r"":5}","{""obs_mistake_mask=E"":6}"
     21504,         0,         0,    2.27,correlated_pymatching,5b07d31ee7f2888344550fdfd45240bc75fe8b924e64b35790e33d7ebcad3ae8,"{""d"":7,""p"":0.0001,""r"":7}",
     38912,         0,         0,    4.30,correlated_pymatching,0ca1613404eeae08d0e1c39cbe874bf152fd2973b6a9892bb5cd27f6a9c962ed,"{""d"":7,""p"":0.00021544346900318845,""r"":7}",
     72704,         0,         0,    3.06,correlated_pymatching,141e63a26d28792365a8c4eb2bf128057692caab6f9768e78cd3b20812b670a8,"{""d"":5,""p"":0.00021544346900318845,""r"":5}",
     38912,         0,         0,    4.30,correlated_pymatching,5b07d31ee7f2888344550fdfd45240bc75fe8b924e64b35790e33d7ebcad3ae8,"{""d"":7,""p"":0.0001,""r"":7}",
     67584,        13,         0,    3.08,correlated_pymatching,9de98337e1a3faf43fdab4d57320a9c057fa61c642db64f1783fef3516a1279d,"{""d"":5,""p"":0.00046415888336127773,""r"":5}","{""obs_mistake_mask=E"":13}"
     45056,         0,         0,    3.08,correlated_pymatching,885a7d062162ca657bb6c62edb27c2a57eb4c15f6cad0372d43adc4c31831932,"{""d"":5,""p"":0.0001,""r"":5}",
     34816,         0,         0,    4.37,correlated_pymatching,5dc8e74a0a28e52dabca52d06f77e22020eca85e89bd176b9d33ba32818e593b,"{""d"":7,""p"":0.00046415888336127773,""r"":7}",
     29696,         8,         0,    4.36,correlated_pymatching,539de98e8fed58e6bc08fc7a9514e9c858dc52c157652b467080a50b7a82244c,"{""d"":7,""p"":0.001,""r"":7}","{""obs_mistake_mask=E"":8}"
     28672,         0,         0,    3.16,correlated_pymatching,5b07d31ee7f2888344550fdfd45240bc75fe8b924e64b35790e33d7ebcad3ae8,"{""d"":7,""p"":0.0001,""r"":7}",
     26624,         0,         0,    3.08,correlated_pymatching,0ca1613404eeae08d0e1c39cbe874bf152fd2973b6a9892bb5cd27f6a9c962ed,"{""d"":7,""p"":0.00021544346900318845,""r"":7}",
     25600,         0,         0,    3.11,correlated_pymatching,5dc8e74a0a28e52dabca52d06f77e22020eca85e89bd176b9d33ba32818e593b,"{""d"":7,""p"":0.00046415888336127773,""r"":7}",
     21504,         4,         0,    3.16,correlated_pymatching,539de98e8fed58e6bc08fc7a9514e9c858dc52c157652b467080a50b7a82244c,"{""d"":7,""p"":0.001,""r"":7}","{""obs_mistake_mask=E"":4}"
     75776,         0,         0,    3.07,correlated_pymatching,885a7d062162ca657bb6c62edb27c2a57eb4c15f6cad0372d43adc4c31831932,"{""d"":5,""p"":0.0001,""r"":5}",
     72704,         1,         0,    3.06,correlated_pymatching,141e63a26d28792365a8c4eb2bf128057692caab6f9768e78cd3b20812b670a8,"{""d"":5,""p"":0.00021544346900318845,""r"":5}","{""obs_mistake_mask=E"":1}"
     67584,        14,         0,    3.07,correlated_pymatching,9de98337e1a3faf43fdab4d57320a9c057fa61c642db64f1783fef3516a1279d,"{""d"":5,""p"":0.00046415888336127773,""r"":5}","{""obs_mistake_mask=E"":14}"
    149504,         0,         0,    5.99,correlated_pymatching,885a7d062162ca657bb6c62edb27c2a57eb4c15f6cad0372d43adc4c31831932,"{""d"":5,""p"":0.0001,""r"":5}",
    142336,         1,         0,    6.00,correlated_pymatching,141e63a26d28792365a8c4eb2bf128057692caab6f9768e78cd3b20812b670a8,"{""d"":5,""p"":0.00021544346900318845,""r"":5}","{""obs_mistake_mask=E"":1}"
    131072,        15,         0,    5.98,correlated_pymatching,9de98337e1a3faf43fdab4d57320a9c057fa61c642db64f1783fef3516a1279d,"{""d"":5,""p"":0.00046415888336127773,""r"":5}","{""obs_mistake_mask=E"":15}"
    141312,         0,         0,    5.98,correlated_pymatching,141e63a26d28792365a8c4eb2bf128057692caab6f9768e78cd3b20812b670a8,"{""d"":5,""p"":0.00021544346900318845,""r"":5}",
     29696,         0,         0,    3.14,correlated_pymatching,5b07d31ee7f2888344550fdfd45240bc75fe8b924e64b35790e33d7ebcad3ae8,"{""d"":7,""p"":0.0001,""r"":7}",
     55296,         0,         0,    6.07,correlated_pymatching,0ca1613404eeae08d0e1c39cbe874bf152fd2973b6a9892bb5cd27f6a9c962ed,"{""d"":7,""p"":0.00021544346900318845,""r"":7}",
    131072,        15,         0,    6.00,correlated_pymatching,9de98337e1a3faf43fdab4d57320a9c057fa61c642db64f1783fef3516a1279d,"{""d"":5,""p"":0.00046415888336127773,""r"":5}","{""obs_mistake_mask=E"":15}"
     87040,         1,         0,    5.97,correlated_pymatching,885a7d062162ca657bb6c62edb27c2a57eb4c15f6cad0372d43adc4c31831932,"{""d"":5,""p"":0.0001,""r"":5}","{""obs_mistake_mask=E"":1}"
     57344,         0,         0,    6.05,correlated_pymatching,5b07d31ee7f2888344550fdfd45240bc75fe8b924e64b35790e33d7ebcad3ae8,"{""d"":7,""p"":0.0001,""r"":7}",
     49152,         0,         0,    6.04,correlated_pymatching,5dc8e74a0a28e52dabca52d06f77e22020eca85e89bd176b9d33ba32818e593b,"{""d"":7,""p"":0.00046415888336127773,""r"":7}",
     40960,        12,         0,    6.02,correlated_pymatching,539de98e8fed58e6bc08fc7a9514e9c858dc52c157652b467080a50b7a82244c,"{""d"":7,""p"":0.001,""r"":7}","{""obs_mistake_mask=E"":12}"
     54272,         0,         0,    5.99,correlated_pymatching,5b07d31ee7f2888344550fdfd45240bc75fe8b924e64b35790e33d7ebcad3ae8,"{""d"":7,""p"":0.0001,""r"":7}",
    102400,         3,         0,    4.29,correlated_pymatching,141e63a26d28792365a8c4eb2bf128057692caab6f9768e78cd3b20812b670a8,"{""d"":5,""p"":0.00021544346900318845,""r"":5}","{""obs_mistake_mask=E"":3}"
     52224,         0,         0,    6.01,correlated_pymatching,0ca1613404eeae08d0e1c39cbe874bf152fd2973b6a9892bb5cd27f6a9c962ed,"{""d"":7,""p"":0.00021544346900318845,""r"":7}",
     94208,        11,         0,    4.30,correlated_pymatching,9de98337e1a3faf43fdab4d57320a9c057fa61c642db64f1783fef3516a1279d,"{""d"":5,""p"":0.00046415888336127773,""r"":5}","{""obs_mistake_mask=E"":11}"
     62464,         0,         0,    4.28,correlated_pymatching,885a7d062162ca657bb6c62edb27c2a57eb4c15f6cad0372d43adc4c31831932,"{""d"":5,""p"":0.0001,""r"":5}",
     48128,         1,         0,    6.04,correlated_pymatching,5dc8e74a0a28e52dabca52d06f77e22020eca85e89bd176b9d33ba32818e593b,"{""d"":7,""p"":0.00046415888336127773,""r"":7}","{""obs_mistake_mask=E"":1}"
    145408,         1,         0,    5.99,correlated_pymatching,141e63a26d28792365a8c4eb2bf128057692caab6f9768e78cd3b20812b670a8,"{""d"":5,""p"":0.00021544346900318845,""r"":5}","{""obs_mistake_mask=E"":1}"
    152576,         0,         0,    6.00,correlated_pymatching,885a7d062162ca657bb6c62edb27c2a57eb4c15f6cad0372d43adc4c31831932,"{""d"":5,""p"":0.0001,""r"":5}",
     39936,         9,         0,    6.12,correlated_pymatching,539de98e8fed58e6bc08fc7a9514e9c858dc52c157652b467080a50b7a82244c,"{""d"":7,""p"":0.001,""r"":7}","{""obs_mistake_mask=E"":9}"
    134144,        13,         0,    6.00,correlated_pymatching,9de98337e1a3faf43fdab4d57320a9c057fa61c642db64f1783fef3516a1279d,"{""d"":5,""p"":0.00046415888336127773,""r"":5}","{""obs_mistake_mask=E"":13}"
     38912,         0,         0,    4.27,correlated_pymatching,5b07d31ee7f2888344550fdfd45240bc75fe8b924e64b35790e33d7ebcad3ae8,"{""d"":7,""p"":0.0001,""r"":7}",
     37888,         0,         0,    4.34,correlated_pymatching,0ca1613404eeae08d0e1c39cbe874bf152fd2973b6a9892bb5cd27f6a9c962ed,"{""d"":7,""p"":0.00021544346900318845,""r"":7}",
     35840,         0,         0,    4.37,correlated_pymatching,5dc8e74a0a28e52dabca52d06f77e22020eca85e89bd176b9d33ba32818e593b,"{""d"":7,""p"":0.00046415888336127773,""r"":7}",
     54272,         0,         0,    5.97,correlated_pymatching,0ca1613404eeae08d0e1c39cbe874bf152fd2973b6a9892bb5cd27f6a9c962ed,"{""d"":7,""p"":0.00021544346900318845,""r"":7}",
     29696,         5,         0,    4.36,correlated_pymatching,539de98e8fed58e6bc08fc7a9514e9c858dc52c157652b467080a50b7a82244c,"{""d"":7,""p"":0.001,""r"":7}","{""obs_mistake_mask=E"":5}"
     54272,         0,         0,    5.97,correlated_pymatching,5b07d31ee7f2888344550fdfd45240bc75fe8b924e64b35790e33d7ebcad3ae8,"{""d"":7,""p"":0.0001,""r"":7}",
     40960,         7,         0,    6.01,correlated_pymatching,539de98e8fed58e6bc08fc7a9514e9c858dc52c157652b467080a50b7a82244c,"{""d"":7,""p"":0.001,""r"":7}","{""obs_mistake_mask=E"":7}"
     48128,         1,         0,    6.06,correlated_pymatching,5dc8e74a0a28e52dabca52d06f77e22020eca85e89bd176b9d33ba32818e593b,"{""d"":7,""p"":0.00046415888336127773,""r"":7}","{""obs_mistake_mask=E"":1}"
    106496,         0,         0,    4.28,correlated_pymatching,885a7d062162ca657bb6c62edb27c2a57eb4c15f6cad0372d43adc4c31831932,"{""d"":5,""p"":0.0001,""r"":5}",
    101376,         2,         0,    4.27,correlated_pymatching,141e63a26d28792365a8c4eb2bf128057692caab6f9768e78cd3b20812b670a8,"{""d"":5,""p"":0.00021544346900318845,""r"":5}","{""obs_mistake_mask=E"":2}"
     94208,        16,         0,    4.28,correlated_pymatching,9de98337e1a3faf43fdab4d57320a9c057fa61c642db64f1783fef3516a1279d,"{""d"":5,""p"":0.00046415888336127773,""r"":5}","{""obs_mistake_mask=E"":16}"
     40960,         0,         0,    4.34,correlated_pymatching,5b07d31ee7f2888344550fdfd45240bc75fe8b924e64b35790e33d7ebcad3ae8,"{""d"":7,""p"":0.0001,""r"":7}",
    142336,         2,         0,    5.98,correlated_pymatching,141e63a26d28792365a8c4eb2bf128057692caab6f9768e78cd3b20812b670a8,"{""d"":5,""p"":0.00021544346900318845,""r"":5}","{""obs_mistake_mask=E"":2}"
    131072,        15,         0,    5.99,correlated_pymatching,9de98337e1a3faf43fdab4d57320a9c057fa61c642db64f1783fef3516a1279d,"{""d"":5,""p"":0.00046415888336127773,""r"":5}","{""obs_mistake_mask=E"":15}"
     88064,         0,         0,    6.02,correlated_pymatching,885a7d062162ca657bb6c62edb27c2a57eb4c15f6cad0372d43adc4c31831932,"{""d"":5,""p"":0.0001,""r"":5}",
    208896,         0,         0,    8.36,correlated_pymatching,885a7d062162ca657bb6c62edb27c2a57eb4c15f6cad0372d43adc4c31831932,"{""d"":5,""p"":0.0001,""r"":5}",
    198656,         3,         0,    8.37,correlated_pymatching,141e63a26d28792365a8c4eb2bf128057692caab6f9768e78cd3b20812b670a8,"{""d"":5,""p"":0.00021544346900318845,""r"":5}","{""obs_mistake_mask=E"":3}"
    184320,        17,         0,    8.39,correlated_pymatching,9de98337e1a3faf43fdab4d57320a9c057fa61c642db64f1783fef3516a1279d,"{""d"":5,""p"":0.00046415888336127773,""r"":5}","{""obs_mistake_mask=E"":17}"
    197632,         4,         0,    8.37,correlated_pymatching,141e63a26d28792365a8c4eb2bf128057692caab6f9768e78cd3b20812b670a8,"{""d"":5,""p"":0.00021544346900318845,""r"":5}","{""obs_mistake_mask=E"":4}"
     55296,         0,         0,    6.04,correlated_pymatching,5b07d31ee7f2888344550fdfd45240bc75fe8b924e64b35790e33d7ebcad3ae8,"{""d"":7,""p"":0.0001,""r"":7}",
     52224,         0,         0,    5.99,correlated_pymatching,0ca1613404eeae08d0e1c39cbe874bf152fd2973b6a9892bb5cd27f6a9c962ed,"{""d"":7,""p"":0.00021544346900318845,""r"":7}",
    183296,        18,         0,    8.38,correlated_pymatching,9de98337e1a3faf43fdab4d57320a9c057fa61c642db64f1783fef3516a1279d,"{""d"":5,""p"":0.00046415888336127773,""r"":5}","{""obs_mistake_mask=E"":18}"
     76800,         0,         0,    8.42,correlated_pymatching,0ca1613404eeae08d0e1c39cbe874bf152fd2973b6a9892bb5cd27f6a9c962ed,"{""d"":7,""p"":0.00021544346900318845,""r"":7}",
     50176,         0,         0,    6.08,correlated_pymatching,5dc8e74a0a28e52dabca52d06f77e22020eca85e89bd176b9d33ba32818e593b,"{""d"":7,""p"":0.00046415888336127773,""r"":7}",
    122880,         0,         0,    8.39,correlated_pymatching,885a7d062162ca657bb6c62edb27c2a57eb4c15f6cad0372d43adc4c31831932,"{""d"":5,""p"":0.0001,""r"":5}",
     79872,         0,         0,    8.42,correlated_pymatching,5b07d31ee7f2888344550fdfd45240bc75fe8b924e64b35790e33d7ebcad3ae8,"{""d"":7,""p"":0.0001,""r"":7}",
     40960,         7,         0,    6.02,correlated_pymatching,539de98e8fed58e6bc08fc7a9514e9c858dc52c157652b467080a50b7a82244c,"{""d"":7,""p"":0.001,""r"":7}","{""obs_mistake_mask=E"":7}"
     68608,         0,         0,    8.41,correlated_pymatching,5dc8e74a0a28e52dabca52d06f77e22020eca85e89bd176b9d33ba32818e593b,"{""d"":7,""p"":0.00046415888336127773,""r"":7}",
     57344,         9,         0,    8.43,correlated_pymatching,539de98e8fed58e6bc08fc7a9514e9c858dc52c157652b467080a50b7a82244c,"{""d"":7,""p"":0.001,""r"":7}","{""obs_mistake_mask=E"":9}"
    148480,         0,         0,    5.98,correlated_pymatching,885a7d062162ca657bb6c62edb27c2a57eb4c15f6cad0372d43adc4c31831932,"{""d"":5,""p"":0.0001,""r"":5}",
    141312,         2,         0,    5.97,correlated_pymatching,141e63a26d28792365a8c4eb2bf128057692caab6f9768e78cd3b20812b670a8,"{""d"":5,""p"":0.00021544346900318845,""r"":5}","{""obs_mistake_mask=E"":2}"
    131072,        17,         0,    5.97,correlated_pymatching,9de98337e1a3faf43fdab4d57320a9c057fa61c642db64f1783fef3516a1279d,"{""d"":5,""p"":0.00046415888336127773,""r"":5}","{""obs_mistake_mask=E"":17}"
     76800,         0,         0,    8.44,correlated_pymatching,5b07d31ee7f2888344550fdfd45240bc75fe8b924e64b35790e33d7ebcad3ae8,"{""d"":7,""p"":0.0001,""r"":7}",
     72704,         0,         0,    8.38,correlated_pymatching,0ca1613404eeae08d0e1c39cbe874bf152fd2973b6a9892bb5cd27f6a9c962ed,"{""d"":7,""p"":0.00021544346900318845,""r"":7}",
     66560,         1,         0,    8.37,correlated_pymatching,5dc8e74a0a28e52dabca52d06f77e22020eca85e89bd176b9d33ba32818e593b,"{""d"":7,""p"":0.00046415888336127773,""r"":7}","{""obs_mistake_mask=E"":1}"
    203776,         6,         0,    8.39,correlated_pymatching,141e63a26d28792365a8c4eb2bf128057692caab6f9768e78cd3b20812b670a8,"{""d"":5,""p"":0.00021544346900318845,""r"":5}","{""obs_mistake_mask=E"":6}"
    212992,         1,         0,    8.38,correlated_pymatching,885a7d062162ca657bb6c62edb27c2a57eb4c15f6cad0372d43adc4c31831932,"{""d"":5,""p"":0.0001,""r"":5}","{""obs_mistake_mask=E"":1}"
     55296,         9,         0,    8.49,correlated_pymatching,539de98e8fed58e6bc08fc7a9514e9c858dc52c157652b467080a50b7a82244c,"{""d"":7,""p"":0.001,""r"":7}","{""obs_mistake_mask=E"":9}"
    187392,        29,         0,    8.38,correlated_pymatching,9de98337e1a3faf43fdab4d57320a9c057fa61c642db64f1783fef3516a1279d,"{""d"":5,""p"":0.00046415888336127773,""r"":5}","{""obs_mistake_mask=E"":29}"
     57344,         0,         0,    6.06,correlated_pymatching,5b07d31ee7f2888344550fdfd45240bc75fe8b924e64b35790e33d7ebcad3ae8,"{""d"":7,""p"":0.0001,""r"":7}",
     76800,         0,         0,    8.44,correlated_pymatching,0ca1613404eeae08d0e1c39cbe874bf152fd2973b6a9892bb5cd27f6a9c962ed,"{""d"":7,""p"":0.00021544346900318845,""r"":7}",
     76800,         0,         0,    8.40,correlated_pymatching,5b07d31ee7f2888344550fdfd45240bc75fe8b924e64b35790e33d7ebcad3ae8,"{""d"":7,""p"":0.0001,""r"":7}",
     66560,         2,         0,    8.37,correlated_pymatching,5dc8e74a0a28e52dabca52d06f77e22020eca85e89bd176b9d33ba32818e593b,"{""d"":7,""p"":0.00046415888336127773,""r"":7}","{""obs_mistake_mask=E"":2}"
     57344,         7,         0,    8.39,correlated_pymatching,539de98e8fed58e6bc08fc7a9514e9c858dc52c157652b467080a50b7a82244c,"{""d"":7,""p"":0.001,""r"":7}","{""obs_mistake_mask=E"":7}"
     96401,         0,         0,    3.82,correlated_pymatching,885a7d062162ca657bb6c62edb27c2a57eb4c15f6cad0372d43adc4c31831932,"{""d"":5,""p"":0.0001,""r"":5}",
    111414,         0,         0,    4.59,correlated_pymatching,141e63a26d28792365a8c4eb2bf128057692caab6f9768e78cd3b20812b670a8,"{""d"":5,""p"":0.00021544346900318845,""r"":5}",
    159744,         0,         0,    6.72,correlated_pymatching,141e63a26d28792365a8c4eb2bf128057692caab6f9768e78cd3b20812b670a8,"{""d"":5,""p"":0.00021544346900318845,""r"":5}",
    180224,         2,         0,    7.56,correlated_pymatching,141e63a26d28792365a8c4eb2bf128057692caab6f9768e78cd3b20812b670a8,"{""d"":5,""p"":0.00021544346900318845,""r"":5}","{""obs_mistake_mask=E"":2}"
    154408,         3,         0,    6.53,correlated_pymatching,141e63a26d28792365a8c4eb2bf128057692caab6f9768e78cd3b20812b670a8,"{""d"":5,""p"":0.00021544346900318845,""r"":5}","{""obs_mistake_mask=E"":3}"
    129024,         2,         0,    5.43,correlated_pymatching,141e63a26d28792365a8c4eb2bf128057692caab6f9768e78cd3b20812b670a8,"{""d"":5,""p"":0.00021544346900318845,""r"":5}","{""obs_mistake_mask=E"":2}"
     17206,         1,         0,   0.733,correlated_pymatching,141e63a26d28792365a8c4eb2bf128057692caab6f9768e78cd3b20812b670a8,"{""d"":5,""p"":0.00021544346900318845,""r"":5}","{""obs_mistake_mask=E"":1}"
    183296,        21,         0,    8.35,correlated_pymatching,9de98337e1a3faf43fdab4d57320a9c057fa61c642db64f1783fef3516a1279d,"{""d"":5,""p"":0.00046415888336127773,""r"":5}","{""obs_mistake_mask=E"":21}"
     26287,         0,         0,    1.10,correlated_pymatching,141e63a26d28792365a8c4eb2bf128057692caab6f9768e78cd3b20812b670a8,"{""d"":5,""p"":0.00021544346900318845,""r"":5}",
     25600,         0,         0,    1.07,correlated_pymatching,141e63a26d28792365a8c4eb2bf128057692caab6f9768e78cd3b20812b670a8,"{""d"":5,""p"":0.00021544346900318845,""r"":5}",
     22528,         0,         0,   0.957,correlated_pymatching,141e63a26d28792365a8c4eb2bf128057692caab6f9768e78cd3b20812b670a8,"{""d"":5,""p"":0.00021544346900318845,""r"":5}",
     22528,         0,         0,   0.964,correlated_pymatching,141e63a26d28792365a8c4eb2bf128057692caab6f9768e78cd3b20812b670a8,"{""d"":5,""p"":0.00021544346900318845,""r"":5}",
       687,         0,         0,   0.047,correlated_pymatching,141e63a26d28792365a8c4eb2bf128057692caab6f9768e78cd3b20812b670a8,"{""d"":5,""p"":0.00021544346900318845,""r"":5}",
      9216,         0,         0,   0.408,correlated_pymatching,141e63a26d28792365a8c4eb2bf128057692caab6f9768e78cd3b20812b670a8,"{""d"":5,""p"":0.00021544346900318845,""r"":5}",
    120832,         0,         0,    8.36,correlated_pymatching,885a7d062162ca657bb6c62edb27c2a57eb4c15f6cad0372d43adc4c31831932,"{""d"":5,""p"":0.0001,""r"":5}",
      4917,         0,         0,   0.222,correlated_pymatching,141e63a26d28792365a8c4eb2bf128057692caab6f9768e78cd3b20812b670a8,"{""d"":5,""p"":0.00021544346900318845,""r"":5}",
      4096,         1,         0,   0.176,correlated_pymatching,141e63a26d28792365a8c4eb2bf128057692caab6f9768e78cd3b20812b670a8,"{""d"":5,""p"":0.00021544346900318845,""r"":5}","{""obs_mistake_mask=E"":1}"
      4096,         0,         0,   0.181,correlated_pymatching,141e63a26d28792365a8c4eb2bf128057692caab6f9768e78cd3b20812b670a8,"{""d"":5,""p"":0.00021544346900318845,""r"":5}",
      4917,         0,         0,   0.217,correlated_pymatching,141e63a26d28792365a8c4eb2bf128057692caab6f9768e78cd3b20812b670a8,"{""d"":5,""p"":0.00021544346900318845,""r"":5}",
      4917,         0,         0,   0.222,correlated_pymatching,141e63a26d28792365a8c4eb2bf128057692caab6f9768e78cd3b20812b670a8,"{""d"":5,""p"":0.00021544346900318845,""r"":5}",
       329,         0,         0,   0.044,correlated_pymatching,141e63a26d28792365a8c4eb2bf128057692caab6f9768e78cd3b20812b670a8,"{""d"":5,""p"":0.00021544346900318845,""r"":5}",
       329,         0,         0,   0.040,correlated_pymatching,141e63a26d28792365a8c4eb2bf128057692caab6f9768e78cd3b20812b670a8,"{""d"":5,""p"":0.00021544346900318845,""r"":5}",
       163,         0,         0,   0.045,correlated_pymatching,141e63a26d28792365a8c4eb2bf128057692caab6f9768e78cd3b20812b670a8,"{""d"":5,""p"":0.00021544346900318845,""r"":5}",
       329,         1,         0,   0.045,correlated_pymatching,141e63a26d28792365a8c4eb2bf128057692caab6f9768e78cd3b20812b670a8,"{""d"":5,""p"":0.00021544346900318845,""r"":5}","{""obs_mistake_mask=E"":1}"
       329,         0,         0,   0.045,correlated_pymatching,141e63a26d28792365a8c4eb2bf128057692caab6f9768e78cd3b20812b670a8,"{""d"":5,""p"":0.00021544346900318845,""r"":5}",
       100,         0,         0,   0.038,correlated_pymatching,141e63a26d28792365a8c4eb2bf128057692caab6f9768e78cd3b20812b670a8,"{""d"":5,""p"":0.00021544346900318845,""r"":5}",
        33,         0,         0,   0.038,correlated_pymatching,141e63a26d28792365a8c4eb2bf128057692caab6f9768e78cd3b20812b670a8,"{""d"":5,""p"":0.00021544346900318845,""r"":5}",
        30,         0,         0,   0.044,correlated_pymatching,141e63a26d28792365a8c4eb2bf128057692caab6f9768e78cd3b20812b670a8,"{""d"":5,""p"":0.00021544346900318845,""r"":5}",
         1,         0,         0,   0.104,correlated_pymatching,0ca1613404eeae08d0e1c39cbe874bf152fd2973b6a9892bb5cd27f6a9c962ed,"{""d"":7,""p"":0.00021544346900318845,""r"":7}",
         1,         0,         0,   0.098,correlated_pymatching,5dc8e74a0a28e52dabca52d06f77e22020eca85e89bd176b9d33ba32818e593b,"{""d"":7,""p"":0.00046415888336127773,""r"":7}",
         1,         0,         0,   0.107,correlated_pymatching,5dc8e74a0a28e52dabca52d06f77e22020eca85e89bd176b9d33ba32818e593b,"{""d"":7,""p"":0.00046415888336127773,""r"":7}",
         1,         0,         0,   0.106,correlated_pymatching,539de98e8fed58e6bc08fc7a9514e9c858dc52c157652b467080a50b7a82244c,"{""d"":7,""p"":0.001,""r"":7}",
         1,         0,         0,   0.107,correlated_pymatching,539de98e8fed58e6bc08fc7a9514e9c858dc52c157652b467080a50b7a82244c,"{""d"":7,""p"":0.001,""r"":7}",
         4,         0,         0,   0.097,correlated_pymatching,5dc8e74a0a28e52dabca52d06f77e22020eca85e89bd176b9d33ba32818e593b,"{""d"":7,""p"":0.00046415888336127773,""r"":7}",
         4,         0,         0,   0.101,correlated_pymatching,0ca1613404eeae08d0e1c39cbe874bf152fd2973b6a9892bb5cd27f6a9c962ed,"{""d"":7,""p"":0.00021544346900318845,""r"":7}",
         4,         0,         0,   0.102,correlated_pymatching,5dc8e74a0a28e52dabca52d06f77e22020eca85e89bd176b9d33ba32818e593b,"{""d"":7,""p"":0.00046415888336127773,""r"":7}",
         4,         0,         0,   0.102,correlated_pymatching,539de98e8fed58e6bc08fc7a9514e9c858dc52c157652b467080a50b7a82244c,"{""d"":7,""p"":0.001,""r"":7}",
         4,         0,         0,   0.103,correlated_pymatching,539de98e8fed58e6bc08fc7a9514e9c858dc52c157652b467080a50b7a82244c,"{""d"":7,""p"":0.001,""r"":7}",
        16,         0,         0,   0.097,correlated_pymatching,5dc8e74a0a28e52dabca52d06f77e22020eca85e89bd176b9d33ba32818e593b,"{""d"":7,""p"":0.00046415888336127773,""r"":7}",
        16,         0,         0,   0.106,correlated_pymatching,0ca1613404eeae08d0e1c39cbe874bf152fd2973b6a9892bb5cd27f6a9c962ed,"{""d"":7,""p"":0.00021544346900318845,""r"":7}",
        16,         0,         0,   0.105,correlated_pymatching,5dc8e74a0a28e52dabca52d06f77e22020eca85e89bd176b9d33ba32818e593b,"{""d"":7,""p"":0.00046415888336127773,""r"":7}",
        16,         0,         0,   0.106,correlated_pymatching,539de98e8fed58e6bc08fc7a9514e9c858dc52c157652b467080a50b7a82244c,"{""d"":7,""p"":0.001,""r"":7}",
        16,         0,         0,   0.107,correlated_pymatching,539de98e8fed58e6bc08fc7a9514e9c858dc52c157652b467080a50b7a82244c,"{""d"":7,""p"":0.001,""r"":7}",
        64,         0,         0,   0.099,correlated_pymatching,5dc8e74a0a28e52dabca52d06f77e22020eca85e89bd176b9d33ba32818e593b,"{""d"":7,""p"":0.00046415888336127773,""r"":7}",
        64,         0,         0,   0.103,correlated_pymatching,0ca1613404eeae08d0e1c39cbe874bf152fd2973b6a9892bb5cd27f6a9c962ed,"{""d"":7,""p"":0.00021544346900318845,""r"":7}",
        64,         0,         0,   0.104,correlated_pymatching,5dc8e74a0a28e52dabca52d06f77e22020eca85e89bd176b9d33ba32818e593b,"{""d"":7,""p"":0.00046415888336127773,""r"":7}",
        64,         0,         0,   0.105,correlated_pymatching,539de98e8fed58e6bc08fc7a9514e9c858dc52c157652b467080a50b7a82244c,"{""d"":7,""p"":0.001,""r"":7}",
        64,         0,         0,   0.107,correlated_pymatching,539de98e8fed58e6bc08fc7a9514e9c858dc52c157652b467080a50b7a82244c,"{""d"":7,""p"":0.001,""r"":7}",
       256,         0,         0,   0.103,correlated_pymatching,5dc8e74a0a28e52dabca52d06f77e22020eca85e89bd176b9d33ba32818e593b,"{""d"":7,""p"":0.00046415888336127773,""r"":7}",
       256,         0,         0,   0.107,correlated_pymatching,0ca1613404eeae08d0e1c39cbe874bf152fd2973b6a9892bb5cd27f6a9c962ed,"{""d"":7,""p"":0.00021544346900318845,""r"":7}",
       256,         0,         0,   0.110,correlated_pymatching,5dc8e74a0a28e52dabca52d06f77e22020eca85e89bd176b9d33ba32818e593b,"{""d"":7,""p"":0.00046415888336127773,""r"":7}",
       256,         0,         0,   0.118,correlated_pymatching,539de98e8fed58e6bc08fc7a9514e9c858dc52c157652b467080a50b7a82244c,"{""d"":7,""p"":0.001,""r"":7}",
       256,         0,         0,   0.117,correlated_pymatching,539de98e8fed58e6bc08fc7a9514e9c858dc52c157652b467080a50b7a82244c,"{""d"":7,""p"":0.001,""r"":7}",
      1024,         0,         0,   0.125,correlated_pymatching,5dc8e74a0a28e52dabca52d06f77e22020eca85e89bd176b9d33ba32818e593b,"{""d"":7,""p"":0.00046415888336127773,""r"":7}",
      1024,         0,         0,   0.121,correlated_pymatching,0ca1613404eeae08d0e1c39cbe874bf152fd2973b6a9892bb5cd27f6a9c962ed,"{""d"":7,""p"":0.00021544346900318845,""r"":7}",
     72704,         0,         0,    8.38,correlated_pymatching,0ca1613404eeae08d0e1c39cbe874bf152fd2973b6a9892bb5cd27f6a9c962ed,"{""d"":7,""p"":0.00021544346900318845,""r"":7}",
     76800,         0,         0,    8.42,correlated_pymatching,5b07d31ee7f2888344550fdfd45240bc75fe8b924e64b35790e33d7ebcad3ae8,"{""d"":7,""p"":0.0001,""r"":7}",
      1024,         0,         0,   0.133,correlated_pymatching,5dc8e74a0a28e52dabca52d06f77e22020eca85e89bd176b9d33ba32818e593b,"{""d"":7,""p"":0.00046415888336127773,""r"":7}",
      1024,         0,         0,   0.159,correlated_pymatching,539de98e8fed58e6bc08fc7a9514e9c858dc52c157652b467080a50b7a82244c,"{""d"":7,""p"":0.001,""r"":7}",
      1024,         0,         0,   0.161,correlated_pymatching,539de98e8fed58e6bc08fc7a9514e9c858dc52c157652b467080a50b7a82244c,"{""d"":7,""p"":0.001,""r"":7}",
      1024,         0,         0,   0.124,correlated_pymatching,5dc8e74a0a28e52dabca52d06f77e22020eca85e89bd176b9d33ba32818e593b,"{""d"":7,""p"":0.00046415888336127773,""r"":7}",
      1024,         0,         0,   0.119,correlated_pymatching,0ca1613404eeae08d0e1c39cbe874bf152fd2973b6a9892bb5cd27f6a9c962ed,"{""d"":7,""p"":0.00021544346900318845,""r"":7}",
    228618,         0,         0,    9.18,correlated_pymatching,885a7d062162ca657bb6c62edb27c2a57eb4c15f6cad0372d43adc4c31831932,"{""d"":5,""p"":0.0001,""r"":5}",
    191488,         1,         0,    7.71,correlated_pymatching,885a7d062162ca657bb6c62edb27c2a57eb4c15f6cad0372d43adc4c31831932,"{""d"":5,""p"":0.0001,""r"":5}","{""obs_mistake_mask=E"":1}"
      1024,         0,         0,   0.129,correlated_pymatching,5dc8e74a0a28e52dabca52d06f77e22020eca85e89bd176b9d33ba32818e593b,"{""d"":7,""p"":0.00046415888336127773,""r"":7}",
      1024,         2,         0,   0.155,correlated_pymatching,539de98e8fed58e6bc08fc7a9514e9c858dc52c157652b467080a50b7a82244c,"{""d"":7,""p"":0.001,""r"":7}","{""obs_mistake_mask=E"":2}"
     69632,         2,         0,    8.47,correlated_pymatching,5dc8e74a0a28e52dabca52d06f77e22020eca85e89bd176b9d33ba32818e593b,"{""d"":7,""p"":0.00046415888336127773,""r"":7}","{""obs_mistake_mask=E"":2}"
      1024,         0,         0,   0.156,correlated_pymatching,539de98e8fed58e6bc08fc7a9514e9c858dc52c157652b467080a50b7a82244c,"{""d"":7,""p"":0.001,""r"":7}",
      1024,         0,         0,   0.125,correlated_pymatching,5dc8e74a0a28e52dabca52d06f77e22020eca85e89bd176b9d33ba32818e593b,"{""d"":7,""p"":0.00046415888336127773,""r"":7}",
      1024,         0,         0,   0.120,correlated_pymatching,0ca1613404eeae08d0e1c39cbe874bf152fd2973b6a9892bb5cd27f6a9c962ed,"{""d"":7,""p"":0.00021544346900318845,""r"":7}",
     57344,        11,         0,    8.43,correlated_pymatching,539de98e8fed58e6bc08fc7a9514e9c858dc52c157652b467080a50b7a82244c,"{""d"":7,""p"":0.001,""r"":7}","{""obs_mistake_mask=E"":11}"
      1024,         0,         0,   0.130,correlated_pymatching,5dc8e74a0a28e52dabca52d06f77e22020eca85e89bd176b9d33ba32818e593b,"{""d"":7,""p"":0.00046415888336127773,""r"":7}",
      1024,         3,         0,   0.159,correlated_pymatching,539de98e8fed58e6bc08fc7a9514e9c858dc52c157652b467080a50b7a82244c,"{""d"":7,""p"":0.001,""r"":7}","{""obs_mistake_mask=E"":3}"
      1024,         0,         0,   0.158,correlated_pymatching,539de98e8fed58e6bc08fc7a9514e9c858dc52c157652b467080a50b7a82244c,"{""d"":7,""p"":0.001,""r"":7}",
      2048,         0,         0,   0.243,correlated_pymatching,0ca1613404eeae08d0e1c39cbe874bf152fd2973b6a9892bb5cd27f6a9c962ed,"{""d"":7,""p"":0.00021544346900318845,""r"":7}",
      2048,         0,         0,   0.249,correlated_pymatching,5dc8e74a0a28e52dabca52d06f77e22020eca85e89bd176b9d33ba32818e593b,"{""d"":7,""p"":0.00046415888336127773,""r"":7}",
      1024,         2,         0,   0.157,correlated_pymatching,539de98e8fed58e6bc08fc7a9514e9c858dc52c157652b467080a50b7a82244c,"{""d"":7,""p"":0.001,""r"":7}","{""obs_mistake_mask=E"":2}"
      2048,         0,         0,   0.254,correlated_pymatching,5dc8e74a0a28e52dabca52d06f77e22020eca85e89bd176b9d33ba32818e593b,"{""d"":7,""p"":0.00046415888336127773,""r"":7}",
      1024,         0,         0,   0.158,correlated_pymatching,539de98e8fed58e6bc08fc7a9514e9c858dc52c157652b467080a50b7a82244c,"{""d"":7,""p"":0.001,""r"":7}",
    162934,        25,         0,    7.33,correlated_pymatching,9de98337e1a3faf43fdab4d57320a9c057fa61c642db64f1783fef3516a1279d,"{""d"":5,""p"":0.00046415888336127773,""r"":5}","{""obs_mistake_mask=E"":25}"
    179200,        22,         0,    8.14,correlated_pymatching,9de98337e1a3faf43fdab4d57320a9c057fa61c642db64f1783fef3516a1279d,"{""d"":5,""p"":0.00046415888336127773,""r"":5}","{""obs_mistake_mask=E"":22}"
     45056,         5,         0,    2.07,correlated_pymatching,9de98337e1a3faf43fdab4d57320a9c057fa61c642db64f1783fef3516a1279d,"{""d"":5,""p"":0.00046415888336127773,""r"":5}","{""obs_mistake_mask=E"":5}"
      2048,         0,         0,   0.242,correlated_pymatching,0ca1613404eeae08d0e1c39cbe874bf152fd2973b6a9892bb5cd27f6a9c962ed,"{""d"":7,""p"":0.00021544346900318845,""r"":7}",
      2048,         0,         0,   0.251,correlated_pymatching,5dc8e74a0a28e52dabca52d06f77e22020eca85e89bd176b9d33ba32818e593b,"{""d"":7,""p"":0.00046415888336127773,""r"":7}",
    209920,        26,         0,    9.59,correlated_pymatching,9de98337e1a3faf43fdab4d57320a9c057fa61c642db64f1783fef3516a1279d,"{""d"":5,""p"":0.00046415888336127773,""r"":5}","{""obs_mistake_mask=E"":26}"
    196608,        30,         0,    9.04,correlated_pymatching,9de98337e1a3faf43fdab4d57320a9c057fa61c642db64f1783fef3516a1279d,"{""d"":5,""p"":0.00046415888336127773,""r"":5}","{""obs_mistake_mask=E"":30}"
    130048,         2,         0,    8.99,correlated_pymatching,885a7d062162ca657bb6c62edb27c2a57eb4c15f6cad0372d43adc4c31831932,"{""d"":5,""p"":0.0001,""r"":5}","{""obs_mistake_mask=E"":2}"
      2048,         0,         0,   0.257,correlated_pymatching,5dc8e74a0a28e52dabca52d06f77e22020eca85e89bd176b9d33ba32818e593b,"{""d"":7,""p"":0.00046415888336127773,""r"":7}",
      2048,         0,         0,   0.313,correlated_pymatching,539de98e8fed58e6bc08fc7a9514e9c858dc52c157652b467080a50b7a82244c,"{""d"":7,""p"":0.001,""r"":7}",
         1,         0,         0,   0.038,correlated_pymatching,885a7d062162ca657bb6c62edb27c2a57eb4c15f6cad0372d43adc4c31831932,"{""d"":5,""p"":0.0001,""r"":5}",
      2048,         0,         0,   0.317,correlated_pymatching,539de98e8fed58e6bc08fc7a9514e9c858dc52c157652b467080a50b7a82244c,"{""d"":7,""p"":0.001,""r"":7}",
         8,         0,         0,   0.038,correlated_pymatching,885a7d062162ca657bb6c62edb27c2a57eb4c15f6cad0372d43adc4c31831932,"{""d"":5,""p"":0.0001,""r"":5}",
        64,         0,         0,   0.038,correlated_pymatching,885a7d062162ca657bb6c62edb27c2a57eb4c15f6cad0372d43adc4c31831932,"{""d"":5,""p"":0.0001,""r"":5}",
       512,         0,         0,   0.042,correlated_pymatching,885a7d062162ca657bb6c62edb27c2a57eb4c15f6cad0372d43adc4c31831932,"{""d"":5,""p"":0.0001,""r"":5}",
    100359,         0,         0,    4.00,correlated_pymatching,885a7d062162ca657bb6c62edb27c2a57eb4c15f6cad0372d43adc4c31831932,"{""d"":5,""p"":0.0001,""r"":5}",
         1,         0,         0,   0.097,correlated_pymatching,5b07d31ee7f2888344550fdfd45240bc75fe8b924e64b35790e33d7ebcad3ae8,"{""d"":7,""p"":0.0001,""r"":7}",
         1,         0,         0,   0.109,correlated_pymatching,0ca1613404eeae08d0e1c39cbe874bf152fd2973b6a9892bb5cd27f6a9c962ed,"{""d"":7,""p"":0.00021544346900318845,""r"":7}",
         1,         0,         0,   0.107,correlated_pymatching,0ca1613404eeae08d0e1c39cbe874bf152fd2973b6a9892bb5cd27f6a9c962ed,"{""d"":7,""p"":0.00021544346900318845,""r"":7}",
         1,         0,         0,   0.103,correlated_pymatching,5b07d31ee7f2888344550fdfd45240bc75fe8b924e64b35790e33d7ebcad3ae8,"{""d"":7,""p"":0.0001,""r"":7}",
      1024,         0,         0,   0.044,correlated_pymatching,885a7d062162ca657bb6c62edb27c2a57eb4c15f6cad0372d43adc4c31831932,"{""d"":5,""p"":0.0001,""r"":5}",
      3072,         0,         0,   0.359,correlated_pymatching,0ca1613404eeae08d0e1c39cbe874bf152fd2973b6a9892bb5cd27f6a9c962ed,"{""d"":7,""p"":0.00021544346900318845,""r"":7}",
         4,         0,         0,   0.101,correlated_pymatching,0ca1613404eeae08d0e1c39cbe874bf152fd2973b6a9892bb5cd27f6a9c962ed,"{""d"":7,""p"":0.00021544346900318845,""r"":7}",
         4,         0,         0,   0.101,correlated_pymatching,0ca1613404eeae08d0e1c39cbe874bf152fd2973b6a9892bb5cd27f6a9c962ed,"{""d"":7,""p"":0.00021544346900318845,""r"":7}",
         4,         0,         0,   0.101,correlated_pymatching,5b07d31ee7f2888344550fdfd45240bc75fe8b924e64b35790e33d7ebcad3ae8,"{""d"":7,""p"":0.0001,""r"":7}",
      2048,         0,         0,   0.085,correlated_pymatching,885a7d062162ca657bb6c62edb27c2a57eb4c15f6cad0372d43adc4c31831932,"{""d"":5,""p"":0.0001,""r"":5}",
      3072,         0,         0,   0.375,correlated_pymatching,5dc8e74a0a28e52dabca52d06f77e22020eca85e89bd176b9d33ba32818e593b,"{""d"":7,""p"":0.00046415888336127773,""r"":7}",
         4,         0,         0,   0.129,correlated_pymatching,5b07d31ee7f2888344550fdfd45240bc75fe8b924e64b35790e33d7ebcad3ae8,"{""d"":7,""p"":0.0001,""r"":7}",
      2048,         0,         0,   0.319,correlated_pymatching,539de98e8fed58e6bc08fc7a9514e9c858dc52c157652b467080a50b7a82244c,"{""d"":7,""p"":0.001,""r"":7}",
      3072,         0,         0,   0.388,correlated_pymatching,5dc8e74a0a28e52dabca52d06f77e22020eca85e89bd176b9d33ba32818e593b,"{""d"":7,""p"":0.00046415888336127773,""r"":7}",
      2048,         0,         0,   0.323,correlated_pymatching,539de98e8fed58e6bc08fc7a9514e9c858dc52c157652b467080a50b7a82244c,"{""d"":7,""p"":0.001,""r"":7}",
      2048,         0,         0,   0.085,correlated_pymatching,885a7d062162ca657bb6c62edb27c2a57eb4c15f6cad0372d43adc4c31831932,"{""d"":5,""p"":0.0001,""r"":5}",
        16,         0,         0,   0.102,correlated_pymatching,0ca1613404eeae08d0e1c39cbe874bf152fd2973b6a9892bb5cd27f6a9c962ed,"{""d"":7,""p"":0.00021544346900318845,""r"":7}",
        16,         0,         0,   0.102,correlated_pymatching,0ca1613404eeae08d0e1c39cbe874bf152fd2973b6a9892bb5cd27f6a9c962ed,"{""d"":7,""p"":0.00021544346900318845,""r"":7}",
        16,         0,         0,   0.101,correlated_pymatching,5b07d31ee7f2888344550fdfd45240bc75fe8b924e64b35790e33d7ebcad3ae8,"{""d"":7,""p"":0.0001,""r"":7}",
        16,         0,         0,   0.096,correlated_pymatching,5b07d31ee7f2888344550fdfd45240bc75fe8b924e64b35790e33d7ebcad3ae8,"{""d"":7,""p"":0.0001,""r"":7}",
        64,         0,         0,   0.104,correlated_pymatching,0ca1613404eeae08d0e1c39cbe874bf152fd2973b6a9892bb5cd27f6a9c962ed,"{""d"":7,""p"":0.00021544346900318845,""r"":7}",
        64,         0,         0,   0.106,correlated_pymatching,0ca1613404eeae08d0e1c39cbe874bf152fd2973b6a9892bb5cd27f6a9c962ed,"{""d"":7,""p"":0.00021544346900318845,""r"":7}",
        64,         0,         0,   0.105,correlated_pymatching,5b07d31ee7f2888344550fdfd45240bc75fe8b924e64b35790e33d7ebcad3ae8,"{""d"":7,""p"":0.0001,""r"":7}",
        64,         0,         0,   0.098,correlated_pymatching,5b07d31ee7f2888344550fdfd45240bc75fe8b924e64b35790e33d7ebcad3ae8,"{""d"":7,""p"":0.0001,""r"":7}",
      3072,         0,         0,   0.129,correlated_pymatching,885a7d062162ca657bb6c62edb27c2a57eb4c15f6cad0372d43adc4c31831932,"{""d"":5,""p"":0.0001,""r"":5}",
       256,         0,         0,   0.108,correlated_pymatching,0ca1613404eeae08d0e1c39cbe874bf152fd2973b6a9892bb5cd27f6a9c962ed,"{""d"":7,""p"":0.00021544346900318845,""r"":7}",
       256,         0,         0,   0.100,correlated_pymatching,5b07d31ee7f2888344550fdfd45240bc75fe8b924e64b35790e33d7ebcad3ae8,"{""d"":7,""p"":0.0001,""r"":7}",
       256,         0,         0,   0.106,correlated_pymatching,5b07d31ee7f2888344550fdfd45240bc75fe8b924e64b35790e33d7ebcad3ae8,"{""d"":7,""p"":0.0001,""r"":7}",
       256,         0,         0,   0.108,correlated_pymatching,0ca1613404eeae08d0e1c39cbe874bf152fd2973b6a9892bb5cd27f6a9c962ed,"{""d"":7,""p"":0.00021544346900318845,""r"":7}",
      4096,         0,         0,   0.168,correlated_pymatching,885a7d062162ca657bb6c62edb27c2a57eb4c15f6cad0372d43adc4c31831932,"{""d"":5,""p"":0.0001,""r"":5}",
      1024,         0,         0,   0.109,correlated_pymatching,5b07d31ee7f2888344550fdfd45240bc75fe8b924e64b35790e33d7ebcad3ae8,"{""d"":7,""p"":0.0001,""r"":7}",
      1024,         0,         0,   0.121,correlated_pymatching,0ca1613404eeae08d0e1c39cbe874bf152fd2973b6a9892bb5cd27f6a9c962ed,"{""d"":7,""p"":0.00021544346900318845,""r"":7}",
      1024,         0,         0,   0.117,correlated_pymatching,5b07d31ee7f2888344550fdfd45240bc75fe8b924e64b35790e33d7ebcad3ae8,"{""d"":7,""p"":0.0001,""r"":7}",
      1024,         0,         0,   0.122,correlated_pymatching,0ca1613404eeae08d0e1c39cbe874bf152fd2973b6a9892bb5cd27f6a9c962ed,"{""d"":7,""p"":0.00021544346900318845,""r"":7}",
      4096,         0,         0,   0.482,correlated_pymatching,0ca1613404eeae08d0e1c39cbe874bf152fd2973b6a9892bb5cd27f6a9c962ed,"{""d"":7,""p"":0.00021544346900318845,""r"":7}",
      4096,         0,         0,   0.499,correlated_pymatching,5dc8e74a0a28e52dabca52d06f77e22020eca85e89bd176b9d33ba32818e593b,"{""d"":7,""p"":0.00046415888336127773,""r"":7}",
      1024,         0,         0,   0.109,correlated_pymatching,5b07d31ee7f2888344550fdfd45240bc75fe8b924e64b35790e33d7ebcad3ae8,"{""d"":7,""p"":0.0001,""r"":7}",
      3072,         0,         0,   0.473,correlated_pymatching,539de98e8fed58e6bc08fc7a9514e9c858dc52c157652b467080a50b7a82244c,"{""d"":7,""p"":0.001,""r"":7}",
      1024,         0,         0,   0.114,correlated_pymatching,5b07d31ee7f2888344550fdfd45240bc75fe8b924e64b35790e33d7ebcad3ae8,"{""d"":7,""p"":0.0001,""r"":7}",
      1024,         0,         0,   0.118,correlated_pymatching,0ca1613404eeae08d0e1c39cbe874bf152fd2973b6a9892bb5cd27f6a9c962ed,"{""d"":7,""p"":0.00021544346900318845,""r"":7}",
      1024,         0,         0,   0.121,correlated_pymatching,0ca1613404eeae08d0e1c39cbe874bf152fd2973b6a9892bb5cd27f6a9c962ed,"{""d"":7,""p"":0.00021544346900318845,""r"":7}",
      3072,         0,         0,   0.479,correlated_pymatching,539de98e8fed58e6bc08fc7a9514e9c858dc52c157652b467080a50b7a82244c,"{""d"":7,""p"":0.001,""r"":7}",
      5120,         0,         0,   0.213,correlated_pymatching,885a7d062162ca657bb6c62edb27c2a57eb4c15f6cad0372d43adc4c31831932,"{""d"":5,""p"":0.0001,""r"":5}",
      4096,         0,         0,   0.530,correlated_pymatching,5dc8e74a0a28e52dabca52d06f77e22020eca85e89bd176b9d33ba32818e593b,"{""d"":7,""p"":0.00046415888336127773,""r"":7}",
      1024,         0,         0,   0.109,correlated_pymatching,5b07d31ee7f2888344550fdfd45240bc75fe8b924e64b35790e33d7ebcad3ae8,"{""d"":7,""p"":0.0001,""r"":7}",
      1024,         0,         0,   0.113,correlated_pymatching,5b07d31ee7f2888344550fdfd45240bc75fe8b924e64b35790e33d7ebcad3ae8,"{""d"":7,""p"":0.0001,""r"":7}",
      1024,         0,         0,   0.119,correlated_pymatching,0ca1613404eeae08d0e1c39cbe874bf152fd2973b6a9892bb5cd27f6a9c962ed,"{""d"":7,""p"":0.00021544346900318845,""r"":7}",
     79872,         0,         0,    8.41,correlated_pymatching,5b07d31ee7f2888344550fdfd45240bc75fe8b924e64b35790e33d7ebcad3ae8,"{""d"":7,""p"":0.0001,""r"":7}",
      1024,         0,         0,   0.120,correlated_pymatching,0ca1613404eeae08d0e1c39cbe874bf152fd2973b6a9892bb5cd27f6a9c962ed,"{""d"":7,""p"":0.00021544346900318845,""r"":7}",
      2048,         0,         0,   0.218,correlated_pymatching,5b07d31ee7f2888344550fdfd45240bc75fe8b924e64b35790e33d7ebcad3ae8,"{""d"":7,""p"":0.0001,""r"":7}",
      2048,         0,         0,   0.224,correlated_pymatching,5b07d31ee7f2888344550fdfd45240bc75fe8b924e64b35790e33d7ebcad3ae8,"{""d"":7,""p"":0.0001,""r"":7}",
      7168,         0,         0,   0.293,correlated_pymatching,885a7d062162ca657bb6c62edb27c2a57eb4c15f6cad0372d43adc4c31831932,"{""d"":5,""p"":0.0001,""r"":5}",
      2048,         0,         0,   0.235,correlated_pymatching,0ca1613404eeae08d0e1c39cbe874bf152fd2973b6a9892bb5cd27f6a9c962ed,"{""d"":7,""p"":0.00021544346900318845,""r"":7}",
      2048,         0,         0,   0.239,correlated_pymatching,0ca1613404eeae08d0e1c39cbe874bf152fd2973b6a9892bb5cd27f6a9c962ed,"{""d"":7,""p"":0.00021544346900318845,""r"":7}",
      5120,         0,         0,   0.607,correlated_pymatching,0ca1613404eeae08d0e1c39cbe874bf152fd2973b6a9892bb5cd27f6a9c962ed,"{""d"":7,""p"":0.00021544346900318845,""r"":7}",
      2048,         0,         0,   0.219,correlated_pymatching,5b07d31ee7f2888344550fdfd45240bc75fe8b924e64b35790e33d7ebcad3ae8,"{""d"":7,""p"":0.0001,""r"":7}",
      2048,         0,         0,   0.225,correlated_pymatching,5b07d31ee7f2888344550fdfd45240bc75fe8b924e64b35790e33d7ebcad3ae8,"{""d"":7,""p"":0.0001,""r"":7}",
      2048,         0,         0,   0.237,correlated_pymatching,0ca1613404eeae08d0e1c39cbe874bf152fd2973b6a9892bb5cd27f6a9c962ed,"{""d"":7,""p"":0.00021544346900318845,""r"":7}",
      2048,         0,         0,   0.238,correlated_pymatching,0ca1613404eeae08d0e1c39cbe874bf152fd2973b6a9892bb5cd27f6a9c962ed,"{""d"":7,""p"":0.00021544346900318845,""r"":7}",
      5120,         0,         0,   0.658,correlated_pymatching,5dc8e74a0a28e52dabca52d06f77e22020eca85e89bd176b9d33ba32818e593b,"{""d"":7,""p"":0.00046415888336127773,""r"":7}",
      4096,         2,         0,   0.630,correlated_pymatching,539de98e8fed58e6bc08fc7a9514e9c858dc52c157652b467080a50b7a82244c,"{""d"":7,""p"":0.001,""r"":7}","{""obs_mistake_mask=E"":2}"
      4096,         0,         0,   0.638,correlated_pymatching,539de98e8fed58e6bc08fc7a9514e9c858dc52c157652b467080a50b7a82244c,"{""d"":7,""p"":0.001,""r"":7}",
      5120,         0,         0,   0.650,correlated_pymatching,5dc8e74a0a28e52dabca52d06f77e22020eca85e89bd176b9d33ba32818e593b,"{""d"":7,""p"":0.00046415888336127773,""r"":7}",
      9216,         0,         0,   0.424,correlated_pymatching,885a7d062162ca657bb6c62edb27c2a57eb4c15f6cad0372d43adc4c31831932,"{""d"":5,""p"":0.0001,""r"":5}",
      3072,         0,         0,   0.327,correlated_pymatching,5b07d31ee7f2888344550fdfd45240bc75fe8b924e64b35790e33d7ebcad3ae8,"{""d"":7,""p"":0.0001,""r"":7}",
      3072,         0,         0,   0.339,correlated_pymatching,5b07d31ee7f2888344550fdfd45240bc75fe8b924e64b35790e33d7ebcad3ae8,"{""d"":7,""p"":0.0001,""r"":7}",
      3072,         0,         0,   0.354,correlated_pymatching,0ca1613404eeae08d0e1c39cbe874bf152fd2973b6a9892bb5cd27f6a9c962ed,"{""d"":7,""p"":0.00021544346900318845,""r"":7}",
      3072,         0,         0,   0.357,correlated_pymatching,0ca1613404eeae08d0e1c39cbe874bf152fd2973b6a9892bb5cd27f6a9c962ed,"{""d"":7,""p"":0.00021544346900318845,""r"":7}",
     61860,         0,         0,    2.52,correlated_pymatching,885a7d062162ca657bb6c62edb27c2a57eb4c15f6cad0372d43adc4c31831932,"{""d"":5,""p"":0.0001,""r"":5}",
     54272,         0,         0,    3.74,correlated_pymatching,885a7d062162ca657bb6c62edb27c2a57eb4c15f6cad0372d43adc4c31831932,"{""d"":5,""p"":0.0001,""r"":5}",
     61860,         0,         0,    2.52,correlated_pymatching,885a7d062162ca657bb6c62edb27c2a57eb4c15f6cad0372d43adc4c31831932,"{""d"":5,""p"":0.0001,""r"":5}",
     28672,         0,         0,    1.96,correlated_pymatching,885a7d062162ca657bb6c62edb27c2a57eb4c15f6cad0372d43adc4c31831932,"{""d"":5,""p"":0.0001,""r"":5}",
     45918,         0,         0,    1.83,correlated_pymatching,885a7d062162ca657bb6c62edb27c2a57eb4c15f6cad0372d43adc4c31831932,"{""d"":5,""p"":0.0001,""r"":5}",
      4096,         0,         0,   0.431,correlated_pymatching,5b07d31ee7f2888344550fdfd45240bc75fe8b924e64b35790e33d7ebcad3ae8,"{""d"":7,""p"":0.0001,""r"":7}",
      4096,         0,         0,   0.455,correlated_pymatching,5b07d31ee7f2888344550fdfd45240bc75fe8b924e64b35790e33d7ebcad3ae8,"{""d"":7,""p"":0.0001,""r"":7}",
     14131,         0,         0,   0.589,correlated_pymatching,885a7d062162ca657bb6c62edb27c2a57eb4c15f6cad0372d43adc4c31831932,"{""d"":5,""p"":0.0001,""r"":5}",
      7168,         0,         0,   0.839,correlated_pymatching,0ca1613404eeae08d0e1c39cbe874bf152fd2973b6a9892bb5cd27f6a9c962ed,"{""d"":7,""p"":0.00021544346900318845,""r"":7}",
      5120,         1,         0,   0.796,correlated_pymatching,539de98e8fed58e6bc08fc7a9514e9c858dc52c157652b467080a50b7a82244c,"{""d"":7,""p"":0.001,""r"":7}","{""obs_mistake_mask=E"":1}"
      4096,         0,         0,   0.484,correlated_pymatching,0ca1613404eeae08d0e1c39cbe874bf152fd2973b6a9892bb5cd27f6a9c962ed,"{""d"":7,""p"":0.00021544346900318845,""r"":7}",
      7168,         0,         0,   0.879,correlated_pymatching,5dc8e74a0a28e52dabca52d06f77e22020eca85e89bd176b9d33ba32818e593b,"{""d"":7,""p"":0.00046415888336127773,""r"":7}",
     11776,         0,         0,   0.494,correlated_pymatching,885a7d062162ca657bb6c62edb27c2a57eb4c15f6cad0372d43adc4c31831932,"{""d"":5,""p"":0.0001,""r"":5}",
      4096,         0,         0,   0.582,correlated_pymatching,0ca1613404eeae08d0e1c39cbe874bf152fd2973b6a9892bb5cd27f6a9c962ed,"{""d"":7,""p"":0.00021544346900318845,""r"":7}",
      6144,         1,         0,   0.943,correlated_pymatching,539de98e8fed58e6bc08fc7a9514e9c858dc52c157652b467080a50b7a82244c,"{""d"":7,""p"":0.001,""r"":7}","{""obs_mistake_mask=E"":1}"
     11776,         0,         0,   0.505,correlated_pymatching,885a7d062162ca657bb6c62edb27c2a57eb4c15f6cad0372d43adc4c31831932,"{""d"":5,""p"":0.0001,""r"":5}",
      9216,         0,         0,   0.368,correlated_pymatching,885a7d062162ca657bb6c62edb27c2a57eb4c15f6cad0372d43adc4c31831932,"{""d"":5,""p"":0.0001,""r"":5}",
      8192,         0,         0,   0.563,correlated_pymatching,885a7d062162ca657bb6c62edb27c2a57eb4c15f6cad0372d43adc4c31831932,"{""d"":5,""p"":0.0001,""r"":5}",
       598,         0,         0,   0.039,correlated_pymatching,885a7d062162ca657bb6c62edb27c2a57eb4c15f6cad0372d43adc4c31831932,"{""d"":5,""p"":0.0001,""r"":5}",
      7168,         0,         0,   0.921,correlated_pymatching,5dc8e74a0a28e52dabca52d06f77e22020eca85e89bd176b9d33ba32818e593b,"{""d"":7,""p"":0.00046415888336127773,""r"":7}",
      7851,         0,         0,   0.560,correlated_pymatching,885a7d062162ca657bb6c62edb27c2a57eb4c15f6cad0372d43adc4c31831932,"{""d"":5,""p"":0.0001,""r"":5}",
      7168,         0,         0,   0.302,correlated_pymatching,885a7d062162ca657bb6c62edb27c2a57eb4c15f6cad0372d43adc4c31831932,"{""d"":5,""p"":0.0001,""r"":5}",
      1963,         0,         0,   0.081,correlated_pymatching,885a7d062162ca657bb6c62edb27c2a57eb4c15f6cad0372d43adc4c31831932,"{""d"":5,""p"":0.0001,""r"":5}",
      4096,         0,         0,   0.165,correlated_pymatching,885a7d062162ca657bb6c62edb27c2a57eb4c15f6cad0372d43adc4c31831932,"{""d"":5,""p"":0.0001,""r"":5}",
      3072,         0,         0,   0.130,correlated_pymatching,885a7d062162ca657bb6c62edb27c2a57eb4c15f6cad0372d43adc4c31831932,"{""d"":5,""p"":0.0001,""r"":5}",
       683,         0,         0,   0.065,correlated_pymatching,885a7d062162ca657bb6c62edb27c2a57eb4c15f6cad0372d43adc4c31831932,"{""d"":5,""p"":0.0001,""r"":5}",
      1024,         0,         0,   0.041,correlated_pymatching,885a7d062162ca657bb6c62edb27c2a57eb4c15f6cad0372d43adc4c31831932,"{""d"":5,""p"":0.0001,""r"":5}",
       882,         0,         0,   0.046,correlated_pymatching,885a7d062162ca657bb6c62edb27c2a57eb4c15f6cad0372d43adc4c31831932,"{""d"":5,""p"":0.0001,""r"":5}",
      1622,         0,         0,   0.138,correlated_pymatching,885a7d062162ca657bb6c62edb27c2a57eb4c15f6cad0372d43adc4c31831932,"{""d"":5,""p"":0.0001,""r"":5}",
       423,         0,         0,   0.046,correlated_pymatching,885a7d062162ca657bb6c62edb27c2a57eb4c15f6cad0372d43adc4c31831932,"{""d"":5,""p"":0.0001,""r"":5}",
       313,         0,         0,   0.038,correlated_pymatching,885a7d062162ca657bb6c62edb27c2a57eb4c15f6cad0372d43adc4c31831932,"{""d"":5,""p"":0.0001,""r"":5}",
    106496,         0,         0,    11.8,correlated_pymatching,0ca1613404eeae08d0e1c39cbe874bf152fd2973b6a9892bb5cd27f6a9c962ed,"{""d"":7,""p"":0.00021544346900318845,""r"":7}",
    111616,         0,         0,    11.7,correlated_pymatching,5b07d31ee7f2888344550fdfd45240bc75fe8b924e64b35790e33d7ebcad3ae8,"{""d"":7,""p"":0.0001,""r"":7}",
      5120,         0,         0,   0.567,correlated_pymatching,5b07d31ee7f2888344550fdfd45240bc75fe8b924e64b35790e33d7ebcad3ae8,"{""d"":7,""p"":0.0001,""r"":7}",
      6144,         0,         0,   0.648,correlated_pymatching,5b07d31ee7f2888344550fdfd45240bc75fe8b924e64b35790e33d7ebcad3ae8,"{""d"":7,""p"":0.0001,""r"":7}",
      5120,         0,         0,   0.593,correlated_pymatching,0ca1613404eeae08d0e1c39cbe874bf152fd2973b6a9892bb5cd27f6a9c962ed,"{""d"":7,""p"":0.00021544346900318845,""r"":7}",
         1,         0,         0,   0.101,correlated_pymatching,539de98e8fed58e6bc08fc7a9514e9c858dc52c157652b467080a50b7a82244c,"{""d"":7,""p"":0.001,""r"":7}",
         1,         0,         0,   0.098,correlated_pymatching,0ca1613404eeae08d0e1c39cbe874bf152fd2973b6a9892bb5cd27f6a9c962ed,"{""d"":7,""p"":0.00021544346900318845,""r"":7}",
         1,         0,         0,   0.102,correlated_pymatching,5b07d31ee7f2888344550fdfd45240bc75fe8b924e64b35790e33d7ebcad3ae8,"{""d"":7,""p"":0.0001,""r"":7}",
         1,         0,         0,   0.105,correlated_pymatching,539de98e8fed58e6bc08fc7a9514e9c858dc52c157652b467080a50b7a82244c,"{""d"":7,""p"":0.001,""r"":7}",
      5120,         0,         0,   0.594,correlated_pymatching,0ca1613404eeae08d0e1c39cbe874bf152fd2973b6a9892bb5cd27f6a9c962ed,"{""d"":7,""p"":0.00021544346900318845,""r"":7}",
         4,         0,         0,   0.103,correlated_pymatching,539de98e8fed58e6bc08fc7a9514e9c858dc52c157652b467080a50b7a82244c,"{""d"":7,""p"":0.001,""r"":7}",
     95232,         1,         0,    11.7,correlated_pymatching,5dc8e74a0a28e52dabca52d06f77e22020eca85e89bd176b9d33ba32818e593b,"{""d"":7,""p"":0.00046415888336127773,""r"":7}","{""obs_mistake_mask=E"":1}"
         4,         0,         0,   0.098,correlated_pymatching,0ca1613404eeae08d0e1c39cbe874bf152fd2973b6a9892bb5cd27f6a9c962ed,"{""d"":7,""p"":0.00021544346900318845,""r"":7}",
         4,         0,         0,   0.104,correlated_pymatching,5b07d31ee7f2888344550fdfd45240bc75fe8b924e64b35790e33d7ebcad3ae8,"{""d"":7,""p"":0.0001,""r"":7}",
         4,         0,         0,   0.106,correlated_pymatching,539de98e8fed58e6bc08fc7a9514e9c858dc52c157652b467080a50b7a82244c,"{""d"":7,""p"":0.001,""r"":7}",
         1,         0,         0,   0.169,correlated_pymatching,5dc8e74a0a28e52dabca52d06f77e22020eca85e89bd176b9d33ba32818e593b,"{""d"":7,""p"":0.00046415888336127773,""r"":7}",
         1,         0,         0,   0.171,correlated_pymatching,5dc8e74a0a28e52dabca52d06f77e22020eca85e89bd176b9d33ba32818e593b,"{""d"":7,""p"":0.00046415888336127773,""r"":7}",
     79872,        14,         0,    11.8,correlated_pymatching,539de98e8fed58e6bc08fc7a9514e9c858dc52c157652b467080a50b7a82244c,"{""d"":7,""p"":0.001,""r"":7}","{""obs_mistake_mask=E"":14}"
        16,         0,         0,   0.099,correlated_pymatching,0ca1613404eeae08d0e1c39cbe874bf152fd2973b6a9892bb5cd27f6a9c962ed,"{""d"":7,""p"":0.00021544346900318845,""r"":7}",
        16,         0,         0,   0.104,correlated_pymatching,539de98e8fed58e6bc08fc7a9514e9c858dc52c157652b467080a50b7a82244c,"{""d"":7,""p"":0.001,""r"":7}",
        16,         0,         0,   0.102,correlated_pymatching,5b07d31ee7f2888344550fdfd45240bc75fe8b924e64b35790e33d7ebcad3ae8,"{""d"":7,""p"":0.0001,""r"":7}",
        16,         0,         0,   0.106,correlated_pymatching,539de98e8fed58e6bc08fc7a9514e9c858dc52c157652b467080a50b7a82244c,"{""d"":7,""p"":0.001,""r"":7}",
         2,         0,         0,   0.167,correlated_pymatching,5dc8e74a0a28e52dabca52d06f77e22020eca85e89bd176b9d33ba32818e593b,"{""d"":7,""p"":0.00046415888336127773,""r"":7}",
         2,         0,         0,   0.168,correlated_pymatching,5dc8e74a0a28e52dabca52d06f77e22020eca85e89bd176b9d33ba32818e593b,"{""d"":7,""p"":0.00046415888336127773,""r"":7}",
        64,         0,         0,   0.100,correlated_pymatching,0ca1613404eeae08d0e1c39cbe874bf152fd2973b6a9892bb5cd27f6a9c962ed,"{""d"":7,""p"":0.00021544346900318845,""r"":7}",
        64,         0,         0,   0.109,correlated_pymatching,539de98e8fed58e6bc08fc7a9514e9c858dc52c157652b467080a50b7a82244c,"{""d"":7,""p"":0.001,""r"":7}",
        64,         0,         0,   0.105,correlated_pymatching,5b07d31ee7f2888344550fdfd45240bc75fe8b924e64b35790e33d7ebcad3ae8,"{""d"":7,""p"":0.0001,""r"":7}",
        64,         0,         0,   0.108,correlated_pymatching,539de98e8fed58e6bc08fc7a9514e9c858dc52c157652b467080a50b7a82244c,"{""d"":7,""p"":0.001,""r"":7}",
       256,         0,         0,   0.101,correlated_pymatching,0ca1613404eeae08d0e1c39cbe874bf152fd2973b6a9892bb5cd27f6a9c962ed,"{""d"":7,""p"":0.00021544346900318845,""r"":7}",
       256,         0,         0,   0.105,correlated_pymatching,5b07d31ee7f2888344550fdfd45240bc75fe8b924e64b35790e33d7ebcad3ae8,"{""d"":7,""p"":0.0001,""r"":7}",
       256,         0,         0,   0.118,correlated_pymatching,539de98e8fed58e6bc08fc7a9514e9c858dc52c157652b467080a50b7a82244c,"{""d"":7,""p"":0.001,""r"":7}",
       256,         0,         0,   0.120,correlated_pymatching,539de98e8fed58e6bc08fc7a9514e9c858dc52c157652b467080a50b7a82244c,"{""d"":7,""p"":0.001,""r"":7}",
         4,         0,         0,   0.165,correlated_pymatching,5dc8e74a0a28e52dabca52d06f77e22020eca85e89bd176b9d33ba32818e593b,"{""d"":7,""p"":0.00046415888336127773,""r"":7}",
         4,         0,         0,   0.169,correlated_pymatching,5dc8e74a0a28e52dabca52d06f77e22020eca85e89bd176b9d33ba32818e593b,"{""d"":7,""p"":0.00046415888336127773,""r"":7}",
     10240,         0,         0,    1.20,correlated_pymatching,0ca1613404eeae08d0e1c39cbe874bf152fd2973b6a9892bb5cd27f6a9c962ed,"{""d"":7,""p"":0.00021544346900318845,""r"":7}",
      1024,         0,         0,   0.114,correlated_pymatching,0ca1613404eeae08d0e1c39cbe874bf152fd2973b6a9892bb5cd27f6a9c962ed,"{""d"":7,""p"":0.00021544346900318845,""r"":7}",
      7168,         2,         0,    1.13,correlated_pymatching,539de98e8fed58e6bc08fc7a9514e9c858dc52c157652b467080a50b7a82244c,"{""d"":7,""p"":0.001,""r"":7}","{""obs_mistake_mask=E"":2}"
      1024,         0,         0,   0.114,correlated_pymatching,5b07d31ee7f2888344550fdfd45240bc75fe8b924e64b35790e33d7ebcad3ae8,"{""d"":7,""p"":0.0001,""r"":7}",
      9216,         0,         0,    1.12,correlated_pymatching,5dc8e74a0a28e52dabca52d06f77e22020eca85e89bd176b9d33ba32818e593b,"{""d"":7,""p"":0.00046415888336127773,""r"":7}",
      1024,         0,         0,   0.159,correlated_pymatching,539de98e8fed58e6bc08fc7a9514e9c858dc52c157652b467080a50b7a82244c,"{""d"":7,""p"":0.001,""r"":7}",
      1024,         0,         0,   0.164,correlated_pymatching,539de98e8fed58e6bc08fc7a9514e9c858dc52c157652b467080a50b7a82244c,"{""d"":7,""p"":0.001,""r"":7}",
    106496,         0,         0,    11.8,correlated_pymatching,5b07d31ee7f2888344550fdfd45240bc75fe8b924e64b35790e33d7ebcad3ae8,"{""d"":7,""p"":0.0001,""r"":7}",
      1024,         0,         0,   0.115,correlated_pymatching,0ca1613404eeae08d0e1c39cbe874bf152fd2973b6a9892bb5cd27f6a9c962ed,"{""d"":7,""p"":0.00021544346900318845,""r"":7}",
         8,         0,         0,   0.173,correlated_pymatching,5dc8e74a0a28e52dabca52d06f77e22020eca85e89bd176b9d33ba32818e593b,"{""d"":7,""p"":0.00046415888336127773,""r"":7}",
         8,         0,         0,   0.174,correlated_pymatching,5dc8e74a0a28e52dabca52d06f77e22020eca85e89bd176b9d33ba32818e593b,"{""d"":7,""p"":0.00046415888336127773,""r"":7}",
      1024,         0,         0,   0.116,correlated_pymatching,5b07d31ee7f2888344550fdfd45240bc75fe8b924e64b35790e33d7ebcad3ae8,"{""d"":7,""p"":0.0001,""r"":7}",
      7168,         0,         0,   0.803,correlated_pymatching,5b07d31ee7f2888344550fdfd45240bc75fe8b924e64b35790e33d7ebcad3ae8,"{""d"":7,""p"":0.0001,""r"":7}",
    101376,         0,         0,    11.8,correlated_pymatching,0ca1613404eeae08d0e1c39cbe874bf152fd2973b6a9892bb5cd27f6a9c962ed,"{""d"":7,""p"":0.00021544346900318845,""r"":7}",
      1024,         0,         0,   0.114,correlated_pymatching,0ca1613404eeae08d0e1c39cbe874bf152fd2973b6a9892bb5cd27f6a9c962ed,"{""d"":7,""p"":0.00021544346900318845,""r"":7}",
      1024,         0,         0,   0.158,correlated_pymatching,539de98e8fed58e6bc08fc7a9514e9c858dc52c157652b467080a50b7a82244c,"{""d"":7,""p"":0.001,""r"":7}",
      8192,         0,         0,   0.878,correlated_pymatching,5b07d31ee7f2888344550fdfd45240bc75fe8b924e64b35790e33d7ebcad3ae8,"{""d"":7,""p"":0.0001,""r"":7}",
      9216,         0,         0,    1.19,correlated_pymatching,5dc8e74a0a28e52dabca52d06f77e22020eca85e89bd176b9d33ba32818e593b,"{""d"":7,""p"":0.00046415888336127773,""r"":7}",
      1024,         0,         0,   0.114,correlated_pymatching,5b07d31ee7f2888344550fdfd45240bc75fe8b924e64b35790e33d7ebcad3ae8,"{""d"":7,""p"":0.0001,""r"":7}",
      1024,         1,         0,   0.163,correlated_pymatching,539de98e8fed58e6bc08fc7a9514e9c858dc52c157652b467080a50b7a82244c,"{""d"":7,""p"":0.001,""r"":7}","{""obs_mistake_mask=E"":1}"
      8192,         0,         0,    1.27,correlated_pymatching,539de98e8fed58e6bc08fc7a9514e9c858dc52c157652b467080a50b7a82244c,"{""d"":7,""p"":0.001,""r"":7}",
        16,         0,         0,   0.165,correlated_pymatching,5dc8e74a0a28e52dabca52d06f77e22020eca85e89bd176b9d33ba32818e593b,"{""d"":7,""p"":0.00046415888336127773,""r"":7}",
        16,         0,         0,   0.165,correlated_pymatching,5dc8e74a0a28e52dabca52d06f77e22020eca85e89bd176b9d33ba32818e593b,"{""d"":7,""p"":0.00046415888336127773,""r"":7}",
      7168,         0,         0,   0.842,correlated_pymatching,0ca1613404eeae08d0e1c39cbe874bf152fd2973b6a9892bb5cd27f6a9c962ed,"{""d"":7,""p"":0.00021544346900318845,""r"":7}",
      7168,         0,         0,   0.838,correlated_pymatching,0ca1613404eeae08d0e1c39cbe874bf152fd2973b6a9892bb5cd27f6a9c962ed,"{""d"":7,""p"":0.00021544346900318845,""r"":7}",
      1024,         0,         0,   0.161,correlated_pymatching,539de98e8fed58e6bc08fc7a9514e9c858dc52c157652b467080a50b7a82244c,"{""d"":7,""p"":0.001,""r"":7}",
      1024,         0,         0,   0.161,correlated_pymatching,539de98e8fed58e6bc08fc7a9514e9c858dc52c157652b467080a50b7a82244c,"{""d"":7,""p"":0.001,""r"":7}",
        32,         0,         0,   0.172,correlated_pymatching,5dc8e74a0a28e52dabca52d06f77e22020eca85e89bd176b9d33ba32818e593b,"{""d"":7,""p"":0.00046415888336127773,""r"":7}",
      2048,         0,         0,   0.228,correlated_pymatching,0ca1613404eeae08d0e1c39cbe874bf152fd2973b6a9892bb5cd27f6a9c962ed,"{""d"":7,""p"":0.00021544346900318845,""r"":7}",
        32,         0,         0,   0.175,correlated_pymatching,5dc8e74a0a28e52dabca52d06f77e22020eca85e89bd176b9d33ba32818e593b,"{""d"":7,""p"":0.00046415888336127773,""r"":7}",
      2048,         0,         0,   0.234,correlated_pymatching,5b07d31ee7f2888344550fdfd45240bc75fe8b924e64b35790e33d7ebcad3ae8,"{""d"":7,""p"":0.0001,""r"":7}",
      1024,         0,         0,   0.158,correlated_pymatching,539de98e8fed58e6bc08fc7a9514e9c858dc52c157652b467080a50b7a82244c,"{""d"":7,""p"":0.001,""r"":7}",
      1024,         0,         0,   0.159,correlated_pymatching,539de98e8fed58e6bc08fc7a9514e9c858dc52c157652b467080a50b7a82244c,"{""d"":7,""p"":0.001,""r"":7}",
     93184,         0,         0,    11.8,correlated_pymatching,5dc8e74a0a28e52dabca52d06f77e22020eca85e89bd176b9d33ba32818e593b,"{""d"":7,""p"":0.00046415888336127773,""r"":7}",
        64,         0,         0,   0.168,correlated_pymatching,5dc8e74a0a28e52dabca52d06f77e22020eca85e89bd176b9d33ba32818e593b,"{""d"":7,""p"":0.00046415888336127773,""r"":7}",
        64,         0,         0,   0.173,correlated_pymatching,5dc8e74a0a28e52dabca52d06f77e22020eca85e89bd176b9d33ba32818e593b,"{""d"":7,""p"":0.00046415888336127773,""r"":7}",
      2048,         0,         0,   0.230,correlated_pymatching,0ca1613404eeae08d0e1c39cbe874bf152fd2973b6a9892bb5cd27f6a9c962ed,"{""d"":7,""p"":0.00021544346900318845,""r"":7}",
      2048,         0,         0,   0.233,correlated_pymatching,5b07d31ee7f2888344550fdfd45240bc75fe8b924e64b35790e33d7ebcad3ae8,"{""d"":7,""p"":0.0001,""r"":7}",
       128,         0,         0,   0.168,correlated_pymatching,5dc8e74a0a28e52dabca52d06f77e22020eca85e89bd176b9d33ba32818e593b,"{""d"":7,""p"":0.00046415888336127773,""r"":7}",
       128,         0,         0,   0.178,correlated_pymatching,5dc8e74a0a28e52dabca52d06f77e22020eca85e89bd176b9d33ba32818e593b,"{""d"":7,""p"":0.00046415888336127773,""r"":7}",
      2048,         0,         0,   0.322,correlated_pymatching,539de98e8fed58e6bc08fc7a9514e9c858dc52c157652b467080a50b7a82244c,"{""d"":7,""p"":0.001,""r"":7}",
     76800,        10,         0,    11.8,correlated_pymatching,539de98e8fed58e6bc08fc7a9514e9c858dc52c157652b467080a50b7a82244c,"{""d"":7,""p"":0.001,""r"":7}","{""obs_mistake_mask=E"":10}"
      2048,         0,         0,   0.324,correlated_pymatching,539de98e8fed58e6bc08fc7a9514e9c858dc52c157652b467080a50b7a82244c,"{""d"":7,""p"":0.001,""r"":7}",
       256,         0,         0,   0.181,correlated_pymatching,5dc8e74a0a28e52dabca52d06f77e22020eca85e89bd176b9d33ba32818e593b,"{""d"":7,""p"":0.00046415888336127773,""r"":7}",
       256,         0,         0,   0.187,correlated_pymatching,5dc8e74a0a28e52dabca52d06f77e22020eca85e89bd176b9d33ba32818e593b,"{""d"":7,""p"":0.00046415888336127773,""r"":7}",
      3072,         0,         0,   0.341,correlated_pymatching,0ca1613404eeae08d0e1c39cbe874bf152fd2973b6a9892bb5cd27f6a9c962ed,"{""d"":7,""p"":0.00021544346900318845,""r"":7}",
      3072,         0,         0,   0.345,correlated_pymatching,5b07d31ee7f2888344550fdfd45240bc75fe8b924e64b35790e33d7ebcad3ae8,"{""d"":7,""p"":0.0001,""r"":7}",
      2048,         0,         0,   0.323,correlated_pymatching,539de98e8fed58e6bc08fc7a9514e9c858dc52c157652b467080a50b7a82244c,"{""d"":7,""p"":0.001,""r"":7}",
      2048,         0,         0,   0.324,correlated_pymatching,539de98e8fed58e6bc08fc7a9514e9c858dc52c157652b467080a50b7a82244c,"{""d"":7,""p"":0.001,""r"":7}",
     10240,         0,         0,    1.15,correlated_pymatching,5b07d31ee7f2888344550fdfd45240bc75fe8b924e64b35790e33d7ebcad3ae8,"{""d"":7,""p"":0.0001,""r"":7}",
      1536,         0,         0,   0.405,correlated_pymatching,5dc8e74a0a28e52dabca52d06f77e22020eca85e89bd176b9d33ba32818e593b,"{""d"":7,""p"":0.00046415888336127773,""r"":7}",
      1536,         0,         0,   0.415,correlated_pymatching,5dc8e74a0a28e52dabca52d06f77e22020eca85e89bd176b9d33ba32818e593b,"{""d"":7,""p"":0.00046415888336127773,""r"":7}",
     11264,         0,         0,    1.19,correlated_pymatching,5b07d31ee7f2888344550fdfd45240bc75fe8b924e64b35790e33d7ebcad3ae8,"{""d"":7,""p"":0.0001,""r"":7}",
      4096,         0,         0,   0.456,correlated_pymatching,0ca1613404eeae08d0e1c39cbe874bf152fd2973b6a9892bb5cd27f6a9c962ed,"{""d"":7,""p"":0.00021544346900318845,""r"":7}",
     10240,         0,         0,    1.19,correlated_pymatching,0ca1613404eeae08d0e1c39cbe874bf152fd2973b6a9892bb5cd27f6a9c962ed,"{""d"":7,""p"":0.00021544346900318845,""r"":7}",
      4096,         0,         0,   0.463,correlated_pymatching,5b07d31ee7f2888344550fdfd45240bc75fe8b924e64b35790e33d7ebcad3ae8,"{""d"":7,""p"":0.0001,""r"":7}",
     13312,         0,         0,    1.58,correlated_pymatching,0ca1613404eeae08d0e1c39cbe874bf152fd2973b6a9892bb5cd27f6a9c962ed,"{""d"":7,""p"":0.00021544346900318845,""r"":7}",
     10240,         0,         0,    1.19,correlated_pymatching,0ca1613404eeae08d0e1c39cbe874bf152fd2973b6a9892bb5cd27f6a9c962ed,"{""d"":7,""p"":0.00021544346900318845,""r"":7}",
     10240,         2,         0,    1.61,correlated_pymatching,539de98e8fed58e6bc08fc7a9514e9c858dc52c157652b467080a50b7a82244c,"{""d"":7,""p"":0.001,""r"":7}","{""obs_mistake_mask=E"":2}"
     13312,         0,         0,    1.61,correlated_pymatching,5dc8e74a0a28e52dabca52d06f77e22020eca85e89bd176b9d33ba32818e593b,"{""d"":7,""p"":0.00046415888336127773,""r"":7}",
      3072,         0,         0,   0.475,correlated_pymatching,539de98e8fed58e6bc08fc7a9514e9c858dc52c157652b467080a50b7a82244c,"{""d"":7,""p"":0.001,""r"":7}",
      3072,         0,         0,   0.483,correlated_pymatching,539de98e8fed58e6bc08fc7a9514e9c858dc52c157652b467080a50b7a82244c,"{""d"":7,""p"":0.001,""r"":7}",
    105472,         0,         0,    11.7,correlated_pymatching,0ca1613404eeae08d0e1c39cbe874bf152fd2973b6a9892bb5cd27f6a9c962ed,"{""d"":7,""p"":0.00021544346900318845,""r"":7}",
      2048,         0,         0,   0.430,correlated_pymatching,5dc8e74a0a28e52dabca52d06f77e22020eca85e89bd176b9d33ba32818e593b,"{""d"":7,""p"":0.00046415888336127773,""r"":7}",
     12288,         1,         0,    1.59,correlated_pymatching,5dc8e74a0a28e52dabca52d06f77e22020eca85e89bd176b9d33ba32818e593b,"{""d"":7,""p"":0.00046415888336127773,""r"":7}","{""obs_mistake_mask=E"":1}"
      2048,         0,         0,   0.436,correlated_pymatching,5dc8e74a0a28e52dabca52d06f77e22020eca85e89bd176b9d33ba32818e593b,"{""d"":7,""p"":0.00046415888336127773,""r"":7}",
     10240,         3,         0,    1.60,correlated_pymatching,539de98e8fed58e6bc08fc7a9514e9c858dc52c157652b467080a50b7a82244c,"{""d"":7,""p"":0.001,""r"":7}","{""obs_mistake_mask=E"":3}"
    106496,         0,         0,    11.8,correlated_pymatching,5b07d31ee7f2888344550fdfd45240bc75fe8b924e64b35790e33d7ebcad3ae8,"{""d"":7,""p"":0.0001,""r"":7}",
      5120,         0,         0,   0.568,correlated_pymatching,0ca1613404eeae08d0e1c39cbe874bf152fd2973b6a9892bb5cd27f6a9c962ed,"{""d"":7,""p"":0.00021544346900318845,""r"":7}",
      5120,         0,         0,   0.571,correlated_pymatching,5b07d31ee7f2888344550fdfd45240bc75fe8b924e64b35790e33d7ebcad3ae8,"{""d"":7,""p"":0.0001,""r"":7}",
      2048,         0,         0,   0.431,correlated_pymatching,5dc8e74a0a28e52dabca52d06f77e22020eca85e89bd176b9d33ba32818e593b,"{""d"":7,""p"":0.00046415888336127773,""r"":7}",
     79872,        12,         0,    11.7,correlated_pymatching,539de98e8fed58e6bc08fc7a9514e9c858dc52c157652b467080a50b7a82244c,"{""d"":7,""p"":0.001,""r"":7}","{""obs_mistake_mask=E"":12}"
      2048,         0,         0,   0.429,correlated_pymatching,5dc8e74a0a28e52dabca52d06f77e22020eca85e89bd176b9d33ba32818e593b,"{""d"":7,""p"":0.00046415888336127773,""r"":7}",
      4096,         0,         0,   0.640,correlated_pymatching,539de98e8fed58e6bc08fc7a9514e9c858dc52c157652b467080a50b7a82244c,"{""d"":7,""p"":0.001,""r"":7}",
     92160,         1,         0,    11.8,correlated_pymatching,5dc8e74a0a28e52dabca52d06f77e22020eca85e89bd176b9d33ba32818e593b,"{""d"":7,""p"":0.00046415888336127773,""r"":7}","{""obs_mistake_mask=E"":1}"
      4096,         0,         0,   0.645,correlated_pymatching,539de98e8fed58e6bc08fc7a9514e9c858dc52c157652b467080a50b7a82244c,"{""d"":7,""p"":0.001,""r"":7}",
      7168,         0,         0,   0.794,correlated_pymatching,0ca1613404eeae08d0e1c39cbe874bf152fd2973b6a9892bb5cd27f6a9c962ed,"{""d"":7,""p"":0.00021544346900318845,""r"":7}",
      3072,         0,         0,   0.643,correlated_pymatching,5dc8e74a0a28e52dabca52d06f77e22020eca85e89bd176b9d33ba32818e593b,"{""d"":7,""p"":0.00046415888336127773,""r"":7}",
      7168,         0,         0,   0.810,correlated_pymatching,5b07d31ee7f2888344550fdfd45240bc75fe8b924e64b35790e33d7ebcad3ae8,"{""d"":7,""p"":0.0001,""r"":7}",
     14336,         0,         0,    1.61,correlated_pymatching,5b07d31ee7f2888344550fdfd45240bc75fe8b924e64b35790e33d7ebcad3ae8,"{""d"":7,""p"":0.0001,""r"":7}",
      3072,         0,         0,   0.653,correlated_pymatching,5dc8e74a0a28e52dabca52d06f77e22020eca85e89bd176b9d33ba32818e593b,"{""d"":7,""p"":0.00046415888336127773,""r"":7}",
     13312,         0,         0,    1.56,correlated_pymatching,0ca1613404eeae08d0e1c39cbe874bf152fd2973b6a9892bb5cd27f6a9c962ed,"{""d"":7,""p"":0.00021544346900318845,""r"":7}",
     15360,         0,         0,    1.63,correlated_pymatching,5b07d31ee7f2888344550fdfd45240bc75fe8b924e64b35790e33d7ebcad3ae8,"{""d"":7,""p"":0.0001,""r"":7}",
      5120,         3,         0,   0.798,correlated_pymatching,539de98e8fed58e6bc08fc7a9514e9c858dc52c157652b467080a50b7a82244c,"{""d"":7,""p"":0.001,""r"":7}","{""obs_mistake_mask=E"":3}"
      5120,         0,         0,   0.803,correlated_pymatching,539de98e8fed58e6bc08fc7a9514e9c858dc52c157652b467080a50b7a82244c,"{""d"":7,""p"":0.001,""r"":7}",
     13312,         0,         0,    1.58,correlated_pymatching,0ca1613404eeae08d0e1c39cbe874bf152fd2973b6a9892bb5cd27f6a9c962ed,"{""d"":7,""p"":0.00021544346900318845,""r"":7}",
      4096,         0,         0,   0.861,correlated_pymatching,5dc8e74a0a28e52dabca52d06f77e22020eca85e89bd176b9d33ba32818e593b,"{""d"":7,""p"":0.00046415888336127773,""r"":7}",
     18432,         0,         0,    2.19,correlated_pymatching,0ca1613404eeae08d0e1c39cbe874bf152fd2973b6a9892bb5cd27f6a9c962ed,"{""d"":7,""p"":0.00021544346900318845,""r"":7}",
      4096,         0,         0,   0.869,correlated_pymatching,5dc8e74a0a28e52dabca52d06f77e22020eca85e89bd176b9d33ba32818e593b,"{""d"":7,""p"":0.00046415888336127773,""r"":7}",
     14336,         3,         0,    2.25,correlated_pymatching,539de98e8fed58e6bc08fc7a9514e9c858dc52c157652b467080a50b7a82244c,"{""d"":7,""p"":0.001,""r"":7}","{""obs_mistake_mask=E"":3}"
     18432,         0,         0,    2.25,correlated_pymatching,5dc8e74a0a28e52dabca52d06f77e22020eca85e89bd176b9d33ba32818e593b,"{""d"":7,""p"":0.00046415888336127773,""r"":7}",
     10240,         0,         0,    1.14,correlated_pymatching,0ca1613404eeae08d0e1c39cbe874bf152fd2973b6a9892bb5cd27f6a9c962ed,"{""d"":7,""p"":0.00021544346900318845,""r"":7}",
     10240,         0,         0,    1.15,correlated_pymatching,5b07d31ee7f2888344550fdfd45240bc75fe8b924e64b35790e33d7ebcad3ae8,"{""d"":7,""p"":0.0001,""r"":7}",
     14336,         3,         0,    2.23,correlated_pymatching,539de98e8fed58e6bc08fc7a9514e9c858dc52c157652b467080a50b7a82244c,"{""d"":7,""p"":0.001,""r"":7}","{""obs_mistake_mask=E"":3}"
     17408,         0,         0,    2.25,correlated_pymatching,5dc8e74a0a28e52dabca52d06f77e22020eca85e89bd176b9d33ba32818e593b,"{""d"":7,""p"":0.00046415888336127773,""r"":7}",
      7168,         2,         0,    1.14,correlated_pymatching,539de98e8fed58e6bc08fc7a9514e9c858dc52c157652b467080a50b7a82244c,"{""d"":7,""p"":0.001,""r"":7}","{""obs_mistake_mask=E"":2}"
      7168,         2,         0,    1.12,correlated_pymatching,539de98e8fed58e6bc08fc7a9514e9c858dc52c157652b467080a50b7a82244c,"{""d"":7,""p"":0.001,""r"":7}","{""obs_mistake_mask=E"":2}"
      6144,         0,         0,    1.30,correlated_pymatching,5dc8e74a0a28e52dabca52d06f77e22020eca85e89bd176b9d33ba32818e593b,"{""d"":7,""p"":0.00046415888336127773,""r"":7}",
      6144,         0,         0,    1.29,correlated_pymatching,5dc8e74a0a28e52dabca52d06f77e22020eca85e89bd176b9d33ba32818e593b,"{""d"":7,""p"":0.00046415888336127773,""r"":7}",
     19456,         0,         0,    2.20,correlated_pymatching,5b07d31ee7f2888344550fdfd45240bc75fe8b924e64b35790e33d7ebcad3ae8,"{""d"":7,""p"":0.0001,""r"":7}",
     18432,         0,         0,    2.19,correlated_pymatching,0ca1613404eeae08d0e1c39cbe874bf152fd2973b6a9892bb5cd27f6a9c962ed,"{""d"":7,""p"":0.00021544346900318845,""r"":7}",
     18432,         0,         0,    2.18,correlated_pymatching,0ca1613404eeae08d0e1c39cbe874bf152fd2973b6a9892bb5cd27f6a9c962ed,"{""d"":7,""p"":0.00021544346900318845,""r"":7}",
     21504,         0,         0,    2.28,correlated_pymatching,5b07d31ee7f2888344550fdfd45240bc75fe8b924e64b35790e33d7ebcad3ae8,"{""d"":7,""p"":0.0001,""r"":7}",
     14336,         0,         0,    1.59,correlated_pymatching,0ca1613404eeae08d0e1c39cbe874bf152fd2973b6a9892bb5cd27f6a9c962ed,"{""d"":7,""p"":0.00021544346900318845,""r"":7}",
     14336,         0,         0,    1.65,correlated_pymatching,5b07d31ee7f2888344550fdfd45240bc75fe8b924e64b35790e33d7ebcad3ae8,"{""d"":7,""p"":0.0001,""r"":7}",
     10240,         3,         0,    1.61,correlated_pymatching,539de98e8fed58e6bc08fc7a9514e9c858dc52c157652b467080a50b7a82244c,"{""d"":7,""p"":0.001,""r"":7}","{""obs_mistake_mask=E"":3}"
     10240,         0,         0,    1.61,correlated_pymatching,539de98e8fed58e6bc08fc7a9514e9c858dc52c157652b467080a50b7a82244c,"{""d"":7,""p"":0.001,""r"":7}",
      8192,         0,         0,    1.71,correlated_pymatching,5dc8e74a0a28e52dabca52d06f77e22020eca85e89bd176b9d33ba32818e593b,"{""d"":7,""p"":0.00046415888336127773,""r"":7}",
      8192,         0,         0,    1.73,correlated_pymatching,5dc8e74a0a28e52dabca52d06f77e22020eca85e89bd176b9d33ba32818e593b,"{""d"":7,""p"":0.00046415888336127773,""r"":7}",
     26624,         0,         0,    3.16,correlated_pymatching,0ca1613404eeae08d0e1c39cbe874bf152fd2973b6a9892bb5cd27f6a9c962ed,"{""d"":7,""p"":0.00021544346900318845,""r"":7}",
     19456,         6,         0,    3.08,correlated_pymatching,539de98e8fed58e6bc08fc7a9514e9c858dc52c157652b467080a50b7a82244c,"{""d"":7,""p"":0.001,""r"":7}","{""obs_mistake_mask=E"":6}"
     25600,         0,         0,    3.14,correlated_pymatching,5dc8e74a0a28e52dabca52d06f77e22020eca85e89bd176b9d33ba32818e593b,"{""d"":7,""p"":0.00046415888336127773,""r"":7}",
     19456,         6,         0,    3.05,correlated_pymatching,539de98e8fed58e6bc08fc7a9514e9c858dc52c157652b467080a50b7a82244c,"{""d"":7,""p"":0.001,""r"":7}","{""obs_mistake_mask=E"":6}"
     23552,         1,         0,    3.06,correlated_pymatching,5dc8e74a0a28e52dabca52d06f77e22020eca85e89bd176b9d33ba32818e593b,"{""d"":7,""p"":0.00046415888336127773,""r"":7}","{""obs_mistake_mask=E"":1}"
     98304,         0,         0,    11.7,correlated_pymatching,0ca1613404eeae08d0e1c39cbe874bf152fd2973b6a9892bb5cd27f6a9c962ed,"{""d"":7,""p"":0.00021544346900318845,""r"":7}",
    105472,         0,         0,    11.8,correlated_pymatching,5b07d31ee7f2888344550fdfd45240bc75fe8b924e64b35790e33d7ebcad3ae8,"{""d"":7,""p"":0.0001,""r"":7}",
     77824,        11,         0,    11.8,correlated_pymatching,539de98e8fed58e6bc08fc7a9514e9c858dc52c157652b467080a50b7a82244c,"{""d"":7,""p"":0.001,""r"":7}","{""obs_mistake_mask=E"":11}"
     95232,         0,         0,    11.9,correlated_pymatching,5dc8e74a0a28e52dabca52d06f77e22020eca85e89bd176b9d33ba32818e593b,"{""d"":7,""p"":0.00046415888336127773,""r"":7}",
     17408,         0,         0,    2.19,correlated_pymatching,5b07d31ee7f2888344550fdfd45240bc75fe8b924e64b35790e33d7ebcad3ae8,"{""d"":7,""p"":0.0001,""r"":7}",
     18432,         0,         0,    2.42,correlated_pymatching,0ca1613404eeae08d0e1c39cbe874bf152fd2973b6a9892bb5cd27f6a9c962ed,"{""d"":7,""p"":0.00021544346900318845,""r"":7}",
     12288,         1,         0,    2.25,correlated_pymatching,539de98e8fed58e6bc08fc7a9514e9c858dc52c157652b467080a50b7a82244c,"{""d"":7,""p"":0.001,""r"":7}","{""obs_mistake_mask=E"":1}"
     24576,         0,         0,    3.11,correlated_pymatching,5b07d31ee7f2888344550fdfd45240bc75fe8b924e64b35790e33d7ebcad3ae8,"{""d"":7,""p"":0.0001,""r"":7}",
     13312,         2,         0,    2.38,correlated_pymatching,539de98e8fed58e6bc08fc7a9514e9c858dc52c157652b467080a50b7a82244c,"{""d"":7,""p"":0.001,""r"":7}","{""obs_mistake_mask=E"":2}"
     23552,         0,         0,    3.06,correlated_pymatching,5b07d31ee7f2888344550fdfd45240bc75fe8b924e64b35790e33d7ebcad3ae8,"{""d"":7,""p"":0.0001,""r"":7}",
     21504,         0,         0,    3.07,correlated_pymatching,0ca1613404eeae08d0e1c39cbe874bf152fd2973b6a9892bb5cd27f6a9c962ed,"{""d"":7,""p"":0.00021544346900318845,""r"":7}",
     22528,         0,         0,    3.19,correlated_pymatching,0ca1613404eeae08d0e1c39cbe874bf152fd2973b6a9892bb5cd27f6a9c962ed,"{""d"":7,""p"":0.00021544346900318845,""r"":7}",
      7168,         0,         0,    2.19,correlated_pymatching,5dc8e74a0a28e52dabca52d06f77e22020eca85e89bd176b9d33ba32818e593b,"{""d"":7,""p"":0.00046415888336127773,""r"":7}",
      7168,         0,         0,    2.32,correlated_pymatching,5dc8e74a0a28e52dabca52d06f77e22020eca85e89bd176b9d33ba32818e593b,"{""d"":7,""p"":0.00046415888336127773,""r"":7}",
    101376,         0,         0,    11.9,correlated_pymatching,5b07d31ee7f2888344550fdfd45240bc75fe8b924e64b35790e33d7ebcad3ae8,"{""d"":7,""p"":0.0001,""r"":7}",
     13312,         0,         0,    3.06,correlated_pymatching,0ca1613404eeae08d0e1c39cbe874bf152fd2973b6a9892bb5cd27f6a9c962ed,"{""d"":7,""p"":0.00021544346900318845,""r"":7}",
     14336,         0,         0,    3.16,correlated_pymatching,5b07d31ee7f2888344550fdfd45240bc75fe8b924e64b35790e33d7ebcad3ae8,"{""d"":7,""p"":0.0001,""r"":7}",
     21504,         0,         0,    4.25,correlated_pymatching,0ca1613404eeae08d0e1c39cbe874bf152fd2973b6a9892bb5cd27f6a9c962ed,"{""d"":7,""p"":0.00021544346900318845,""r"":7}",
     15360,         1,         0,    4.28,correlated_pymatching,539de98e8fed58e6bc08fc7a9514e9c858dc52c157652b467080a50b7a82244c,"{""d"":7,""p"":0.001,""r"":7}","{""obs_mistake_mask=E"":1}"
     18432,         0,         0,    4.32,correlated_pymatching,5dc8e74a0a28e52dabca52d06f77e22020eca85e89bd176b9d33ba32818e593b,"{""d"":7,""p"":0.00046415888336127773,""r"":7}",
     10240,         3,         0,    3.12,correlated_pymatching,539de98e8fed58e6bc08fc7a9514e9c858dc52c157652b467080a50b7a82244c,"{""d"":7,""p"":0.001,""r"":7}","{""obs_mistake_mask=E"":3}"
     10240,         4,         0,    3.24,correlated_pymatching,539de98e8fed58e6bc08fc7a9514e9c858dc52c157652b467080a50b7a82244c,"{""d"":7,""p"":0.001,""r"":7}","{""obs_mistake_mask=E"":4}"
     19456,         0,         0,    4.40,correlated_pymatching,5dc8e74a0a28e52dabca52d06f77e22020eca85e89bd176b9d33ba32818e593b,"{""d"":7,""p"":0.00046415888336127773,""r"":7}",
     15360,         4,         0,    4.55,correlated_pymatching,539de98e8fed58e6bc08fc7a9514e9c858dc52c157652b467080a50b7a82244c,"{""d"":7,""p"":0.001,""r"":7}","{""obs_mistake_mask=E"":4}"
      8192,         0,         0,    3.39,correlated_pymatching,5dc8e74a0a28e52dabca52d06f77e22020eca85e89bd176b9d33ba32818e593b,"{""d"":7,""p"":0.00046415888336127773,""r"":7}",
      8192,         0,         0,    3.39,correlated_pymatching,5dc8e74a0a28e52dabca52d06f77e22020eca85e89bd176b9d33ba32818e593b,"{""d"":7,""p"":0.00046415888336127773,""r"":7}",
     20480,         0,         0,    4.34,correlated_pymatching,5b07d31ee7f2888344550fdfd45240bc75fe8b924e64b35790e33d7ebcad3ae8,"{""d"":7,""p"":0.0001,""r"":7}",
     19456,         0,         0,    4.33,correlated_pymatching,5b07d31ee7f2888344550fdfd45240bc75fe8b924e64b35790e33d7ebcad3ae8,"{""d"":7,""p"":0.0001,""r"":7}",
     18432,         0,         0,    4.27,correlated_pymatching,0ca1613404eeae08d0e1c39cbe874bf152fd2973b6a9892bb5cd27f6a9c962ed,"{""d"":7,""p"":0.00021544346900318845,""r"":7}",
     18432,         0,         0,    4.31,correlated_pymatching,0ca1613404eeae08d0e1c39cbe874bf152fd2973b6a9892bb5cd27f6a9c962ed,"{""d"":7,""p"":0.00021544346900318845,""r"":7}",
     19456,         0,         0,    4.37,correlated_pymatching,5b07d31ee7f2888344550fdfd45240bc75fe8b924e64b35790e33d7ebcad3ae8,"{""d"":7,""p"":0.0001,""r"":7}",
     21504,         0,         0,    4.44,correlated_pymatching,0ca1613404eeae08d0e1c39cbe874bf152fd2973b6a9892bb5cd27f6a9c962ed,"{""d"":7,""p"":0.00021544346900318845,""r"":7}",
    109568,         0,         0,    16.5,correlated_pymatching,0ca1613404eeae08d0e1c39cbe874bf152fd2973b6a9892bb5cd27f6a9c962ed,"{""d"":7,""p"":0.00021544346900318845,""r"":7}",
     14336,         0,         0,    4.32,correlated_pymatching,539de98e8fed58e6bc08fc7a9514e9c858dc52c157652b467080a50b7a82244c,"{""d"":7,""p"":0.001,""r"":7}",
    114688,         0,         0,    16.5,correlated_pymatching,5b07d31ee7f2888344550fdfd45240bc75fe8b924e64b35790e33d7ebcad3ae8,"{""d"":7,""p"":0.0001,""r"":7}",
     14336,         0,         0,    4.51,correlated_pymatching,539de98e8fed58e6bc08fc7a9514e9c858dc52c157652b467080a50b7a82244c,"{""d"":7,""p"":0.001,""r"":7}",
     97280,         2,         0,    16.6,correlated_pymatching,5dc8e74a0a28e52dabca52d06f77e22020eca85e89bd176b9d33ba32818e593b,"{""d"":7,""p"":0.00046415888336127773,""r"":7}","{""obs_mistake_mask=E"":2}"
     80896,        11,         0,    16.7,correlated_pymatching,539de98e8fed58e6bc08fc7a9514e9c858dc52c157652b467080a50b7a82244c,"{""d"":7,""p"":0.001,""r"":7}","{""obs_mistake_mask=E"":11}"
    104448,         0,         0,    16.4,correlated_pymatching,5b07d31ee7f2888344550fdfd45240bc75fe8b924e64b35790e33d7ebcad3ae8,"{""d"":7,""p"":0.0001,""r"":7}",
     10240,         0,         0,    4.36,correlated_pymatching,5dc8e74a0a28e52dabca52d06f77e22020eca85e89bd176b9d33ba32818e593b,"{""d"":7,""p"":0.00046415888336127773,""r"":7}",
    100352,         0,         0,    16.5,correlated_pymatching,0ca1613404eeae08d0e1c39cbe874bf152fd2973b6a9892bb5cd27f6a9c962ed,"{""d"":7,""p"":0.00021544346900318845,""r"":7}",
     90112,         0,         0,    16.4,correlated_pymatching,5dc8e74a0a28e52dabca52d06f77e22020eca85e89bd176b9d33ba32818e593b,"{""d"":7,""p"":0.00046415888336127773,""r"":7}",
     11264,         0,         0,    4.55,correlated_pymatching,5dc8e74a0a28e52dabca52d06f77e22020eca85e89bd176b9d33ba32818e593b,"{""d"":7,""p"":0.00046415888336127773,""r"":7}",
     25600,         0,         0,    6.09,correlated_pymatching,0ca1613404eeae08d0e1c39cbe874bf152fd2973b6a9892bb5cd27f6a9c962ed,"{""d"":7,""p"":0.00021544346900318845,""r"":7}",
     72704,         9,         0,    16.5,correlated_pymatching,539de98e8fed58e6bc08fc7a9514e9c858dc52c157652b467080a50b7a82244c,"{""d"":7,""p"":0.001,""r"":7}","{""obs_mistake_mask=E"":9}"
     19456,         8,         0,    6.17,correlated_pymatching,539de98e8fed58e6bc08fc7a9514e9c858dc52c157652b467080a50b7a82244c,"{""d"":7,""p"":0.001,""r"":7}","{""obs_mistake_mask=E"":8}"
     24576,         0,         0,    6.18,correlated_pymatching,5dc8e74a0a28e52dabca52d06f77e22020eca85e89bd176b9d33ba32818e593b,"{""d"":7,""p"":0.00046415888336127773,""r"":7}",
     24576,         0,         0,    6.09,correlated_pymatching,5dc8e74a0a28e52dabca52d06f77e22020eca85e89bd176b9d33ba32818e593b,"{""d"":7,""p"":0.00046415888336127773,""r"":7}",
     19456,         3,         0,    6.08,correlated_pymatching,539de98e8fed58e6bc08fc7a9514e9c858dc52c157652b467080a50b7a82244c,"{""d"":7,""p"":0.001,""r"":7}","{""obs_mistake_mask=E"":3}"
     97280,         0,         0,    16.5,correlated_pymatching,0ca1613404eeae08d0e1c39cbe874bf152fd2973b6a9892bb5cd27f6a9c962ed,"{""d"":7,""p"":0.00021544346900318845,""r"":7}",
     99328,         0,         0,    16.5,correlated_pymatching,5b07d31ee7f2888344550fdfd45240bc75fe8b924e64b35790e33d7ebcad3ae8,"{""d"":7,""p"":0.0001,""r"":7}",
     26624,         0,         0,    6.02,correlated_pymatching,5b07d31ee7f2888344550fdfd45240bc75fe8b924e64b35790e33d7ebcad3ae8,"{""d"":7,""p"":0.0001,""r"":7}",
     27648,         0,         0,    6.10,correlated_pymatching,5b07d31ee7f2888344550fdfd45240bc75fe8b924e64b35790e33d7ebcad3ae8,"{""d"":7,""p"":0.0001,""r"":7}",
     25600,         0,         0,    6.12,correlated_pymatching,0ca1613404eeae08d0e1c39cbe874bf152fd2973b6a9892bb5cd27f6a9c962ed,"{""d"":7,""p"":0.00021544346900318845,""r"":7}",
     72704,        13,         0,    16.6,correlated_pymatching,539de98e8fed58e6bc08fc7a9514e9c858dc52c157652b467080a50b7a82244c,"{""d"":7,""p"":0.001,""r"":7}","{""obs_mistake_mask=E"":13}"
     26624,         0,         0,    6.14,correlated_pymatching,0ca1613404eeae08d0e1c39cbe874bf152fd2973b6a9892bb5cd27f6a9c962ed,"{""d"":7,""p"":0.00021544346900318845,""r"":7}",
     84992,         1,         0,    16.6,correlated_pymatching,5dc8e74a0a28e52dabca52d06f77e22020eca85e89bd176b9d33ba32818e593b,"{""d"":7,""p"":0.00046415888336127773,""r"":7}","{""obs_mistake_mask=E"":1}"
     26624,         0,         0,    6.02,correlated_pymatching,5b07d31ee7f2888344550fdfd45240bc75fe8b924e64b35790e33d7ebcad3ae8,"{""d"":7,""p"":0.0001,""r"":7}",
     27648,         0,         0,    6.07,correlated_pymatching,0ca1613404eeae08d0e1c39cbe874bf152fd2973b6a9892bb5cd27f6a9c962ed,"{""d"":7,""p"":0.00021544346900318845,""r"":7}",
     19456,         2,         0,    6.17,correlated_pymatching,539de98e8fed58e6bc08fc7a9514e9c858dc52c157652b467080a50b7a82244c,"{""d"":7,""p"":0.001,""r"":7}","{""obs_mistake_mask=E"":2}"
     19456,         5,         0,    6.19,correlated_pymatching,539de98e8fed58e6bc08fc7a9514e9c858dc52c157652b467080a50b7a82244c,"{""d"":7,""p"":0.001,""r"":7}","{""obs_mistake_mask=E"":5}"
     14336,         1,         0,    6.04,correlated_pymatching,5dc8e74a0a28e52dabca52d06f77e22020eca85e89bd176b9d33ba32818e593b,"{""d"":7,""p"":0.00046415888336127773,""r"":7}","{""obs_mistake_mask=E"":1}"
     14336,         0,         0,    6.05,correlated_pymatching,5dc8e74a0a28e52dabca52d06f77e22020eca85e89bd176b9d33ba32818e593b,"{""d"":7,""p"":0.00046415888336127773,""r"":7}",
     69632,         0,         0,    16.4,correlated_pymatching,0ca1613404eeae08d0e1c39cbe874bf152fd2973b6a9892bb5cd27f6a9c962ed,"{""d"":7,""p"":0.00021544346900318845,""r"":7}",
     72704,         0,         0,    16.4,correlated_pymatching,5b07d31ee7f2888344550fdfd45240bc75fe8b924e64b35790e33d7ebcad3ae8,"{""d"":7,""p"":0.0001,""r"":7}",
     65536,         0,         0,    16.5,correlated_pymatching,5dc8e74a0a28e52dabca52d06f77e22020eca85e89bd176b9d33ba32818e593b,"{""d"":7,""p"":0.00046415888336127773,""r"":7}",
     54272,         8,         0,    16.7,correlated_pymatching,539de98e8fed58e6bc08fc7a9514e9c858dc52c157652b467080a50b7a82244c,"{""d"":7,""p"":0.001,""r"":7}","{""obs_mistake_mask=E"":8}"
     34816,         0,         0,    8.41,correlated_pymatching,0ca1613404eeae08d0e1c39cbe874bf152fd2973b6a9892bb5cd27f6a9c962ed,"{""d"":7,""p"":0.00021544346900318845,""r"":7}",
     26624,         4,         0,    8.42,correlated_pymatching,539de98e8fed58e6bc08fc7a9514e9c858dc52c157652b467080a50b7a82244c,"{""d"":7,""p"":0.001,""r"":7}","{""obs_mistake_mask=E"":4}"
     76800,         0,         0,    16.5,correlated_pymatching,5b07d31ee7f2888344550fdfd45240bc75fe8b924e64b35790e33d7ebcad3ae8,"{""d"":7,""p"":0.0001,""r"":7}",
     33792,         0,         0,    8.44,correlated_pymatching,5dc8e74a0a28e52dabca52d06f77e22020eca85e89bd176b9d33ba32818e593b,"{""d"":7,""p"":0.00046415888336127773,""r"":7}",
     32768,         0,         0,    8.35,correlated_pymatching,5dc8e74a0a28e52dabca52d06f77e22020eca85e89bd176b9d33ba32818e593b,"{""d"":7,""p"":0.00046415888336127773,""r"":7}",
     26624,         8,         0,    8.44,correlated_pymatching,539de98e8fed58e6bc08fc7a9514e9c858dc52c157652b467080a50b7a82244c,"{""d"":7,""p"":0.001,""r"":7}","{""obs_mistake_mask=E"":8}"
     37888,         0,         0,    8.40,correlated_pymatching,5b07d31ee7f2888344550fdfd45240bc75fe8b924e64b35790e33d7ebcad3ae8,"{""d"":7,""p"":0.0001,""r"":7}",
     38912,         0,         0,    8.42,correlated_pymatching,5b07d31ee7f2888344550fdfd45240bc75fe8b924e64b35790e33d7ebcad3ae8,"{""d"":7,""p"":0.0001,""r"":7}",
     35840,         0,         0,    8.35,correlated_pymatching,0ca1613404eeae08d0e1c39cbe874bf152fd2973b6a9892bb5cd27f6a9c962ed,"{""d"":7,""p"":0.00021544346900318845,""r"":7}",
     35840,         0,         0,    8.42,correlated_pymatching,0ca1613404eeae08d0e1c39cbe874bf152fd2973b6a9892bb5cd27f6a9c962ed,"{""d"":7,""p"":0.00021544346900318845,""r"":7}",
     36864,         0,         0,    8.43,correlated_pymatching,5b07d31ee7f2888344550fdfd45240bc75fe8b924e64b35790e33d7ebcad3ae8,"{""d"":7,""p"":0.0001,""r"":7}",
     38912,         0,         0,    8.51,correlated_pymatching,0ca1613404eeae08d0e1c39cbe874bf152fd2973b6a9892bb5cd27f6a9c962ed,"{""d"":7,""p"":0.00021544346900318845,""r"":7}",
     27648,         3,         0,    8.71,correlated_pymatching,539de98e8fed58e6bc08fc7a9514e9c858dc52c157652b467080a50b7a82244c,"{""d"":7,""p"":0.001,""r"":7}","{""obs_mistake_mask=E"":3}"
     27648,         4,         0,    8.63,correlated_pymatching,539de98e8fed58e6bc08fc7a9514e9c858dc52c157652b467080a50b7a82244c,"{""d"":7,""p"":0.001,""r"":7}","{""obs_mistake_mask=E"":4}"
     20480,         1,         0,    8.56,correlated_pymatching,5dc8e74a0a28e52dabca52d06f77e22020eca85e89bd176b9d33ba32818e593b,"{""d"":7,""p"":0.00046415888336127773,""r"":7}","{""obs_mistake_mask=E"":1}"
     20480,         0,         0,    8.72,correlated_pymatching,5dc8e74a0a28e52dabca52d06f77e22020eca85e89bd176b9d33ba32818e593b,"{""d"":7,""p"":0.00046415888336127773,""r"":7}",
     50176,         0,         0,    11.9,correlated_pymatching,0ca1613404eeae08d0e1c39cbe874bf152fd2973b6a9892bb5cd27f6a9c962ed,"{""d"":7,""p"":0.00021544346900318845,""r"":7}",
     37888,         5,         0,    12.0,correlated_pymatching,539de98e8fed58e6bc08fc7a9514e9c858dc52c157652b467080a50b7a82244c,"{""d"":7,""p"":0.001,""r"":7}","{""obs_mistake_mask=E"":5}"
     47104,         1,         0,    11.9,correlated_pymatching,5dc8e74a0a28e52dabca52d06f77e22020eca85e89bd176b9d33ba32818e593b,"{""d"":7,""p"":0.00046415888336127773,""r"":7}","{""obs_mistake_mask=E"":1}"
     37888,         1,         0,    11.7,correlated_pymatching,539de98e8fed58e6bc08fc7a9514e9c858dc52c157652b467080a50b7a82244c,"{""d"":7,""p"":0.001,""r"":7}","{""obs_mistake_mask=E"":1}"
     45056,         0,         0,    11.9,correlated_pymatching,5dc8e74a0a28e52dabca52d06f77e22020eca85e89bd176b9d33ba32818e593b,"{""d"":7,""p"":0.00046415888336127773,""r"":7}",
     99328,         0,         0,    23.0,correlated_pymatching,0ca1613404eeae08d0e1c39cbe874bf152fd2973b6a9892bb5cd27f6a9c962ed,"{""d"":7,""p"":0.00021544346900318845,""r"":7}",
     50176,         0,         0,    11.8,correlated_pymatching,5b07d31ee7f2888344550fdfd45240bc75fe8b924e64b35790e33d7ebcad3ae8,"{""d"":7,""p"":0.0001,""r"":7}",
    105472,         0,         0,    23.1,correlated_pymatching,5b07d31ee7f2888344550fdfd45240bc75fe8b924e64b35790e33d7ebcad3ae8,"{""d"":7,""p"":0.0001,""r"":7}",
     53248,         0,         0,    11.8,correlated_pymatching,5b07d31ee7f2888344550fdfd45240bc75fe8b924e64b35790e33d7ebcad3ae8,"{""d"":7,""p"":0.0001,""r"":7}",
     48128,         0,         0,    11.8,correlated_pymatching,0ca1613404eeae08d0e1c39cbe874bf152fd2973b6a9892bb5cd27f6a9c962ed,"{""d"":7,""p"":0.00021544346900318845,""r"":7}",
     49152,         0,         0,    11.8,correlated_pymatching,0ca1613404eeae08d0e1c39cbe874bf152fd2973b6a9892bb5cd27f6a9c962ed,"{""d"":7,""p"":0.00021544346900318845,""r"":7}",
     90112,         1,         0,    23.0,correlated_pymatching,5dc8e74a0a28e52dabca52d06f77e22020eca85e89bd176b9d33ba32818e593b,"{""d"":7,""p"":0.00046415888336127773,""r"":7}","{""obs_mistake_mask=E"":1}"
     74752,         9,         0,    23.0,correlated_pymatching,539de98e8fed58e6bc08fc7a9514e9c858dc52c157652b467080a50b7a82244c,"{""d"":7,""p"":0.001,""r"":7}","{""obs_mistake_mask=E"":9}"
     99328,         0,         0,    23.1,correlated_pymatching,5b07d31ee7f2888344550fdfd45240bc75fe8b924e64b35790e33d7ebcad3ae8,"{""d"":7,""p"":0.0001,""r"":7}",
     95232,         0,         0,    23.1,correlated_pymatching,0ca1613404eeae08d0e1c39cbe874bf152fd2973b6a9892bb5cd27f6a9c962ed,"{""d"":7,""p"":0.00021544346900318845,""r"":7}",
     88064,         0,         0,    23.1,correlated_pymatching,5dc8e74a0a28e52dabca52d06f77e22020eca85e89bd176b9d33ba32818e593b,"{""d"":7,""p"":0.00046415888336127773,""r"":7}",
     72704,         9,         0,    23.0,correlated_pymatching,539de98e8fed58e6bc08fc7a9514e9c858dc52c157652b467080a50b7a82244c,"{""d"":7,""p"":0.001,""r"":7}","{""obs_mistake_mask=E"":9}"
    100352,         0,         0,    23.1,correlated_pymatching,0ca1613404eeae08d0e1c39cbe874bf152fd2973b6a9892bb5cd27f6a9c962ed,"{""d"":7,""p"":0.00021544346900318845,""r"":7}",
    100352,         0,         0,    23.1,correlated_pymatching,5b07d31ee7f2888344550fdfd45240bc75fe8b924e64b35790e33d7ebcad3ae8,"{""d"":7,""p"":0.0001,""r"":7}",
     51200,         0,         0,    11.9,correlated_pymatching,5b07d31ee7f2888344550fdfd45240bc75fe8b924e64b35790e33d7ebcad3ae8,"{""d"":7,""p"":0.0001,""r"":7}",
     76800,         7,         0,    23.0,correlated_pymatching,539de98e8fed58e6bc08fc7a9514e9c858dc52c157652b467080a50b7a82244c,"{""d"":7,""p"":0.001,""r"":7}","{""obs_mistake_mask=E"":7}"
     51200,         0,         0,    11.8,correlated_pymatching,0ca1613404eeae08d0e1c39cbe874bf152fd2973b6a9892bb5cd27f6a9c962ed,"{""d"":7,""p"":0.00021544346900318845,""r"":7}",
     88064,         1,         0,    22.9,correlated_pymatching,5dc8e74a0a28e52dabca52d06f77e22020eca85e89bd176b9d33ba32818e593b,"{""d"":7,""p"":0.00046415888336127773,""r"":7}","{""obs_mistake_mask=E"":1}"
     37888,         4,         0,    11.7,correlated_pymatching,539de98e8fed58e6bc08fc7a9514e9c858dc52c157652b467080a50b7a82244c,"{""d"":7,""p"":0.001,""r"":7}","{""obs_mistake_mask=E"":4}"
     12918,         0,         0,    3.03,correlated_pymatching,5b07d31ee7f2888344550fdfd45240bc75fe8b924e64b35790e33d7ebcad3ae8,"{""d"":7,""p"":0.0001,""r"":7}",
     37888,         5,         0,    12.0,correlated_pymatching,539de98e8fed58e6bc08fc7a9514e9c858dc52c157652b467080a50b7a82244c,"{""d"":7,""p"":0.001,""r"":7}","{""obs_mistake_mask=E"":5}"
     82944,         0,         0,    18.7,correlated_pymatching,5b07d31ee7f2888344550fdfd45240bc75fe8b924e64b35790e33d7ebcad3ae8,"{""d"":7,""p"":0.0001,""r"":7}",
     76800,         0,         0,    16.8,correlated_pymatching,5b07d31ee7f2888344550fdfd45240bc75fe8b924e64b35790e33d7ebcad3ae8,"{""d"":7,""p"":0.0001,""r"":7}",
     27648,         0,         0,    11.7,correlated_pymatching,5dc8e74a0a28e52dabca52d06f77e22020eca85e89bd176b9d33ba32818e593b,"{""d"":7,""p"":0.00046415888336127773,""r"":7}",
     27648,         1,         0,    11.8,correlated_pymatching,5dc8e74a0a28e52dabca52d06f77e22020eca85e89bd176b9d33ba32818e593b,"{""d"":7,""p"":0.00046415888336127773,""r"":7}","{""obs_mistake_mask=E"":1}"
     96256,         0,         0,    23.0,correlated_pymatching,0ca1613404eeae08d0e1c39cbe874bf152fd2973b6a9892bb5cd27f6a9c962ed,"{""d"":7,""p"":0.00021544346900318845,""r"":7}",
     90112,         1,         0,    23.0,correlated_pymatching,5dc8e74a0a28e52dabca52d06f77e22020eca85e89bd176b9d33ba32818e593b,"{""d"":7,""p"":0.00046415888336127773,""r"":7}","{""obs_mistake_mask=E"":1}"
     70656,         6,         0,    23.2,correlated_pymatching,539de98e8fed58e6bc08fc7a9514e9c858dc52c157652b467080a50b7a82244c,"{""d"":7,""p"":0.001,""r"":7}","{""obs_mistake_mask=E"":6}"
     38767,         0,         0,    10.2,correlated_pymatching,5b07d31ee7f2888344550fdfd45240bc75fe8b924e64b35790e33d7ebcad3ae8,"{""d"":7,""p"":0.0001,""r"":7}",
     51343,         0,         0,    13.1,correlated_pymatching,5b07d31ee7f2888344550fdfd45240bc75fe8b924e64b35790e33d7ebcad3ae8,"{""d"":7,""p"":0.0001,""r"":7}",
     46080,         0,         0,    13.1,correlated_pymatching,5b07d31ee7f2888344550fdfd45240bc75fe8b924e64b35790e33d7ebcad3ae8,"{""d"":7,""p"":0.0001,""r"":7}",
     51343,         0,         0,    13.3,correlated_pymatching,5b07d31ee7f2888344550fdfd45240bc75fe8b924e64b35790e33d7ebcad3ae8,"{""d"":7,""p"":0.0001,""r"":7}",
     35840,         0,         0,    9.62,correlated_pymatching,5b07d31ee7f2888344550fdfd45240bc75fe8b924e64b35790e33d7ebcad3ae8,"{""d"":7,""p"":0.0001,""r"":7}",
     35840,         0,         0,    9.71,correlated_pymatching,5b07d31ee7f2888344550fdfd45240bc75fe8b924e64b35790e33d7ebcad3ae8,"{""d"":7,""p"":0.0001,""r"":7}",
     40960,         0,         0,    10.8,correlated_pymatching,5b07d31ee7f2888344550fdfd45240bc75fe8b924e64b35790e33d7ebcad3ae8,"{""d"":7,""p"":0.0001,""r"":7}",
      3965,         0,         0,    1.40,correlated_pymatching,5b07d31ee7f2888344550fdfd45240bc75fe8b924e64b35790e33d7ebcad3ae8,"{""d"":7,""p"":0.0001,""r"":7}",
     39936,         0,         0,    11.2,correlated_pymatching,5b07d31ee7f2888344550fdfd45240bc75fe8b924e64b35790e33d7ebcad3ae8,"{""d"":7,""p"":0.0001,""r"":7}",
     60416,         0,         0,    16.5,correlated_pymatching,0ca1613404eeae08d0e1c39cbe874bf152fd2973b6a9892bb5cd27f6a9c962ed,"{""d"":7,""p"":0.00021544346900318845,""r"":7}",
     45056,         7,         0,    16.4,correlated_pymatching,539de98e8fed58e6bc08fc7a9514e9c858dc52c157652b467080a50b7a82244c,"{""d"":7,""p"":0.001,""r"":7}","{""obs_mistake_mask=E"":7}"
       425,         0,         0,   0.438,correlated_pymatching,5b07d31ee7f2888344550fdfd45240bc75fe8b924e64b35790e33d7ebcad3ae8,"{""d"":7,""p"":0.0001,""r"":7}",
     51200,         1,         0,    16.7,correlated_pymatching,5dc8e74a0a28e52dabca52d06f77e22020eca85e89bd176b9d33ba32818e593b,"{""d"":7,""p"":0.00046415888336127773,""r"":7}","{""obs_mistake_mask=E"":1}"
     54272,         0,         0,    16.6,correlated_pymatching,5dc8e74a0a28e52dabca52d06f77e22020eca85e89bd176b9d33ba32818e593b,"{""d"":7,""p"":0.00046415888336127773,""r"":7}",
     46080,        10,         0,    16.8,correlated_pymatching,539de98e8fed58e6bc08fc7a9514e9c858dc52c157652b467080a50b7a82244c,"{""d"":7,""p"":0.001,""r"":7}","{""obs_mistake_mask=E"":10}"
     59392,         0,         0,    16.5,correlated_pymatching,0ca1613404eeae08d0e1c39cbe874bf152fd2973b6a9892bb5cd27f6a9c962ed,"{""d"":7,""p"":0.00021544346900318845,""r"":7}",
      9085,         0,         0,    3.12,correlated_pymatching,5b07d31ee7f2888344550fdfd45240bc75fe8b924e64b35790e33d7ebcad3ae8,"{""d"":7,""p"":0.0001,""r"":7}",
     57344,         0,         0,    16.5,correlated_pymatching,0ca1613404eeae08d0e1c39cbe874bf152fd2973b6a9892bb5cd27f6a9c962ed,"{""d"":7,""p"":0.00021544346900318845,""r"":7}",
      9085,         0,         0,    3.20,correlated_pymatching,5b07d31ee7f2888344550fdfd45240bc75fe8b924e64b35790e33d7ebcad3ae8,"{""d"":7,""p"":0.0001,""r"":7}",
     11264,         0,         0,    3.71,correlated_pymatching,5b07d31ee7f2888344550fdfd45240bc75fe8b924e64b35790e33d7ebcad3ae8,"{""d"":7,""p"":0.0001,""r"":7}",
     11991,         0,         0,    4.12,correlated_pymatching,5b07d31ee7f2888344550fdfd45240bc75fe8b924e64b35790e33d7ebcad3ae8,"{""d"":7,""p"":0.0001,""r"":7}",
     11264,         0,         0,    3.89,correlated_pymatching,5b07d31ee7f2888344550fdfd45240bc75fe8b924e64b35790e33d7ebcad3ae8,"{""d"":7,""p"":0.0001,""r"":7}",
     11991,         0,         0,    4.07,correlated_pymatching,5b07d31ee7f2888344550fdfd45240bc75fe8b924e64b35790e33d7ebcad3ae8,"{""d"":7,""p"":0.0001,""r"":7}",
       417,         0,         0,   0.309,correlated_pymatching,5b07d31ee7f2888344550fdfd45240bc75fe8b924e64b35790e33d7ebcad3ae8,"{""d"":7,""p"":0.0001,""r"":7}",
       727,         0,         0,   0.326,correlated_pymatching,5b07d31ee7f2888344550fdfd45240bc75fe8b924e64b35790e33d7ebcad3ae8,"{""d"":7,""p"":0.0001,""r"":7}",
      7168,         0,         0,    2.51,correlated_pymatching,5b07d31ee7f2888344550fdfd45240bc75fe8b924e64b35790e33d7ebcad3ae8,"{""d"":7,""p"":0.0001,""r"":7}",
       500,         0,         0,   0.308,correlated_pymatching,5b07d31ee7f2888344550fdfd45240bc75fe8b924e64b35790e33d7ebcad3ae8,"{""d"":7,""p"":0.0001,""r"":7}",
      6144,         0,         0,    2.10,correlated_pymatching,5b07d31ee7f2888344550fdfd45240bc75fe8b924e64b35790e33d7ebcad3ae8,"{""d"":7,""p"":0.0001,""r"":7}",
       721,         0,         0,   0.332,correlated_pymatching,5b07d31ee7f2888344550fdfd45240bc75fe8b924e64b35790e33d7ebcad3ae8,"{""d"":7,""p"":0.0001,""r"":7}",
      2907,         0,         0,    1.02,correlated_pymatching,5b07d31ee7f2888344550fdfd45240bc75fe8b924e64b35790e33d7ebcad3ae8,"{""d"":7,""p"":0.0001,""r"":7}",
      4096,         0,         0,    1.37,correlated_pymatching,5b07d31ee7f2888344550fdfd45240bc75fe8b924e64b35790e33d7ebcad3ae8,"{""d"":7,""p"":0.0001,""r"":7}",
       143,         0,         0,   0.313,correlated_pymatching,5b07d31ee7f2888344550fdfd45240bc75fe8b924e64b35790e33d7ebcad3ae8,"{""d"":7,""p"":0.0001,""r"":7}",
      3072,         0,         0,   0.992,correlated_pymatching,5b07d31ee7f2888344550fdfd45240bc75fe8b924e64b35790e33d7ebcad3ae8,"{""d"":7,""p"":0.0001,""r"":7}",
      1804,         0,         0,   0.669,correlated_pymatching,5b07d31ee7f2888344550fdfd45240bc75fe8b924e64b35790e33d7ebcad3ae8,"{""d"":7,""p"":0.0001,""r"":7}",
      4898,         0,         0,    1.66,correlated_pymatching,5b07d31ee7f2888344550fdfd45240bc75fe8b924e64b35790e33d7ebcad3ae8,"{""d"":7,""p"":0.0001,""r"":7}",
       189,         0,         0,   0.297,correlated_pymatching,5b07d31ee7f2888344550fdfd45240bc75fe8b924e64b35790e33d7ebcad3ae8,"{""d"":7,""p"":0.0001,""r"":7}",
       945,         0,         0,   0.337,correlated_pymatching,5b07d31ee7f2888344550fdfd45240bc75fe8b924e64b35790e33d7ebcad3ae8,"{""d"":7,""p"":0.0001,""r"":7}",
       189,         0,         0,   0.314,correlated_pymatching,5b07d31ee7f2888344550fdfd45240bc75fe8b924e64b35790e33d7ebcad3ae8,"{""d"":7,""p"":0.0001,""r"":7}",
      2718,         0,         0,    1.04,correlated_pymatching,5b07d31ee7f2888344550fdfd45240bc75fe8b924e64b35790e33d7ebcad3ae8,"{""d"":7,""p"":0.0001,""r"":7}",
      2718,         0,         0,    1.02,correlated_pymatching,5b07d31ee7f2888344550fdfd45240bc75fe8b924e64b35790e33d7ebcad3ae8,"{""d"":7,""p"":0.0001,""r"":7}",
       971,         0,         0,   0.342,correlated_pymatching,5b07d31ee7f2888344550fdfd45240bc75fe8b924e64b35790e33d7ebcad3ae8,"{""d"":7,""p"":0.0001,""r"":7}",
     68608,         0,         0,    19.2,correlated_pymatching,0ca1613404eeae08d0e1c39cbe874bf152fd2973b6a9892bb5cd27f6a9c962ed,"{""d"":7,""p"":0.00021544346900318845,""r"":7}",
         1,         0,         0,   0.322,correlated_pymatching,0ca1613404eeae08d0e1c39cbe874bf152fd2973b6a9892bb5cd27f6a9c962ed,"{""d"":7,""p"":0.00021544346900318845,""r"":7}",
         1,         0,         0,   0.316,correlated_pymatching,5dc8e74a0a28e52dabca52d06f77e22020eca85e89bd176b9d33ba32818e593b,"{""d"":7,""p"":0.00046415888336127773,""r"":7}",
         1,         0,         0,   0.338,correlated_pymatching,5dc8e74a0a28e52dabca52d06f77e22020eca85e89bd176b9d33ba32818e593b,"{""d"":7,""p"":0.00046415888336127773,""r"":7}",
         1,         0,         0,   0.347,correlated_pymatching,5dc8e74a0a28e52dabca52d06f77e22020eca85e89bd176b9d33ba32818e593b,"{""d"":7,""p"":0.00046415888336127773,""r"":7}",
         1,         0,         0,   0.307,correlated_pymatching,0ca1613404eeae08d0e1c39cbe874bf152fd2973b6a9892bb5cd27f6a9c962ed,"{""d"":7,""p"":0.00021544346900318845,""r"":7}",
         1,         0,         0,   0.338,correlated_pymatching,0ca1613404eeae08d0e1c39cbe874bf152fd2973b6a9892bb5cd27f6a9c962ed,"{""d"":7,""p"":0.00021544346900318845,""r"":7}",
         1,         0,         0,   0.316,correlated_pymatching,539de98e8fed58e6bc08fc7a9514e9c858dc52c157652b467080a50b7a82244c,"{""d"":7,""p"":0.001,""r"":7}",
         1,         0,         0,   0.335,correlated_pymatching,539de98e8fed58e6bc08fc7a9514e9c858dc52c157652b467080a50b7a82244c,"{""d"":7,""p"":0.001,""r"":7}",
     49152,         0,         0,    16.4,correlated_pymatching,0ca1613404eeae08d0e1c39cbe874bf152fd2973b6a9892bb5cd27f6a9c962ed,"{""d"":7,""p"":0.00021544346900318845,""r"":7}",
         1,         0,         0,   0.296,correlated_pymatching,0ca1613404eeae08d0e1c39cbe874bf152fd2973b6a9892bb5cd27f6a9c962ed,"{""d"":7,""p"":0.00021544346900318845,""r"":7}",
         1,         0,         0,   0.335,correlated_pymatching,0ca1613404eeae08d0e1c39cbe874bf152fd2973b6a9892bb5cd27f6a9c962ed,"{""d"":7,""p"":0.00021544346900318845,""r"":7}",
         1,         0,         0,   0.314,correlated_pymatching,5dc8e74a0a28e52dabca52d06f77e22020eca85e89bd176b9d33ba32818e593b,"{""d"":7,""p"":0.00046415888336127773,""r"":7}",
         1,         0,         0,   0.316,correlated_pymatching,5dc8e74a0a28e52dabca52d06f77e22020eca85e89bd176b9d33ba32818e593b,"{""d"":7,""p"":0.00046415888336127773,""r"":7}",
         1,         0,         0,   0.302,correlated_pymatching,0ca1613404eeae08d0e1c39cbe874bf152fd2973b6a9892bb5cd27f6a9c962ed,"{""d"":7,""p"":0.00021544346900318845,""r"":7}",
         1,         0,         0,   0.303,correlated_pymatching,539de98e8fed58e6bc08fc7a9514e9c858dc52c157652b467080a50b7a82244c,"{""d"":7,""p"":0.001,""r"":7}",
         1,         0,         0,   0.324,correlated_pymatching,5dc8e74a0a28e52dabca52d06f77e22020eca85e89bd176b9d33ba32818e593b,"{""d"":7,""p"":0.00046415888336127773,""r"":7}",
         1,         0,         0,   0.316,correlated_pymatching,539de98e8fed58e6bc08fc7a9514e9c858dc52c157652b467080a50b7a82244c,"{""d"":7,""p"":0.001,""r"":7}",
         2,         0,         0,   0.304,correlated_pymatching,0ca1613404eeae08d0e1c39cbe874bf152fd2973b6a9892bb5cd27f6a9c962ed,"{""d"":7,""p"":0.00021544346900318845,""r"":7}",
         1,         0,         0,   0.300,correlated_pymatching,5dc8e74a0a28e52dabca52d06f77e22020eca85e89bd176b9d33ba32818e593b,"{""d"":7,""p"":0.00046415888336127773,""r"":7}",
         1,         0,         0,   0.314,correlated_pymatching,0ca1613404eeae08d0e1c39cbe874bf152fd2973b6a9892bb5cd27f6a9c962ed,"{""d"":7,""p"":0.00021544346900318845,""r"":7}",
         1,         0,         0,   0.312,correlated_pymatching,5dc8e74a0a28e52dabca52d06f77e22020eca85e89bd176b9d33ba32818e593b,"{""d"":7,""p"":0.00046415888336127773,""r"":7}",
         1,         0,         0,   0.310,correlated_pymatching,0ca1613404eeae08d0e1c39cbe874bf152fd2973b6a9892bb5cd27f6a9c962ed,"{""d"":7,""p"":0.00021544346900318845,""r"":7}",
         1,         0,         0,   0.316,correlated_pymatching,5dc8e74a0a28e52dabca52d06f77e22020eca85e89bd176b9d33ba32818e593b,"{""d"":7,""p"":0.00046415888336127773,""r"":7}",
         1,         0,         0,   0.316,correlated_pymatching,539de98e8fed58e6bc08fc7a9514e9c858dc52c157652b467080a50b7a82244c,"{""d"":7,""p"":0.001,""r"":7}",
         1,         0,         0,   0.329,correlated_pymatching,539de98e8fed58e6bc08fc7a9514e9c858dc52c157652b467080a50b7a82244c,"{""d"":7,""p"":0.001,""r"":7}",
     62891,         0,         0,    19.1,correlated_pymatching,0ca1613404eeae08d0e1c39cbe874bf152fd2973b6a9892bb5cd27f6a9c962ed,"{""d"":7,""p"":0.00021544346900318845,""r"":7}",
     53248,         0,         0,    17.6,correlated_pymatching,0ca1613404eeae08d0e1c39cbe874bf152fd2973b6a9892bb5cd27f6a9c962ed,"{""d"":7,""p"":0.00021544346900318845,""r"":7}",
     39936,         9,         0,    16.4,correlated_pymatching,539de98e8fed58e6bc08fc7a9514e9c858dc52c157652b467080a50b7a82244c,"{""d"":7,""p"":0.001,""r"":7}","{""obs_mistake_mask=E"":9}"
      9216,         3,         0,    4.48,correlated_pymatching,539de98e8fed58e6bc08fc7a9514e9c858dc52c157652b467080a50b7a82244c,"{""d"":7,""p"":0.001,""r"":7}","{""obs_mistake_mask=E"":3}"
     40960,         5,         0,    16.8,correlated_pymatching,539de98e8fed58e6bc08fc7a9514e9c858dc52c157652b467080a50b7a82244c,"{""d"":7,""p"":0.001,""r"":7}","{""obs_mistake_mask=E"":5}"
         2,         0,         0,   0.300,correlated_pymatching,0ca1613404eeae08d0e1c39cbe874bf152fd2973b6a9892bb5cd27f6a9c962ed,"{""d"":7,""p"":0.00021544346900318845,""r"":7}",
         2,         0,         0,   0.304,correlated_pymatching,5dc8e74a0a28e52dabca52d06f77e22020eca85e89bd176b9d33ba32818e593b,"{""d"":7,""p"":0.00046415888336127773,""r"":7}",
     51200,         9,         0,    19.9,correlated_pymatching,539de98e8fed58e6bc08fc7a9514e9c858dc52c157652b467080a50b7a82244c,"{""d"":7,""p"":0.001,""r"":7}","{""obs_mistake_mask=E"":9}"
         1,         0,         0,   0.300,correlated_pymatching,0ca1613404eeae08d0e1c39cbe874bf152fd2973b6a9892bb5cd27f6a9c962ed,"{""d"":7,""p"":0.00021544346900318845,""r"":7}",
         1,         0,         0,   0.312,correlated_pymatching,5dc8e74a0a28e52dabca52d06f77e22020eca85e89bd176b9d33ba32818e593b,"{""d"":7,""p"":0.00046415888336127773,""r"":7}",
         1,         0,         0,   0.323,correlated_pymatching,0ca1613404eeae08d0e1c39cbe874bf152fd2973b6a9892bb5cd27f6a9c962ed,"{""d"":7,""p"":0.00021544346900318845,""r"":7}",
         1,         0,         0,   0.320,correlated_pymatching,5dc8e74a0a28e52dabca52d06f77e22020eca85e89bd176b9d33ba32818e593b,"{""d"":7,""p"":0.00046415888336127773,""r"":7}",
         1,         0,         0,   0.312,correlated_pymatching,539de98e8fed58e6bc08fc7a9514e9c858dc52c157652b467080a50b7a82244c,"{""d"":7,""p"":0.001,""r"":7}",
         1,         0,         0,   0.316,correlated_pymatching,539de98e8fed58e6bc08fc7a9514e9c858dc52c157652b467080a50b7a82244c,"{""d"":7,""p"":0.001,""r"":7}",
     10240,         1,         0,    4.85,correlated_pymatching,539de98e8fed58e6bc08fc7a9514e9c858dc52c157652b467080a50b7a82244c,"{""d"":7,""p"":0.001,""r"":7}","{""obs_mistake_mask=E"":1}"
         4,         0,         0,   0.302,correlated_pymatching,0ca1613404eeae08d0e1c39cbe874bf152fd2973b6a9892bb5cd27f6a9c962ed,"{""d"":7,""p"":0.00021544346900318845,""r"":7}",
         2,         0,         0,   0.300,correlated_pymatching,5dc8e74a0a28e52dabca52d06f77e22020eca85e89bd176b9d33ba32818e593b,"{""d"":7,""p"":0.00046415888336127773,""r"":7}",
         2,         0,         0,   0.300,correlated_pymatching,0ca1613404eeae08d0e1c39cbe874bf152fd2973b6a9892bb5cd27f6a9c962ed,"{""d"":7,""p"":0.00021544346900318845,""r"":7}",
         1,         0,         0,   0.312,correlated_pymatching,5dc8e74a0a28e52dabca52d06f77e22020eca85e89bd176b9d33ba32818e593b,"{""d"":7,""p"":0.00046415888336127773,""r"":7}",
         1,         0,         0,   0.317,correlated_pymatching,0ca1613404eeae08d0e1c39cbe874bf152fd2973b6a9892bb5cd27f6a9c962ed,"{""d"":7,""p"":0.00021544346900318845,""r"":7}",
         1,         0,         0,   0.308,correlated_pymatching,5dc8e74a0a28e52dabca52d06f77e22020eca85e89bd176b9d33ba32818e593b,"{""d"":7,""p"":0.00046415888336127773,""r"":7}",
     48128,         7,         0,    19.1,correlated_pymatching,539de98e8fed58e6bc08fc7a9514e9c858dc52c157652b467080a50b7a82244c,"{""d"":7,""p"":0.001,""r"":7}","{""obs_mistake_mask=E"":7}"
     30720,         1,         0,    16.6,correlated_pymatching,5dc8e74a0a28e52dabca52d06f77e22020eca85e89bd176b9d33ba32818e593b,"{""d"":7,""p"":0.00046415888336127773,""r"":7}","{""obs_mistake_mask=E"":1}"
     25600,         3,         0,    11.9,correlated_pymatching,539de98e8fed58e6bc08fc7a9514e9c858dc52c157652b467080a50b7a82244c,"{""d"":7,""p"":0.001,""r"":7}","{""obs_mistake_mask=E"":3}"
     45056,         1,         0,    17.7,correlated_pymatching,539de98e8fed58e6bc08fc7a9514e9c858dc52c157652b467080a50b7a82244c,"{""d"":7,""p"":0.001,""r"":7}","{""obs_mistake_mask=E"":1}"
      1024,         0,         0,   0.492,correlated_pymatching,539de98e8fed58e6bc08fc7a9514e9c858dc52c157652b467080a50b7a82244c,"{""d"":7,""p"":0.001,""r"":7}",
     36864,         0,         0,    12.8,correlated_pymatching,0ca1613404eeae08d0e1c39cbe874bf152fd2973b6a9892bb5cd27f6a9c962ed,"{""d"":7,""p"":0.00021544346900318845,""r"":7}",
         4,         0,         0,   0.297,correlated_pymatching,0ca1613404eeae08d0e1c39cbe874bf152fd2973b6a9892bb5cd27f6a9c962ed,"{""d"":7,""p"":0.00021544346900318845,""r"":7}",
         4,         0,         0,   0.304,correlated_pymatching,5dc8e74a0a28e52dabca52d06f77e22020eca85e89bd176b9d33ba32818e593b,"{""d"":7,""p"":0.00046415888336127773,""r"":7}",
         4,         0,         0,   0.304,correlated_pymatching,0ca1613404eeae08d0e1c39cbe874bf152fd2973b6a9892bb5cd27f6a9c962ed,"{""d"":7,""p"":0.00021544346900318845,""r"":7}",
         1,         0,         0,   0.296,correlated_pymatching,5dc8e74a0a28e52dabca52d06f77e22020eca85e89bd176b9d33ba32818e593b,"{""d"":7,""p"":0.00046415888336127773,""r"":7}",
         1,         0,         0,   0.315,correlated_pymatching,0ca1613404eeae08d0e1c39cbe874bf152fd2973b6a9892bb5cd27f6a9c962ed,"{""d"":7,""p"":0.00021544346900318845,""r"":7}",
         1,         0,         0,   0.316,correlated_pymatching,5dc8e74a0a28e52dabca52d06f77e22020eca85e89bd176b9d33ba32818e593b,"{""d"":7,""p"":0.00046415888336127773,""r"":7}",
         8,         0,         0,   0.312,correlated_pymatching,0ca1613404eeae08d0e1c39cbe874bf152fd2973b6a9892bb5cd27f6a9c962ed,"{""d"":7,""p"":0.00021544346900318845,""r"":7}",
         4,         0,         0,   0.300,correlated_pymatching,5dc8e74a0a28e52dabca52d06f77e22020eca85e89bd176b9d33ba32818e593b,"{""d"":7,""p"":0.00046415888336127773,""r"":7}",
         4,         0,         0,   0.304,correlated_pymatching,0ca1613404eeae08d0e1c39cbe874bf152fd2973b6a9892bb5cd27f6a9c962ed,"{""d"":7,""p"":0.00021544346900318845,""r"":7}",
         2,         0,         0,   0.293,correlated_pymatching,5dc8e74a0a28e52dabca52d06f77e22020eca85e89bd176b9d33ba32818e593b,"{""d"":7,""p"":0.00046415888336127773,""r"":7}",
         1,         0,         0,   0.292,correlated_pymatching,5dc8e74a0a28e52dabca52d06f77e22020eca85e89bd176b9d33ba32818e593b,"{""d"":7,""p"":0.00046415888336127773,""r"":7}",
         1,         0,         0,   0.316,correlated_pymatching,0ca1613404eeae08d0e1c39cbe874bf152fd2973b6a9892bb5cd27f6a9c962ed,"{""d"":7,""p"":0.00021544346900318845,""r"":7}",
         1,         0,         0,   0.304,correlated_pymatching,0ca1613404eeae08d0e1c39cbe874bf152fd2973b6a9892bb5cd27f6a9c962ed,"{""d"":7,""p"":0.00021544346900318845,""r"":7}",
         1,         0,         0,   0.310,correlated_pymatching,0ca1613404eeae08d0e1c39cbe874bf152fd2973b6a9892bb5cd27f6a9c962ed,"{""d"":7,""p"":0.00021544346900318845,""r"":7}",
         1,         0,         0,   0.305,correlated_pymatching,5dc8e74a0a28e52dabca52d06f77e22020eca85e89bd176b9d33ba32818e593b,"{""d"":7,""p"":0.00046415888336127773,""r"":7}",
         1,         0,         0,   0.326,correlated_pymatching,0ca1613404eeae08d0e1c39cbe874bf152fd2973b6a9892bb5cd27f6a9c962ed,"{""d"":7,""p"":0.00021544346900318845,""r"":7}",
         1,         0,         0,   0.315,correlated_pymatching,0ca1613404eeae08d0e1c39cbe874bf152fd2973b6a9892bb5cd27f6a9c962ed,"{""d"":7,""p"":0.00021544346900318845,""r"":7}",
         1,         0,         0,   0.307,correlated_pymatching,5dc8e74a0a28e52dabca52d06f77e22020eca85e89bd176b9d33ba32818e593b,"{""d"":7,""p"":0.00046415888336127773,""r"":7}",
         1,         0,         0,   0.343,correlated_pymatching,5dc8e74a0a28e52dabca52d06f77e22020eca85e89bd176b9d33ba32818e593b,"{""d"":7,""p"":0.00046415888336127773,""r"":7}",
         1,         0,         0,   0.330,correlated_pymatching,0ca1613404eeae08d0e1c39cbe874bf152fd2973b6a9892bb5cd27f6a9c962ed,"{""d"":7,""p"":0.00021544346900318845,""r"":7}",
         1,         0,         0,   0.326,correlated_pymatching,5dc8e74a0a28e52dabca52d06f77e22020eca85e89bd176b9d33ba32818e593b,"{""d"":7,""p"":0.00046415888336127773,""r"":7}",
         1,         0,         0,   0.339,correlated_pymatching,5dc8e74a0a28e52dabca52d06f77e22020eca85e89bd176b9d33ba32818e593b,"{""d"":7,""p"":0.00046415888336127773,""r"":7}",
         8,         0,         0,   0.300,correlated_pymatching,0ca1613404eeae08d0e1c39cbe874bf152fd2973b6a9892bb5cd27f6a9c962ed,"{""d"":7,""p"":0.00021544346900318845,""r"":7}",
         8,         0,         0,   0.296,correlated_pymatching,5dc8e74a0a28e52dabca52d06f77e22020eca85e89bd176b9d33ba32818e593b,"{""d"":7,""p"":0.00046415888336127773,""r"":7}",
         4,         0,         0,   0.292,correlated_pymatching,0ca1613404eeae08d0e1c39cbe874bf152fd2973b6a9892bb5cd27f6a9c962ed,"{""d"":7,""p"":0.00021544346900318845,""r"":7}",
         4,         0,         0,   0.319,correlated_pymatching,5dc8e74a0a28e52dabca52d06f77e22020eca85e89bd176b9d33ba32818e593b,"{""d"":7,""p"":0.00046415888336127773,""r"":7}",
         1,         0,         0,   0.303,correlated_pymatching,0ca1613404eeae08d0e1c39cbe874bf152fd2973b6a9892bb5cd27f6a9c962ed,"{""d"":7,""p"":0.00021544346900318845,""r"":7}",
         2,         0,         0,   0.326,correlated_pymatching,5dc8e74a0a28e52dabca52d06f77e22020eca85e89bd176b9d33ba32818e593b,"{""d"":7,""p"":0.00046415888336127773,""r"":7}",
     29696,         0,         0,    16.8,correlated_pymatching,5dc8e74a0a28e52dabca52d06f77e22020eca85e89bd176b9d33ba32818e593b,"{""d"":7,""p"":0.00046415888336127773,""r"":7}",
         1,         0,         0,   0.302,correlated_pymatching,0ca1613404eeae08d0e1c39cbe874bf152fd2973b6a9892bb5cd27f6a9c962ed,"{""d"":7,""p"":0.00021544346900318845,""r"":7}",
         1,         0,         0,   0.317,correlated_pymatching,0ca1613404eeae08d0e1c39cbe874bf152fd2973b6a9892bb5cd27f6a9c962ed,"{""d"":7,""p"":0.00021544346900318845,""r"":7}",
         1,         0,         0,   0.320,correlated_pymatching,5dc8e74a0a28e52dabca52d06f77e22020eca85e89bd176b9d33ba32818e593b,"{""d"":7,""p"":0.00046415888336127773,""r"":7}",
         8,         0,         0,   0.294,correlated_pymatching,0ca1613404eeae08d0e1c39cbe874bf152fd2973b6a9892bb5cd27f6a9c962ed,"{""d"":7,""p"":0.00021544346900318845,""r"":7}",
         1,         0,         0,   0.342,correlated_pymatching,0ca1613404eeae08d0e1c39cbe874bf152fd2973b6a9892bb5cd27f6a9c962ed,"{""d"":7,""p"":0.00021544346900318845,""r"":7}",
         1,         0,         0,   0.316,correlated_pymatching,0ca1613404eeae08d0e1c39cbe874bf152fd2973b6a9892bb5cd27f6a9c962ed,"{""d"":7,""p"":0.00021544346900318845,""r"":7}",
         1,         0,         0,   0.319,correlated_pymatching,5dc8e74a0a28e52dabca52d06f77e22020eca85e89bd176b9d33ba32818e593b,"{""d"":7,""p"":0.00046415888336127773,""r"":7}",
         1,         0,         0,   0.324,correlated_pymatching,5dc8e74a0a28e52dabca52d06f77e22020eca85e89bd176b9d33ba32818e593b,"{""d"":7,""p"":0.00046415888336127773,""r"":7}",
         1,         0,         0,   0.347,correlated_pymatching,0ca1613404eeae08d0e1c39cbe874bf152fd2973b6a9892bb5cd27f6a9c962ed,"{""d"":7,""p"":0.00021544346900318845,""r"":7}",
        16,         0,         0,   0.311,correlated_pymatching,5dc8e74a0a28e52dabca52d06f77e22020eca85e89bd176b9d33ba32818e593b,"{""d"":7,""p"":0.00046415888336127773,""r"":7}",
         1,         0,         0,   0.324,correlated_pymatching,5dc8e74a0a28e52dabca52d06f77e22020eca85e89bd176b9d33ba32818e593b,"{""d"":7,""p"":0.00046415888336127773,""r"":7}",
         1,         0,         0,   0.333,correlated_pymatching,5dc8e74a0a28e52dabca52d06f77e22020eca85e89bd176b9d33ba32818e593b,"{""d"":7,""p"":0.00046415888336127773,""r"":7}",
         8,         0,         0,   0.312,correlated_pymatching,0ca1613404eeae08d0e1c39cbe874bf152fd2973b6a9892bb5cd27f6a9c962ed,"{""d"":7,""p"":0.00021544346900318845,""r"":7}",
         4,         0,         0,   0.318,correlated_pymatching,5dc8e74a0a28e52dabca52d06f77e22020eca85e89bd176b9d33ba32818e593b,"{""d"":7,""p"":0.00046415888336127773,""r"":7}",
         2,         0,         0,   0.313,correlated_pymatching,5dc8e74a0a28e52dabca52d06f77e22020eca85e89bd176b9d33ba32818e593b,"{""d"":7,""p"":0.00046415888336127773,""r"":7}",
         1,         0,         0,   0.319,correlated_pymatching,0ca1613404eeae08d0e1c39cbe874bf152fd2973b6a9892bb5cd27f6a9c962ed,"{""d"":7,""p"":0.00021544346900318845,""r"":7}",
         1,         0,         0,   0.305,correlated_pymatching,0ca1613404eeae08d0e1c39cbe874bf152fd2973b6a9892bb5cd27f6a9c962ed,"{""d"":7,""p"":0.00021544346900318845,""r"":7}",
         1,         0,         0,   0.304,correlated_pymatching,5dc8e74a0a28e52dabca52d06f77e22020eca85e89bd176b9d33ba32818e593b,"{""d"":7,""p"":0.00046415888336127773,""r"":7}",
         1,         0,         0,   0.302,correlated_pymatching,0ca1613404eeae08d0e1c39cbe874bf152fd2973b6a9892bb5cd27f6a9c962ed,"{""d"":7,""p"":0.00021544346900318845,""r"":7}",
        16,         0,         0,   0.307,correlated_pymatching,0ca1613404eeae08d0e1c39cbe874bf152fd2973b6a9892bb5cd27f6a9c962ed,"{""d"":7,""p"":0.00021544346900318845,""r"":7}",
         1,         0,         0,   0.300,correlated_pymatching,0ca1613404eeae08d0e1c39cbe874bf152fd2973b6a9892bb5cd27f6a9c962ed,"{""d"":7,""p"":0.00021544346900318845,""r"":7}",
         1,         0,         0,   0.308,correlated_pymatching,0ca1613404eeae08d0e1c39cbe874bf152fd2973b6a9892bb5cd27f6a9c962ed,"{""d"":7,""p"":0.00021544346900318845,""r"":7}",
         1,         0,         0,   0.320,correlated_pymatching,0ca1613404eeae08d0e1c39cbe874bf152fd2973b6a9892bb5cd27f6a9c962ed,"{""d"":7,""p"":0.00021544346900318845,""r"":7}",
         1,         0,         0,   0.310,correlated_pymatching,5dc8e74a0a28e52dabca52d06f77e22020eca85e89bd176b9d33ba32818e593b,"{""d"":7,""p"":0.00046415888336127773,""r"":7}",
         1,         0,         0,   0.316,correlated_pymatching,5dc8e74a0a28e52dabca52d06f77e22020eca85e89bd176b9d33ba32818e593b,"{""d"":7,""p"":0.00046415888336127773,""r"":7}",
        16,         0,         0,   0.308,correlated_pymatching,5dc8e74a0a28e52dabca52d06f77e22020eca85e89bd176b9d33ba32818e593b,"{""d"":7,""p"":0.00046415888336127773,""r"":7}",
         1,         0,         0,   0.311,correlated_pymatching,5dc8e74a0a28e52dabca52d06f77e22020eca85e89bd176b9d33ba32818e593b,"{""d"":7,""p"":0.00046415888336127773,""r"":7}",
         8,         0,         0,   0.304,correlated_pymatching,0ca1613404eeae08d0e1c39cbe874bf152fd2973b6a9892bb5cd27f6a9c962ed,"{""d"":7,""p"":0.00021544346900318845,""r"":7}",
         1,         0,         0,   0.316,correlated_pymatching,5dc8e74a0a28e52dabca52d06f77e22020eca85e89bd176b9d33ba32818e593b,"{""d"":7,""p"":0.00046415888336127773,""r"":7}",
         4,         0,         0,   0.320,correlated_pymatching,5dc8e74a0a28e52dabca52d06f77e22020eca85e89bd176b9d33ba32818e593b,"{""d"":7,""p"":0.00046415888336127773,""r"":7}",
         1,         0,         0,   0.316,correlated_pymatching,0ca1613404eeae08d0e1c39cbe874bf152fd2973b6a9892bb5cd27f6a9c962ed,"{""d"":7,""p"":0.00021544346900318845,""r"":7}",
         2,         0,         0,   0.320,correlated_pymatching,5dc8e74a0a28e52dabca52d06f77e22020eca85e89bd176b9d33ba32818e593b,"{""d"":7,""p"":0.00046415888336127773,""r"":7}",
         1,         0,         0,   0.297,correlated_pymatching,0ca1613404eeae08d0e1c39cbe874bf152fd2973b6a9892bb5cd27f6a9c962ed,"{""d"":7,""p"":0.00021544346900318845,""r"":7}",
         1,         0,         0,   0.304,correlated_pymatching,5dc8e74a0a28e52dabca52d06f77e22020eca85e89bd176b9d33ba32818e593b,"{""d"":7,""p"":0.00046415888336127773,""r"":7}",
         1,         0,         0,   0.316,correlated_pymatching,0ca1613404eeae08d0e1c39cbe874bf152fd2973b6a9892bb5cd27f6a9c962ed,"{""d"":7,""p"":0.00021544346900318845,""r"":7}",
        16,         0,         0,   0.306,correlated_pymatching,0ca1613404eeae08d0e1c39cbe874bf152fd2973b6a9892bb5cd27f6a9c962ed,"{""d"":7,""p"":0.00021544346900318845,""r"":7}",
         1,         0,         0,   0.304,correlated_pymatching,0ca1613404eeae08d0e1c39cbe874bf152fd2973b6a9892bb5cd27f6a9c962ed,"{""d"":7,""p"":0.00021544346900318845,""r"":7}",
         1,         0,         0,   0.304,correlated_pymatching,5dc8e74a0a28e52dabca52d06f77e22020eca85e89bd176b9d33ba32818e593b,"{""d"":7,""p"":0.00046415888336127773,""r"":7}",
        16,         0,         0,   0.300,correlated_pymatching,5dc8e74a0a28e52dabca52d06f77e22020eca85e89bd176b9d33ba32818e593b,"{""d"":7,""p"":0.00046415888336127773,""r"":7}",
         1,         0,         0,   0.318,correlated_pymatching,0ca1613404eeae08d0e1c39cbe874bf152fd2973b6a9892bb5cd27f6a9c962ed,"{""d"":7,""p"":0.00021544346900318845,""r"":7}",
         1,         0,         0,   0.312,correlated_pymatching,5dc8e74a0a28e52dabca52d06f77e22020eca85e89bd176b9d33ba32818e593b,"{""d"":7,""p"":0.00046415888336127773,""r"":7}",
         8,         0,         0,   0.296,correlated_pymatching,0ca1613404eeae08d0e1c39cbe874bf152fd2973b6a9892bb5cd27f6a9c962ed,"{""d"":7,""p"":0.00021544346900318845,""r"":7}",
         2,         0,         0,   0.332,correlated_pymatching,0ca1613404eeae08d0e1c39cbe874bf152fd2973b6a9892bb5cd27f6a9c962ed,"{""d"":7,""p"":0.00021544346900318845,""r"":7}",
         1,         0,         0,   0.301,correlated_pymatching,5dc8e74a0a28e52dabca52d06f77e22020eca85e89bd176b9d33ba32818e593b,"{""d"":7,""p"":0.00046415888336127773,""r"":7}",
         1,         0,         0,   0.317,correlated_pymatching,5dc8e74a0a28e52dabca52d06f77e22020eca85e89bd176b9d33ba32818e593b,"{""d"":7,""p"":0.00046415888336127773,""r"":7}",
         4,         0,         0,   0.317,correlated_pymatching,5dc8e74a0a28e52dabca52d06f77e22020eca85e89bd176b9d33ba32818e593b,"{""d"":7,""p"":0.00046415888336127773,""r"":7}",
         2,         0,         0,   0.320,correlated_pymatching,5dc8e74a0a28e52dabca52d06f77e22020eca85e89bd176b9d33ba32818e593b,"{""d"":7,""p"":0.00046415888336127773,""r"":7}",
         1,         0,         0,   0.330,correlated_pymatching,0ca1613404eeae08d0e1c39cbe874bf152fd2973b6a9892bb5cd27f6a9c962ed,"{""d"":7,""p"":0.00021544346900318845,""r"":7}",
         1,         0,         0,   0.275,correlated_pymatching,0ca1613404eeae08d0e1c39cbe874bf152fd2973b6a9892bb5cd27f6a9c962ed,"{""d"":7,""p"":0.00021544346900318845,""r"":7}",
         1,         0,         0,   0.308,correlated_pymatching,5dc8e74a0a28e52dabca52d06f77e22020eca85e89bd176b9d33ba32818e593b,"{""d"":7,""p"":0.00046415888336127773,""r"":7}",
         1,         0,         0,   0.300,correlated_pymatching,0ca1613404eeae08d0e1c39cbe874bf152fd2973b6a9892bb5cd27f6a9c962ed,"{""d"":7,""p"":0.00021544346900318845,""r"":7}",
         2,         0,         0,   0.290,correlated_pymatching,0ca1613404eeae08d0e1c39cbe874bf152fd2973b6a9892bb5cd27f6a9c962ed,"{""d"":7,""p"":0.00021544346900318845,""r"":7}",
         2,         0,         0,   0.332,correlated_pymatching,0ca1613404eeae08d0e1c39cbe874bf152fd2973b6a9892bb5cd27f6a9c962ed,"{""d"":7,""p"":0.00021544346900318845,""r"":7}",
         1,         0,         0,   0.307,correlated_pymatching,5dc8e74a0a28e52dabca52d06f77e22020eca85e89bd176b9d33ba32818e593b,"{""d"":7,""p"":0.00046415888336127773,""r"":7}",
         1,         0,         0,   0.315,correlated_pymatching,0ca1613404eeae08d0e1c39cbe874bf152fd2973b6a9892bb5cd27f6a9c962ed,"{""d"":7,""p"":0.00021544346900318845,""r"":7}",
         1,         0,         0,   0.333,correlated_pymatching,5dc8e74a0a28e52dabca52d06f77e22020eca85e89bd176b9d33ba32818e593b,"{""d"":7,""p"":0.00046415888336127773,""r"":7}",
         1,         0,         0,   0.316,correlated_pymatching,5dc8e74a0a28e52dabca52d06f77e22020eca85e89bd176b9d33ba32818e593b,"{""d"":7,""p"":0.00046415888336127773,""r"":7}",
         1,         0,         0,   0.335,correlated_pymatching,5dc8e74a0a28e52dabca52d06f77e22020eca85e89bd176b9d33ba32818e593b,"{""d"":7,""p"":0.00046415888336127773,""r"":7}",
         2,         0,         0,   0.331,correlated_pymatching,0ca1613404eeae08d0e1c39cbe874bf152fd2973b6a9892bb5cd27f6a9c962ed,"{""d"":7,""p"":0.00021544346900318845,""r"":7}",
         4,         0,         0,   0.340,correlated_pymatching,0ca1613404eeae08d0e1c39cbe874bf152fd2973b6a9892bb5cd27f6a9c962ed,"{""d"":7,""p"":0.00021544346900318845,""r"":7}",
         1,         0,         0,   0.364,correlated_pymatching,5dc8e74a0a28e52dabca52d06f77e22020eca85e89bd176b9d33ba32818e593b,"{""d"":7,""p"":0.00046415888336127773,""r"":7}",
         2,         0,         0,   0.399,correlated_pymatching,0ca1613404eeae08d0e1c39cbe874bf152fd2973b6a9892bb5cd27f6a9c962ed,"{""d"":7,""p"":0.00021544346900318845,""r"":7}",
        48,         0,         0,   0.676,correlated_pymatching,0ca1613404eeae08d0e1c39cbe874bf152fd2973b6a9892bb5cd27f6a9c962ed,"{""d"":7,""p"":0.00021544346900318845,""r"":7}",
         2,         0,         0,   0.374,correlated_pymatching,0ca1613404eeae08d0e1c39cbe874bf152fd2973b6a9892bb5cd27f6a9c962ed,"{""d"":7,""p"":0.00021544346900318845,""r"":7}",
         1,         0,         0,   0.342,correlated_pymatching,5dc8e74a0a28e52dabca52d06f77e22020eca85e89bd176b9d33ba32818e593b,"{""d"":7,""p"":0.00046415888336127773,""r"":7}",
        96,         0,         0,   0.672,correlated_pymatching,5dc8e74a0a28e52dabca52d06f77e22020eca85e89bd176b9d33ba32818e593b,"{""d"":7,""p"":0.00046415888336127773,""r"":7}",
         1,         0,         0,   0.377,correlated_pymatching,5dc8e74a0a28e52dabca52d06f77e22020eca85e89bd176b9d33ba32818e593b,"{""d"":7,""p"":0.00046415888336127773,""r"":7}",
         1,         0,         0,   0.408,correlated_pymatching,0ca1613404eeae08d0e1c39cbe874bf152fd2973b6a9892bb5cd27f6a9c962ed,"{""d"":7,""p"":0.00021544346900318845,""r"":7}",
        32,         0,         0,   0.719,correlated_pymatching,0ca1613404eeae08d0e1c39cbe874bf152fd2973b6a9892bb5cd27f6a9c962ed,"{""d"":7,""p"":0.00021544346900318845,""r"":7}",
         1,         0,         0,   0.392,correlated_pymatching,5dc8e74a0a28e52dabca52d06f77e22020eca85e89bd176b9d33ba32818e593b,"{""d"":7,""p"":0.00046415888336127773,""r"":7}",
         2,         0,         0,   0.626,correlated_pymatching,0ca1613404eeae08d0e1c39cbe874bf152fd2973b6a9892bb5cd27f6a9c962ed,"{""d"":7,""p"":0.00021544346900318845,""r"":7}",
         1,         0,         0,   0.404,correlated_pymatching,5dc8e74a0a28e52dabca52d06f77e22020eca85e89bd176b9d33ba32818e593b,"{""d"":7,""p"":0.00046415888336127773,""r"":7}",
         8,         0,         0,   0.694,correlated_pymatching,5dc8e74a0a28e52dabca52d06f77e22020eca85e89bd176b9d33ba32818e593b,"{""d"":7,""p"":0.00046415888336127773,""r"":7}",
         4,         0,         0,   0.684,correlated_pymatching,5dc8e74a0a28e52dabca52d06f77e22020eca85e89bd176b9d33ba32818e593b,"{""d"":7,""p"":0.00046415888336127773,""r"":7}",
         2,         0,         0,   0.321,correlated_pymatching,0ca1613404eeae08d0e1c39cbe874bf152fd2973b6a9892bb5cd27f6a9c962ed,"{""d"":7,""p"":0.00021544346900318845,""r"":7}",
         1,         0,         0,   0.308,correlated_pymatching,5dc8e74a0a28e52dabca52d06f77e22020eca85e89bd176b9d33ba32818e593b,"{""d"":7,""p"":0.00046415888336127773,""r"":7}",
         2,         0,         0,   0.301,correlated_pymatching,0ca1613404eeae08d0e1c39cbe874bf152fd2973b6a9892bb5cd27f6a9c962ed,"{""d"":7,""p"":0.00021544346900318845,""r"":7}",
         2,         0,         0,   0.316,correlated_pymatching,0ca1613404eeae08d0e1c39cbe874bf152fd2973b6a9892bb5cd27f6a9c962ed,"{""d"":7,""p"":0.00021544346900318845,""r"":7}",
         1,         0,         0,   0.309,correlated_pymatching,5dc8e74a0a28e52dabca52d06f77e22020eca85e89bd176b9d33ba32818e593b,"{""d"":7,""p"":0.00046415888336127773,""r"":7}",
         4,         0,         0,   0.328,correlated_pymatching,0ca1613404eeae08d0e1c39cbe874bf152fd2973b6a9892bb5cd27f6a9c962ed,"{""d"":7,""p"":0.00021544346900318845,""r"":7}",
         1,         0,         0,   0.312,correlated_pymatching,5dc8e74a0a28e52dabca52d06f77e22020eca85e89bd176b9d33ba32818e593b,"{""d"":7,""p"":0.00046415888336127773,""r"":7}",
         1,         0,         0,   0.302,correlated_pymatching,5dc8e74a0a28e52dabca52d06f77e22020eca85e89bd176b9d33ba32818e593b,"{""d"":7,""p"":0.00046415888336127773,""r"":7}",
         1,         0,         0,   0.321,correlated_pymatching,0ca1613404eeae08d0e1c39cbe874bf152fd2973b6a9892bb5cd27f6a9c962ed,"{""d"":7,""p"":0.00021544346900318845,""r"":7}",
         1,         0,         0,   0.320,correlated_pymatching,5dc8e74a0a28e52dabca52d06f77e22020eca85e89bd176b9d33ba32818e593b,"{""d"":7,""p"":0.00046415888336127773,""r"":7}",
         1,         0,         0,   0.162,correlated_pymatching,5dc8e74a0a28e52dabca52d06f77e22020eca85e89bd176b9d33ba32818e593b,"{""d"":7,""p"":0.00046415888336127773,""r"":7}",
         1,         0,         0,   0.284,correlated_pymatching,5dc8e74a0a28e52dabca52d06f77e22020eca85e89bd176b9d33ba32818e593b,"{""d"":7,""p"":0.00046415888336127773,""r"":7}",
        32,         0,         0,   0.572,correlated_pymatching,0ca1613404eeae08d0e1c39cbe874bf152fd2973b6a9892bb5cd27f6a9c962ed,"{""d"":7,""p"":0.00021544346900318845,""r"":7}",
         2,         0,         0,   0.346,correlated_pymatching,0ca1613404eeae08d0e1c39cbe874bf152fd2973b6a9892bb5cd27f6a9c962ed,"{""d"":7,""p"":0.00021544346900318845,""r"":7}",
         1,         0,         0,   0.348,correlated_pymatching,5dc8e74a0a28e52dabca52d06f77e22020eca85e89bd176b9d33ba32818e593b,"{""d"":7,""p"":0.00046415888336127773,""r"":7}",
         2,         0,         0,   0.385,correlated_pymatching,0ca1613404eeae08d0e1c39cbe874bf152fd2973b6a9892bb5cd27f6a9c962ed,"{""d"":7,""p"":0.00021544346900318845,""r"":7}",
         2,         0,         0,   0.373,correlated_pymatching,0ca1613404eeae08d0e1c39cbe874bf152fd2973b6a9892bb5cd27f6a9c962ed,"{""d"":7,""p"":0.00021544346900318845,""r"":7}",
        96,         0,         0,   0.694,correlated_pymatching,0ca1613404eeae08d0e1c39cbe874bf152fd2973b6a9892bb5cd27f6a9c962ed,"{""d"":7,""p"":0.00021544346900318845,""r"":7}",
         1,         0,         0,   0.337,correlated_pymatching,5dc8e74a0a28e52dabca52d06f77e22020eca85e89bd176b9d33ba32818e593b,"{""d"":7,""p"":0.00046415888336127773,""r"":7}",
         2,         0,         0,   0.620,correlated_pymatching,0ca1613404eeae08d0e1c39cbe874bf152fd2973b6a9892bb5cd27f6a9c962ed,"{""d"":7,""p"":0.00021544346900318845,""r"":7}",
         1,         0,         0,   0.333,correlated_pymatching,0ca1613404eeae08d0e1c39cbe874bf152fd2973b6a9892bb5cd27f6a9c962ed,"{""d"":7,""p"":0.00021544346900318845,""r"":7}",
       128,         0,         0,   0.726,correlated_pymatching,5dc8e74a0a28e52dabca52d06f77e22020eca85e89bd176b9d33ba32818e593b,"{""d"":7,""p"":0.00046415888336127773,""r"":7}",
         4,         0,         0,   0.428,correlated_pymatching,0ca1613404eeae08d0e1c39cbe874bf152fd2973b6a9892bb5cd27f6a9c962ed,"{""d"":7,""p"":0.00021544346900318845,""r"":7}",
         8,         0,         0,   0.662,correlated_pymatching,5dc8e74a0a28e52dabca52d06f77e22020eca85e89bd176b9d33ba32818e593b,"{""d"":7,""p"":0.00046415888336127773,""r"":7}",
         1,         0,         0,   0.444,correlated_pymatching,5dc8e74a0a28e52dabca52d06f77e22020eca85e89bd176b9d33ba32818e593b,"{""d"":7,""p"":0.00046415888336127773,""r"":7}",
         4,         0,         0,   0.716,correlated_pymatching,5dc8e74a0a28e52dabca52d06f77e22020eca85e89bd176b9d33ba32818e593b,"{""d"":7,""p"":0.00046415888336127773,""r"":7}",
         2,         0,         0,   0.283,correlated_pymatching,5dc8e74a0a28e52dabca52d06f77e22020eca85e89bd176b9d33ba32818e593b,"{""d"":7,""p"":0.00046415888336127773,""r"":7}",
         2,         0,         0,   0.322,correlated_pymatching,5dc8e74a0a28e52dabca52d06f77e22020eca85e89bd176b9d33ba32818e593b,"{""d"":7,""p"":0.00046415888336127773,""r"":7}",
         2,         0,         0,   0.318,correlated_pymatching,0ca1613404eeae08d0e1c39cbe874bf152fd2973b6a9892bb5cd27f6a9c962ed,"{""d"":7,""p"":0.00021544346900318845,""r"":7}",
         1,         0,         0,   0.312,correlated_pymatching,5dc8e74a0a28e52dabca52d06f77e22020eca85e89bd176b9d33ba32818e593b,"{""d"":7,""p"":0.00046415888336127773,""r"":7}",
         2,         0,         0,   0.304,correlated_pymatching,0ca1613404eeae08d0e1c39cbe874bf152fd2973b6a9892bb5cd27f6a9c962ed,"{""d"":7,""p"":0.00021544346900318845,""r"":7}",
         2,         0,         0,   0.319,correlated_pymatching,0ca1613404eeae08d0e1c39cbe874bf152fd2973b6a9892bb5cd27f6a9c962ed,"{""d"":7,""p"":0.00021544346900318845,""r"":7}",
         1,         0,         0,   0.320,correlated_pymatching,5dc8e74a0a28e52dabca52d06f77e22020eca85e89bd176b9d33ba32818e593b,"{""d"":7,""p"":0.00046415888336127773,""r"":7}",
         1,         0,         0,   0.318,correlated_pymatching,0ca1613404eeae08d0e1c39cbe874bf152fd2973b6a9892bb5cd27f6a9c962ed,"{""d"":7,""p"":0.00021544346900318845,""r"":7}",
         4,         0,         0,   0.316,correlated_pymatching,0ca1613404eeae08d0e1c39cbe874bf152fd2973b6a9892bb5cd27f6a9c962ed,"{""d"":7,""p"":0.00021544346900318845,""r"":7}",
         1,         0,         0,   0.316,correlated_pymatching,5dc8e74a0a28e52dabca52d06f77e22020eca85e89bd176b9d33ba32818e593b,"{""d"":7,""p"":0.00046415888336127773,""r"":7}",
     72336,         1,         0,    23.9,correlated_pymatching,5dc8e74a0a28e52dabca52d06f77e22020eca85e89bd176b9d33ba32818e593b,"{""d"":7,""p"":0.00046415888336127773,""r"":7}","{""obs_mistake_mask=E"":1}"
         4,         0,         0,   0.296,correlated_pymatching,5dc8e74a0a28e52dabca52d06f77e22020eca85e89bd176b9d33ba32818e593b,"{""d"":7,""p"":0.00046415888336127773,""r"":7}",
         2,         0,         0,   0.301,correlated_pymatching,5dc8e74a0a28e52dabca52d06f77e22020eca85e89bd176b9d33ba32818e593b,"{""d"":7,""p"":0.00046415888336127773,""r"":7}",
     68608,         0,         0,    23.0,correlated_pymatching,5dc8e74a0a28e52dabca52d06f77e22020eca85e89bd176b9d33ba32818e593b,"{""d"":7,""p"":0.00046415888336127773,""r"":7}",
         2,         0,         0,   0.312,correlated_pymatching,0ca1613404eeae08d0e1c39cbe874bf152fd2973b6a9892bb5cd27f6a9c962ed,"{""d"":7,""p"":0.00021544346900318845,""r"":7}",
         2,         0,         0,   0.292,correlated_pymatching,0ca1613404eeae08d0e1c39cbe874bf152fd2973b6a9892bb5cd27f6a9c962ed,"{""d"":7,""p"":0.00021544346900318845,""r"":7}",
         1,         0,         0,   0.316,correlated_pymatching,5dc8e74a0a28e52dabca52d06f77e22020eca85e89bd176b9d33ba32818e593b,"{""d"":7,""p"":0.00046415888336127773,""r"":7}",
         2,         0,         0,   0.296,correlated_pymatching,0ca1613404eeae08d0e1c39cbe874bf152fd2973b6a9892bb5cd27f6a9c962ed,"{""d"":7,""p"":0.00021544346900318845,""r"":7}",
         1,         0,         0,   0.312,correlated_pymatching,5dc8e74a0a28e52dabca52d06f77e22020eca85e89bd176b9d33ba32818e593b,"{""d"":7,""p"":0.00046415888336127773,""r"":7}",
         4,         0,         0,   0.296,correlated_pymatching,0ca1613404eeae08d0e1c39cbe874bf152fd2973b6a9892bb5cd27f6a9c962ed,"{""d"":7,""p"":0.00021544346900318845,""r"":7}",
         1,         0,         0,   0.336,correlated_pymatching,0ca1613404eeae08d0e1c39cbe874bf152fd2973b6a9892bb5cd27f6a9c962ed,"{""d"":7,""p"":0.00021544346900318845,""r"":7}",
         1,         0,         0,   0.328,correlated_pymatching,5dc8e74a0a28e52dabca52d06f77e22020eca85e89bd176b9d33ba32818e593b,"{""d"":7,""p"":0.00046415888336127773,""r"":7}",
         8,         0,         0,   0.308,correlated_pymatching,5dc8e74a0a28e52dabca52d06f77e22020eca85e89bd176b9d33ba32818e593b,"{""d"":7,""p"":0.00046415888336127773,""r"":7}",
         2,         0,         0,   0.338,correlated_pymatching,5dc8e74a0a28e52dabca52d06f77e22020eca85e89bd176b9d33ba32818e593b,"{""d"":7,""p"":0.00046415888336127773,""r"":7}",
       128,         0,         0,   0.900,correlated_pymatching,0ca1613404eeae08d0e1c39cbe874bf152fd2973b6a9892bb5cd27f6a9c962ed,"{""d"":7,""p"":0.00021544346900318845,""r"":7}",
         2,         0,         0,   0.309,correlated_pymatching,0ca1613404eeae08d0e1c39cbe874bf152fd2973b6a9892bb5cd27f6a9c962ed,"{""d"":7,""p"":0.00021544346900318845,""r"":7}",
         4,         0,         0,   0.308,correlated_pymatching,0ca1613404eeae08d0e1c39cbe874bf152fd2973b6a9892bb5cd27f6a9c962ed,"{""d"":7,""p"":0.00021544346900318845,""r"":7}",
         4,         0,         0,   0.300,correlated_pymatching,0ca1613404eeae08d0e1c39cbe874bf152fd2973b6a9892bb5cd27f6a9c962ed,"{""d"":7,""p"":0.00021544346900318845,""r"":7}",
         1,         0,         0,   0.310,correlated_pymatching,5dc8e74a0a28e52dabca52d06f77e22020eca85e89bd176b9d33ba32818e593b,"{""d"":7,""p"":0.00046415888336127773,""r"":7}",
       192,         0,         0,   0.925,correlated_pymatching,0ca1613404eeae08d0e1c39cbe874bf152fd2973b6a9892bb5cd27f6a9c962ed,"{""d"":7,""p"":0.00021544346900318845,""r"":7}",
         1,         0,         0,   0.314,correlated_pymatching,5dc8e74a0a28e52dabca52d06f77e22020eca85e89bd176b9d33ba32818e593b,"{""d"":7,""p"":0.00046415888336127773,""r"":7}",
         6,         0,         0,   0.956,correlated_pymatching,0ca1613404eeae08d0e1c39cbe874bf152fd2973b6a9892bb5cd27f6a9c962ed,"{""d"":7,""p"":0.00021544346900318845,""r"":7}",
       192,         0,         0,   0.931,correlated_pymatching,5dc8e74a0a28e52dabca52d06f77e22020eca85e89bd176b9d33ba32818e593b,"{""d"":7,""p"":0.00046415888336127773,""r"":7}",
         1,         0,         0,   0.302,correlated_pymatching,0ca1613404eeae08d0e1c39cbe874bf152fd2973b6a9892bb5cd27f6a9c962ed,"{""d"":7,""p"":0.00021544346900318845,""r"":7}",
         8,         0,         0,   0.332,correlated_pymatching,0ca1613404eeae08d0e1c39cbe874bf152fd2973b6a9892bb5cd27f6a9c962ed,"{""d"":7,""p"":0.00021544346900318845,""r"":7}",
        12,         0,         0,   0.931,correlated_pymatching,5dc8e74a0a28e52dabca52d06f77e22020eca85e89bd176b9d33ba32818e593b,"{""d"":7,""p"":0.00046415888336127773,""r"":7}",
     26314,         0,         0,    9.48,correlated_pymatching,0ca1613404eeae08d0e1c39cbe874bf152fd2973b6a9892bb5cd27f6a9c962ed,"{""d"":7,""p"":0.00021544346900318845,""r"":7}",
         1,         0,         0,   0.320,correlated_pymatching,5dc8e74a0a28e52dabca52d06f77e22020eca85e89bd176b9d33ba32818e593b,"{""d"":7,""p"":0.00046415888336127773,""r"":7}",
         6,         0,         0,   0.944,correlated_pymatching,5dc8e74a0a28e52dabca52d06f77e22020eca85e89bd176b9d33ba32818e593b,"{""d"":7,""p"":0.00046415888336127773,""r"":7}",
        16,         0,         0,   0.598,correlated_pymatching,5dc8e74a0a28e52dabca52d06f77e22020eca85e89bd176b9d33ba32818e593b,"{""d"":7,""p"":0.00046415888336127773,""r"":7}",
         8,         0,         0,   0.637,correlated_pymatching,0ca1613404eeae08d0e1c39cbe874bf152fd2973b6a9892bb5cd27f6a9c962ed,"{""d"":7,""p"":0.00021544346900318845,""r"":7}",
        24,         0,         0,   0.628,correlated_pymatching,0ca1613404eeae08d0e1c39cbe874bf152fd2973b6a9892bb5cd27f6a9c962ed,"{""d"":7,""p"":0.00021544346900318845,""r"":7}",
         4,         0,         0,   0.717,correlated_pymatching,5dc8e74a0a28e52dabca52d06f77e22020eca85e89bd176b9d33ba32818e593b,"{""d"":7,""p"":0.00046415888336127773,""r"":7}",
         2,         0,         0,   0.677,correlated_pymatching,5dc8e74a0a28e52dabca52d06f77e22020eca85e89bd176b9d33ba32818e593b,"{""d"":7,""p"":0.00046415888336127773,""r"":7}",
         2,         0,         0,   0.588,correlated_pymatching,5dc8e74a0a28e52dabca52d06f77e22020eca85e89bd176b9d33ba32818e593b,"{""d"":7,""p"":0.00046415888336127773,""r"":7}",
         2,         0,         0,   0.738,correlated_pymatching,5dc8e74a0a28e52dabca52d06f77e22020eca85e89bd176b9d33ba32818e593b,"{""d"":7,""p"":0.00046415888336127773,""r"":7}",
        24,         0,         0,   0.664,correlated_pymatching,0ca1613404eeae08d0e1c39cbe874bf152fd2973b6a9892bb5cd27f6a9c962ed,"{""d"":7,""p"":0.00021544346900318845,""r"":7}",
         4,         0,         0,   0.788,correlated_pymatching,0ca1613404eeae08d0e1c39cbe874bf152fd2973b6a9892bb5cd27f6a9c962ed,"{""d"":7,""p"":0.00021544346900318845,""r"":7}",
         2,         0,         0,   0.698,correlated_pymatching,0ca1613404eeae08d0e1c39cbe874bf152fd2973b6a9892bb5cd27f6a9c962ed,"{""d"":7,""p"":0.00021544346900318845,""r"":7}",
        32,         0,         0,   0.681,correlated_pymatching,5dc8e74a0a28e52dabca52d06f77e22020eca85e89bd176b9d33ba32818e593b,"{""d"":7,""p"":0.00046415888336127773,""r"":7}",
        12,         0,         0,   0.587,correlated_pymatching,0ca1613404eeae08d0e1c39cbe874bf152fd2973b6a9892bb5cd27f6a9c962ed,"{""d"":7,""p"":0.00021544346900318845,""r"":7}",
        48,         0,         0,   0.611,correlated_pymatching,0ca1613404eeae08d0e1c39cbe874bf152fd2973b6a9892bb5cd27f6a9c962ed,"{""d"":7,""p"":0.00021544346900318845,""r"":7}",
       512,         0,         0,    1.31,correlated_pymatching,0ca1613404eeae08d0e1c39cbe874bf152fd2973b6a9892bb5cd27f6a9c962ed,"{""d"":7,""p"":0.00021544346900318845,""r"":7}",
         4,         0,         0,   0.656,correlated_pymatching,5dc8e74a0a28e52dabca52d06f77e22020eca85e89bd176b9d33ba32818e593b,"{""d"":7,""p"":0.00046415888336127773,""r"":7}",
     24623,         0,         0,    9.26,correlated_pymatching,0ca1613404eeae08d0e1c39cbe874bf152fd2973b6a9892bb5cd27f6a9c962ed,"{""d"":7,""p"":0.00021544346900318845,""r"":7}",
     24623,         0,         0,    9.33,correlated_pymatching,0ca1613404eeae08d0e1c39cbe874bf152fd2973b6a9892bb5cd27f6a9c962ed,"{""d"":7,""p"":0.00021544346900318845,""r"":7}",
       512,         0,         0,    1.32,correlated_pymatching,0ca1613404eeae08d0e1c39cbe874bf152fd2973b6a9892bb5cd27f6a9c962ed,"{""d"":7,""p"":0.00021544346900318845,""r"":7}",
         2,         0,         0,   0.636,correlated_pymatching,5dc8e74a0a28e52dabca52d06f77e22020eca85e89bd176b9d33ba32818e593b,"{""d"":7,""p"":0.00046415888336127773,""r"":7}",
       256,         0,         0,    1.31,correlated_pymatching,5dc8e74a0a28e52dabca52d06f77e22020eca85e89bd176b9d33ba32818e593b,"{""d"":7,""p"":0.00046415888336127773,""r"":7}",
         2,         0,         0,   0.635,correlated_pymatching,5dc8e74a0a28e52dabca52d06f77e22020eca85e89bd176b9d33ba32818e593b,"{""d"":7,""p"":0.00046415888336127773,""r"":7}",
         4,         0,         0,   0.648,correlated_pymatching,5dc8e74a0a28e52dabca52d06f77e22020eca85e89bd176b9d33ba32818e593b,"{""d"":7,""p"":0.00046415888336127773,""r"":7}",
        16,         0,         0,    1.28,correlated_pymatching,5dc8e74a0a28e52dabca52d06f77e22020eca85e89bd176b9d33ba32818e593b,"{""d"":7,""p"":0.00046415888336127773,""r"":7}",
        32,         0,         0,   0.635,correlated_pymatching,0ca1613404eeae08d0e1c39cbe874bf152fd2973b6a9892bb5cd27f6a9c962ed,"{""d"":7,""p"":0.00021544346900318845,""r"":7}",
         8,         0,         0,    1.34,correlated_pymatching,0ca1613404eeae08d0e1c39cbe874bf152fd2973b6a9892bb5cd27f6a9c962ed,"{""d"":7,""p"":0.00021544346900318845,""r"":7}",
         4,         0,         0,   0.646,correlated_pymatching,0ca1613404eeae08d0e1c39cbe874bf152fd2973b6a9892bb5cd27f6a9c962ed,"{""d"":7,""p"":0.00021544346900318845,""r"":7}",
         2,         0,         0,   0.642,correlated_pymatching,0ca1613404eeae08d0e1c39cbe874bf152fd2973b6a9892bb5cd27f6a9c962ed,"{""d"":7,""p"":0.00021544346900318845,""r"":7}",
     65934,         0,         0,    23.1,correlated_pymatching,5dc8e74a0a28e52dabca52d06f77e22020eca85e89bd176b9d33ba32818e593b,"{""d"":7,""p"":0.00046415888336127773,""r"":7}",
         8,         0,         0,    1.31,correlated_pymatching,5dc8e74a0a28e52dabca52d06f77e22020eca85e89bd176b9d33ba32818e593b,"{""d"":7,""p"":0.00046415888336127773,""r"":7}",
        48,         0,         0,   0.907,correlated_pymatching,5dc8e74a0a28e52dabca52d06f77e22020eca85e89bd176b9d33ba32818e593b,"{""d"":7,""p"":0.00046415888336127773,""r"":7}",
        32,         0,         0,   0.911,correlated_pymatching,0ca1613404eeae08d0e1c39cbe874bf152fd2973b6a9892bb5cd27f6a9c962ed,"{""d"":7,""p"":0.00021544346900318845,""r"":7}",
       160,         0,         0,   0.912,correlated_pymatching,0ca1613404eeae08d0e1c39cbe874bf152fd2973b6a9892bb5cd27f6a9c962ed,"{""d"":7,""p"":0.00021544346900318845,""r"":7}",
         6,         0,         0,   0.969,correlated_pymatching,5dc8e74a0a28e52dabca52d06f77e22020eca85e89bd176b9d33ba32818e593b,"{""d"":7,""p"":0.00046415888336127773,""r"":7}",
     23044,         0,         0,    7.92,correlated_pymatching,0ca1613404eeae08d0e1c39cbe874bf152fd2973b6a9892bb5cd27f6a9c962ed,"{""d"":7,""p"":0.00021544346900318845,""r"":7}",
         3,         0,         0,   0.955,correlated_pymatching,5dc8e74a0a28e52dabca52d06f77e22020eca85e89bd176b9d33ba32818e593b,"{""d"":7,""p"":0.00046415888336127773,""r"":7}",
         3,         0,         0,   0.955,correlated_pymatching,5dc8e74a0a28e52dabca52d06f77e22020eca85e89bd176b9d33ba32818e593b,"{""d"":7,""p"":0.00046415888336127773,""r"":7}",
        48,         0,         0,   0.946,correlated_pymatching,0ca1613404eeae08d0e1c39cbe874bf152fd2973b6a9892bb5cd27f6a9c962ed,"{""d"":7,""p"":0.00021544346900318845,""r"":7}",
         6,         0,         0,   0.951,correlated_pymatching,5dc8e74a0a28e52dabca52d06f77e22020eca85e89bd176b9d33ba32818e593b,"{""d"":7,""p"":0.00046415888336127773,""r"":7}",
     21504,         0,         0,    7.56,correlated_pymatching,0ca1613404eeae08d0e1c39cbe874bf152fd2973b6a9892bb5cd27f6a9c962ed,"{""d"":7,""p"":0.00021544346900318845,""r"":7}",
         6,         0,         0,   0.949,correlated_pymatching,0ca1613404eeae08d0e1c39cbe874bf152fd2973b6a9892bb5cd27f6a9c962ed,"{""d"":7,""p"":0.00021544346900318845,""r"":7}",
         3,         0,         0,   0.969,correlated_pymatching,0ca1613404eeae08d0e1c39cbe874bf152fd2973b6a9892bb5cd27f6a9c962ed,"{""d"":7,""p"":0.00021544346900318845,""r"":7}",
     20018,         0,         0,    7.29,correlated_pymatching,0ca1613404eeae08d0e1c39cbe874bf152fd2973b6a9892bb5cd27f6a9c962ed,"{""d"":7,""p"":0.00021544346900318845,""r"":7}",
     18432,         0,         0,    6.66,correlated_pymatching,0ca1613404eeae08d0e1c39cbe874bf152fd2973b6a9892bb5cd27f6a9c962ed,"{""d"":7,""p"":0.00021544346900318845,""r"":7}",
     20018,         1,         0,    7.46,correlated_pymatching,0ca1613404eeae08d0e1c39cbe874bf152fd2973b6a9892bb5cd27f6a9c962ed,"{""d"":7,""p"":0.00021544346900318845,""r"":7}","{""obs_mistake_mask=E"":1}"
       640,         0,         0,    1.61,correlated_pymatching,0ca1613404eeae08d0e1c39cbe874bf152fd2973b6a9892bb5cd27f6a9c962ed,"{""d"":7,""p"":0.00021544346900318845,""r"":7}",
        20,         0,         0,    1.58,correlated_pymatching,5dc8e74a0a28e52dabca52d06f77e22020eca85e89bd176b9d33ba32818e593b,"{""d"":7,""p"":0.00046415888336127773,""r"":7}",
        10,         0,         0,    1.61,correlated_pymatching,0ca1613404eeae08d0e1c39cbe874bf152fd2973b6a9892bb5cd27f6a9c962ed,"{""d"":7,""p"":0.00021544346900318845,""r"":7}",
        14,         0,         0,    1.58,correlated_pymatching,5dc8e74a0a28e52dabca52d06f77e22020eca85e89bd176b9d33ba32818e593b,"{""d"":7,""p"":0.00046415888336127773,""r"":7}",
       768,         0,         0,    1.87,correlated_pymatching,0ca1613404eeae08d0e1c39cbe874bf152fd2973b6a9892bb5cd27f6a9c962ed,"{""d"":7,""p"":0.00021544346900318845,""r"":7}",
       640,         0,         0,    1.87,correlated_pymatching,5dc8e74a0a28e52dabca52d06f77e22020eca85e89bd176b9d33ba32818e593b,"{""d"":7,""p"":0.00046415888336127773,""r"":7}",
       224,         0,         0,    1.23,correlated_pymatching,5dc8e74a0a28e52dabca52d06f77e22020eca85e89bd176b9d33ba32818e593b,"{""d"":7,""p"":0.00046415888336127773,""r"":7}",
        64,         0,         0,    1.22,correlated_pymatching,0ca1613404eeae08d0e1c39cbe874bf152fd2973b6a9892bb5cd27f6a9c962ed,"{""d"":7,""p"":0.00021544346900318845,""r"":7}",
       896,         0,         0,    1.25,correlated_pymatching,0ca1613404eeae08d0e1c39cbe874bf152fd2973b6a9892bb5cd27f6a9c962ed,"{""d"":7,""p"":0.00021544346900318845,""r"":7}",
         8,         0,         0,    1.29,correlated_pymatching,5dc8e74a0a28e52dabca52d06f77e22020eca85e89bd176b9d33ba32818e593b,"{""d"":7,""p"":0.00046415888336127773,""r"":7}",
         4,         0,         0,    1.27,correlated_pymatching,5dc8e74a0a28e52dabca52d06f77e22020eca85e89bd176b9d33ba32818e593b,"{""d"":7,""p"":0.00046415888336127773,""r"":7}",
         4,         0,         0,    1.28,correlated_pymatching,5dc8e74a0a28e52dabca52d06f77e22020eca85e89bd176b9d33ba32818e593b,"{""d"":7,""p"":0.00046415888336127773,""r"":7}",
        16,         0,         0,    1.27,correlated_pymatching,5dc8e74a0a28e52dabca52d06f77e22020eca85e89bd176b9d33ba32818e593b,"{""d"":7,""p"":0.00046415888336127773,""r"":7}",
        64,         0,         0,    1.28,correlated_pymatching,0ca1613404eeae08d0e1c39cbe874bf152fd2973b6a9892bb5cd27f6a9c962ed,"{""d"":7,""p"":0.00021544346900318845,""r"":7}",
         8,         0,         0,    1.27,correlated_pymatching,0ca1613404eeae08d0e1c39cbe874bf152fd2973b6a9892bb5cd27f6a9c962ed,"{""d"":7,""p"":0.00021544346900318845,""r"":7}",
         4,         0,         0,    1.26,correlated_pymatching,0ca1613404eeae08d0e1c39cbe874bf152fd2973b6a9892bb5cd27f6a9c962ed,"{""d"":7,""p"":0.00021544346900318845,""r"":7}",
      2048,         0,         0,    1.62,correlated_pymatching,0ca1613404eeae08d0e1c39cbe874bf152fd2973b6a9892bb5cd27f6a9c962ed,"{""d"":7,""p"":0.00021544346900318845,""r"":7}",
        36,         0,         0,    2.19,correlated_pymatching,5dc8e74a0a28e52dabca52d06f77e22020eca85e89bd176b9d33ba32818e593b,"{""d"":7,""p"":0.00046415888336127773,""r"":7}",
      1664,         0,         0,    2.21,correlated_pymatching,0ca1613404eeae08d0e1c39cbe874bf152fd2973b6a9892bb5cd27f6a9c962ed,"{""d"":7,""p"":0.00021544346900318845,""r"":7}",
       384,         0,         0,    1.87,correlated_pymatching,5dc8e74a0a28e52dabca52d06f77e22020eca85e89bd176b9d33ba32818e593b,"{""d"":7,""p"":0.00046415888336127773,""r"":7}",
        10,         0,         0,    1.60,correlated_pymatching,5dc8e74a0a28e52dabca52d06f77e22020eca85e89bd176b9d33ba32818e593b,"{""d"":7,""p"":0.00046415888336127773,""r"":7}",
         5,         0,         0,    1.58,correlated_pymatching,5dc8e74a0a28e52dabca52d06f77e22020eca85e89bd176b9d33ba32818e593b,"{""d"":7,""p"":0.00046415888336127773,""r"":7}",
         5,         0,         0,    1.57,correlated_pymatching,5dc8e74a0a28e52dabca52d06f77e22020eca85e89bd176b9d33ba32818e593b,"{""d"":7,""p"":0.00046415888336127773,""r"":7}",
       144,         0,         0,    1.83,correlated_pymatching,0ca1613404eeae08d0e1c39cbe874bf152fd2973b6a9892bb5cd27f6a9c962ed,"{""d"":7,""p"":0.00021544346900318845,""r"":7}",
        28,         0,         0,    1.58,correlated_pymatching,5dc8e74a0a28e52dabca52d06f77e22020eca85e89bd176b9d33ba32818e593b,"{""d"":7,""p"":0.00046415888336127773,""r"":7}",
        10,         0,         0,    1.58,correlated_pymatching,0ca1613404eeae08d0e1c39cbe874bf152fd2973b6a9892bb5cd27f6a9c962ed,"{""d"":7,""p"":0.00021544346900318845,""r"":7}",
        80,         0,         0,    1.60,correlated_pymatching,0ca1613404eeae08d0e1c39cbe874bf152fd2973b6a9892bb5cd27f6a9c962ed,"{""d"":7,""p"":0.00021544346900318845,""r"":7}",
        14,         0,         0,    2.24,correlated_pymatching,0ca1613404eeae08d0e1c39cbe874bf152fd2973b6a9892bb5cd27f6a9c962ed,"{""d"":7,""p"":0.00021544346900318845,""r"":7}",
         5,         0,         0,    1.60,correlated_pymatching,0ca1613404eeae08d0e1c39cbe874bf152fd2973b6a9892bb5cd27f6a9c962ed,"{""d"":7,""p"":0.00021544346900318845,""r"":7}",
        28,         0,         0,    2.22,correlated_pymatching,5dc8e74a0a28e52dabca52d06f77e22020eca85e89bd176b9d33ba32818e593b,"{""d"":7,""p"":0.00046415888336127773,""r"":7}",
       896,         0,         0,    2.20,correlated_pymatching,5dc8e74a0a28e52dabca52d06f77e22020eca85e89bd176b9d33ba32818e593b,"{""d"":7,""p"":0.00046415888336127773,""r"":7}",
      1024,         0,         0,    2.47,correlated_pymatching,0ca1613404eeae08d0e1c39cbe874bf152fd2973b6a9892bb5cd27f6a9c962ed,"{""d"":7,""p"":0.00021544346900318845,""r"":7}",
     15017,         0,         0,    5.64,correlated_pymatching,0ca1613404eeae08d0e1c39cbe874bf152fd2973b6a9892bb5cd27f6a9c962ed,"{""d"":7,""p"":0.00021544346900318845,""r"":7}",
     57490,         1,         0,    22.3,correlated_pymatching,5dc8e74a0a28e52dabca52d06f77e22020eca85e89bd176b9d33ba32818e593b,"{""d"":7,""p"":0.00046415888336127773,""r"":7}","{""obs_mistake_mask=E"":1}"
     13613,         0,         0,    5.12,correlated_pymatching,0ca1613404eeae08d0e1c39cbe874bf152fd2973b6a9892bb5cd27f6a9c962ed,"{""d"":7,""p"":0.00021544346900318845,""r"":7}",
     13613,         0,         0,    5.10,correlated_pymatching,0ca1613404eeae08d0e1c39cbe874bf152fd2973b6a9892bb5cd27f6a9c962ed,"{""d"":7,""p"":0.00021544346900318845,""r"":7}",
       851,         0,         0,   0.361,correlated_pymatching,0ca1613404eeae08d0e1c39cbe874bf152fd2973b6a9892bb5cd27f6a9c962ed,"{""d"":7,""p"":0.00021544346900318845,""r"":7}",
     12762,         0,         0,    4.52,correlated_pymatching,0ca1613404eeae08d0e1c39cbe874bf152fd2973b6a9892bb5cd27f6a9c962ed,"{""d"":7,""p"":0.00021544346900318845,""r"":7}",
     12762,         0,         0,    4.56,correlated_pymatching,0ca1613404eeae08d0e1c39cbe874bf152fd2973b6a9892bb5cd27f6a9c962ed,"{""d"":7,""p"":0.00021544346900318845,""r"":7}",
     11264,         0,         0,    4.07,correlated_pymatching,0ca1613404eeae08d0e1c39cbe874bf152fd2973b6a9892bb5cd27f6a9c962ed,"{""d"":7,""p"":0.00021544346900318845,""r"":7}",
     11264,         0,         0,    4.04,correlated_pymatching,0ca1613404eeae08d0e1c39cbe874bf152fd2973b6a9892bb5cd27f6a9c962ed,"{""d"":7,""p"":0.00021544346900318845,""r"":7}",
     12288,         0,         0,    4.25,correlated_pymatching,0ca1613404eeae08d0e1c39cbe874bf152fd2973b6a9892bb5cd27f6a9c962ed,"{""d"":7,""p"":0.00021544346900318845,""r"":7}",
      3584,         0,         0,    2.31,correlated_pymatching,0ca1613404eeae08d0e1c39cbe874bf152fd2973b6a9892bb5cd27f6a9c962ed,"{""d"":7,""p"":0.00021544346900318845,""r"":7}",
       704,         0,         0,    2.20,correlated_pymatching,5dc8e74a0a28e52dabca52d06f77e22020eca85e89bd176b9d33ba32818e593b,"{""d"":7,""p"":0.00046415888336127773,""r"":7}",
       474,         0,         0,   0.318,correlated_pymatching,0ca1613404eeae08d0e1c39cbe874bf152fd2973b6a9892bb5cd27f6a9c962ed,"{""d"":7,""p"":0.00021544346900318845,""r"":7}",
         7,         0,         0,    2.22,correlated_pymatching,5dc8e74a0a28e52dabca52d06f77e22020eca85e89bd176b9d33ba32818e593b,"{""d"":7,""p"":0.00046415888336127773,""r"":7}",
        14,         0,         0,    2.20,correlated_pymatching,0ca1613404eeae08d0e1c39cbe874bf152fd2973b6a9892bb5cd27f6a9c962ed,"{""d"":7,""p"":0.00021544346900318845,""r"":7}",
         7,         0,         0,    2.24,correlated_pymatching,5dc8e74a0a28e52dabca52d06f77e22020eca85e89bd176b9d33ba32818e593b,"{""d"":7,""p"":0.00046415888336127773,""r"":7}",
        56,         0,         0,    2.24,correlated_pymatching,5dc8e74a0a28e52dabca52d06f77e22020eca85e89bd176b9d33ba32818e593b,"{""d"":7,""p"":0.00046415888336127773,""r"":7}",
       112,         0,         0,    2.23,correlated_pymatching,0ca1613404eeae08d0e1c39cbe874bf152fd2973b6a9892bb5cd27f6a9c962ed,"{""d"":7,""p"":0.00021544346900318845,""r"":7}",
        14,         0,         0,    2.28,correlated_pymatching,5dc8e74a0a28e52dabca52d06f77e22020eca85e89bd176b9d33ba32818e593b,"{""d"":7,""p"":0.00046415888336127773,""r"":7}",
         7,         0,         0,    2.25,correlated_pymatching,0ca1613404eeae08d0e1c39cbe874bf152fd2973b6a9892bb5cd27f6a9c962ed,"{""d"":7,""p"":0.00021544346900318845,""r"":7}",
       608,         0,         0,    2.47,correlated_pymatching,0ca1613404eeae08d0e1c39cbe874bf152fd2973b6a9892bb5cd27f6a9c962ed,"{""d"":7,""p"":0.00021544346900318845,""r"":7}",
      3404,         0,         0,    1.37,correlated_pymatching,0ca1613404eeae08d0e1c39cbe874bf152fd2973b6a9892bb5cd27f6a9c962ed,"{""d"":7,""p"":0.00021544346900318845,""r"":7}",
        80,         0,         0,    3.14,correlated_pymatching,5dc8e74a0a28e52dabca52d06f77e22020eca85e89bd176b9d33ba32818e593b,"{""d"":7,""p"":0.00046415888336127773,""r"":7}",
      3200,         0,         0,    1.42,correlated_pymatching,0ca1613404eeae08d0e1c39cbe874bf152fd2973b6a9892bb5cd27f6a9c962ed,"{""d"":7,""p"":0.00021544346900318845,""r"":7}",
      3404,         0,         0,    1.38,correlated_pymatching,0ca1613404eeae08d0e1c39cbe874bf152fd2973b6a9892bb5cd27f6a9c962ed,"{""d"":7,""p"":0.00021544346900318845,""r"":7}",
        22,         0,         0,    3.17,correlated_pymatching,0ca1613404eeae08d0e1c39cbe874bf152fd2973b6a9892bb5cd27f6a9c962ed,"{""d"":7,""p"":0.00021544346900318845,""r"":7}",
      4864,         0,         0,    3.27,correlated_pymatching,0ca1613404eeae08d0e1c39cbe874bf152fd2973b6a9892bb5cd27f6a9c962ed,"{""d"":7,""p"":0.00021544346900318845,""r"":7}",
      3997,         0,         0,    1.45,correlated_pymatching,0ca1613404eeae08d0e1c39cbe874bf152fd2973b6a9892bb5cd27f6a9c962ed,"{""d"":7,""p"":0.00021544346900318845,""r"":7}",
        40,         0,         0,    3.17,correlated_pymatching,5dc8e74a0a28e52dabca52d06f77e22020eca85e89bd176b9d33ba32818e593b,"{""d"":7,""p"":0.00046415888336127773,""r"":7}",
      1280,         0,         0,    3.14,correlated_pymatching,5dc8e74a0a28e52dabca52d06f77e22020eca85e89bd176b9d33ba32818e593b,"{""d"":7,""p"":0.00046415888336127773,""r"":7}",
      7574,         0,         0,    2.91,correlated_pymatching,0ca1613404eeae08d0e1c39cbe874bf152fd2973b6a9892bb5cd27f6a9c962ed,"{""d"":7,""p"":0.00021544346900318845,""r"":7}",
      1408,         0,         0,    3.19,correlated_pymatching,0ca1613404eeae08d0e1c39cbe874bf152fd2973b6a9892bb5cd27f6a9c962ed,"{""d"":7,""p"":0.00021544346900318845,""r"":7}",
      5957,         0,         0,    2.16,correlated_pymatching,0ca1613404eeae08d0e1c39cbe874bf152fd2973b6a9892bb5cd27f6a9c962ed,"{""d"":7,""p"":0.00021544346900318845,""r"":7}",
      6606,         0,         0,    2.61,correlated_pymatching,0ca1613404eeae08d0e1c39cbe874bf152fd2973b6a9892bb5cd27f6a9c962ed,"{""d"":7,""p"":0.00021544346900318845,""r"":7}",
       250,         0,         0,   0.355,correlated_pymatching,0ca1613404eeae08d0e1c39cbe874bf152fd2973b6a9892bb5cd27f6a9c962ed,"{""d"":7,""p"":0.00021544346900318845,""r"":7}",
        81,         0,         0,   0.329,correlated_pymatching,0ca1613404eeae08d0e1c39cbe874bf152fd2973b6a9892bb5cd27f6a9c962ed,"{""d"":7,""p"":0.00021544346900318845,""r"":7}",
      6133,         0,         0,    2.08,correlated_pymatching,0ca1613404eeae08d0e1c39cbe874bf152fd2973b6a9892bb5cd27f6a9c962ed,"{""d"":7,""p"":0.00021544346900318845,""r"":7}",
      5260,         0,         0,    2.39,correlated_pymatching,0ca1613404eeae08d0e1c39cbe874bf152fd2973b6a9892bb5cd27f6a9c962ed,"{""d"":7,""p"":0.00021544346900318845,""r"":7}",
      3874,         0,         0,    1.37,correlated_pymatching,0ca1613404eeae08d0e1c39cbe874bf152fd2973b6a9892bb5cd27f6a9c962ed,"{""d"":7,""p"":0.00021544346900318845,""r"":7}",
       816,         0,         0,   0.323,correlated_pymatching,0ca1613404eeae08d0e1c39cbe874bf152fd2973b6a9892bb5cd27f6a9c962ed,"{""d"":7,""p"":0.00021544346900318845,""r"":7}",
       816,         0,         0,   0.331,correlated_pymatching,0ca1613404eeae08d0e1c39cbe874bf152fd2973b6a9892bb5cd27f6a9c962ed,"{""d"":7,""p"":0.00021544346900318845,""r"":7}",
      4856,         0,         0,    1.75,correlated_pymatching,0ca1613404eeae08d0e1c39cbe874bf152fd2973b6a9892bb5cd27f6a9c962ed,"{""d"":7,""p"":0.00021544346900318845,""r"":7}",
       969,         0,         0,   0.357,correlated_pymatching,0ca1613404eeae08d0e1c39cbe874bf152fd2973b6a9892bb5cd27f6a9c962ed,"{""d"":7,""p"":0.00021544346900318845,""r"":7}",
      4527,         0,         0,    1.74,correlated_pymatching,0ca1613404eeae08d0e1c39cbe874bf152fd2973b6a9892bb5cd27f6a9c962ed,"{""d"":7,""p"":0.00021544346900318845,""r"":7}",
      4285,         0,         0,    1.79,correlated_pymatching,0ca1613404eeae08d0e1c39cbe874bf152fd2973b6a9892bb5cd27f6a9c962ed,"{""d"":7,""p"":0.00021544346900318845,""r"":7}",
      3879,         0,         0,    2.02,correlated_pymatching,0ca1613404eeae08d0e1c39cbe874bf152fd2973b6a9892bb5cd27f6a9c962ed,"{""d"":7,""p"":0.00021544346900318845,""r"":7}",
       648,         0,         0,   0.322,correlated_pymatching,0ca1613404eeae08d0e1c39cbe874bf152fd2973b6a9892bb5cd27f6a9c962ed,"{""d"":7,""p"":0.00021544346900318845,""r"":7}",
       977,         0,         0,   0.348,correlated_pymatching,0ca1613404eeae08d0e1c39cbe874bf152fd2973b6a9892bb5cd27f6a9c962ed,"{""d"":7,""p"":0.00021544346900318845,""r"":7}",
      3879,         0,         0,    1.43,correlated_pymatching,0ca1613404eeae08d0e1c39cbe874bf152fd2973b6a9892bb5cd27f6a9c962ed,"{""d"":7,""p"":0.00021544346900318845,""r"":7}",
      3879,         0,         0,    1.43,correlated_pymatching,0ca1613404eeae08d0e1c39cbe874bf152fd2973b6a9892bb5cd27f6a9c962ed,"{""d"":7,""p"":0.00021544346900318845,""r"":7}",
        12,         0,         0,    3.19,correlated_pymatching,5dc8e74a0a28e52dabca52d06f77e22020eca85e89bd176b9d33ba32818e593b,"{""d"":7,""p"":0.00046415888336127773,""r"":7}",
      1280,         0,         0,    3.25,correlated_pymatching,5dc8e74a0a28e52dabca52d06f77e22020eca85e89bd176b9d33ba32818e593b,"{""d"":7,""p"":0.00046415888336127773,""r"":7}",
       112,         0,         0,    3.23,correlated_pymatching,5dc8e74a0a28e52dabca52d06f77e22020eca85e89bd176b9d33ba32818e593b,"{""d"":7,""p"":0.00046415888336127773,""r"":7}",
       648,         0,         0,   0.262,correlated_pymatching,0ca1613404eeae08d0e1c39cbe874bf152fd2973b6a9892bb5cd27f6a9c962ed,"{""d"":7,""p"":0.00021544346900318845,""r"":7}",
        26,         0,         0,    3.26,correlated_pymatching,0ca1613404eeae08d0e1c39cbe874bf152fd2973b6a9892bb5cd27f6a9c962ed,"{""d"":7,""p"":0.00021544346900318845,""r"":7}",
        14,         0,         0,    3.19,correlated_pymatching,0ca1613404eeae08d0e1c39cbe874bf152fd2973b6a9892bb5cd27f6a9c962ed,"{""d"":7,""p"":0.00021544346900318845,""r"":7}",
        10,         0,         0,    3.27,correlated_pymatching,5dc8e74a0a28e52dabca52d06f77e22020eca85e89bd176b9d33ba32818e593b,"{""d"":7,""p"":0.00046415888336127773,""r"":7}",
       208,         0,         0,    3.27,correlated_pymatching,0ca1613404eeae08d0e1c39cbe874bf152fd2973b6a9892bb5cd27f6a9c962ed,"{""d"":7,""p"":0.00021544346900318845,""r"":7}",
        20,         0,         0,    3.28,correlated_pymatching,5dc8e74a0a28e52dabca52d06f77e22020eca85e89bd176b9d33ba32818e593b,"{""d"":7,""p"":0.00046415888336127773,""r"":7}",
      3268,         0,         0,    1.36,correlated_pymatching,0ca1613404eeae08d0e1c39cbe874bf152fd2973b6a9892bb5cd27f6a9c962ed,"{""d"":7,""p"":0.00021544346900318845,""r"":7}",
        45,         0,         0,   0.297,correlated_pymatching,0ca1613404eeae08d0e1c39cbe874bf152fd2973b6a9892bb5cd27f6a9c962ed,"{""d"":7,""p"":0.00021544346900318845,""r"":7}",
      2176,         0,         0,    3.16,correlated_pymatching,0ca1613404eeae08d0e1c39cbe874bf152fd2973b6a9892bb5cd27f6a9c962ed,"{""d"":7,""p"":0.00021544346900318845,""r"":7}",
      3072,         0,         0,    1.04,correlated_pymatching,0ca1613404eeae08d0e1c39cbe874bf152fd2973b6a9892bb5cd27f6a9c962ed,"{""d"":7,""p"":0.00021544346900318845,""r"":7}",
       611,         0,         0,   0.327,correlated_pymatching,0ca1613404eeae08d0e1c39cbe874bf152fd2973b6a9892bb5cd27f6a9c962ed,"{""d"":7,""p"":0.00021544346900318845,""r"":7}",
      2048,         0,         0,   0.715,correlated_pymatching,0ca1613404eeae08d0e1c39cbe874bf152fd2973b6a9892bb5cd27f6a9c962ed,"{""d"":7,""p"":0.00021544346900318845,""r"":7}",
       611,         0,         0,   0.324,correlated_pymatching,0ca1613404eeae08d0e1c39cbe874bf152fd2973b6a9892bb5cd27f6a9c962ed,"{""d"":7,""p"":0.00021544346900318845,""r"":7}",
       611,         0,         0,   0.375,correlated_pymatching,0ca1613404eeae08d0e1c39cbe874bf152fd2973b6a9892bb5cd27f6a9c962ed,"{""d"":7,""p"":0.00021544346900318845,""r"":7}",
       263,         0,         0,   0.313,correlated_pymatching,0ca1613404eeae08d0e1c39cbe874bf152fd2973b6a9892bb5cd27f6a9c962ed,"{""d"":7,""p"":0.00021544346900318845,""r"":7}",
       196,         0,         0,   0.298,correlated_pymatching,0ca1613404eeae08d0e1c39cbe874bf152fd2973b6a9892bb5cd27f6a9c962ed,"{""d"":7,""p"":0.00021544346900318845,""r"":7}",
      1296,         0,         0,   0.660,correlated_pymatching,0ca1613404eeae08d0e1c39cbe874bf152fd2973b6a9892bb5cd27f6a9c962ed,"{""d"":7,""p"":0.00021544346900318845,""r"":7}",
       611,         0,         0,   0.348,correlated_pymatching,0ca1613404eeae08d0e1c39cbe874bf152fd2973b6a9892bb5cd27f6a9c962ed,"{""d"":7,""p"":0.00021544346900318845,""r"":7}",
       829,         0,         0,   0.344,correlated_pymatching,0ca1613404eeae08d0e1c39cbe874bf152fd2973b6a9892bb5cd27f6a9c962ed,"{""d"":7,""p"":0.00021544346900318845,""r"":7}",
      2439,         0,         0,    1.11,correlated_pymatching,0ca1613404eeae08d0e1c39cbe874bf152fd2973b6a9892bb5cd27f6a9c962ed,"{""d"":7,""p"":0.00021544346900318845,""r"":7}",
       175,         0,         0,   0.313,correlated_pymatching,0ca1613404eeae08d0e1c39cbe874bf152fd2973b6a9892bb5cd27f6a9c962ed,"{""d"":7,""p"":0.00021544346900318845,""r"":7}",
       611,         0,         0,   0.341,correlated_pymatching,0ca1613404eeae08d0e1c39cbe874bf152fd2973b6a9892bb5cd27f6a9c962ed,"{""d"":7,""p"":0.00021544346900318845,""r"":7}",
      1944,         0,         0,   0.743,correlated_pymatching,0ca1613404eeae08d0e1c39cbe874bf152fd2973b6a9892bb5cd27f6a9c962ed,"{""d"":7,""p"":0.00021544346900318845,""r"":7}",
      2048,         0,         0,    2.55,correlated_pymatching,0ca1613404eeae08d0e1c39cbe874bf152fd2973b6a9892bb5cd27f6a9c962ed,"{""d"":7,""p"":0.00021544346900318845,""r"":7}",
       854,         0,         0,   0.363,correlated_pymatching,0ca1613404eeae08d0e1c39cbe874bf152fd2973b6a9892bb5cd27f6a9c962ed,"{""d"":7,""p"":0.00021544346900318845,""r"":7}",
       611,         0,         0,   0.360,correlated_pymatching,0ca1613404eeae08d0e1c39cbe874bf152fd2973b6a9892bb5cd27f6a9c962ed,"{""d"":7,""p"":0.00021544346900318845,""r"":7}",
       845,         0,         0,   0.348,correlated_pymatching,0ca1613404eeae08d0e1c39cbe874bf152fd2973b6a9892bb5cd27f6a9c962ed,"{""d"":7,""p"":0.00021544346900318845,""r"":7}",
        56,         0,         0,   0.316,correlated_pymatching,0ca1613404eeae08d0e1c39cbe874bf152fd2973b6a9892bb5cd27f6a9c962ed,"{""d"":7,""p"":0.00021544346900318845,""r"":7}",
       148,         0,         0,   0.305,correlated_pymatching,0ca1613404eeae08d0e1c39cbe874bf152fd2973b6a9892bb5cd27f6a9c962ed,"{""d"":7,""p"":0.00021544346900318845,""r"":7}",
       638,         0,         0,   0.344,correlated_pymatching,0ca1613404eeae08d0e1c39cbe874bf152fd2973b6a9892bb5cd27f6a9c962ed,"{""d"":7,""p"":0.00021544346900318845,""r"":7}",
       885,         0,         0,   0.336,correlated_pymatching,0ca1613404eeae08d0e1c39cbe874bf152fd2973b6a9892bb5cd27f6a9c962ed,"{""d"":7,""p"":0.00021544346900318845,""r"":7}",
      1024,         0,         0,   0.364,correlated_pymatching,0ca1613404eeae08d0e1c39cbe874bf152fd2973b6a9892bb5cd27f6a9c962ed,"{""d"":7,""p"":0.00021544346900318845,""r"":7}",
       131,         0,         0,   0.310,correlated_pymatching,0ca1613404eeae08d0e1c39cbe874bf152fd2973b6a9892bb5cd27f6a9c962ed,"{""d"":7,""p"":0.00021544346900318845,""r"":7}",
       901,         0,         0,   0.336,correlated_pymatching,0ca1613404eeae08d0e1c39cbe874bf152fd2973b6a9892bb5cd27f6a9c962ed,"{""d"":7,""p"":0.00021544346900318845,""r"":7}",
       683,         0,         0,   0.334,correlated_pymatching,0ca1613404eeae08d0e1c39cbe874bf152fd2973b6a9892bb5cd27f6a9c962ed,"{""d"":7,""p"":0.00021544346900318845,""r"":7}",
         6,         0,         0,   0.303,correlated_pymatching,0ca1613404eeae08d0e1c39cbe874bf152fd2973b6a9892bb5cd27f6a9c962ed,"{""d"":7,""p"":0.00021544346900318845,""r"":7}",
      1024,         0,         0,   0.656,correlated_pymatching,0ca1613404eeae08d0e1c39cbe874bf152fd2973b6a9892bb5cd27f6a9c962ed,"{""d"":7,""p"":0.00021544346900318845,""r"":7}",
       683,         0,         0,   0.331,correlated_pymatching,0ca1613404eeae08d0e1c39cbe874bf152fd2973b6a9892bb5cd27f6a9c962ed,"{""d"":7,""p"":0.00021544346900318845,""r"":7}",
        51,         0,         0,   0.287,correlated_pymatching,0ca1613404eeae08d0e1c39cbe874bf152fd2973b6a9892bb5cd27f6a9c962ed,"{""d"":7,""p"":0.00021544346900318845,""r"":7}",
       413,         0,         0,   0.296,correlated_pymatching,0ca1613404eeae08d0e1c39cbe874bf152fd2973b6a9892bb5cd27f6a9c962ed,"{""d"":7,""p"":0.00021544346900318845,""r"":7}",
         4,         0,         0,   0.305,correlated_pymatching,0ca1613404eeae08d0e1c39cbe874bf152fd2973b6a9892bb5cd27f6a9c962ed,"{""d"":7,""p"":0.00021544346900318845,""r"":7}",
        21,         0,         0,   0.307,correlated_pymatching,0ca1613404eeae08d0e1c39cbe874bf152fd2973b6a9892bb5cd27f6a9c962ed,"{""d"":7,""p"":0.00021544346900318845,""r"":7}",
       531,         0,         0,   0.314,correlated_pymatching,0ca1613404eeae08d0e1c39cbe874bf152fd2973b6a9892bb5cd27f6a9c962ed,"{""d"":7,""p"":0.00021544346900318845,""r"":7}",
        43,         0,         0,   0.306,correlated_pymatching,0ca1613404eeae08d0e1c39cbe874bf152fd2973b6a9892bb5cd27f6a9c962ed,"{""d"":7,""p"":0.00021544346900318845,""r"":7}",
        21,         0,         0,   0.315,correlated_pymatching,0ca1613404eeae08d0e1c39cbe874bf152fd2973b6a9892bb5cd27f6a9c962ed,"{""d"":7,""p"":0.00021544346900318845,""r"":7}",
       574,         0,         0,   0.334,correlated_pymatching,0ca1613404eeae08d0e1c39cbe874bf152fd2973b6a9892bb5cd27f6a9c962ed,"{""d"":7,""p"":0.00021544346900318845,""r"":7}",
     53747,         0,         0,    21.0,correlated_pymatching,5dc8e74a0a28e52dabca52d06f77e22020eca85e89bd176b9d33ba32818e593b,"{""d"":7,""p"":0.00046415888336127773,""r"":7}",
        59,         0,         0,   0.289,correlated_pymatching,0ca1613404eeae08d0e1c39cbe874bf152fd2973b6a9892bb5cd27f6a9c962ed,"{""d"":7,""p"":0.00021544346900318845,""r"":7}",
        68,         0,         0,   0.328,correlated_pymatching,0ca1613404eeae08d0e1c39cbe874bf152fd2973b6a9892bb5cd27f6a9c962ed,"{""d"":7,""p"":0.00021544346900318845,""r"":7}",
     52224,         1,         0,    21.1,correlated_pymatching,5dc8e74a0a28e52dabca52d06f77e22020eca85e89bd176b9d33ba32818e593b,"{""d"":7,""p"":0.00046415888336127773,""r"":7}","{""obs_mistake_mask=E"":1}"
        50,         0,         0,   0.297,correlated_pymatching,0ca1613404eeae08d0e1c39cbe874bf152fd2973b6a9892bb5cd27f6a9c962ed,"{""d"":7,""p"":0.00021544346900318845,""r"":7}",
        49,         0,         0,   0.307,correlated_pymatching,0ca1613404eeae08d0e1c39cbe874bf152fd2973b6a9892bb5cd27f6a9c962ed,"{""d"":7,""p"":0.00021544346900318845,""r"":7}",
        14,         0,         0,   0.289,correlated_pymatching,0ca1613404eeae08d0e1c39cbe874bf152fd2973b6a9892bb5cd27f6a9c962ed,"{""d"":7,""p"":0.00021544346900318845,""r"":7}",
       107,         0,         0,   0.319,correlated_pymatching,0ca1613404eeae08d0e1c39cbe874bf152fd2973b6a9892bb5cd27f6a9c962ed,"{""d"":7,""p"":0.00021544346900318845,""r"":7}",
       512,         0,         0,   0.635,correlated_pymatching,0ca1613404eeae08d0e1c39cbe874bf152fd2973b6a9892bb5cd27f6a9c962ed,"{""d"":7,""p"":0.00021544346900318845,""r"":7}",
       395,         0,         0,   0.336,correlated_pymatching,0ca1613404eeae08d0e1c39cbe874bf152fd2973b6a9892bb5cd27f6a9c962ed,"{""d"":7,""p"":0.00021544346900318845,""r"":7}",
       420,         0,         0,   0.340,correlated_pymatching,0ca1613404eeae08d0e1c39cbe874bf152fd2973b6a9892bb5cd27f6a9c962ed,"{""d"":7,""p"":0.00021544346900318845,""r"":7}",
       356,         0,         0,   0.317,correlated_pymatching,0ca1613404eeae08d0e1c39cbe874bf152fd2973b6a9892bb5cd27f6a9c962ed,"{""d"":7,""p"":0.00021544346900318845,""r"":7}",
       327,         0,         0,   0.343,correlated_pymatching,0ca1613404eeae08d0e1c39cbe874bf152fd2973b6a9892bb5cd27f6a9c962ed,"{""d"":7,""p"":0.00021544346900318845,""r"":7}",
       320,         0,         0,   0.335,correlated_pymatching,0ca1613404eeae08d0e1c39cbe874bf152fd2973b6a9892bb5cd27f6a9c962ed,"{""d"":7,""p"":0.00021544346900318845,""r"":7}",
       118,         0,         0,   0.298,correlated_pymatching,0ca1613404eeae08d0e1c39cbe874bf152fd2973b6a9892bb5cd27f6a9c962ed,"{""d"":7,""p"":0.00021544346900318845,""r"":7}",
       157,         0,         0,   0.308,correlated_pymatching,0ca1613404eeae08d0e1c39cbe874bf152fd2973b6a9892bb5cd27f6a9c962ed,"{""d"":7,""p"":0.00021544346900318845,""r"":7}",
       211,         0,         0,   0.301,correlated_pymatching,0ca1613404eeae08d0e1c39cbe874bf152fd2973b6a9892bb5cd27f6a9c962ed,"{""d"":7,""p"":0.00021544346900318845,""r"":7}",
       243,         0,         0,   0.321,correlated_pymatching,0ca1613404eeae08d0e1c39cbe874bf152fd2973b6a9892bb5cd27f6a9c962ed,"{""d"":7,""p"":0.00021544346900318845,""r"":7}",
        20,         0,         0,   0.306,correlated_pymatching,0ca1613404eeae08d0e1c39cbe874bf152fd2973b6a9892bb5cd27f6a9c962ed,"{""d"":7,""p"":0.00021544346900318845,""r"":7}",
       194,         0,         0,   0.315,correlated_pymatching,0ca1613404eeae08d0e1c39cbe874bf152fd2973b6a9892bb5cd27f6a9c962ed,"{""d"":7,""p"":0.00021544346900318845,""r"":7}",
       107,         0,         0,   0.318,correlated_pymatching,0ca1613404eeae08d0e1c39cbe874bf152fd2973b6a9892bb5cd27f6a9c962ed,"{""d"":7,""p"":0.00021544346900318845,""r"":7}",
       120,         0,         0,    4.39,correlated_pymatching,5dc8e74a0a28e52dabca52d06f77e22020eca85e89bd176b9d33ba32818e593b,"{""d"":7,""p"":0.00046415888336127773,""r"":7}",
        90,         0,         0,   0.300,correlated_pymatching,0ca1613404eeae08d0e1c39cbe874bf152fd2973b6a9892bb5cd27f6a9c962ed,"{""d"":7,""p"":0.00021544346900318845,""r"":7}",
      5248,         0,         0,    4.35,correlated_pymatching,5dc8e74a0a28e52dabca52d06f77e22020eca85e89bd176b9d33ba32818e593b,"{""d"":7,""p"":0.00046415888336127773,""r"":7}",
       216,         0,         0,    2.21,correlated_pymatching,0ca1613404eeae08d0e1c39cbe874bf152fd2973b6a9892bb5cd27f6a9c962ed,"{""d"":7,""p"":0.00021544346900318845,""r"":7}",
       104,         0,         0,   0.304,correlated_pymatching,0ca1613404eeae08d0e1c39cbe874bf152fd2973b6a9892bb5cd27f6a9c962ed,"{""d"":7,""p"":0.00021544346900318845,""r"":7}",
        29,         0,         0,   0.295,correlated_pymatching,0ca1613404eeae08d0e1c39cbe874bf152fd2973b6a9892bb5cd27f6a9c962ed,"{""d"":7,""p"":0.00021544346900318845,""r"":7}",
       100,         0,         0,    4.48,correlated_pymatching,5dc8e74a0a28e52dabca52d06f77e22020eca85e89bd176b9d33ba32818e593b,"{""d"":7,""p"":0.00046415888336127773,""r"":7}",
       106,         0,         0,   0.319,correlated_pymatching,0ca1613404eeae08d0e1c39cbe874bf152fd2973b6a9892bb5cd27f6a9c962ed,"{""d"":7,""p"":0.00021544346900318845,""r"":7}",
         2,         0,         0,   0.309,correlated_pymatching,0ca1613404eeae08d0e1c39cbe874bf152fd2973b6a9892bb5cd27f6a9c962ed,"{""d"":7,""p"":0.00021544346900318845,""r"":7}",
        87,         0,         0,   0.308,correlated_pymatching,0ca1613404eeae08d0e1c39cbe874bf152fd2973b6a9892bb5cd27f6a9c962ed,"{""d"":7,""p"":0.00021544346900318845,""r"":7}",
       148,         0,         0,    4.54,correlated_pymatching,0ca1613404eeae08d0e1c39cbe874bf152fd2973b6a9892bb5cd27f6a9c962ed,"{""d"":7,""p"":0.00021544346900318845,""r"":7}",
        36,         0,         0,   0.327,correlated_pymatching,0ca1613404eeae08d0e1c39cbe874bf152fd2973b6a9892bb5cd27f6a9c962ed,"{""d"":7,""p"":0.00021544346900318845,""r"":7}",
         7,         0,         0,   0.313,correlated_pymatching,0ca1613404eeae08d0e1c39cbe874bf152fd2973b6a9892bb5cd27f6a9c962ed,"{""d"":7,""p"":0.00021544346900318845,""r"":7}",
        82,         0,         0,   0.295,correlated_pymatching,0ca1613404eeae08d0e1c39cbe874bf152fd2973b6a9892bb5cd27f6a9c962ed,"{""d"":7,""p"":0.00021544346900318845,""r"":7}",
        82,         0,         0,   0.297,correlated_pymatching,0ca1613404eeae08d0e1c39cbe874bf152fd2973b6a9892bb5cd27f6a9c962ed,"{""d"":7,""p"":0.00021544346900318845,""r"":7}",
         5,         0,         0,   0.301,correlated_pymatching,0ca1613404eeae08d0e1c39cbe874bf152fd2973b6a9892bb5cd27f6a9c962ed,"{""d"":7,""p"":0.00021544346900318845,""r"":7}",
        48,         0,         0,   0.298,correlated_pymatching,0ca1613404eeae08d0e1c39cbe874bf152fd2973b6a9892bb5cd27f6a9c962ed,"{""d"":7,""p"":0.00021544346900318845,""r"":7}",
        53,         0,         0,   0.307,correlated_pymatching,0ca1613404eeae08d0e1c39cbe874bf152fd2973b6a9892bb5cd27f6a9c962ed,"{""d"":7,""p"":0.00021544346900318845,""r"":7}",
         3,         0,         0,   0.296,correlated_pymatching,0ca1613404eeae08d0e1c39cbe874bf152fd2973b6a9892bb5cd27f6a9c962ed,"{""d"":7,""p"":0.00021544346900318845,""r"":7}",
         7,         0,         0,   0.310,correlated_pymatching,0ca1613404eeae08d0e1c39cbe874bf152fd2973b6a9892bb5cd27f6a9c962ed,"{""d"":7,""p"":0.00021544346900318845,""r"":7}",
         7,         0,         0,   0.309,correlated_pymatching,0ca1613404eeae08d0e1c39cbe874bf152fd2973b6a9892bb5cd27f6a9c962ed,"{""d"":7,""p"":0.00021544346900318845,""r"":7}",
        36,         0,         0,   0.315,correlated_pymatching,0ca1613404eeae08d0e1c39cbe874bf152fd2973b6a9892bb5cd27f6a9c962ed,"{""d"":7,""p"":0.00021544346900318845,""r"":7}",
        25,         0,         0,   0.297,correlated_pymatching,0ca1613404eeae08d0e1c39cbe874bf152fd2973b6a9892bb5cd27f6a9c962ed,"{""d"":7,""p"":0.00021544346900318845,""r"":7}",
        24,         0,         0,   0.296,correlated_pymatching,0ca1613404eeae08d0e1c39cbe874bf152fd2973b6a9892bb5cd27f6a9c962ed,"{""d"":7,""p"":0.00021544346900318845,""r"":7}",
        36,         0,         0,    2.87,correlated_pymatching,0ca1613404eeae08d0e1c39cbe874bf152fd2973b6a9892bb5cd27f6a9c962ed,"{""d"":7,""p"":0.00021544346900318845,""r"":7}",
        19,         0,         0,   0.281,correlated_pymatching,0ca1613404eeae08d0e1c39cbe874bf152fd2973b6a9892bb5cd27f6a9c962ed,"{""d"":7,""p"":0.00021544346900318845,""r"":7}",
        19,         0,         0,   0.287,correlated_pymatching,0ca1613404eeae08d0e1c39cbe874bf152fd2973b6a9892bb5cd27f6a9c962ed,"{""d"":7,""p"":0.00021544346900318845,""r"":7}",
        10,         0,         0,   0.308,correlated_pymatching,0ca1613404eeae08d0e1c39cbe874bf152fd2973b6a9892bb5cd27f6a9c962ed,"{""d"":7,""p"":0.00021544346900318845,""r"":7}",
        10,         0,         0,   0.241,correlated_pymatching,0ca1613404eeae08d0e1c39cbe874bf152fd2973b6a9892bb5cd27f6a9c962ed,"{""d"":7,""p"":0.00021544346900318845,""r"":7}",
         7,         0,         0,   0.225,correlated_pymatching,0ca1613404eeae08d0e1c39cbe874bf152fd2973b6a9892bb5cd27f6a9c962ed,"{""d"":7,""p"":0.00021544346900318845,""r"":7}",
         7,         0,         0,   0.235,correlated_pymatching,0ca1613404eeae08d0e1c39cbe874bf152fd2973b6a9892bb5cd27f6a9c962ed,"{""d"":7,""p"":0.00021544346900318845,""r"":7}",
         6,         0,         0,   0.238,correlated_pymatching,0ca1613404eeae08d0e1c39cbe874bf152fd2973b6a9892bb5cd27f6a9c962ed,"{""d"":7,""p"":0.00021544346900318845,""r"":7}",
        10,         0,         0,   0.296,correlated_pymatching,0ca1613404eeae08d0e1c39cbe874bf152fd2973b6a9892bb5cd27f6a9c962ed,"{""d"":7,""p"":0.00021544346900318845,""r"":7}",
         1,         0,         0,   0.315,correlated_pymatching,0ca1613404eeae08d0e1c39cbe874bf152fd2973b6a9892bb5cd27f6a9c962ed,"{""d"":7,""p"":0.00021544346900318845,""r"":7}",
        19,         0,         0,    3.17,correlated_pymatching,0ca1613404eeae08d0e1c39cbe874bf152fd2973b6a9892bb5cd27f6a9c962ed,"{""d"":7,""p"":0.00021544346900318845,""r"":7}",
         7,         0,         0,   0.270,correlated_pymatching,0ca1613404eeae08d0e1c39cbe874bf152fd2973b6a9892bb5cd27f6a9c962ed,"{""d"":7,""p"":0.00021544346900318845,""r"":7}",
        10,         0,         0,   0.347,correlated_pymatching,0ca1613404eeae08d0e1c39cbe874bf152fd2973b6a9892bb5cd27f6a9c962ed,"{""d"":7,""p"":0.00021544346900318845,""r"":7}",
         7,         0,         0,   0.300,correlated_pymatching,0ca1613404eeae08d0e1c39cbe874bf152fd2973b6a9892bb5cd27f6a9c962ed,"{""d"":7,""p"":0.00021544346900318845,""r"":7}",
        10,         0,         0,   0.372,correlated_pymatching,0ca1613404eeae08d0e1c39cbe874bf152fd2973b6a9892bb5cd27f6a9c962ed,"{""d"":7,""p"":0.00021544346900318845,""r"":7}",
        10,         0,         0,   0.388,correlated_pymatching,0ca1613404eeae08d0e1c39cbe874bf152fd2973b6a9892bb5cd27f6a9c962ed,"{""d"":7,""p"":0.00021544346900318845,""r"":7}",
         7,         0,         0,   0.349,correlated_pymatching,0ca1613404eeae08d0e1c39cbe874bf152fd2973b6a9892bb5cd27f6a9c962ed,"{""d"":7,""p"":0.00021544346900318845,""r"":7}",
     28672,         1,         0,    18.0,correlated_pymatching,5dc8e74a0a28e52dabca52d06f77e22020eca85e89bd176b9d33ba32818e593b,"{""d"":7,""p"":0.00046415888336127773,""r"":7}","{""obs_mistake_mask=E"":1}"
     26624,         0,         0,    17.2,correlated_pymatching,5dc8e74a0a28e52dabca52d06f77e22020eca85e89bd176b9d33ba32818e593b,"{""d"":7,""p"":0.00046415888336127773,""r"":7}",
     36864,         0,         0,    14.6,correlated_pymatching,5dc8e74a0a28e52dabca52d06f77e22020eca85e89bd176b9d33ba32818e593b,"{""d"":7,""p"":0.00046415888336127773,""r"":7}",
     37888,         0,         0,    14.6,correlated_pymatching,5dc8e74a0a28e52dabca52d06f77e22020eca85e89bd176b9d33ba32818e593b,"{""d"":7,""p"":0.00046415888336127773,""r"":7}",
     31744,         0,         0,    12.7,correlated_pymatching,5dc8e74a0a28e52dabca52d06f77e22020eca85e89bd176b9d33ba32818e593b,"{""d"":7,""p"":0.00046415888336127773,""r"":7}",
         1,         0,         0,   0.327,correlated_pymatching,5dc8e74a0a28e52dabca52d06f77e22020eca85e89bd176b9d33ba32818e593b,"{""d"":7,""p"":0.00046415888336127773,""r"":7}",
         1,         0,         0,   0.314,correlated_pymatching,5dc8e74a0a28e52dabca52d06f77e22020eca85e89bd176b9d33ba32818e593b,"{""d"":7,""p"":0.00046415888336127773,""r"":7}",
         1,         0,         0,   0.329,correlated_pymatching,5dc8e74a0a28e52dabca52d06f77e22020eca85e89bd176b9d33ba32818e593b,"{""d"":7,""p"":0.00046415888336127773,""r"":7}",
         1,         0,         0,   0.329,correlated_pymatching,5dc8e74a0a28e52dabca52d06f77e22020eca85e89bd176b9d33ba32818e593b,"{""d"":7,""p"":0.00046415888336127773,""r"":7}",
         1,         0,         0,   0.335,correlated_pymatching,5dc8e74a0a28e52dabca52d06f77e22020eca85e89bd176b9d33ba32818e593b,"{""d"":7,""p"":0.00046415888336127773,""r"":7}",
         1,         0,         0,   0.331,correlated_pymatching,5dc8e74a0a28e52dabca52d06f77e22020eca85e89bd176b9d33ba32818e593b,"{""d"":7,""p"":0.00046415888336127773,""r"":7}",
         1,         0,         0,   0.339,correlated_pymatching,5dc8e74a0a28e52dabca52d06f77e22020eca85e89bd176b9d33ba32818e593b,"{""d"":7,""p"":0.00046415888336127773,""r"":7}",
         1,         0,         0,   0.323,correlated_pymatching,5dc8e74a0a28e52dabca52d06f77e22020eca85e89bd176b9d33ba32818e593b,"{""d"":7,""p"":0.00046415888336127773,""r"":7}",
         1,         0,         0,   0.327,correlated_pymatching,5dc8e74a0a28e52dabca52d06f77e22020eca85e89bd176b9d33ba32818e593b,"{""d"":7,""p"":0.00046415888336127773,""r"":7}",
         1,         0,         0,   0.339,correlated_pymatching,5dc8e74a0a28e52dabca52d06f77e22020eca85e89bd176b9d33ba32818e593b,"{""d"":7,""p"":0.00046415888336127773,""r"":7}",
         1,         0,         0,   0.323,correlated_pymatching,5dc8e74a0a28e52dabca52d06f77e22020eca85e89bd176b9d33ba32818e593b,"{""d"":7,""p"":0.00046415888336127773,""r"":7}",
         1,         0,         0,   0.331,correlated_pymatching,5dc8e74a0a28e52dabca52d06f77e22020eca85e89bd176b9d33ba32818e593b,"{""d"":7,""p"":0.00046415888336127773,""r"":7}",
         1,         0,         0,   0.352,correlated_pymatching,5dc8e74a0a28e52dabca52d06f77e22020eca85e89bd176b9d33ba32818e593b,"{""d"":7,""p"":0.00046415888336127773,""r"":7}",
         1,         0,         0,   0.308,correlated_pymatching,5dc8e74a0a28e52dabca52d06f77e22020eca85e89bd176b9d33ba32818e593b,"{""d"":7,""p"":0.00046415888336127773,""r"":7}",
         1,         0,         0,   0.312,correlated_pymatching,5dc8e74a0a28e52dabca52d06f77e22020eca85e89bd176b9d33ba32818e593b,"{""d"":7,""p"":0.00046415888336127773,""r"":7}",
         1,         0,         0,   0.342,correlated_pymatching,5dc8e74a0a28e52dabca52d06f77e22020eca85e89bd176b9d33ba32818e593b,"{""d"":7,""p"":0.00046415888336127773,""r"":7}",
         1,         0,         0,   0.288,correlated_pymatching,5dc8e74a0a28e52dabca52d06f77e22020eca85e89bd176b9d33ba32818e593b,"{""d"":7,""p"":0.00046415888336127773,""r"":7}",
         1,         0,         0,   0.312,correlated_pymatching,5dc8e74a0a28e52dabca52d06f77e22020eca85e89bd176b9d33ba32818e593b,"{""d"":7,""p"":0.00046415888336127773,""r"":7}",
         1,         0,         0,   0.333,correlated_pymatching,5dc8e74a0a28e52dabca52d06f77e22020eca85e89bd176b9d33ba32818e593b,"{""d"":7,""p"":0.00046415888336127773,""r"":7}",
         1,         0,         0,   0.296,correlated_pymatching,5dc8e74a0a28e52dabca52d06f77e22020eca85e89bd176b9d33ba32818e593b,"{""d"":7,""p"":0.00046415888336127773,""r"":7}",
         1,         0,         0,   0.324,correlated_pymatching,5dc8e74a0a28e52dabca52d06f77e22020eca85e89bd176b9d33ba32818e593b,"{""d"":7,""p"":0.00046415888336127773,""r"":7}",
         1,         0,         0,   0.344,correlated_pymatching,5dc8e74a0a28e52dabca52d06f77e22020eca85e89bd176b9d33ba32818e593b,"{""d"":7,""p"":0.00046415888336127773,""r"":7}",
         1,         0,         0,   0.323,correlated_pymatching,5dc8e74a0a28e52dabca52d06f77e22020eca85e89bd176b9d33ba32818e593b,"{""d"":7,""p"":0.00046415888336127773,""r"":7}",
         1,         0,         0,   0.308,correlated_pymatching,5dc8e74a0a28e52dabca52d06f77e22020eca85e89bd176b9d33ba32818e593b,"{""d"":7,""p"":0.00046415888336127773,""r"":7}",
         1,         0,         0,   0.300,correlated_pymatching,5dc8e74a0a28e52dabca52d06f77e22020eca85e89bd176b9d33ba32818e593b,"{""d"":7,""p"":0.00046415888336127773,""r"":7}",
         1,         0,         0,   0.308,correlated_pymatching,5dc8e74a0a28e52dabca52d06f77e22020eca85e89bd176b9d33ba32818e593b,"{""d"":7,""p"":0.00046415888336127773,""r"":7}",
         1,         0,         0,   0.312,correlated_pymatching,5dc8e74a0a28e52dabca52d06f77e22020eca85e89bd176b9d33ba32818e593b,"{""d"":7,""p"":0.00046415888336127773,""r"":7}",
         1,         0,         0,   0.304,correlated_pymatching,5dc8e74a0a28e52dabca52d06f77e22020eca85e89bd176b9d33ba32818e593b,"{""d"":7,""p"":0.00046415888336127773,""r"":7}",
         1,         0,         0,   0.320,correlated_pymatching,5dc8e74a0a28e52dabca52d06f77e22020eca85e89bd176b9d33ba32818e593b,"{""d"":7,""p"":0.00046415888336127773,""r"":7}",
         1,         0,         0,   0.308,correlated_pymatching,5dc8e74a0a28e52dabca52d06f77e22020eca85e89bd176b9d33ba32818e593b,"{""d"":7,""p"":0.00046415888336127773,""r"":7}",
         1,         0,         0,   0.322,correlated_pymatching,5dc8e74a0a28e52dabca52d06f77e22020eca85e89bd176b9d33ba32818e593b,"{""d"":7,""p"":0.00046415888336127773,""r"":7}",
         1,         0,         0,   0.316,correlated_pymatching,5dc8e74a0a28e52dabca52d06f77e22020eca85e89bd176b9d33ba32818e593b,"{""d"":7,""p"":0.00046415888336127773,""r"":7}",
        54,         0,         0,    4.47,correlated_pymatching,5dc8e74a0a28e52dabca52d06f77e22020eca85e89bd176b9d33ba32818e593b,"{""d"":7,""p"":0.00046415888336127773,""r"":7}",
     23278,         0,         0,    9.04,correlated_pymatching,5dc8e74a0a28e52dabca52d06f77e22020eca85e89bd176b9d33ba32818e593b,"{""d"":7,""p"":0.00046415888336127773,""r"":7}",
        14,         0,         0,    4.48,correlated_pymatching,5dc8e74a0a28e52dabca52d06f77e22020eca85e89bd176b9d33ba32818e593b,"{""d"":7,""p"":0.00046415888336127773,""r"":7}",
       224,         0,         0,    4.50,correlated_pymatching,5dc8e74a0a28e52dabca52d06f77e22020eca85e89bd176b9d33ba32818e593b,"{""d"":7,""p"":0.00046415888336127773,""r"":7}",
        28,         0,         0,    4.46,correlated_pymatching,5dc8e74a0a28e52dabca52d06f77e22020eca85e89bd176b9d33ba32818e593b,"{""d"":7,""p"":0.00046415888336127773,""r"":7}",
      1792,         0,         0,    4.59,correlated_pymatching,5dc8e74a0a28e52dabca52d06f77e22020eca85e89bd176b9d33ba32818e593b,"{""d"":7,""p"":0.00046415888336127773,""r"":7}",
         2,         0,         0,   0.321,correlated_pymatching,5dc8e74a0a28e52dabca52d06f77e22020eca85e89bd176b9d33ba32818e593b,"{""d"":7,""p"":0.00046415888336127773,""r"":7}",
         2,         0,         0,   0.302,correlated_pymatching,5dc8e74a0a28e52dabca52d06f77e22020eca85e89bd176b9d33ba32818e593b,"{""d"":7,""p"":0.00046415888336127773,""r"":7}",
         1,         0,         0,   0.301,correlated_pymatching,5dc8e74a0a28e52dabca52d06f77e22020eca85e89bd176b9d33ba32818e593b,"{""d"":7,""p"":0.00046415888336127773,""r"":7}",
         2,         0,         0,   0.300,correlated_pymatching,5dc8e74a0a28e52dabca52d06f77e22020eca85e89bd176b9d33ba32818e593b,"{""d"":7,""p"":0.00046415888336127773,""r"":7}",
         1,         0,         0,   0.305,correlated_pymatching,5dc8e74a0a28e52dabca52d06f77e22020eca85e89bd176b9d33ba32818e593b,"{""d"":7,""p"":0.00046415888336127773,""r"":7}",
         1,         0,         0,   0.304,correlated_pymatching,5dc8e74a0a28e52dabca52d06f77e22020eca85e89bd176b9d33ba32818e593b,"{""d"":7,""p"":0.00046415888336127773,""r"":7}",
         1,         0,         0,   0.300,correlated_pymatching,5dc8e74a0a28e52dabca52d06f77e22020eca85e89bd176b9d33ba32818e593b,"{""d"":7,""p"":0.00046415888336127773,""r"":7}",
         1,         0,         0,   0.296,correlated_pymatching,5dc8e74a0a28e52dabca52d06f77e22020eca85e89bd176b9d33ba32818e593b,"{""d"":7,""p"":0.00046415888336127773,""r"":7}",
         1,         0,         0,   0.320,correlated_pymatching,5dc8e74a0a28e52dabca52d06f77e22020eca85e89bd176b9d33ba32818e593b,"{""d"":7,""p"":0.00046415888336127773,""r"":7}",
         1,         0,         0,   0.331,correlated_pymatching,5dc8e74a0a28e52dabca52d06f77e22020eca85e89bd176b9d33ba32818e593b,"{""d"":7,""p"":0.00046415888336127773,""r"":7}",
         1,         0,         0,   0.308,correlated_pymatching,5dc8e74a0a28e52dabca52d06f77e22020eca85e89bd176b9d33ba32818e593b,"{""d"":7,""p"":0.00046415888336127773,""r"":7}",
         1,         0,         0,   0.318,correlated_pymatching,5dc8e74a0a28e52dabca52d06f77e22020eca85e89bd176b9d33ba32818e593b,"{""d"":7,""p"":0.00046415888336127773,""r"":7}",
         1,         0,         0,   0.324,correlated_pymatching,5dc8e74a0a28e52dabca52d06f77e22020eca85e89bd176b9d33ba32818e593b,"{""d"":7,""p"":0.00046415888336127773,""r"":7}",
         1,         0,         0,   0.316,correlated_pymatching,5dc8e74a0a28e52dabca52d06f77e22020eca85e89bd176b9d33ba32818e593b,"{""d"":7,""p"":0.00046415888336127773,""r"":7}",
         1,         0,         0,   0.312,correlated_pymatching,5dc8e74a0a28e52dabca52d06f77e22020eca85e89bd176b9d33ba32818e593b,"{""d"":7,""p"":0.00046415888336127773,""r"":7}",
         1,         0,         0,   0.316,correlated_pymatching,5dc8e74a0a28e52dabca52d06f77e22020eca85e89bd176b9d33ba32818e593b,"{""d"":7,""p"":0.00046415888336127773,""r"":7}",
         2,         0,         0,   0.284,correlated_pymatching,5dc8e74a0a28e52dabca52d06f77e22020eca85e89bd176b9d33ba32818e593b,"{""d"":7,""p"":0.00046415888336127773,""r"":7}",
         4,         0,         0,   0.308,correlated_pymatching,5dc8e74a0a28e52dabca52d06f77e22020eca85e89bd176b9d33ba32818e593b,"{""d"":7,""p"":0.00046415888336127773,""r"":7}",
         2,         0,         0,   0.376,correlated_pymatching,5dc8e74a0a28e52dabca52d06f77e22020eca85e89bd176b9d33ba32818e593b,"{""d"":7,""p"":0.00046415888336127773,""r"":7}",
         2,         0,         0,   0.362,correlated_pymatching,5dc8e74a0a28e52dabca52d06f77e22020eca85e89bd176b9d33ba32818e593b,"{""d"":7,""p"":0.00046415888336127773,""r"":7}",
         1,         0,         0,   0.368,correlated_pymatching,5dc8e74a0a28e52dabca52d06f77e22020eca85e89bd176b9d33ba32818e593b,"{""d"":7,""p"":0.00046415888336127773,""r"":7}",
         2,         0,         0,   0.368,correlated_pymatching,5dc8e74a0a28e52dabca52d06f77e22020eca85e89bd176b9d33ba32818e593b,"{""d"":7,""p"":0.00046415888336127773,""r"":7}",
         1,         0,         0,   0.383,correlated_pymatching,5dc8e74a0a28e52dabca52d06f77e22020eca85e89bd176b9d33ba32818e593b,"{""d"":7,""p"":0.00046415888336127773,""r"":7}",
         1,         0,         0,   0.356,correlated_pymatching,5dc8e74a0a28e52dabca52d06f77e22020eca85e89bd176b9d33ba32818e593b,"{""d"":7,""p"":0.00046415888336127773,""r"":7}",
         1,         0,         0,   0.387,correlated_pymatching,5dc8e74a0a28e52dabca52d06f77e22020eca85e89bd176b9d33ba32818e593b,"{""d"":7,""p"":0.00046415888336127773,""r"":7}",
         1,         0,         0,   0.376,correlated_pymatching,5dc8e74a0a28e52dabca52d06f77e22020eca85e89bd176b9d33ba32818e593b,"{""d"":7,""p"":0.00046415888336127773,""r"":7}",
         1,         0,         0,   0.356,correlated_pymatching,5dc8e74a0a28e52dabca52d06f77e22020eca85e89bd176b9d33ba32818e593b,"{""d"":7,""p"":0.00046415888336127773,""r"":7}",
         1,         0,         0,   0.376,correlated_pymatching,5dc8e74a0a28e52dabca52d06f77e22020eca85e89bd176b9d33ba32818e593b,"{""d"":7,""p"":0.00046415888336127773,""r"":7}",
         1,         0,         0,   0.423,correlated_pymatching,5dc8e74a0a28e52dabca52d06f77e22020eca85e89bd176b9d33ba32818e593b,"{""d"":7,""p"":0.00046415888336127773,""r"":7}",
         1,         0,         0,   0.380,correlated_pymatching,5dc8e74a0a28e52dabca52d06f77e22020eca85e89bd176b9d33ba32818e593b,"{""d"":7,""p"":0.00046415888336127773,""r"":7}",
         1,         0,         0,   0.410,correlated_pymatching,5dc8e74a0a28e52dabca52d06f77e22020eca85e89bd176b9d33ba32818e593b,"{""d"":7,""p"":0.00046415888336127773,""r"":7}",
         1,         0,         0,   0.464,correlated_pymatching,5dc8e74a0a28e52dabca52d06f77e22020eca85e89bd176b9d33ba32818e593b,"{""d"":7,""p"":0.00046415888336127773,""r"":7}",
         1,         0,         0,   0.221,correlated_pymatching,5dc8e74a0a28e52dabca52d06f77e22020eca85e89bd176b9d33ba32818e593b,"{""d"":7,""p"":0.00046415888336127773,""r"":7}",
         2,         0,         0,   0.284,correlated_pymatching,5dc8e74a0a28e52dabca52d06f77e22020eca85e89bd176b9d33ba32818e593b,"{""d"":7,""p"":0.00046415888336127773,""r"":7}",
         2,         0,         0,   0.371,correlated_pymatching,5dc8e74a0a28e52dabca52d06f77e22020eca85e89bd176b9d33ba32818e593b,"{""d"":7,""p"":0.00046415888336127773,""r"":7}",
         4,         0,         0,   0.465,correlated_pymatching,5dc8e74a0a28e52dabca52d06f77e22020eca85e89bd176b9d33ba32818e593b,"{""d"":7,""p"":0.00046415888336127773,""r"":7}",
         1,         0,         0,   0.364,correlated_pymatching,5dc8e74a0a28e52dabca52d06f77e22020eca85e89bd176b9d33ba32818e593b,"{""d"":7,""p"":0.00046415888336127773,""r"":7}",
         1,         0,         0,   0.359,correlated_pymatching,5dc8e74a0a28e52dabca52d06f77e22020eca85e89bd176b9d33ba32818e593b,"{""d"":7,""p"":0.00046415888336127773,""r"":7}",
         1,         0,         0,   0.372,correlated_pymatching,5dc8e74a0a28e52dabca52d06f77e22020eca85e89bd176b9d33ba32818e593b,"{""d"":7,""p"":0.00046415888336127773,""r"":7}",
         1,         0,         0,   0.280,correlated_pymatching,5dc8e74a0a28e52dabca52d06f77e22020eca85e89bd176b9d33ba32818e593b,"{""d"":7,""p"":0.00046415888336127773,""r"":7}",
         1,         0,         0,   0.323,correlated_pymatching,5dc8e74a0a28e52dabca52d06f77e22020eca85e89bd176b9d33ba32818e593b,"{""d"":7,""p"":0.00046415888336127773,""r"":7}",
         2,         0,         0,   0.389,correlated_pymatching,5dc8e74a0a28e52dabca52d06f77e22020eca85e89bd176b9d33ba32818e593b,"{""d"":7,""p"":0.00046415888336127773,""r"":7}",
         1,         0,         0,   0.321,correlated_pymatching,5dc8e74a0a28e52dabca52d06f77e22020eca85e89bd176b9d33ba32818e593b,"{""d"":7,""p"":0.00046415888336127773,""r"":7}",
         1,         0,         0,   0.367,correlated_pymatching,5dc8e74a0a28e52dabca52d06f77e22020eca85e89bd176b9d33ba32818e593b,"{""d"":7,""p"":0.00046415888336127773,""r"":7}",
         1,         0,         0,   0.379,correlated_pymatching,5dc8e74a0a28e52dabca52d06f77e22020eca85e89bd176b9d33ba32818e593b,"{""d"":7,""p"":0.00046415888336127773,""r"":7}",
         1,         0,         0,   0.349,correlated_pymatching,5dc8e74a0a28e52dabca52d06f77e22020eca85e89bd176b9d33ba32818e593b,"{""d"":7,""p"":0.00046415888336127773,""r"":7}",
         4,         0,         0,   0.480,correlated_pymatching,5dc8e74a0a28e52dabca52d06f77e22020eca85e89bd176b9d33ba32818e593b,"{""d"":7,""p"":0.00046415888336127773,""r"":7}",
         1,         0,         0,   0.500,correlated_pymatching,5dc8e74a0a28e52dabca52d06f77e22020eca85e89bd176b9d33ba32818e593b,"{""d"":7,""p"":0.00046415888336127773,""r"":7}",
         2,         0,         0,   0.307,correlated_pymatching,5dc8e74a0a28e52dabca52d06f77e22020eca85e89bd176b9d33ba32818e593b,"{""d"":7,""p"":0.00046415888336127773,""r"":7}",
         4,         0,         0,   0.300,correlated_pymatching,5dc8e74a0a28e52dabca52d06f77e22020eca85e89bd176b9d33ba32818e593b,"{""d"":7,""p"":0.00046415888336127773,""r"":7}",
         1,         0,         0,   0.292,correlated_pymatching,5dc8e74a0a28e52dabca52d06f77e22020eca85e89bd176b9d33ba32818e593b,"{""d"":7,""p"":0.00046415888336127773,""r"":7}",
         2,         0,         0,   0.300,correlated_pymatching,5dc8e74a0a28e52dabca52d06f77e22020eca85e89bd176b9d33ba32818e593b,"{""d"":7,""p"":0.00046415888336127773,""r"":7}",
         4,         0,         0,   0.298,correlated_pymatching,5dc8e74a0a28e52dabca52d06f77e22020eca85e89bd176b9d33ba32818e593b,"{""d"":7,""p"":0.00046415888336127773,""r"":7}",
         1,         0,         0,   0.310,correlated_pymatching,5dc8e74a0a28e52dabca52d06f77e22020eca85e89bd176b9d33ba32818e593b,"{""d"":7,""p"":0.00046415888336127773,""r"":7}",
         2,         0,         0,   0.304,correlated_pymatching,5dc8e74a0a28e52dabca52d06f77e22020eca85e89bd176b9d33ba32818e593b,"{""d"":7,""p"":0.00046415888336127773,""r"":7}",
         1,         0,         0,   0.318,correlated_pymatching,5dc8e74a0a28e52dabca52d06f77e22020eca85e89bd176b9d33ba32818e593b,"{""d"":7,""p"":0.00046415888336127773,""r"":7}",
         1,         0,         0,   0.300,correlated_pymatching,5dc8e74a0a28e52dabca52d06f77e22020eca85e89bd176b9d33ba32818e593b,"{""d"":7,""p"":0.00046415888336127773,""r"":7}",
         1,         0,         0,   0.321,correlated_pymatching,5dc8e74a0a28e52dabca52d06f77e22020eca85e89bd176b9d33ba32818e593b,"{""d"":7,""p"":0.00046415888336127773,""r"":7}",
         1,         0,         0,   0.324,correlated_pymatching,5dc8e74a0a28e52dabca52d06f77e22020eca85e89bd176b9d33ba32818e593b,"{""d"":7,""p"":0.00046415888336127773,""r"":7}",
         1,         0,         0,   0.326,correlated_pymatching,5dc8e74a0a28e52dabca52d06f77e22020eca85e89bd176b9d33ba32818e593b,"{""d"":7,""p"":0.00046415888336127773,""r"":7}",
         2,         0,         0,   0.332,correlated_pymatching,5dc8e74a0a28e52dabca52d06f77e22020eca85e89bd176b9d33ba32818e593b,"{""d"":7,""p"":0.00046415888336127773,""r"":7}",
         4,         0,         0,   0.308,correlated_pymatching,5dc8e74a0a28e52dabca52d06f77e22020eca85e89bd176b9d33ba32818e593b,"{""d"":7,""p"":0.00046415888336127773,""r"":7}",
         1,         0,         0,   0.333,correlated_pymatching,5dc8e74a0a28e52dabca52d06f77e22020eca85e89bd176b9d33ba32818e593b,"{""d"":7,""p"":0.00046415888336127773,""r"":7}",
         1,         0,         0,   0.304,correlated_pymatching,5dc8e74a0a28e52dabca52d06f77e22020eca85e89bd176b9d33ba32818e593b,"{""d"":7,""p"":0.00046415888336127773,""r"":7}",
         2,         0,         0,   0.316,correlated_pymatching,5dc8e74a0a28e52dabca52d06f77e22020eca85e89bd176b9d33ba32818e593b,"{""d"":7,""p"":0.00046415888336127773,""r"":7}",
         8,         0,         0,   0.308,correlated_pymatching,5dc8e74a0a28e52dabca52d06f77e22020eca85e89bd176b9d33ba32818e593b,"{""d"":7,""p"":0.00046415888336127773,""r"":7}",
         4,         0,         0,   0.290,correlated_pymatching,5dc8e74a0a28e52dabca52d06f77e22020eca85e89bd176b9d33ba32818e593b,"{""d"":7,""p"":0.00046415888336127773,""r"":7}",
         8,         0,         0,   0.297,correlated_pymatching,5dc8e74a0a28e52dabca52d06f77e22020eca85e89bd176b9d33ba32818e593b,"{""d"":7,""p"":0.00046415888336127773,""r"":7}",
         2,         0,         0,   0.303,correlated_pymatching,5dc8e74a0a28e52dabca52d06f77e22020eca85e89bd176b9d33ba32818e593b,"{""d"":7,""p"":0.00046415888336127773,""r"":7}",
         2,         0,         0,   0.332,correlated_pymatching,5dc8e74a0a28e52dabca52d06f77e22020eca85e89bd176b9d33ba32818e593b,"{""d"":7,""p"":0.00046415888336127773,""r"":7}",
         1,         0,         0,   0.304,correlated_pymatching,5dc8e74a0a28e52dabca52d06f77e22020eca85e89bd176b9d33ba32818e593b,"{""d"":7,""p"":0.00046415888336127773,""r"":7}",
         1,         0,         0,   0.327,correlated_pymatching,5dc8e74a0a28e52dabca52d06f77e22020eca85e89bd176b9d33ba32818e593b,"{""d"":7,""p"":0.00046415888336127773,""r"":7}",
         1,         0,         0,   0.325,correlated_pymatching,5dc8e74a0a28e52dabca52d06f77e22020eca85e89bd176b9d33ba32818e593b,"{""d"":7,""p"":0.00046415888336127773,""r"":7}",
         1,         0,         0,   0.318,correlated_pymatching,5dc8e74a0a28e52dabca52d06f77e22020eca85e89bd176b9d33ba32818e593b,"{""d"":7,""p"":0.00046415888336127773,""r"":7}",
         4,         0,         0,   0.304,correlated_pymatching,5dc8e74a0a28e52dabca52d06f77e22020eca85e89bd176b9d33ba32818e593b,"{""d"":7,""p"":0.00046415888336127773,""r"":7}",
         1,         0,         0,   0.305,correlated_pymatching,5dc8e74a0a28e52dabca52d06f77e22020eca85e89bd176b9d33ba32818e593b,"{""d"":7,""p"":0.00046415888336127773,""r"":7}",
         1,         0,         0,   0.314,correlated_pymatching,5dc8e74a0a28e52dabca52d06f77e22020eca85e89bd176b9d33ba32818e593b,"{""d"":7,""p"":0.00046415888336127773,""r"":7}",
         1,         0,         0,   0.320,correlated_pymatching,5dc8e74a0a28e52dabca52d06f77e22020eca85e89bd176b9d33ba32818e593b,"{""d"":7,""p"":0.00046415888336127773,""r"":7}",
         2,         0,         0,   0.322,correlated_pymatching,5dc8e74a0a28e52dabca52d06f77e22020eca85e89bd176b9d33ba32818e593b,"{""d"":7,""p"":0.00046415888336127773,""r"":7}",
         1,         0,         0,   0.296,correlated_pymatching,5dc8e74a0a28e52dabca52d06f77e22020eca85e89bd176b9d33ba32818e593b,"{""d"":7,""p"":0.00046415888336127773,""r"":7}",
         2,         0,         0,   0.306,correlated_pymatching,5dc8e74a0a28e52dabca52d06f77e22020eca85e89bd176b9d33ba32818e593b,"{""d"":7,""p"":0.00046415888336127773,""r"":7}",
         8,         0,         0,   0.304,correlated_pymatching,5dc8e74a0a28e52dabca52d06f77e22020eca85e89bd176b9d33ba32818e593b,"{""d"":7,""p"":0.00046415888336127773,""r"":7}",
         8,         0,         0,   0.321,correlated_pymatching,5dc8e74a0a28e52dabca52d06f77e22020eca85e89bd176b9d33ba32818e593b,"{""d"":7,""p"":0.00046415888336127773,""r"":7}",
        16,         0,         0,   0.316,correlated_pymatching,5dc8e74a0a28e52dabca52d06f77e22020eca85e89bd176b9d33ba32818e593b,"{""d"":7,""p"":0.00046415888336127773,""r"":7}",
         2,         0,         0,   0.304,correlated_pymatching,5dc8e74a0a28e52dabca52d06f77e22020eca85e89bd176b9d33ba32818e593b,"{""d"":7,""p"":0.00046415888336127773,""r"":7}",
         2,         0,         0,   0.312,correlated_pymatching,5dc8e74a0a28e52dabca52d06f77e22020eca85e89bd176b9d33ba32818e593b,"{""d"":7,""p"":0.00046415888336127773,""r"":7}",
         1,         0,         0,   0.308,correlated_pymatching,5dc8e74a0a28e52dabca52d06f77e22020eca85e89bd176b9d33ba32818e593b,"{""d"":7,""p"":0.00046415888336127773,""r"":7}",
         1,         0,         0,   0.304,correlated_pymatching,5dc8e74a0a28e52dabca52d06f77e22020eca85e89bd176b9d33ba32818e593b,"{""d"":7,""p"":0.00046415888336127773,""r"":7}",
         4,         0,         0,   0.308,correlated_pymatching,5dc8e74a0a28e52dabca52d06f77e22020eca85e89bd176b9d33ba32818e593b,"{""d"":7,""p"":0.00046415888336127773,""r"":7}",
         1,         0,         0,   0.319,correlated_pymatching,5dc8e74a0a28e52dabca52d06f77e22020eca85e89bd176b9d33ba32818e593b,"{""d"":7,""p"":0.00046415888336127773,""r"":7}",
         1,         0,         0,   0.320,correlated_pymatching,5dc8e74a0a28e52dabca52d06f77e22020eca85e89bd176b9d33ba32818e593b,"{""d"":7,""p"":0.00046415888336127773,""r"":7}",
         1,         0,         0,   0.325,correlated_pymatching,5dc8e74a0a28e52dabca52d06f77e22020eca85e89bd176b9d33ba32818e593b,"{""d"":7,""p"":0.00046415888336127773,""r"":7}",
         1,         0,         0,   0.325,correlated_pymatching,5dc8e74a0a28e52dabca52d06f77e22020eca85e89bd176b9d33ba32818e593b,"{""d"":7,""p"":0.00046415888336127773,""r"":7}",
         1,         0,         0,   0.326,correlated_pymatching,5dc8e74a0a28e52dabca52d06f77e22020eca85e89bd176b9d33ba32818e593b,"{""d"":7,""p"":0.00046415888336127773,""r"":7}",
         2,         0,         0,   0.318,correlated_pymatching,5dc8e74a0a28e52dabca52d06f77e22020eca85e89bd176b9d33ba32818e593b,"{""d"":7,""p"":0.00046415888336127773,""r"":7}",
         2,         0,         0,   0.301,correlated_pymatching,5dc8e74a0a28e52dabca52d06f77e22020eca85e89bd176b9d33ba32818e593b,"{""d"":7,""p"":0.00046415888336127773,""r"":7}",
         2,         0,         0,   0.304,correlated_pymatching,5dc8e74a0a28e52dabca52d06f77e22020eca85e89bd176b9d33ba32818e593b,"{""d"":7,""p"":0.00046415888336127773,""r"":7}",
         8,         0,         0,   0.304,correlated_pymatching,5dc8e74a0a28e52dabca52d06f77e22020eca85e89bd176b9d33ba32818e593b,"{""d"":7,""p"":0.00046415888336127773,""r"":7}",
        16,         0,         0,   0.294,correlated_pymatching,5dc8e74a0a28e52dabca52d06f77e22020eca85e89bd176b9d33ba32818e593b,"{""d"":7,""p"":0.00046415888336127773,""r"":7}",
         8,         0,         0,   0.301,correlated_pymatching,5dc8e74a0a28e52dabca52d06f77e22020eca85e89bd176b9d33ba32818e593b,"{""d"":7,""p"":0.00046415888336127773,""r"":7}",
         2,         0,         0,   0.300,correlated_pymatching,5dc8e74a0a28e52dabca52d06f77e22020eca85e89bd176b9d33ba32818e593b,"{""d"":7,""p"":0.00046415888336127773,""r"":7}",
         1,         0,         0,   0.287,correlated_pymatching,5dc8e74a0a28e52dabca52d06f77e22020eca85e89bd176b9d33ba32818e593b,"{""d"":7,""p"":0.00046415888336127773,""r"":7}",
         2,         0,         0,   0.312,correlated_pymatching,5dc8e74a0a28e52dabca52d06f77e22020eca85e89bd176b9d33ba32818e593b,"{""d"":7,""p"":0.00046415888336127773,""r"":7}",
         4,         0,         0,   0.288,correlated_pymatching,5dc8e74a0a28e52dabca52d06f77e22020eca85e89bd176b9d33ba32818e593b,"{""d"":7,""p"":0.00046415888336127773,""r"":7}",
         1,         0,         0,   0.318,correlated_pymatching,5dc8e74a0a28e52dabca52d06f77e22020eca85e89bd176b9d33ba32818e593b,"{""d"":7,""p"":0.00046415888336127773,""r"":7}",
         1,         0,         0,   0.312,correlated_pymatching,5dc8e74a0a28e52dabca52d06f77e22020eca85e89bd176b9d33ba32818e593b,"{""d"":7,""p"":0.00046415888336127773,""r"":7}",
         1,         0,         0,   0.308,correlated_pymatching,5dc8e74a0a28e52dabca52d06f77e22020eca85e89bd176b9d33ba32818e593b,"{""d"":7,""p"":0.00046415888336127773,""r"":7}",
         1,         0,         0,   0.312,correlated_pymatching,5dc8e74a0a28e52dabca52d06f77e22020eca85e89bd176b9d33ba32818e593b,"{""d"":7,""p"":0.00046415888336127773,""r"":7}",
         1,         0,         0,   0.310,correlated_pymatching,5dc8e74a0a28e52dabca52d06f77e22020eca85e89bd176b9d33ba32818e593b,"{""d"":7,""p"":0.00046415888336127773,""r"":7}",
         1,         0,         0,   0.320,correlated_pymatching,5dc8e74a0a28e52dabca52d06f77e22020eca85e89bd176b9d33ba32818e593b,"{""d"":7,""p"":0.00046415888336127773,""r"":7}",
         2,         0,         0,   0.330,correlated_pymatching,5dc8e74a0a28e52dabca52d06f77e22020eca85e89bd176b9d33ba32818e593b,"{""d"":7,""p"":0.00046415888336127773,""r"":7}",
         2,         0,         0,   0.303,correlated_pymatching,5dc8e74a0a28e52dabca52d06f77e22020eca85e89bd176b9d33ba32818e593b,"{""d"":7,""p"":0.00046415888336127773,""r"":7}",
         2,         0,         0,   0.325,correlated_pymatching,5dc8e74a0a28e52dabca52d06f77e22020eca85e89bd176b9d33ba32818e593b,"{""d"":7,""p"":0.00046415888336127773,""r"":7}",
         8,         0,         0,   0.300,correlated_pymatching,5dc8e74a0a28e52dabca52d06f77e22020eca85e89bd176b9d33ba32818e593b,"{""d"":7,""p"":0.00046415888336127773,""r"":7}",
         8,         0,         0,   0.298,correlated_pymatching,5dc8e74a0a28e52dabca52d06f77e22020eca85e89bd176b9d33ba32818e593b,"{""d"":7,""p"":0.00046415888336127773,""r"":7}",
         4,         0,         0,   0.300,correlated_pymatching,5dc8e74a0a28e52dabca52d06f77e22020eca85e89bd176b9d33ba32818e593b,"{""d"":7,""p"":0.00046415888336127773,""r"":7}",
         2,         0,         0,   0.309,correlated_pymatching,5dc8e74a0a28e52dabca52d06f77e22020eca85e89bd176b9d33ba32818e593b,"{""d"":7,""p"":0.00046415888336127773,""r"":7}",
         8,         0,         0,   0.306,correlated_pymatching,5dc8e74a0a28e52dabca52d06f77e22020eca85e89bd176b9d33ba32818e593b,"{""d"":7,""p"":0.00046415888336127773,""r"":7}",
         2,         0,         0,   0.312,correlated_pymatching,5dc8e74a0a28e52dabca52d06f77e22020eca85e89bd176b9d33ba32818e593b,"{""d"":7,""p"":0.00046415888336127773,""r"":7}",
         1,         0,         0,   0.294,correlated_pymatching,5dc8e74a0a28e52dabca52d06f77e22020eca85e89bd176b9d33ba32818e593b,"{""d"":7,""p"":0.00046415888336127773,""r"":7}",
         1,         0,         0,   0.304,correlated_pymatching,5dc8e74a0a28e52dabca52d06f77e22020eca85e89bd176b9d33ba32818e593b,"{""d"":7,""p"":0.00046415888336127773,""r"":7}",
         1,         0,         0,   0.324,correlated_pymatching,5dc8e74a0a28e52dabca52d06f77e22020eca85e89bd176b9d33ba32818e593b,"{""d"":7,""p"":0.00046415888336127773,""r"":7}",
         1,         0,         0,   0.301,correlated_pymatching,5dc8e74a0a28e52dabca52d06f77e22020eca85e89bd176b9d33ba32818e593b,"{""d"":7,""p"":0.00046415888336127773,""r"":7}",
         1,         0,         0,   0.316,correlated_pymatching,5dc8e74a0a28e52dabca52d06f77e22020eca85e89bd176b9d33ba32818e593b,"{""d"":7,""p"":0.00046415888336127773,""r"":7}",
         1,         0,         0,   0.329,correlated_pymatching,5dc8e74a0a28e52dabca52d06f77e22020eca85e89bd176b9d33ba32818e593b,"{""d"":7,""p"":0.00046415888336127773,""r"":7}",
         2,         0,         0,   0.309,correlated_pymatching,5dc8e74a0a28e52dabca52d06f77e22020eca85e89bd176b9d33ba32818e593b,"{""d"":7,""p"":0.00046415888336127773,""r"":7}",
         2,         0,         0,   0.304,correlated_pymatching,5dc8e74a0a28e52dabca52d06f77e22020eca85e89bd176b9d33ba32818e593b,"{""d"":7,""p"":0.00046415888336127773,""r"":7}",
        16,         0,         0,   0.301,correlated_pymatching,5dc8e74a0a28e52dabca52d06f77e22020eca85e89bd176b9d33ba32818e593b,"{""d"":7,""p"":0.00046415888336127773,""r"":7}",
         2,         0,         0,   0.315,correlated_pymatching,5dc8e74a0a28e52dabca52d06f77e22020eca85e89bd176b9d33ba32818e593b,"{""d"":7,""p"":0.00046415888336127773,""r"":7}",
        96,         0,         0,   0.545,correlated_pymatching,5dc8e74a0a28e52dabca52d06f77e22020eca85e89bd176b9d33ba32818e593b,"{""d"":7,""p"":0.00046415888336127773,""r"":7}",
        16,         0,         0,   0.316,correlated_pymatching,5dc8e74a0a28e52dabca52d06f77e22020eca85e89bd176b9d33ba32818e593b,"{""d"":7,""p"":0.00046415888336127773,""r"":7}",
         8,         0,         0,   0.305,correlated_pymatching,5dc8e74a0a28e52dabca52d06f77e22020eca85e89bd176b9d33ba32818e593b,"{""d"":7,""p"":0.00046415888336127773,""r"":7}",
         2,         0,         0,   0.304,correlated_pymatching,5dc8e74a0a28e52dabca52d06f77e22020eca85e89bd176b9d33ba32818e593b,"{""d"":7,""p"":0.00046415888336127773,""r"":7}",
         8,         0,         0,   0.311,correlated_pymatching,5dc8e74a0a28e52dabca52d06f77e22020eca85e89bd176b9d33ba32818e593b,"{""d"":7,""p"":0.00046415888336127773,""r"":7}",
         2,         0,         0,   0.312,correlated_pymatching,5dc8e74a0a28e52dabca52d06f77e22020eca85e89bd176b9d33ba32818e593b,"{""d"":7,""p"":0.00046415888336127773,""r"":7}",
         1,         0,         0,   0.295,correlated_pymatching,5dc8e74a0a28e52dabca52d06f77e22020eca85e89bd176b9d33ba32818e593b,"{""d"":7,""p"":0.00046415888336127773,""r"":7}",
         1,         0,         0,   0.291,correlated_pymatching,5dc8e74a0a28e52dabca52d06f77e22020eca85e89bd176b9d33ba32818e593b,"{""d"":7,""p"":0.00046415888336127773,""r"":7}",
         1,         0,         0,   0.324,correlated_pymatching,5dc8e74a0a28e52dabca52d06f77e22020eca85e89bd176b9d33ba32818e593b,"{""d"":7,""p"":0.00046415888336127773,""r"":7}",
         2,         0,         0,   0.381,correlated_pymatching,5dc8e74a0a28e52dabca52d06f77e22020eca85e89bd176b9d33ba32818e593b,"{""d"":7,""p"":0.00046415888336127773,""r"":7}",
         1,         0,         0,   0.392,correlated_pymatching,5dc8e74a0a28e52dabca52d06f77e22020eca85e89bd176b9d33ba32818e593b,"{""d"":7,""p"":0.00046415888336127773,""r"":7}",
         2,         0,         0,   0.356,correlated_pymatching,5dc8e74a0a28e52dabca52d06f77e22020eca85e89bd176b9d33ba32818e593b,"{""d"":7,""p"":0.00046415888336127773,""r"":7}",
         1,         0,         0,   0.529,correlated_pymatching,5dc8e74a0a28e52dabca52d06f77e22020eca85e89bd176b9d33ba32818e593b,"{""d"":7,""p"":0.00046415888336127773,""r"":7}",
        16,         0,         0,   0.439,correlated_pymatching,5dc8e74a0a28e52dabca52d06f77e22020eca85e89bd176b9d33ba32818e593b,"{""d"":7,""p"":0.00046415888336127773,""r"":7}",
        64,         0,         0,   0.429,correlated_pymatching,5dc8e74a0a28e52dabca52d06f77e22020eca85e89bd176b9d33ba32818e593b,"{""d"":7,""p"":0.00046415888336127773,""r"":7}",
         2,         0,         0,   0.441,correlated_pymatching,5dc8e74a0a28e52dabca52d06f77e22020eca85e89bd176b9d33ba32818e593b,"{""d"":7,""p"":0.00046415888336127773,""r"":7}",
        16,         0,         0,   0.412,correlated_pymatching,5dc8e74a0a28e52dabca52d06f77e22020eca85e89bd176b9d33ba32818e593b,"{""d"":7,""p"":0.00046415888336127773,""r"":7}",
         6,         0,         0,   0.670,correlated_pymatching,5dc8e74a0a28e52dabca52d06f77e22020eca85e89bd176b9d33ba32818e593b,"{""d"":7,""p"":0.00046415888336127773,""r"":7}",
         2,         0,         0,   0.408,correlated_pymatching,5dc8e74a0a28e52dabca52d06f77e22020eca85e89bd176b9d33ba32818e593b,"{""d"":7,""p"":0.00046415888336127773,""r"":7}",
        10,         0,         0,   0.429,correlated_pymatching,5dc8e74a0a28e52dabca52d06f77e22020eca85e89bd176b9d33ba32818e593b,"{""d"":7,""p"":0.00046415888336127773,""r"":7}",
        24,         0,         0,   0.593,correlated_pymatching,5dc8e74a0a28e52dabca52d06f77e22020eca85e89bd176b9d33ba32818e593b,"{""d"":7,""p"":0.00046415888336127773,""r"":7}",
         4,         0,         0,   0.631,correlated_pymatching,5dc8e74a0a28e52dabca52d06f77e22020eca85e89bd176b9d33ba32818e593b,"{""d"":7,""p"":0.00046415888336127773,""r"":7}",
        16,         0,         0,   0.655,correlated_pymatching,5dc8e74a0a28e52dabca52d06f77e22020eca85e89bd176b9d33ba32818e593b,"{""d"":7,""p"":0.00046415888336127773,""r"":7}",
         3,         0,         0,   0.624,correlated_pymatching,5dc8e74a0a28e52dabca52d06f77e22020eca85e89bd176b9d33ba32818e593b,"{""d"":7,""p"":0.00046415888336127773,""r"":7}",
         6,         0,         0,   0.625,correlated_pymatching,5dc8e74a0a28e52dabca52d06f77e22020eca85e89bd176b9d33ba32818e593b,"{""d"":7,""p"":0.00046415888336127773,""r"":7}",
         4,         0,         0,   0.673,correlated_pymatching,5dc8e74a0a28e52dabca52d06f77e22020eca85e89bd176b9d33ba32818e593b,"{""d"":7,""p"":0.00046415888336127773,""r"":7}",
         6,         0,         0,   0.560,correlated_pymatching,5dc8e74a0a28e52dabca52d06f77e22020eca85e89bd176b9d33ba32818e593b,"{""d"":7,""p"":0.00046415888336127773,""r"":7}",
         3,         0,         0,   0.587,correlated_pymatching,5dc8e74a0a28e52dabca52d06f77e22020eca85e89bd176b9d33ba32818e593b,"{""d"":7,""p"":0.00046415888336127773,""r"":7}",
       576,         0,         0,    6.09,correlated_pymatching,5dc8e74a0a28e52dabca52d06f77e22020eca85e89bd176b9d33ba32818e593b,"{""d"":7,""p"":0.00046415888336127773,""r"":7}",
         2,         0,         0,   0.635,correlated_pymatching,5dc8e74a0a28e52dabca52d06f77e22020eca85e89bd176b9d33ba32818e593b,"{""d"":7,""p"":0.00046415888336127773,""r"":7}",
        48,         0,         0,   0.604,correlated_pymatching,5dc8e74a0a28e52dabca52d06f77e22020eca85e89bd176b9d33ba32818e593b,"{""d"":7,""p"":0.00046415888336127773,""r"":7}",
       128,         0,         0,   0.626,correlated_pymatching,5dc8e74a0a28e52dabca52d06f77e22020eca85e89bd176b9d33ba32818e593b,"{""d"":7,""p"":0.00046415888336127773,""r"":7}",
         4,         0,         0,   0.633,correlated_pymatching,5dc8e74a0a28e52dabca52d06f77e22020eca85e89bd176b9d33ba32818e593b,"{""d"":7,""p"":0.00046415888336127773,""r"":7}",
        32,         0,         0,   0.616,correlated_pymatching,5dc8e74a0a28e52dabca52d06f77e22020eca85e89bd176b9d33ba32818e593b,"{""d"":7,""p"":0.00046415888336127773,""r"":7}",
         8,         0,         0,   0.633,correlated_pymatching,5dc8e74a0a28e52dabca52d06f77e22020eca85e89bd176b9d33ba32818e593b,"{""d"":7,""p"":0.00046415888336127773,""r"":7}",
         4,         0,         0,   0.612,correlated_pymatching,5dc8e74a0a28e52dabca52d06f77e22020eca85e89bd176b9d33ba32818e593b,"{""d"":7,""p"":0.00046415888336127773,""r"":7}",
     17492,         0,         0,    6.95,correlated_pymatching,5dc8e74a0a28e52dabca52d06f77e22020eca85e89bd176b9d33ba32818e593b,"{""d"":7,""p"":0.00046415888336127773,""r"":7}",
     14848,         0,         0,    6.06,correlated_pymatching,5dc8e74a0a28e52dabca52d06f77e22020eca85e89bd176b9d33ba32818e593b,"{""d"":7,""p"":0.00046415888336127773,""r"":7}",
       264,         0,         0,    6.09,correlated_pymatching,5dc8e74a0a28e52dabca52d06f77e22020eca85e89bd176b9d33ba32818e593b,"{""d"":7,""p"":0.00046415888336127773,""r"":7}",
        32,         0,         0,   0.572,correlated_pymatching,5dc8e74a0a28e52dabca52d06f77e22020eca85e89bd176b9d33ba32818e593b,"{""d"":7,""p"":0.00046415888336127773,""r"":7}",
        32,         0,         0,   0.627,correlated_pymatching,5dc8e74a0a28e52dabca52d06f77e22020eca85e89bd176b9d33ba32818e593b,"{""d"":7,""p"":0.00046415888336127773,""r"":7}",
        12,         0,         0,   0.600,correlated_pymatching,5dc8e74a0a28e52dabca52d06f77e22020eca85e89bd176b9d33ba32818e593b,"{""d"":7,""p"":0.00046415888336127773,""r"":7}",
        24,         0,         0,   0.602,correlated_pymatching,5dc8e74a0a28e52dabca52d06f77e22020eca85e89bd176b9d33ba32818e593b,"{""d"":7,""p"":0.00046415888336127773,""r"":7}",
         4,         0,         0,   0.616,correlated_pymatching,5dc8e74a0a28e52dabca52d06f77e22020eca85e89bd176b9d33ba32818e593b,"{""d"":7,""p"":0.00046415888336127773,""r"":7}",
        12,         0,         0,   0.603,correlated_pymatching,5dc8e74a0a28e52dabca52d06f77e22020eca85e89bd176b9d33ba32818e593b,"{""d"":7,""p"":0.00046415888336127773,""r"":7}",
         8,         0,         0,   0.643,correlated_pymatching,5dc8e74a0a28e52dabca52d06f77e22020eca85e89bd176b9d33ba32818e593b,"{""d"":7,""p"":0.00046415888336127773,""r"":7}",
         4,         0,         0,   0.640,correlated_pymatching,5dc8e74a0a28e52dabca52d06f77e22020eca85e89bd176b9d33ba32818e593b,"{""d"":7,""p"":0.00046415888336127773,""r"":7}",
         4,         0,         0,   0.640,correlated_pymatching,5dc8e74a0a28e52dabca52d06f77e22020eca85e89bd176b9d33ba32818e593b,"{""d"":7,""p"":0.00046415888336127773,""r"":7}",
     16836,         0,         0,    7.24,correlated_pymatching,5dc8e74a0a28e52dabca52d06f77e22020eca85e89bd176b9d33ba32818e593b,"{""d"":7,""p"":0.00046415888336127773,""r"":7}",
       128,         0,         0,   0.648,correlated_pymatching,5dc8e74a0a28e52dabca52d06f77e22020eca85e89bd176b9d33ba32818e593b,"{""d"":7,""p"":0.00046415888336127773,""r"":7}",
         8,         0,         0,   0.639,correlated_pymatching,5dc8e74a0a28e52dabca52d06f77e22020eca85e89bd176b9d33ba32818e593b,"{""d"":7,""p"":0.00046415888336127773,""r"":7}",
         5,         0,         0,   0.883,correlated_pymatching,5dc8e74a0a28e52dabca52d06f77e22020eca85e89bd176b9d33ba32818e593b,"{""d"":7,""p"":0.00046415888336127773,""r"":7}",
        96,         0,         0,   0.923,correlated_pymatching,5dc8e74a0a28e52dabca52d06f77e22020eca85e89bd176b9d33ba32818e593b,"{""d"":7,""p"":0.00046415888336127773,""r"":7}",
       970,         0,         0,   0.397,correlated_pymatching,5dc8e74a0a28e52dabca52d06f77e22020eca85e89bd176b9d33ba32818e593b,"{""d"":7,""p"":0.00046415888336127773,""r"":7}",
         6,         0,         0,   0.954,correlated_pymatching,5dc8e74a0a28e52dabca52d06f77e22020eca85e89bd176b9d33ba32818e593b,"{""d"":7,""p"":0.00046415888336127773,""r"":7}",
        64,         0,         0,   0.919,correlated_pymatching,5dc8e74a0a28e52dabca52d06f77e22020eca85e89bd176b9d33ba32818e593b,"{""d"":7,""p"":0.00046415888336127773,""r"":7}",
        20,         0,         0,    1.04,correlated_pymatching,5dc8e74a0a28e52dabca52d06f77e22020eca85e89bd176b9d33ba32818e593b,"{""d"":7,""p"":0.00046415888336127773,""r"":7}",
        48,         0,         0,   0.923,correlated_pymatching,5dc8e74a0a28e52dabca52d06f77e22020eca85e89bd176b9d33ba32818e593b,"{""d"":7,""p"":0.00046415888336127773,""r"":7}",
        48,         0,         0,   0.973,correlated_pymatching,5dc8e74a0a28e52dabca52d06f77e22020eca85e89bd176b9d33ba32818e593b,"{""d"":7,""p"":0.00046415888336127773,""r"":7}",
        96,         0,         0,    1.00,correlated_pymatching,5dc8e74a0a28e52dabca52d06f77e22020eca85e89bd176b9d33ba32818e593b,"{""d"":7,""p"":0.00046415888336127773,""r"":7}",
        24,         0,         0,   0.977,correlated_pymatching,5dc8e74a0a28e52dabca52d06f77e22020eca85e89bd176b9d33ba32818e593b,"{""d"":7,""p"":0.00046415888336127773,""r"":7}",
        12,         0,         0,    1.02,correlated_pymatching,5dc8e74a0a28e52dabca52d06f77e22020eca85e89bd176b9d33ba32818e593b,"{""d"":7,""p"":0.00046415888336127773,""r"":7}",
        12,         0,         0,    1.04,correlated_pymatching,5dc8e74a0a28e52dabca52d06f77e22020eca85e89bd176b9d33ba32818e593b,"{""d"":7,""p"":0.00046415888336127773,""r"":7}",
         6,         0,         0,   0.991,correlated_pymatching,5dc8e74a0a28e52dabca52d06f77e22020eca85e89bd176b9d33ba32818e593b,"{""d"":7,""p"":0.00046415888336127773,""r"":7}",
        96,         0,         0,    1.07,correlated_pymatching,5dc8e74a0a28e52dabca52d06f77e22020eca85e89bd176b9d33ba32818e593b,"{""d"":7,""p"":0.00046415888336127773,""r"":7}",
         6,         0,         0,    1.07,correlated_pymatching,5dc8e74a0a28e52dabca52d06f77e22020eca85e89bd176b9d33ba32818e593b,"{""d"":7,""p"":0.00046415888336127773,""r"":7}",
       256,         0,         0,   0.892,correlated_pymatching,5dc8e74a0a28e52dabca52d06f77e22020eca85e89bd176b9d33ba32818e593b,"{""d"":7,""p"":0.00046415888336127773,""r"":7}",
     15834,         0,         0,    6.17,correlated_pymatching,5dc8e74a0a28e52dabca52d06f77e22020eca85e89bd176b9d33ba32818e593b,"{""d"":7,""p"":0.00046415888336127773,""r"":7}",
        12,         0,         0,    1.00,correlated_pymatching,5dc8e74a0a28e52dabca52d06f77e22020eca85e89bd176b9d33ba32818e593b,"{""d"":7,""p"":0.00046415888336127773,""r"":7}",
     15834,         0,         0,    6.47,correlated_pymatching,5dc8e74a0a28e52dabca52d06f77e22020eca85e89bd176b9d33ba32818e593b,"{""d"":7,""p"":0.00046415888336127773,""r"":7}",
     15834,         0,         0,    6.46,correlated_pymatching,5dc8e74a0a28e52dabca52d06f77e22020eca85e89bd176b9d33ba32818e593b,"{""d"":7,""p"":0.00046415888336127773,""r"":7}",
         6,         0,         0,    1.01,correlated_pymatching,5dc8e74a0a28e52dabca52d06f77e22020eca85e89bd176b9d33ba32818e593b,"{""d"":7,""p"":0.00046415888336127773,""r"":7}",
       530,         0,         0,   0.360,correlated_pymatching,5dc8e74a0a28e52dabca52d06f77e22020eca85e89bd176b9d33ba32818e593b,"{""d"":7,""p"":0.00046415888336127773,""r"":7}",
        14,         0,         0,    1.13,correlated_pymatching,5dc8e74a0a28e52dabca52d06f77e22020eca85e89bd176b9d33ba32818e593b,"{""d"":7,""p"":0.00046415888336127773,""r"":7}",
       160,         0,         0,    1.29,correlated_pymatching,5dc8e74a0a28e52dabca52d06f77e22020eca85e89bd176b9d33ba32818e593b,"{""d"":7,""p"":0.00046415888336127773,""r"":7}",
       224,         0,         0,    1.25,correlated_pymatching,5dc8e74a0a28e52dabca52d06f77e22020eca85e89bd176b9d33ba32818e593b,"{""d"":7,""p"":0.00046415888336127773,""r"":7}",
     15280,         0,         0,    5.92,correlated_pymatching,5dc8e74a0a28e52dabca52d06f77e22020eca85e89bd176b9d33ba32818e593b,"{""d"":7,""p"":0.00046415888336127773,""r"":7}",
       140,         0,         0,    6.13,correlated_pymatching,5dc8e74a0a28e52dabca52d06f77e22020eca85e89bd176b9d33ba32818e593b,"{""d"":7,""p"":0.00046415888336127773,""r"":7}",
       170,         0,         0,    6.04,correlated_pymatching,5dc8e74a0a28e52dabca52d06f77e22020eca85e89bd176b9d33ba32818e593b,"{""d"":7,""p"":0.00046415888336127773,""r"":7}",
        32,         0,         0,    1.27,correlated_pymatching,5dc8e74a0a28e52dabca52d06f77e22020eca85e89bd176b9d33ba32818e593b,"{""d"":7,""p"":0.00046415888336127773,""r"":7}",
       816,         0,         0,    6.08,correlated_pymatching,5dc8e74a0a28e52dabca52d06f77e22020eca85e89bd176b9d33ba32818e593b,"{""d"":7,""p"":0.00046415888336127773,""r"":7}",
       160,         0,         0,    1.23,correlated_pymatching,5dc8e74a0a28e52dabca52d06f77e22020eca85e89bd176b9d33ba32818e593b,"{""d"":7,""p"":0.00046415888336127773,""r"":7}",
        48,         0,         0,    1.23,correlated_pymatching,5dc8e74a0a28e52dabca52d06f77e22020eca85e89bd176b9d33ba32818e593b,"{""d"":7,""p"":0.00046415888336127773,""r"":7}",
       288,         0,         0,    1.26,correlated_pymatching,5dc8e74a0a28e52dabca52d06f77e22020eca85e89bd176b9d33ba32818e593b,"{""d"":7,""p"":0.00046415888336127773,""r"":7}",
        23,         0,         0,    6.18,correlated_pymatching,5dc8e74a0a28e52dabca52d06f77e22020eca85e89bd176b9d33ba32818e593b,"{""d"":7,""p"":0.00046415888336127773,""r"":7}",
        64,         0,         0,    1.29,correlated_pymatching,5dc8e74a0a28e52dabca52d06f77e22020eca85e89bd176b9d33ba32818e593b,"{""d"":7,""p"":0.00046415888336127773,""r"":7}",
      5504,         0,         0,    6.18,correlated_pymatching,5dc8e74a0a28e52dabca52d06f77e22020eca85e89bd176b9d33ba32818e593b,"{""d"":7,""p"":0.00046415888336127773,""r"":7}",
        16,         0,         0,    1.26,correlated_pymatching,5dc8e74a0a28e52dabca52d06f77e22020eca85e89bd176b9d33ba32818e593b,"{""d"":7,""p"":0.00046415888336127773,""r"":7}",
      1001,         0,         0,   0.377,correlated_pymatching,5dc8e74a0a28e52dabca52d06f77e22020eca85e89bd176b9d33ba32818e593b,"{""d"":7,""p"":0.00046415888336127773,""r"":7}",
        16,         0,         0,    1.25,correlated_pymatching,5dc8e74a0a28e52dabca52d06f77e22020eca85e89bd176b9d33ba32818e593b,"{""d"":7,""p"":0.00046415888336127773,""r"":7}",
         8,         0,         0,    1.25,correlated_pymatching,5dc8e74a0a28e52dabca52d06f77e22020eca85e89bd176b9d33ba32818e593b,"{""d"":7,""p"":0.00046415888336127773,""r"":7}",
       256,         0,         0,    1.24,correlated_pymatching,5dc8e74a0a28e52dabca52d06f77e22020eca85e89bd176b9d33ba32818e593b,"{""d"":7,""p"":0.00046415888336127773,""r"":7}",
        12,         0,         0,    1.26,correlated_pymatching,5dc8e74a0a28e52dabca52d06f77e22020eca85e89bd176b9d33ba32818e593b,"{""d"":7,""p"":0.00046415888336127773,""r"":7}",
       512,         0,         0,    1.27,correlated_pymatching,5dc8e74a0a28e52dabca52d06f77e22020eca85e89bd176b9d33ba32818e593b,"{""d"":7,""p"":0.00046415888336127773,""r"":7}",
        16,         0,         0,    1.26,correlated_pymatching,5dc8e74a0a28e52dabca52d06f77e22020eca85e89bd176b9d33ba32818e593b,"{""d"":7,""p"":0.00046415888336127773,""r"":7}",
         8,         0,         0,    1.26,correlated_pymatching,5dc8e74a0a28e52dabca52d06f77e22020eca85e89bd176b9d33ba32818e593b,"{""d"":7,""p"":0.00046415888336127773,""r"":7}",
        20,         0,         0,    1.62,correlated_pymatching,5dc8e74a0a28e52dabca52d06f77e22020eca85e89bd176b9d33ba32818e593b,"{""d"":7,""p"":0.00046415888336127773,""r"":7}",
     13783,         1,         0,    8.77,correlated_pymatching,5dc8e74a0a28e52dabca52d06f77e22020eca85e89bd176b9d33ba32818e593b,"{""d"":7,""p"":0.00046415888336127773,""r"":7}","{""obs_mistake_mask=E"":1}"
        40,         0,         0,    1.59,correlated_pymatching,5dc8e74a0a28e52dabca52d06f77e22020eca85e89bd176b9d33ba32818e593b,"{""d"":7,""p"":0.00046415888336127773,""r"":7}",
       512,         0,         0,    1.58,correlated_pymatching,5dc8e74a0a28e52dabca52d06f77e22020eca85e89bd176b9d33ba32818e593b,"{""d"":7,""p"":0.00046415888336127773,""r"":7}",
       640,         0,         0,    1.85,correlated_pymatching,5dc8e74a0a28e52dabca52d06f77e22020eca85e89bd176b9d33ba32818e593b,"{""d"":7,""p"":0.00046415888336127773,""r"":7}",
       640,         0,         0,    1.57,correlated_pymatching,5dc8e74a0a28e52dabca52d06f77e22020eca85e89bd176b9d33ba32818e593b,"{""d"":7,""p"":0.00046415888336127773,""r"":7}",
       576,         0,         0,    1.86,correlated_pymatching,5dc8e74a0a28e52dabca52d06f77e22020eca85e89bd176b9d33ba32818e593b,"{""d"":7,""p"":0.00046415888336127773,""r"":7}",
        80,         0,         0,    1.60,correlated_pymatching,5dc8e74a0a28e52dabca52d06f77e22020eca85e89bd176b9d33ba32818e593b,"{""d"":7,""p"":0.00046415888336127773,""r"":7}",
        24,         0,         0,    1.57,correlated_pymatching,5dc8e74a0a28e52dabca52d06f77e22020eca85e89bd176b9d33ba32818e593b,"{""d"":7,""p"":0.00046415888336127773,""r"":7}",
        20,         0,         0,    1.58,correlated_pymatching,5dc8e74a0a28e52dabca52d06f77e22020eca85e89bd176b9d33ba32818e593b,"{""d"":7,""p"":0.00046415888336127773,""r"":7}",
        10,         0,         0,    1.58,correlated_pymatching,5dc8e74a0a28e52dabca52d06f77e22020eca85e89bd176b9d33ba32818e593b,"{""d"":7,""p"":0.00046415888336127773,""r"":7}",
       640,         0,         0,    1.57,correlated_pymatching,5dc8e74a0a28e52dabca52d06f77e22020eca85e89bd176b9d33ba32818e593b,"{""d"":7,""p"":0.00046415888336127773,""r"":7}",
        28,         0,         0,    1.58,correlated_pymatching,5dc8e74a0a28e52dabca52d06f77e22020eca85e89bd176b9d33ba32818e593b,"{""d"":7,""p"":0.00046415888336127773,""r"":7}",
        96,         0,         0,    1.84,correlated_pymatching,5dc8e74a0a28e52dabca52d06f77e22020eca85e89bd176b9d33ba32818e593b,"{""d"":7,""p"":0.00046415888336127773,""r"":7}",
     14336,         0,         0,    9.04,correlated_pymatching,5dc8e74a0a28e52dabca52d06f77e22020eca85e89bd176b9d33ba32818e593b,"{""d"":7,""p"":0.00046415888336127773,""r"":7}",
       640,         0,         0,    1.59,correlated_pymatching,5dc8e74a0a28e52dabca52d06f77e22020eca85e89bd176b9d33ba32818e593b,"{""d"":7,""p"":0.00046415888336127773,""r"":7}",
       708,         0,         0,   0.610,correlated_pymatching,5dc8e74a0a28e52dabca52d06f77e22020eca85e89bd176b9d33ba32818e593b,"{""d"":7,""p"":0.00046415888336127773,""r"":7}",
        18,         0,         0,    1.57,correlated_pymatching,5dc8e74a0a28e52dabca52d06f77e22020eca85e89bd176b9d33ba32818e593b,"{""d"":7,""p"":0.00046415888336127773,""r"":7}",
        24,         0,         0,    1.88,correlated_pymatching,5dc8e74a0a28e52dabca52d06f77e22020eca85e89bd176b9d33ba32818e593b,"{""d"":7,""p"":0.00046415888336127773,""r"":7}",
       448,         0,         0,   0.575,correlated_pymatching,5dc8e74a0a28e52dabca52d06f77e22020eca85e89bd176b9d33ba32818e593b,"{""d"":7,""p"":0.00046415888336127773,""r"":7}",
     13067,         0,         0,    4.90,correlated_pymatching,5dc8e74a0a28e52dabca52d06f77e22020eca85e89bd176b9d33ba32818e593b,"{""d"":7,""p"":0.00046415888336127773,""r"":7}",
     12459,         0,         0,    5.16,correlated_pymatching,5dc8e74a0a28e52dabca52d06f77e22020eca85e89bd176b9d33ba32818e593b,"{""d"":7,""p"":0.00046415888336127773,""r"":7}",
       608,         0,         0,   0.328,correlated_pymatching,5dc8e74a0a28e52dabca52d06f77e22020eca85e89bd176b9d33ba32818e593b,"{""d"":7,""p"":0.00046415888336127773,""r"":7}",
     12050,         0,         0,    4.77,correlated_pymatching,5dc8e74a0a28e52dabca52d06f77e22020eca85e89bd176b9d33ba32818e593b,"{""d"":7,""p"":0.00046415888336127773,""r"":7}",
        52,         0,         0,    2.20,correlated_pymatching,5dc8e74a0a28e52dabca52d06f77e22020eca85e89bd176b9d33ba32818e593b,"{""d"":7,""p"":0.00046415888336127773,""r"":7}",
        96,         0,         0,    2.20,correlated_pymatching,5dc8e74a0a28e52dabca52d06f77e22020eca85e89bd176b9d33ba32818e593b,"{""d"":7,""p"":0.00046415888336127773,""r"":7}",
       896,         0,         0,    2.19,correlated_pymatching,5dc8e74a0a28e52dabca52d06f77e22020eca85e89bd176b9d33ba32818e593b,"{""d"":7,""p"":0.00046415888336127773,""r"":7}",
       896,         0,         0,    2.19,correlated_pymatching,5dc8e74a0a28e52dabca52d06f77e22020eca85e89bd176b9d33ba32818e593b,"{""d"":7,""p"":0.00046415888336127773,""r"":7}",
      1792,         0,         0,    2.28,correlated_pymatching,5dc8e74a0a28e52dabca52d06f77e22020eca85e89bd176b9d33ba32818e593b,"{""d"":7,""p"":0.00046415888336127773,""r"":7}",
      1664,         0,         0,    2.27,correlated_pymatching,5dc8e74a0a28e52dabca52d06f77e22020eca85e89bd176b9d33ba32818e593b,"{""d"":7,""p"":0.00046415888336127773,""r"":7}",
       112,         0,         0,    2.23,correlated_pymatching,5dc8e74a0a28e52dabca52d06f77e22020eca85e89bd176b9d33ba32818e593b,"{""d"":7,""p"":0.00046415888336127773,""r"":7}",
      1280,         0,         0,    2.20,correlated_pymatching,5dc8e74a0a28e52dabca52d06f77e22020eca85e89bd176b9d33ba32818e593b,"{""d"":7,""p"":0.00046415888336127773,""r"":7}",
        56,         0,         0,    2.25,correlated_pymatching,5dc8e74a0a28e52dabca52d06f77e22020eca85e89bd176b9d33ba32818e593b,"{""d"":7,""p"":0.00046415888336127773,""r"":7}",
     11265,         0,         0,    4.63,correlated_pymatching,5dc8e74a0a28e52dabca52d06f77e22020eca85e89bd176b9d33ba32818e593b,"{""d"":7,""p"":0.00046415888336127773,""r"":7}",
        44,         0,         0,    2.24,correlated_pymatching,5dc8e74a0a28e52dabca52d06f77e22020eca85e89bd176b9d33ba32818e593b,"{""d"":7,""p"":0.00046415888336127773,""r"":7}",
        14,         0,         0,    2.25,correlated_pymatching,5dc8e74a0a28e52dabca52d06f77e22020eca85e89bd176b9d33ba32818e593b,"{""d"":7,""p"":0.00046415888336127773,""r"":7}",
       120,         0,         0,    2.23,correlated_pymatching,5dc8e74a0a28e52dabca52d06f77e22020eca85e89bd176b9d33ba32818e593b,"{""d"":7,""p"":0.00046415888336127773,""r"":7}",
     11265,         0,         0,    4.76,correlated_pymatching,5dc8e74a0a28e52dabca52d06f77e22020eca85e89bd176b9d33ba32818e593b,"{""d"":7,""p"":0.00046415888336127773,""r"":7}",
       896,         0,         0,    2.21,correlated_pymatching,5dc8e74a0a28e52dabca52d06f77e22020eca85e89bd176b9d33ba32818e593b,"{""d"":7,""p"":0.00046415888336127773,""r"":7}",
     11265,         0,         0,    4.75,correlated_pymatching,5dc8e74a0a28e52dabca52d06f77e22020eca85e89bd176b9d33ba32818e593b,"{""d"":7,""p"":0.00046415888336127773,""r"":7}",
       384,         0,         0,    2.47,correlated_pymatching,5dc8e74a0a28e52dabca52d06f77e22020eca85e89bd176b9d33ba32818e593b,"{""d"":7,""p"":0.00046415888336127773,""r"":7}",
       565,         0,         0,   0.339,correlated_pymatching,5dc8e74a0a28e52dabca52d06f77e22020eca85e89bd176b9d33ba32818e593b,"{""d"":7,""p"":0.00046415888336127773,""r"":7}",
        28,         0,         0,    2.28,correlated_pymatching,5dc8e74a0a28e52dabca52d06f77e22020eca85e89bd176b9d33ba32818e593b,"{""d"":7,""p"":0.00046415888336127773,""r"":7}",
     10700,         0,         0,    4.30,correlated_pymatching,5dc8e74a0a28e52dabca52d06f77e22020eca85e89bd176b9d33ba32818e593b,"{""d"":7,""p"":0.00046415888336127773,""r"":7}",
       565,         0,         0,   0.363,correlated_pymatching,5dc8e74a0a28e52dabca52d06f77e22020eca85e89bd176b9d33ba32818e593b,"{""d"":7,""p"":0.00046415888336127773,""r"":7}",
        28,         0,         0,    2.24,correlated_pymatching,5dc8e74a0a28e52dabca52d06f77e22020eca85e89bd176b9d33ba32818e593b,"{""d"":7,""p"":0.00046415888336127773,""r"":7}",
       358,         0,         0,   0.335,correlated_pymatching,5dc8e74a0a28e52dabca52d06f77e22020eca85e89bd176b9d33ba32818e593b,"{""d"":7,""p"":0.00046415888336127773,""r"":7}",
      5888,         0,         0,    8.45,correlated_pymatching,5dc8e74a0a28e52dabca52d06f77e22020eca85e89bd176b9d33ba32818e593b,"{""d"":7,""p"":0.00046415888336127773,""r"":7}",
       832,         0,         0,    8.52,correlated_pymatching,5dc8e74a0a28e52dabca52d06f77e22020eca85e89bd176b9d33ba32818e593b,"{""d"":7,""p"":0.00046415888336127773,""r"":7}",
        72,         0,         0,    3.11,correlated_pymatching,5dc8e74a0a28e52dabca52d06f77e22020eca85e89bd176b9d33ba32818e593b,"{""d"":7,""p"":0.00046415888336127773,""r"":7}",
      9597,         1,         0,    3.83,correlated_pymatching,5dc8e74a0a28e52dabca52d06f77e22020eca85e89bd176b9d33ba32818e593b,"{""d"":7,""p"":0.00046415888336127773,""r"":7}","{""obs_mistake_mask=E"":1}"
      9597,         0,         0,    6.63,correlated_pymatching,5dc8e74a0a28e52dabca52d06f77e22020eca85e89bd176b9d33ba32818e593b,"{""d"":7,""p"":0.00046415888336127773,""r"":7}",
      1152,         0,         0,    3.09,correlated_pymatching,5dc8e74a0a28e52dabca52d06f77e22020eca85e89bd176b9d33ba32818e593b,"{""d"":7,""p"":0.00046415888336127773,""r"":7}",
      2304,         0,         0,    3.07,correlated_pymatching,5dc8e74a0a28e52dabca52d06f77e22020eca85e89bd176b9d33ba32818e593b,"{""d"":7,""p"":0.00046415888336127773,""r"":7}",
       240,         0,         0,    3.22,correlated_pymatching,5dc8e74a0a28e52dabca52d06f77e22020eca85e89bd176b9d33ba32818e593b,"{""d"":7,""p"":0.00046415888336127773,""r"":7}",
      3328,         0,         0,    3.13,correlated_pymatching,5dc8e74a0a28e52dabca52d06f77e22020eca85e89bd176b9d33ba32818e593b,"{""d"":7,""p"":0.00046415888336127773,""r"":7}",
       144,         0,         0,    3.11,correlated_pymatching,5dc8e74a0a28e52dabca52d06f77e22020eca85e89bd176b9d33ba32818e593b,"{""d"":7,""p"":0.00046415888336127773,""r"":7}",
     10240,         0,         0,    4.09,correlated_pymatching,5dc8e74a0a28e52dabca52d06f77e22020eca85e89bd176b9d33ba32818e593b,"{""d"":7,""p"":0.00046415888336127773,""r"":7}",
       542,         0,         0,   0.331,correlated_pymatching,5dc8e74a0a28e52dabca52d06f77e22020eca85e89bd176b9d33ba32818e593b,"{""d"":7,""p"":0.00046415888336127773,""r"":7}",
      4096,         0,         0,    3.09,correlated_pymatching,5dc8e74a0a28e52dabca52d06f77e22020eca85e89bd176b9d33ba32818e593b,"{""d"":7,""p"":0.00046415888336127773,""r"":7}",
      9216,         0,         0,    3.74,correlated_pymatching,5dc8e74a0a28e52dabca52d06f77e22020eca85e89bd176b9d33ba32818e593b,"{""d"":7,""p"":0.00046415888336127773,""r"":7}",
      1664,         0,         0,    3.35,correlated_pymatching,5dc8e74a0a28e52dabca52d06f77e22020eca85e89bd176b9d33ba32818e593b,"{""d"":7,""p"":0.00046415888336127773,""r"":7}",
       136,         0,         0,    3.34,correlated_pymatching,5dc8e74a0a28e52dabca52d06f77e22020eca85e89bd176b9d33ba32818e593b,"{""d"":7,""p"":0.00046415888336127773,""r"":7}",
        52,         0,         0,    3.30,correlated_pymatching,5dc8e74a0a28e52dabca52d06f77e22020eca85e89bd176b9d33ba32818e593b,"{""d"":7,""p"":0.00046415888336127773,""r"":7}",
       832,         0,         0,    3.30,correlated_pymatching,5dc8e74a0a28e52dabca52d06f77e22020eca85e89bd176b9d33ba32818e593b,"{""d"":7,""p"":0.00046415888336127773,""r"":7}",
        72,         0,         0,    3.34,correlated_pymatching,5dc8e74a0a28e52dabca52d06f77e22020eca85e89bd176b9d33ba32818e593b,"{""d"":7,""p"":0.00046415888336127773,""r"":7}",
       102,         0,         0,   0.356,correlated_pymatching,5dc8e74a0a28e52dabca52d06f77e22020eca85e89bd176b9d33ba32818e593b,"{""d"":7,""p"":0.00046415888336127773,""r"":7}",
       746,         0,         0,   0.361,correlated_pymatching,5dc8e74a0a28e52dabca52d06f77e22020eca85e89bd176b9d33ba32818e593b,"{""d"":7,""p"":0.00046415888336127773,""r"":7}",
      8192,         1,         0,    5.42,correlated_pymatching,5dc8e74a0a28e52dabca52d06f77e22020eca85e89bd176b9d33ba32818e593b,"{""d"":7,""p"":0.00046415888336127773,""r"":7}","{""obs_mistake_mask=E"":1}"
      1792,         0,         0,    3.40,correlated_pymatching,5dc8e74a0a28e52dabca52d06f77e22020eca85e89bd176b9d33ba32818e593b,"{""d"":7,""p"":0.00046415888336127773,""r"":7}",
      8525,         0,         0,    3.43,correlated_pymatching,5dc8e74a0a28e52dabca52d06f77e22020eca85e89bd176b9d33ba32818e593b,"{""d"":7,""p"":0.00046415888336127773,""r"":7}",
      1152,         0,         0,    3.34,correlated_pymatching,5dc8e74a0a28e52dabca52d06f77e22020eca85e89bd176b9d33ba32818e593b,"{""d"":7,""p"":0.00046415888336127773,""r"":7}",
      7638,         0,         0,    3.33,correlated_pymatching,5dc8e74a0a28e52dabca52d06f77e22020eca85e89bd176b9d33ba32818e593b,"{""d"":7,""p"":0.00046415888336127773,""r"":7}",
       842,         0,         0,   0.379,correlated_pymatching,5dc8e74a0a28e52dabca52d06f77e22020eca85e89bd176b9d33ba32818e593b,"{""d"":7,""p"":0.00046415888336127773,""r"":7}",
        44,         0,         0,    3.31,correlated_pymatching,5dc8e74a0a28e52dabca52d06f77e22020eca85e89bd176b9d33ba32818e593b,"{""d"":7,""p"":0.00046415888336127773,""r"":7}",
      8192,         0,         0,    2.98,correlated_pymatching,5dc8e74a0a28e52dabca52d06f77e22020eca85e89bd176b9d33ba32818e593b,"{""d"":7,""p"":0.00046415888336127773,""r"":7}",
        40,         0,         0,    3.24,correlated_pymatching,5dc8e74a0a28e52dabca52d06f77e22020eca85e89bd176b9d33ba32818e593b,"{""d"":7,""p"":0.00046415888336127773,""r"":7}",
       288,         0,         0,   0.327,correlated_pymatching,5dc8e74a0a28e52dabca52d06f77e22020eca85e89bd176b9d33ba32818e593b,"{""d"":7,""p"":0.00046415888336127773,""r"":7}",
      8192,         0,         0,    5.52,correlated_pymatching,5dc8e74a0a28e52dabca52d06f77e22020eca85e89bd176b9d33ba32818e593b,"{""d"":7,""p"":0.00046415888336127773,""r"":7}",
      7666,         0,         0,    3.35,correlated_pymatching,5dc8e74a0a28e52dabca52d06f77e22020eca85e89bd176b9d33ba32818e593b,"{""d"":7,""p"":0.00046415888336127773,""r"":7}",
       863,         0,         0,   0.618,correlated_pymatching,5dc8e74a0a28e52dabca52d06f77e22020eca85e89bd176b9d33ba32818e593b,"{""d"":7,""p"":0.00046415888336127773,""r"":7}",
        95,         0,         0,   0.301,correlated_pymatching,5dc8e74a0a28e52dabca52d06f77e22020eca85e89bd176b9d33ba32818e593b,"{""d"":7,""p"":0.00046415888336127773,""r"":7}",
       208,         0,         0,    8.43,correlated_pymatching,5dc8e74a0a28e52dabca52d06f77e22020eca85e89bd176b9d33ba32818e593b,"{""d"":7,""p"":0.00046415888336127773,""r"":7}",
      1600,         0,         0,    8.37,correlated_pymatching,5dc8e74a0a28e52dabca52d06f77e22020eca85e89bd176b9d33ba32818e593b,"{""d"":7,""p"":0.00046415888336127773,""r"":7}",
      1184,         0,         0,    8.60,correlated_pymatching,5dc8e74a0a28e52dabca52d06f77e22020eca85e89bd176b9d33ba32818e593b,"{""d"":7,""p"":0.00046415888336127773,""r"":7}",
       863,         0,         0,   0.635,correlated_pymatching,5dc8e74a0a28e52dabca52d06f77e22020eca85e89bd176b9d33ba32818e593b,"{""d"":7,""p"":0.00046415888336127773,""r"":7}",
       226,         0,         0,    8.64,correlated_pymatching,5dc8e74a0a28e52dabca52d06f77e22020eca85e89bd176b9d33ba32818e593b,"{""d"":7,""p"":0.00046415888336127773,""r"":7}",
      5577,         0,         0,    2.21,correlated_pymatching,5dc8e74a0a28e52dabca52d06f77e22020eca85e89bd176b9d33ba32818e593b,"{""d"":7,""p"":0.00046415888336127773,""r"":7}",
      6023,         0,         0,    2.48,correlated_pymatching,5dc8e74a0a28e52dabca52d06f77e22020eca85e89bd176b9d33ba32818e593b,"{""d"":7,""p"":0.00046415888336127773,""r"":7}",
      5316,         0,         0,    2.36,correlated_pymatching,5dc8e74a0a28e52dabca52d06f77e22020eca85e89bd176b9d33ba32818e593b,"{""d"":7,""p"":0.00046415888336127773,""r"":7}",
      5503,         0,         0,    2.15,correlated_pymatching,5dc8e74a0a28e52dabca52d06f77e22020eca85e89bd176b9d33ba32818e593b,"{""d"":7,""p"":0.00046415888336127773,""r"":7}",
      5280,         0,         0,    2.14,correlated_pymatching,5dc8e74a0a28e52dabca52d06f77e22020eca85e89bd176b9d33ba32818e593b,"{""d"":7,""p"":0.00046415888336127773,""r"":7}",
       354,         0,         0,   0.239,correlated_pymatching,5dc8e74a0a28e52dabca52d06f77e22020eca85e89bd176b9d33ba32818e593b,"{""d"":7,""p"":0.00046415888336127773,""r"":7}",
       354,         0,         0,   0.296,correlated_pymatching,5dc8e74a0a28e52dabca52d06f77e22020eca85e89bd176b9d33ba32818e593b,"{""d"":7,""p"":0.00046415888336127773,""r"":7}",
       354,         0,         0,   0.327,correlated_pymatching,5dc8e74a0a28e52dabca52d06f77e22020eca85e89bd176b9d33ba32818e593b,"{""d"":7,""p"":0.00046415888336127773,""r"":7}",
      5337,         0,         0,    2.20,correlated_pymatching,5dc8e74a0a28e52dabca52d06f77e22020eca85e89bd176b9d33ba32818e593b,"{""d"":7,""p"":0.00046415888336127773,""r"":7}",
      5337,         0,         0,    2.40,correlated_pymatching,5dc8e74a0a28e52dabca52d06f77e22020eca85e89bd176b9d33ba32818e593b,"{""d"":7,""p"":0.00046415888336127773,""r"":7}",
      5120,         0,         0,    3.47,correlated_pymatching,5dc8e74a0a28e52dabca52d06f77e22020eca85e89bd176b9d33ba32818e593b,"{""d"":7,""p"":0.00046415888336127773,""r"":7}",
      5337,         0,         0,    2.43,correlated_pymatching,5dc8e74a0a28e52dabca52d06f77e22020eca85e89bd176b9d33ba32818e593b,"{""d"":7,""p"":0.00046415888336127773,""r"":7}",
      5337,         0,         0,    4.51,correlated_pymatching,5dc8e74a0a28e52dabca52d06f77e22020eca85e89bd176b9d33ba32818e593b,"{""d"":7,""p"":0.00046415888336127773,""r"":7}",
      5165,         0,         0,    3.37,correlated_pymatching,5dc8e74a0a28e52dabca52d06f77e22020eca85e89bd176b9d33ba32818e593b,"{""d"":7,""p"":0.00046415888336127773,""r"":7}",
       537,         0,         0,   0.364,correlated_pymatching,5dc8e74a0a28e52dabca52d06f77e22020eca85e89bd176b9d33ba32818e593b,"{""d"":7,""p"":0.00046415888336127773,""r"":7}",
       537,         0,         0,   0.327,correlated_pymatching,5dc8e74a0a28e52dabca52d06f77e22020eca85e89bd176b9d33ba32818e593b,"{""d"":7,""p"":0.00046415888336127773,""r"":7}",
       537,         0,         0,   0.355,correlated_pymatching,5dc8e74a0a28e52dabca52d06f77e22020eca85e89bd176b9d33ba32818e593b,"{""d"":7,""p"":0.00046415888336127773,""r"":7}",
       902,         0,         0,   0.380,correlated_pymatching,5dc8e74a0a28e52dabca52d06f77e22020eca85e89bd176b9d33ba32818e593b,"{""d"":7,""p"":0.00046415888336127773,""r"":7}",
       256,         0,         0,    4.48,correlated_pymatching,5dc8e74a0a28e52dabca52d06f77e22020eca85e89bd176b9d33ba32818e593b,"{""d"":7,""p"":0.00046415888336127773,""r"":7}",
      3978,         0,         0,    3.99,correlated_pymatching,5dc8e74a0a28e52dabca52d06f77e22020eca85e89bd176b9d33ba32818e593b,"{""d"":7,""p"":0.00046415888336127773,""r"":7}",
      4352,         0,         0,    4.27,correlated_pymatching,5dc8e74a0a28e52dabca52d06f77e22020eca85e89bd176b9d33ba32818e593b,"{""d"":7,""p"":0.00046415888336127773,""r"":7}",
      4800,         0,         0,    3.06,correlated_pymatching,5dc8e74a0a28e52dabca52d06f77e22020eca85e89bd176b9d33ba32818e593b,"{""d"":7,""p"":0.00046415888336127773,""r"":7}",
      2184,         0,         0,    1.05,correlated_pymatching,5dc8e74a0a28e52dabca52d06f77e22020eca85e89bd176b9d33ba32818e593b,"{""d"":7,""p"":0.00046415888336127773,""r"":7}",
      4800,         1,         0,    1.95,correlated_pymatching,5dc8e74a0a28e52dabca52d06f77e22020eca85e89bd176b9d33ba32818e593b,"{""d"":7,""p"":0.00046415888336127773,""r"":7}","{""obs_mistake_mask=E"":1}"
      4096,         0,         0,    2.66,correlated_pymatching,5dc8e74a0a28e52dabca52d06f77e22020eca85e89bd176b9d33ba32818e593b,"{""d"":7,""p"":0.00046415888336127773,""r"":7}",
       256,         0,         0,    4.30,correlated_pymatching,5dc8e74a0a28e52dabca52d06f77e22020eca85e89bd176b9d33ba32818e593b,"{""d"":7,""p"":0.00046415888336127773,""r"":7}",
      4800,         0,         0,    1.99,correlated_pymatching,5dc8e74a0a28e52dabca52d06f77e22020eca85e89bd176b9d33ba32818e593b,"{""d"":7,""p"":0.00046415888336127773,""r"":7}",
      3328,         0,         0,    4.42,correlated_pymatching,5dc8e74a0a28e52dabca52d06f77e22020eca85e89bd176b9d33ba32818e593b,"{""d"":7,""p"":0.00046415888336127773,""r"":7}",
      2411,         0,         0,    1.18,correlated_pymatching,5dc8e74a0a28e52dabca52d06f77e22020eca85e89bd176b9d33ba32818e593b,"{""d"":7,""p"":0.00046415888336127773,""r"":7}",
      2089,         0,         0,    1.20,correlated_pymatching,5dc8e74a0a28e52dabca52d06f77e22020eca85e89bd176b9d33ba32818e593b,"{""d"":7,""p"":0.00046415888336127773,""r"":7}",
       416,         0,         0,    4.48,correlated_pymatching,5dc8e74a0a28e52dabca52d06f77e22020eca85e89bd176b9d33ba32818e593b,"{""d"":7,""p"":0.00046415888336127773,""r"":7}",
      3767,         0,         0,    3.95,correlated_pymatching,5dc8e74a0a28e52dabca52d06f77e22020eca85e89bd176b9d33ba32818e593b,"{""d"":7,""p"":0.00046415888336127773,""r"":7}",
      1934,         0,         0,   0.801,correlated_pymatching,5dc8e74a0a28e52dabca52d06f77e22020eca85e89bd176b9d33ba32818e593b,"{""d"":7,""p"":0.00046415888336127773,""r"":7}",
       448,         0,         0,   0.351,correlated_pymatching,5dc8e74a0a28e52dabca52d06f77e22020eca85e89bd176b9d33ba32818e593b,"{""d"":7,""p"":0.00046415888336127773,""r"":7}",
      1559,         0,         0,   0.727,correlated_pymatching,5dc8e74a0a28e52dabca52d06f77e22020eca85e89bd176b9d33ba32818e593b,"{""d"":7,""p"":0.00046415888336127773,""r"":7}",
      1924,         0,         0,   0.799,correlated_pymatching,5dc8e74a0a28e52dabca52d06f77e22020eca85e89bd176b9d33ba32818e593b,"{""d"":7,""p"":0.00046415888336127773,""r"":7}",
       750,         0,         0,   0.282,correlated_pymatching,5dc8e74a0a28e52dabca52d06f77e22020eca85e89bd176b9d33ba32818e593b,"{""d"":7,""p"":0.00046415888336127773,""r"":7}",
       200,         0,         0,    4.34,correlated_pymatching,5dc8e74a0a28e52dabca52d06f77e22020eca85e89bd176b9d33ba32818e593b,"{""d"":7,""p"":0.00046415888336127773,""r"":7}",
       208,         0,         0,    4.39,correlated_pymatching,5dc8e74a0a28e52dabca52d06f77e22020eca85e89bd176b9d33ba32818e593b,"{""d"":7,""p"":0.00046415888336127773,""r"":7}",
      2062,         0,         0,    1.09,correlated_pymatching,5dc8e74a0a28e52dabca52d06f77e22020eca85e89bd176b9d33ba32818e593b,"{""d"":7,""p"":0.00046415888336127773,""r"":7}",
      2432,         0,         0,    4.46,correlated_pymatching,5dc8e74a0a28e52dabca52d06f77e22020eca85e89bd176b9d33ba32818e593b,"{""d"":7,""p"":0.00046415888336127773,""r"":7}",
      2023,         0,         0,    1.40,correlated_pymatching,5dc8e74a0a28e52dabca52d06f77e22020eca85e89bd176b9d33ba32818e593b,"{""d"":7,""p"":0.00046415888336127773,""r"":7}",
       286,         0,         0,   0.327,correlated_pymatching,5dc8e74a0a28e52dabca52d06f77e22020eca85e89bd176b9d33ba32818e593b,"{""d"":7,""p"":0.00046415888336127773,""r"":7}",
       354,         0,         0,   0.342,correlated_pymatching,5dc8e74a0a28e52dabca52d06f77e22020eca85e89bd176b9d33ba32818e593b,"{""d"":7,""p"":0.00046415888336127773,""r"":7}",
       112,         0,         0,    4.56,correlated_pymatching,5dc8e74a0a28e52dabca52d06f77e22020eca85e89bd176b9d33ba32818e593b,"{""d"":7,""p"":0.00046415888336127773,""r"":7}",
       534,         0,         0,   0.355,correlated_pymatching,5dc8e74a0a28e52dabca52d06f77e22020eca85e89bd176b9d33ba32818e593b,"{""d"":7,""p"":0.00046415888336127773,""r"":7}",
      1008,         0,         0,   0.380,correlated_pymatching,5dc8e74a0a28e52dabca52d06f77e22020eca85e89bd176b9d33ba32818e593b,"{""d"":7,""p"":0.00046415888336127773,""r"":7}",
      1033,         0,         0,   0.683,correlated_pymatching,5dc8e74a0a28e52dabca52d06f77e22020eca85e89bd176b9d33ba32818e593b,"{""d"":7,""p"":0.00046415888336127773,""r"":7}",
      1244,         0,         0,   0.740,correlated_pymatching,5dc8e74a0a28e52dabca52d06f77e22020eca85e89bd176b9d33ba32818e593b,"{""d"":7,""p"":0.00046415888336127773,""r"":7}",
       373,         0,         0,   0.363,correlated_pymatching,5dc8e74a0a28e52dabca52d06f77e22020eca85e89bd176b9d33ba32818e593b,"{""d"":7,""p"":0.00046415888336127773,""r"":7}",
      1792,         0,         0,    4.50,correlated_pymatching,5dc8e74a0a28e52dabca52d06f77e22020eca85e89bd176b9d33ba32818e593b,"{""d"":7,""p"":0.00046415888336127773,""r"":7}",
       109,         0,         0,   0.350,correlated_pymatching,5dc8e74a0a28e52dabca52d06f77e22020eca85e89bd176b9d33ba32818e593b,"{""d"":7,""p"":0.00046415888336127773,""r"":7}",
       160,         0,         0,    4.32,correlated_pymatching,5dc8e74a0a28e52dabca52d06f77e22020eca85e89bd176b9d33ba32818e593b,"{""d"":7,""p"":0.00046415888336127773,""r"":7}",
       940,         0,         0,   0.385,correlated_pymatching,5dc8e74a0a28e52dabca52d06f77e22020eca85e89bd176b9d33ba32818e593b,"{""d"":7,""p"":0.00046415888336127773,""r"":7}",
      2419,         0,         0,    1.78,correlated_pymatching,5dc8e74a0a28e52dabca52d06f77e22020eca85e89bd176b9d33ba32818e593b,"{""d"":7,""p"":0.00046415888336127773,""r"":7}",
      2048,         0,         0,   0.815,correlated_pymatching,5dc8e74a0a28e52dabca52d06f77e22020eca85e89bd176b9d33ba32818e593b,"{""d"":7,""p"":0.00046415888336127773,""r"":7}",
      2066,         0,         0,    1.06,correlated_pymatching,5dc8e74a0a28e52dabca52d06f77e22020eca85e89bd176b9d33ba32818e593b,"{""d"":7,""p"":0.00046415888336127773,""r"":7}",
       648,         0,         0,    4.54,correlated_pymatching,5dc8e74a0a28e52dabca52d06f77e22020eca85e89bd176b9d33ba32818e593b,"{""d"":7,""p"":0.00046415888336127773,""r"":7}",
       969,         0,         0,   0.394,correlated_pymatching,5dc8e74a0a28e52dabca52d06f77e22020eca85e89bd176b9d33ba32818e593b,"{""d"":7,""p"":0.00046415888336127773,""r"":7}",
      1316,         0,         0,    1.20,correlated_pymatching,5dc8e74a0a28e52dabca52d06f77e22020eca85e89bd176b9d33ba32818e593b,"{""d"":7,""p"":0.00046415888336127773,""r"":7}",
      2112,         0,         0,    3.95,correlated_pymatching,5dc8e74a0a28e52dabca52d06f77e22020eca85e89bd176b9d33ba32818e593b,"{""d"":7,""p"":0.00046415888336127773,""r"":7}",
      2048,         0,         0,    1.37,correlated_pymatching,5dc8e74a0a28e52dabca52d06f77e22020eca85e89bd176b9d33ba32818e593b,"{""d"":7,""p"":0.00046415888336127773,""r"":7}",
        18,         0,         0,   0.300,correlated_pymatching,5dc8e74a0a28e52dabca52d06f77e22020eca85e89bd176b9d33ba32818e593b,"{""d"":7,""p"":0.00046415888336127773,""r"":7}",
      1737,         0,         0,    1.26,correlated_pymatching,5dc8e74a0a28e52dabca52d06f77e22020eca85e89bd176b9d33ba32818e593b,"{""d"":7,""p"":0.00046415888336127773,""r"":7}",
       463,         0,         0,   0.347,correlated_pymatching,5dc8e74a0a28e52dabca52d06f77e22020eca85e89bd176b9d33ba32818e593b,"{""d"":7,""p"":0.00046415888336127773,""r"":7}",
       844,         0,         0,   0.392,correlated_pymatching,5dc8e74a0a28e52dabca52d06f77e22020eca85e89bd176b9d33ba32818e593b,"{""d"":7,""p"":0.00046415888336127773,""r"":7}",
       463,         0,         0,   0.345,correlated_pymatching,5dc8e74a0a28e52dabca52d06f77e22020eca85e89bd176b9d33ba32818e593b,"{""d"":7,""p"":0.00046415888336127773,""r"":7}",
      1855,         0,         0,   0.795,correlated_pymatching,5dc8e74a0a28e52dabca52d06f77e22020eca85e89bd176b9d33ba32818e593b,"{""d"":7,""p"":0.00046415888336127773,""r"":7}",
      1382,         0,         0,   0.722,correlated_pymatching,5dc8e74a0a28e52dabca52d06f77e22020eca85e89bd176b9d33ba32818e593b,"{""d"":7,""p"":0.00046415888336127773,""r"":7}",
       480,         0,         0,   0.365,correlated_pymatching,5dc8e74a0a28e52dabca52d06f77e22020eca85e89bd176b9d33ba32818e593b,"{""d"":7,""p"":0.00046415888336127773,""r"":7}",
      1525,         0,         0,   0.730,correlated_pymatching,5dc8e74a0a28e52dabca52d06f77e22020eca85e89bd176b9d33ba32818e593b,"{""d"":7,""p"":0.00046415888336127773,""r"":7}",
      1489,         0,         0,   0.727,correlated_pymatching,5dc8e74a0a28e52dabca52d06f77e22020eca85e89bd176b9d33ba32818e593b,"{""d"":7,""p"":0.00046415888336127773,""r"":7}",
      1533,         0,         0,   0.736,correlated_pymatching,5dc8e74a0a28e52dabca52d06f77e22020eca85e89bd176b9d33ba32818e593b,"{""d"":7,""p"":0.00046415888336127773,""r"":7}",
       206,         0,         0,   0.350,correlated_pymatching,5dc8e74a0a28e52dabca52d06f77e22020eca85e89bd176b9d33ba32818e593b,"{""d"":7,""p"":0.00046415888336127773,""r"":7}",
        18,         0,         0,   0.298,correlated_pymatching,5dc8e74a0a28e52dabca52d06f77e22020eca85e89bd176b9d33ba32818e593b,"{""d"":7,""p"":0.00046415888336127773,""r"":7}",
      1473,         0,         0,    1.03,correlated_pymatching,5dc8e74a0a28e52dabca52d06f77e22020eca85e89bd176b9d33ba32818e593b,"{""d"":7,""p"":0.00046415888336127773,""r"":7}",
      1536,         0,         0,    1.04,correlated_pymatching,5dc8e74a0a28e52dabca52d06f77e22020eca85e89bd176b9d33ba32818e593b,"{""d"":7,""p"":0.00046415888336127773,""r"":7}",
      1726,         0,         0,    1.37,correlated_pymatching,5dc8e74a0a28e52dabca52d06f77e22020eca85e89bd176b9d33ba32818e593b,"{""d"":7,""p"":0.00046415888336127773,""r"":7}",
       496,         0,         0,   0.348,correlated_pymatching,5dc8e74a0a28e52dabca52d06f77e22020eca85e89bd176b9d33ba32818e593b,"{""d"":7,""p"":0.00046415888336127773,""r"":7}",
       452,         0,         0,   0.344,correlated_pymatching,5dc8e74a0a28e52dabca52d06f77e22020eca85e89bd176b9d33ba32818e593b,"{""d"":7,""p"":0.00046415888336127773,""r"":7}",
       926,         0,         0,   0.408,correlated_pymatching,5dc8e74a0a28e52dabca52d06f77e22020eca85e89bd176b9d33ba32818e593b,"{""d"":7,""p"":0.00046415888336127773,""r"":7}",
       463,         0,         0,   0.336,correlated_pymatching,5dc8e74a0a28e52dabca52d06f77e22020eca85e89bd176b9d33ba32818e593b,"{""d"":7,""p"":0.00046415888336127773,""r"":7}",
       539,         0,         0,   0.596,correlated_pymatching,5dc8e74a0a28e52dabca52d06f77e22020eca85e89bd176b9d33ba32818e593b,"{""d"":7,""p"":0.00046415888336127773,""r"":7}",
       405,         0,         0,   0.343,correlated_pymatching,5dc8e74a0a28e52dabca52d06f77e22020eca85e89bd176b9d33ba32818e593b,"{""d"":7,""p"":0.00046415888336127773,""r"":7}",
       405,         0,         0,   0.323,correlated_pymatching,5dc8e74a0a28e52dabca52d06f77e22020eca85e89bd176b9d33ba32818e593b,"{""d"":7,""p"":0.00046415888336127773,""r"":7}",
        20,         0,         0,   0.285,correlated_pymatching,5dc8e74a0a28e52dabca52d06f77e22020eca85e89bd176b9d33ba32818e593b,"{""d"":7,""p"":0.00046415888336127773,""r"":7}",
       463,         0,         0,   0.348,correlated_pymatching,5dc8e74a0a28e52dabca52d06f77e22020eca85e89bd176b9d33ba32818e593b,"{""d"":7,""p"":0.00046415888336127773,""r"":7}",
        56,         0,         0,   0.503,correlated_pymatching,5dc8e74a0a28e52dabca52d06f77e22020eca85e89bd176b9d33ba32818e593b,"{""d"":7,""p"":0.00046415888336127773,""r"":7}",
       405,         0,         0,   0.323,correlated_pymatching,5dc8e74a0a28e52dabca52d06f77e22020eca85e89bd176b9d33ba32818e593b,"{""d"":7,""p"":0.00046415888336127773,""r"":7}",
       405,         0,         0,   0.324,correlated_pymatching,5dc8e74a0a28e52dabca52d06f77e22020eca85e89bd176b9d33ba32818e593b,"{""d"":7,""p"":0.00046415888336127773,""r"":7}",
       276,         0,         0,   0.308,correlated_pymatching,5dc8e74a0a28e52dabca52d06f77e22020eca85e89bd176b9d33ba32818e593b,"{""d"":7,""p"":0.00046415888336127773,""r"":7}",
       534,         0,         0,   0.347,correlated_pymatching,5dc8e74a0a28e52dabca52d06f77e22020eca85e89bd176b9d33ba32818e593b,"{""d"":7,""p"":0.00046415888336127773,""r"":7}",
        23,         0,         0,   0.294,correlated_pymatching,5dc8e74a0a28e52dabca52d06f77e22020eca85e89bd176b9d33ba32818e593b,"{""d"":7,""p"":0.00046415888336127773,""r"":7}",
       389,         0,         0,   0.328,correlated_pymatching,5dc8e74a0a28e52dabca52d06f77e22020eca85e89bd176b9d33ba32818e593b,"{""d"":7,""p"":0.00046415888336127773,""r"":7}",
      1337,         0,         0,    1.94,correlated_pymatching,5dc8e74a0a28e52dabca52d06f77e22020eca85e89bd176b9d33ba32818e593b,"{""d"":7,""p"":0.00046415888336127773,""r"":7}",
       113,         0,         0,   0.319,correlated_pymatching,5dc8e74a0a28e52dabca52d06f77e22020eca85e89bd176b9d33ba32818e593b,"{""d"":7,""p"":0.00046415888336127773,""r"":7}",
       389,         0,         0,   0.326,correlated_pymatching,5dc8e74a0a28e52dabca52d06f77e22020eca85e89bd176b9d33ba32818e593b,"{""d"":7,""p"":0.00046415888336127773,""r"":7}",
       136,         0,         0,   0.311,correlated_pymatching,5dc8e74a0a28e52dabca52d06f77e22020eca85e89bd176b9d33ba32818e593b,"{""d"":7,""p"":0.00046415888336127773,""r"":7}",
       219,         0,         0,   0.308,correlated_pymatching,5dc8e74a0a28e52dabca52d06f77e22020eca85e89bd176b9d33ba32818e593b,"{""d"":7,""p"":0.00046415888336127773,""r"":7}",
       405,         0,         0,   0.352,correlated_pymatching,5dc8e74a0a28e52dabca52d06f77e22020eca85e89bd176b9d33ba32818e593b,"{""d"":7,""p"":0.00046415888336127773,""r"":7}",
       960,         0,         0,    5.09,correlated_pymatching,5dc8e74a0a28e52dabca52d06f77e22020eca85e89bd176b9d33ba32818e593b,"{""d"":7,""p"":0.00046415888336127773,""r"":7}",
       266,         0,         0,   0.322,correlated_pymatching,5dc8e74a0a28e52dabca52d06f77e22020eca85e89bd176b9d33ba32818e593b,"{""d"":7,""p"":0.00046415888336127773,""r"":7}",
        95,         0,         0,   0.303,correlated_pymatching,5dc8e74a0a28e52dabca52d06f77e22020eca85e89bd176b9d33ba32818e593b,"{""d"":7,""p"":0.00046415888336127773,""r"":7}",
       639,         0,         0,   0.372,correlated_pymatching,5dc8e74a0a28e52dabca52d06f77e22020eca85e89bd176b9d33ba32818e593b,"{""d"":7,""p"":0.00046415888336127773,""r"":7}",
       367,         0,         0,   0.321,correlated_pymatching,5dc8e74a0a28e52dabca52d06f77e22020eca85e89bd176b9d33ba32818e593b,"{""d"":7,""p"":0.00046415888336127773,""r"":7}",
      1024,         0,         0,    1.33,correlated_pymatching,5dc8e74a0a28e52dabca52d06f77e22020eca85e89bd176b9d33ba32818e593b,"{""d"":7,""p"":0.00046415888336127773,""r"":7}",
       405,         0,         0,   0.336,correlated_pymatching,5dc8e74a0a28e52dabca52d06f77e22020eca85e89bd176b9d33ba32818e593b,"{""d"":7,""p"":0.00046415888336127773,""r"":7}",
       201,         0,         0,   0.328,correlated_pymatching,5dc8e74a0a28e52dabca52d06f77e22020eca85e89bd176b9d33ba32818e593b,"{""d"":7,""p"":0.00046415888336127773,""r"":7}",
       367,         0,         0,   0.335,correlated_pymatching,5dc8e74a0a28e52dabca52d06f77e22020eca85e89bd176b9d33ba32818e593b,"{""d"":7,""p"":0.00046415888336127773,""r"":7}",
       469,         0,         0,   0.338,correlated_pymatching,5dc8e74a0a28e52dabca52d06f77e22020eca85e89bd176b9d33ba32818e593b,"{""d"":7,""p"":0.00046415888336127773,""r"":7}",
       385,         0,         0,   0.332,correlated_pymatching,5dc8e74a0a28e52dabca52d06f77e22020eca85e89bd176b9d33ba32818e593b,"{""d"":7,""p"":0.00046415888336127773,""r"":7}",
       544,         0,         0,   0.584,correlated_pymatching,5dc8e74a0a28e52dabca52d06f77e22020eca85e89bd176b9d33ba32818e593b,"{""d"":7,""p"":0.00046415888336127773,""r"":7}",
       406,         0,         0,   0.343,correlated_pymatching,5dc8e74a0a28e52dabca52d06f77e22020eca85e89bd176b9d33ba32818e593b,"{""d"":7,""p"":0.00046415888336127773,""r"":7}",
       429,         0,         0,   0.319,correlated_pymatching,5dc8e74a0a28e52dabca52d06f77e22020eca85e89bd176b9d33ba32818e593b,"{""d"":7,""p"":0.00046415888336127773,""r"":7}",
       367,         0,         0,   0.348,correlated_pymatching,5dc8e74a0a28e52dabca52d06f77e22020eca85e89bd176b9d33ba32818e593b,"{""d"":7,""p"":0.00046415888336127773,""r"":7}",
       276,         0,         0,   0.321,correlated_pymatching,5dc8e74a0a28e52dabca52d06f77e22020eca85e89bd176b9d33ba32818e593b,"{""d"":7,""p"":0.00046415888336127773,""r"":7}",
       620,         0,         0,   0.592,correlated_pymatching,5dc8e74a0a28e52dabca52d06f77e22020eca85e89bd176b9d33ba32818e593b,"{""d"":7,""p"":0.00046415888336127773,""r"":7}",
       224,         0,         0,   0.323,correlated_pymatching,5dc8e74a0a28e52dabca52d06f77e22020eca85e89bd176b9d33ba32818e593b,"{""d"":7,""p"":0.00046415888336127773,""r"":7}",
       367,         0,         0,   0.330,correlated_pymatching,5dc8e74a0a28e52dabca52d06f77e22020eca85e89bd176b9d33ba32818e593b,"{""d"":7,""p"":0.00046415888336127773,""r"":7}",
       365,         0,         0,   0.353,correlated_pymatching,5dc8e74a0a28e52dabca52d06f77e22020eca85e89bd176b9d33ba32818e593b,"{""d"":7,""p"":0.00046415888336127773,""r"":7}",
       268,         0,         0,   0.318,correlated_pymatching,5dc8e74a0a28e52dabca52d06f77e22020eca85e89bd176b9d33ba32818e593b,"{""d"":7,""p"":0.00046415888336127773,""r"":7}",
       815,         0,         0,   0.947,correlated_pymatching,5dc8e74a0a28e52dabca52d06f77e22020eca85e89bd176b9d33ba32818e593b,"{""d"":7,""p"":0.00046415888336127773,""r"":7}",
       268,         0,         0,   0.322,correlated_pymatching,5dc8e74a0a28e52dabca52d06f77e22020eca85e89bd176b9d33ba32818e593b,"{""d"":7,""p"":0.00046415888336127773,""r"":7}",
       195,         0,         0,   0.315,correlated_pymatching,5dc8e74a0a28e52dabca52d06f77e22020eca85e89bd176b9d33ba32818e593b,"{""d"":7,""p"":0.00046415888336127773,""r"":7}",
       371,         0,         0,   0.336,correlated_pymatching,5dc8e74a0a28e52dabca52d06f77e22020eca85e89bd176b9d33ba32818e593b,"{""d"":7,""p"":0.00046415888336127773,""r"":7}",
       736,         0,         0,    7.61,correlated_pymatching,5dc8e74a0a28e52dabca52d06f77e22020eca85e89bd176b9d33ba32818e593b,"{""d"":7,""p"":0.00046415888336127773,""r"":7}",
       180,         0,         0,   0.317,correlated_pymatching,5dc8e74a0a28e52dabca52d06f77e22020eca85e89bd176b9d33ba32818e593b,"{""d"":7,""p"":0.00046415888336127773,""r"":7}",
       180,         0,         0,   0.311,correlated_pymatching,5dc8e74a0a28e52dabca52d06f77e22020eca85e89bd176b9d33ba32818e593b,"{""d"":7,""p"":0.00046415888336127773,""r"":7}",
       203,         0,         0,   0.299,correlated_pymatching,5dc8e74a0a28e52dabca52d06f77e22020eca85e89bd176b9d33ba32818e593b,"{""d"":7,""p"":0.00046415888336127773,""r"":7}",
       385,         0,         0,   0.633,correlated_pymatching,5dc8e74a0a28e52dabca52d06f77e22020eca85e89bd176b9d33ba32818e593b,"{""d"":7,""p"":0.00046415888336127773,""r"":7}",
       161,         0,         0,   0.310,correlated_pymatching,5dc8e74a0a28e52dabca52d06f77e22020eca85e89bd176b9d33ba32818e593b,"{""d"":7,""p"":0.00046415888336127773,""r"":7}",
       640,         0,         0,    1.64,correlated_pymatching,5dc8e74a0a28e52dabca52d06f77e22020eca85e89bd176b9d33ba32818e593b,"{""d"":7,""p"":0.00046415888336127773,""r"":7}",
       643,         0,         0,    1.89,correlated_pymatching,5dc8e74a0a28e52dabca52d06f77e22020eca85e89bd176b9d33ba32818e593b,"{""d"":7,""p"":0.00046415888336127773,""r"":7}",
       166,         0,         0,   0.328,correlated_pymatching,5dc8e74a0a28e52dabca52d06f77e22020eca85e89bd176b9d33ba32818e593b,"{""d"":7,""p"":0.00046415888336127773,""r"":7}",
        10,         0,         0,   0.280,correlated_pymatching,5dc8e74a0a28e52dabca52d06f77e22020eca85e89bd176b9d33ba32818e593b,"{""d"":7,""p"":0.00046415888336127773,""r"":7}",
       194,         0,         0,   0.326,correlated_pymatching,5dc8e74a0a28e52dabca52d06f77e22020eca85e89bd176b9d33ba32818e593b,"{""d"":7,""p"":0.00046415888336127773,""r"":7}",
       343,         0,         0,   0.598,correlated_pymatching,5dc8e74a0a28e52dabca52d06f77e22020eca85e89bd176b9d33ba32818e593b,"{""d"":7,""p"":0.00046415888336127773,""r"":7}",
       258,         0,         0,   0.328,correlated_pymatching,5dc8e74a0a28e52dabca52d06f77e22020eca85e89bd176b9d33ba32818e593b,"{""d"":7,""p"":0.00046415888336127773,""r"":7}",
       183,         0,         0,   0.338,correlated_pymatching,5dc8e74a0a28e52dabca52d06f77e22020eca85e89bd176b9d33ba32818e593b,"{""d"":7,""p"":0.00046415888336127773,""r"":7}",
       212,         0,         0,   0.307,correlated_pymatching,5dc8e74a0a28e52dabca52d06f77e22020eca85e89bd176b9d33ba32818e593b,"{""d"":7,""p"":0.00046415888336127773,""r"":7}",
       544,         0,         0,    5.45,correlated_pymatching,5dc8e74a0a28e52dabca52d06f77e22020eca85e89bd176b9d33ba32818e593b,"{""d"":7,""p"":0.00046415888336127773,""r"":7}",
       201,         0,         0,   0.307,correlated_pymatching,5dc8e74a0a28e52dabca52d06f77e22020eca85e89bd176b9d33ba32818e593b,"{""d"":7,""p"":0.00046415888336127773,""r"":7}",
       228,         0,         0,   0.337,correlated_pymatching,5dc8e74a0a28e52dabca52d06f77e22020eca85e89bd176b9d33ba32818e593b,"{""d"":7,""p"":0.00046415888336127773,""r"":7}",
       191,         0,         0,   0.514,correlated_pymatching,5dc8e74a0a28e52dabca52d06f77e22020eca85e89bd176b9d33ba32818e593b,"{""d"":7,""p"":0.00046415888336127773,""r"":7}",
       217,         0,         0,   0.322,correlated_pymatching,5dc8e74a0a28e52dabca52d06f77e22020eca85e89bd176b9d33ba32818e593b,"{""d"":7,""p"":0.00046415888336127773,""r"":7}",
         6,         0,         0,   0.289,correlated_pymatching,5dc8e74a0a28e52dabca52d06f77e22020eca85e89bd176b9d33ba32818e593b,"{""d"":7,""p"":0.00046415888336127773,""r"":7}",
       202,         0,         0,   0.320,correlated_pymatching,5dc8e74a0a28e52dabca52d06f77e22020eca85e89bd176b9d33ba32818e593b,"{""d"":7,""p"":0.00046415888336127773,""r"":7}",
       185,         0,         0,   0.306,correlated_pymatching,5dc8e74a0a28e52dabca52d06f77e22020eca85e89bd176b9d33ba32818e593b,"{""d"":7,""p"":0.00046415888336127773,""r"":7}",
       205,         0,         0,   0.312,correlated_pymatching,5dc8e74a0a28e52dabca52d06f77e22020eca85e89bd176b9d33ba32818e593b,"{""d"":7,""p"":0.00046415888336127773,""r"":7}",
        65,         0,         0,   0.309,correlated_pymatching,5dc8e74a0a28e52dabca52d06f77e22020eca85e89bd176b9d33ba32818e593b,"{""d"":7,""p"":0.00046415888336127773,""r"":7}",
       217,         0,         0,   0.330,correlated_pymatching,5dc8e74a0a28e52dabca52d06f77e22020eca85e89bd176b9d33ba32818e593b,"{""d"":7,""p"":0.00046415888336127773,""r"":7}",
       183,         0,         0,   0.521,correlated_pymatching,5dc8e74a0a28e52dabca52d06f77e22020eca85e89bd176b9d33ba32818e593b,"{""d"":7,""p"":0.00046415888336127773,""r"":7}",
         6,         0,         0,   0.295,correlated_pymatching,5dc8e74a0a28e52dabca52d06f77e22020eca85e89bd176b9d33ba32818e593b,"{""d"":7,""p"":0.00046415888336127773,""r"":7}",
        43,         0,         0,   0.287,correlated_pymatching,5dc8e74a0a28e52dabca52d06f77e22020eca85e89bd176b9d33ba32818e593b,"{""d"":7,""p"":0.00046415888336127773,""r"":7}",
       202,         0,         0,   0.323,correlated_pymatching,5dc8e74a0a28e52dabca52d06f77e22020eca85e89bd176b9d33ba32818e593b,"{""d"":7,""p"":0.00046415888336127773,""r"":7}",
         6,         0,         0,   0.311,correlated_pymatching,5dc8e74a0a28e52dabca52d06f77e22020eca85e89bd176b9d33ba32818e593b,"{""d"":7,""p"":0.00046415888336127773,""r"":7}",
       191,         0,         0,   0.312,correlated_pymatching,5dc8e74a0a28e52dabca52d06f77e22020eca85e89bd176b9d33ba32818e593b,"{""d"":7,""p"":0.00046415888336127773,""r"":7}",
       230,         0,         0,   0.333,correlated_pymatching,5dc8e74a0a28e52dabca52d06f77e22020eca85e89bd176b9d33ba32818e593b,"{""d"":7,""p"":0.00046415888336127773,""r"":7}",
       320,         0,         0,    3.20,correlated_pymatching,5dc8e74a0a28e52dabca52d06f77e22020eca85e89bd176b9d33ba32818e593b,"{""d"":7,""p"":0.00046415888336127773,""r"":7}",
       161,         0,         0,   0.315,correlated_pymatching,5dc8e74a0a28e52dabca52d06f77e22020eca85e89bd176b9d33ba32818e593b,"{""d"":7,""p"":0.00046415888336127773,""r"":7}",
       382,         0,         0,    3.47,correlated_pymatching,5dc8e74a0a28e52dabca52d06f77e22020eca85e89bd176b9d33ba32818e593b,"{""d"":7,""p"":0.00046415888336127773,""r"":7}",
        50,         0,         0,   0.637,correlated_pymatching,5dc8e74a0a28e52dabca52d06f77e22020eca85e89bd176b9d33ba32818e593b,"{""d"":7,""p"":0.00046415888336127773,""r"":7}",
       180,         0,         0,   0.328,correlated_pymatching,5dc8e74a0a28e52dabca52d06f77e22020eca85e89bd176b9d33ba32818e593b,"{""d"":7,""p"":0.00046415888336127773,""r"":7}",
        27,         0,         0,   0.328,correlated_pymatching,5dc8e74a0a28e52dabca52d06f77e22020eca85e89bd176b9d33ba32818e593b,"{""d"":7,""p"":0.00046415888336127773,""r"":7}",
       336,         0,         0,    2.84,correlated_pymatching,5dc8e74a0a28e52dabca52d06f77e22020eca85e89bd176b9d33ba32818e593b,"{""d"":7,""p"":0.00046415888336127773,""r"":7}",
        19,         0,         0,   0.289,correlated_pymatching,5dc8e74a0a28e52dabca52d06f77e22020eca85e89bd176b9d33ba32818e593b,"{""d"":7,""p"":0.00046415888336127773,""r"":7}",
       168,         0,         0,   0.296,correlated_pymatching,5dc8e74a0a28e52dabca52d06f77e22020eca85e89bd176b9d33ba32818e593b,"{""d"":7,""p"":0.00046415888336127773,""r"":7}",
        14,         0,         0,   0.292,correlated_pymatching,5dc8e74a0a28e52dabca52d06f77e22020eca85e89bd176b9d33ba32818e593b,"{""d"":7,""p"":0.00046415888336127773,""r"":7}",
       318,         0,         0,    3.18,correlated_pymatching,5dc8e74a0a28e52dabca52d06f77e22020eca85e89bd176b9d33ba32818e593b,"{""d"":7,""p"":0.00046415888336127773,""r"":7}",
       288,         0,         0,    2.90,correlated_pymatching,5dc8e74a0a28e52dabca52d06f77e22020eca85e89bd176b9d33ba32818e593b,"{""d"":7,""p"":0.00046415888336127773,""r"":7}",
       168,         0,         0,   0.322,correlated_pymatching,5dc8e74a0a28e52dabca52d06f77e22020eca85e89bd176b9d33ba32818e593b,"{""d"":7,""p"":0.00046415888336127773,""r"":7}",
       256,         0,         0,    1.27,correlated_pymatching,5dc8e74a0a28e52dabca52d06f77e22020eca85e89bd176b9d33ba32818e593b,"{""d"":7,""p"":0.00046415888336127773,""r"":7}",
       187,         0,         0,   0.537,correlated_pymatching,5dc8e74a0a28e52dabca52d06f77e22020eca85e89bd176b9d33ba32818e593b,"{""d"":7,""p"":0.00046415888336127773,""r"":7}",
        16,         0,         0,   0.303,correlated_pymatching,5dc8e74a0a28e52dabca52d06f77e22020eca85e89bd176b9d33ba32818e593b,"{""d"":7,""p"":0.00046415888336127773,""r"":7}",
       160,         0,         0,    6.42,correlated_pymatching,5dc8e74a0a28e52dabca52d06f77e22020eca85e89bd176b9d33ba32818e593b,"{""d"":7,""p"":0.00046415888336127773,""r"":7}",
       153,         0,         0,   0.320,correlated_pymatching,5dc8e74a0a28e52dabca52d06f77e22020eca85e89bd176b9d33ba32818e593b,"{""d"":7,""p"":0.00046415888336127773,""r"":7}",
         8,         0,         0,   0.304,correlated_pymatching,5dc8e74a0a28e52dabca52d06f77e22020eca85e89bd176b9d33ba32818e593b,"{""d"":7,""p"":0.00046415888336127773,""r"":7}",
       146,         0,         0,   0.317,correlated_pymatching,5dc8e74a0a28e52dabca52d06f77e22020eca85e89bd176b9d33ba32818e593b,"{""d"":7,""p"":0.00046415888336127773,""r"":7}",
       132,         0,         0,   0.309,correlated_pymatching,5dc8e74a0a28e52dabca52d06f77e22020eca85e89bd176b9d33ba32818e593b,"{""d"":7,""p"":0.00046415888336127773,""r"":7}",
        51,         0,         0,   0.313,correlated_pymatching,5dc8e74a0a28e52dabca52d06f77e22020eca85e89bd176b9d33ba32818e593b,"{""d"":7,""p"":0.00046415888336127773,""r"":7}",
        62,         0,         0,   0.293,correlated_pymatching,5dc8e74a0a28e52dabca52d06f77e22020eca85e89bd176b9d33ba32818e593b,"{""d"":7,""p"":0.00046415888336127773,""r"":7}",
        20,         0,         0,   0.491,correlated_pymatching,5dc8e74a0a28e52dabca52d06f77e22020eca85e89bd176b9d33ba32818e593b,"{""d"":7,""p"":0.00046415888336127773,""r"":7}",
        25,         0,         0,   0.300,correlated_pymatching,5dc8e74a0a28e52dabca52d06f77e22020eca85e89bd176b9d33ba32818e593b,"{""d"":7,""p"":0.00046415888336127773,""r"":7}",
        17,         0,         0,   0.299,correlated_pymatching,5dc8e74a0a28e52dabca52d06f77e22020eca85e89bd176b9d33ba32818e593b,"{""d"":7,""p"":0.00046415888336127773,""r"":7}",
        27,         0,         0,   0.314,correlated_pymatching,5dc8e74a0a28e52dabca52d06f77e22020eca85e89bd176b9d33ba32818e593b,"{""d"":7,""p"":0.00046415888336127773,""r"":7}",
        27,         0,         0,   0.286,correlated_pymatching,5dc8e74a0a28e52dabca52d06f77e22020eca85e89bd176b9d33ba32818e593b,"{""d"":7,""p"":0.00046415888336127773,""r"":7}",
         5,         0,         0,   0.305,correlated_pymatching,5dc8e74a0a28e52dabca52d06f77e22020eca85e89bd176b9d33ba32818e593b,"{""d"":7,""p"":0.00046415888336127773,""r"":7}",
        32,         0,         0,   0.328,correlated_pymatching,5dc8e74a0a28e52dabca52d06f77e22020eca85e89bd176b9d33ba32818e593b,"{""d"":7,""p"":0.00046415888336127773,""r"":7}",
        15,         0,         0,   0.312,correlated_pymatching,5dc8e74a0a28e52dabca52d06f77e22020eca85e89bd176b9d33ba32818e593b,"{""d"":7,""p"":0.00046415888336127773,""r"":7}",
        27,         0,         0,   0.310,correlated_pymatching,5dc8e74a0a28e52dabca52d06f77e22020eca85e89bd176b9d33ba32818e593b,"{""d"":7,""p"":0.00046415888336127773,""r"":7}",
       144,         0,         0,    2.87,correlated_pymatching,5dc8e74a0a28e52dabca52d06f77e22020eca85e89bd176b9d33ba32818e593b,"{""d"":7,""p"":0.00046415888336127773,""r"":7}",
        15,         0,         0,   0.291,correlated_pymatching,5dc8e74a0a28e52dabca52d06f77e22020eca85e89bd176b9d33ba32818e593b,"{""d"":7,""p"":0.00046415888336127773,""r"":7}",
        27,         0,         0,   0.325,correlated_pymatching,5dc8e74a0a28e52dabca52d06f77e22020eca85e89bd176b9d33ba32818e593b,"{""d"":7,""p"":0.00046415888336127773,""r"":7}",
         2,         0,         0,   0.292,correlated_pymatching,5dc8e74a0a28e52dabca52d06f77e22020eca85e89bd176b9d33ba32818e593b,"{""d"":7,""p"":0.00046415888336127773,""r"":7}",
        22,         0,         0,   0.312,correlated_pymatching,5dc8e74a0a28e52dabca52d06f77e22020eca85e89bd176b9d33ba32818e593b,"{""d"":7,""p"":0.00046415888336127773,""r"":7}",
        20,         0,         0,   0.309,correlated_pymatching,5dc8e74a0a28e52dabca52d06f77e22020eca85e89bd176b9d33ba32818e593b,"{""d"":7,""p"":0.00046415888336127773,""r"":7}",
         2,         0,         0,   0.301,correlated_pymatching,5dc8e74a0a28e52dabca52d06f77e22020eca85e89bd176b9d33ba32818e593b,"{""d"":7,""p"":0.00046415888336127773,""r"":7}",
        80,         0,         0,    3.22,correlated_pymatching,5dc8e74a0a28e52dabca52d06f77e22020eca85e89bd176b9d33ba32818e593b,"{""d"":7,""p"":0.00046415888336127773,""r"":7}",
        32,         0,         0,   0.496,correlated_pymatching,5dc8e74a0a28e52dabca52d06f77e22020eca85e89bd176b9d33ba32818e593b,"{""d"":7,""p"":0.00046415888336127773,""r"":7}",
         5,         0,         0,   0.294,correlated_pymatching,5dc8e74a0a28e52dabca52d06f77e22020eca85e89bd176b9d33ba32818e593b,"{""d"":7,""p"":0.00046415888336127773,""r"":7}",
         1,         0,         0,   0.288,correlated_pymatching,5dc8e74a0a28e52dabca52d06f77e22020eca85e89bd176b9d33ba32818e593b,"{""d"":7,""p"":0.00046415888336127773,""r"":7}",
         2,         0,         0,   0.313,correlated_pymatching,5dc8e74a0a28e52dabca52d06f77e22020eca85e89bd176b9d33ba32818e593b,"{""d"":7,""p"":0.00046415888336127773,""r"":7}",
         4,         0,         0,   0.291,correlated_pymatching,5dc8e74a0a28e52dabca52d06f77e22020eca85e89bd176b9d33ba32818e593b,"{""d"":7,""p"":0.00046415888336127773,""r"":7}",
         4,         0,         0,   0.290,correlated_pymatching,5dc8e74a0a28e52dabca52d06f77e22020eca85e89bd176b9d33ba32818e593b,"{""d"":7,""p"":0.00046415888336127773,""r"":7}",
         4,         0,         0,   0.290,correlated_pymatching,5dc8e74a0a28e52dabca52d06f77e22020eca85e89bd176b9d33ba32818e593b,"{""d"":7,""p"":0.00046415888336127773,""r"":7}",
         4,         0,         0,   0.302,correlated_pymatching,5dc8e74a0a28e52dabca52d06f77e22020eca85e89bd176b9d33ba32818e593b,"{""d"":7,""p"":0.00046415888336127773,""r"":7}",
         4,         0,         0,   0.305,correlated_pymatching,5dc8e74a0a28e52dabca52d06f77e22020eca85e89bd176b9d33ba32818e593b,"{""d"":7,""p"":0.00046415888336127773,""r"":7}",
        19,         0,         0,   0.622,correlated_pymatching,5dc8e74a0a28e52dabca52d06f77e22020eca85e89bd176b9d33ba32818e593b,"{""d"":7,""p"":0.00046415888336127773,""r"":7}",
         4,         0,         0,   0.304,correlated_pymatching,5dc8e74a0a28e52dabca52d06f77e22020eca85e89bd176b9d33ba32818e593b,"{""d"":7,""p"":0.00046415888336127773,""r"":7}",
         4,         0,         0,   0.309,correlated_pymatching,5dc8e74a0a28e52dabca52d06f77e22020eca85e89bd176b9d33ba32818e593b,"{""d"":7,""p"":0.00046415888336127773,""r"":7}",
         4,         0,         0,   0.309,correlated_pymatching,5dc8e74a0a28e52dabca52d06f77e22020eca85e89bd176b9d33ba32818e593b,"{""d"":7,""p"":0.00046415888336127773,""r"":7}",
         4,         0,         0,   0.313,correlated_pymatching,5dc8e74a0a28e52dabca52d06f77e22020eca85e89bd176b9d33ba32818e593b,"{""d"":7,""p"":0.00046415888336127773,""r"":7}",
         4,         0,         0,   0.317,correlated_pymatching,5dc8e74a0a28e52dabca52d06f77e22020eca85e89bd176b9d33ba32818e593b,"{""d"":7,""p"":0.00046415888336127773,""r"":7}",
         4,         0,         0,   0.320,correlated_pymatching,5dc8e74a0a28e52dabca52d06f77e22020eca85e89bd176b9d33ba32818e593b,"{""d"":7,""p"":0.00046415888336127773,""r"":7}",
         4,         0,         0,   0.316,correlated_pymatching,5dc8e74a0a28e52dabca52d06f77e22020eca85e89bd176b9d33ba32818e593b,"{""d"":7,""p"":0.00046415888336127773,""r"":7}",
         4,         0,         0,   0.491,correlated_pymatching,5dc8e74a0a28e52dabca52d06f77e22020eca85e89bd176b9d33ba32818e593b,"{""d"":7,""p"":0.00046415888336127773,""r"":7}",
