     shots,    errors,  discards, seconds,decoder,strong_id,json_metadata,custom_counts
         1,         0,         0,   0.009,correlated_pymatching,c081ed77ef9e31c036710e93872b1988069ada7715f80ffb1e4f526d74d8d753,"{""d"":3.0,""p"":0.001,""r"":3.0}",
         1,         0,         0,   0.010,correlated_pymatching,230a33bd4b19c836033e873298520be9f4756a9adba5eb4a9b27fbadbb23c001,"{""d"":3.0,""p"":0.00046415888336127773,""r"":3.0}",
         1,         0,         0,   0.009,correlated_pymatching,a86f5d63906250b4006ed1f007dcd07b45f75101d22651a228a6d871643f1dc2,"{""d"":3.0,""p"":0.01,""r"":3.0}",
         1,         0,         0,   0.015,correlated_pymatching,3ff5e208e6b76d3eb4e957d28e66058d6f9266124b7e5e941f0dab4b55388fe7,"{""d"":3.0,""p"":0.0001,""r"":3.0}",
         1,         0,         0,   0.018,correlated_pymatching,0644420a66cb8993c53e811a3767f0ae326e5f58ffe85d57c011c2540a542cf3,"{""d"":3.0,""p"":0.046415888336127774,""r"":3.0}",
         1,         1,         0,   0.016,correlated_pymatching,42d09b92c03c4d31f3a31a1cba0f84301a4f05c85b30db9573991ea77a84c5a4,"{""d"":3.0,""p"":0.021544346900318822,""r"":3.0}","{""obs_mistake_mask=E"":1}"
         1,         0,         0,   0.016,correlated_pymatching,46d8ba4edbf534216cac2b15e79663f2687541b2dc02d9abd255ddfcd312e88a,"{""d"":3.0,""p"":0.1,""r"":3.0}",
         1,         0,         0,   0.017,correlated_pymatching,bcaa5c5f7df17b611d5f7e125d817eeac0164be571be02d4c9501ed3d77a5f12,"{""d"":3.0,""p"":0.004641588833612777,""r"":3.0}",
         1,         0,         0,   0.016,correlated_pymatching,f48a1a7573d5dc37bebfd2d23ab60f34439beb692589eaccdc215bd16c4b5370,"{""d"":3.0,""p"":0.00021544346900318845,""r"":3.0}",
       272,         1,         0,   0.017,correlated_pymatching,c081ed77ef9e31c036710e93872b1988069ada7715f80ffb1e4f526d74d8d753,"{""d"":3.0,""p"":0.001,""r"":3.0}","{""obs_mistake_mask=E"":1}"
         1,         0,         0,   0.026,correlated_pymatching,4cb6cac4b1d944cd6764347a09707db68682ebe68c122ec7fc75ecc8be8a51d9,"{""d"":3.0,""p"":0.002154434690031882,""r"":3.0}",
       272,         1,         0,   0.017,correlated_pymatching,230a33bd4b19c836033e873298520be9f4756a9adba5eb4a9b27fbadbb23c001,"{""d"":3.0,""p"":0.00046415888336127773,""r"":3.0}","{""obs_mistake_mask=E"":1}"
       272,         0,         0,   0.016,correlated_pymatching,3ff5e208e6b76d3eb4e957d28e66058d6f9266124b7e5e941f0dab4b55388fe7,"{""d"":3.0,""p"":0.0001,""r"":3.0}",
       272,        92,         0,   0.023,correlated_pymatching,a86f5d63906250b4006ed1f007dcd07b45f75101d22651a228a6d871643f1dc2,"{""d"":3.0,""p"":0.01,""r"":3.0}","{""obs_mistake_mask=E"":92}"
        16,         0,         0,   0.014,correlated_pymatching,4cb6cac4b1d944cd6764347a09707db68682ebe68c122ec7fc75ecc8be8a51d9,"{""d"":3.0,""p"":0.002154434690031882,""r"":3.0}",
       272,         0,         0,   0.017,correlated_pymatching,f48a1a7573d5dc37bebfd2d23ab60f34439beb692589eaccdc215bd16c4b5370,"{""d"":3.0,""p"":0.00021544346900318845,""r"":3.0}",
       272,        27,         0,   0.019,correlated_pymatching,bcaa5c5f7df17b611d5f7e125d817eeac0164be571be02d4c9501ed3d77a5f12,"{""d"":3.0,""p"":0.004641588833612777,""r"":3.0}","{""obs_mistake_mask=E"":27}"
      2048,         9,         0,   0.021,correlated_pymatching,c081ed77ef9e31c036710e93872b1988069ada7715f80ffb1e4f526d74d8d753,"{""d"":3.0,""p"":0.001,""r"":3.0}","{""obs_mistake_mask=E"":9}"
       272,       141,         0,   0.029,correlated_pymatching,42d09b92c03c4d31f3a31a1cba0f84301a4f05c85b30db9573991ea77a84c5a4,"{""d"":3.0,""p"":0.021544346900318822,""r"":3.0}","{""obs_mistake_mask=E"":141}"
      2048,         6,         0,   0.020,correlated_pymatching,230a33bd4b19c836033e873298520be9f4756a9adba5eb4a9b27fbadbb23c001,"{""d"":3.0,""p"":0.00046415888336127773,""r"":3.0}","{""obs_mistake_mask=E"":6}"
         1,         0,         0,   0.038,correlated_pymatching,80c44e915a981af8af51acc088922b07074e67f978d596f56e5bb6df96b53467,"{""d"":5.0,""p"":0.00046415888336127773,""r"":5.0}",
         1,         0,         0,   0.038,correlated_pymatching,10f518392001f33bca4fa428c5efb2bb60491194cc454617388c7f025d9e60f0,"{""d"":5.0,""p"":0.001,""r"":5.0}",
         1,         1,         0,   0.039,correlated_pymatching,d43fca3c138fde507072000d28922528314c5c1ef032fa9ab776497ac8ca7cb4,"{""d"":5.0,""p"":0.01,""r"":5.0}","{""obs_mistake_mask=E"":1}"
       272,       130,         0,   0.035,correlated_pymatching,0644420a66cb8993c53e811a3767f0ae326e5f58ffe85d57c011c2540a542cf3,"{""d"":3.0,""p"":0.046415888336127774,""r"":3.0}","{""obs_mistake_mask=E"":130}"
         1,         0,         0,   0.038,correlated_pymatching,07807d39d72e883d00b6153cb286a3dab7f470e2b337331618a6ab70378f11f8,"{""d"":5.0,""p"":0.004641588833612777,""r"":5.0}",
       272,       127,         0,   0.038,correlated_pymatching,46d8ba4edbf534216cac2b15e79663f2687541b2dc02d9abd255ddfcd312e88a,"{""d"":3.0,""p"":0.1,""r"":3.0}","{""obs_mistake_mask=E"":127}"
      3072,         0,         0,   0.027,correlated_pymatching,3ff5e208e6b76d3eb4e957d28e66058d6f9266124b7e5e941f0dab4b55388fe7,"{""d"":3.0,""p"":0.0001,""r"":3.0}",
         1,         0,         0,   0.038,correlated_pymatching,312bdfb968d51490883ffaaf6d773b3aca96dd4dccf4f4229306c2ee93f647b2,"{""d"":5.0,""p"":0.002154434690031882,""r"":5.0}",
      1024,       122,         0,   0.020,correlated_pymatching,bcaa5c5f7df17b611d5f7e125d817eeac0164be571be02d4c9501ed3d77a5f12,"{""d"":3.0,""p"":0.004641588833612777,""r"":3.0}","{""obs_mistake_mask=E"":122}"
         1,         1,         0,   0.038,correlated_pymatching,0ce3bf16e451f33454eaf09b3b38835c160d6cad7eeefb03ea4c21260b57cc59,"{""d"":5.0,""p"":0.046415888336127774,""r"":5.0}","{""obs_mistake_mask=E"":1}"
         1,         0,         0,   0.037,correlated_pymatching,d05dfd6d26439ab105696a06e7cf5555a9186ccbfbd37bf17c421cab4331a5f3,"{""d"":5.0,""p"":0.0001,""r"":5.0}",
      3072,         1,         0,   0.028,correlated_pymatching,f48a1a7573d5dc37bebfd2d23ab60f34439beb692589eaccdc215bd16c4b5370,"{""d"":3.0,""p"":0.00021544346900318845,""r"":3.0}","{""obs_mistake_mask=E"":1}"
      1024,       362,         0,   0.035,correlated_pymatching,a86f5d63906250b4006ed1f007dcd07b45f75101d22651a228a6d871643f1dc2,"{""d"":3.0,""p"":0.01,""r"":3.0}","{""obs_mistake_mask=E"":362}"
         1,         1,         0,   0.039,correlated_pymatching,a1f4c935074dd63eb71d2401ac6adfb7922c8140ad520402f0ee7c16974b51bd,"{""d"":5.0,""p"":0.1,""r"":5.0}","{""obs_mistake_mask=E"":1}"
      3072,        19,         0,   0.033,correlated_pymatching,c081ed77ef9e31c036710e93872b1988069ada7715f80ffb1e4f526d74d8d753,"{""d"":3.0,""p"":0.001,""r"":3.0}","{""obs_mistake_mask=E"":19}"
      3072,         3,         0,   0.029,correlated_pymatching,230a33bd4b19c836033e873298520be9f4756a9adba5eb4a9b27fbadbb23c001,"{""d"":3.0,""p"":0.00046415888336127773,""r"":3.0}","{""obs_mistake_mask=E"":3}"
      1280,        40,         0,   0.041,correlated_pymatching,4cb6cac4b1d944cd6764347a09707db68682ebe68c122ec7fc75ecc8be8a51d9,"{""d"":3.0,""p"":0.002154434690031882,""r"":3.0}","{""obs_mistake_mask=E"":40}"
         8,         0,         0,   0.036,correlated_pymatching,80c44e915a981af8af51acc088922b07074e67f978d596f56e5bb6df96b53467,"{""d"":5.0,""p"":0.00046415888336127773,""r"":5.0}",
         8,         0,         0,   0.036,correlated_pymatching,10f518392001f33bca4fa428c5efb2bb60491194cc454617388c7f025d9e60f0,"{""d"":5.0,""p"":0.001,""r"":5.0}",
         8,         5,         0,   0.038,correlated_pymatching,d43fca3c138fde507072000d28922528314c5c1ef032fa9ab776497ac8ca7cb4,"{""d"":5.0,""p"":0.01,""r"":5.0}","{""obs_mistake_mask=E"":5}"
         1,         0,         0,   0.049,correlated_pymatching,3f80158c94497c587f6e7104c1d76616445c07b4acf8ca5679a6824d9014c39e,"{""d"":5.0,""p"":0.021544346900318822,""r"":5.0}",
         8,         2,         0,   0.036,correlated_pymatching,07807d39d72e883d00b6153cb286a3dab7f470e2b337331618a6ab70378f11f8,"{""d"":5.0,""p"":0.004641588833612777,""r"":5.0}","{""obs_mistake_mask=E"":2}"
      4096,         0,         0,   0.036,correlated_pymatching,3ff5e208e6b76d3eb4e957d28e66058d6f9266124b7e5e941f0dab4b55388fe7,"{""d"":3.0,""p"":0.0001,""r"":3.0}",
      3072,         2,         0,   0.029,correlated_pymatching,f48a1a7573d5dc37bebfd2d23ab60f34439beb692589eaccdc215bd16c4b5370,"{""d"":3.0,""p"":0.00021544346900318845,""r"":3.0}","{""obs_mistake_mask=E"":2}"
         8,         0,         0,   0.036,correlated_pymatching,312bdfb968d51490883ffaaf6d773b3aca96dd4dccf4f4229306c2ee93f647b2,"{""d"":5.0,""p"":0.002154434690031882,""r"":5.0}",
        16,         0,         0,   0.036,correlated_pymatching,d05dfd6d26439ab105696a06e7cf5555a9186ccbfbd37bf17c421cab4331a5f3,"{""d"":5.0,""p"":0.0001,""r"":5.0}",
      2048,       244,         0,   0.041,correlated_pymatching,bcaa5c5f7df17b611d5f7e125d817eeac0164be571be02d4c9501ed3d77a5f12,"{""d"":3.0,""p"":0.004641588833612777,""r"":3.0}","{""obs_mistake_mask=E"":244}"
         8,         5,         0,   0.040,correlated_pymatching,0ce3bf16e451f33454eaf09b3b38835c160d6cad7eeefb03ea4c21260b57cc59,"{""d"":5.0,""p"":0.046415888336127774,""r"":5.0}","{""obs_mistake_mask=E"":5}"
      1024,       511,         0,   0.057,correlated_pymatching,42d09b92c03c4d31f3a31a1cba0f84301a4f05c85b30db9573991ea77a84c5a4,"{""d"":3.0,""p"":0.021544346900318822,""r"":3.0}","{""obs_mistake_mask=E"":511}"
         1,         0,         0,   0.039,correlated_pymatching,02577dd842a1ef1ffa76eecb4d0727e37a8991db1af1a7da799291d22f5d094a,"{""d"":5.0,""p"":0.00021544346900318845,""r"":5.0}",
         8,         3,         0,   0.041,correlated_pymatching,a1f4c935074dd63eb71d2401ac6adfb7922c8140ad520402f0ee7c16974b51bd,"{""d"":5.0,""p"":0.1,""r"":5.0}","{""obs_mistake_mask=E"":3}"
      4096,         6,         0,   0.039,correlated_pymatching,230a33bd4b19c836033e873298520be9f4756a9adba5eb4a9b27fbadbb23c001,"{""d"":3.0,""p"":0.00046415888336127773,""r"":3.0}","{""obs_mistake_mask=E"":6}"
      4096,        22,         0,   0.044,correlated_pymatching,c081ed77ef9e31c036710e93872b1988069ada7715f80ffb1e4f526d74d8d753,"{""d"":3.0,""p"":0.001,""r"":3.0}","{""obs_mistake_mask=E"":22}"
       128,         0,         0,   0.037,correlated_pymatching,80c44e915a981af8af51acc088922b07074e67f978d596f56e5bb6df96b53467,"{""d"":5.0,""p"":0.00046415888336127773,""r"":5.0}",
      1024,       122,         0,   0.021,correlated_pymatching,bcaa5c5f7df17b611d5f7e125d817eeac0164be571be02d4c9501ed3d77a5f12,"{""d"":3.0,""p"":0.004641588833612777,""r"":3.0}","{""obs_mistake_mask=E"":122}"
       128,         0,         0,   0.038,correlated_pymatching,10f518392001f33bca4fa428c5efb2bb60491194cc454617388c7f025d9e60f0,"{""d"":5.0,""p"":0.001,""r"":5.0}",
      2048,        73,         0,   0.048,correlated_pymatching,4cb6cac4b1d944cd6764347a09707db68682ebe68c122ec7fc75ecc8be8a51d9,"{""d"":3.0,""p"":0.002154434690031882,""r"":3.0}","{""obs_mistake_mask=E"":73}"
        17,         0,         0,   0.016,correlated_pymatching,3ff5e208e6b76d3eb4e957d28e66058d6f9266124b7e5e941f0dab4b55388fe7,"{""d"":3.0,""p"":0.0001,""r"":3.0}",
         8,         4,         0,   0.040,correlated_pymatching,3f80158c94497c587f6e7104c1d76616445c07b4acf8ca5679a6824d9014c39e,"{""d"":5.0,""p"":0.021544346900318822,""r"":5.0}","{""obs_mistake_mask=E"":4}"
      1024,       510,         0,   0.080,correlated_pymatching,0644420a66cb8993c53e811a3767f0ae326e5f58ffe85d57c011c2540a542cf3,"{""d"":3.0,""p"":0.046415888336127774,""r"":3.0}","{""obs_mistake_mask=E"":510}"
       128,         0,         0,   0.041,correlated_pymatching,312bdfb968d51490883ffaaf6d773b3aca96dd4dccf4f4229306c2ee93f647b2,"{""d"":5.0,""p"":0.002154434690031882,""r"":5.0}",
       256,         0,         0,   0.037,correlated_pymatching,d05dfd6d26439ab105696a06e7cf5555a9186ccbfbd37bf17c421cab4331a5f3,"{""d"":5.0,""p"":0.0001,""r"":5.0}",
       128,        16,         0,   0.048,correlated_pymatching,07807d39d72e883d00b6153cb286a3dab7f470e2b337331618a6ab70378f11f8,"{""d"":5.0,""p"":0.004641588833612777,""r"":5.0}","{""obs_mistake_mask=E"":16}"
      5120,         2,         0,   0.046,correlated_pymatching,3ff5e208e6b76d3eb4e957d28e66058d6f9266124b7e5e941f0dab4b55388fe7,"{""d"":3.0,""p"":0.0001,""r"":3.0}","{""obs_mistake_mask=E"":2}"
        64,        32,         0,   0.050,correlated_pymatching,d43fca3c138fde507072000d28922528314c5c1ef032fa9ab776497ac8ca7cb4,"{""d"":5.0,""p"":0.01,""r"":5.0}","{""obs_mistake_mask=E"":32}"
      5120,         1,         0,   0.047,correlated_pymatching,f48a1a7573d5dc37bebfd2d23ab60f34439beb692589eaccdc215bd16c4b5370,"{""d"":3.0,""p"":0.00021544346900318845,""r"":3.0}","{""obs_mistake_mask=E"":1}"
         8,         0,         0,   0.036,correlated_pymatching,02577dd842a1ef1ffa76eecb4d0727e37a8991db1af1a7da799291d22f5d094a,"{""d"":5.0,""p"":0.00021544346900318845,""r"":5.0}",
      1280,         0,         0,   0.017,correlated_pymatching,3ff5e208e6b76d3eb4e957d28e66058d6f9266124b7e5e941f0dab4b55388fe7,"{""d"":3.0,""p"":0.0001,""r"":3.0}",
      1024,       499,         0,   0.093,correlated_pymatching,46d8ba4edbf534216cac2b15e79663f2687541b2dc02d9abd255ddfcd312e88a,"{""d"":3.0,""p"":0.1,""r"":3.0}","{""obs_mistake_mask=E"":499}"
        17,         0,         0,   0.017,correlated_pymatching,f48a1a7573d5dc37bebfd2d23ab60f34439beb692589eaccdc215bd16c4b5370,"{""d"":3.0,""p"":0.00021544346900318845,""r"":3.0}",
      1024,         0,         0,   0.045,correlated_pymatching,80c44e915a981af8af51acc088922b07074e67f978d596f56e5bb6df96b53467,"{""d"":5.0,""p"":0.00046415888336127773,""r"":5.0}",
        64,        31,         0,   0.071,correlated_pymatching,0ce3bf16e451f33454eaf09b3b38835c160d6cad7eeefb03ea4c21260b57cc59,"{""d"":5.0,""p"":0.046415888336127774,""r"":5.0}","{""obs_mistake_mask=E"":31}"
      2048,        48,         0,   0.049,correlated_pymatching,4cb6cac4b1d944cd6764347a09707db68682ebe68c122ec7fc75ecc8be8a51d9,"{""d"":3.0,""p"":0.002154434690031882,""r"":3.0}","{""obs_mistake_mask=E"":48}"
      3072,         0,         0,   0.028,correlated_pymatching,3ff5e208e6b76d3eb4e957d28e66058d6f9266124b7e5e941f0dab4b55388fe7,"{""d"":3.0,""p"":0.0001,""r"":3.0}",
      6144,        15,         0,   0.059,correlated_pymatching,230a33bd4b19c836033e873298520be9f4756a9adba5eb4a9b27fbadbb23c001,"{""d"":3.0,""p"":0.00046415888336127773,""r"":3.0}","{""obs_mistake_mask=E"":15}"
      5120,        36,         0,   0.055,correlated_pymatching,c081ed77ef9e31c036710e93872b1988069ada7715f80ffb1e4f526d74d8d753,"{""d"":3.0,""p"":0.001,""r"":3.0}","{""obs_mistake_mask=E"":36}"
      1024,         0,         0,   0.040,correlated_pymatching,d05dfd6d26439ab105696a06e7cf5555a9186ccbfbd37bf17c421cab4331a5f3,"{""d"":5.0,""p"":0.0001,""r"":5.0}",
      1024,         0,         0,   0.054,correlated_pymatching,10f518392001f33bca4fa428c5efb2bb60491194cc454617388c7f025d9e60f0,"{""d"":5.0,""p"":0.001,""r"":5.0}",
       128,         0,         0,   0.037,correlated_pymatching,02577dd842a1ef1ffa76eecb4d0727e37a8991db1af1a7da799291d22f5d094a,"{""d"":5.0,""p"":0.00021544346900318845,""r"":5.0}",
      1280,         0,         0,   0.018,correlated_pymatching,f48a1a7573d5dc37bebfd2d23ab60f34439beb692589eaccdc215bd16c4b5370,"{""d"":3.0,""p"":0.00021544346900318845,""r"":3.0}",
        17,         0,         0,   0.017,correlated_pymatching,230a33bd4b19c836033e873298520be9f4756a9adba5eb4a9b27fbadbb23c001,"{""d"":3.0,""p"":0.00046415888336127773,""r"":3.0}",
        64,        37,         0,   0.076,correlated_pymatching,a1f4c935074dd63eb71d2401ac6adfb7922c8140ad520402f0ee7c16974b51bd,"{""d"":5.0,""p"":0.1,""r"":5.0}","{""obs_mistake_mask=E"":37}"
      6144,         0,         0,   0.055,correlated_pymatching,3ff5e208e6b76d3eb4e957d28e66058d6f9266124b7e5e941f0dab4b55388fe7,"{""d"":3.0,""p"":0.0001,""r"":3.0}",
        17,         0,         0,   0.017,correlated_pymatching,c081ed77ef9e31c036710e93872b1988069ada7715f80ffb1e4f526d74d8d753,"{""d"":3.0,""p"":0.001,""r"":3.0}",
         1,         0,         0,   0.105,correlated_pymatching,8beb24caf2e2f0c22669330a865cd85a3a3aa7fb43a00ab09c8b2e94ef837b2a,"{""d"":7.0,""p"":0.0001,""r"":7.0}",
      6144,         2,         0,   0.057,correlated_pymatching,f48a1a7573d5dc37bebfd2d23ab60f34439beb692589eaccdc215bd16c4b5370,"{""d"":3.0,""p"":0.00021544346900318845,""r"":3.0}","{""obs_mistake_mask=E"":2}"
      3072,         0,         0,   0.028,correlated_pymatching,3ff5e208e6b76d3eb4e957d28e66058d6f9266124b7e5e941f0dab4b55388fe7,"{""d"":3.0,""p"":0.0001,""r"":3.0}",
        64,        30,         0,   0.074,correlated_pymatching,3f80158c94497c587f6e7104c1d76616445c07b4acf8ca5679a6824d9014c39e,"{""d"":5.0,""p"":0.021544346900318822,""r"":5.0}","{""obs_mistake_mask=E"":30}"
      1280,         0,         0,   0.019,correlated_pymatching,230a33bd4b19c836033e873298520be9f4756a9adba5eb4a9b27fbadbb23c001,"{""d"":3.0,""p"":0.00046415888336127773,""r"":3.0}",
      3072,         2,         0,   0.029,correlated_pymatching,f48a1a7573d5dc37bebfd2d23ab60f34439beb692589eaccdc215bd16c4b5370,"{""d"":3.0,""p"":0.00021544346900318845,""r"":3.0}","{""obs_mistake_mask=E"":2}"
        17,         0,         0,   0.017,correlated_pymatching,4cb6cac4b1d944cd6764347a09707db68682ebe68c122ec7fc75ecc8be8a51d9,"{""d"":3.0,""p"":0.002154434690031882,""r"":3.0}",
      1024,         2,         0,   0.075,correlated_pymatching,312bdfb968d51490883ffaaf6d773b3aca96dd4dccf4f4229306c2ee93f647b2,"{""d"":5.0,""p"":0.002154434690031882,""r"":5.0}","{""obs_mistake_mask=E"":2}"
      1024,         0,         0,   0.045,correlated_pymatching,80c44e915a981af8af51acc088922b07074e67f978d596f56e5bb6df96b53467,"{""d"":5.0,""p"":0.00046415888336127773,""r"":5.0}",
         1,         0,         0,   0.107,correlated_pymatching,a8310dbbc441a92d61d39a18764fc49fdbe77c657ab9ed3f9aff31a58729b2b0,"{""d"":7.0,""p"":0.001,""r"":7.0}",
      1280,         9,         0,   0.021,correlated_pymatching,c081ed77ef9e31c036710e93872b1988069ada7715f80ffb1e4f526d74d8d753,"{""d"":3.0,""p"":0.001,""r"":3.0}","{""obs_mistake_mask=E"":9}"
      1024,         0,         0,   0.040,correlated_pymatching,d05dfd6d26439ab105696a06e7cf5555a9186ccbfbd37bf17c421cab4331a5f3,"{""d"":5.0,""p"":0.0001,""r"":5.0}",
         1,         0,         0,   0.116,correlated_pymatching,37f268fbfb1512405cedc6a9f187fe834ff0248dae64f05e468219cda62bb709,"{""d"":7.0,""p"":0.00021544346900318845,""r"":7.0}",
         1,         0,         0,   0.109,correlated_pymatching,6007277082199a1195d5994b41234f9a7e6aadf3f5fb72e9a81cafd0c8ecf2f6,"{""d"":7.0,""p"":0.01,""r"":7.0}",
      1024,         0,         0,   0.042,correlated_pymatching,02577dd842a1ef1ffa76eecb4d0727e37a8991db1af1a7da799291d22f5d094a,"{""d"":5.0,""p"":0.00021544346900318845,""r"":5.0}",
         1,         0,         0,   0.108,correlated_pymatching,d375ef9124ce40870f0834887e212a4b5fa1761556314559f013816e08158024,"{""d"":7.0,""p"":0.00046415888336127773,""r"":7.0}",
      2048,         2,         0,   0.020,correlated_pymatching,230a33bd4b19c836033e873298520be9f4756a9adba5eb4a9b27fbadbb23c001,"{""d"":3.0,""p"":0.00046415888336127773,""r"":3.0}","{""obs_mistake_mask=E"":2}"
         1,         0,         0,   0.109,correlated_pymatching,c7c8fa0005d0d0b4f8d3f6840b9460b6933d06e776bd720b83f3710ed84c3d49,"{""d"":7.0,""p"":0.004641588833612777,""r"":7.0}",
         1,         1,         0,   0.111,correlated_pymatching,04c93e4421c7b53d6d20c69e21f23d3ca798fad918ca8a64f5b6eafc1864f442,"{""d"":7.0,""p"":0.1,""r"":7.0}","{""obs_mistake_mask=E"":1}"
      1024,         2,         0,   0.055,correlated_pymatching,10f518392001f33bca4fa428c5efb2bb60491194cc454617388c7f025d9e60f0,"{""d"":5.0,""p"":0.001,""r"":5.0}","{""obs_mistake_mask=E"":2}"
         1,         0,         0,   0.111,correlated_pymatching,678e84b436dab1be07c4cd954dfd0b616121b2ba2a5004c4dd1f3d97f46b3960,"{""d"":7.0,""p"":0.046415888336127774,""r"":7.0}",
         1,         0,         0,   0.109,correlated_pymatching,cca4707bb9b08e02f7538b96b830c79d08355eaa3ce77c65da374ff9fbc4fe74,"{""d"":7.0,""p"":0.002154434690031882,""r"":7.0}",
      1280,        37,         0,   0.024,correlated_pymatching,4cb6cac4b1d944cd6764347a09707db68682ebe68c122ec7fc75ecc8be8a51d9,"{""d"":3.0,""p"":0.002154434690031882,""r"":3.0}","{""obs_mistake_mask=E"":37}"
         1,         1,         0,   0.110,correlated_pymatching,04c93e4421c7b53d6d20c69e21f23d3ca798fad918ca8a64f5b6eafc1864f442,"{""d"":7.0,""p"":0.1,""r"":7.0}","{""obs_mistake_mask=E"":1}"
         1,         1,         0,   0.109,correlated_pymatching,678e84b436dab1be07c4cd954dfd0b616121b2ba2a5004c4dd1f3d97f46b3960,"{""d"":7.0,""p"":0.046415888336127774,""r"":7.0}","{""obs_mistake_mask=E"":1}"
      3072,         2,         0,   0.029,correlated_pymatching,f48a1a7573d5dc37bebfd2d23ab60f34439beb692589eaccdc215bd16c4b5370,"{""d"":3.0,""p"":0.00021544346900318845,""r"":3.0}","{""obs_mistake_mask=E"":2}"
      2048,        13,         0,   0.023,correlated_pymatching,c081ed77ef9e31c036710e93872b1988069ada7715f80ffb1e4f526d74d8d753,"{""d"":3.0,""p"":0.001,""r"":3.0}","{""obs_mistake_mask=E"":13}"
         1,         1,         0,   0.109,correlated_pymatching,5e2304ce3fad1e9af417b7d36f699ce6fb989d7d200de1fbc8681f5f8a390a63,"{""d"":7.0,""p"":0.021544346900318822,""r"":7.0}","{""obs_mistake_mask=E"":1}"
      3072,       101,         0,   0.074,correlated_pymatching,4cb6cac4b1d944cd6764347a09707db68682ebe68c122ec7fc75ecc8be8a51d9,"{""d"":3.0,""p"":0.002154434690031882,""r"":3.0}","{""obs_mistake_mask=E"":101}"
      5120,         0,         0,   0.046,correlated_pymatching,3ff5e208e6b76d3eb4e957d28e66058d6f9266124b7e5e941f0dab4b55388fe7,"{""d"":3.0,""p"":0.0001,""r"":3.0}",
      7168,        41,         0,   0.079,correlated_pymatching,c081ed77ef9e31c036710e93872b1988069ada7715f80ffb1e4f526d74d8d753,"{""d"":3.0,""p"":0.001,""r"":3.0}","{""obs_mistake_mask=E"":41}"
      3072,         5,         0,   0.029,correlated_pymatching,230a33bd4b19c836033e873298520be9f4756a9adba5eb4a9b27fbadbb23c001,"{""d"":3.0,""p"":0.00046415888336127773,""r"":3.0}","{""obs_mistake_mask=E"":5}"
      8192,        17,         0,   0.081,correlated_pymatching,230a33bd4b19c836033e873298520be9f4756a9adba5eb4a9b27fbadbb23c001,"{""d"":3.0,""p"":0.00046415888336127773,""r"":3.0}","{""obs_mistake_mask=E"":17}"
      2048,        55,         0,   0.028,correlated_pymatching,4cb6cac4b1d944cd6764347a09707db68682ebe68c122ec7fc75ecc8be8a51d9,"{""d"":3.0,""p"":0.002154434690031882,""r"":3.0}","{""obs_mistake_mask=E"":55}"
      1024,         0,         0,   0.041,correlated_pymatching,02577dd842a1ef1ffa76eecb4d0727e37a8991db1af1a7da799291d22f5d094a,"{""d"":5.0,""p"":0.00021544346900318845,""r"":5.0}",
      1024,       115,         0,   0.129,correlated_pymatching,07807d39d72e883d00b6153cb286a3dab7f470e2b337331618a6ab70378f11f8,"{""d"":5.0,""p"":0.004641588833612777,""r"":5.0}","{""obs_mistake_mask=E"":115}"
      3072,        16,         0,   0.034,correlated_pymatching,c081ed77ef9e31c036710e93872b1988069ada7715f80ffb1e4f526d74d8d753,"{""d"":3.0,""p"":0.001,""r"":3.0}","{""obs_mistake_mask=E"":16}"
      8192,         2,         0,   0.076,correlated_pymatching,f48a1a7573d5dc37bebfd2d23ab60f34439beb692589eaccdc215bd16c4b5370,"{""d"":3.0,""p"":0.00021544346900318845,""r"":3.0}","{""obs_mistake_mask=E"":2}"
      9216,         0,         0,   0.082,correlated_pymatching,3ff5e208e6b76d3eb4e957d28e66058d6f9266124b7e5e941f0dab4b55388fe7,"{""d"":3.0,""p"":0.0001,""r"":3.0}",
      1024,        11,         0,   0.075,correlated_pymatching,312bdfb968d51490883ffaaf6d773b3aca96dd4dccf4f4229306c2ee93f647b2,"{""d"":5.0,""p"":0.002154434690031882,""r"":5.0}","{""obs_mistake_mask=E"":11}"
       512,       227,         0,   0.148,correlated_pymatching,d43fca3c138fde507072000d28922528314c5c1ef032fa9ab776497ac8ca7cb4,"{""d"":5.0,""p"":0.01,""r"":5.0}","{""obs_mistake_mask=E"":227}"
      5120,         0,         0,   0.046,correlated_pymatching,f48a1a7573d5dc37bebfd2d23ab60f34439beb692589eaccdc215bd16c4b5370,"{""d"":3.0,""p"":0.00021544346900318845,""r"":3.0}",
      2048,        58,         0,   0.028,correlated_pymatching,4cb6cac4b1d944cd6764347a09707db68682ebe68c122ec7fc75ecc8be8a51d9,"{""d"":3.0,""p"":0.002154434690031882,""r"":3.0}","{""obs_mistake_mask=E"":58}"
         4,         0,         0,   0.097,correlated_pymatching,8beb24caf2e2f0c22669330a865cd85a3a3aa7fb43a00ab09c8b2e94ef837b2a,"{""d"":7.0,""p"":0.0001,""r"":7.0}",
      4096,         6,         0,   0.040,correlated_pymatching,230a33bd4b19c836033e873298520be9f4756a9adba5eb4a9b27fbadbb23c001,"{""d"":3.0,""p"":0.00046415888336127773,""r"":3.0}","{""obs_mistake_mask=E"":6}"
      2048,         0,         0,   0.079,correlated_pymatching,d05dfd6d26439ab105696a06e7cf5555a9186ccbfbd37bf17c421cab4331a5f3,"{""d"":5.0,""p"":0.0001,""r"":5.0}",
      2048,        51,         0,   0.049,correlated_pymatching,4cb6cac4b1d944cd6764347a09707db68682ebe68c122ec7fc75ecc8be8a51d9,"{""d"":3.0,""p"":0.002154434690031882,""r"":3.0}","{""obs_mistake_mask=E"":51}"
      2048,         0,         0,   0.090,correlated_pymatching,80c44e915a981af8af51acc088922b07074e67f978d596f56e5bb6df96b53467,"{""d"":5.0,""p"":0.00046415888336127773,""r"":5.0}",
      6144,         0,         0,   0.055,correlated_pymatching,3ff5e208e6b76d3eb4e957d28e66058d6f9266124b7e5e941f0dab4b55388fe7,"{""d"":3.0,""p"":0.0001,""r"":3.0}",
      1024,        31,         0,   0.014,correlated_pymatching,4cb6cac4b1d944cd6764347a09707db68682ebe68c122ec7fc75ecc8be8a51d9,"{""d"":3.0,""p"":0.002154434690031882,""r"":3.0}","{""obs_mistake_mask=E"":31}"
         4,         0,         0,   0.099,correlated_pymatching,a8310dbbc441a92d61d39a18764fc49fdbe77c657ab9ed3f9aff31a58729b2b0,"{""d"":7.0,""p"":0.001,""r"":7.0}",
      4096,        19,         0,   0.046,correlated_pymatching,c081ed77ef9e31c036710e93872b1988069ada7715f80ffb1e4f526d74d8d753,"{""d"":3.0,""p"":0.001,""r"":3.0}","{""obs_mistake_mask=E"":19}"
         4,         2,         0,   0.104,correlated_pymatching,6007277082199a1195d5994b41234f9a7e6aadf3f5fb72e9a81cafd0c8ecf2f6,"{""d"":7.0,""p"":0.01,""r"":7.0}","{""obs_mistake_mask=E"":2}"
         4,         0,         0,   0.101,correlated_pymatching,d375ef9124ce40870f0834887e212a4b5fa1761556314559f013816e08158024,"{""d"":7.0,""p"":0.00046415888336127773,""r"":7.0}",
         4,         0,         0,   0.102,correlated_pymatching,c7c8fa0005d0d0b4f8d3f6840b9460b6933d06e776bd720b83f3710ed84c3d49,"{""d"":7.0,""p"":0.004641588833612777,""r"":7.0}",
         4,         0,         0,   0.103,correlated_pymatching,cca4707bb9b08e02f7538b96b830c79d08355eaa3ce77c65da374ff9fbc4fe74,"{""d"":7.0,""p"":0.002154434690031882,""r"":7.0}",
         4,         0,         0,   0.122,correlated_pymatching,37f268fbfb1512405cedc6a9f187fe834ff0248dae64f05e468219cda62bb709,"{""d"":7.0,""p"":0.00021544346900318845,""r"":7.0}",
      2048,         2,         0,   0.107,correlated_pymatching,10f518392001f33bca4fa428c5efb2bb60491194cc454617388c7f025d9e60f0,"{""d"":5.0,""p"":0.001,""r"":5.0}","{""obs_mistake_mask=E"":2}"
         4,         0,         0,   0.111,correlated_pymatching,04c93e4421c7b53d6d20c69e21f23d3ca798fad918ca8a64f5b6eafc1864f442,"{""d"":7.0,""p"":0.1,""r"":7.0}",
         4,         2,         0,   0.110,correlated_pymatching,678e84b436dab1be07c4cd954dfd0b616121b2ba2a5004c4dd1f3d97f46b3960,"{""d"":7.0,""p"":0.046415888336127774,""r"":7.0}","{""obs_mistake_mask=E"":2}"
      6144,         1,         0,   0.058,correlated_pymatching,f48a1a7573d5dc37bebfd2d23ab60f34439beb692589eaccdc215bd16c4b5370,"{""d"":3.0,""p"":0.00021544346900318845,""r"":3.0}","{""obs_mistake_mask=E"":1}"
         4,         2,         0,   0.105,correlated_pymatching,5e2304ce3fad1e9af417b7d36f699ce6fb989d7d200de1fbc8681f5f8a390a63,"{""d"":7.0,""p"":0.021544346900318822,""r"":7.0}","{""obs_mistake_mask=E"":2}"
         4,         1,         0,   0.109,correlated_pymatching,678e84b436dab1be07c4cd954dfd0b616121b2ba2a5004c4dd1f3d97f46b3960,"{""d"":7.0,""p"":0.046415888336127774,""r"":7.0}","{""obs_mistake_mask=E"":1}"
      2048,         0,         0,   0.084,correlated_pymatching,02577dd842a1ef1ffa76eecb4d0727e37a8991db1af1a7da799291d22f5d094a,"{""d"":5.0,""p"":0.00021544346900318845,""r"":5.0}",
         4,         1,         0,   0.111,correlated_pymatching,04c93e4421c7b53d6d20c69e21f23d3ca798fad918ca8a64f5b6eafc1864f442,"{""d"":7.0,""p"":0.1,""r"":7.0}","{""obs_mistake_mask=E"":1}"
      6144,        13,         0,   0.060,correlated_pymatching,230a33bd4b19c836033e873298520be9f4756a9adba5eb4a9b27fbadbb23c001,"{""d"":3.0,""p"":0.00046415888336127773,""r"":3.0}","{""obs_mistake_mask=E"":13}"
      1024,        19,         0,   0.075,correlated_pymatching,312bdfb968d51490883ffaaf6d773b3aca96dd4dccf4f4229306c2ee93f647b2,"{""d"":5.0,""p"":0.002154434690031882,""r"":5.0}","{""obs_mistake_mask=E"":19}"
     10240,        71,         0,   0.111,correlated_pymatching,c081ed77ef9e31c036710e93872b1988069ada7715f80ffb1e4f526d74d8d753,"{""d"":3.0,""p"":0.001,""r"":3.0}","{""obs_mistake_mask=E"":71}"
     11264,        11,         0,   0.110,correlated_pymatching,230a33bd4b19c836033e873298520be9f4756a9adba5eb4a9b27fbadbb23c001,"{""d"":3.0,""p"":0.00046415888336127773,""r"":3.0}","{""obs_mistake_mask=E"":11}"
      2048,         0,         0,   0.079,correlated_pymatching,d05dfd6d26439ab105696a06e7cf5555a9186ccbfbd37bf17c421cab4331a5f3,"{""d"":5.0,""p"":0.0001,""r"":5.0}",
      5120,        36,         0,   0.058,correlated_pymatching,c081ed77ef9e31c036710e93872b1988069ada7715f80ffb1e4f526d74d8d753,"{""d"":3.0,""p"":0.001,""r"":3.0}","{""obs_mistake_mask=E"":36}"
     11264,         5,         0,   0.105,correlated_pymatching,f48a1a7573d5dc37bebfd2d23ab60f34439beb692589eaccdc215bd16c4b5370,"{""d"":3.0,""p"":0.00021544346900318845,""r"":3.0}","{""obs_mistake_mask=E"":5}"
       256,       126,         0,   0.193,correlated_pymatching,a1f4c935074dd63eb71d2401ac6adfb7922c8140ad520402f0ee7c16974b51bd,"{""d"":5.0,""p"":0.1,""r"":5.0}","{""obs_mistake_mask=E"":126}"
     12288,         0,         0,   0.110,correlated_pymatching,3ff5e208e6b76d3eb4e957d28e66058d6f9266124b7e5e941f0dab4b55388fe7,"{""d"":3.0,""p"":0.0001,""r"":3.0}",
        16,         0,         0,   0.095,correlated_pymatching,8beb24caf2e2f0c22669330a865cd85a3a3aa7fb43a00ab09c8b2e94ef837b2a,"{""d"":7.0,""p"":0.0001,""r"":7.0}",
      9216,         0,         0,   0.083,correlated_pymatching,3ff5e208e6b76d3eb4e957d28e66058d6f9266124b7e5e941f0dab4b55388fe7,"{""d"":3.0,""p"":0.0001,""r"":3.0}",
      2048,         0,         0,   0.091,correlated_pymatching,80c44e915a981af8af51acc088922b07074e67f978d596f56e5bb6df96b53467,"{""d"":5.0,""p"":0.00046415888336127773,""r"":5.0}",
      1024,       118,         0,   0.130,correlated_pymatching,07807d39d72e883d00b6153cb286a3dab7f470e2b337331618a6ab70378f11f8,"{""d"":5.0,""p"":0.004641588833612777,""r"":5.0}","{""obs_mistake_mask=E"":118}"
        16,         0,         0,   0.097,correlated_pymatching,a8310dbbc441a92d61d39a18764fc49fdbe77c657ab9ed3f9aff31a58729b2b0,"{""d"":7.0,""p"":0.001,""r"":7.0}",
      8192,         7,         0,   0.075,correlated_pymatching,f48a1a7573d5dc37bebfd2d23ab60f34439beb692589eaccdc215bd16c4b5370,"{""d"":3.0,""p"":0.00021544346900318845,""r"":3.0}","{""obs_mistake_mask=E"":7}"
        16,         0,         0,   0.099,correlated_pymatching,d375ef9124ce40870f0834887e212a4b5fa1761556314559f013816e08158024,"{""d"":7.0,""p"":0.00046415888336127773,""r"":7.0}",
         1,         0,         0,   0.038,correlated_pymatching,02577dd842a1ef1ffa76eecb4d0727e37a8991db1af1a7da799291d22f5d094a,"{""d"":5.0,""p"":0.00021544346900318845,""r"":5.0}",
      2048,         0,         0,   0.084,correlated_pymatching,02577dd842a1ef1ffa76eecb4d0727e37a8991db1af1a7da799291d22f5d094a,"{""d"":5.0,""p"":0.00021544346900318845,""r"":5.0}",
        16,         1,         0,   0.105,correlated_pymatching,c7c8fa0005d0d0b4f8d3f6840b9460b6933d06e776bd720b83f3710ed84c3d49,"{""d"":7.0,""p"":0.004641588833612777,""r"":7.0}","{""obs_mistake_mask=E"":1}"
        16,         8,         0,   0.112,correlated_pymatching,6007277082199a1195d5994b41234f9a7e6aadf3f5fb72e9a81cafd0c8ecf2f6,"{""d"":7.0,""p"":0.01,""r"":7.0}","{""obs_mistake_mask=E"":8}"
      8192,        14,         0,   0.080,correlated_pymatching,230a33bd4b19c836033e873298520be9f4756a9adba5eb4a9b27fbadbb23c001,"{""d"":3.0,""p"":0.00046415888336127773,""r"":3.0}","{""obs_mistake_mask=E"":14}"
        16,         1,         0,   0.103,correlated_pymatching,cca4707bb9b08e02f7538b96b830c79d08355eaa3ce77c65da374ff9fbc4fe74,"{""d"":7.0,""p"":0.002154434690031882,""r"":7.0}","{""obs_mistake_mask=E"":1}"
       512,       236,         0,   0.239,correlated_pymatching,3f80158c94497c587f6e7104c1d76616445c07b4acf8ca5679a6824d9014c39e,"{""d"":5.0,""p"":0.021544346900318822,""r"":5.0}","{""obs_mistake_mask=E"":236}"
      2048,         2,         0,   0.107,correlated_pymatching,10f518392001f33bca4fa428c5efb2bb60491194cc454617388c7f025d9e60f0,"{""d"":5.0,""p"":0.001,""r"":5.0}","{""obs_mistake_mask=E"":2}"
        16,         0,         0,   0.113,correlated_pymatching,37f268fbfb1512405cedc6a9f187fe834ff0248dae64f05e468219cda62bb709,"{""d"":7.0,""p"":0.00021544346900318845,""r"":7.0}",
      7168,        49,         0,   0.079,correlated_pymatching,c081ed77ef9e31c036710e93872b1988069ada7715f80ffb1e4f526d74d8d753,"{""d"":3.0,""p"":0.001,""r"":3.0}","{""obs_mistake_mask=E"":49}"
         8,         0,         0,   0.037,correlated_pymatching,02577dd842a1ef1ffa76eecb4d0727e37a8991db1af1a7da799291d22f5d094a,"{""d"":5.0,""p"":0.00021544346900318845,""r"":5.0}",
        16,         7,         0,   0.123,correlated_pymatching,5e2304ce3fad1e9af417b7d36f699ce6fb989d7d200de1fbc8681f5f8a390a63,"{""d"":7.0,""p"":0.021544346900318822,""r"":7.0}","{""obs_mistake_mask=E"":7}"
        16,         9,         0,   0.132,correlated_pymatching,678e84b436dab1be07c4cd954dfd0b616121b2ba2a5004c4dd1f3d97f46b3960,"{""d"":7.0,""p"":0.046415888336127774,""r"":7.0}","{""obs_mistake_mask=E"":9}"
        16,        10,         0,   0.131,correlated_pymatching,678e84b436dab1be07c4cd954dfd0b616121b2ba2a5004c4dd1f3d97f46b3960,"{""d"":7.0,""p"":0.046415888336127774,""r"":7.0}","{""obs_mistake_mask=E"":10}"
        16,         8,         0,   0.136,correlated_pymatching,04c93e4421c7b53d6d20c69e21f23d3ca798fad918ca8a64f5b6eafc1864f442,"{""d"":7.0,""p"":0.1,""r"":7.0}","{""obs_mistake_mask=E"":8}"
       512,       235,         0,   0.310,correlated_pymatching,0ce3bf16e451f33454eaf09b3b38835c160d6cad7eeefb03ea4c21260b57cc59,"{""d"":5.0,""p"":0.046415888336127774,""r"":5.0}","{""obs_mistake_mask=E"":235}"
        16,         8,         0,   0.134,correlated_pymatching,04c93e4421c7b53d6d20c69e21f23d3ca798fad918ca8a64f5b6eafc1864f442,"{""d"":7.0,""p"":0.1,""r"":7.0}","{""obs_mistake_mask=E"":8}"
        64,         0,         0,   0.098,correlated_pymatching,8beb24caf2e2f0c22669330a865cd85a3a3aa7fb43a00ab09c8b2e94ef837b2a,"{""d"":7.0,""p"":0.0001,""r"":7.0}",
         1,         0,         0,   0.067,correlated_pymatching,d05dfd6d26439ab105696a06e7cf5555a9186ccbfbd37bf17c421cab4331a5f3,"{""d"":5.0,""p"":0.0001,""r"":5.0}",
      3072,         0,         0,   0.118,correlated_pymatching,d05dfd6d26439ab105696a06e7cf5555a9186ccbfbd37bf17c421cab4331a5f3,"{""d"":5.0,""p"":0.0001,""r"":5.0}",
       128,         0,         0,   0.038,correlated_pymatching,02577dd842a1ef1ffa76eecb4d0727e37a8991db1af1a7da799291d22f5d094a,"{""d"":5.0,""p"":0.00021544346900318845,""r"":5.0}",
     12288,         1,         0,   0.110,correlated_pymatching,3ff5e208e6b76d3eb4e957d28e66058d6f9266124b7e5e941f0dab4b55388fe7,"{""d"":3.0,""p"":0.0001,""r"":3.0}","{""obs_mistake_mask=E"":1}"
        64,         0,         0,   0.101,correlated_pymatching,a8310dbbc441a92d61d39a18764fc49fdbe77c657ab9ed3f9aff31a58729b2b0,"{""d"":7.0,""p"":0.001,""r"":7.0}",
      2048,        23,         0,   0.150,correlated_pymatching,312bdfb968d51490883ffaaf6d773b3aca96dd4dccf4f4229306c2ee93f647b2,"{""d"":5.0,""p"":0.002154434690031882,""r"":5.0}","{""obs_mistake_mask=E"":23}"
     12288,        90,         0,   0.146,correlated_pymatching,c081ed77ef9e31c036710e93872b1988069ada7715f80ffb1e4f526d74d8d753,"{""d"":3.0,""p"":0.001,""r"":3.0}","{""obs_mistake_mask=E"":90}"
     15360,        17,         0,   0.150,correlated_pymatching,230a33bd4b19c836033e873298520be9f4756a9adba5eb4a9b27fbadbb23c001,"{""d"":3.0,""p"":0.00046415888336127773,""r"":3.0}","{""obs_mistake_mask=E"":17}"
        64,         0,         0,   0.098,correlated_pymatching,d375ef9124ce40870f0834887e212a4b5fa1761556314559f013816e08158024,"{""d"":7.0,""p"":0.00046415888336127773,""r"":7.0}",
      5120,        36,         0,   0.066,correlated_pymatching,c081ed77ef9e31c036710e93872b1988069ada7715f80ffb1e4f526d74d8d753,"{""d"":3.0,""p"":0.001,""r"":3.0}","{""obs_mistake_mask=E"":36}"
      1024,         6,         0,   0.011,correlated_pymatching,c081ed77ef9e31c036710e93872b1988069ada7715f80ffb1e4f526d74d8d753,"{""d"":3.0,""p"":0.001,""r"":3.0}","{""obs_mistake_mask=E"":6}"
      1024,       115,         0,   0.130,correlated_pymatching,07807d39d72e883d00b6153cb286a3dab7f470e2b337331618a6ab70378f11f8,"{""d"":5.0,""p"":0.004641588833612777,""r"":5.0}","{""obs_mistake_mask=E"":115}"
      3072,         0,         0,   0.136,correlated_pymatching,80c44e915a981af8af51acc088922b07074e67f978d596f56e5bb6df96b53467,"{""d"":5.0,""p"":0.00046415888336127773,""r"":5.0}",
     11264,         3,         0,   0.107,correlated_pymatching,f48a1a7573d5dc37bebfd2d23ab60f34439beb692589eaccdc215bd16c4b5370,"{""d"":3.0,""p"":0.00021544346900318845,""r"":3.0}","{""obs_mistake_mask=E"":3}"
         8,         0,         0,   0.042,correlated_pymatching,d05dfd6d26439ab105696a06e7cf5555a9186ccbfbd37bf17c421cab4331a5f3,"{""d"":5.0,""p"":0.0001,""r"":5.0}",
     16384,         3,         0,   0.150,correlated_pymatching,f48a1a7573d5dc37bebfd2d23ab60f34439beb692589eaccdc215bd16c4b5370,"{""d"":3.0,""p"":0.00021544346900318845,""r"":3.0}","{""obs_mistake_mask=E"":3}"
     16384,         1,         0,   0.147,correlated_pymatching,3ff5e208e6b76d3eb4e957d28e66058d6f9266124b7e5e941f0dab4b55388fe7,"{""d"":3.0,""p"":0.0001,""r"":3.0}","{""obs_mistake_mask=E"":1}"
      1024,       445,         0,   0.256,correlated_pymatching,d43fca3c138fde507072000d28922528314c5c1ef032fa9ab776497ac8ca7cb4,"{""d"":5.0,""p"":0.01,""r"":5.0}","{""obs_mistake_mask=E"":445}"
        64,         0,         0,   0.105,correlated_pymatching,cca4707bb9b08e02f7538b96b830c79d08355eaa3ce77c65da374ff9fbc4fe74,"{""d"":7.0,""p"":0.002154434690031882,""r"":7.0}",
     11264,        23,         0,   0.109,correlated_pymatching,230a33bd4b19c836033e873298520be9f4756a9adba5eb4a9b27fbadbb23c001,"{""d"":3.0,""p"":0.00046415888336127773,""r"":3.0}","{""obs_mistake_mask=E"":23}"
        64,         6,         0,   0.118,correlated_pymatching,c7c8fa0005d0d0b4f8d3f6840b9460b6933d06e776bd720b83f3710ed84c3d49,"{""d"":7.0,""p"":0.004641588833612777,""r"":7.0}","{""obs_mistake_mask=E"":6}"
      1024,         0,         0,   0.053,correlated_pymatching,02577dd842a1ef1ffa76eecb4d0727e37a8991db1af1a7da799291d22f5d094a,"{""d"":5.0,""p"":0.00021544346900318845,""r"":5.0}",
      2048,         6,         0,   0.108,correlated_pymatching,10f518392001f33bca4fa428c5efb2bb60491194cc454617388c7f025d9e60f0,"{""d"":5.0,""p"":0.001,""r"":5.0}","{""obs_mistake_mask=E"":6}"
      3072,         0,         0,   0.125,correlated_pymatching,02577dd842a1ef1ffa76eecb4d0727e37a8991db1af1a7da799291d22f5d094a,"{""d"":5.0,""p"":0.00021544346900318845,""r"":5.0}",
        64,         0,         0,   0.113,correlated_pymatching,37f268fbfb1512405cedc6a9f187fe834ff0248dae64f05e468219cda62bb709,"{""d"":7.0,""p"":0.00021544346900318845,""r"":7.0}",
        64,         0,         0,   0.038,correlated_pymatching,d05dfd6d26439ab105696a06e7cf5555a9186ccbfbd37bf17c421cab4331a5f3,"{""d"":5.0,""p"":0.0001,""r"":5.0}",
        64,        36,         0,   0.150,correlated_pymatching,6007277082199a1195d5994b41234f9a7e6aadf3f5fb72e9a81cafd0c8ecf2f6,"{""d"":7.0,""p"":0.01,""r"":7.0}","{""obs_mistake_mask=E"":36}"
       256,         0,         0,   0.103,correlated_pymatching,8beb24caf2e2f0c22669330a865cd85a3a3aa7fb43a00ab09c8b2e94ef837b2a,"{""d"":7.0,""p"":0.0001,""r"":7.0}",
       512,         0,         0,   0.038,correlated_pymatching,d05dfd6d26439ab105696a06e7cf5555a9186ccbfbd37bf17c421cab4331a5f3,"{""d"":5.0,""p"":0.0001,""r"":5.0}",
       256,         0,         0,   0.111,correlated_pymatching,a8310dbbc441a92d61d39a18764fc49fdbe77c657ab9ed3f9aff31a58729b2b0,"{""d"":7.0,""p"":0.001,""r"":7.0}",
       256,         0,         0,   0.104,correlated_pymatching,d375ef9124ce40870f0834887e212a4b5fa1761556314559f013816e08158024,"{""d"":7.0,""p"":0.00046415888336127773,""r"":7.0}",
      1024,         0,         0,   0.077,correlated_pymatching,02577dd842a1ef1ffa76eecb4d0727e37a8991db1af1a7da799291d22f5d094a,"{""d"":5.0,""p"":0.00021544346900318845,""r"":5.0}",
         1,         0,         0,   0.039,correlated_pymatching,10f518392001f33bca4fa428c5efb2bb60491194cc454617388c7f025d9e60f0,"{""d"":5.0,""p"":0.001,""r"":5.0}",
         1,         0,         0,   0.038,correlated_pymatching,80c44e915a981af8af51acc088922b07074e67f978d596f56e5bb6df96b53467,"{""d"":5.0,""p"":0.00046415888336127773,""r"":5.0}",
      1024,         0,         0,   0.040,correlated_pymatching,d05dfd6d26439ab105696a06e7cf5555a9186ccbfbd37bf17c421cab4331a5f3,"{""d"":5.0,""p"":0.0001,""r"":5.0}",
      4096,         0,         0,   0.158,correlated_pymatching,d05dfd6d26439ab105696a06e7cf5555a9186ccbfbd37bf17c421cab4331a5f3,"{""d"":5.0,""p"":0.0001,""r"":5.0}",
      1024,       109,         0,   0.127,correlated_pymatching,07807d39d72e883d00b6153cb286a3dab7f470e2b337331618a6ab70378f11f8,"{""d"":5.0,""p"":0.004641588833612777,""r"":5.0}","{""obs_mistake_mask=E"":109}"
     16384,         1,         0,   0.155,correlated_pymatching,3ff5e208e6b76d3eb4e957d28e66058d6f9266124b7e5e941f0dab4b55388fe7,"{""d"":3.0,""p"":0.0001,""r"":3.0}","{""obs_mistake_mask=E"":1}"
        64,        27,         0,   0.191,correlated_pymatching,5e2304ce3fad1e9af417b7d36f699ce6fb989d7d200de1fbc8681f5f8a390a63,"{""d"":7.0,""p"":0.021544346900318822,""r"":7.0}","{""obs_mistake_mask=E"":27}"
      2048,        22,         0,   0.151,correlated_pymatching,312bdfb968d51490883ffaaf6d773b3aca96dd4dccf4f4229306c2ee93f647b2,"{""d"":5.0,""p"":0.002154434690031882,""r"":5.0}","{""obs_mistake_mask=E"":22}"
         1,         0,         0,   0.036,correlated_pymatching,312bdfb968d51490883ffaaf6d773b3aca96dd4dccf4f4229306c2ee93f647b2,"{""d"":5.0,""p"":0.002154434690031882,""r"":5.0}",
       256,         0,         0,   0.106,correlated_pymatching,37f268fbfb1512405cedc6a9f187fe834ff0248dae64f05e468219cda62bb709,"{""d"":7.0,""p"":0.00021544346900318845,""r"":7.0}",
       256,         2,         0,   0.128,correlated_pymatching,cca4707bb9b08e02f7538b96b830c79d08355eaa3ce77c65da374ff9fbc4fe74,"{""d"":7.0,""p"":0.002154434690031882,""r"":7.0}","{""obs_mistake_mask=E"":2}"
         8,         0,         0,   0.037,correlated_pymatching,10f518392001f33bca4fa428c5efb2bb60491194cc454617388c7f025d9e60f0,"{""d"":5.0,""p"":0.001,""r"":5.0}",
     16384,        10,         0,   0.151,correlated_pymatching,f48a1a7573d5dc37bebfd2d23ab60f34439beb692589eaccdc215bd16c4b5370,"{""d"":3.0,""p"":0.00021544346900318845,""r"":3.0}","{""obs_mistake_mask=E"":10}"
         8,         0,         0,   0.036,correlated_pymatching,80c44e915a981af8af51acc088922b07074e67f978d596f56e5bb6df96b53467,"{""d"":5.0,""p"":0.00046415888336127773,""r"":5.0}",
        64,        30,         0,   0.221,correlated_pymatching,678e84b436dab1be07c4cd954dfd0b616121b2ba2a5004c4dd1f3d97f46b3960,"{""d"":7.0,""p"":0.046415888336127774,""r"":7.0}","{""obs_mistake_mask=E"":30}"
      1024,         0,         0,   0.110,correlated_pymatching,8beb24caf2e2f0c22669330a865cd85a3a3aa7fb43a00ab09c8b2e94ef837b2a,"{""d"":7.0,""p"":0.0001,""r"":7.0}",
        64,        26,         0,   0.225,correlated_pymatching,678e84b436dab1be07c4cd954dfd0b616121b2ba2a5004c4dd1f3d97f46b3960,"{""d"":7.0,""p"":0.046415888336127774,""r"":7.0}","{""obs_mistake_mask=E"":26}"
     15360,        23,         0,   0.154,correlated_pymatching,230a33bd4b19c836033e873298520be9f4756a9adba5eb4a9b27fbadbb23c001,"{""d"":3.0,""p"":0.00046415888336127773,""r"":3.0}","{""obs_mistake_mask=E"":23}"
        16,         0,         0,   0.037,correlated_pymatching,312bdfb968d51490883ffaaf6d773b3aca96dd4dccf4f4229306c2ee93f647b2,"{""d"":5.0,""p"":0.002154434690031882,""r"":5.0}",
      1024,         0,         0,   0.077,correlated_pymatching,02577dd842a1ef1ffa76eecb4d0727e37a8991db1af1a7da799291d22f5d094a,"{""d"":5.0,""p"":0.00021544346900318845,""r"":5.0}",
      4096,         0,         0,   0.181,correlated_pymatching,80c44e915a981af8af51acc088922b07074e67f978d596f56e5bb6df96b53467,"{""d"":5.0,""p"":0.00046415888336127773,""r"":5.0}",
      3072,         1,         0,   0.161,correlated_pymatching,10f518392001f33bca4fa428c5efb2bb60491194cc454617388c7f025d9e60f0,"{""d"":5.0,""p"":0.001,""r"":5.0}","{""obs_mistake_mask=E"":1}"
        64,        33,         0,   0.240,correlated_pymatching,04c93e4421c7b53d6d20c69e21f23d3ca798fad918ca8a64f5b6eafc1864f442,"{""d"":7.0,""p"":0.1,""r"":7.0}","{""obs_mistake_mask=E"":33}"
       128,         0,         0,   0.040,correlated_pymatching,10f518392001f33bca4fa428c5efb2bb60491194cc454617388c7f025d9e60f0,"{""d"":5.0,""p"":0.001,""r"":5.0}",
        64,        38,         0,   0.238,correlated_pymatching,04c93e4421c7b53d6d20c69e21f23d3ca798fad918ca8a64f5b6eafc1864f442,"{""d"":7.0,""p"":0.1,""r"":7.0}","{""obs_mistake_mask=E"":38}"
       128,         0,         0,   0.037,correlated_pymatching,80c44e915a981af8af51acc088922b07074e67f978d596f56e5bb6df96b53467,"{""d"":5.0,""p"":0.00046415888336127773,""r"":5.0}",
      4096,         0,         0,   0.167,correlated_pymatching,02577dd842a1ef1ffa76eecb4d0727e37a8991db1af1a7da799291d22f5d094a,"{""d"":5.0,""p"":0.00021544346900318845,""r"":5.0}",
       256,        31,         0,   0.174,correlated_pymatching,c7c8fa0005d0d0b4f8d3f6840b9460b6933d06e776bd720b83f3710ed84c3d49,"{""d"":7.0,""p"":0.004641588833612777,""r"":7.0}","{""obs_mistake_mask=E"":31}"
       512,       266,         0,   0.346,correlated_pymatching,a1f4c935074dd63eb71d2401ac6adfb7922c8140ad520402f0ee7c16974b51bd,"{""d"":5.0,""p"":0.1,""r"":5.0}","{""obs_mistake_mask=E"":266}"
      2048,         0,         0,   0.080,correlated_pymatching,d05dfd6d26439ab105696a06e7cf5555a9186ccbfbd37bf17c421cab4331a5f3,"{""d"":5.0,""p"":0.0001,""r"":5.0}",
     21504,        26,         0,   0.212,correlated_pymatching,230a33bd4b19c836033e873298520be9f4756a9adba5eb4a9b27fbadbb23c001,"{""d"":3.0,""p"":0.00046415888336127773,""r"":3.0}","{""obs_mistake_mask=E"":26}"
     22528,         4,         0,   0.207,correlated_pymatching,f48a1a7573d5dc37bebfd2d23ab60f34439beb692589eaccdc215bd16c4b5370,"{""d"":3.0,""p"":0.00021544346900318845,""r"":3.0}","{""obs_mistake_mask=E"":4}"
     23552,         4,         0,   0.211,correlated_pymatching,3ff5e208e6b76d3eb4e957d28e66058d6f9266124b7e5e941f0dab4b55388fe7,"{""d"":3.0,""p"":0.0001,""r"":3.0}","{""obs_mistake_mask=E"":4}"
       256,         4,         0,   0.046,correlated_pymatching,312bdfb968d51490883ffaaf6d773b3aca96dd4dccf4f4229306c2ee93f647b2,"{""d"":5.0,""p"":0.002154434690031882,""r"":5.0}","{""obs_mistake_mask=E"":4}"
      1024,         0,         0,   0.126,correlated_pymatching,d375ef9124ce40870f0834887e212a4b5fa1761556314559f013816e08158024,"{""d"":7.0,""p"":0.00046415888336127773,""r"":7.0}",
      1024,         1,         0,   0.046,correlated_pymatching,80c44e915a981af8af51acc088922b07074e67f978d596f56e5bb6df96b53467,"{""d"":5.0,""p"":0.00046415888336127773,""r"":5.0}","{""obs_mistake_mask=E"":1}"
      1024,         0,         0,   0.151,correlated_pymatching,a8310dbbc441a92d61d39a18764fc49fdbe77c657ab9ed3f9aff31a58729b2b0,"{""d"":7.0,""p"":0.001,""r"":7.0}",
      1024,         2,         0,   0.054,correlated_pymatching,10f518392001f33bca4fa428c5efb2bb60491194cc454617388c7f025d9e60f0,"{""d"":5.0,""p"":0.001,""r"":5.0}","{""obs_mistake_mask=E"":2}"
      1024,         0,         0,   0.077,correlated_pymatching,02577dd842a1ef1ffa76eecb4d0727e37a8991db1af1a7da799291d22f5d094a,"{""d"":5.0,""p"":0.00021544346900318845,""r"":5.0}",
       128,        68,         0,   0.199,correlated_pymatching,6007277082199a1195d5994b41234f9a7e6aadf3f5fb72e9a81cafd0c8ecf2f6,"{""d"":7.0,""p"":0.01,""r"":7.0}","{""obs_mistake_mask=E"":68}"
       512,       256,         0,   0.309,correlated_pymatching,0ce3bf16e451f33454eaf09b3b38835c160d6cad7eeefb03ea4c21260b57cc59,"{""d"":5.0,""p"":0.046415888336127774,""r"":5.0}","{""obs_mistake_mask=E"":256}"
      1024,         0,         0,   0.123,correlated_pymatching,37f268fbfb1512405cedc6a9f187fe834ff0248dae64f05e468219cda62bb709,"{""d"":7.0,""p"":0.00021544346900318845,""r"":7.0}",
      1024,         0,         0,   0.110,correlated_pymatching,8beb24caf2e2f0c22669330a865cd85a3a3aa7fb43a00ab09c8b2e94ef837b2a,"{""d"":7.0,""p"":0.0001,""r"":7.0}",
      2048,        27,         0,   0.149,correlated_pymatching,312bdfb968d51490883ffaaf6d773b3aca96dd4dccf4f4229306c2ee93f647b2,"{""d"":5.0,""p"":0.002154434690031882,""r"":5.0}","{""obs_mistake_mask=E"":27}"
      2048,         0,         0,   0.081,correlated_pymatching,d05dfd6d26439ab105696a06e7cf5555a9186ccbfbd37bf17c421cab4331a5f3,"{""d"":5.0,""p"":0.0001,""r"":5.0}",
      1024,         0,         0,   0.046,correlated_pymatching,80c44e915a981af8af51acc088922b07074e67f978d596f56e5bb6df96b53467,"{""d"":5.0,""p"":0.00046415888336127773,""r"":5.0}",
      1024,        20,         0,   0.075,correlated_pymatching,312bdfb968d51490883ffaaf6d773b3aca96dd4dccf4f4229306c2ee93f647b2,"{""d"":5.0,""p"":0.002154434690031882,""r"":5.0}","{""obs_mistake_mask=E"":20}"
      1024,         0,         0,   0.053,correlated_pymatching,10f518392001f33bca4fa428c5efb2bb60491194cc454617388c7f025d9e60f0,"{""d"":5.0,""p"":0.001,""r"":5.0}",
     23552,         4,         0,   0.210,correlated_pymatching,3ff5e208e6b76d3eb4e957d28e66058d6f9266124b7e5e941f0dab4b55388fe7,"{""d"":3.0,""p"":0.0001,""r"":3.0}","{""obs_mistake_mask=E"":4}"
      1024,         0,         0,   0.126,correlated_pymatching,d375ef9124ce40870f0834887e212a4b5fa1761556314559f013816e08158024,"{""d"":7.0,""p"":0.00046415888336127773,""r"":7.0}",
      6144,         1,         0,   0.238,correlated_pymatching,d05dfd6d26439ab105696a06e7cf5555a9186ccbfbd37bf17c421cab4331a5f3,"{""d"":5.0,""p"":0.0001,""r"":5.0}","{""obs_mistake_mask=E"":1}"
     22528,         8,         0,   0.208,correlated_pymatching,f48a1a7573d5dc37bebfd2d23ab60f34439beb692589eaccdc215bd16c4b5370,"{""d"":3.0,""p"":0.00021544346900318845,""r"":3.0}","{""obs_mistake_mask=E"":8}"
      1024,         7,         0,   0.219,correlated_pymatching,cca4707bb9b08e02f7538b96b830c79d08355eaa3ce77c65da374ff9fbc4fe74,"{""d"":7.0,""p"":0.002154434690031882,""r"":7.0}","{""obs_mistake_mask=E"":7}"
      1024,       510,         0,   0.450,correlated_pymatching,3f80158c94497c587f6e7104c1d76616445c07b4acf8ca5679a6824d9014c39e,"{""d"":5.0,""p"":0.021544346900318822,""r"":5.0}","{""obs_mistake_mask=E"":510}"
      1024,        16,         0,   0.075,correlated_pymatching,312bdfb968d51490883ffaaf6d773b3aca96dd4dccf4f4229306c2ee93f647b2,"{""d"":5.0,""p"":0.002154434690031882,""r"":5.0}","{""obs_mistake_mask=E"":16}"
      2048,         0,         0,   0.118,correlated_pymatching,02577dd842a1ef1ffa76eecb4d0727e37a8991db1af1a7da799291d22f5d094a,"{""d"":5.0,""p"":0.00021544346900318845,""r"":5.0}",
      2048,         0,         0,   0.091,correlated_pymatching,80c44e915a981af8af51acc088922b07074e67f978d596f56e5bb6df96b53467,"{""d"":5.0,""p"":0.00046415888336127773,""r"":5.0}",
      1024,         0,         0,   0.117,correlated_pymatching,37f268fbfb1512405cedc6a9f187fe834ff0248dae64f05e468219cda62bb709,"{""d"":7.0,""p"":0.00021544346900318845,""r"":7.0}",
     21504,        28,         0,   0.209,correlated_pymatching,230a33bd4b19c836033e873298520be9f4756a9adba5eb4a9b27fbadbb23c001,"{""d"":3.0,""p"":0.00046415888336127773,""r"":3.0}","{""obs_mistake_mask=E"":28}"
      1024,         0,         0,   0.109,correlated_pymatching,8beb24caf2e2f0c22669330a865cd85a3a3aa7fb43a00ab09c8b2e94ef837b2a,"{""d"":7.0,""p"":0.0001,""r"":7.0}",
      1024,         0,         0,   0.151,correlated_pymatching,a8310dbbc441a92d61d39a18764fc49fdbe77c657ab9ed3f9aff31a58729b2b0,"{""d"":7.0,""p"":0.001,""r"":7.0}",
      3072,         0,         0,   0.120,correlated_pymatching,d05dfd6d26439ab105696a06e7cf5555a9186ccbfbd37bf17c421cab4331a5f3,"{""d"":5.0,""p"":0.0001,""r"":5.0}",
      4096,         6,         0,   0.215,correlated_pymatching,10f518392001f33bca4fa428c5efb2bb60491194cc454617388c7f025d9e60f0,"{""d"":5.0,""p"":0.001,""r"":5.0}","{""obs_mistake_mask=E"":6}"
      5120,         0,         0,   0.210,correlated_pymatching,02577dd842a1ef1ffa76eecb4d0727e37a8991db1af1a7da799291d22f5d094a,"{""d"":5.0,""p"":0.00021544346900318845,""r"":5.0}",
      2048,         4,         0,   0.108,correlated_pymatching,10f518392001f33bca4fa428c5efb2bb60491194cc454617388c7f025d9e60f0,"{""d"":5.0,""p"":0.001,""r"":5.0}","{""obs_mistake_mask=E"":4}"
      5120,         2,         0,   0.226,correlated_pymatching,80c44e915a981af8af51acc088922b07074e67f978d596f56e5bb6df96b53467,"{""d"":5.0,""p"":0.00046415888336127773,""r"":5.0}","{""obs_mistake_mask=E"":2}"
       128,        62,         0,   0.280,correlated_pymatching,5e2304ce3fad1e9af417b7d36f699ce6fb989d7d200de1fbc8681f5f8a390a63,"{""d"":7.0,""p"":0.021544346900318822,""r"":7.0}","{""obs_mistake_mask=E"":62}"
      1024,        13,         0,   0.074,correlated_pymatching,312bdfb968d51490883ffaaf6d773b3aca96dd4dccf4f4229306c2ee93f647b2,"{""d"":5.0,""p"":0.002154434690031882,""r"":5.0}","{""obs_mistake_mask=E"":13}"
       512,        41,         0,   0.259,correlated_pymatching,c7c8fa0005d0d0b4f8d3f6840b9460b6933d06e776bd720b83f3710ed84c3d49,"{""d"":7.0,""p"":0.004641588833612777,""r"":7.0}","{""obs_mistake_mask=E"":41}"
      2048,         0,         0,   0.090,correlated_pymatching,80c44e915a981af8af51acc088922b07074e67f978d596f56e5bb6df96b53467,"{""d"":5.0,""p"":0.00046415888336127773,""r"":5.0}",
      1024,         0,         0,   0.124,correlated_pymatching,d375ef9124ce40870f0834887e212a4b5fa1761556314559f013816e08158024,"{""d"":7.0,""p"":0.00046415888336127773,""r"":7.0}",
     29696,        48,         0,   0.290,correlated_pymatching,230a33bd4b19c836033e873298520be9f4756a9adba5eb4a9b27fbadbb23c001,"{""d"":3.0,""p"":0.00046415888336127773,""r"":3.0}","{""obs_mistake_mask=E"":48}"
      1024,         0,         0,   0.120,correlated_pymatching,37f268fbfb1512405cedc6a9f187fe834ff0248dae64f05e468219cda62bb709,"{""d"":7.0,""p"":0.00021544346900318845,""r"":7.0}",
      3072,        41,         0,   0.223,correlated_pymatching,312bdfb968d51490883ffaaf6d773b3aca96dd4dccf4f4229306c2ee93f647b2,"{""d"":5.0,""p"":0.002154434690031882,""r"":5.0}","{""obs_mistake_mask=E"":41}"
     27648,        13,         0,   0.292,correlated_pymatching,f48a1a7573d5dc37bebfd2d23ab60f34439beb692589eaccdc215bd16c4b5370,"{""d"":3.0,""p"":0.00021544346900318845,""r"":3.0}","{""obs_mistake_mask=E"":13}"
       128,        61,         0,   0.343,correlated_pymatching,678e84b436dab1be07c4cd954dfd0b616121b2ba2a5004c4dd1f3d97f46b3960,"{""d"":7.0,""p"":0.046415888336127774,""r"":7.0}","{""obs_mistake_mask=E"":61}"
     32768,         4,         0,   0.292,correlated_pymatching,3ff5e208e6b76d3eb4e957d28e66058d6f9266124b7e5e941f0dab4b55388fe7,"{""d"":3.0,""p"":0.0001,""r"":3.0}","{""obs_mistake_mask=E"":4}"
      2048,         5,         0,   0.109,correlated_pymatching,10f518392001f33bca4fa428c5efb2bb60491194cc454617388c7f025d9e60f0,"{""d"":5.0,""p"":0.001,""r"":5.0}","{""obs_mistake_mask=E"":5}"
         1,         0,         0,   0.097,correlated_pymatching,8beb24caf2e2f0c22669330a865cd85a3a3aa7fb43a00ab09c8b2e94ef837b2a,"{""d"":7.0,""p"":0.0001,""r"":7.0}",
       128,        56,         0,   0.349,correlated_pymatching,678e84b436dab1be07c4cd954dfd0b616121b2ba2a5004c4dd1f3d97f46b3960,"{""d"":7.0,""p"":0.046415888336127774,""r"":7.0}","{""obs_mistake_mask=E"":56}"
         1,         0,         0,   0.098,correlated_pymatching,37f268fbfb1512405cedc6a9f187fe834ff0248dae64f05e468219cda62bb709,"{""d"":7.0,""p"":0.00021544346900318845,""r"":7.0}",
      4096,         0,         0,   0.168,correlated_pymatching,02577dd842a1ef1ffa76eecb4d0727e37a8991db1af1a7da799291d22f5d094a,"{""d"":5.0,""p"":0.00021544346900318845,""r"":5.0}",
      1024,         2,         0,   0.149,correlated_pymatching,a8310dbbc441a92d61d39a18764fc49fdbe77c657ab9ed3f9aff31a58729b2b0,"{""d"":7.0,""p"":0.001,""r"":7.0}","{""obs_mistake_mask=E"":2}"
       256,       126,         0,   0.302,correlated_pymatching,6007277082199a1195d5994b41234f9a7e6aadf3f5fb72e9a81cafd0c8ecf2f6,"{""d"":7.0,""p"":0.01,""r"":7.0}","{""obs_mistake_mask=E"":126}"
      4096,         0,         0,   0.161,correlated_pymatching,d05dfd6d26439ab105696a06e7cf5555a9186ccbfbd37bf17c421cab4331a5f3,"{""d"":5.0,""p"":0.0001,""r"":5.0}",
       128,        61,         0,   0.374,correlated_pymatching,04c93e4421c7b53d6d20c69e21f23d3ca798fad918ca8a64f5b6eafc1864f442,"{""d"":7.0,""p"":0.1,""r"":7.0}","{""obs_mistake_mask=E"":61}"
       128,        58,         0,   0.380,correlated_pymatching,04c93e4421c7b53d6d20c69e21f23d3ca798fad918ca8a64f5b6eafc1864f442,"{""d"":7.0,""p"":0.1,""r"":7.0}","{""obs_mistake_mask=E"":58}"
      1024,         7,         0,   0.218,correlated_pymatching,cca4707bb9b08e02f7538b96b830c79d08355eaa3ce77c65da374ff9fbc4fe74,"{""d"":7.0,""p"":0.002154434690031882,""r"":7.0}","{""obs_mistake_mask=E"":7}"
      2048,        24,         0,   0.150,correlated_pymatching,312bdfb968d51490883ffaaf6d773b3aca96dd4dccf4f4229306c2ee93f647b2,"{""d"":5.0,""p"":0.002154434690031882,""r"":5.0}","{""obs_mistake_mask=E"":24}"
      3072,         0,         0,   0.137,correlated_pymatching,80c44e915a981af8af51acc088922b07074e67f978d596f56e5bb6df96b53467,"{""d"":5.0,""p"":0.00046415888336127773,""r"":5.0}",
      2048,         0,         0,   0.220,correlated_pymatching,8beb24caf2e2f0c22669330a865cd85a3a3aa7fb43a00ab09c8b2e94ef837b2a,"{""d"":7.0,""p"":0.0001,""r"":7.0}",
         1,         0,         0,   0.098,correlated_pymatching,d375ef9124ce40870f0834887e212a4b5fa1761556314559f013816e08158024,"{""d"":7.0,""p"":0.00046415888336127773,""r"":7.0}",
         4,         0,         0,   0.097,correlated_pymatching,8beb24caf2e2f0c22669330a865cd85a3a3aa7fb43a00ab09c8b2e94ef837b2a,"{""d"":7.0,""p"":0.0001,""r"":7.0}",
         4,         0,         0,   0.098,correlated_pymatching,37f268fbfb1512405cedc6a9f187fe834ff0248dae64f05e468219cda62bb709,"{""d"":7.0,""p"":0.00021544346900318845,""r"":7.0}",
      2048,         1,         0,   0.108,correlated_pymatching,10f518392001f33bca4fa428c5efb2bb60491194cc454617388c7f025d9e60f0,"{""d"":5.0,""p"":0.001,""r"":5.0}","{""obs_mistake_mask=E"":1}"
         1,         0,         0,   0.101,correlated_pymatching,a8310dbbc441a92d61d39a18764fc49fdbe77c657ab9ed3f9aff31a58729b2b0,"{""d"":7.0,""p"":0.001,""r"":7.0}",
     30720,         3,         0,   0.287,correlated_pymatching,3ff5e208e6b76d3eb4e957d28e66058d6f9266124b7e5e941f0dab4b55388fe7,"{""d"":3.0,""p"":0.0001,""r"":3.0}","{""obs_mistake_mask=E"":3}"
     19456,         8,         0,   0.288,correlated_pymatching,f48a1a7573d5dc37bebfd2d23ab60f34439beb692589eaccdc215bd16c4b5370,"{""d"":3.0,""p"":0.00021544346900318845,""r"":3.0}","{""obs_mistake_mask=E"":8}"
     29696,        43,         0,   0.287,correlated_pymatching,230a33bd4b19c836033e873298520be9f4756a9adba5eb4a9b27fbadbb23c001,"{""d"":3.0,""p"":0.00046415888336127773,""r"":3.0}","{""obs_mistake_mask=E"":43}"
      8192,         0,         0,   0.318,correlated_pymatching,d05dfd6d26439ab105696a06e7cf5555a9186ccbfbd37bf17c421cab4331a5f3,"{""d"":5.0,""p"":0.0001,""r"":5.0}",
      1024,         0,         0,   0.151,correlated_pymatching,a8310dbbc441a92d61d39a18764fc49fdbe77c657ab9ed3f9aff31a58729b2b0,"{""d"":7.0,""p"":0.001,""r"":7.0}",
      7168,         0,         0,   0.294,correlated_pymatching,02577dd842a1ef1ffa76eecb4d0727e37a8991db1af1a7da799291d22f5d094a,"{""d"":5.0,""p"":0.00021544346900318845,""r"":5.0}",
         4,         0,         0,   0.096,correlated_pymatching,d375ef9124ce40870f0834887e212a4b5fa1761556314559f013816e08158024,"{""d"":7.0,""p"":0.00046415888336127773,""r"":7.0}",
        16,         0,         0,   0.097,correlated_pymatching,8beb24caf2e2f0c22669330a865cd85a3a3aa7fb43a00ab09c8b2e94ef837b2a,"{""d"":7.0,""p"":0.0001,""r"":7.0}",
        16,         0,         0,   0.098,correlated_pymatching,37f268fbfb1512405cedc6a9f187fe834ff0248dae64f05e468219cda62bb709,"{""d"":7.0,""p"":0.00021544346900318845,""r"":7.0}",
         4,         0,         0,   0.098,correlated_pymatching,a8310dbbc441a92d61d39a18764fc49fdbe77c657ab9ed3f9aff31a58729b2b0,"{""d"":7.0,""p"":0.001,""r"":7.0}",
      2048,         0,         0,   0.250,correlated_pymatching,d375ef9124ce40870f0834887e212a4b5fa1761556314559f013816e08158024,"{""d"":7.0,""p"":0.00046415888336127773,""r"":7.0}",
      6144,         6,         0,   0.323,correlated_pymatching,10f518392001f33bca4fa428c5efb2bb60491194cc454617388c7f025d9e60f0,"{""d"":5.0,""p"":0.001,""r"":5.0}","{""obs_mistake_mask=E"":6}"
      7168,         0,         0,   0.321,correlated_pymatching,80c44e915a981af8af51acc088922b07074e67f978d596f56e5bb6df96b53467,"{""d"":5.0,""p"":0.00046415888336127773,""r"":5.0}",
      2048,         0,         0,   0.233,correlated_pymatching,37f268fbfb1512405cedc6a9f187fe834ff0248dae64f05e468219cda62bb709,"{""d"":7.0,""p"":0.00021544346900318845,""r"":7.0}",
      2048,        25,         0,   0.155,correlated_pymatching,312bdfb968d51490883ffaaf6d773b3aca96dd4dccf4f4229306c2ee93f647b2,"{""d"":5.0,""p"":0.002154434690031882,""r"":5.0}","{""obs_mistake_mask=E"":25}"
      5120,         0,         0,   0.210,correlated_pymatching,02577dd842a1ef1ffa76eecb4d0727e37a8991db1af1a7da799291d22f5d094a,"{""d"":5.0,""p"":0.00021544346900318845,""r"":5.0}",
      3072,         2,         0,   0.162,correlated_pymatching,10f518392001f33bca4fa428c5efb2bb60491194cc454617388c7f025d9e60f0,"{""d"":5.0,""p"":0.001,""r"":5.0}","{""obs_mistake_mask=E"":2}"
      4096,         0,         0,   0.185,correlated_pymatching,80c44e915a981af8af51acc088922b07074e67f978d596f56e5bb6df96b53467,"{""d"":5.0,""p"":0.00046415888336127773,""r"":5.0}",
      1024,         6,         0,   0.224,correlated_pymatching,cca4707bb9b08e02f7538b96b830c79d08355eaa3ce77c65da374ff9fbc4fe74,"{""d"":7.0,""p"":0.002154434690031882,""r"":7.0}","{""obs_mistake_mask=E"":6}"
        16,         0,         0,   0.097,correlated_pymatching,d375ef9124ce40870f0834887e212a4b5fa1761556314559f013816e08158024,"{""d"":7.0,""p"":0.00046415888336127773,""r"":7.0}",
      6144,         0,         0,   0.243,correlated_pymatching,d05dfd6d26439ab105696a06e7cf5555a9186ccbfbd37bf17c421cab4331a5f3,"{""d"":5.0,""p"":0.0001,""r"":5.0}",
      4096,        43,         0,   0.307,correlated_pymatching,312bdfb968d51490883ffaaf6d773b3aca96dd4dccf4f4229306c2ee93f647b2,"{""d"":5.0,""p"":0.002154434690031882,""r"":5.0}","{""obs_mistake_mask=E"":43}"
        64,         0,         0,   0.106,correlated_pymatching,8beb24caf2e2f0c22669330a865cd85a3a3aa7fb43a00ab09c8b2e94ef837b2a,"{""d"":7.0,""p"":0.0001,""r"":7.0}",
        64,         0,         0,   0.108,correlated_pymatching,37f268fbfb1512405cedc6a9f187fe834ff0248dae64f05e468219cda62bb709,"{""d"":7.0,""p"":0.00021544346900318845,""r"":7.0}",
      2048,         0,         0,   0.220,correlated_pymatching,8beb24caf2e2f0c22669330a865cd85a3a3aa7fb43a00ab09c8b2e94ef837b2a,"{""d"":7.0,""p"":0.0001,""r"":7.0}",
        16,         0,         0,   0.107,correlated_pymatching,a8310dbbc441a92d61d39a18764fc49fdbe77c657ab9ed3f9aff31a58729b2b0,"{""d"":7.0,""p"":0.001,""r"":7.0}",
       128,        64,         0,   0.346,correlated_pymatching,678e84b436dab1be07c4cd954dfd0b616121b2ba2a5004c4dd1f3d97f46b3960,"{""d"":7.0,""p"":0.046415888336127774,""r"":7.0}","{""obs_mistake_mask=E"":64}"
       256,       120,         0,   0.313,correlated_pymatching,6007277082199a1195d5994b41234f9a7e6aadf3f5fb72e9a81cafd0c8ecf2f6,"{""d"":7.0,""p"":0.01,""r"":7.0}","{""obs_mistake_mask=E"":120}"
      1024,        91,         0,   0.417,correlated_pymatching,c7c8fa0005d0d0b4f8d3f6840b9460b6933d06e776bd720b83f3710ed84c3d49,"{""d"":7.0,""p"":0.004641588833612777,""r"":7.0}","{""obs_mistake_mask=E"":91}"
       128,        57,         0,   0.359,correlated_pymatching,678e84b436dab1be07c4cd954dfd0b616121b2ba2a5004c4dd1f3d97f46b3960,"{""d"":7.0,""p"":0.046415888336127774,""r"":7.0}","{""obs_mistake_mask=E"":57}"
       256,       147,         0,   0.478,correlated_pymatching,5e2304ce3fad1e9af417b7d36f699ce6fb989d7d200de1fbc8681f5f8a390a63,"{""d"":7.0,""p"":0.021544346900318822,""r"":7.0}","{""obs_mistake_mask=E"":147}"
        64,         0,         0,   0.098,correlated_pymatching,d375ef9124ce40870f0834887e212a4b5fa1761556314559f013816e08158024,"{""d"":7.0,""p"":0.00046415888336127773,""r"":7.0}",
     40960,        62,         0,   0.406,correlated_pymatching,230a33bd4b19c836033e873298520be9f4756a9adba5eb4a9b27fbadbb23c001,"{""d"":3.0,""p"":0.00046415888336127773,""r"":3.0}","{""obs_mistake_mask=E"":62}"
      2048,        25,         0,   0.163,correlated_pymatching,312bdfb968d51490883ffaaf6d773b3aca96dd4dccf4f4229306c2ee93f647b2,"{""d"":5.0,""p"":0.002154434690031882,""r"":5.0}","{""obs_mistake_mask=E"":25}"
       256,         0,         0,   0.102,correlated_pymatching,8beb24caf2e2f0c22669330a865cd85a3a3aa7fb43a00ab09c8b2e94ef837b2a,"{""d"":7.0,""p"":0.0001,""r"":7.0}",
     44032,         7,         0,   0.408,correlated_pymatching,f48a1a7573d5dc37bebfd2d23ab60f34439beb692589eaccdc215bd16c4b5370,"{""d"":3.0,""p"":0.00021544346900318845,""r"":3.0}","{""obs_mistake_mask=E"":7}"
     46080,         1,         0,   0.409,correlated_pymatching,3ff5e208e6b76d3eb4e957d28e66058d6f9266124b7e5e941f0dab4b55388fe7,"{""d"":3.0,""p"":0.0001,""r"":3.0}","{""obs_mistake_mask=E"":1}"
       256,         0,         0,   0.104,correlated_pymatching,37f268fbfb1512405cedc6a9f187fe834ff0248dae64f05e468219cda62bb709,"{""d"":7.0,""p"":0.00021544346900318845,""r"":7.0}",
        64,         0,         0,   0.102,correlated_pymatching,a8310dbbc441a92d61d39a18764fc49fdbe77c657ab9ed3f9aff31a58729b2b0,"{""d"":7.0,""p"":0.001,""r"":7.0}",
       128,        55,         0,   0.386,correlated_pymatching,04c93e4421c7b53d6d20c69e21f23d3ca798fad918ca8a64f5b6eafc1864f442,"{""d"":7.0,""p"":0.1,""r"":7.0}","{""obs_mistake_mask=E"":55}"
       128,        67,         0,   0.387,correlated_pymatching,04c93e4421c7b53d6d20c69e21f23d3ca798fad918ca8a64f5b6eafc1864f442,"{""d"":7.0,""p"":0.1,""r"":7.0}","{""obs_mistake_mask=E"":67}"
      2048,         0,         0,   0.231,correlated_pymatching,37f268fbfb1512405cedc6a9f187fe834ff0248dae64f05e468219cda62bb709,"{""d"":7.0,""p"":0.00021544346900318845,""r"":7.0}",
      2048,         0,         0,   0.259,correlated_pymatching,d375ef9124ce40870f0834887e212a4b5fa1761556314559f013816e08158024,"{""d"":7.0,""p"":0.00046415888336127773,""r"":7.0}",
      2048,         0,         0,   0.300,correlated_pymatching,a8310dbbc441a92d61d39a18764fc49fdbe77c657ab9ed3f9aff31a58729b2b0,"{""d"":7.0,""p"":0.001,""r"":7.0}",
       256,         0,         0,   0.113,correlated_pymatching,d375ef9124ce40870f0834887e212a4b5fa1761556314559f013816e08158024,"{""d"":7.0,""p"":0.00046415888336127773,""r"":7.0}",
      4096,         6,         0,   0.230,correlated_pymatching,10f518392001f33bca4fa428c5efb2bb60491194cc454617388c7f025d9e60f0,"{""d"":5.0,""p"":0.001,""r"":5.0}","{""obs_mistake_mask=E"":6}"
      1024,         4,         0,   0.223,correlated_pymatching,cca4707bb9b08e02f7538b96b830c79d08355eaa3ce77c65da374ff9fbc4fe74,"{""d"":7.0,""p"":0.002154434690031882,""r"":7.0}","{""obs_mistake_mask=E"":4}"
      1024,         0,         0,   0.111,correlated_pymatching,8beb24caf2e2f0c22669330a865cd85a3a3aa7fb43a00ab09c8b2e94ef837b2a,"{""d"":7.0,""p"":0.0001,""r"":7.0}",
      5120,         0,         0,   0.243,correlated_pymatching,80c44e915a981af8af51acc088922b07074e67f978d596f56e5bb6df96b53467,"{""d"":5.0,""p"":0.00046415888336127773,""r"":5.0}",
     44032,         7,         0,   0.402,correlated_pymatching,3ff5e208e6b76d3eb4e957d28e66058d6f9266124b7e5e941f0dab4b55388fe7,"{""d"":3.0,""p"":0.0001,""r"":3.0}","{""obs_mistake_mask=E"":7}"
       256,         0,         0,   0.113,correlated_pymatching,a8310dbbc441a92d61d39a18764fc49fdbe77c657ab9ed3f9aff31a58729b2b0,"{""d"":7.0,""p"":0.001,""r"":7.0}",
      1024,         0,         0,   0.117,correlated_pymatching,37f268fbfb1512405cedc6a9f187fe834ff0248dae64f05e468219cda62bb709,"{""d"":7.0,""p"":0.00021544346900318845,""r"":7.0}",
      7168,         0,         0,   0.308,correlated_pymatching,02577dd842a1ef1ffa76eecb4d0727e37a8991db1af1a7da799291d22f5d094a,"{""d"":5.0,""p"":0.00021544346900318845,""r"":5.0}",
     33792,        13,         0,   0.405,correlated_pymatching,f48a1a7573d5dc37bebfd2d23ab60f34439beb692589eaccdc215bd16c4b5370,"{""d"":3.0,""p"":0.00021544346900318845,""r"":3.0}","{""obs_mistake_mask=E"":13}"
     35840,        58,         0,   0.401,correlated_pymatching,230a33bd4b19c836033e873298520be9f4756a9adba5eb4a9b27fbadbb23c001,"{""d"":3.0,""p"":0.00046415888336127773,""r"":3.0}","{""obs_mistake_mask=E"":58}"
     17408,        25,         0,   0.171,correlated_pymatching,230a33bd4b19c836033e873298520be9f4756a9adba5eb4a9b27fbadbb23c001,"{""d"":3.0,""p"":0.00046415888336127773,""r"":3.0}","{""obs_mistake_mask=E"":25}"
     10240,         0,         0,   0.404,correlated_pymatching,d05dfd6d26439ab105696a06e7cf5555a9186ccbfbd37bf17c421cab4331a5f3,"{""d"":5.0,""p"":0.0001,""r"":5.0}",
      1024,         2,         0,   0.010,correlated_pymatching,230a33bd4b19c836033e873298520be9f4756a9adba5eb4a9b27fbadbb23c001,"{""d"":3.0,""p"":0.00046415888336127773,""r"":3.0}","{""obs_mistake_mask=E"":2}"
      7168,         0,         0,   0.290,correlated_pymatching,d05dfd6d26439ab105696a06e7cf5555a9186ccbfbd37bf17c421cab4331a5f3,"{""d"":5.0,""p"":0.0001,""r"":5.0}",
     10240,         0,         0,   0.430,correlated_pymatching,02577dd842a1ef1ffa76eecb4d0727e37a8991db1af1a7da799291d22f5d094a,"{""d"":5.0,""p"":0.00021544346900318845,""r"":5.0}",
      1024,         0,         0,   0.109,correlated_pymatching,8beb24caf2e2f0c22669330a865cd85a3a3aa7fb43a00ab09c8b2e94ef837b2a,"{""d"":7.0,""p"":0.0001,""r"":7.0}",
      1024,         0,         0,   0.125,correlated_pymatching,d375ef9124ce40870f0834887e212a4b5fa1761556314559f013816e08158024,"{""d"":7.0,""p"":0.00046415888336127773,""r"":7.0}",
      3072,        29,         0,   0.232,correlated_pymatching,312bdfb968d51490883ffaaf6d773b3aca96dd4dccf4f4229306c2ee93f647b2,"{""d"":5.0,""p"":0.002154434690031882,""r"":5.0}","{""obs_mistake_mask=E"":29}"
      6144,        13,         0,   0.418,correlated_pymatching,10f518392001f33bca4fa428c5efb2bb60491194cc454617388c7f025d9e60f0,"{""d"":5.0,""p"":0.001,""r"":5.0}","{""obs_mistake_mask=E"":13}"
      9216,         0,         0,   0.415,correlated_pymatching,80c44e915a981af8af51acc088922b07074e67f978d596f56e5bb6df96b53467,"{""d"":5.0,""p"":0.00046415888336127773,""r"":5.0}",
      3072,         0,         0,   0.322,correlated_pymatching,8beb24caf2e2f0c22669330a865cd85a3a3aa7fb43a00ab09c8b2e94ef837b2a,"{""d"":7.0,""p"":0.0001,""r"":7.0}",
      1024,         0,         0,   0.115,correlated_pymatching,37f268fbfb1512405cedc6a9f187fe834ff0248dae64f05e468219cda62bb709,"{""d"":7.0,""p"":0.00021544346900318845,""r"":7.0}",
       256,       128,         0,   0.299,correlated_pymatching,6007277082199a1195d5994b41234f9a7e6aadf3f5fb72e9a81cafd0c8ecf2f6,"{""d"":7.0,""p"":0.01,""r"":7.0}","{""obs_mistake_mask=E"":128}"
       128,        59,         0,   0.339,correlated_pymatching,678e84b436dab1be07c4cd954dfd0b616121b2ba2a5004c4dd1f3d97f46b3960,"{""d"":7.0,""p"":0.046415888336127774,""r"":7.0}","{""obs_mistake_mask=E"":59}"
      1024,         0,         0,   0.153,correlated_pymatching,a8310dbbc441a92d61d39a18764fc49fdbe77c657ab9ed3f9aff31a58729b2b0,"{""d"":7.0,""p"":0.001,""r"":7.0}",
       128,        69,         0,   0.343,correlated_pymatching,678e84b436dab1be07c4cd954dfd0b616121b2ba2a5004c4dd1f3d97f46b3960,"{""d"":7.0,""p"":0.046415888336127774,""r"":7.0}","{""obs_mistake_mask=E"":69}"
      1024,         4,         0,   0.214,correlated_pymatching,cca4707bb9b08e02f7538b96b830c79d08355eaa3ce77c65da374ff9fbc4fe74,"{""d"":7.0,""p"":0.002154434690031882,""r"":7.0}","{""obs_mistake_mask=E"":4}"
      1024,         0,         0,   0.110,correlated_pymatching,8beb24caf2e2f0c22669330a865cd85a3a3aa7fb43a00ab09c8b2e94ef837b2a,"{""d"":7.0,""p"":0.0001,""r"":7.0}",
      1024,         0,         0,   0.124,correlated_pymatching,d375ef9124ce40870f0834887e212a4b5fa1761556314559f013816e08158024,"{""d"":7.0,""p"":0.00046415888336127773,""r"":7.0}",
      6144,        70,         0,   0.462,correlated_pymatching,312bdfb968d51490883ffaaf6d773b3aca96dd4dccf4f4229306c2ee93f647b2,"{""d"":5.0,""p"":0.002154434690031882,""r"":5.0}","{""obs_mistake_mask=E"":70}"
      1024,         0,         0,   0.115,correlated_pymatching,37f268fbfb1512405cedc6a9f187fe834ff0248dae64f05e468219cda62bb709,"{""d"":7.0,""p"":0.00021544346900318845,""r"":7.0}",
      1024,        97,         0,   0.412,correlated_pymatching,c7c8fa0005d0d0b4f8d3f6840b9460b6933d06e776bd720b83f3710ed84c3d49,"{""d"":7.0,""p"":0.004641588833612777,""r"":7.0}","{""obs_mistake_mask=E"":97}"
      2048,         0,         0,   0.295,correlated_pymatching,a8310dbbc441a92d61d39a18764fc49fdbe77c657ab9ed3f9aff31a58729b2b0,"{""d"":7.0,""p"":0.001,""r"":7.0}",
      2048,        22,         0,   0.152,correlated_pymatching,312bdfb968d51490883ffaaf6d773b3aca96dd4dccf4f4229306c2ee93f647b2,"{""d"":5.0,""p"":0.002154434690031882,""r"":5.0}","{""obs_mistake_mask=E"":22}"
      3072,         0,         0,   0.334,correlated_pymatching,37f268fbfb1512405cedc6a9f187fe834ff0248dae64f05e468219cda62bb709,"{""d"":7.0,""p"":0.00021544346900318845,""r"":7.0}",
       128,        68,         0,   0.373,correlated_pymatching,04c93e4421c7b53d6d20c69e21f23d3ca798fad918ca8a64f5b6eafc1864f442,"{""d"":7.0,""p"":0.1,""r"":7.0}","{""obs_mistake_mask=E"":68}"
       128,        61,         0,   0.377,correlated_pymatching,04c93e4421c7b53d6d20c69e21f23d3ca798fad918ca8a64f5b6eafc1864f442,"{""d"":7.0,""p"":0.1,""r"":7.0}","{""obs_mistake_mask=E"":61}"
         1,         0,         0,   0.100,correlated_pymatching,cca4707bb9b08e02f7538b96b830c79d08355eaa3ce77c65da374ff9fbc4fe74,"{""d"":7.0,""p"":0.002154434690031882,""r"":7.0}",
      6144,         6,         0,   0.328,correlated_pymatching,10f518392001f33bca4fa428c5efb2bb60491194cc454617388c7f025d9e60f0,"{""d"":5.0,""p"":0.001,""r"":5.0}","{""obs_mistake_mask=E"":6}"
      3072,         0,         0,   0.366,correlated_pymatching,d375ef9124ce40870f0834887e212a4b5fa1761556314559f013816e08158024,"{""d"":7.0,""p"":0.00046415888336127773,""r"":7.0}",
      1024,        10,         0,   0.075,correlated_pymatching,312bdfb968d51490883ffaaf6d773b3aca96dd4dccf4f4229306c2ee93f647b2,"{""d"":5.0,""p"":0.002154434690031882,""r"":5.0}","{""obs_mistake_mask=E"":10}"
      1024,         0,         0,   0.151,correlated_pymatching,a8310dbbc441a92d61d39a18764fc49fdbe77c657ab9ed3f9aff31a58729b2b0,"{""d"":7.0,""p"":0.001,""r"":7.0}",
       256,       121,         0,   0.465,correlated_pymatching,5e2304ce3fad1e9af417b7d36f699ce6fb989d7d200de1fbc8681f5f8a390a63,"{""d"":7.0,""p"":0.021544346900318822,""r"":7.0}","{""obs_mistake_mask=E"":121}"
      7168,         2,         0,   0.326,correlated_pymatching,80c44e915a981af8af51acc088922b07074e67f978d596f56e5bb6df96b53467,"{""d"":5.0,""p"":0.00046415888336127773,""r"":5.0}","{""obs_mistake_mask=E"":2}"
      1024,         0,         0,   0.126,correlated_pymatching,d375ef9124ce40870f0834887e212a4b5fa1761556314559f013816e08158024,"{""d"":7.0,""p"":0.00046415888336127773,""r"":7.0}",
        17,         0,         0,   0.017,correlated_pymatching,f48a1a7573d5dc37bebfd2d23ab60f34439beb692589eaccdc215bd16c4b5370,"{""d"":3.0,""p"":0.00021544346900318845,""r"":3.0}",
         1,         0,         0,   0.108,correlated_pymatching,c7c8fa0005d0d0b4f8d3f6840b9460b6933d06e776bd720b83f3710ed84c3d49,"{""d"":7.0,""p"":0.004641588833612777,""r"":7.0}",
        17,         0,         0,   0.016,correlated_pymatching,3ff5e208e6b76d3eb4e957d28e66058d6f9266124b7e5e941f0dab4b55388fe7,"{""d"":3.0,""p"":0.0001,""r"":3.0}",
      1280,         0,         0,   0.019,correlated_pymatching,f48a1a7573d5dc37bebfd2d23ab60f34439beb692589eaccdc215bd16c4b5370,"{""d"":3.0,""p"":0.00021544346900318845,""r"":3.0}",
      1280,         0,         0,   0.017,correlated_pymatching,3ff5e208e6b76d3eb4e957d28e66058d6f9266124b7e5e941f0dab4b55388fe7,"{""d"":3.0,""p"":0.0001,""r"":3.0}",
      2048,         2,         0,   0.020,correlated_pymatching,f48a1a7573d5dc37bebfd2d23ab60f34439beb692589eaccdc215bd16c4b5370,"{""d"":3.0,""p"":0.00021544346900318845,""r"":3.0}","{""obs_mistake_mask=E"":2}"
         4,         0,         0,   0.097,correlated_pymatching,cca4707bb9b08e02f7538b96b830c79d08355eaa3ce77c65da374ff9fbc4fe74,"{""d"":7.0,""p"":0.002154434690031882,""r"":7.0}",
      3072,         0,         0,   0.027,correlated_pymatching,3ff5e208e6b76d3eb4e957d28e66058d6f9266124b7e5e941f0dab4b55388fe7,"{""d"":3.0,""p"":0.0001,""r"":3.0}",
         1,         1,         0,   0.106,correlated_pymatching,5e2304ce3fad1e9af417b7d36f699ce6fb989d7d200de1fbc8681f5f8a390a63,"{""d"":7.0,""p"":0.021544346900318822,""r"":7.0}","{""obs_mistake_mask=E"":1}"
      3072,         1,         0,   0.029,correlated_pymatching,f48a1a7573d5dc37bebfd2d23ab60f34439beb692589eaccdc215bd16c4b5370,"{""d"":3.0,""p"":0.00021544346900318845,""r"":3.0}","{""obs_mistake_mask=E"":1}"
      2048,         0,         0,   0.219,correlated_pymatching,8beb24caf2e2f0c22669330a865cd85a3a3aa7fb43a00ab09c8b2e94ef837b2a,"{""d"":7.0,""p"":0.0001,""r"":7.0}",
     10240,         0,         0,   0.426,correlated_pymatching,02577dd842a1ef1ffa76eecb4d0727e37a8991db1af1a7da799291d22f5d094a,"{""d"":5.0,""p"":0.00021544346900318845,""r"":5.0}",
      3072,         0,         0,   0.039,correlated_pymatching,3ff5e208e6b76d3eb4e957d28e66058d6f9266124b7e5e941f0dab4b55388fe7,"{""d"":3.0,""p"":0.0001,""r"":3.0}",
     60416,        22,         0,   0.573,correlated_pymatching,f48a1a7573d5dc37bebfd2d23ab60f34439beb692589eaccdc215bd16c4b5370,"{""d"":3.0,""p"":0.00021544346900318845,""r"":3.0}","{""obs_mistake_mask=E"":22}"
         4,         0,         0,   0.098,correlated_pymatching,c7c8fa0005d0d0b4f8d3f6840b9460b6933d06e776bd720b83f3710ed84c3d49,"{""d"":7.0,""p"":0.004641588833612777,""r"":7.0}",
     63488,         9,         0,   0.567,correlated_pymatching,3ff5e208e6b76d3eb4e957d28e66058d6f9266124b7e5e941f0dab4b55388fe7,"{""d"":3.0,""p"":0.0001,""r"":3.0}","{""obs_mistake_mask=E"":9}"
      1024,         1,         0,   0.155,correlated_pymatching,a8310dbbc441a92d61d39a18764fc49fdbe77c657ab9ed3f9aff31a58729b2b0,"{""d"":7.0,""p"":0.001,""r"":7.0}","{""obs_mistake_mask=E"":1}"
      2048,         0,         0,   0.232,correlated_pymatching,37f268fbfb1512405cedc6a9f187fe834ff0248dae64f05e468219cda62bb709,"{""d"":7.0,""p"":0.00021544346900318845,""r"":7.0}",
      4096,         0,         0,   0.041,correlated_pymatching,f48a1a7573d5dc37bebfd2d23ab60f34439beb692589eaccdc215bd16c4b5370,"{""d"":3.0,""p"":0.00021544346900318845,""r"":3.0}",
       128,        57,         0,   0.337,correlated_pymatching,678e84b436dab1be07c4cd954dfd0b616121b2ba2a5004c4dd1f3d97f46b3960,"{""d"":7.0,""p"":0.046415888336127774,""r"":7.0}","{""obs_mistake_mask=E"":57}"
      5120,         0,         0,   0.046,correlated_pymatching,3ff5e208e6b76d3eb4e957d28e66058d6f9266124b7e5e941f0dab4b55388fe7,"{""d"":3.0,""p"":0.0001,""r"":3.0}",
        16,         0,         0,   0.099,correlated_pymatching,cca4707bb9b08e02f7538b96b830c79d08355eaa3ce77c65da374ff9fbc4fe74,"{""d"":7.0,""p"":0.002154434690031882,""r"":7.0}",
     11264,         0,         0,   0.443,correlated_pymatching,d05dfd6d26439ab105696a06e7cf5555a9186ccbfbd37bf17c421cab4331a5f3,"{""d"":5.0,""p"":0.0001,""r"":5.0}",
       128,        59,         0,   0.342,correlated_pymatching,678e84b436dab1be07c4cd954dfd0b616121b2ba2a5004c4dd1f3d97f46b3960,"{""d"":7.0,""p"":0.046415888336127774,""r"":7.0}","{""obs_mistake_mask=E"":59}"
         4,         1,         0,   0.101,correlated_pymatching,5e2304ce3fad1e9af417b7d36f699ce6fb989d7d200de1fbc8681f5f8a390a63,"{""d"":7.0,""p"":0.021544346900318822,""r"":7.0}","{""obs_mistake_mask=E"":1}"
      6144,         3,         0,   0.057,correlated_pymatching,f48a1a7573d5dc37bebfd2d23ab60f34439beb692589eaccdc215bd16c4b5370,"{""d"":3.0,""p"":0.00021544346900318845,""r"":3.0}","{""obs_mistake_mask=E"":3}"
      4096,         0,         0,   0.430,correlated_pymatching,8beb24caf2e2f0c22669330a865cd85a3a3aa7fb43a00ab09c8b2e94ef837b2a,"{""d"":7.0,""p"":0.0001,""r"":7.0}",
      6144,         0,         0,   0.055,correlated_pymatching,3ff5e208e6b76d3eb4e957d28e66058d6f9266124b7e5e941f0dab4b55388fe7,"{""d"":3.0,""p"":0.0001,""r"":3.0}",
        16,         1,         0,   0.102,correlated_pymatching,c7c8fa0005d0d0b4f8d3f6840b9460b6933d06e776bd720b83f3710ed84c3d49,"{""d"":7.0,""p"":0.004641588833612777,""r"":7.0}","{""obs_mistake_mask=E"":1}"
     63488,         7,         0,   0.566,correlated_pymatching,3ff5e208e6b76d3eb4e957d28e66058d6f9266124b7e5e941f0dab4b55388fe7,"{""d"":3.0,""p"":0.0001,""r"":3.0}","{""obs_mistake_mask=E"":7}"
     61440,        19,         0,   0.563,correlated_pymatching,f48a1a7573d5dc37bebfd2d23ab60f34439beb692589eaccdc215bd16c4b5370,"{""d"":3.0,""p"":0.00021544346900318845,""r"":3.0}","{""obs_mistake_mask=E"":19}"
      2048,         0,         0,   0.252,correlated_pymatching,d375ef9124ce40870f0834887e212a4b5fa1761556314559f013816e08158024,"{""d"":7.0,""p"":0.00046415888336127773,""r"":7.0}",
      8192,         4,         0,   0.075,correlated_pymatching,f48a1a7573d5dc37bebfd2d23ab60f34439beb692589eaccdc215bd16c4b5370,"{""d"":3.0,""p"":0.00021544346900318845,""r"":3.0}","{""obs_mistake_mask=E"":4}"
        64,         1,         0,   0.106,correlated_pymatching,cca4707bb9b08e02f7538b96b830c79d08355eaa3ce77c65da374ff9fbc4fe74,"{""d"":7.0,""p"":0.002154434690031882,""r"":7.0}","{""obs_mistake_mask=E"":1}"
     14336,         0,         0,   0.565,correlated_pymatching,d05dfd6d26439ab105696a06e7cf5555a9186ccbfbd37bf17c421cab4331a5f3,"{""d"":5.0,""p"":0.0001,""r"":5.0}",
      1024,         0,         0,   0.157,correlated_pymatching,a8310dbbc441a92d61d39a18764fc49fdbe77c657ab9ed3f9aff31a58729b2b0,"{""d"":7.0,""p"":0.001,""r"":7.0}",
      9216,         2,         0,   0.082,correlated_pymatching,3ff5e208e6b76d3eb4e957d28e66058d6f9266124b7e5e941f0dab4b55388fe7,"{""d"":3.0,""p"":0.0001,""r"":3.0}","{""obs_mistake_mask=E"":2}"
         1,         0,         0,   0.036,correlated_pymatching,d05dfd6d26439ab105696a06e7cf5555a9186ccbfbd37bf17c421cab4331a5f3,"{""d"":5.0,""p"":0.0001,""r"":5.0}",
      2048,         5,         0,   0.439,correlated_pymatching,cca4707bb9b08e02f7538b96b830c79d08355eaa3ce77c65da374ff9fbc4fe74,"{""d"":7.0,""p"":0.002154434690031882,""r"":7.0}","{""obs_mistake_mask=E"":5}"
         1,         0,         0,   0.036,correlated_pymatching,02577dd842a1ef1ffa76eecb4d0727e37a8991db1af1a7da799291d22f5d094a,"{""d"":5.0,""p"":0.00021544346900318845,""r"":5.0}",
        16,         6,         0,   0.119,correlated_pymatching,5e2304ce3fad1e9af417b7d36f699ce6fb989d7d200de1fbc8681f5f8a390a63,"{""d"":7.0,""p"":0.021544346900318822,""r"":7.0}","{""obs_mistake_mask=E"":6}"
      2048,         0,         0,   0.219,correlated_pymatching,8beb24caf2e2f0c22669330a865cd85a3a3aa7fb43a00ab09c8b2e94ef837b2a,"{""d"":7.0,""p"":0.0001,""r"":7.0}",
       128,        58,         0,   0.373,correlated_pymatching,04c93e4421c7b53d6d20c69e21f23d3ca798fad918ca8a64f5b6eafc1864f442,"{""d"":7.0,""p"":0.1,""r"":7.0}","{""obs_mistake_mask=E"":58}"
      1024,        93,         0,   0.416,correlated_pymatching,c7c8fa0005d0d0b4f8d3f6840b9460b6933d06e776bd720b83f3710ed84c3d49,"{""d"":7.0,""p"":0.004641588833612777,""r"":7.0}","{""obs_mistake_mask=E"":93}"
       128,        59,         0,   0.372,correlated_pymatching,04c93e4421c7b53d6d20c69e21f23d3ca798fad918ca8a64f5b6eafc1864f442,"{""d"":7.0,""p"":0.1,""r"":7.0}","{""obs_mistake_mask=E"":59}"
        16,         0,         0,   0.036,correlated_pymatching,d05dfd6d26439ab105696a06e7cf5555a9186ccbfbd37bf17c421cab4331a5f3,"{""d"":5.0,""p"":0.0001,""r"":5.0}",
        16,         0,         0,   0.036,correlated_pymatching,02577dd842a1ef1ffa76eecb4d0727e37a8991db1af1a7da799291d22f5d094a,"{""d"":5.0,""p"":0.00021544346900318845,""r"":5.0}",
     14336,         0,         0,   0.590,correlated_pymatching,02577dd842a1ef1ffa76eecb4d0727e37a8991db1af1a7da799291d22f5d094a,"{""d"":5.0,""p"":0.00021544346900318845,""r"":5.0}",
        64,         5,         0,   0.124,correlated_pymatching,c7c8fa0005d0d0b4f8d3f6840b9460b6933d06e776bd720b83f3710ed84c3d49,"{""d"":7.0,""p"":0.004641588833612777,""r"":7.0}","{""obs_mistake_mask=E"":5}"
      8192,        11,         0,   0.584,correlated_pymatching,10f518392001f33bca4fa428c5efb2bb60491194cc454617388c7f025d9e60f0,"{""d"":5.0,""p"":0.001,""r"":5.0}","{""obs_mistake_mask=E"":11}"
      3072,         0,         0,   0.443,correlated_pymatching,a8310dbbc441a92d61d39a18764fc49fdbe77c657ab9ed3f9aff31a58729b2b0,"{""d"":7.0,""p"":0.001,""r"":7.0}",
     13312,         1,         0,   0.594,correlated_pymatching,80c44e915a981af8af51acc088922b07074e67f978d596f56e5bb6df96b53467,"{""d"":5.0,""p"":0.00046415888336127773,""r"":5.0}","{""obs_mistake_mask=E"":1}"
      4096,         0,         0,   0.441,correlated_pymatching,37f268fbfb1512405cedc6a9f187fe834ff0248dae64f05e468219cda62bb709,"{""d"":7.0,""p"":0.00021544346900318845,""r"":7.0}",
      2048,         0,         0,   0.232,correlated_pymatching,37f268fbfb1512405cedc6a9f187fe834ff0248dae64f05e468219cda62bb709,"{""d"":7.0,""p"":0.00021544346900318845,""r"":7.0}",
       256,         0,         0,   0.037,correlated_pymatching,d05dfd6d26439ab105696a06e7cf5555a9186ccbfbd37bf17c421cab4331a5f3,"{""d"":5.0,""p"":0.0001,""r"":5.0}",
       256,         0,         0,   0.037,correlated_pymatching,02577dd842a1ef1ffa76eecb4d0727e37a8991db1af1a7da799291d22f5d094a,"{""d"":5.0,""p"":0.00021544346900318845,""r"":5.0}",
     12288,         5,         0,   0.113,correlated_pymatching,f48a1a7573d5dc37bebfd2d23ab60f34439beb692589eaccdc215bd16c4b5370,"{""d"":3.0,""p"":0.00021544346900318845,""r"":3.0}","{""obs_mistake_mask=E"":5}"
      9216,         1,         0,   0.413,correlated_pymatching,80c44e915a981af8af51acc088922b07074e67f978d596f56e5bb6df96b53467,"{""d"":5.0,""p"":0.00046415888336127773,""r"":5.0}","{""obs_mistake_mask=E"":1}"
       256,         2,         0,   0.131,correlated_pymatching,cca4707bb9b08e02f7538b96b830c79d08355eaa3ce77c65da374ff9fbc4fe74,"{""d"":7.0,""p"":0.002154434690031882,""r"":7.0}","{""obs_mistake_mask=E"":2}"
     12288,         0,         0,   0.109,correlated_pymatching,3ff5e208e6b76d3eb4e957d28e66058d6f9266124b7e5e941f0dab4b55388fe7,"{""d"":3.0,""p"":0.0001,""r"":3.0}",
      1024,         0,         0,   0.040,correlated_pymatching,d05dfd6d26439ab105696a06e7cf5555a9186ccbfbd37bf17c421cab4331a5f3,"{""d"":5.0,""p"":0.0001,""r"":5.0}",
      8192,         8,         0,   0.444,correlated_pymatching,10f518392001f33bca4fa428c5efb2bb60491194cc454617388c7f025d9e60f0,"{""d"":5.0,""p"":0.001,""r"":5.0}","{""obs_mistake_mask=E"":8}"
      1024,         0,         0,   0.042,correlated_pymatching,02577dd842a1ef1ffa76eecb4d0727e37a8991db1af1a7da799291d22f5d094a,"{""d"":5.0,""p"":0.00021544346900318845,""r"":5.0}",
         1,         0,         0,   0.037,correlated_pymatching,80c44e915a981af8af51acc088922b07074e67f978d596f56e5bb6df96b53467,"{""d"":5.0,""p"":0.00046415888336127773,""r"":5.0}",
       256,       121,         0,   0.466,correlated_pymatching,5e2304ce3fad1e9af417b7d36f699ce6fb989d7d200de1fbc8681f5f8a390a63,"{""d"":7.0,""p"":0.021544346900318822,""r"":7.0}","{""obs_mistake_mask=E"":121}"
         1,         0,         0,   0.036,correlated_pymatching,10f518392001f33bca4fa428c5efb2bb60491194cc454617388c7f025d9e60f0,"{""d"":5.0,""p"":0.001,""r"":5.0}",
      1024,         0,         0,   0.040,correlated_pymatching,d05dfd6d26439ab105696a06e7cf5555a9186ccbfbd37bf17c421cab4331a5f3,"{""d"":5.0,""p"":0.0001,""r"":5.0}",
      4096,         0,         0,   0.492,correlated_pymatching,d375ef9124ce40870f0834887e212a4b5fa1761556314559f013816e08158024,"{""d"":7.0,""p"":0.00046415888336127773,""r"":7.0}",
      1024,         0,         0,   0.042,correlated_pymatching,02577dd842a1ef1ffa76eecb4d0727e37a8991db1af1a7da799291d22f5d094a,"{""d"":5.0,""p"":0.00021544346900318845,""r"":5.0}",
        16,         0,         0,   0.036,correlated_pymatching,80c44e915a981af8af51acc088922b07074e67f978d596f56e5bb6df96b53467,"{""d"":5.0,""p"":0.00046415888336127773,""r"":5.0}",
        16,         0,         0,   0.036,correlated_pymatching,10f518392001f33bca4fa428c5efb2bb60491194cc454617388c7f025d9e60f0,"{""d"":5.0,""p"":0.001,""r"":5.0}",
        64,        37,         0,   0.189,correlated_pymatching,5e2304ce3fad1e9af417b7d36f699ce6fb989d7d200de1fbc8681f5f8a390a63,"{""d"":7.0,""p"":0.021544346900318822,""r"":7.0}","{""obs_mistake_mask=E"":37}"
       256,         0,         0,   0.038,correlated_pymatching,80c44e915a981af8af51acc088922b07074e67f978d596f56e5bb6df96b53467,"{""d"":5.0,""p"":0.00046415888336127773,""r"":5.0}",
      2048,         0,         0,   0.252,correlated_pymatching,d375ef9124ce40870f0834887e212a4b5fa1761556314559f013816e08158024,"{""d"":7.0,""p"":0.00046415888336127773,""r"":7.0}",
       256,         0,         0,   0.041,correlated_pymatching,10f518392001f33bca4fa428c5efb2bb60491194cc454617388c7f025d9e60f0,"{""d"":5.0,""p"":0.001,""r"":5.0}",
      2048,         0,         0,   0.082,correlated_pymatching,d05dfd6d26439ab105696a06e7cf5555a9186ccbfbd37bf17c421cab4331a5f3,"{""d"":5.0,""p"":0.0001,""r"":5.0}",
     16384,         5,         0,   0.152,correlated_pymatching,f48a1a7573d5dc37bebfd2d23ab60f34439beb692589eaccdc215bd16c4b5370,"{""d"":3.0,""p"":0.00021544346900318845,""r"":3.0}","{""obs_mistake_mask=E"":5}"
      2048,         0,         0,   0.083,correlated_pymatching,02577dd842a1ef1ffa76eecb4d0727e37a8991db1af1a7da799291d22f5d094a,"{""d"":5.0,""p"":0.00021544346900318845,""r"":5.0}",
      1024,         0,         0,   0.045,correlated_pymatching,80c44e915a981af8af51acc088922b07074e67f978d596f56e5bb6df96b53467,"{""d"":5.0,""p"":0.00046415888336127773,""r"":5.0}",
     17408,         1,         0,   0.154,correlated_pymatching,3ff5e208e6b76d3eb4e957d28e66058d6f9266124b7e5e941f0dab4b55388fe7,"{""d"":3.0,""p"":0.0001,""r"":3.0}","{""obs_mistake_mask=E"":1}"
      1024,         4,         0,   0.053,correlated_pymatching,10f518392001f33bca4fa428c5efb2bb60491194cc454617388c7f025d9e60f0,"{""d"":5.0,""p"":0.001,""r"":5.0}","{""obs_mistake_mask=E"":4}"
      2048,         0,         0,   0.311,correlated_pymatching,a8310dbbc441a92d61d39a18764fc49fdbe77c657ab9ed3f9aff31a58729b2b0,"{""d"":7.0,""p"":0.001,""r"":7.0}",
      1024,         0,         0,   0.045,correlated_pymatching,80c44e915a981af8af51acc088922b07074e67f978d596f56e5bb6df96b53467,"{""d"":5.0,""p"":0.00046415888336127773,""r"":5.0}",
      2048,         0,         0,   0.080,correlated_pymatching,d05dfd6d26439ab105696a06e7cf5555a9186ccbfbd37bf17c421cab4331a5f3,"{""d"":5.0,""p"":0.0001,""r"":5.0}",
      1024,         5,         0,   0.223,correlated_pymatching,cca4707bb9b08e02f7538b96b830c79d08355eaa3ce77c65da374ff9fbc4fe74,"{""d"":7.0,""p"":0.002154434690031882,""r"":7.0}","{""obs_mistake_mask=E"":5}"
      1024,         1,         0,   0.054,correlated_pymatching,10f518392001f33bca4fa428c5efb2bb60491194cc454617388c7f025d9e60f0,"{""d"":5.0,""p"":0.001,""r"":5.0}","{""obs_mistake_mask=E"":1}"
      2048,         0,         0,   0.083,correlated_pymatching,02577dd842a1ef1ffa76eecb4d0727e37a8991db1af1a7da799291d22f5d094a,"{""d"":5.0,""p"":0.00021544346900318845,""r"":5.0}",
       256,        20,         0,   0.283,correlated_pymatching,c7c8fa0005d0d0b4f8d3f6840b9460b6933d06e776bd720b83f3710ed84c3d49,"{""d"":7.0,""p"":0.004641588833612777,""r"":7.0}","{""obs_mistake_mask=E"":20}"
      3072,         0,         0,   0.329,correlated_pymatching,8beb24caf2e2f0c22669330a865cd85a3a3aa7fb43a00ab09c8b2e94ef837b2a,"{""d"":7.0,""p"":0.0001,""r"":7.0}",
      1024,         0,         0,   0.054,correlated_pymatching,10f518392001f33bca4fa428c5efb2bb60491194cc454617388c7f025d9e60f0,"{""d"":5.0,""p"":0.001,""r"":5.0}",
      2048,         0,         0,   0.091,correlated_pymatching,80c44e915a981af8af51acc088922b07074e67f978d596f56e5bb6df96b53467,"{""d"":5.0,""p"":0.00046415888336127773,""r"":5.0}",
     14336,         0,         0,   0.599,correlated_pymatching,02577dd842a1ef1ffa76eecb4d0727e37a8991db1af1a7da799291d22f5d094a,"{""d"":5.0,""p"":0.00021544346900318845,""r"":5.0}",
      3072,         0,         0,   0.345,correlated_pymatching,37f268fbfb1512405cedc6a9f187fe834ff0248dae64f05e468219cda62bb709,"{""d"":7.0,""p"":0.00021544346900318845,""r"":7.0}",
      3072,         0,         0,   0.121,correlated_pymatching,d05dfd6d26439ab105696a06e7cf5555a9186ccbfbd37bf17c421cab4331a5f3,"{""d"":5.0,""p"":0.0001,""r"":5.0}",
      1024,        92,         0,   0.415,correlated_pymatching,c7c8fa0005d0d0b4f8d3f6840b9460b6933d06e776bd720b83f3710ed84c3d49,"{""d"":7.0,""p"":0.004641588833612777,""r"":7.0}","{""obs_mistake_mask=E"":92}"
         1,         0,         0,   0.097,correlated_pymatching,8beb24caf2e2f0c22669330a865cd85a3a3aa7fb43a00ab09c8b2e94ef837b2a,"{""d"":7.0,""p"":0.0001,""r"":7.0}",
     22528,         9,         0,   0.207,correlated_pymatching,f48a1a7573d5dc37bebfd2d23ab60f34439beb692589eaccdc215bd16c4b5370,"{""d"":3.0,""p"":0.00021544346900318845,""r"":3.0}","{""obs_mistake_mask=E"":9}"
      2048,         8,         0,   0.447,correlated_pymatching,cca4707bb9b08e02f7538b96b830c79d08355eaa3ce77c65da374ff9fbc4fe74,"{""d"":7.0,""p"":0.002154434690031882,""r"":7.0}","{""obs_mistake_mask=E"":8}"
         1,         0,         0,   0.097,correlated_pymatching,37f268fbfb1512405cedc6a9f187fe834ff0248dae64f05e468219cda62bb709,"{""d"":7.0,""p"":0.00021544346900318845,""r"":7.0}",
      3072,         0,         0,   0.125,correlated_pymatching,02577dd842a1ef1ffa76eecb4d0727e37a8991db1af1a7da799291d22f5d094a,"{""d"":5.0,""p"":0.00021544346900318845,""r"":5.0}",
     15360,         0,         0,   0.604,correlated_pymatching,d05dfd6d26439ab105696a06e7cf5555a9186ccbfbd37bf17c421cab4331a5f3,"{""d"":5.0,""p"":0.0001,""r"":5.0}",
     23552,         5,         0,   0.211,correlated_pymatching,3ff5e208e6b76d3eb4e957d28e66058d6f9266124b7e5e941f0dab4b55388fe7,"{""d"":3.0,""p"":0.0001,""r"":3.0}","{""obs_mistake_mask=E"":5}"
      2048,         0,         0,   0.092,correlated_pymatching,80c44e915a981af8af51acc088922b07074e67f978d596f56e5bb6df96b53467,"{""d"":5.0,""p"":0.00046415888336127773,""r"":5.0}",
      2048,         5,         0,   0.108,correlated_pymatching,10f518392001f33bca4fa428c5efb2bb60491194cc454617388c7f025d9e60f0,"{""d"":5.0,""p"":0.001,""r"":5.0}","{""obs_mistake_mask=E"":5}"
         4,         0,         0,   0.099,correlated_pymatching,8beb24caf2e2f0c22669330a865cd85a3a3aa7fb43a00ab09c8b2e94ef837b2a,"{""d"":7.0,""p"":0.0001,""r"":7.0}",
      1024,         2,         0,   0.223,correlated_pymatching,cca4707bb9b08e02f7538b96b830c79d08355eaa3ce77c65da374ff9fbc4fe74,"{""d"":7.0,""p"":0.002154434690031882,""r"":7.0}","{""obs_mistake_mask=E"":2}"
         4,         0,         0,   0.096,correlated_pymatching,37f268fbfb1512405cedc6a9f187fe834ff0248dae64f05e468219cda62bb709,"{""d"":7.0,""p"":0.00021544346900318845,""r"":7.0}",
      6144,         0,         0,   0.646,correlated_pymatching,8beb24caf2e2f0c22669330a865cd85a3a3aa7fb43a00ab09c8b2e94ef837b2a,"{""d"":7.0,""p"":0.0001,""r"":7.0}",
      3072,         0,         0,   0.374,correlated_pymatching,d375ef9124ce40870f0834887e212a4b5fa1761556314559f013816e08158024,"{""d"":7.0,""p"":0.00046415888336127773,""r"":7.0}",
      4096,         0,         0,   0.160,correlated_pymatching,d05dfd6d26439ab105696a06e7cf5555a9186ccbfbd37bf17c421cab4331a5f3,"{""d"":5.0,""p"":0.0001,""r"":5.0}",
      2048,         1,         0,   0.107,correlated_pymatching,10f518392001f33bca4fa428c5efb2bb60491194cc454617388c7f025d9e60f0,"{""d"":5.0,""p"":0.001,""r"":5.0}","{""obs_mistake_mask=E"":1}"
      2048,         0,         0,   0.312,correlated_pymatching,a8310dbbc441a92d61d39a18764fc49fdbe77c657ab9ed3f9aff31a58729b2b0,"{""d"":7.0,""p"":0.001,""r"":7.0}",
     89088,         7,         0,   0.786,correlated_pymatching,3ff5e208e6b76d3eb4e957d28e66058d6f9266124b7e5e941f0dab4b55388fe7,"{""d"":3.0,""p"":0.0001,""r"":3.0}","{""obs_mistake_mask=E"":7}"
     75776,        33,         0,   0.790,correlated_pymatching,f48a1a7573d5dc37bebfd2d23ab60f34439beb692589eaccdc215bd16c4b5370,"{""d"":3.0,""p"":0.00021544346900318845,""r"":3.0}","{""obs_mistake_mask=E"":33}"
      3072,         1,         0,   0.136,correlated_pymatching,80c44e915a981af8af51acc088922b07074e67f978d596f56e5bb6df96b53467,"{""d"":5.0,""p"":0.00046415888336127773,""r"":5.0}","{""obs_mistake_mask=E"":1}"
      4096,         0,         0,   0.168,correlated_pymatching,02577dd842a1ef1ffa76eecb4d0727e37a8991db1af1a7da799291d22f5d094a,"{""d"":5.0,""p"":0.00021544346900318845,""r"":5.0}",
        16,         0,         0,   0.097,correlated_pymatching,37f268fbfb1512405cedc6a9f187fe834ff0248dae64f05e468219cda62bb709,"{""d"":7.0,""p"":0.00021544346900318845,""r"":7.0}",
      4096,         1,         0,   0.590,correlated_pymatching,a8310dbbc441a92d61d39a18764fc49fdbe77c657ab9ed3f9aff31a58729b2b0,"{""d"":7.0,""p"":0.001,""r"":7.0}","{""obs_mistake_mask=E"":1}"
        16,         0,         0,   0.100,correlated_pymatching,8beb24caf2e2f0c22669330a865cd85a3a3aa7fb43a00ab09c8b2e94ef837b2a,"{""d"":7.0,""p"":0.0001,""r"":7.0}",
     13312,         2,         0,   0.598,correlated_pymatching,80c44e915a981af8af51acc088922b07074e67f978d596f56e5bb6df96b53467,"{""d"":5.0,""p"":0.00046415888336127773,""r"":5.0}","{""obs_mistake_mask=E"":2}"
       512,        48,         0,   0.377,correlated_pymatching,c7c8fa0005d0d0b4f8d3f6840b9460b6933d06e776bd720b83f3710ed84c3d49,"{""d"":7.0,""p"":0.004641588833612777,""r"":7.0}","{""obs_mistake_mask=E"":48}"
     11264,         9,         0,   0.597,correlated_pymatching,10f518392001f33bca4fa428c5efb2bb60491194cc454617388c7f025d9e60f0,"{""d"":5.0,""p"":0.001,""r"":5.0}","{""obs_mistake_mask=E"":9}"
     88064,        11,         0,   0.785,correlated_pymatching,3ff5e208e6b76d3eb4e957d28e66058d6f9266124b7e5e941f0dab4b55388fe7,"{""d"":3.0,""p"":0.0001,""r"":3.0}","{""obs_mistake_mask=E"":11}"
      6144,         0,         0,   0.668,correlated_pymatching,37f268fbfb1512405cedc6a9f187fe834ff0248dae64f05e468219cda62bb709,"{""d"":7.0,""p"":0.00021544346900318845,""r"":7.0}",
     31744,        14,         0,   0.291,correlated_pymatching,f48a1a7573d5dc37bebfd2d23ab60f34439beb692589eaccdc215bd16c4b5370,"{""d"":3.0,""p"":0.00021544346900318845,""r"":3.0}","{""obs_mistake_mask=E"":14}"
        64,         0,         0,   0.098,correlated_pymatching,37f268fbfb1512405cedc6a9f187fe834ff0248dae64f05e468219cda62bb709,"{""d"":7.0,""p"":0.00021544346900318845,""r"":7.0}",
        64,         0,         0,   0.100,correlated_pymatching,8beb24caf2e2f0c22669330a865cd85a3a3aa7fb43a00ab09c8b2e94ef837b2a,"{""d"":7.0,""p"":0.0001,""r"":7.0}",
     86016,        34,         0,   0.792,correlated_pymatching,f48a1a7573d5dc37bebfd2d23ab60f34439beb692589eaccdc215bd16c4b5370,"{""d"":3.0,""p"":0.00021544346900318845,""r"":3.0}","{""obs_mistake_mask=E"":34}"
      3072,         1,         0,   0.161,correlated_pymatching,10f518392001f33bca4fa428c5efb2bb60491194cc454617388c7f025d9e60f0,"{""d"":5.0,""p"":0.001,""r"":5.0}","{""obs_mistake_mask=E"":1}"
      1024,         3,         0,   0.222,correlated_pymatching,cca4707bb9b08e02f7538b96b830c79d08355eaa3ce77c65da374ff9fbc4fe74,"{""d"":7.0,""p"":0.002154434690031882,""r"":7.0}","{""obs_mistake_mask=E"":3}"
      5120,         0,         0,   0.613,correlated_pymatching,d375ef9124ce40870f0834887e212a4b5fa1761556314559f013816e08158024,"{""d"":7.0,""p"":0.00046415888336127773,""r"":7.0}",
     26624,         3,         0,   0.303,correlated_pymatching,3ff5e208e6b76d3eb4e957d28e66058d6f9266124b7e5e941f0dab4b55388fe7,"{""d"":3.0,""p"":0.0001,""r"":3.0}","{""obs_mistake_mask=E"":3}"
     20480,         0,         0,   0.809,correlated_pymatching,d05dfd6d26439ab105696a06e7cf5555a9186ccbfbd37bf17c421cab4331a5f3,"{""d"":5.0,""p"":0.0001,""r"":5.0}",
      4096,         0,         0,   0.445,correlated_pymatching,8beb24caf2e2f0c22669330a865cd85a3a3aa7fb43a00ab09c8b2e94ef837b2a,"{""d"":7.0,""p"":0.0001,""r"":7.0}",
      4096,         1,         0,   0.184,correlated_pymatching,80c44e915a981af8af51acc088922b07074e67f978d596f56e5bb6df96b53467,"{""d"":5.0,""p"":0.00046415888336127773,""r"":5.0}","{""obs_mistake_mask=E"":1}"
      5120,         0,         0,   0.209,correlated_pymatching,02577dd842a1ef1ffa76eecb4d0727e37a8991db1af1a7da799291d22f5d094a,"{""d"":5.0,""p"":0.00021544346900318845,""r"":5.0}",
      6144,         0,         0,   0.243,correlated_pymatching,d05dfd6d26439ab105696a06e7cf5555a9186ccbfbd37bf17c421cab4331a5f3,"{""d"":5.0,""p"":0.0001,""r"":5.0}",
       256,         0,         0,   0.100,correlated_pymatching,37f268fbfb1512405cedc6a9f187fe834ff0248dae64f05e468219cda62bb709,"{""d"":7.0,""p"":0.00021544346900318845,""r"":7.0}",
       256,         0,         0,   0.102,correlated_pymatching,8beb24caf2e2f0c22669330a865cd85a3a3aa7fb43a00ab09c8b2e94ef837b2a,"{""d"":7.0,""p"":0.0001,""r"":7.0}",
     19456,         0,         0,   0.803,correlated_pymatching,02577dd842a1ef1ffa76eecb4d0727e37a8991db1af1a7da799291d22f5d094a,"{""d"":5.0,""p"":0.00021544346900318845,""r"":5.0}",
     15360,        14,         0,   0.813,correlated_pymatching,10f518392001f33bca4fa428c5efb2bb60491194cc454617388c7f025d9e60f0,"{""d"":5.0,""p"":0.001,""r"":5.0}","{""obs_mistake_mask=E"":14}"
      4096,         0,         0,   0.463,correlated_pymatching,37f268fbfb1512405cedc6a9f187fe834ff0248dae64f05e468219cda62bb709,"{""d"":7.0,""p"":0.00021544346900318845,""r"":7.0}",
     17408,         2,         0,   0.825,correlated_pymatching,80c44e915a981af8af51acc088922b07074e67f978d596f56e5bb6df96b53467,"{""d"":5.0,""p"":0.00046415888336127773,""r"":5.0}","{""obs_mistake_mask=E"":2}"
         1,         0,         0,   0.097,correlated_pymatching,d375ef9124ce40870f0834887e212a4b5fa1761556314559f013816e08158024,"{""d"":7.0,""p"":0.00046415888336127773,""r"":7.0}",
      1024,         0,         0,   0.113,correlated_pymatching,37f268fbfb1512405cedc6a9f187fe834ff0248dae64f05e468219cda62bb709,"{""d"":7.0,""p"":0.00021544346900318845,""r"":7.0}",
         1,         0,         0,   0.096,correlated_pymatching,a8310dbbc441a92d61d39a18764fc49fdbe77c657ab9ed3f9aff31a58729b2b0,"{""d"":7.0,""p"":0.001,""r"":7.0}",
      1024,         0,         0,   0.110,correlated_pymatching,8beb24caf2e2f0c22669330a865cd85a3a3aa7fb43a00ab09c8b2e94ef837b2a,"{""d"":7.0,""p"":0.0001,""r"":7.0}",
      4096,         7,         0,   0.215,correlated_pymatching,10f518392001f33bca4fa428c5efb2bb60491194cc454617388c7f025d9e60f0,"{""d"":5.0,""p"":0.001,""r"":5.0}","{""obs_mistake_mask=E"":7}"
      1024,         1,         0,   0.221,correlated_pymatching,cca4707bb9b08e02f7538b96b830c79d08355eaa3ce77c65da374ff9fbc4fe74,"{""d"":7.0,""p"":0.002154434690031882,""r"":7.0}","{""obs_mistake_mask=E"":1}"
      5120,         1,         0,   0.228,correlated_pymatching,80c44e915a981af8af51acc088922b07074e67f978d596f56e5bb6df96b53467,"{""d"":5.0,""p"":0.00046415888336127773,""r"":5.0}","{""obs_mistake_mask=E"":1}"
         4,         0,         0,   0.097,correlated_pymatching,d375ef9124ce40870f0834887e212a4b5fa1761556314559f013816e08158024,"{""d"":7.0,""p"":0.00046415888336127773,""r"":7.0}",
         4,         0,         0,   0.096,correlated_pymatching,a8310dbbc441a92d61d39a18764fc49fdbe77c657ab9ed3f9aff31a58729b2b0,"{""d"":7.0,""p"":0.001,""r"":7.0}",
      1024,         0,         0,   0.109,correlated_pymatching,8beb24caf2e2f0c22669330a865cd85a3a3aa7fb43a00ab09c8b2e94ef837b2a,"{""d"":7.0,""p"":0.0001,""r"":7.0}",
      1024,         0,         0,   0.113,correlated_pymatching,37f268fbfb1512405cedc6a9f187fe834ff0248dae64f05e468219cda62bb709,"{""d"":7.0,""p"":0.00021544346900318845,""r"":7.0}",
      3072,         0,         0,   0.472,correlated_pymatching,a8310dbbc441a92d61d39a18764fc49fdbe77c657ab9ed3f9aff31a58729b2b0,"{""d"":7.0,""p"":0.001,""r"":7.0}",
      4096,         0,         0,   0.500,correlated_pymatching,d375ef9124ce40870f0834887e212a4b5fa1761556314559f013816e08158024,"{""d"":7.0,""p"":0.00046415888336127773,""r"":7.0}",
      3072,         7,         0,   0.646,correlated_pymatching,cca4707bb9b08e02f7538b96b830c79d08355eaa3ce77c65da374ff9fbc4fe74,"{""d"":7.0,""p"":0.002154434690031882,""r"":7.0}","{""obs_mistake_mask=E"":7}"
      7168,         1,         0,   0.293,correlated_pymatching,02577dd842a1ef1ffa76eecb4d0727e37a8991db1af1a7da799291d22f5d094a,"{""d"":5.0,""p"":0.00021544346900318845,""r"":5.0}","{""obs_mistake_mask=E"":1}"
        16,         0,         0,   0.096,correlated_pymatching,d375ef9124ce40870f0834887e212a4b5fa1761556314559f013816e08158024,"{""d"":7.0,""p"":0.00046415888336127773,""r"":7.0}",
     44032,        14,         0,   0.401,correlated_pymatching,f48a1a7573d5dc37bebfd2d23ab60f34439beb692589eaccdc215bd16c4b5370,"{""d"":3.0,""p"":0.00021544346900318845,""r"":3.0}","{""obs_mistake_mask=E"":14}"
        16,         0,         0,   0.095,correlated_pymatching,a8310dbbc441a92d61d39a18764fc49fdbe77c657ab9ed3f9aff31a58729b2b0,"{""d"":7.0,""p"":0.001,""r"":7.0}",
      8192,         0,         0,   0.322,correlated_pymatching,d05dfd6d26439ab105696a06e7cf5555a9186ccbfbd37bf17c421cab4331a5f3,"{""d"":5.0,""p"":0.0001,""r"":5.0}",
      1024,         0,         0,   0.108,correlated_pymatching,8beb24caf2e2f0c22669330a865cd85a3a3aa7fb43a00ab09c8b2e94ef837b2a,"{""d"":7.0,""p"":0.0001,""r"":7.0}",
      1024,         0,         0,   0.114,correlated_pymatching,37f268fbfb1512405cedc6a9f187fe834ff0248dae64f05e468219cda62bb709,"{""d"":7.0,""p"":0.00021544346900318845,""r"":7.0}",
     41984,         7,         0,   0.404,correlated_pymatching,3ff5e208e6b76d3eb4e957d28e66058d6f9266124b7e5e941f0dab4b55388fe7,"{""d"":3.0,""p"":0.0001,""r"":3.0}","{""obs_mistake_mask=E"":7}"
      1024,         9,         0,   0.221,correlated_pymatching,cca4707bb9b08e02f7538b96b830c79d08355eaa3ce77c65da374ff9fbc4fe74,"{""d"":7.0,""p"":0.002154434690031882,""r"":7.0}","{""obs_mistake_mask=E"":9}"
     19456,         0,         0,   0.805,correlated_pymatching,02577dd842a1ef1ffa76eecb4d0727e37a8991db1af1a7da799291d22f5d094a,"{""d"":5.0,""p"":0.00021544346900318845,""r"":5.0}",
        64,         0,         0,   0.099,correlated_pymatching,d375ef9124ce40870f0834887e212a4b5fa1761556314559f013816e08158024,"{""d"":7.0,""p"":0.00046415888336127773,""r"":7.0}",
        64,         0,         0,   0.098,correlated_pymatching,a8310dbbc441a92d61d39a18764fc49fdbe77c657ab9ed3f9aff31a58729b2b0,"{""d"":7.0,""p"":0.001,""r"":7.0}",
     20480,         0,         0,   0.807,correlated_pymatching,d05dfd6d26439ab105696a06e7cf5555a9186ccbfbd37bf17c421cab4331a5f3,"{""d"":5.0,""p"":0.0001,""r"":5.0}",
      6144,         3,         0,   0.324,correlated_pymatching,10f518392001f33bca4fa428c5efb2bb60491194cc454617388c7f025d9e60f0,"{""d"":5.0,""p"":0.001,""r"":5.0}","{""obs_mistake_mask=E"":3}"
       256,         0,         0,   0.106,correlated_pymatching,d375ef9124ce40870f0834887e212a4b5fa1761556314559f013816e08158024,"{""d"":7.0,""p"":0.00046415888336127773,""r"":7.0}",
      7168,         0,         0,   0.319,correlated_pymatching,80c44e915a981af8af51acc088922b07074e67f978d596f56e5bb6df96b53467,"{""d"":5.0,""p"":0.00046415888336127773,""r"":5.0}",
       256,         0,         0,   0.108,correlated_pymatching,a8310dbbc441a92d61d39a18764fc49fdbe77c657ab9ed3f9aff31a58729b2b0,"{""d"":7.0,""p"":0.001,""r"":7.0}",
      2048,         0,         0,   0.215,correlated_pymatching,8beb24caf2e2f0c22669330a865cd85a3a3aa7fb43a00ab09c8b2e94ef837b2a,"{""d"":7.0,""p"":0.0001,""r"":7.0}",
      2048,         0,         0,   0.225,correlated_pymatching,37f268fbfb1512405cedc6a9f187fe834ff0248dae64f05e468219cda62bb709,"{""d"":7.0,""p"":0.00021544346900318845,""r"":7.0}",
      8192,         0,         0,   0.864,correlated_pymatching,8beb24caf2e2f0c22669330a865cd85a3a3aa7fb43a00ab09c8b2e94ef837b2a,"{""d"":7.0,""p"":0.0001,""r"":7.0}",
      5120,         0,         0,   0.580,correlated_pymatching,37f268fbfb1512405cedc6a9f187fe834ff0248dae64f05e468219cda62bb709,"{""d"":7.0,""p"":0.00021544346900318845,""r"":7.0}",
      6144,         0,         0,   0.672,correlated_pymatching,8beb24caf2e2f0c22669330a865cd85a3a3aa7fb43a00ab09c8b2e94ef837b2a,"{""d"":7.0,""p"":0.0001,""r"":7.0}",
      1024,         0,         0,   0.126,correlated_pymatching,d375ef9124ce40870f0834887e212a4b5fa1761556314559f013816e08158024,"{""d"":7.0,""p"":0.00046415888336127773,""r"":7.0}",
      1024,         0,         0,   0.148,correlated_pymatching,a8310dbbc441a92d61d39a18764fc49fdbe77c657ab9ed3f9aff31a58729b2b0,"{""d"":7.0,""p"":0.001,""r"":7.0}",
     18432,         2,         0,   0.834,correlated_pymatching,80c44e915a981af8af51acc088922b07074e67f978d596f56e5bb6df96b53467,"{""d"":5.0,""p"":0.00046415888336127773,""r"":5.0}","{""obs_mistake_mask=E"":2}"
      6144,         0,         0,   0.900,correlated_pymatching,a8310dbbc441a92d61d39a18764fc49fdbe77c657ab9ed3f9aff31a58729b2b0,"{""d"":7.0,""p"":0.001,""r"":7.0}",
     10240,         0,         0,   0.419,correlated_pymatching,02577dd842a1ef1ffa76eecb4d0727e37a8991db1af1a7da799291d22f5d094a,"{""d"":5.0,""p"":0.00021544346900318845,""r"":5.0}",
     15360,        14,         0,   0.846,correlated_pymatching,10f518392001f33bca4fa428c5efb2bb60491194cc454617388c7f025d9e60f0,"{""d"":5.0,""p"":0.001,""r"":5.0}","{""obs_mistake_mask=E"":14}"
      1024,         0,         0,   0.126,correlated_pymatching,d375ef9124ce40870f0834887e212a4b5fa1761556314559f013816e08158024,"{""d"":7.0,""p"":0.00046415888336127773,""r"":7.0}",
      2048,         0,         0,   0.216,correlated_pymatching,8beb24caf2e2f0c22669330a865cd85a3a3aa7fb43a00ab09c8b2e94ef837b2a,"{""d"":7.0,""p"":0.0001,""r"":7.0}",
     11264,         0,         0,   0.443,correlated_pymatching,d05dfd6d26439ab105696a06e7cf5555a9186ccbfbd37bf17c421cab4331a5f3,"{""d"":5.0,""p"":0.0001,""r"":5.0}",
      2048,         0,         0,   0.229,correlated_pymatching,37f268fbfb1512405cedc6a9f187fe834ff0248dae64f05e468219cda62bb709,"{""d"":7.0,""p"":0.00021544346900318845,""r"":7.0}",
      7168,         0,         0,   0.861,correlated_pymatching,d375ef9124ce40870f0834887e212a4b5fa1761556314559f013816e08158024,"{""d"":7.0,""p"":0.00046415888336127773,""r"":7.0}",
      8192,         0,         0,   0.907,correlated_pymatching,37f268fbfb1512405cedc6a9f187fe834ff0248dae64f05e468219cda62bb709,"{""d"":7.0,""p"":0.00021544346900318845,""r"":7.0}",
      2048,        10,         0,   0.443,correlated_pymatching,cca4707bb9b08e02f7538b96b830c79d08355eaa3ce77c65da374ff9fbc4fe74,"{""d"":7.0,""p"":0.002154434690031882,""r"":7.0}","{""obs_mistake_mask=E"":10}"
      1024,         0,         0,   0.150,correlated_pymatching,a8310dbbc441a92d61d39a18764fc49fdbe77c657ab9ed3f9aff31a58729b2b0,"{""d"":7.0,""p"":0.001,""r"":7.0}",
      4096,         0,         0,   0.622,correlated_pymatching,a8310dbbc441a92d61d39a18764fc49fdbe77c657ab9ed3f9aff31a58729b2b0,"{""d"":7.0,""p"":0.001,""r"":7.0}",
     61440,        17,         0,   0.562,correlated_pymatching,f48a1a7573d5dc37bebfd2d23ab60f34439beb692589eaccdc215bd16c4b5370,"{""d"":3.0,""p"":0.00021544346900318845,""r"":3.0}","{""obs_mistake_mask=E"":17}"
      1024,         0,         0,   0.125,correlated_pymatching,d375ef9124ce40870f0834887e212a4b5fa1761556314559f013816e08158024,"{""d"":7.0,""p"":0.00046415888336127773,""r"":7.0}",
      5120,         0,         0,   0.633,correlated_pymatching,d375ef9124ce40870f0834887e212a4b5fa1761556314559f013816e08158024,"{""d"":7.0,""p"":0.00046415888336127773,""r"":7.0}",
    115712,        10,         0,    1.10,correlated_pymatching,3ff5e208e6b76d3eb4e957d28e66058d6f9266124b7e5e941f0dab4b55388fe7,"{""d"":3.0,""p"":0.0001,""r"":3.0}","{""obs_mistake_mask=E"":10}"
      8192,         5,         0,   0.432,correlated_pymatching,10f518392001f33bca4fa428c5efb2bb60491194cc454617388c7f025d9e60f0,"{""d"":5.0,""p"":0.001,""r"":5.0}","{""obs_mistake_mask=E"":5}"
    116736,        40,         0,    1.10,correlated_pymatching,f48a1a7573d5dc37bebfd2d23ab60f34439beb692589eaccdc215bd16c4b5370,"{""d"":3.0,""p"":0.00021544346900318845,""r"":3.0}","{""obs_mistake_mask=E"":40}"
     63488,         8,         0,   0.563,correlated_pymatching,3ff5e208e6b76d3eb4e957d28e66058d6f9266124b7e5e941f0dab4b55388fe7,"{""d"":3.0,""p"":0.0001,""r"":3.0}","{""obs_mistake_mask=E"":8}"
      9216,         2,         0,   0.413,correlated_pymatching,80c44e915a981af8af51acc088922b07074e67f978d596f56e5bb6df96b53467,"{""d"":5.0,""p"":0.00046415888336127773,""r"":5.0}","{""obs_mistake_mask=E"":2}"
      1024,         2,         0,   0.148,correlated_pymatching,a8310dbbc441a92d61d39a18764fc49fdbe77c657ab9ed3f9aff31a58729b2b0,"{""d"":7.0,""p"":0.001,""r"":7.0}","{""obs_mistake_mask=E"":2}"
    124928,        12,         0,    1.11,correlated_pymatching,3ff5e208e6b76d3eb4e957d28e66058d6f9266124b7e5e941f0dab4b55388fe7,"{""d"":3.0,""p"":0.0001,""r"":3.0}","{""obs_mistake_mask=E"":12}"
     82944,        24,         0,    1.11,correlated_pymatching,f48a1a7573d5dc37bebfd2d23ab60f34439beb692589eaccdc215bd16c4b5370,"{""d"":3.0,""p"":0.00021544346900318845,""r"":3.0}","{""obs_mistake_mask=E"":24}"
     28672,         0,         0,    1.13,correlated_pymatching,d05dfd6d26439ab105696a06e7cf5555a9186ccbfbd37bf17c421cab4331a5f3,"{""d"":5.0,""p"":0.0001,""r"":5.0}",
      3072,         0,         0,   0.319,correlated_pymatching,8beb24caf2e2f0c22669330a865cd85a3a3aa7fb43a00ab09c8b2e94ef837b2a,"{""d"":7.0,""p"":0.0001,""r"":7.0}",
      1024,         0,         0,   0.149,correlated_pymatching,a8310dbbc441a92d61d39a18764fc49fdbe77c657ab9ed3f9aff31a58729b2b0,"{""d"":7.0,""p"":0.001,""r"":7.0}",
      4096,        20,         0,   0.865,correlated_pymatching,cca4707bb9b08e02f7538b96b830c79d08355eaa3ce77c65da374ff9fbc4fe74,"{""d"":7.0,""p"":0.002154434690031882,""r"":7.0}","{""obs_mistake_mask=E"":20}"
      2048,         0,         0,   0.249,correlated_pymatching,d375ef9124ce40870f0834887e212a4b5fa1761556314559f013816e08158024,"{""d"":7.0,""p"":0.00046415888336127773,""r"":7.0}",
      3072,         0,         0,   0.341,correlated_pymatching,37f268fbfb1512405cedc6a9f187fe834ff0248dae64f05e468219cda62bb709,"{""d"":7.0,""p"":0.00021544346900318845,""r"":7.0}",
     27648,         0,         0,    1.14,correlated_pymatching,02577dd842a1ef1ffa76eecb4d0727e37a8991db1af1a7da799291d22f5d094a,"{""d"":5.0,""p"":0.00021544346900318845,""r"":5.0}",
     21504,        34,         0,    1.16,correlated_pymatching,10f518392001f33bca4fa428c5efb2bb60491194cc454617388c7f025d9e60f0,"{""d"":5.0,""p"":0.001,""r"":5.0}","{""obs_mistake_mask=E"":34}"
     25600,         3,         0,    1.14,correlated_pymatching,80c44e915a981af8af51acc088922b07074e67f978d596f56e5bb6df96b53467,"{""d"":5.0,""p"":0.00046415888336127773,""r"":5.0}","{""obs_mistake_mask=E"":3}"
      2048,        11,         0,   0.445,correlated_pymatching,cca4707bb9b08e02f7538b96b830c79d08355eaa3ce77c65da374ff9fbc4fe74,"{""d"":7.0,""p"":0.002154434690031882,""r"":7.0}","{""obs_mistake_mask=E"":11}"
     14336,         0,         0,   0.586,correlated_pymatching,02577dd842a1ef1ffa76eecb4d0727e37a8991db1af1a7da799291d22f5d094a,"{""d"":5.0,""p"":0.00021544346900318845,""r"":5.0}",
     15360,         0,         0,   0.604,correlated_pymatching,d05dfd6d26439ab105696a06e7cf5555a9186ccbfbd37bf17c421cab4331a5f3,"{""d"":5.0,""p"":0.0001,""r"":5.0}",
      2048,         0,         0,   0.248,correlated_pymatching,d375ef9124ce40870f0834887e212a4b5fa1761556314559f013816e08158024,"{""d"":7.0,""p"":0.00046415888336127773,""r"":7.0}",
      2048,         1,         0,   0.297,correlated_pymatching,a8310dbbc441a92d61d39a18764fc49fdbe77c657ab9ed3f9aff31a58729b2b0,"{""d"":7.0,""p"":0.001,""r"":7.0}","{""obs_mistake_mask=E"":1}"
      7168,         0,         0,   0.814,correlated_pymatching,37f268fbfb1512405cedc6a9f187fe834ff0248dae64f05e468219cda62bb709,"{""d"":7.0,""p"":0.00021544346900318845,""r"":7.0}",
     11264,        18,         0,   0.589,correlated_pymatching,10f518392001f33bca4fa428c5efb2bb60491194cc454617388c7f025d9e60f0,"{""d"":5.0,""p"":0.001,""r"":5.0}","{""obs_mistake_mask=E"":18}"
     24576,         1,         0,    1.12,correlated_pymatching,02577dd842a1ef1ffa76eecb4d0727e37a8991db1af1a7da799291d22f5d094a,"{""d"":5.0,""p"":0.00021544346900318845,""r"":5.0}","{""obs_mistake_mask=E"":1}"
      8192,         0,         0,   0.882,correlated_pymatching,8beb24caf2e2f0c22669330a865cd85a3a3aa7fb43a00ab09c8b2e94ef837b2a,"{""d"":7.0,""p"":0.0001,""r"":7.0}",
      4096,         0,         0,   0.424,correlated_pymatching,8beb24caf2e2f0c22669330a865cd85a3a3aa7fb43a00ab09c8b2e94ef837b2a,"{""d"":7.0,""p"":0.0001,""r"":7.0}",
     13312,         2,         0,   0.593,correlated_pymatching,80c44e915a981af8af51acc088922b07074e67f978d596f56e5bb6df96b53467,"{""d"":5.0,""p"":0.00046415888336127773,""r"":5.0}","{""obs_mistake_mask=E"":2}"
      4096,         0,         0,   0.449,correlated_pymatching,37f268fbfb1512405cedc6a9f187fe834ff0248dae64f05e468219cda62bb709,"{""d"":7.0,""p"":0.00021544346900318845,""r"":7.0}",
     28672,         0,         0,    1.19,correlated_pymatching,d05dfd6d26439ab105696a06e7cf5555a9186ccbfbd37bf17c421cab4331a5f3,"{""d"":5.0,""p"":0.0001,""r"":5.0}",
     86016,        30,         0,   0.787,correlated_pymatching,f48a1a7573d5dc37bebfd2d23ab60f34439beb692589eaccdc215bd16c4b5370,"{""d"":3.0,""p"":0.00021544346900318845,""r"":3.0}","{""obs_mistake_mask=E"":30}"
      2048,         1,         0,   0.300,correlated_pymatching,a8310dbbc441a92d61d39a18764fc49fdbe77c657ab9ed3f9aff31a58729b2b0,"{""d"":7.0,""p"":0.001,""r"":7.0}","{""obs_mistake_mask=E"":1}"
     73728,         8,         0,   0.791,correlated_pymatching,3ff5e208e6b76d3eb4e957d28e66058d6f9266124b7e5e941f0dab4b55388fe7,"{""d"":3.0,""p"":0.0001,""r"":3.0}","{""obs_mistake_mask=E"":8}"
      3072,         0,         0,   0.375,correlated_pymatching,d375ef9124ce40870f0834887e212a4b5fa1761556314559f013816e08158024,"{""d"":7.0,""p"":0.00046415888336127773,""r"":7.0}",
     11264,         0,         0,    1.20,correlated_pymatching,8beb24caf2e2f0c22669330a865cd85a3a3aa7fb43a00ab09c8b2e94ef837b2a,"{""d"":7.0,""p"":0.0001,""r"":7.0}",
      6144,         0,         0,   0.916,correlated_pymatching,a8310dbbc441a92d61d39a18764fc49fdbe77c657ab9ed3f9aff31a58729b2b0,"{""d"":7.0,""p"":0.001,""r"":7.0}",
      7168,         0,         0,   0.894,correlated_pymatching,d375ef9124ce40870f0834887e212a4b5fa1761556314559f013816e08158024,"{""d"":7.0,""p"":0.00046415888336127773,""r"":7.0}",
     25600,         3,         0,    1.15,correlated_pymatching,80c44e915a981af8af51acc088922b07074e67f978d596f56e5bb6df96b53467,"{""d"":5.0,""p"":0.00046415888336127773,""r"":5.0}","{""obs_mistake_mask=E"":3}"
     21504,        25,         0,    1.14,correlated_pymatching,10f518392001f33bca4fa428c5efb2bb60491194cc454617388c7f025d9e60f0,"{""d"":5.0,""p"":0.001,""r"":5.0}","{""obs_mistake_mask=E"":25}"
      8192,         0,         0,    1.20,correlated_pymatching,a8310dbbc441a92d61d39a18764fc49fdbe77c657ab9ed3f9aff31a58729b2b0,"{""d"":7.0,""p"":0.001,""r"":7.0}",
      3072,        14,         0,   0.662,correlated_pymatching,cca4707bb9b08e02f7538b96b830c79d08355eaa3ce77c65da374ff9fbc4fe74,"{""d"":7.0,""p"":0.002154434690031882,""r"":7.0}","{""obs_mistake_mask=E"":14}"
     10240,         0,         0,    1.13,correlated_pymatching,37f268fbfb1512405cedc6a9f187fe834ff0248dae64f05e468219cda62bb709,"{""d"":7.0,""p"":0.00021544346900318845,""r"":7.0}",
      9216,         0,         0,    1.14,correlated_pymatching,d375ef9124ce40870f0834887e212a4b5fa1761556314559f013816e08158024,"{""d"":7.0,""p"":0.00046415888336127773,""r"":7.0}",
     19456,         1,         0,   0.795,correlated_pymatching,02577dd842a1ef1ffa76eecb4d0727e37a8991db1af1a7da799291d22f5d094a,"{""d"":5.0,""p"":0.00021544346900318845,""r"":5.0}","{""obs_mistake_mask=E"":1}"
      5120,         0,         0,   0.566,correlated_pymatching,37f268fbfb1512405cedc6a9f187fe834ff0248dae64f05e468219cda62bb709,"{""d"":7.0,""p"":0.00021544346900318845,""r"":7.0}",
      6144,         0,         0,   0.643,correlated_pymatching,8beb24caf2e2f0c22669330a865cd85a3a3aa7fb43a00ab09c8b2e94ef837b2a,"{""d"":7.0,""p"":0.0001,""r"":7.0}",
      3072,         1,         0,   0.447,correlated_pymatching,a8310dbbc441a92d61d39a18764fc49fdbe77c657ab9ed3f9aff31a58729b2b0,"{""d"":7.0,""p"":0.001,""r"":7.0}","{""obs_mistake_mask=E"":1}"
     20480,         0,         0,   0.806,correlated_pymatching,d05dfd6d26439ab105696a06e7cf5555a9186ccbfbd37bf17c421cab4331a5f3,"{""d"":5.0,""p"":0.0001,""r"":5.0}",
      4096,         0,         0,   0.498,correlated_pymatching,d375ef9124ce40870f0834887e212a4b5fa1761556314559f013816e08158024,"{""d"":7.0,""p"":0.00046415888336127773,""r"":7.0}",
     15360,        14,         0,   0.806,correlated_pymatching,10f518392001f33bca4fa428c5efb2bb60491194cc454617388c7f025d9e60f0,"{""d"":5.0,""p"":0.001,""r"":5.0}","{""obs_mistake_mask=E"":14}"
     18432,         1,         0,   0.822,correlated_pymatching,80c44e915a981af8af51acc088922b07074e67f978d596f56e5bb6df96b53467,"{""d"":5.0,""p"":0.00046415888336127773,""r"":5.0}","{""obs_mistake_mask=E"":1}"
      6144,        25,         0,    1.30,correlated_pymatching,cca4707bb9b08e02f7538b96b830c79d08355eaa3ce77c65da374ff9fbc4fe74,"{""d"":7.0,""p"":0.002154434690031882,""r"":7.0}","{""obs_mistake_mask=E"":25}"
    172032,        18,         0,    1.54,correlated_pymatching,3ff5e208e6b76d3eb4e957d28e66058d6f9266124b7e5e941f0dab4b55388fe7,"{""d"":3.0,""p"":0.0001,""r"":3.0}","{""obs_mistake_mask=E"":18}"
    166912,        55,         0,    1.54,correlated_pymatching,f48a1a7573d5dc37bebfd2d23ab60f34439beb692589eaccdc215bd16c4b5370,"{""d"":3.0,""p"":0.00021544346900318845,""r"":3.0}","{""obs_mistake_mask=E"":55}"
    146432,        51,         0,    1.41,correlated_pymatching,f48a1a7573d5dc37bebfd2d23ab60f34439beb692589eaccdc215bd16c4b5370,"{""d"":3.0,""p"":0.00021544346900318845,""r"":3.0}","{""obs_mistake_mask=E"":51}"
     83968,        40,         0,   0.782,correlated_pymatching,f48a1a7573d5dc37bebfd2d23ab60f34439beb692589eaccdc215bd16c4b5370,"{""d"":3.0,""p"":0.00021544346900318845,""r"":3.0}","{""obs_mistake_mask=E"":40}"
      1024,         0,         0,   0.009,correlated_pymatching,f48a1a7573d5dc37bebfd2d23ab60f34439beb692589eaccdc215bd16c4b5370,"{""d"":3.0,""p"":0.00021544346900318845,""r"":3.0}",
        17,         0,         0,   0.016,correlated_pymatching,3ff5e208e6b76d3eb4e957d28e66058d6f9266124b7e5e941f0dab4b55388fe7,"{""d"":3.0,""p"":0.0001,""r"":3.0}",
      1280,         0,         0,   0.018,correlated_pymatching,3ff5e208e6b76d3eb4e957d28e66058d6f9266124b7e5e941f0dab4b55388fe7,"{""d"":3.0,""p"":0.0001,""r"":3.0}",
      3072,         0,         0,   0.028,correlated_pymatching,3ff5e208e6b76d3eb4e957d28e66058d6f9266124b7e5e941f0dab4b55388fe7,"{""d"":3.0,""p"":0.0001,""r"":3.0}",
    155648,        22,         0,    1.55,correlated_pymatching,3ff5e208e6b76d3eb4e957d28e66058d6f9266124b7e5e941f0dab4b55388fe7,"{""d"":3.0,""p"":0.0001,""r"":3.0}","{""obs_mistake_mask=E"":22}"
      3072,         0,         0,   0.027,correlated_pymatching,3ff5e208e6b76d3eb4e957d28e66058d6f9266124b7e5e941f0dab4b55388fe7,"{""d"":3.0,""p"":0.0001,""r"":3.0}",
     10240,         0,         0,    1.16,correlated_pymatching,37f268fbfb1512405cedc6a9f187fe834ff0248dae64f05e468219cda62bb709,"{""d"":7.0,""p"":0.00021544346900318845,""r"":7.0}",
      5120,         1,         0,   0.046,correlated_pymatching,3ff5e208e6b76d3eb4e957d28e66058d6f9266124b7e5e941f0dab4b55388fe7,"{""d"":3.0,""p"":0.0001,""r"":3.0}","{""obs_mistake_mask=E"":1}"
     38912,         0,         0,    1.56,correlated_pymatching,d05dfd6d26439ab105696a06e7cf5555a9186ccbfbd37bf17c421cab4331a5f3,"{""d"":5.0,""p"":0.0001,""r"":5.0}",
      6144,         1,         0,   0.055,correlated_pymatching,3ff5e208e6b76d3eb4e957d28e66058d6f9266124b7e5e941f0dab4b55388fe7,"{""d"":3.0,""p"":0.0001,""r"":3.0}","{""obs_mistake_mask=E"":1}"
     11264,         0,         0,    1.21,correlated_pymatching,8beb24caf2e2f0c22669330a865cd85a3a3aa7fb43a00ab09c8b2e94ef837b2a,"{""d"":7.0,""p"":0.0001,""r"":7.0}",
         1,         0,         0,   0.102,correlated_pymatching,cca4707bb9b08e02f7538b96b830c79d08355eaa3ce77c65da374ff9fbc4fe74,"{""d"":7.0,""p"":0.002154434690031882,""r"":7.0}",
         1,         0,         0,   0.102,correlated_pymatching,cca4707bb9b08e02f7538b96b830c79d08355eaa3ce77c65da374ff9fbc4fe74,"{""d"":7.0,""p"":0.002154434690031882,""r"":7.0}",
     37888,         0,         0,    1.58,correlated_pymatching,02577dd842a1ef1ffa76eecb4d0727e37a8991db1af1a7da799291d22f5d094a,"{""d"":5.0,""p"":0.00021544346900318845,""r"":5.0}",
      4096,         1,         0,   0.600,correlated_pymatching,a8310dbbc441a92d61d39a18764fc49fdbe77c657ab9ed3f9aff31a58729b2b0,"{""d"":7.0,""p"":0.001,""r"":7.0}","{""obs_mistake_mask=E"":1}"
      9216,         1,         0,   0.083,correlated_pymatching,3ff5e208e6b76d3eb4e957d28e66058d6f9266124b7e5e941f0dab4b55388fe7,"{""d"":3.0,""p"":0.0001,""r"":3.0}","{""obs_mistake_mask=E"":1}"
     29696,        42,         0,    1.58,correlated_pymatching,10f518392001f33bca4fa428c5efb2bb60491194cc454617388c7f025d9e60f0,"{""d"":5.0,""p"":0.001,""r"":5.0}","{""obs_mistake_mask=E"":42}"
     31744,         4,         0,    1.58,correlated_pymatching,80c44e915a981af8af51acc088922b07074e67f978d596f56e5bb6df96b53467,"{""d"":5.0,""p"":0.00046415888336127773,""r"":5.0}","{""obs_mistake_mask=E"":4}"
      4096,        19,         0,   0.890,correlated_pymatching,cca4707bb9b08e02f7538b96b830c79d08355eaa3ce77c65da374ff9fbc4fe74,"{""d"":7.0,""p"":0.002154434690031882,""r"":7.0}","{""obs_mistake_mask=E"":19}"
         4,         0,         0,   0.099,correlated_pymatching,cca4707bb9b08e02f7538b96b830c79d08355eaa3ce77c65da374ff9fbc4fe74,"{""d"":7.0,""p"":0.002154434690031882,""r"":7.0}",
         4,         0,         0,   0.100,correlated_pymatching,cca4707bb9b08e02f7538b96b830c79d08355eaa3ce77c65da374ff9fbc4fe74,"{""d"":7.0,""p"":0.002154434690031882,""r"":7.0}",
    106496,        14,         0,    1.10,correlated_pymatching,3ff5e208e6b76d3eb4e957d28e66058d6f9266124b7e5e941f0dab4b55388fe7,"{""d"":3.0,""p"":0.0001,""r"":3.0}","{""obs_mistake_mask=E"":14}"
     12288,         1,         0,   0.110,correlated_pymatching,3ff5e208e6b76d3eb4e957d28e66058d6f9266124b7e5e941f0dab4b55388fe7,"{""d"":3.0,""p"":0.0001,""r"":3.0}","{""obs_mistake_mask=E"":1}"
      5120,         0,         0,   0.623,correlated_pymatching,d375ef9124ce40870f0834887e212a4b5fa1761556314559f013816e08158024,"{""d"":7.0,""p"":0.00046415888336127773,""r"":7.0}",
        16,         0,         0,   0.101,correlated_pymatching,cca4707bb9b08e02f7538b96b830c79d08355eaa3ce77c65da374ff9fbc4fe74,"{""d"":7.0,""p"":0.002154434690031882,""r"":7.0}",
        16,         0,         0,   0.101,correlated_pymatching,cca4707bb9b08e02f7538b96b830c79d08355eaa3ce77c65da374ff9fbc4fe74,"{""d"":7.0,""p"":0.002154434690031882,""r"":7.0}",
      9216,         0,         0,    1.14,correlated_pymatching,d375ef9124ce40870f0834887e212a4b5fa1761556314559f013816e08158024,"{""d"":7.0,""p"":0.00046415888336127773,""r"":7.0}",
      8192,         0,         0,   0.857,correlated_pymatching,8beb24caf2e2f0c22669330a865cd85a3a3aa7fb43a00ab09c8b2e94ef837b2a,"{""d"":7.0,""p"":0.0001,""r"":7.0}",
      8192,         1,         0,    1.23,correlated_pymatching,a8310dbbc441a92d61d39a18764fc49fdbe77c657ab9ed3f9aff31a58729b2b0,"{""d"":7.0,""p"":0.001,""r"":7.0}","{""obs_mistake_mask=E"":1}"
     16384,         1,         0,   0.147,correlated_pymatching,3ff5e208e6b76d3eb4e957d28e66058d6f9266124b7e5e941f0dab4b55388fe7,"{""d"":3.0,""p"":0.0001,""r"":3.0}","{""obs_mistake_mask=E"":1}"
        64,         0,         0,   0.107,correlated_pymatching,cca4707bb9b08e02f7538b96b830c79d08355eaa3ce77c65da374ff9fbc4fe74,"{""d"":7.0,""p"":0.002154434690031882,""r"":7.0}",
        64,         0,         0,   0.108,correlated_pymatching,cca4707bb9b08e02f7538b96b830c79d08355eaa3ce77c65da374ff9fbc4fe74,"{""d"":7.0,""p"":0.002154434690031882,""r"":7.0}",
      8192,         0,         0,   0.903,correlated_pymatching,37f268fbfb1512405cedc6a9f187fe834ff0248dae64f05e468219cda62bb709,"{""d"":7.0,""p"":0.00021544346900318845,""r"":7.0}",
     36864,         0,         0,    1.56,correlated_pymatching,02577dd842a1ef1ffa76eecb4d0727e37a8991db1af1a7da799291d22f5d094a,"{""d"":5.0,""p"":0.00021544346900318845,""r"":5.0}",
       256,         1,         0,   0.129,correlated_pymatching,cca4707bb9b08e02f7538b96b830c79d08355eaa3ce77c65da374ff9fbc4fe74,"{""d"":7.0,""p"":0.002154434690031882,""r"":7.0}","{""obs_mistake_mask=E"":1}"
       256,         0,         0,   0.130,correlated_pymatching,cca4707bb9b08e02f7538b96b830c79d08355eaa3ce77c65da374ff9fbc4fe74,"{""d"":7.0,""p"":0.002154434690031882,""r"":7.0}",
     38912,         0,         0,    1.56,correlated_pymatching,d05dfd6d26439ab105696a06e7cf5555a9186ccbfbd37bf17c421cab4331a5f3,"{""d"":5.0,""p"":0.0001,""r"":5.0}",
     27648,         0,         0,    1.13,correlated_pymatching,02577dd842a1ef1ffa76eecb4d0727e37a8991db1af1a7da799291d22f5d094a,"{""d"":5.0,""p"":0.00021544346900318845,""r"":5.0}",
     23552,         2,         0,   0.211,correlated_pymatching,3ff5e208e6b76d3eb4e957d28e66058d6f9266124b7e5e941f0dab4b55388fe7,"{""d"":3.0,""p"":0.0001,""r"":3.0}","{""obs_mistake_mask=E"":2}"
     28672,         0,         0,    1.13,correlated_pymatching,d05dfd6d26439ab105696a06e7cf5555a9186ccbfbd37bf17c421cab4331a5f3,"{""d"":5.0,""p"":0.0001,""r"":5.0}",
      1024,         3,         0,   0.221,correlated_pymatching,cca4707bb9b08e02f7538b96b830c79d08355eaa3ce77c65da374ff9fbc4fe74,"{""d"":7.0,""p"":0.002154434690031882,""r"":7.0}","{""obs_mistake_mask=E"":3}"
      1024,         4,         0,   0.224,correlated_pymatching,cca4707bb9b08e02f7538b96b830c79d08355eaa3ce77c65da374ff9fbc4fe74,"{""d"":7.0,""p"":0.002154434690031882,""r"":7.0}","{""obs_mistake_mask=E"":4}"
     15360,         0,         0,    1.62,correlated_pymatching,8beb24caf2e2f0c22669330a865cd85a3a3aa7fb43a00ab09c8b2e94ef837b2a,"{""d"":7.0,""p"":0.0001,""r"":7.0}",
     34816,         4,         0,    1.57,correlated_pymatching,80c44e915a981af8af51acc088922b07074e67f978d596f56e5bb6df96b53467,"{""d"":5.0,""p"":0.00046415888336127773,""r"":5.0}","{""obs_mistake_mask=E"":4}"
     21504,        23,         0,    1.13,correlated_pymatching,10f518392001f33bca4fa428c5efb2bb60491194cc454617388c7f025d9e60f0,"{""d"":5.0,""p"":0.001,""r"":5.0}","{""obs_mistake_mask=E"":23}"
     29696,        32,         0,    1.60,correlated_pymatching,10f518392001f33bca4fa428c5efb2bb60491194cc454617388c7f025d9e60f0,"{""d"":5.0,""p"":0.001,""r"":5.0}","{""obs_mistake_mask=E"":32}"
     25600,         2,         0,    1.14,correlated_pymatching,80c44e915a981af8af51acc088922b07074e67f978d596f56e5bb6df96b53467,"{""d"":5.0,""p"":0.00046415888336127773,""r"":5.0}","{""obs_mistake_mask=E"":2}"
     14336,         0,         0,    1.58,correlated_pymatching,37f268fbfb1512405cedc6a9f187fe834ff0248dae64f05e468219cda62bb709,"{""d"":7.0,""p"":0.00021544346900318845,""r"":7.0}",
     32768,         4,         0,   0.293,correlated_pymatching,3ff5e208e6b76d3eb4e957d28e66058d6f9266124b7e5e941f0dab4b55388fe7,"{""d"":3.0,""p"":0.0001,""r"":3.0}","{""obs_mistake_mask=E"":4}"
     13312,         0,         0,    1.60,correlated_pymatching,d375ef9124ce40870f0834887e212a4b5fa1761556314559f013816e08158024,"{""d"":7.0,""p"":0.00046415888336127773,""r"":7.0}",
     11264,         3,         0,    1.64,correlated_pymatching,a8310dbbc441a92d61d39a18764fc49fdbe77c657ab9ed3f9aff31a58729b2b0,"{""d"":7.0,""p"":0.001,""r"":7.0}","{""obs_mistake_mask=E"":3}"
      1024,         2,         0,   0.221,correlated_pymatching,cca4707bb9b08e02f7538b96b830c79d08355eaa3ce77c65da374ff9fbc4fe74,"{""d"":7.0,""p"":0.002154434690031882,""r"":7.0}","{""obs_mistake_mask=E"":2}"
      1024,         5,         0,   0.220,correlated_pymatching,cca4707bb9b08e02f7538b96b830c79d08355eaa3ce77c65da374ff9fbc4fe74,"{""d"":7.0,""p"":0.002154434690031882,""r"":7.0}","{""obs_mistake_mask=E"":5}"
      6144,         1,         0,   0.896,correlated_pymatching,a8310dbbc441a92d61d39a18764fc49fdbe77c657ab9ed3f9aff31a58729b2b0,"{""d"":7.0,""p"":0.001,""r"":7.0}","{""obs_mistake_mask=E"":1}"
      7168,         0,         0,   0.880,correlated_pymatching,d375ef9124ce40870f0834887e212a4b5fa1761556314559f013816e08158024,"{""d"":7.0,""p"":0.00046415888336127773,""r"":7.0}",
      1024,         2,         0,   0.222,correlated_pymatching,cca4707bb9b08e02f7538b96b830c79d08355eaa3ce77c65da374ff9fbc4fe74,"{""d"":7.0,""p"":0.002154434690031882,""r"":7.0}","{""obs_mistake_mask=E"":2}"
      1024,         4,         0,   0.224,correlated_pymatching,cca4707bb9b08e02f7538b96b830c79d08355eaa3ce77c65da374ff9fbc4fe74,"{""d"":7.0,""p"":0.002154434690031882,""r"":7.0}","{""obs_mistake_mask=E"":4}"
     45056,         6,         0,   0.403,correlated_pymatching,3ff5e208e6b76d3eb4e957d28e66058d6f9266124b7e5e941f0dab4b55388fe7,"{""d"":3.0,""p"":0.0001,""r"":3.0}","{""obs_mistake_mask=E"":6}"
      1024,         2,         0,   0.223,correlated_pymatching,cca4707bb9b08e02f7538b96b830c79d08355eaa3ce77c65da374ff9fbc4fe74,"{""d"":7.0,""p"":0.002154434690031882,""r"":7.0}","{""obs_mistake_mask=E"":2}"
      1024,         1,         0,   0.224,correlated_pymatching,cca4707bb9b08e02f7538b96b830c79d08355eaa3ce77c65da374ff9fbc4fe74,"{""d"":7.0,""p"":0.002154434690031882,""r"":7.0}","{""obs_mistake_mask=E"":1}"
      6144,        18,         0,    1.33,correlated_pymatching,cca4707bb9b08e02f7538b96b830c79d08355eaa3ce77c65da374ff9fbc4fe74,"{""d"":7.0,""p"":0.002154434690031882,""r"":7.0}","{""obs_mistake_mask=E"":18}"
      8192,        38,         0,    1.73,correlated_pymatching,cca4707bb9b08e02f7538b96b830c79d08355eaa3ce77c65da374ff9fbc4fe74,"{""d"":7.0,""p"":0.002154434690031882,""r"":7.0}","{""obs_mistake_mask=E"":38}"
     13312,         0,         0,    1.59,correlated_pymatching,37f268fbfb1512405cedc6a9f187fe834ff0248dae64f05e468219cda62bb709,"{""d"":7.0,""p"":0.00021544346900318845,""r"":7.0}",
     10240,         0,         0,    1.13,correlated_pymatching,37f268fbfb1512405cedc6a9f187fe834ff0248dae64f05e468219cda62bb709,"{""d"":7.0,""p"":0.00021544346900318845,""r"":7.0}",
     10240,         0,         0,    1.19,correlated_pymatching,8beb24caf2e2f0c22669330a865cd85a3a3aa7fb43a00ab09c8b2e94ef837b2a,"{""d"":7.0,""p"":0.0001,""r"":7.0}",
      1024,         1,         0,   0.224,correlated_pymatching,cca4707bb9b08e02f7538b96b830c79d08355eaa3ce77c65da374ff9fbc4fe74,"{""d"":7.0,""p"":0.002154434690031882,""r"":7.0}","{""obs_mistake_mask=E"":1}"
      1024,         1,         0,   0.221,correlated_pymatching,cca4707bb9b08e02f7538b96b830c79d08355eaa3ce77c65da374ff9fbc4fe74,"{""d"":7.0,""p"":0.002154434690031882,""r"":7.0}","{""obs_mistake_mask=E"":1}"
     14336,         0,         0,    1.56,correlated_pymatching,8beb24caf2e2f0c22669330a865cd85a3a3aa7fb43a00ab09c8b2e94ef837b2a,"{""d"":7.0,""p"":0.0001,""r"":7.0}",
    118784,        11,         0,    1.55,correlated_pymatching,3ff5e208e6b76d3eb4e957d28e66058d6f9266124b7e5e941f0dab4b55388fe7,"{""d"":3.0,""p"":0.0001,""r"":3.0}","{""obs_mistake_mask=E"":11}"
     63488,         7,         0,   0.566,correlated_pymatching,3ff5e208e6b76d3eb4e957d28e66058d6f9266124b7e5e941f0dab4b55388fe7,"{""d"":3.0,""p"":0.0001,""r"":3.0}","{""obs_mistake_mask=E"":7}"
     13312,         0,         0,    1.64,correlated_pymatching,d375ef9124ce40870f0834887e212a4b5fa1761556314559f013816e08158024,"{""d"":7.0,""p"":0.00046415888336127773,""r"":7.0}",
    242688,        24,         0,    2.15,correlated_pymatching,3ff5e208e6b76d3eb4e957d28e66058d6f9266124b7e5e941f0dab4b55388fe7,"{""d"":3.0,""p"":0.0001,""r"":3.0}","{""obs_mistake_mask=E"":24}"
     11264,         0,         0,    1.69,correlated_pymatching,a8310dbbc441a92d61d39a18764fc49fdbe77c657ab9ed3f9aff31a58729b2b0,"{""d"":7.0,""p"":0.001,""r"":7.0}",
      2048,         8,         0,   0.443,correlated_pymatching,cca4707bb9b08e02f7538b96b830c79d08355eaa3ce77c65da374ff9fbc4fe74,"{""d"":7.0,""p"":0.002154434690031882,""r"":7.0}","{""obs_mistake_mask=E"":8}"
      2048,         6,         0,   0.446,correlated_pymatching,cca4707bb9b08e02f7538b96b830c79d08355eaa3ce77c65da374ff9fbc4fe74,"{""d"":7.0,""p"":0.002154434690031882,""r"":7.0}","{""obs_mistake_mask=E"":6}"
    237568,        21,         0,    2.16,correlated_pymatching,3ff5e208e6b76d3eb4e957d28e66058d6f9266124b7e5e941f0dab4b55388fe7,"{""d"":3.0,""p"":0.0001,""r"":3.0}","{""obs_mistake_mask=E"":21}"
     37888,         0,         0,    1.55,correlated_pymatching,02577dd842a1ef1ffa76eecb4d0727e37a8991db1af1a7da799291d22f5d094a,"{""d"":5.0,""p"":0.00021544346900318845,""r"":5.0}",
      8192,         0,         0,    1.19,correlated_pymatching,a8310dbbc441a92d61d39a18764fc49fdbe77c657ab9ed3f9aff31a58729b2b0,"{""d"":7.0,""p"":0.001,""r"":7.0}",
     55296,         0,         0,    2.20,correlated_pymatching,d05dfd6d26439ab105696a06e7cf5555a9186ccbfbd37bf17c421cab4331a5f3,"{""d"":5.0,""p"":0.0001,""r"":5.0}",
     39936,         0,         0,    1.58,correlated_pymatching,d05dfd6d26439ab105696a06e7cf5555a9186ccbfbd37bf17c421cab4331a5f3,"{""d"":5.0,""p"":0.0001,""r"":5.0}",
      9216,         0,         0,    1.15,correlated_pymatching,d375ef9124ce40870f0834887e212a4b5fa1761556314559f013816e08158024,"{""d"":7.0,""p"":0.00046415888336127773,""r"":7.0}",
     52224,         1,         0,    2.18,correlated_pymatching,02577dd842a1ef1ffa76eecb4d0727e37a8991db1af1a7da799291d22f5d094a,"{""d"":5.0,""p"":0.00021544346900318845,""r"":5.0}","{""obs_mistake_mask=E"":1}"
     40960,        65,         0,    2.24,correlated_pymatching,10f518392001f33bca4fa428c5efb2bb60491194cc454617388c7f025d9e60f0,"{""d"":5.0,""p"":0.001,""r"":5.0}","{""obs_mistake_mask=E"":65}"
     45056,         3,         0,    2.23,correlated_pymatching,80c44e915a981af8af51acc088922b07074e67f978d596f56e5bb6df96b53467,"{""d"":5.0,""p"":0.00046415888336127773,""r"":5.0}","{""obs_mistake_mask=E"":3}"
     26624,        27,         0,    1.57,correlated_pymatching,10f518392001f33bca4fa428c5efb2bb60491194cc454617388c7f025d9e60f0,"{""d"":5.0,""p"":0.001,""r"":5.0}","{""obs_mistake_mask=E"":27}"
      1024,         1,         0,   0.055,correlated_pymatching,10f518392001f33bca4fa428c5efb2bb60491194cc454617388c7f025d9e60f0,"{""d"":5.0,""p"":0.001,""r"":5.0}","{""obs_mistake_mask=E"":1}"
     29696,        39,         0,    1.64,correlated_pymatching,10f518392001f33bca4fa428c5efb2bb60491194cc454617388c7f025d9e60f0,"{""d"":5.0,""p"":0.001,""r"":5.0}","{""obs_mistake_mask=E"":39}"
     32768,         4,         0,    1.62,correlated_pymatching,80c44e915a981af8af51acc088922b07074e67f978d596f56e5bb6df96b53467,"{""d"":5.0,""p"":0.00046415888336127773,""r"":5.0}","{""obs_mistake_mask=E"":4}"
      2048,         8,         0,   0.444,correlated_pymatching,cca4707bb9b08e02f7538b96b830c79d08355eaa3ce77c65da374ff9fbc4fe74,"{""d"":7.0,""p"":0.002154434690031882,""r"":7.0}","{""obs_mistake_mask=E"":8}"
      2048,         4,         0,   0.457,correlated_pymatching,cca4707bb9b08e02f7538b96b830c79d08355eaa3ce77c65da374ff9fbc4fe74,"{""d"":7.0,""p"":0.002154434690031882,""r"":7.0}","{""obs_mistake_mask=E"":4}"
         1,         0,         0,   0.037,correlated_pymatching,02577dd842a1ef1ffa76eecb4d0727e37a8991db1af1a7da799291d22f5d094a,"{""d"":5.0,""p"":0.00021544346900318845,""r"":5.0}",
         1,         0,         0,   0.037,correlated_pymatching,80c44e915a981af8af51acc088922b07074e67f978d596f56e5bb6df96b53467,"{""d"":5.0,""p"":0.00046415888336127773,""r"":5.0}",
        16,         0,         0,   0.037,correlated_pymatching,80c44e915a981af8af51acc088922b07074e67f978d596f56e5bb6df96b53467,"{""d"":5.0,""p"":0.00046415888336127773,""r"":5.0}",
        16,         0,         0,   0.081,correlated_pymatching,02577dd842a1ef1ffa76eecb4d0727e37a8991db1af1a7da799291d22f5d094a,"{""d"":5.0,""p"":0.00021544346900318845,""r"":5.0}",
     50176,         0,         0,    2.24,correlated_pymatching,02577dd842a1ef1ffa76eecb4d0727e37a8991db1af1a7da799291d22f5d094a,"{""d"":5.0,""p"":0.00021544346900318845,""r"":5.0}",
         1,         0,         0,   0.127,correlated_pymatching,d05dfd6d26439ab105696a06e7cf5555a9186ccbfbd37bf17c421cab4331a5f3,"{""d"":5.0,""p"":0.0001,""r"":5.0}",
     73728,         5,         0,   0.792,correlated_pymatching,3ff5e208e6b76d3eb4e957d28e66058d6f9266124b7e5e941f0dab4b55388fe7,"{""d"":3.0,""p"":0.0001,""r"":3.0}","{""obs_mistake_mask=E"":5}"
       256,         0,         0,   0.102,correlated_pymatching,80c44e915a981af8af51acc088922b07074e67f978d596f56e5bb6df96b53467,"{""d"":5.0,""p"":0.00046415888336127773,""r"":5.0}",
        64,         0,         0,   0.082,correlated_pymatching,02577dd842a1ef1ffa76eecb4d0727e37a8991db1af1a7da799291d22f5d094a,"{""d"":5.0,""p"":0.00021544346900318845,""r"":5.0}",
     52224,         0,         0,    2.18,correlated_pymatching,d05dfd6d26439ab105696a06e7cf5555a9186ccbfbd37bf17c421cab4331a5f3,"{""d"":5.0,""p"":0.0001,""r"":5.0}",
      1024,         0,         0,   0.075,correlated_pymatching,80c44e915a981af8af51acc088922b07074e67f978d596f56e5bb6df96b53467,"{""d"":5.0,""p"":0.00046415888336127773,""r"":5.0}",
       256,         0,         0,   0.081,correlated_pymatching,02577dd842a1ef1ffa76eecb4d0727e37a8991db1af1a7da799291d22f5d094a,"{""d"":5.0,""p"":0.00021544346900318845,""r"":5.0}",
         4,         0,         0,   0.155,correlated_pymatching,d05dfd6d26439ab105696a06e7cf5555a9186ccbfbd37bf17c421cab4331a5f3,"{""d"":5.0,""p"":0.0001,""r"":5.0}",
      1024,         0,         0,   0.104,correlated_pymatching,80c44e915a981af8af51acc088922b07074e67f978d596f56e5bb6df96b53467,"{""d"":5.0,""p"":0.00046415888336127773,""r"":5.0}",
      1024,         0,         0,   0.115,correlated_pymatching,02577dd842a1ef1ffa76eecb4d0727e37a8991db1af1a7da799291d22f5d094a,"{""d"":5.0,""p"":0.00021544346900318845,""r"":5.0}",
         8,         0,         0,   0.133,correlated_pymatching,d05dfd6d26439ab105696a06e7cf5555a9186ccbfbd37bf17c421cab4331a5f3,"{""d"":5.0,""p"":0.0001,""r"":5.0}",
      1024,         0,         0,   0.094,correlated_pymatching,80c44e915a981af8af51acc088922b07074e67f978d596f56e5bb6df96b53467,"{""d"":5.0,""p"":0.00046415888336127773,""r"":5.0}",
     18432,         0,         0,    2.22,correlated_pymatching,8beb24caf2e2f0c22669330a865cd85a3a3aa7fb43a00ab09c8b2e94ef837b2a,"{""d"":7.0,""p"":0.0001,""r"":7.0}",
      1024,         0,         0,   0.085,correlated_pymatching,02577dd842a1ef1ffa76eecb4d0727e37a8991db1af1a7da799291d22f5d094a,"{""d"":5.0,""p"":0.00021544346900318845,""r"":5.0}",
     44032,         9,         0,    2.28,correlated_pymatching,80c44e915a981af8af51acc088922b07074e67f978d596f56e5bb6df96b53467,"{""d"":5.0,""p"":0.00046415888336127773,""r"":5.0}","{""obs_mistake_mask=E"":9}"
      1024,         0,         0,   0.093,correlated_pymatching,80c44e915a981af8af51acc088922b07074e67f978d596f56e5bb6df96b53467,"{""d"":5.0,""p"":0.00046415888336127773,""r"":5.0}",
        32,         0,         0,   0.122,correlated_pymatching,d05dfd6d26439ab105696a06e7cf5555a9186ccbfbd37bf17c421cab4331a5f3,"{""d"":5.0,""p"":0.0001,""r"":5.0}",
      1024,         0,         0,   0.088,correlated_pymatching,02577dd842a1ef1ffa76eecb4d0727e37a8991db1af1a7da799291d22f5d094a,"{""d"":5.0,""p"":0.00021544346900318845,""r"":5.0}",
      6144,        27,         0,    1.60,correlated_pymatching,cca4707bb9b08e02f7538b96b830c79d08355eaa3ce77c65da374ff9fbc4fe74,"{""d"":7.0,""p"":0.002154434690031882,""r"":7.0}","{""obs_mistake_mask=E"":27}"
     17408,         0,         0,    2.27,correlated_pymatching,37f268fbfb1512405cedc6a9f187fe834ff0248dae64f05e468219cda62bb709,"{""d"":7.0,""p"":0.00021544346900318845,""r"":7.0}",
     11264,         0,         0,    1.60,correlated_pymatching,8beb24caf2e2f0c22669330a865cd85a3a3aa7fb43a00ab09c8b2e94ef837b2a,"{""d"":7.0,""p"":0.0001,""r"":7.0}",
     15360,         0,         0,    2.28,correlated_pymatching,d375ef9124ce40870f0834887e212a4b5fa1761556314559f013816e08158024,"{""d"":7.0,""p"":0.00046415888336127773,""r"":7.0}",
       128,         0,         0,   0.141,correlated_pymatching,d05dfd6d26439ab105696a06e7cf5555a9186ccbfbd37bf17c421cab4331a5f3,"{""d"":5.0,""p"":0.0001,""r"":5.0}",
      2048,         0,         0,   0.183,correlated_pymatching,80c44e915a981af8af51acc088922b07074e67f978d596f56e5bb6df96b53467,"{""d"":5.0,""p"":0.00046415888336127773,""r"":5.0}",
     11264,         0,         0,    1.70,correlated_pymatching,37f268fbfb1512405cedc6a9f187fe834ff0248dae64f05e468219cda62bb709,"{""d"":7.0,""p"":0.00021544346900318845,""r"":7.0}",
      2048,         0,         0,   0.177,correlated_pymatching,02577dd842a1ef1ffa76eecb4d0727e37a8991db1af1a7da799291d22f5d094a,"{""d"":5.0,""p"":0.00021544346900318845,""r"":5.0}",
       512,         0,         0,   0.126,correlated_pymatching,d05dfd6d26439ab105696a06e7cf5555a9186ccbfbd37bf17c421cab4331a5f3,"{""d"":5.0,""p"":0.0001,""r"":5.0}",
      2048,        10,         0,   0.831,correlated_pymatching,cca4707bb9b08e02f7538b96b830c79d08355eaa3ce77c65da374ff9fbc4fe74,"{""d"":7.0,""p"":0.002154434690031882,""r"":7.0}","{""obs_mistake_mask=E"":10}"
      2048,         7,         0,   0.828,correlated_pymatching,cca4707bb9b08e02f7538b96b830c79d08355eaa3ce77c65da374ff9fbc4fe74,"{""d"":7.0,""p"":0.002154434690031882,""r"":7.0}","{""obs_mistake_mask=E"":7}"
     13312,         1,         0,    2.46,correlated_pymatching,a8310dbbc441a92d61d39a18764fc49fdbe77c657ab9ed3f9aff31a58729b2b0,"{""d"":7.0,""p"":0.001,""r"":7.0}","{""obs_mistake_mask=E"":1}"
      2048,         0,         0,   0.184,correlated_pymatching,80c44e915a981af8af51acc088922b07074e67f978d596f56e5bb6df96b53467,"{""d"":5.0,""p"":0.00046415888336127773,""r"":5.0}",
      2048,         0,         0,   0.171,correlated_pymatching,02577dd842a1ef1ffa76eecb4d0727e37a8991db1af1a7da799291d22f5d094a,"{""d"":5.0,""p"":0.00021544346900318845,""r"":5.0}",
      1024,         0,         0,   0.164,correlated_pymatching,d05dfd6d26439ab105696a06e7cf5555a9186ccbfbd37bf17c421cab4331a5f3,"{""d"":5.0,""p"":0.0001,""r"":5.0}",
      1024,         0,         0,   0.156,correlated_pymatching,d05dfd6d26439ab105696a06e7cf5555a9186ccbfbd37bf17c421cab4331a5f3,"{""d"":5.0,""p"":0.0001,""r"":5.0}",
      3072,         0,         0,   0.253,correlated_pymatching,02577dd842a1ef1ffa76eecb4d0727e37a8991db1af1a7da799291d22f5d094a,"{""d"":5.0,""p"":0.00021544346900318845,""r"":5.0}",
      3072,         0,         0,   0.285,correlated_pymatching,80c44e915a981af8af51acc088922b07074e67f978d596f56e5bb6df96b53467,"{""d"":5.0,""p"":0.00046415888336127773,""r"":5.0}",
     13312,         0,         0,    2.18,correlated_pymatching,37f268fbfb1512405cedc6a9f187fe834ff0248dae64f05e468219cda62bb709,"{""d"":7.0,""p"":0.00021544346900318845,""r"":7.0}",
      7168,        31,         0,    2.26,correlated_pymatching,cca4707bb9b08e02f7538b96b830c79d08355eaa3ce77c65da374ff9fbc4fe74,"{""d"":7.0,""p"":0.002154434690031882,""r"":7.0}","{""obs_mistake_mask=E"":31}"
     57344,         3,         0,    1.09,correlated_pymatching,3ff5e208e6b76d3eb4e957d28e66058d6f9266124b7e5e941f0dab4b55388fe7,"{""d"":3.0,""p"":0.0001,""r"":3.0}","{""obs_mistake_mask=E"":3}"
      1024,         0,         0,   0.156,correlated_pymatching,d05dfd6d26439ab105696a06e7cf5555a9186ccbfbd37bf17c421cab4331a5f3,"{""d"":5.0,""p"":0.0001,""r"":5.0}",
      8192,         0,         0,    1.65,correlated_pymatching,d375ef9124ce40870f0834887e212a4b5fa1761556314559f013816e08158024,"{""d"":7.0,""p"":0.00046415888336127773,""r"":7.0}",
      6144,         2,         0,    1.72,correlated_pymatching,a8310dbbc441a92d61d39a18764fc49fdbe77c657ab9ed3f9aff31a58729b2b0,"{""d"":7.0,""p"":0.001,""r"":7.0}","{""obs_mistake_mask=E"":2}"
    143360,        11,         0,    2.18,correlated_pymatching,3ff5e208e6b76d3eb4e957d28e66058d6f9266124b7e5e941f0dab4b55388fe7,"{""d"":3.0,""p"":0.0001,""r"":3.0}","{""obs_mistake_mask=E"":11}"
     14336,         0,         0,    2.32,correlated_pymatching,8beb24caf2e2f0c22669330a865cd85a3a3aa7fb43a00ab09c8b2e94ef837b2a,"{""d"":7.0,""p"":0.0001,""r"":7.0}",
      4096,         0,         0,   0.367,correlated_pymatching,02577dd842a1ef1ffa76eecb4d0727e37a8991db1af1a7da799291d22f5d094a,"{""d"":5.0,""p"":0.00021544346900318845,""r"":5.0}",
      4096,         1,         0,   0.374,correlated_pymatching,80c44e915a981af8af51acc088922b07074e67f978d596f56e5bb6df96b53467,"{""d"":5.0,""p"":0.00046415888336127773,""r"":5.0}","{""obs_mistake_mask=E"":1}"
      2048,         0,         0,   0.309,correlated_pymatching,d05dfd6d26439ab105696a06e7cf5555a9186ccbfbd37bf17c421cab4331a5f3,"{""d"":5.0,""p"":0.0001,""r"":5.0}",
     11264,         0,         0,    2.28,correlated_pymatching,d375ef9124ce40870f0834887e212a4b5fa1761556314559f013816e08158024,"{""d"":7.0,""p"":0.00046415888336127773,""r"":7.0}",
      2048,         8,         0,   0.878,correlated_pymatching,cca4707bb9b08e02f7538b96b830c79d08355eaa3ce77c65da374ff9fbc4fe74,"{""d"":7.0,""p"":0.002154434690031882,""r"":7.0}","{""obs_mistake_mask=E"":8}"
      2048,         9,         0,   0.879,correlated_pymatching,cca4707bb9b08e02f7538b96b830c79d08355eaa3ce77c65da374ff9fbc4fe74,"{""d"":7.0,""p"":0.002154434690031882,""r"":7.0}","{""obs_mistake_mask=E"":9}"
      9216,         1,         0,    2.26,correlated_pymatching,a8310dbbc441a92d61d39a18764fc49fdbe77c657ab9ed3f9aff31a58729b2b0,"{""d"":7.0,""p"":0.001,""r"":7.0}","{""obs_mistake_mask=E"":1}"
     27648,         0,         0,    2.18,correlated_pymatching,02577dd842a1ef1ffa76eecb4d0727e37a8991db1af1a7da799291d22f5d094a,"{""d"":5.0,""p"":0.00021544346900318845,""r"":5.0}",
      2048,         0,         0,   0.312,correlated_pymatching,d05dfd6d26439ab105696a06e7cf5555a9186ccbfbd37bf17c421cab4331a5f3,"{""d"":5.0,""p"":0.0001,""r"":5.0}",
      5120,         0,         0,   0.439,correlated_pymatching,02577dd842a1ef1ffa76eecb4d0727e37a8991db1af1a7da799291d22f5d094a,"{""d"":5.0,""p"":0.00021544346900318845,""r"":5.0}",
     28672,         0,         0,    2.24,correlated_pymatching,d05dfd6d26439ab105696a06e7cf5555a9186ccbfbd37bf17c421cab4331a5f3,"{""d"":5.0,""p"":0.0001,""r"":5.0}",
      5120,         0,         0,   0.468,correlated_pymatching,80c44e915a981af8af51acc088922b07074e67f978d596f56e5bb6df96b53467,"{""d"":5.0,""p"":0.00046415888336127773,""r"":5.0}",
     25600,         4,         0,    2.25,correlated_pymatching,80c44e915a981af8af51acc088922b07074e67f978d596f56e5bb6df96b53467,"{""d"":5.0,""p"":0.00046415888336127773,""r"":5.0}","{""obs_mistake_mask=E"":4}"
      3072,         0,         0,   0.455,correlated_pymatching,d05dfd6d26439ab105696a06e7cf5555a9186ccbfbd37bf17c421cab4331a5f3,"{""d"":5.0,""p"":0.0001,""r"":5.0}",
    199680,        10,         0,    3.04,correlated_pymatching,3ff5e208e6b76d3eb4e957d28e66058d6f9266124b7e5e941f0dab4b55388fe7,"{""d"":3.0,""p"":0.0001,""r"":3.0}","{""obs_mistake_mask=E"":10}"
      7168,         0,         0,   0.605,correlated_pymatching,02577dd842a1ef1ffa76eecb4d0727e37a8991db1af1a7da799291d22f5d094a,"{""d"":5.0,""p"":0.00021544346900318845,""r"":5.0}",
    190464,        13,         0,    3.04,correlated_pymatching,3ff5e208e6b76d3eb4e957d28e66058d6f9266124b7e5e941f0dab4b55388fe7,"{""d"":3.0,""p"":0.0001,""r"":3.0}","{""obs_mistake_mask=E"":13}"
      7168,         0,         0,   0.649,correlated_pymatching,80c44e915a981af8af51acc088922b07074e67f978d596f56e5bb6df96b53467,"{""d"":5.0,""p"":0.00046415888336127773,""r"":5.0}",
     41984,         1,         0,    3.09,correlated_pymatching,d05dfd6d26439ab105696a06e7cf5555a9186ccbfbd37bf17c421cab4331a5f3,"{""d"":5.0,""p"":0.0001,""r"":5.0}","{""obs_mistake_mask=E"":1}"
     83968,        12,         0,    1.55,correlated_pymatching,3ff5e208e6b76d3eb4e957d28e66058d6f9266124b7e5e941f0dab4b55388fe7,"{""d"":3.0,""p"":0.0001,""r"":3.0}","{""obs_mistake_mask=E"":12}"
     10240,         0,         0,    2.19,correlated_pymatching,8beb24caf2e2f0c22669330a865cd85a3a3aa7fb43a00ab09c8b2e94ef837b2a,"{""d"":7.0,""p"":0.0001,""r"":7.0}",
     39936,         0,         0,    3.11,correlated_pymatching,02577dd842a1ef1ffa76eecb4d0727e37a8991db1af1a7da799291d22f5d094a,"{""d"":5.0,""p"":0.00021544346900318845,""r"":5.0}",
     35840,         6,         0,    3.08,correlated_pymatching,80c44e915a981af8af51acc088922b07074e67f978d596f56e5bb6df96b53467,"{""d"":5.0,""p"":0.00046415888336127773,""r"":5.0}","{""obs_mistake_mask=E"":6}"
      3072,         5,         0,    1.28,correlated_pymatching,cca4707bb9b08e02f7538b96b830c79d08355eaa3ce77c65da374ff9fbc4fe74,"{""d"":7.0,""p"":0.002154434690031882,""r"":7.0}","{""obs_mistake_mask=E"":5}"
      4096,         0,         0,   0.635,correlated_pymatching,d05dfd6d26439ab105696a06e7cf5555a9186ccbfbd37bf17c421cab4331a5f3,"{""d"":5.0,""p"":0.0001,""r"":5.0}",
      3072,        11,         0,    1.33,correlated_pymatching,cca4707bb9b08e02f7538b96b830c79d08355eaa3ce77c65da374ff9fbc4fe74,"{""d"":7.0,""p"":0.002154434690031882,""r"":7.0}","{""obs_mistake_mask=E"":11}"
     10240,         0,         0,    2.32,correlated_pymatching,37f268fbfb1512405cedc6a9f187fe834ff0248dae64f05e468219cda62bb709,"{""d"":7.0,""p"":0.00021544346900318845,""r"":7.0}",
      6144,        33,         0,    2.56,correlated_pymatching,cca4707bb9b08e02f7538b96b830c79d08355eaa3ce77c65da374ff9fbc4fe74,"{""d"":7.0,""p"":0.002154434690031882,""r"":7.0}","{""obs_mistake_mask=E"":33}"
     36864,         0,         0,    3.11,correlated_pymatching,02577dd842a1ef1ffa76eecb4d0727e37a8991db1af1a7da799291d22f5d094a,"{""d"":5.0,""p"":0.00021544346900318845,""r"":5.0}",
     37888,         0,         0,    3.11,correlated_pymatching,d05dfd6d26439ab105696a06e7cf5555a9186ccbfbd37bf17c421cab4331a5f3,"{""d"":5.0,""p"":0.0001,""r"":5.0}",
      9216,         1,         0,   0.793,correlated_pymatching,02577dd842a1ef1ffa76eecb4d0727e37a8991db1af1a7da799291d22f5d094a,"{""d"":5.0,""p"":0.00021544346900318845,""r"":5.0}","{""obs_mistake_mask=E"":1}"
      1024,         1,         0,   0.431,correlated_pymatching,cca4707bb9b08e02f7538b96b830c79d08355eaa3ce77c65da374ff9fbc4fe74,"{""d"":7.0,""p"":0.002154434690031882,""r"":7.0}","{""obs_mistake_mask=E"":1}"
      1024,         6,         0,   0.439,correlated_pymatching,cca4707bb9b08e02f7538b96b830c79d08355eaa3ce77c65da374ff9fbc4fe74,"{""d"":7.0,""p"":0.002154434690031882,""r"":7.0}","{""obs_mistake_mask=E"":6}"
      5120,        12,         0,    2.23,correlated_pymatching,cca4707bb9b08e02f7538b96b830c79d08355eaa3ce77c65da374ff9fbc4fe74,"{""d"":7.0,""p"":0.002154434690031882,""r"":7.0}","{""obs_mistake_mask=E"":12}"
      1024,         1,         0,   0.338,correlated_pymatching,cca4707bb9b08e02f7538b96b830c79d08355eaa3ce77c65da374ff9fbc4fe74,"{""d"":7.0,""p"":0.002154434690031882,""r"":7.0}","{""obs_mistake_mask=E"":1}"
      9216,         3,         0,   0.863,correlated_pymatching,80c44e915a981af8af51acc088922b07074e67f978d596f56e5bb6df96b53467,"{""d"":5.0,""p"":0.00046415888336127773,""r"":5.0}","{""obs_mistake_mask=E"":3}"
     33792,         4,         0,    3.06,correlated_pymatching,80c44e915a981af8af51acc088922b07074e67f978d596f56e5bb6df96b53467,"{""d"":5.0,""p"":0.00046415888336127773,""r"":5.0}","{""obs_mistake_mask=E"":4}"
     14336,         0,         0,    3.14,correlated_pymatching,8beb24caf2e2f0c22669330a865cd85a3a3aa7fb43a00ab09c8b2e94ef837b2a,"{""d"":7.0,""p"":0.0001,""r"":7.0}",
      9216,         0,         0,    2.26,correlated_pymatching,d375ef9124ce40870f0834887e212a4b5fa1761556314559f013816e08158024,"{""d"":7.0,""p"":0.00046415888336127773,""r"":7.0}",
      7168,         3,         0,    2.34,correlated_pymatching,a8310dbbc441a92d61d39a18764fc49fdbe77c657ab9ed3f9aff31a58729b2b0,"{""d"":7.0,""p"":0.001,""r"":7.0}","{""obs_mistake_mask=E"":3}"
     12288,         0,         0,    3.09,correlated_pymatching,d375ef9124ce40870f0834887e212a4b5fa1761556314559f013816e08158024,"{""d"":7.0,""p"":0.00046415888336127773,""r"":7.0}",
     14336,         0,         0,    3.26,correlated_pymatching,37f268fbfb1512405cedc6a9f187fe834ff0248dae64f05e468219cda62bb709,"{""d"":7.0,""p"":0.00021544346900318845,""r"":7.0}",
         1,         0,         0,   0.198,correlated_pymatching,d375ef9124ce40870f0834887e212a4b5fa1761556314559f013816e08158024,"{""d"":7.0,""p"":0.00046415888336127773,""r"":7.0}",
         1,         0,         0,   0.208,correlated_pymatching,8beb24caf2e2f0c22669330a865cd85a3a3aa7fb43a00ab09c8b2e94ef837b2a,"{""d"":7.0,""p"":0.0001,""r"":7.0}",
      6144,         0,         0,   0.927,correlated_pymatching,d05dfd6d26439ab105696a06e7cf5555a9186ccbfbd37bf17c421cab4331a5f3,"{""d"":5.0,""p"":0.0001,""r"":5.0}",
         1,         0,         0,   0.208,correlated_pymatching,a8310dbbc441a92d61d39a18764fc49fdbe77c657ab9ed3f9aff31a58729b2b0,"{""d"":7.0,""p"":0.001,""r"":7.0}",
     10240,         3,         0,    3.11,correlated_pymatching,a8310dbbc441a92d61d39a18764fc49fdbe77c657ab9ed3f9aff31a58729b2b0,"{""d"":7.0,""p"":0.001,""r"":7.0}","{""obs_mistake_mask=E"":3}"
         1,         0,         0,   0.218,correlated_pymatching,37f268fbfb1512405cedc6a9f187fe834ff0248dae64f05e468219cda62bb709,"{""d"":7.0,""p"":0.00021544346900318845,""r"":7.0}",
         2,         0,         0,   0.194,correlated_pymatching,8beb24caf2e2f0c22669330a865cd85a3a3aa7fb43a00ab09c8b2e94ef837b2a,"{""d"":7.0,""p"":0.0001,""r"":7.0}",
         2,         0,         0,   0.203,correlated_pymatching,d375ef9124ce40870f0834887e212a4b5fa1761556314559f013816e08158024,"{""d"":7.0,""p"":0.00046415888336127773,""r"":7.0}",
         2,         0,         0,   0.203,correlated_pymatching,a8310dbbc441a92d61d39a18764fc49fdbe77c657ab9ed3f9aff31a58729b2b0,"{""d"":7.0,""p"":0.001,""r"":7.0}",
         2,         0,         0,   0.180,correlated_pymatching,37f268fbfb1512405cedc6a9f187fe834ff0248dae64f05e468219cda62bb709,"{""d"":7.0,""p"":0.00021544346900318845,""r"":7.0}",
     86900,         8,         0,    1.60,correlated_pymatching,3ff5e208e6b76d3eb4e957d28e66058d6f9266124b7e5e941f0dab4b55388fe7,"{""d"":3.0,""p"":0.0001,""r"":3.0}","{""obs_mistake_mask=E"":8}"
         4,         0,         0,   0.180,correlated_pymatching,8beb24caf2e2f0c22669330a865cd85a3a3aa7fb43a00ab09c8b2e94ef837b2a,"{""d"":7.0,""p"":0.0001,""r"":7.0}",
         4,         0,         0,   0.188,correlated_pymatching,d375ef9124ce40870f0834887e212a4b5fa1761556314559f013816e08158024,"{""d"":7.0,""p"":0.00046415888336127773,""r"":7.0}",
         4,         0,         0,   0.192,correlated_pymatching,a8310dbbc441a92d61d39a18764fc49fdbe77c657ab9ed3f9aff31a58729b2b0,"{""d"":7.0,""p"":0.001,""r"":7.0}",
         4,         0,         0,   0.190,correlated_pymatching,37f268fbfb1512405cedc6a9f187fe834ff0248dae64f05e468219cda62bb709,"{""d"":7.0,""p"":0.00021544346900318845,""r"":7.0}",
     14336,         0,         0,    3.25,correlated_pymatching,37f268fbfb1512405cedc6a9f187fe834ff0248dae64f05e468219cda62bb709,"{""d"":7.0,""p"":0.00021544346900318845,""r"":7.0}",
    166912,        20,         0,    3.04,correlated_pymatching,3ff5e208e6b76d3eb4e957d28e66058d6f9266124b7e5e941f0dab4b55388fe7,"{""d"":3.0,""p"":0.0001,""r"":3.0}","{""obs_mistake_mask=E"":20}"
         8,         0,         0,   0.182,correlated_pymatching,8beb24caf2e2f0c22669330a865cd85a3a3aa7fb43a00ab09c8b2e94ef837b2a,"{""d"":7.0,""p"":0.0001,""r"":7.0}",
     14336,         0,         0,    1.15,correlated_pymatching,02577dd842a1ef1ffa76eecb4d0727e37a8991db1af1a7da799291d22f5d094a,"{""d"":5.0,""p"":0.00021544346900318845,""r"":5.0}",
         8,         0,         0,   0.207,correlated_pymatching,d375ef9124ce40870f0834887e212a4b5fa1761556314559f013816e08158024,"{""d"":7.0,""p"":0.00046415888336127773,""r"":7.0}",
         8,         0,         0,   0.194,correlated_pymatching,a8310dbbc441a92d61d39a18764fc49fdbe77c657ab9ed3f9aff31a58729b2b0,"{""d"":7.0,""p"":0.001,""r"":7.0}",
         8,         0,         0,   0.220,correlated_pymatching,37f268fbfb1512405cedc6a9f187fe834ff0248dae64f05e468219cda62bb709,"{""d"":7.0,""p"":0.00021544346900318845,""r"":7.0}",
     14336,         0,         0,    3.24,correlated_pymatching,8beb24caf2e2f0c22669330a865cd85a3a3aa7fb43a00ab09c8b2e94ef837b2a,"{""d"":7.0,""p"":0.0001,""r"":7.0}",
        16,         0,         0,   0.185,correlated_pymatching,8beb24caf2e2f0c22669330a865cd85a3a3aa7fb43a00ab09c8b2e94ef837b2a,"{""d"":7.0,""p"":0.0001,""r"":7.0}",
     12288,         2,         0,    1.14,correlated_pymatching,80c44e915a981af8af51acc088922b07074e67f978d596f56e5bb6df96b53467,"{""d"":5.0,""p"":0.00046415888336127773,""r"":5.0}","{""obs_mistake_mask=E"":2}"
        16,         0,         0,   0.174,correlated_pymatching,d375ef9124ce40870f0834887e212a4b5fa1761556314559f013816e08158024,"{""d"":7.0,""p"":0.00046415888336127773,""r"":7.0}",
        16,         0,         0,   0.192,correlated_pymatching,a8310dbbc441a92d61d39a18764fc49fdbe77c657ab9ed3f9aff31a58729b2b0,"{""d"":7.0,""p"":0.001,""r"":7.0}",
        16,         0,         0,   0.189,correlated_pymatching,37f268fbfb1512405cedc6a9f187fe834ff0248dae64f05e468219cda62bb709,"{""d"":7.0,""p"":0.00021544346900318845,""r"":7.0}",
     12288,         0,         0,    3.09,correlated_pymatching,d375ef9124ce40870f0834887e212a4b5fa1761556314559f013816e08158024,"{""d"":7.0,""p"":0.00046415888336127773,""r"":7.0}",
        32,         0,         0,   0.196,correlated_pymatching,8beb24caf2e2f0c22669330a865cd85a3a3aa7fb43a00ab09c8b2e94ef837b2a,"{""d"":7.0,""p"":0.0001,""r"":7.0}",
     38912,         0,         0,    3.08,correlated_pymatching,02577dd842a1ef1ffa76eecb4d0727e37a8991db1af1a7da799291d22f5d094a,"{""d"":5.0,""p"":0.00021544346900318845,""r"":5.0}",
        32,         0,         0,   0.216,correlated_pymatching,d375ef9124ce40870f0834887e212a4b5fa1761556314559f013816e08158024,"{""d"":7.0,""p"":0.00046415888336127773,""r"":7.0}",
        32,         0,         0,   0.200,correlated_pymatching,a8310dbbc441a92d61d39a18764fc49fdbe77c657ab9ed3f9aff31a58729b2b0,"{""d"":7.0,""p"":0.001,""r"":7.0}",
     10240,         0,         0,    3.13,correlated_pymatching,a8310dbbc441a92d61d39a18764fc49fdbe77c657ab9ed3f9aff31a58729b2b0,"{""d"":7.0,""p"":0.001,""r"":7.0}",
     24146,         1,         0,   0.460,correlated_pymatching,3ff5e208e6b76d3eb4e957d28e66058d6f9266124b7e5e941f0dab4b55388fe7,"{""d"":3.0,""p"":0.0001,""r"":3.0}","{""obs_mistake_mask=E"":1}"
        32,         0,         0,   0.204,correlated_pymatching,37f268fbfb1512405cedc6a9f187fe834ff0248dae64f05e468219cda62bb709,"{""d"":7.0,""p"":0.00021544346900318845,""r"":7.0}",
    115712,        11,         0,    2.18,correlated_pymatching,3ff5e208e6b76d3eb4e957d28e66058d6f9266124b7e5e941f0dab4b55388fe7,"{""d"":3.0,""p"":0.0001,""r"":3.0}","{""obs_mistake_mask=E"":11}"
     37888,         1,         0,    3.07,correlated_pymatching,d05dfd6d26439ab105696a06e7cf5555a9186ccbfbd37bf17c421cab4331a5f3,"{""d"":5.0,""p"":0.0001,""r"":5.0}","{""obs_mistake_mask=E"":1}"
        64,         0,         0,   0.194,correlated_pymatching,8beb24caf2e2f0c22669330a865cd85a3a3aa7fb43a00ab09c8b2e94ef837b2a,"{""d"":7.0,""p"":0.0001,""r"":7.0}",
        64,         0,         0,   0.194,correlated_pymatching,d375ef9124ce40870f0834887e212a4b5fa1761556314559f013816e08158024,"{""d"":7.0,""p"":0.00046415888336127773,""r"":7.0}",
        64,         0,         0,   0.206,correlated_pymatching,a8310dbbc441a92d61d39a18764fc49fdbe77c657ab9ed3f9aff31a58729b2b0,"{""d"":7.0,""p"":0.001,""r"":7.0}",
    143294,        10,         0,    2.61,correlated_pymatching,3ff5e208e6b76d3eb4e957d28e66058d6f9266124b7e5e941f0dab4b55388fe7,"{""d"":3.0,""p"":0.0001,""r"":3.0}","{""obs_mistake_mask=E"":10}"
      8192,         0,         0,    1.23,correlated_pymatching,d05dfd6d26439ab105696a06e7cf5555a9186ccbfbd37bf17c421cab4331a5f3,"{""d"":5.0,""p"":0.0001,""r"":5.0}",
        64,         0,         0,   0.204,correlated_pymatching,37f268fbfb1512405cedc6a9f187fe834ff0248dae64f05e468219cda62bb709,"{""d"":7.0,""p"":0.00021544346900318845,""r"":7.0}",
     32768,         5,         0,    3.07,correlated_pymatching,80c44e915a981af8af51acc088922b07074e67f978d596f56e5bb6df96b53467,"{""d"":5.0,""p"":0.00046415888336127773,""r"":5.0}","{""obs_mistake_mask=E"":5}"
       128,         0,         0,   0.189,correlated_pymatching,8beb24caf2e2f0c22669330a865cd85a3a3aa7fb43a00ab09c8b2e94ef837b2a,"{""d"":7.0,""p"":0.0001,""r"":7.0}",
       128,         0,         0,   0.214,correlated_pymatching,d375ef9124ce40870f0834887e212a4b5fa1761556314559f013816e08158024,"{""d"":7.0,""p"":0.00046415888336127773,""r"":7.0}",
       128,         0,         0,   0.215,correlated_pymatching,a8310dbbc441a92d61d39a18764fc49fdbe77c657ab9ed3f9aff31a58729b2b0,"{""d"":7.0,""p"":0.001,""r"":7.0}",
       128,         0,         0,   0.196,correlated_pymatching,37f268fbfb1512405cedc6a9f187fe834ff0248dae64f05e468219cda62bb709,"{""d"":7.0,""p"":0.00021544346900318845,""r"":7.0}",
       256,         0,         0,   0.180,correlated_pymatching,8beb24caf2e2f0c22669330a865cd85a3a3aa7fb43a00ab09c8b2e94ef837b2a,"{""d"":7.0,""p"":0.0001,""r"":7.0}",
       256,         0,         0,   0.205,correlated_pymatching,d375ef9124ce40870f0834887e212a4b5fa1761556314559f013816e08158024,"{""d"":7.0,""p"":0.00046415888336127773,""r"":7.0}",
       256,         0,         0,   0.242,correlated_pymatching,a8310dbbc441a92d61d39a18764fc49fdbe77c657ab9ed3f9aff31a58729b2b0,"{""d"":7.0,""p"":0.001,""r"":7.0}",
       256,         0,         0,   0.247,correlated_pymatching,37f268fbfb1512405cedc6a9f187fe834ff0248dae64f05e468219cda62bb709,"{""d"":7.0,""p"":0.00021544346900318845,""r"":7.0}",
       512,         0,         0,   0.220,correlated_pymatching,8beb24caf2e2f0c22669330a865cd85a3a3aa7fb43a00ab09c8b2e94ef837b2a,"{""d"":7.0,""p"":0.0001,""r"":7.0}",
     78542,         7,         0,    1.50,correlated_pymatching,3ff5e208e6b76d3eb4e957d28e66058d6f9266124b7e5e941f0dab4b55388fe7,"{""d"":3.0,""p"":0.0001,""r"":3.0}","{""obs_mistake_mask=E"":7}"
       512,         0,         0,   0.232,correlated_pymatching,37f268fbfb1512405cedc6a9f187fe834ff0248dae64f05e468219cda62bb709,"{""d"":7.0,""p"":0.00021544346900318845,""r"":7.0}",
       512,         0,         0,   0.311,correlated_pymatching,d375ef9124ce40870f0834887e212a4b5fa1761556314559f013816e08158024,"{""d"":7.0,""p"":0.00046415888336127773,""r"":7.0}",
       512,         0,         0,   0.258,correlated_pymatching,a8310dbbc441a92d61d39a18764fc49fdbe77c657ab9ed3f9aff31a58729b2b0,"{""d"":7.0,""p"":0.001,""r"":7.0}",
     14336,         0,         0,    3.05,correlated_pymatching,8beb24caf2e2f0c22669330a865cd85a3a3aa7fb43a00ab09c8b2e94ef837b2a,"{""d"":7.0,""p"":0.0001,""r"":7.0}",
     17408,         0,         0,    1.60,correlated_pymatching,02577dd842a1ef1ffa76eecb4d0727e37a8991db1af1a7da799291d22f5d094a,"{""d"":5.0,""p"":0.00021544346900318845,""r"":5.0}",
     58907,         6,         0,    1.15,correlated_pymatching,3ff5e208e6b76d3eb4e957d28e66058d6f9266124b7e5e941f0dab4b55388fe7,"{""d"":3.0,""p"":0.0001,""r"":3.0}","{""obs_mistake_mask=E"":6}"
     58368,        10,         0,    1.11,correlated_pymatching,3ff5e208e6b76d3eb4e957d28e66058d6f9266124b7e5e941f0dab4b55388fe7,"{""d"":3.0,""p"":0.0001,""r"":3.0}","{""obs_mistake_mask=E"":10}"
      2048,         0,         0,   0.441,correlated_pymatching,8beb24caf2e2f0c22669330a865cd85a3a3aa7fb43a00ab09c8b2e94ef837b2a,"{""d"":7.0,""p"":0.0001,""r"":7.0}",
     51200,         4,         0,   0.981,correlated_pymatching,3ff5e208e6b76d3eb4e957d28e66058d6f9266124b7e5e941f0dab4b55388fe7,"{""d"":3.0,""p"":0.0001,""r"":3.0}","{""obs_mistake_mask=E"":4}"
     14336,         0,         0,    3.09,correlated_pymatching,37f268fbfb1512405cedc6a9f187fe834ff0248dae64f05e468219cda62bb709,"{""d"":7.0,""p"":0.00021544346900318845,""r"":7.0}",
      1024,         1,         0,   0.301,correlated_pymatching,a8310dbbc441a92d61d39a18764fc49fdbe77c657ab9ed3f9aff31a58729b2b0,"{""d"":7.0,""p"":0.001,""r"":7.0}","{""obs_mistake_mask=E"":1}"
       539,         0,         0,   0.019,correlated_pymatching,3ff5e208e6b76d3eb4e957d28e66058d6f9266124b7e5e941f0dab4b55388fe7,"{""d"":3.0,""p"":0.0001,""r"":3.0}",
     22528,         2,         0,   0.393,correlated_pymatching,3ff5e208e6b76d3eb4e957d28e66058d6f9266124b7e5e941f0dab4b55388fe7,"{""d"":3.0,""p"":0.0001,""r"":3.0}","{""obs_mistake_mask=E"":2}"
     16384,         0,         0,    1.56,correlated_pymatching,80c44e915a981af8af51acc088922b07074e67f978d596f56e5bb6df96b53467,"{""d"":5.0,""p"":0.00046415888336127773,""r"":5.0}",
      2048,         0,         0,   0.485,correlated_pymatching,37f268fbfb1512405cedc6a9f187fe834ff0248dae64f05e468219cda62bb709,"{""d"":7.0,""p"":0.00021544346900318845,""r"":7.0}",
      1536,         0,         0,   0.484,correlated_pymatching,d375ef9124ce40870f0834887e212a4b5fa1761556314559f013816e08158024,"{""d"":7.0,""p"":0.00046415888336127773,""r"":7.0}",
     11021,         1,         0,   0.204,correlated_pymatching,3ff5e208e6b76d3eb4e957d28e66058d6f9266124b7e5e941f0dab4b55388fe7,"{""d"":3.0,""p"":0.0001,""r"":3.0}","{""obs_mistake_mask=E"":1}"
     11021,         2,         0,   0.209,correlated_pymatching,3ff5e208e6b76d3eb4e957d28e66058d6f9266124b7e5e941f0dab4b55388fe7,"{""d"":3.0,""p"":0.0001,""r"":3.0}","{""obs_mistake_mask=E"":2}"
      9216,         1,         0,   0.184,correlated_pymatching,3ff5e208e6b76d3eb4e957d28e66058d6f9266124b7e5e941f0dab4b55388fe7,"{""d"":3.0,""p"":0.0001,""r"":3.0}","{""obs_mistake_mask=E"":1}"
      8266,         0,         0,   0.180,correlated_pymatching,3ff5e208e6b76d3eb4e957d28e66058d6f9266124b7e5e941f0dab4b55388fe7,"{""d"":3.0,""p"":0.0001,""r"":3.0}",
      1140,         0,         0,   0.037,correlated_pymatching,3ff5e208e6b76d3eb4e957d28e66058d6f9266124b7e5e941f0dab4b55388fe7,"{""d"":3.0,""p"":0.0001,""r"":3.0}",
      1140,         0,         0,   0.026,correlated_pymatching,3ff5e208e6b76d3eb4e957d28e66058d6f9266124b7e5e941f0dab4b55388fe7,"{""d"":3.0,""p"":0.0001,""r"":3.0}",
      1140,         0,         0,   0.026,correlated_pymatching,3ff5e208e6b76d3eb4e957d28e66058d6f9266124b7e5e941f0dab4b55388fe7,"{""d"":3.0,""p"":0.0001,""r"":3.0}",
      1140,         0,         0,   0.039,correlated_pymatching,3ff5e208e6b76d3eb4e957d28e66058d6f9266124b7e5e941f0dab4b55388fe7,"{""d"":3.0,""p"":0.0001,""r"":3.0}",
      2048,         0,         0,   0.415,correlated_pymatching,8beb24caf2e2f0c22669330a865cd85a3a3aa7fb43a00ab09c8b2e94ef837b2a,"{""d"":7.0,""p"":0.0001,""r"":7.0}",
         1,         0,         0,   0.086,correlated_pymatching,d05dfd6d26439ab105696a06e7cf5555a9186ccbfbd37bf17c421cab4331a5f3,"{""d"":5.0,""p"":0.0001,""r"":5.0}",
         1,         0,         0,   0.086,correlated_pymatching,02577dd842a1ef1ffa76eecb4d0727e37a8991db1af1a7da799291d22f5d094a,"{""d"":5.0,""p"":0.00021544346900318845,""r"":5.0}",
         1,         0,         0,   0.089,correlated_pymatching,80c44e915a981af8af51acc088922b07074e67f978d596f56e5bb6df96b53467,"{""d"":5.0,""p"":0.00046415888336127773,""r"":5.0}",
         4,         0,         0,   0.066,correlated_pymatching,d05dfd6d26439ab105696a06e7cf5555a9186ccbfbd37bf17c421cab4331a5f3,"{""d"":5.0,""p"":0.0001,""r"":5.0}",
         4,         0,         0,   0.076,correlated_pymatching,02577dd842a1ef1ffa76eecb4d0727e37a8991db1af1a7da799291d22f5d094a,"{""d"":5.0,""p"":0.00021544346900318845,""r"":5.0}",
         4,         0,         0,   0.061,correlated_pymatching,80c44e915a981af8af51acc088922b07074e67f978d596f56e5bb6df96b53467,"{""d"":5.0,""p"":0.00046415888336127773,""r"":5.0}",
     10240,         0,         0,    1.57,correlated_pymatching,d05dfd6d26439ab105696a06e7cf5555a9186ccbfbd37bf17c421cab4331a5f3,"{""d"":5.0,""p"":0.0001,""r"":5.0}",
        32,         0,         0,   0.082,correlated_pymatching,d05dfd6d26439ab105696a06e7cf5555a9186ccbfbd37bf17c421cab4331a5f3,"{""d"":5.0,""p"":0.0001,""r"":5.0}",
     12288,         1,         0,    3.11,correlated_pymatching,d375ef9124ce40870f0834887e212a4b5fa1761556314559f013816e08158024,"{""d"":7.0,""p"":0.00046415888336127773,""r"":7.0}","{""obs_mistake_mask=E"":1}"
        16,         0,         0,   0.076,correlated_pymatching,02577dd842a1ef1ffa76eecb4d0727e37a8991db1af1a7da799291d22f5d094a,"{""d"":5.0,""p"":0.00021544346900318845,""r"":5.0}",
      2048,         1,         0,   0.622,correlated_pymatching,a8310dbbc441a92d61d39a18764fc49fdbe77c657ab9ed3f9aff31a58729b2b0,"{""d"":7.0,""p"":0.001,""r"":7.0}","{""obs_mistake_mask=E"":1}"
        32,         0,         0,   0.079,correlated_pymatching,80c44e915a981af8af51acc088922b07074e67f978d596f56e5bb6df96b53467,"{""d"":5.0,""p"":0.00046415888336127773,""r"":5.0}",
     10240,         0,         0,    3.06,correlated_pymatching,a8310dbbc441a92d61d39a18764fc49fdbe77c657ab9ed3f9aff31a58729b2b0,"{""d"":7.0,""p"":0.001,""r"":7.0}",
      2048,         0,         0,   0.482,correlated_pymatching,37f268fbfb1512405cedc6a9f187fe834ff0248dae64f05e468219cda62bb709,"{""d"":7.0,""p"":0.00021544346900318845,""r"":7.0}",
       128,         0,         0,   0.076,correlated_pymatching,d05dfd6d26439ab105696a06e7cf5555a9186ccbfbd37bf17c421cab4331a5f3,"{""d"":5.0,""p"":0.0001,""r"":5.0}",
        64,         0,         0,   0.074,correlated_pymatching,02577dd842a1ef1ffa76eecb4d0727e37a8991db1af1a7da799291d22f5d094a,"{""d"":5.0,""p"":0.00021544346900318845,""r"":5.0}",
         1,         0,         0,   0.218,correlated_pymatching,8beb24caf2e2f0c22669330a865cd85a3a3aa7fb43a00ab09c8b2e94ef837b2a,"{""d"":7.0,""p"":0.0001,""r"":7.0}",
       128,         0,         0,   0.082,correlated_pymatching,80c44e915a981af8af51acc088922b07074e67f978d596f56e5bb6df96b53467,"{""d"":5.0,""p"":0.00046415888336127773,""r"":5.0}",
      2048,         0,         0,   0.524,correlated_pymatching,d375ef9124ce40870f0834887e212a4b5fa1761556314559f013816e08158024,"{""d"":7.0,""p"":0.00046415888336127773,""r"":7.0}",
       512,         0,         0,   0.067,correlated_pymatching,d05dfd6d26439ab105696a06e7cf5555a9186ccbfbd37bf17c421cab4331a5f3,"{""d"":5.0,""p"":0.0001,""r"":5.0}",
       512,         0,         0,   0.078,correlated_pymatching,02577dd842a1ef1ffa76eecb4d0727e37a8991db1af1a7da799291d22f5d094a,"{""d"":5.0,""p"":0.00021544346900318845,""r"":5.0}",
       512,         0,         0,   0.086,correlated_pymatching,80c44e915a981af8af51acc088922b07074e67f978d596f56e5bb6df96b53467,"{""d"":5.0,""p"":0.00046415888336127773,""r"":5.0}",
      1024,         0,         0,   0.078,correlated_pymatching,d05dfd6d26439ab105696a06e7cf5555a9186ccbfbd37bf17c421cab4331a5f3,"{""d"":5.0,""p"":0.0001,""r"":5.0}",
      1024,         0,         0,   0.082,correlated_pymatching,02577dd842a1ef1ffa76eecb4d0727e37a8991db1af1a7da799291d22f5d094a,"{""d"":5.0,""p"":0.00021544346900318845,""r"":5.0}",
      1024,         0,         0,   0.091,correlated_pymatching,80c44e915a981af8af51acc088922b07074e67f978d596f56e5bb6df96b53467,"{""d"":5.0,""p"":0.00046415888336127773,""r"":5.0}",
         2,         0,         0,   0.200,correlated_pymatching,8beb24caf2e2f0c22669330a865cd85a3a3aa7fb43a00ab09c8b2e94ef837b2a,"{""d"":7.0,""p"":0.0001,""r"":7.0}",
     52224,         0,         0,    4.27,correlated_pymatching,d05dfd6d26439ab105696a06e7cf5555a9186ccbfbd37bf17c421cab4331a5f3,"{""d"":5.0,""p"":0.0001,""r"":5.0}",
      1024,         0,         0,   0.079,correlated_pymatching,d05dfd6d26439ab105696a06e7cf5555a9186ccbfbd37bf17c421cab4331a5f3,"{""d"":5.0,""p"":0.0001,""r"":5.0}",
      1024,         0,         0,   0.090,correlated_pymatching,02577dd842a1ef1ffa76eecb4d0727e37a8991db1af1a7da799291d22f5d094a,"{""d"":5.0,""p"":0.00021544346900318845,""r"":5.0}",
      1024,         0,         0,   0.093,correlated_pymatching,80c44e915a981af8af51acc088922b07074e67f978d596f56e5bb6df96b53467,"{""d"":5.0,""p"":0.00046415888336127773,""r"":5.0}",
     52224,         0,         0,    4.30,correlated_pymatching,02577dd842a1ef1ffa76eecb4d0727e37a8991db1af1a7da799291d22f5d094a,"{""d"":5.0,""p"":0.00021544346900318845,""r"":5.0}",
     46080,         5,         0,    4.27,correlated_pymatching,80c44e915a981af8af51acc088922b07074e67f978d596f56e5bb6df96b53467,"{""d"":5.0,""p"":0.00046415888336127773,""r"":5.0}","{""obs_mistake_mask=E"":5}"
      3072,         0,         0,   0.648,correlated_pymatching,8beb24caf2e2f0c22669330a865cd85a3a3aa7fb43a00ab09c8b2e94ef837b2a,"{""d"":7.0,""p"":0.0001,""r"":7.0}",
      2048,         0,         0,   0.166,correlated_pymatching,d05dfd6d26439ab105696a06e7cf5555a9186ccbfbd37bf17c421cab4331a5f3,"{""d"":5.0,""p"":0.0001,""r"":5.0}",
         4,         0,         0,   0.204,correlated_pymatching,8beb24caf2e2f0c22669330a865cd85a3a3aa7fb43a00ab09c8b2e94ef837b2a,"{""d"":7.0,""p"":0.0001,""r"":7.0}",
      2048,         0,         0,   0.180,correlated_pymatching,02577dd842a1ef1ffa76eecb4d0727e37a8991db1af1a7da799291d22f5d094a,"{""d"":5.0,""p"":0.00021544346900318845,""r"":5.0}",
      2048,         0,         0,   0.181,correlated_pymatching,80c44e915a981af8af51acc088922b07074e67f978d596f56e5bb6df96b53467,"{""d"":5.0,""p"":0.00046415888336127773,""r"":5.0}",
      2048,         0,         0,   0.158,correlated_pymatching,d05dfd6d26439ab105696a06e7cf5555a9186ccbfbd37bf17c421cab4331a5f3,"{""d"":5.0,""p"":0.0001,""r"":5.0}",
      2048,         0,         0,   0.169,correlated_pymatching,02577dd842a1ef1ffa76eecb4d0727e37a8991db1af1a7da799291d22f5d094a,"{""d"":5.0,""p"":0.00021544346900318845,""r"":5.0}",
         8,         0,         0,   0.204,correlated_pymatching,8beb24caf2e2f0c22669330a865cd85a3a3aa7fb43a00ab09c8b2e94ef837b2a,"{""d"":7.0,""p"":0.0001,""r"":7.0}",
      2048,         0,         0,   0.207,correlated_pymatching,80c44e915a981af8af51acc088922b07074e67f978d596f56e5bb6df96b53467,"{""d"":5.0,""p"":0.00046415888336127773,""r"":5.0}",
      3072,         0,         0,   0.708,correlated_pymatching,37f268fbfb1512405cedc6a9f187fe834ff0248dae64f05e468219cda62bb709,"{""d"":7.0,""p"":0.00021544346900318845,""r"":7.0}",
     50176,         2,         0,    4.31,correlated_pymatching,02577dd842a1ef1ffa76eecb4d0727e37a8991db1af1a7da799291d22f5d094a,"{""d"":5.0,""p"":0.00021544346900318845,""r"":5.0}","{""obs_mistake_mask=E"":2}"
     53248,         0,         0,    4.28,correlated_pymatching,d05dfd6d26439ab105696a06e7cf5555a9186ccbfbd37bf17c421cab4331a5f3,"{""d"":5.0,""p"":0.0001,""r"":5.0}",
      3072,         0,         0,   0.851,correlated_pymatching,a8310dbbc441a92d61d39a18764fc49fdbe77c657ab9ed3f9aff31a58729b2b0,"{""d"":7.0,""p"":0.001,""r"":7.0}",
      3072,         0,         0,   0.769,correlated_pymatching,d375ef9124ce40870f0834887e212a4b5fa1761556314559f013816e08158024,"{""d"":7.0,""p"":0.00046415888336127773,""r"":7.0}",
      3072,         0,         0,   0.252,correlated_pymatching,d05dfd6d26439ab105696a06e7cf5555a9186ccbfbd37bf17c421cab4331a5f3,"{""d"":5.0,""p"":0.0001,""r"":5.0}",
        16,         0,         0,   0.198,correlated_pymatching,8beb24caf2e2f0c22669330a865cd85a3a3aa7fb43a00ab09c8b2e94ef837b2a,"{""d"":7.0,""p"":0.0001,""r"":7.0}",
      3072,         0,         0,   0.245,correlated_pymatching,02577dd842a1ef1ffa76eecb4d0727e37a8991db1af1a7da799291d22f5d094a,"{""d"":5.0,""p"":0.00021544346900318845,""r"":5.0}",
      3072,         1,         0,   0.284,correlated_pymatching,80c44e915a981af8af51acc088922b07074e67f978d596f56e5bb6df96b53467,"{""d"":5.0,""p"":0.00046415888336127773,""r"":5.0}","{""obs_mistake_mask=E"":1}"
        32,         0,         0,   0.203,correlated_pymatching,8beb24caf2e2f0c22669330a865cd85a3a3aa7fb43a00ab09c8b2e94ef837b2a,"{""d"":7.0,""p"":0.0001,""r"":7.0}",
     47104,         8,         0,    4.28,correlated_pymatching,80c44e915a981af8af51acc088922b07074e67f978d596f56e5bb6df96b53467,"{""d"":5.0,""p"":0.00046415888336127773,""r"":5.0}","{""obs_mistake_mask=E"":8}"
      4096,         0,         0,   0.326,correlated_pymatching,d05dfd6d26439ab105696a06e7cf5555a9186ccbfbd37bf17c421cab4331a5f3,"{""d"":5.0,""p"":0.0001,""r"":5.0}",
      4096,         0,         0,   0.334,correlated_pymatching,02577dd842a1ef1ffa76eecb4d0727e37a8991db1af1a7da799291d22f5d094a,"{""d"":5.0,""p"":0.00021544346900318845,""r"":5.0}",
        64,         0,         0,   0.204,correlated_pymatching,8beb24caf2e2f0c22669330a865cd85a3a3aa7fb43a00ab09c8b2e94ef837b2a,"{""d"":7.0,""p"":0.0001,""r"":7.0}",
     20480,         0,         0,    4.47,correlated_pymatching,8beb24caf2e2f0c22669330a865cd85a3a3aa7fb43a00ab09c8b2e94ef837b2a,"{""d"":7.0,""p"":0.0001,""r"":7.0}",
      4096,         0,         0,   0.868,correlated_pymatching,8beb24caf2e2f0c22669330a865cd85a3a3aa7fb43a00ab09c8b2e94ef837b2a,"{""d"":7.0,""p"":0.0001,""r"":7.0}",
     17408,         1,         0,    4.41,correlated_pymatching,d375ef9124ce40870f0834887e212a4b5fa1761556314559f013816e08158024,"{""d"":7.0,""p"":0.00046415888336127773,""r"":7.0}","{""obs_mistake_mask=E"":1}"
      4096,         0,         0,   0.363,correlated_pymatching,80c44e915a981af8af51acc088922b07074e67f978d596f56e5bb6df96b53467,"{""d"":5.0,""p"":0.00046415888336127773,""r"":5.0}",
     19456,         0,         0,    4.35,correlated_pymatching,37f268fbfb1512405cedc6a9f187fe834ff0248dae64f05e468219cda62bb709,"{""d"":7.0,""p"":0.00021544346900318845,""r"":7.0}",
       128,         0,         0,   0.205,correlated_pymatching,8beb24caf2e2f0c22669330a865cd85a3a3aa7fb43a00ab09c8b2e94ef837b2a,"{""d"":7.0,""p"":0.0001,""r"":7.0}",
     25600,         1,         0,    2.19,correlated_pymatching,02577dd842a1ef1ffa76eecb4d0727e37a8991db1af1a7da799291d22f5d094a,"{""d"":5.0,""p"":0.00021544346900318845,""r"":5.0}","{""obs_mistake_mask=E"":1}"
      3072,         0,         0,   0.798,correlated_pymatching,d375ef9124ce40870f0834887e212a4b5fa1761556314559f013816e08158024,"{""d"":7.0,""p"":0.00046415888336127773,""r"":7.0}",
      6144,         0,         0,   0.477,correlated_pymatching,d05dfd6d26439ab105696a06e7cf5555a9186ccbfbd37bf17c421cab4331a5f3,"{""d"":5.0,""p"":0.0001,""r"":5.0}",
      5120,         0,         0,   0.416,correlated_pymatching,02577dd842a1ef1ffa76eecb4d0727e37a8991db1af1a7da799291d22f5d094a,"{""d"":5.0,""p"":0.00021544346900318845,""r"":5.0}",
     24576,         5,         0,    2.22,correlated_pymatching,80c44e915a981af8af51acc088922b07074e67f978d596f56e5bb6df96b53467,"{""d"":5.0,""p"":0.00046415888336127773,""r"":5.0}","{""obs_mistake_mask=E"":5}"
       256,         0,         0,   0.208,correlated_pymatching,8beb24caf2e2f0c22669330a865cd85a3a3aa7fb43a00ab09c8b2e94ef837b2a,"{""d"":7.0,""p"":0.0001,""r"":7.0}",
      4096,         0,         0,   0.972,correlated_pymatching,37f268fbfb1512405cedc6a9f187fe834ff0248dae64f05e468219cda62bb709,"{""d"":7.0,""p"":0.00021544346900318845,""r"":7.0}",
     15360,         2,         0,    4.55,correlated_pymatching,a8310dbbc441a92d61d39a18764fc49fdbe77c657ab9ed3f9aff31a58729b2b0,"{""d"":7.0,""p"":0.001,""r"":7.0}","{""obs_mistake_mask=E"":2}"
      3072,         1,         0,   0.924,correlated_pymatching,a8310dbbc441a92d61d39a18764fc49fdbe77c657ab9ed3f9aff31a58729b2b0,"{""d"":7.0,""p"":0.001,""r"":7.0}","{""obs_mistake_mask=E"":1}"
      5120,         0,         0,   0.455,correlated_pymatching,80c44e915a981af8af51acc088922b07074e67f978d596f56e5bb6df96b53467,"{""d"":5.0,""p"":0.00046415888336127773,""r"":5.0}",
      1536,         0,         0,   0.438,correlated_pymatching,8beb24caf2e2f0c22669330a865cd85a3a3aa7fb43a00ab09c8b2e94ef837b2a,"{""d"":7.0,""p"":0.0001,""r"":7.0}",
     19456,         0,         0,    4.51,correlated_pymatching,37f268fbfb1512405cedc6a9f187fe834ff0248dae64f05e468219cda62bb709,"{""d"":7.0,""p"":0.00021544346900318845,""r"":7.0}",
      7168,         0,         0,   0.589,correlated_pymatching,d05dfd6d26439ab105696a06e7cf5555a9186ccbfbd37bf17c421cab4331a5f3,"{""d"":5.0,""p"":0.0001,""r"":5.0}",
     19456,         0,         0,    4.37,correlated_pymatching,8beb24caf2e2f0c22669330a865cd85a3a3aa7fb43a00ab09c8b2e94ef837b2a,"{""d"":7.0,""p"":0.0001,""r"":7.0}",
     15360,         0,         0,    2.32,correlated_pymatching,d05dfd6d26439ab105696a06e7cf5555a9186ccbfbd37bf17c421cab4331a5f3,"{""d"":5.0,""p"":0.0001,""r"":5.0}",
      7168,         0,         0,   0.623,correlated_pymatching,02577dd842a1ef1ffa76eecb4d0727e37a8991db1af1a7da799291d22f5d094a,"{""d"":5.0,""p"":0.00021544346900318845,""r"":5.0}",
     50176,         0,         0,    4.26,correlated_pymatching,02577dd842a1ef1ffa76eecb4d0727e37a8991db1af1a7da799291d22f5d094a,"{""d"":5.0,""p"":0.00021544346900318845,""r"":5.0}",
      6144,         0,         0,   0.587,correlated_pymatching,80c44e915a981af8af51acc088922b07074e67f978d596f56e5bb6df96b53467,"{""d"":5.0,""p"":0.00046415888336127773,""r"":5.0}",
      5120,         0,         0,    1.11,correlated_pymatching,8beb24caf2e2f0c22669330a865cd85a3a3aa7fb43a00ab09c8b2e94ef837b2a,"{""d"":7.0,""p"":0.0001,""r"":7.0}",
     17408,         0,         0,    4.47,correlated_pymatching,d375ef9124ce40870f0834887e212a4b5fa1761556314559f013816e08158024,"{""d"":7.0,""p"":0.00046415888336127773,""r"":7.0}",
      2048,         0,         0,   0.456,correlated_pymatching,8beb24caf2e2f0c22669330a865cd85a3a3aa7fb43a00ab09c8b2e94ef837b2a,"{""d"":7.0,""p"":0.0001,""r"":7.0}",
     52224,         0,         0,    4.34,correlated_pymatching,d05dfd6d26439ab105696a06e7cf5555a9186ccbfbd37bf17c421cab4331a5f3,"{""d"":5.0,""p"":0.0001,""r"":5.0}",
     14336,         3,         0,    4.46,correlated_pymatching,a8310dbbc441a92d61d39a18764fc49fdbe77c657ab9ed3f9aff31a58729b2b0,"{""d"":7.0,""p"":0.001,""r"":7.0}","{""obs_mistake_mask=E"":3}"
     50176,         5,         0,    4.27,correlated_pymatching,80c44e915a981af8af51acc088922b07074e67f978d596f56e5bb6df96b53467,"{""d"":5.0,""p"":0.00046415888336127773,""r"":5.0}","{""obs_mistake_mask=E"":5}"
      5120,         0,         0,    1.22,correlated_pymatching,37f268fbfb1512405cedc6a9f187fe834ff0248dae64f05e468219cda62bb709,"{""d"":7.0,""p"":0.00021544346900318845,""r"":7.0}",
      5120,         0,         0,    1.31,correlated_pymatching,d375ef9124ce40870f0834887e212a4b5fa1761556314559f013816e08158024,"{""d"":7.0,""p"":0.00046415888336127773,""r"":7.0}",
      4096,         0,         0,    1.20,correlated_pymatching,a8310dbbc441a92d61d39a18764fc49fdbe77c657ab9ed3f9aff31a58729b2b0,"{""d"":7.0,""p"":0.001,""r"":7.0}",
      9216,         0,         0,   0.801,correlated_pymatching,d05dfd6d26439ab105696a06e7cf5555a9186ccbfbd37bf17c421cab4331a5f3,"{""d"":5.0,""p"":0.0001,""r"":5.0}",
      2048,         0,         0,   0.501,correlated_pymatching,8beb24caf2e2f0c22669330a865cd85a3a3aa7fb43a00ab09c8b2e94ef837b2a,"{""d"":7.0,""p"":0.0001,""r"":7.0}",
      9216,         0,         0,   0.799,correlated_pymatching,02577dd842a1ef1ffa76eecb4d0727e37a8991db1af1a7da799291d22f5d094a,"{""d"":5.0,""p"":0.00021544346900318845,""r"":5.0}",
      8192,         0,         0,   0.803,correlated_pymatching,80c44e915a981af8af51acc088922b07074e67f978d596f56e5bb6df96b53467,"{""d"":5.0,""p"":0.00046415888336127773,""r"":5.0}",
     20480,         0,         0,    4.38,correlated_pymatching,8beb24caf2e2f0c22669330a865cd85a3a3aa7fb43a00ab09c8b2e94ef837b2a,"{""d"":7.0,""p"":0.0001,""r"":7.0}",
     19456,         0,         0,    4.36,correlated_pymatching,37f268fbfb1512405cedc6a9f187fe834ff0248dae64f05e468219cda62bb709,"{""d"":7.0,""p"":0.00021544346900318845,""r"":7.0}",
      3072,         0,         0,   0.678,correlated_pymatching,8beb24caf2e2f0c22669330a865cd85a3a3aa7fb43a00ab09c8b2e94ef837b2a,"{""d"":7.0,""p"":0.0001,""r"":7.0}",
      7168,         0,         0,    1.56,correlated_pymatching,8beb24caf2e2f0c22669330a865cd85a3a3aa7fb43a00ab09c8b2e94ef837b2a,"{""d"":7.0,""p"":0.0001,""r"":7.0}",
     14336,         0,         0,    1.17,correlated_pymatching,d05dfd6d26439ab105696a06e7cf5555a9186ccbfbd37bf17c421cab4331a5f3,"{""d"":5.0,""p"":0.0001,""r"":5.0}",
     12288,         0,         0,    1.13,correlated_pymatching,02577dd842a1ef1ffa76eecb4d0727e37a8991db1af1a7da799291d22f5d094a,"{""d"":5.0,""p"":0.00021544346900318845,""r"":5.0}",
     14336,         3,         0,    4.35,correlated_pymatching,a8310dbbc441a92d61d39a18764fc49fdbe77c657ab9ed3f9aff31a58729b2b0,"{""d"":7.0,""p"":0.001,""r"":7.0}","{""obs_mistake_mask=E"":3}"
     12288,         1,         0,    1.15,correlated_pymatching,80c44e915a981af8af51acc088922b07074e67f978d596f56e5bb6df96b53467,"{""d"":5.0,""p"":0.00046415888336127773,""r"":5.0}","{""obs_mistake_mask=E"":1}"
     17408,         0,         0,    4.41,correlated_pymatching,d375ef9124ce40870f0834887e212a4b5fa1761556314559f013816e08158024,"{""d"":7.0,""p"":0.00046415888336127773,""r"":7.0}",
      6144,         0,         0,    1.56,correlated_pymatching,d375ef9124ce40870f0834887e212a4b5fa1761556314559f013816e08158024,"{""d"":7.0,""p"":0.00046415888336127773,""r"":7.0}",
      5120,         1,         0,    1.61,correlated_pymatching,a8310dbbc441a92d61d39a18764fc49fdbe77c657ab9ed3f9aff31a58729b2b0,"{""d"":7.0,""p"":0.001,""r"":7.0}","{""obs_mistake_mask=E"":1}"
      7168,         0,         0,    1.67,correlated_pymatching,37f268fbfb1512405cedc6a9f187fe834ff0248dae64f05e468219cda62bb709,"{""d"":7.0,""p"":0.00021544346900318845,""r"":7.0}",
     36864,         2,         0,    3.11,correlated_pymatching,02577dd842a1ef1ffa76eecb4d0727e37a8991db1af1a7da799291d22f5d094a,"{""d"":5.0,""p"":0.00021544346900318845,""r"":5.0}","{""obs_mistake_mask=E"":2}"
      4096,         0,         0,   0.899,correlated_pymatching,8beb24caf2e2f0c22669330a865cd85a3a3aa7fb43a00ab09c8b2e94ef837b2a,"{""d"":7.0,""p"":0.0001,""r"":7.0}",
     33792,         6,         0,    3.12,correlated_pymatching,80c44e915a981af8af51acc088922b07074e67f978d596f56e5bb6df96b53467,"{""d"":5.0,""p"":0.00046415888336127773,""r"":5.0}","{""obs_mistake_mask=E"":6}"
     20480,         0,         0,    3.13,correlated_pymatching,d05dfd6d26439ab105696a06e7cf5555a9186ccbfbd37bf17c421cab4331a5f3,"{""d"":5.0,""p"":0.0001,""r"":5.0}",
      5120,         0,         0,    1.15,correlated_pymatching,8beb24caf2e2f0c22669330a865cd85a3a3aa7fb43a00ab09c8b2e94ef837b2a,"{""d"":7.0,""p"":0.0001,""r"":7.0}",
     18432,         0,         0,    1.57,correlated_pymatching,d05dfd6d26439ab105696a06e7cf5555a9186ccbfbd37bf17c421cab4331a5f3,"{""d"":5.0,""p"":0.0001,""r"":5.0}",
     18432,         0,         0,    1.58,correlated_pymatching,02577dd842a1ef1ffa76eecb4d0727e37a8991db1af1a7da799291d22f5d094a,"{""d"":5.0,""p"":0.00021544346900318845,""r"":5.0}",
     16384,         4,         0,    1.58,correlated_pymatching,80c44e915a981af8af51acc088922b07074e67f978d596f56e5bb6df96b53467,"{""d"":5.0,""p"":0.00046415888336127773,""r"":5.0}","{""obs_mistake_mask=E"":4}"
     10240,         0,         0,    2.26,correlated_pymatching,8beb24caf2e2f0c22669330a865cd85a3a3aa7fb43a00ab09c8b2e94ef837b2a,"{""d"":7.0,""p"":0.0001,""r"":7.0}",
     72704,         0,         0,    6.01,correlated_pymatching,d05dfd6d26439ab105696a06e7cf5555a9186ccbfbd37bf17c421cab4331a5f3,"{""d"":5.0,""p"":0.0001,""r"":5.0}",
     70656,         0,         0,    6.06,correlated_pymatching,02577dd842a1ef1ffa76eecb4d0727e37a8991db1af1a7da799291d22f5d094a,"{""d"":5.0,""p"":0.00021544346900318845,""r"":5.0}",
     65536,         9,         0,    6.05,correlated_pymatching,80c44e915a981af8af51acc088922b07074e67f978d596f56e5bb6df96b53467,"{""d"":5.0,""p"":0.00046415888336127773,""r"":5.0}","{""obs_mistake_mask=E"":9}"
      7168,         2,         0,    2.18,correlated_pymatching,a8310dbbc441a92d61d39a18764fc49fdbe77c657ab9ed3f9aff31a58729b2b0,"{""d"":7.0,""p"":0.001,""r"":7.0}","{""obs_mistake_mask=E"":2}"
     69632,         1,         0,    6.01,correlated_pymatching,02577dd842a1ef1ffa76eecb4d0727e37a8991db1af1a7da799291d22f5d094a,"{""d"":5.0,""p"":0.00021544346900318845,""r"":5.0}","{""obs_mistake_mask=E"":1}"
     72704,         0,         0,    5.99,correlated_pymatching,d05dfd6d26439ab105696a06e7cf5555a9186ccbfbd37bf17c421cab4331a5f3,"{""d"":5.0,""p"":0.0001,""r"":5.0}",
      9216,         0,         0,    2.32,correlated_pymatching,d375ef9124ce40870f0834887e212a4b5fa1761556314559f013816e08158024,"{""d"":7.0,""p"":0.00046415888336127773,""r"":7.0}",
     10240,         0,         0,    2.45,correlated_pymatching,37f268fbfb1512405cedc6a9f187fe834ff0248dae64f05e468219cda62bb709,"{""d"":7.0,""p"":0.00021544346900318845,""r"":7.0}",
     64512,         9,         0,    6.01,correlated_pymatching,80c44e915a981af8af51acc088922b07074e67f978d596f56e5bb6df96b53467,"{""d"":5.0,""p"":0.00046415888336127773,""r"":5.0}","{""obs_mistake_mask=E"":9}"
     27648,         0,         0,    6.07,correlated_pymatching,8beb24caf2e2f0c22669330a865cd85a3a3aa7fb43a00ab09c8b2e94ef837b2a,"{""d"":7.0,""p"":0.0001,""r"":7.0}",
      7168,         0,         0,    1.58,correlated_pymatching,8beb24caf2e2f0c22669330a865cd85a3a3aa7fb43a00ab09c8b2e94ef837b2a,"{""d"":7.0,""p"":0.0001,""r"":7.0}",
     26624,         0,         0,    6.06,correlated_pymatching,37f268fbfb1512405cedc6a9f187fe834ff0248dae64f05e468219cda62bb709,"{""d"":7.0,""p"":0.00021544346900318845,""r"":7.0}",
     24576,         1,         0,    6.17,correlated_pymatching,d375ef9124ce40870f0834887e212a4b5fa1761556314559f013816e08158024,"{""d"":7.0,""p"":0.00046415888336127773,""r"":7.0}","{""obs_mistake_mask=E"":1}"
     20480,         0,         0,    6.21,correlated_pymatching,a8310dbbc441a92d61d39a18764fc49fdbe77c657ab9ed3f9aff31a58729b2b0,"{""d"":7.0,""p"":0.001,""r"":7.0}",
     26624,         0,         0,    2.21,correlated_pymatching,d05dfd6d26439ab105696a06e7cf5555a9186ccbfbd37bf17c421cab4331a5f3,"{""d"":5.0,""p"":0.0001,""r"":5.0}",
     21504,         0,         0,    2.24,correlated_pymatching,02577dd842a1ef1ffa76eecb4d0727e37a8991db1af1a7da799291d22f5d094a,"{""d"":5.0,""p"":0.00021544346900318845,""r"":5.0}",
     23552,         4,         0,    2.20,correlated_pymatching,80c44e915a981af8af51acc088922b07074e67f978d596f56e5bb6df96b53467,"{""d"":5.0,""p"":0.00046415888336127773,""r"":5.0}","{""obs_mistake_mask=E"":4}"
     25600,         0,         0,    6.08,correlated_pymatching,37f268fbfb1512405cedc6a9f187fe834ff0248dae64f05e468219cda62bb709,"{""d"":7.0,""p"":0.00021544346900318845,""r"":7.0}",
     70656,         1,         0,    6.01,correlated_pymatching,02577dd842a1ef1ffa76eecb4d0727e37a8991db1af1a7da799291d22f5d094a,"{""d"":5.0,""p"":0.00021544346900318845,""r"":5.0}","{""obs_mistake_mask=E"":1}"
     27648,         0,         0,    6.15,correlated_pymatching,8beb24caf2e2f0c22669330a865cd85a3a3aa7fb43a00ab09c8b2e94ef837b2a,"{""d"":7.0,""p"":0.0001,""r"":7.0}",
     23552,         0,         0,    5.99,correlated_pymatching,d375ef9124ce40870f0834887e212a4b5fa1761556314559f013816e08158024,"{""d"":7.0,""p"":0.00046415888336127773,""r"":7.0}",
     72704,         0,         0,    5.99,correlated_pymatching,d05dfd6d26439ab105696a06e7cf5555a9186ccbfbd37bf17c421cab4331a5f3,"{""d"":5.0,""p"":0.0001,""r"":5.0}",
     19456,         1,         0,    6.08,correlated_pymatching,a8310dbbc441a92d61d39a18764fc49fdbe77c657ab9ed3f9aff31a58729b2b0,"{""d"":7.0,""p"":0.001,""r"":7.0}","{""obs_mistake_mask=E"":1}"
     65536,         3,         0,    5.99,correlated_pymatching,80c44e915a981af8af51acc088922b07074e67f978d596f56e5bb6df96b53467,"{""d"":5.0,""p"":0.00046415888336127773,""r"":5.0}","{""obs_mistake_mask=E"":3}"
     50176,         1,         0,    4.29,correlated_pymatching,02577dd842a1ef1ffa76eecb4d0727e37a8991db1af1a7da799291d22f5d094a,"{""d"":5.0,""p"":0.00021544346900318845,""r"":5.0}","{""obs_mistake_mask=E"":1}"
     47104,        11,         0,    4.31,correlated_pymatching,80c44e915a981af8af51acc088922b07074e67f978d596f56e5bb6df96b53467,"{""d"":5.0,""p"":0.00046415888336127773,""r"":5.0}","{""obs_mistake_mask=E"":11}"
     14336,         0,         0,    3.17,correlated_pymatching,8beb24caf2e2f0c22669330a865cd85a3a3aa7fb43a00ab09c8b2e94ef837b2a,"{""d"":7.0,""p"":0.0001,""r"":7.0}",
     28672,         0,         0,    6.11,correlated_pymatching,8beb24caf2e2f0c22669330a865cd85a3a3aa7fb43a00ab09c8b2e94ef837b2a,"{""d"":7.0,""p"":0.0001,""r"":7.0}",
     10240,         0,         0,    2.28,correlated_pymatching,8beb24caf2e2f0c22669330a865cd85a3a3aa7fb43a00ab09c8b2e94ef837b2a,"{""d"":7.0,""p"":0.0001,""r"":7.0}",
     45056,         0,         0,    4.34,correlated_pymatching,d05dfd6d26439ab105696a06e7cf5555a9186ccbfbd37bf17c421cab4331a5f3,"{""d"":5.0,""p"":0.0001,""r"":5.0}",
     27648,         0,         0,    6.04,correlated_pymatching,37f268fbfb1512405cedc6a9f187fe834ff0248dae64f05e468219cda62bb709,"{""d"":7.0,""p"":0.00021544346900318845,""r"":7.0}",
     12288,         0,         0,    3.10,correlated_pymatching,d375ef9124ce40870f0834887e212a4b5fa1761556314559f013816e08158024,"{""d"":7.0,""p"":0.00046415888336127773,""r"":7.0}",
     11264,         0,         0,    3.30,correlated_pymatching,a8310dbbc441a92d61d39a18764fc49fdbe77c657ab9ed3f9aff31a58729b2b0,"{""d"":7.0,""p"":0.001,""r"":7.0}",
     13312,         0,         0,    3.12,correlated_pymatching,37f268fbfb1512405cedc6a9f187fe834ff0248dae64f05e468219cda62bb709,"{""d"":7.0,""p"":0.00021544346900318845,""r"":7.0}",
     20480,         1,         0,    6.17,correlated_pymatching,a8310dbbc441a92d61d39a18764fc49fdbe77c657ab9ed3f9aff31a58729b2b0,"{""d"":7.0,""p"":0.001,""r"":7.0}","{""obs_mistake_mask=E"":1}"
     24576,         1,         0,    6.23,correlated_pymatching,d375ef9124ce40870f0834887e212a4b5fa1761556314559f013816e08158024,"{""d"":7.0,""p"":0.00046415888336127773,""r"":7.0}","{""obs_mistake_mask=E"":1}"
     37888,         0,         0,    3.10,correlated_pymatching,d05dfd6d26439ab105696a06e7cf5555a9186ccbfbd37bf17c421cab4331a5f3,"{""d"":5.0,""p"":0.0001,""r"":5.0}",
     20480,         0,         0,    3.16,correlated_pymatching,02577dd842a1ef1ffa76eecb4d0727e37a8991db1af1a7da799291d22f5d094a,"{""d"":5.0,""p"":0.00021544346900318845,""r"":5.0}",
     33792,         2,         0,    3.09,correlated_pymatching,80c44e915a981af8af51acc088922b07074e67f978d596f56e5bb6df96b53467,"{""d"":5.0,""p"":0.00046415888336127773,""r"":5.0}","{""obs_mistake_mask=E"":2}"
     14336,         0,         0,    3.20,correlated_pymatching,8beb24caf2e2f0c22669330a865cd85a3a3aa7fb43a00ab09c8b2e94ef837b2a,"{""d"":7.0,""p"":0.0001,""r"":7.0}",
     20480,         0,         0,    4.47,correlated_pymatching,8beb24caf2e2f0c22669330a865cd85a3a3aa7fb43a00ab09c8b2e94ef837b2a,"{""d"":7.0,""p"":0.0001,""r"":7.0}",
     14336,         1,         0,    4.28,correlated_pymatching,a8310dbbc441a92d61d39a18764fc49fdbe77c657ab9ed3f9aff31a58729b2b0,"{""d"":7.0,""p"":0.001,""r"":7.0}","{""obs_mistake_mask=E"":1}"
     17408,         1,         0,    4.46,correlated_pymatching,d375ef9124ce40870f0834887e212a4b5fa1761556314559f013816e08158024,"{""d"":7.0,""p"":0.00046415888336127773,""r"":7.0}","{""obs_mistake_mask=E"":1}"
     18432,         0,         0,    4.32,correlated_pymatching,37f268fbfb1512405cedc6a9f187fe834ff0248dae64f05e468219cda62bb709,"{""d"":7.0,""p"":0.00021544346900318845,""r"":7.0}",
    103424,         1,         0,    8.41,correlated_pymatching,d05dfd6d26439ab105696a06e7cf5555a9186ccbfbd37bf17c421cab4331a5f3,"{""d"":5.0,""p"":0.0001,""r"":5.0}","{""obs_mistake_mask=E"":1}"
     90112,        10,         0,    8.37,correlated_pymatching,80c44e915a981af8af51acc088922b07074e67f978d596f56e5bb6df96b53467,"{""d"":5.0,""p"":0.00046415888336127773,""r"":5.0}","{""obs_mistake_mask=E"":10}"
     99328,         2,         0,    8.44,correlated_pymatching,02577dd842a1ef1ffa76eecb4d0727e37a8991db1af1a7da799291d22f5d094a,"{""d"":5.0,""p"":0.00021544346900318845,""r"":5.0}","{""obs_mistake_mask=E"":2}"
     70656,         0,         0,    6.04,correlated_pymatching,02577dd842a1ef1ffa76eecb4d0727e37a8991db1af1a7da799291d22f5d094a,"{""d"":5.0,""p"":0.00021544346900318845,""r"":5.0}",
     97280,         1,         0,    8.37,correlated_pymatching,02577dd842a1ef1ffa76eecb4d0727e37a8991db1af1a7da799291d22f5d094a,"{""d"":5.0,""p"":0.00021544346900318845,""r"":5.0}","{""obs_mistake_mask=E"":1}"
     66560,        14,         0,    6.06,correlated_pymatching,80c44e915a981af8af51acc088922b07074e67f978d596f56e5bb6df96b53467,"{""d"":5.0,""p"":0.00046415888336127773,""r"":5.0}","{""obs_mistake_mask=E"":14}"
    102400,         0,         0,    8.37,correlated_pymatching,d05dfd6d26439ab105696a06e7cf5555a9186ccbfbd37bf17c421cab4331a5f3,"{""d"":5.0,""p"":0.0001,""r"":5.0}",
     52224,         1,         0,    4.30,correlated_pymatching,d05dfd6d26439ab105696a06e7cf5555a9186ccbfbd37bf17c421cab4331a5f3,"{""d"":5.0,""p"":0.0001,""r"":5.0}","{""obs_mistake_mask=E"":1}"
     91136,         6,         0,    8.39,correlated_pymatching,80c44e915a981af8af51acc088922b07074e67f978d596f56e5bb6df96b53467,"{""d"":5.0,""p"":0.00046415888336127773,""r"":5.0}","{""obs_mistake_mask=E"":6}"
     46080,         7,         0,    4.29,correlated_pymatching,80c44e915a981af8af51acc088922b07074e67f978d596f56e5bb6df96b53467,"{""d"":5.0,""p"":0.00046415888336127773,""r"":5.0}","{""obs_mistake_mask=E"":7}"
     28672,         0,         0,    4.41,correlated_pymatching,02577dd842a1ef1ffa76eecb4d0727e37a8991db1af1a7da799291d22f5d094a,"{""d"":5.0,""p"":0.00021544346900318845,""r"":5.0}",
     73728,         0,         0,    6.05,correlated_pymatching,d05dfd6d26439ab105696a06e7cf5555a9186ccbfbd37bf17c421cab4331a5f3,"{""d"":5.0,""p"":0.0001,""r"":5.0}",
     38912,         0,         0,    8.52,correlated_pymatching,8beb24caf2e2f0c22669330a865cd85a3a3aa7fb43a00ab09c8b2e94ef837b2a,"{""d"":7.0,""p"":0.0001,""r"":7.0}",
     33792,         0,         0,    8.37,correlated_pymatching,d375ef9124ce40870f0834887e212a4b5fa1761556314559f013816e08158024,"{""d"":7.0,""p"":0.00046415888336127773,""r"":7.0}",
     37888,         0,         0,    8.56,correlated_pymatching,37f268fbfb1512405cedc6a9f187fe834ff0248dae64f05e468219cda62bb709,"{""d"":7.0,""p"":0.00021544346900318845,""r"":7.0}",
     28672,         3,         0,    8.57,correlated_pymatching,a8310dbbc441a92d61d39a18764fc49fdbe77c657ab9ed3f9aff31a58729b2b0,"{""d"":7.0,""p"":0.001,""r"":7.0}","{""obs_mistake_mask=E"":3}"
     36864,         0,         0,    8.49,correlated_pymatching,37f268fbfb1512405cedc6a9f187fe834ff0248dae64f05e468219cda62bb709,"{""d"":7.0,""p"":0.00021544346900318845,""r"":7.0}",
     98304,         3,         0,    8.40,correlated_pymatching,02577dd842a1ef1ffa76eecb4d0727e37a8991db1af1a7da799291d22f5d094a,"{""d"":5.0,""p"":0.00021544346900318845,""r"":5.0}","{""obs_mistake_mask=E"":3}"
     37888,         0,         0,    8.42,correlated_pymatching,8beb24caf2e2f0c22669330a865cd85a3a3aa7fb43a00ab09c8b2e94ef837b2a,"{""d"":7.0,""p"":0.0001,""r"":7.0}",
    103424,         0,         0,    8.38,correlated_pymatching,d05dfd6d26439ab105696a06e7cf5555a9186ccbfbd37bf17c421cab4331a5f3,"{""d"":5.0,""p"":0.0001,""r"":5.0}",
     33792,         0,         0,    8.60,correlated_pymatching,d375ef9124ce40870f0834887e212a4b5fa1761556314559f013816e08158024,"{""d"":7.0,""p"":0.00046415888336127773,""r"":7.0}",
     91136,        19,         0,    8.38,correlated_pymatching,80c44e915a981af8af51acc088922b07074e67f978d596f56e5bb6df96b53467,"{""d"":5.0,""p"":0.00046415888336127773,""r"":5.0}","{""obs_mistake_mask=E"":19}"
     27648,         4,         0,    8.49,correlated_pymatching,a8310dbbc441a92d61d39a18764fc49fdbe77c657ab9ed3f9aff31a58729b2b0,"{""d"":7.0,""p"":0.001,""r"":7.0}","{""obs_mistake_mask=E"":4}"
     19456,         0,         0,    4.34,correlated_pymatching,8beb24caf2e2f0c22669330a865cd85a3a3aa7fb43a00ab09c8b2e94ef837b2a,"{""d"":7.0,""p"":0.0001,""r"":7.0}",
     39936,         0,         0,    8.52,correlated_pymatching,8beb24caf2e2f0c22669330a865cd85a3a3aa7fb43a00ab09c8b2e94ef837b2a,"{""d"":7.0,""p"":0.0001,""r"":7.0}",
     37888,         0,         0,    8.53,correlated_pymatching,37f268fbfb1512405cedc6a9f187fe834ff0248dae64f05e468219cda62bb709,"{""d"":7.0,""p"":0.00021544346900318845,""r"":7.0}",
     28672,         7,         0,    8.62,correlated_pymatching,a8310dbbc441a92d61d39a18764fc49fdbe77c657ab9ed3f9aff31a58729b2b0,"{""d"":7.0,""p"":0.001,""r"":7.0}","{""obs_mistake_mask=E"":7}"
     33792,         0,         0,    8.59,correlated_pymatching,d375ef9124ce40870f0834887e212a4b5fa1761556314559f013816e08158024,"{""d"":7.0,""p"":0.00046415888336127773,""r"":7.0}",
     27648,         0,         0,    6.06,correlated_pymatching,8beb24caf2e2f0c22669330a865cd85a3a3aa7fb43a00ab09c8b2e94ef837b2a,"{""d"":7.0,""p"":0.0001,""r"":7.0}",
     20480,         5,         0,    6.12,correlated_pymatching,a8310dbbc441a92d61d39a18764fc49fdbe77c657ab9ed3f9aff31a58729b2b0,"{""d"":7.0,""p"":0.001,""r"":7.0}","{""obs_mistake_mask=E"":5}"
     24576,         1,         0,    6.18,correlated_pymatching,d375ef9124ce40870f0834887e212a4b5fa1761556314559f013816e08158024,"{""d"":7.0,""p"":0.00046415888336127773,""r"":7.0}","{""obs_mistake_mask=E"":1}"
     26624,         0,         0,    6.20,correlated_pymatching,37f268fbfb1512405cedc6a9f187fe834ff0248dae64f05e468219cda62bb709,"{""d"":7.0,""p"":0.00021544346900318845,""r"":7.0}",
     73728,         0,         0,    6.00,correlated_pymatching,d05dfd6d26439ab105696a06e7cf5555a9186ccbfbd37bf17c421cab4331a5f3,"{""d"":5.0,""p"":0.0001,""r"":5.0}",
     65536,        12,         0,    6.05,correlated_pymatching,80c44e915a981af8af51acc088922b07074e67f978d596f56e5bb6df96b53467,"{""d"":5.0,""p"":0.00046415888336127773,""r"":5.0}","{""obs_mistake_mask=E"":12}"
     38912,         0,         0,    5.99,correlated_pymatching,02577dd842a1ef1ffa76eecb4d0727e37a8991db1af1a7da799291d22f5d094a,"{""d"":5.0,""p"":0.00021544346900318845,""r"":5.0}",
     27648,         0,         0,    6.18,correlated_pymatching,8beb24caf2e2f0c22669330a865cd85a3a3aa7fb43a00ab09c8b2e94ef837b2a,"{""d"":7.0,""p"":0.0001,""r"":7.0}",
     97280,         2,         0,    8.43,correlated_pymatching,02577dd842a1ef1ffa76eecb4d0727e37a8991db1af1a7da799291d22f5d094a,"{""d"":5.0,""p"":0.00021544346900318845,""r"":5.0}","{""obs_mistake_mask=E"":2}"
     92160,        10,         0,    8.41,correlated_pymatching,80c44e915a981af8af51acc088922b07074e67f978d596f56e5bb6df96b53467,"{""d"":5.0,""p"":0.00046415888336127773,""r"":5.0}","{""obs_mistake_mask=E"":10}"
    101376,         1,         0,    8.37,correlated_pymatching,d05dfd6d26439ab105696a06e7cf5555a9186ccbfbd37bf17c421cab4331a5f3,"{""d"":5.0,""p"":0.0001,""r"":5.0}","{""obs_mistake_mask=E"":1}"
    142336,         0,         0,    11.7,correlated_pymatching,d05dfd6d26439ab105696a06e7cf5555a9186ccbfbd37bf17c421cab4331a5f3,"{""d"":5.0,""p"":0.0001,""r"":5.0}",
    125952,        19,         0,    11.7,correlated_pymatching,80c44e915a981af8af51acc088922b07074e67f978d596f56e5bb6df96b53467,"{""d"":5.0,""p"":0.00046415888336127773,""r"":5.0}","{""obs_mistake_mask=E"":19}"
    137216,         2,         0,    11.8,correlated_pymatching,02577dd842a1ef1ffa76eecb4d0727e37a8991db1af1a7da799291d22f5d094a,"{""d"":5.0,""p"":0.00021544346900318845,""r"":5.0}","{""obs_mistake_mask=E"":2}"
    143360,         0,         0,    11.7,correlated_pymatching,d05dfd6d26439ab105696a06e7cf5555a9186ccbfbd37bf17c421cab4331a5f3,"{""d"":5.0,""p"":0.0001,""r"":5.0}",
    136192,         5,         0,    11.7,correlated_pymatching,02577dd842a1ef1ffa76eecb4d0727e37a8991db1af1a7da799291d22f5d094a,"{""d"":5.0,""p"":0.00021544346900318845,""r"":5.0}","{""obs_mistake_mask=E"":5}"
    126976,        15,         0,    11.7,correlated_pymatching,80c44e915a981af8af51acc088922b07074e67f978d596f56e5bb6df96b53467,"{""d"":5.0,""p"":0.00046415888336127773,""r"":5.0}","{""obs_mistake_mask=E"":15}"
     53248,         0,         0,    11.7,correlated_pymatching,8beb24caf2e2f0c22669330a865cd85a3a3aa7fb43a00ab09c8b2e94ef837b2a,"{""d"":7.0,""p"":0.0001,""r"":7.0}",
     47104,         0,         0,    11.7,correlated_pymatching,d375ef9124ce40870f0834887e212a4b5fa1761556314559f013816e08158024,"{""d"":7.0,""p"":0.00046415888336127773,""r"":7.0}",
     52224,         0,         0,    11.8,correlated_pymatching,37f268fbfb1512405cedc6a9f187fe834ff0248dae64f05e468219cda62bb709,"{""d"":7.0,""p"":0.00021544346900318845,""r"":7.0}",
     38912,         6,         0,    11.8,correlated_pymatching,a8310dbbc441a92d61d39a18764fc49fdbe77c657ab9ed3f9aff31a58729b2b0,"{""d"":7.0,""p"":0.001,""r"":7.0}","{""obs_mistake_mask=E"":6}"
    137216,         1,         0,    11.7,correlated_pymatching,02577dd842a1ef1ffa76eecb4d0727e37a8991db1af1a7da799291d22f5d094a,"{""d"":5.0,""p"":0.00021544346900318845,""r"":5.0}","{""obs_mistake_mask=E"":1}"
     50176,         0,         0,    11.7,correlated_pymatching,37f268fbfb1512405cedc6a9f187fe834ff0248dae64f05e468219cda62bb709,"{""d"":7.0,""p"":0.00021544346900318845,""r"":7.0}",
     38912,         0,         0,    8.55,correlated_pymatching,8beb24caf2e2f0c22669330a865cd85a3a3aa7fb43a00ab09c8b2e94ef837b2a,"{""d"":7.0,""p"":0.0001,""r"":7.0}",
    142336,         1,         0,    11.7,correlated_pymatching,d05dfd6d26439ab105696a06e7cf5555a9186ccbfbd37bf17c421cab4331a5f3,"{""d"":5.0,""p"":0.0001,""r"":5.0}","{""obs_mistake_mask=E"":1}"
     53248,         0,         0,    11.9,correlated_pymatching,8beb24caf2e2f0c22669330a865cd85a3a3aa7fb43a00ab09c8b2e94ef837b2a,"{""d"":7.0,""p"":0.0001,""r"":7.0}",
     27648,         2,         0,    8.39,correlated_pymatching,a8310dbbc441a92d61d39a18764fc49fdbe77c657ab9ed3f9aff31a58729b2b0,"{""d"":7.0,""p"":0.001,""r"":7.0}","{""obs_mistake_mask=E"":2}"
    128000,        11,         0,    11.8,correlated_pymatching,80c44e915a981af8af51acc088922b07074e67f978d596f56e5bb6df96b53467,"{""d"":5.0,""p"":0.00046415888336127773,""r"":5.0}","{""obs_mistake_mask=E"":11}"
     47104,         0,         0,    11.9,correlated_pymatching,d375ef9124ce40870f0834887e212a4b5fa1761556314559f013816e08158024,"{""d"":7.0,""p"":0.00046415888336127773,""r"":7.0}",
     35840,         0,         0,    8.42,correlated_pymatching,37f268fbfb1512405cedc6a9f187fe834ff0248dae64f05e468219cda62bb709,"{""d"":7.0,""p"":0.00021544346900318845,""r"":7.0}",
     33792,         0,         0,    8.49,correlated_pymatching,d375ef9124ce40870f0834887e212a4b5fa1761556314559f013816e08158024,"{""d"":7.0,""p"":0.00046415888336127773,""r"":7.0}",
     38912,         9,         0,    12.0,correlated_pymatching,a8310dbbc441a92d61d39a18764fc49fdbe77c657ab9ed3f9aff31a58729b2b0,"{""d"":7.0,""p"":0.001,""r"":7.0}","{""obs_mistake_mask=E"":9}"
    102400,         0,         0,    8.50,correlated_pymatching,d05dfd6d26439ab105696a06e7cf5555a9186ccbfbd37bf17c421cab4331a5f3,"{""d"":5.0,""p"":0.0001,""r"":5.0}",
     89088,        11,         0,    8.38,correlated_pymatching,80c44e915a981af8af51acc088922b07074e67f978d596f56e5bb6df96b53467,"{""d"":5.0,""p"":0.00046415888336127773,""r"":5.0}","{""obs_mistake_mask=E"":11}"
     55296,         0,         0,    11.9,correlated_pymatching,8beb24caf2e2f0c22669330a865cd85a3a3aa7fb43a00ab09c8b2e94ef837b2a,"{""d"":7.0,""p"":0.0001,""r"":7.0}",
     55296,         0,         0,    8.51,correlated_pymatching,02577dd842a1ef1ffa76eecb4d0727e37a8991db1af1a7da799291d22f5d094a,"{""d"":5.0,""p"":0.00021544346900318845,""r"":5.0}",
     52224,         0,         0,    11.8,correlated_pymatching,37f268fbfb1512405cedc6a9f187fe834ff0248dae64f05e468219cda62bb709,"{""d"":7.0,""p"":0.00021544346900318845,""r"":7.0}",
     39936,        12,         0,    11.9,correlated_pymatching,a8310dbbc441a92d61d39a18764fc49fdbe77c657ab9ed3f9aff31a58729b2b0,"{""d"":7.0,""p"":0.001,""r"":7.0}","{""obs_mistake_mask=E"":12}"
     45056,         0,         0,    12.0,correlated_pymatching,d375ef9124ce40870f0834887e212a4b5fa1761556314559f013816e08158024,"{""d"":7.0,""p"":0.00046415888336127773,""r"":7.0}",
     37888,         0,         0,    8.44,correlated_pymatching,8beb24caf2e2f0c22669330a865cd85a3a3aa7fb43a00ab09c8b2e94ef837b2a,"{""d"":7.0,""p"":0.0001,""r"":7.0}",
    111616,         3,         0,    11.7,correlated_pymatching,02577dd842a1ef1ffa76eecb4d0727e37a8991db1af1a7da799291d22f5d094a,"{""d"":5.0,""p"":0.00021544346900318845,""r"":5.0}","{""obs_mistake_mask=E"":3}"
    129024,        15,         0,    11.8,correlated_pymatching,80c44e915a981af8af51acc088922b07074e67f978d596f56e5bb6df96b53467,"{""d"":5.0,""p"":0.00046415888336127773,""r"":5.0}","{""obs_mistake_mask=E"":15}"
    113664,         1,         0,    11.7,correlated_pymatching,d05dfd6d26439ab105696a06e7cf5555a9186ccbfbd37bf17c421cab4331a5f3,"{""d"":5.0,""p"":0.0001,""r"":5.0}","{""obs_mistake_mask=E"":1}"
     37888,         0,         0,    11.8,correlated_pymatching,8beb24caf2e2f0c22669330a865cd85a3a3aa7fb43a00ab09c8b2e94ef837b2a,"{""d"":7.0,""p"":0.0001,""r"":7.0}",
     34816,         6,         0,    11.7,correlated_pymatching,a8310dbbc441a92d61d39a18764fc49fdbe77c657ab9ed3f9aff31a58729b2b0,"{""d"":7.0,""p"":0.001,""r"":7.0}","{""obs_mistake_mask=E"":6}"
     35840,         0,         0,    11.7,correlated_pymatching,37f268fbfb1512405cedc6a9f187fe834ff0248dae64f05e468219cda62bb709,"{""d"":7.0,""p"":0.00021544346900318845,""r"":7.0}",
     32768,         0,         0,    11.7,correlated_pymatching,d375ef9124ce40870f0834887e212a4b5fa1761556314559f013816e08158024,"{""d"":7.0,""p"":0.00046415888336127773,""r"":7.0}",
     96256,         1,         0,    11.8,correlated_pymatching,d05dfd6d26439ab105696a06e7cf5555a9186ccbfbd37bf17c421cab4331a5f3,"{""d"":5.0,""p"":0.0001,""r"":5.0}","{""obs_mistake_mask=E"":1}"
     83968,        12,         0,    11.8,correlated_pymatching,80c44e915a981af8af51acc088922b07074e67f978d596f56e5bb6df96b53467,"{""d"":5.0,""p"":0.00046415888336127773,""r"":5.0}","{""obs_mistake_mask=E"":12}"
     92160,         3,         0,    11.7,correlated_pymatching,02577dd842a1ef1ffa76eecb4d0727e37a8991db1af1a7da799291d22f5d094a,"{""d"":5.0,""p"":0.00021544346900318845,""r"":5.0}","{""obs_mistake_mask=E"":3}"
    148480,         0,         0,    16.5,correlated_pymatching,d05dfd6d26439ab105696a06e7cf5555a9186ccbfbd37bf17c421cab4331a5f3,"{""d"":5.0,""p"":0.0001,""r"":5.0}",
    128000,        15,         0,    16.5,correlated_pymatching,80c44e915a981af8af51acc088922b07074e67f978d596f56e5bb6df96b53467,"{""d"":5.0,""p"":0.00046415888336127773,""r"":5.0}","{""obs_mistake_mask=E"":15}"
    141312,         0,         0,    16.5,correlated_pymatching,02577dd842a1ef1ffa76eecb4d0727e37a8991db1af1a7da799291d22f5d094a,"{""d"":5.0,""p"":0.00021544346900318845,""r"":5.0}",
    145408,         1,         0,    16.4,correlated_pymatching,d05dfd6d26439ab105696a06e7cf5555a9186ccbfbd37bf17c421cab4331a5f3,"{""d"":5.0,""p"":0.0001,""r"":5.0}","{""obs_mistake_mask=E"":1}"
    141312,         2,         0,    16.5,correlated_pymatching,02577dd842a1ef1ffa76eecb4d0727e37a8991db1af1a7da799291d22f5d094a,"{""d"":5.0,""p"":0.00021544346900318845,""r"":5.0}","{""obs_mistake_mask=E"":2}"
    128000,        23,         0,    16.4,correlated_pymatching,80c44e915a981af8af51acc088922b07074e67f978d596f56e5bb6df96b53467,"{""d"":5.0,""p"":0.00046415888336127773,""r"":5.0}","{""obs_mistake_mask=E"":23}"
     44032,         0,         0,    12.0,correlated_pymatching,8beb24caf2e2f0c22669330a865cd85a3a3aa7fb43a00ab09c8b2e94ef837b2a,"{""d"":7.0,""p"":0.0001,""r"":7.0}",
     64512,         0,         0,    16.4,correlated_pymatching,8beb24caf2e2f0c22669330a865cd85a3a3aa7fb43a00ab09c8b2e94ef837b2a,"{""d"":7.0,""p"":0.0001,""r"":7.0}",
     55296,         0,         0,    16.6,correlated_pymatching,d375ef9124ce40870f0834887e212a4b5fa1761556314559f013816e08158024,"{""d"":7.0,""p"":0.00046415888336127773,""r"":7.0}",
     62464,         0,         0,    16.5,correlated_pymatching,37f268fbfb1512405cedc6a9f187fe834ff0248dae64f05e468219cda62bb709,"{""d"":7.0,""p"":0.00021544346900318845,""r"":7.0}",
     45056,         8,         0,    16.7,correlated_pymatching,a8310dbbc441a92d61d39a18764fc49fdbe77c657ab9ed3f9aff31a58729b2b0,"{""d"":7.0,""p"":0.001,""r"":7.0}","{""obs_mistake_mask=E"":8}"
    157696,         2,         0,    16.5,correlated_pymatching,02577dd842a1ef1ffa76eecb4d0727e37a8991db1af1a7da799291d22f5d094a,"{""d"":5.0,""p"":0.00021544346900318845,""r"":5.0}","{""obs_mistake_mask=E"":2}"
    163840,         1,         0,    16.4,correlated_pymatching,d05dfd6d26439ab105696a06e7cf5555a9186ccbfbd37bf17c421cab4331a5f3,"{""d"":5.0,""p"":0.0001,""r"":5.0}","{""obs_mistake_mask=E"":1}"
     58368,         0,         0,    16.7,correlated_pymatching,37f268fbfb1512405cedc6a9f187fe834ff0248dae64f05e468219cda62bb709,"{""d"":7.0,""p"":0.00021544346900318845,""r"":7.0}",
     61440,         0,         0,    16.7,correlated_pymatching,8beb24caf2e2f0c22669330a865cd85a3a3aa7fb43a00ab09c8b2e94ef837b2a,"{""d"":7.0,""p"":0.0001,""r"":7.0}",
    144384,        15,         0,    16.5,correlated_pymatching,80c44e915a981af8af51acc088922b07074e67f978d596f56e5bb6df96b53467,"{""d"":5.0,""p"":0.00046415888336127773,""r"":5.0}","{""obs_mistake_mask=E"":15}"
     45056,         0,         0,    16.5,correlated_pymatching,d375ef9124ce40870f0834887e212a4b5fa1761556314559f013816e08158024,"{""d"":7.0,""p"":0.00046415888336127773,""r"":7.0}",
     44032,         4,         0,    16.7,correlated_pymatching,a8310dbbc441a92d61d39a18764fc49fdbe77c657ab9ed3f9aff31a58729b2b0,"{""d"":7.0,""p"":0.001,""r"":7.0}","{""obs_mistake_mask=E"":4}"
     60416,         0,         0,    16.6,correlated_pymatching,8beb24caf2e2f0c22669330a865cd85a3a3aa7fb43a00ab09c8b2e94ef837b2a,"{""d"":7.0,""p"":0.0001,""r"":7.0}",
     57344,         0,         0,    16.7,correlated_pymatching,37f268fbfb1512405cedc6a9f187fe834ff0248dae64f05e468219cda62bb709,"{""d"":7.0,""p"":0.00021544346900318845,""r"":7.0}",
     45056,         0,         0,    16.6,correlated_pymatching,d375ef9124ce40870f0834887e212a4b5fa1761556314559f013816e08158024,"{""d"":7.0,""p"":0.00046415888336127773,""r"":7.0}",
     41984,         8,         0,    16.7,correlated_pymatching,a8310dbbc441a92d61d39a18764fc49fdbe77c657ab9ed3f9aff31a58729b2b0,"{""d"":7.0,""p"":0.001,""r"":7.0}","{""obs_mistake_mask=E"":8}"
    129024,         5,         0,    16.5,correlated_pymatching,02577dd842a1ef1ffa76eecb4d0727e37a8991db1af1a7da799291d22f5d094a,"{""d"":5.0,""p"":0.00021544346900318845,""r"":5.0}","{""obs_mistake_mask=E"":5}"
    117760,        15,         0,    16.5,correlated_pymatching,80c44e915a981af8af51acc088922b07074e67f978d596f56e5bb6df96b53467,"{""d"":5.0,""p"":0.00046415888336127773,""r"":5.0}","{""obs_mistake_mask=E"":15}"
    135168,         0,         0,    16.5,correlated_pymatching,d05dfd6d26439ab105696a06e7cf5555a9186ccbfbd37bf17c421cab4331a5f3,"{""d"":5.0,""p"":0.0001,""r"":5.0}",
     49152,         0,         0,    16.5,correlated_pymatching,8beb24caf2e2f0c22669330a865cd85a3a3aa7fb43a00ab09c8b2e94ef837b2a,"{""d"":7.0,""p"":0.0001,""r"":7.0}",
     46080,         0,         0,    16.5,correlated_pymatching,37f268fbfb1512405cedc6a9f187fe834ff0248dae64f05e468219cda62bb709,"{""d"":7.0,""p"":0.00021544346900318845,""r"":7.0}",
     43008,         1,         0,    16.5,correlated_pymatching,d375ef9124ce40870f0834887e212a4b5fa1761556314559f013816e08158024,"{""d"":7.0,""p"":0.00046415888336127773,""r"":7.0}","{""obs_mistake_mask=E"":1}"
     36864,        10,         0,    16.8,correlated_pymatching,a8310dbbc441a92d61d39a18764fc49fdbe77c657ab9ed3f9aff31a58729b2b0,"{""d"":7.0,""p"":0.001,""r"":7.0}","{""obs_mistake_mask=E"":10}"
    114688,        12,         0,    16.4,correlated_pymatching,80c44e915a981af8af51acc088922b07074e67f978d596f56e5bb6df96b53467,"{""d"":5.0,""p"":0.00046415888336127773,""r"":5.0}","{""obs_mistake_mask=E"":12}"
    130048,         1,         0,    16.5,correlated_pymatching,d05dfd6d26439ab105696a06e7cf5555a9186ccbfbd37bf17c421cab4331a5f3,"{""d"":5.0,""p"":0.0001,""r"":5.0}","{""obs_mistake_mask=E"":1}"
    123904,         2,         0,    16.4,correlated_pymatching,02577dd842a1ef1ffa76eecb4d0727e37a8991db1af1a7da799291d22f5d094a,"{""d"":5.0,""p"":0.00021544346900318845,""r"":5.0}","{""obs_mistake_mask=E"":2}"
     49152,         0,         0,    16.6,correlated_pymatching,8beb24caf2e2f0c22669330a865cd85a3a3aa7fb43a00ab09c8b2e94ef837b2a,"{""d"":7.0,""p"":0.0001,""r"":7.0}",
    139157,         0,         0,    17.8,correlated_pymatching,d05dfd6d26439ab105696a06e7cf5555a9186ccbfbd37bf17c421cab4331a5f3,"{""d"":5.0,""p"":0.0001,""r"":5.0}",
    136192,         0,         0,    17.5,correlated_pymatching,d05dfd6d26439ab105696a06e7cf5555a9186ccbfbd37bf17c421cab4331a5f3,"{""d"":5.0,""p"":0.0001,""r"":5.0}",
    122880,         0,         0,    15.8,correlated_pymatching,d05dfd6d26439ab105696a06e7cf5555a9186ccbfbd37bf17c421cab4331a5f3,"{""d"":5.0,""p"":0.0001,""r"":5.0}",
       917,         0,         0,   0.113,correlated_pymatching,d05dfd6d26439ab105696a06e7cf5555a9186ccbfbd37bf17c421cab4331a5f3,"{""d"":5.0,""p"":0.0001,""r"":5.0}",
     67584,         0,         0,    8.70,correlated_pymatching,d05dfd6d26439ab105696a06e7cf5555a9186ccbfbd37bf17c421cab4331a5f3,"{""d"":5.0,""p"":0.0001,""r"":5.0}",
      5144,         0,         0,   0.731,correlated_pymatching,d05dfd6d26439ab105696a06e7cf5555a9186ccbfbd37bf17c421cab4331a5f3,"{""d"":5.0,""p"":0.0001,""r"":5.0}",
     29082,         0,         0,    3.88,correlated_pymatching,d05dfd6d26439ab105696a06e7cf5555a9186ccbfbd37bf17c421cab4331a5f3,"{""d"":5.0,""p"":0.0001,""r"":5.0}",
     23266,         0,         0,    2.83,correlated_pymatching,d05dfd6d26439ab105696a06e7cf5555a9186ccbfbd37bf17c421cab4331a5f3,"{""d"":5.0,""p"":0.0001,""r"":5.0}",
     21504,         0,         0,    2.62,correlated_pymatching,d05dfd6d26439ab105696a06e7cf5555a9186ccbfbd37bf17c421cab4331a5f3,"{""d"":5.0,""p"":0.0001,""r"":5.0}",
     22528,         0,         0,    2.72,correlated_pymatching,d05dfd6d26439ab105696a06e7cf5555a9186ccbfbd37bf17c421cab4331a5f3,"{""d"":5.0,""p"":0.0001,""r"":5.0}",
       738,         0,         0,   0.110,correlated_pymatching,d05dfd6d26439ab105696a06e7cf5555a9186ccbfbd37bf17c421cab4331a5f3,"{""d"":5.0,""p"":0.0001,""r"":5.0}",
     18613,         0,         0,    2.36,correlated_pymatching,d05dfd6d26439ab105696a06e7cf5555a9186ccbfbd37bf17c421cab4331a5f3,"{""d"":5.0,""p"":0.0001,""r"":5.0}",
     15360,         0,         0,    1.86,correlated_pymatching,d05dfd6d26439ab105696a06e7cf5555a9186ccbfbd37bf17c421cab4331a5f3,"{""d"":5.0,""p"":0.0001,""r"":5.0}",
    143440,         4,         0,    19.0,correlated_pymatching,02577dd842a1ef1ffa76eecb4d0727e37a8991db1af1a7da799291d22f5d094a,"{""d"":5.0,""p"":0.00021544346900318845,""r"":5.0}","{""obs_mistake_mask=E"":4}"
    155648,         3,         0,    20.6,correlated_pymatching,02577dd842a1ef1ffa76eecb4d0727e37a8991db1af1a7da799291d22f5d094a,"{""d"":5.0,""p"":0.00021544346900318845,""r"":5.0}","{""obs_mistake_mask=E"":3}"
    156752,         2,         0,    20.9,correlated_pymatching,02577dd842a1ef1ffa76eecb4d0727e37a8991db1af1a7da799291d22f5d094a,"{""d"":5.0,""p"":0.00021544346900318845,""r"":5.0}","{""obs_mistake_mask=E"":2}"
       389,         0,         0,   0.109,correlated_pymatching,d05dfd6d26439ab105696a06e7cf5555a9186ccbfbd37bf17c421cab4331a5f3,"{""d"":5.0,""p"":0.0001,""r"":5.0}",
      3072,         0,         0,   0.369,correlated_pymatching,d05dfd6d26439ab105696a06e7cf5555a9186ccbfbd37bf17c421cab4331a5f3,"{""d"":5.0,""p"":0.0001,""r"":5.0}",
       479,         0,         0,   0.089,correlated_pymatching,d05dfd6d26439ab105696a06e7cf5555a9186ccbfbd37bf17c421cab4331a5f3,"{""d"":5.0,""p"":0.0001,""r"":5.0}",
      4096,         0,         0,   0.477,correlated_pymatching,d05dfd6d26439ab105696a06e7cf5555a9186ccbfbd37bf17c421cab4331a5f3,"{""d"":5.0,""p"":0.0001,""r"":5.0}",
        78,         0,         0,   0.097,correlated_pymatching,d05dfd6d26439ab105696a06e7cf5555a9186ccbfbd37bf17c421cab4331a5f3,"{""d"":5.0,""p"":0.0001,""r"":5.0}",
       583,         0,         0,   0.092,correlated_pymatching,d05dfd6d26439ab105696a06e7cf5555a9186ccbfbd37bf17c421cab4331a5f3,"{""d"":5.0,""p"":0.0001,""r"":5.0}",
       321,         0,         0,   0.103,correlated_pymatching,d05dfd6d26439ab105696a06e7cf5555a9186ccbfbd37bf17c421cab4331a5f3,"{""d"":5.0,""p"":0.0001,""r"":5.0}",
      2076,         0,         0,   0.347,correlated_pymatching,d05dfd6d26439ab105696a06e7cf5555a9186ccbfbd37bf17c421cab4331a5f3,"{""d"":5.0,""p"":0.0001,""r"":5.0}",
      1257,         0,         0,   0.229,correlated_pymatching,d05dfd6d26439ab105696a06e7cf5555a9186ccbfbd37bf17c421cab4331a5f3,"{""d"":5.0,""p"":0.0001,""r"":5.0}",
        16,         0,         0,   0.092,correlated_pymatching,d05dfd6d26439ab105696a06e7cf5555a9186ccbfbd37bf17c421cab4331a5f3,"{""d"":5.0,""p"":0.0001,""r"":5.0}",
      1241,         0,         0,   0.228,correlated_pymatching,d05dfd6d26439ab105696a06e7cf5555a9186ccbfbd37bf17c421cab4331a5f3,"{""d"":5.0,""p"":0.0001,""r"":5.0}",
       710,         0,         0,   0.120,correlated_pymatching,d05dfd6d26439ab105696a06e7cf5555a9186ccbfbd37bf17c421cab4331a5f3,"{""d"":5.0,""p"":0.0001,""r"":5.0}",
      7248,         0,         0,    1.00,correlated_pymatching,02577dd842a1ef1ffa76eecb4d0727e37a8991db1af1a7da799291d22f5d094a,"{""d"":5.0,""p"":0.00021544346900318845,""r"":5.0}",
    102400,         0,         0,    13.5,correlated_pymatching,02577dd842a1ef1ffa76eecb4d0727e37a8991db1af1a7da799291d22f5d094a,"{""d"":5.0,""p"":0.00021544346900318845,""r"":5.0}",
         1,         0,         0,   0.331,correlated_pymatching,d375ef9124ce40870f0834887e212a4b5fa1761556314559f013816e08158024,"{""d"":7.0,""p"":0.00046415888336127773,""r"":7.0}",
         1,         0,         0,   0.340,correlated_pymatching,d375ef9124ce40870f0834887e212a4b5fa1761556314559f013816e08158024,"{""d"":7.0,""p"":0.00046415888336127773,""r"":7.0}",
         1,         0,         0,   0.340,correlated_pymatching,a8310dbbc441a92d61d39a18764fc49fdbe77c657ab9ed3f9aff31a58729b2b0,"{""d"":7.0,""p"":0.001,""r"":7.0}",
         1,         0,         0,   0.330,correlated_pymatching,37f268fbfb1512405cedc6a9f187fe834ff0248dae64f05e468219cda62bb709,"{""d"":7.0,""p"":0.00021544346900318845,""r"":7.0}",
         1,         0,         0,   0.343,correlated_pymatching,a8310dbbc441a92d61d39a18764fc49fdbe77c657ab9ed3f9aff31a58729b2b0,"{""d"":7.0,""p"":0.001,""r"":7.0}",
      9368,         0,         0,    1.27,correlated_pymatching,02577dd842a1ef1ffa76eecb4d0727e37a8991db1af1a7da799291d22f5d094a,"{""d"":5.0,""p"":0.00021544346900318845,""r"":5.0}",
     53248,         1,         0,    7.09,correlated_pymatching,02577dd842a1ef1ffa76eecb4d0727e37a8991db1af1a7da799291d22f5d094a,"{""d"":5.0,""p"":0.00021544346900318845,""r"":5.0}","{""obs_mistake_mask=E"":1}"
         1,         0,         0,   0.300,correlated_pymatching,d375ef9124ce40870f0834887e212a4b5fa1761556314559f013816e08158024,"{""d"":7.0,""p"":0.00046415888336127773,""r"":7.0}",
         1,         0,         0,   0.303,correlated_pymatching,d375ef9124ce40870f0834887e212a4b5fa1761556314559f013816e08158024,"{""d"":7.0,""p"":0.00046415888336127773,""r"":7.0}",
         1,         0,         0,   0.298,correlated_pymatching,a8310dbbc441a92d61d39a18764fc49fdbe77c657ab9ed3f9aff31a58729b2b0,"{""d"":7.0,""p"":0.001,""r"":7.0}",
         1,         0,         0,   0.304,correlated_pymatching,37f268fbfb1512405cedc6a9f187fe834ff0248dae64f05e468219cda62bb709,"{""d"":7.0,""p"":0.00021544346900318845,""r"":7.0}",
         1,         0,         0,   0.302,correlated_pymatching,a8310dbbc441a92d61d39a18764fc49fdbe77c657ab9ed3f9aff31a58729b2b0,"{""d"":7.0,""p"":0.001,""r"":7.0}",
         1,         0,         0,   0.278,correlated_pymatching,d375ef9124ce40870f0834887e212a4b5fa1761556314559f013816e08158024,"{""d"":7.0,""p"":0.00046415888336127773,""r"":7.0}",
         2,         0,         0,   0.292,correlated_pymatching,d375ef9124ce40870f0834887e212a4b5fa1761556314559f013816e08158024,"{""d"":7.0,""p"":0.00046415888336127773,""r"":7.0}",
         2,         0,         0,   0.305,correlated_pymatching,a8310dbbc441a92d61d39a18764fc49fdbe77c657ab9ed3f9aff31a58729b2b0,"{""d"":7.0,""p"":0.001,""r"":7.0}",
         1,         0,         0,   0.298,correlated_pymatching,37f268fbfb1512405cedc6a9f187fe834ff0248dae64f05e468219cda62bb709,"{""d"":7.0,""p"":0.00021544346900318845,""r"":7.0}",
         1,         0,         0,   0.306,correlated_pymatching,a8310dbbc441a92d61d39a18764fc49fdbe77c657ab9ed3f9aff31a58729b2b0,"{""d"":7.0,""p"":0.001,""r"":7.0}",
         4,         0,         0,   0.316,correlated_pymatching,d375ef9124ce40870f0834887e212a4b5fa1761556314559f013816e08158024,"{""d"":7.0,""p"":0.00046415888336127773,""r"":7.0}",
         2,         0,         0,   0.325,correlated_pymatching,d375ef9124ce40870f0834887e212a4b5fa1761556314559f013816e08158024,"{""d"":7.0,""p"":0.00046415888336127773,""r"":7.0}",
         2,         0,         0,   0.308,correlated_pymatching,a8310dbbc441a92d61d39a18764fc49fdbe77c657ab9ed3f9aff31a58729b2b0,"{""d"":7.0,""p"":0.001,""r"":7.0}",
         2,         0,         0,   0.306,correlated_pymatching,37f268fbfb1512405cedc6a9f187fe834ff0248dae64f05e468219cda62bb709,"{""d"":7.0,""p"":0.00021544346900318845,""r"":7.0}",
         1,         0,         0,   0.300,correlated_pymatching,a8310dbbc441a92d61d39a18764fc49fdbe77c657ab9ed3f9aff31a58729b2b0,"{""d"":7.0,""p"":0.001,""r"":7.0}",
    161792,        30,         0,    23.1,correlated_pymatching,80c44e915a981af8af51acc088922b07074e67f978d596f56e5bb6df96b53467,"{""d"":5.0,""p"":0.00046415888336127773,""r"":5.0}","{""obs_mistake_mask=E"":30}"
    101376,        11,         0,    14.3,correlated_pymatching,80c44e915a981af8af51acc088922b07074e67f978d596f56e5bb6df96b53467,"{""d"":5.0,""p"":0.00046415888336127773,""r"":5.0}","{""obs_mistake_mask=E"":11}"
    155648,        25,         0,    22.5,correlated_pymatching,80c44e915a981af8af51acc088922b07074e67f978d596f56e5bb6df96b53467,"{""d"":5.0,""p"":0.00046415888336127773,""r"":5.0}","{""obs_mistake_mask=E"":25}"
    146432,        18,         0,    20.8,correlated_pymatching,80c44e915a981af8af51acc088922b07074e67f978d596f56e5bb6df96b53467,"{""d"":5.0,""p"":0.00046415888336127773,""r"":5.0}","{""obs_mistake_mask=E"":18}"
     56320,         4,         0,    8.09,correlated_pymatching,80c44e915a981af8af51acc088922b07074e67f978d596f56e5bb6df96b53467,"{""d"":5.0,""p"":0.00046415888336127773,""r"":5.0}","{""obs_mistake_mask=E"":4}"
      1024,         0,         0,   0.144,correlated_pymatching,80c44e915a981af8af51acc088922b07074e67f978d596f56e5bb6df96b53467,"{""d"":5.0,""p"":0.00046415888336127773,""r"":5.0}",
         2,         0,         0,   0.290,correlated_pymatching,d375ef9124ce40870f0834887e212a4b5fa1761556314559f013816e08158024,"{""d"":7.0,""p"":0.00046415888336127773,""r"":7.0}",
         4,         0,         0,   0.300,correlated_pymatching,d375ef9124ce40870f0834887e212a4b5fa1761556314559f013816e08158024,"{""d"":7.0,""p"":0.00046415888336127773,""r"":7.0}",
         2,         0,         0,   0.296,correlated_pymatching,a8310dbbc441a92d61d39a18764fc49fdbe77c657ab9ed3f9aff31a58729b2b0,"{""d"":7.0,""p"":0.001,""r"":7.0}",
         2,         0,         0,   0.282,correlated_pymatching,a8310dbbc441a92d61d39a18764fc49fdbe77c657ab9ed3f9aff31a58729b2b0,"{""d"":7.0,""p"":0.001,""r"":7.0}",
         2,         0,         0,   0.300,correlated_pymatching,37f268fbfb1512405cedc6a9f187fe834ff0248dae64f05e468219cda62bb709,"{""d"":7.0,""p"":0.00021544346900318845,""r"":7.0}",
         1,         0,         0,   0.141,correlated_pymatching,02577dd842a1ef1ffa76eecb4d0727e37a8991db1af1a7da799291d22f5d094a,"{""d"":5.0,""p"":0.00021544346900318845,""r"":5.0}",
         8,         0,         0,   0.300,correlated_pymatching,d375ef9124ce40870f0834887e212a4b5fa1761556314559f013816e08158024,"{""d"":7.0,""p"":0.00046415888336127773,""r"":7.0}",
         4,         0,         0,   0.314,correlated_pymatching,d375ef9124ce40870f0834887e212a4b5fa1761556314559f013816e08158024,"{""d"":7.0,""p"":0.00046415888336127773,""r"":7.0}",
         4,         0,         0,   0.316,correlated_pymatching,a8310dbbc441a92d61d39a18764fc49fdbe77c657ab9ed3f9aff31a58729b2b0,"{""d"":7.0,""p"":0.001,""r"":7.0}",
         4,         0,         0,   0.298,correlated_pymatching,37f268fbfb1512405cedc6a9f187fe834ff0248dae64f05e468219cda62bb709,"{""d"":7.0,""p"":0.00021544346900318845,""r"":7.0}",
         4,         0,         0,   0.325,correlated_pymatching,a8310dbbc441a92d61d39a18764fc49fdbe77c657ab9ed3f9aff31a58729b2b0,"{""d"":7.0,""p"":0.001,""r"":7.0}",
         4,         0,         0,   0.122,correlated_pymatching,02577dd842a1ef1ffa76eecb4d0727e37a8991db1af1a7da799291d22f5d094a,"{""d"":5.0,""p"":0.00021544346900318845,""r"":5.0}",
        16,         0,         0,   0.102,correlated_pymatching,02577dd842a1ef1ffa76eecb4d0727e37a8991db1af1a7da799291d22f5d094a,"{""d"":5.0,""p"":0.00021544346900318845,""r"":5.0}",
        64,         0,         0,   0.119,correlated_pymatching,02577dd842a1ef1ffa76eecb4d0727e37a8991db1af1a7da799291d22f5d094a,"{""d"":5.0,""p"":0.00021544346900318845,""r"":5.0}",
         4,         0,         0,   0.302,correlated_pymatching,d375ef9124ce40870f0834887e212a4b5fa1761556314559f013816e08158024,"{""d"":7.0,""p"":0.00046415888336127773,""r"":7.0}",
        16,         0,         0,   0.308,correlated_pymatching,d375ef9124ce40870f0834887e212a4b5fa1761556314559f013816e08158024,"{""d"":7.0,""p"":0.00046415888336127773,""r"":7.0}",
         8,         0,         0,   0.282,correlated_pymatching,37f268fbfb1512405cedc6a9f187fe834ff0248dae64f05e468219cda62bb709,"{""d"":7.0,""p"":0.00021544346900318845,""r"":7.0}",
         4,         0,         0,   0.300,correlated_pymatching,a8310dbbc441a92d61d39a18764fc49fdbe77c657ab9ed3f9aff31a58729b2b0,"{""d"":7.0,""p"":0.001,""r"":7.0}",
         1,         0,         0,   0.319,correlated_pymatching,37f268fbfb1512405cedc6a9f187fe834ff0248dae64f05e468219cda62bb709,"{""d"":7.0,""p"":0.00021544346900318845,""r"":7.0}",
         1,         0,         0,   0.314,correlated_pymatching,8beb24caf2e2f0c22669330a865cd85a3a3aa7fb43a00ab09c8b2e94ef837b2a,"{""d"":7.0,""p"":0.0001,""r"":7.0}",
         1,         0,         0,   0.315,correlated_pymatching,37f268fbfb1512405cedc6a9f187fe834ff0248dae64f05e468219cda62bb709,"{""d"":7.0,""p"":0.00021544346900318845,""r"":7.0}",
         1,         0,         0,   0.351,correlated_pymatching,8beb24caf2e2f0c22669330a865cd85a3a3aa7fb43a00ab09c8b2e94ef837b2a,"{""d"":7.0,""p"":0.0001,""r"":7.0}",
         4,         0,         0,   0.340,correlated_pymatching,a8310dbbc441a92d61d39a18764fc49fdbe77c657ab9ed3f9aff31a58729b2b0,"{""d"":7.0,""p"":0.001,""r"":7.0}",
       256,         0,         0,   0.117,correlated_pymatching,02577dd842a1ef1ffa76eecb4d0727e37a8991db1af1a7da799291d22f5d094a,"{""d"":5.0,""p"":0.00021544346900318845,""r"":5.0}",
     69632,         0,         0,    23.1,correlated_pymatching,8beb24caf2e2f0c22669330a865cd85a3a3aa7fb43a00ab09c8b2e94ef837b2a,"{""d"":7.0,""p"":0.0001,""r"":7.0}",
     60416,         0,         0,    23.0,correlated_pymatching,d375ef9124ce40870f0834887e212a4b5fa1761556314559f013816e08158024,"{""d"":7.0,""p"":0.00046415888336127773,""r"":7.0}",
      1024,         0,         0,   0.206,correlated_pymatching,02577dd842a1ef1ffa76eecb4d0727e37a8991db1af1a7da799291d22f5d094a,"{""d"":5.0,""p"":0.00021544346900318845,""r"":5.0}",
         4,         0,         0,   0.260,correlated_pymatching,a8310dbbc441a92d61d39a18764fc49fdbe77c657ab9ed3f9aff31a58729b2b0,"{""d"":7.0,""p"":0.001,""r"":7.0}",
         1,         0,         0,   0.320,correlated_pymatching,8beb24caf2e2f0c22669330a865cd85a3a3aa7fb43a00ab09c8b2e94ef837b2a,"{""d"":7.0,""p"":0.0001,""r"":7.0}",
         4,         0,         0,   0.358,correlated_pymatching,d375ef9124ce40870f0834887e212a4b5fa1761556314559f013816e08158024,"{""d"":7.0,""p"":0.00046415888336127773,""r"":7.0}",
         8,         0,         0,   0.340,correlated_pymatching,a8310dbbc441a92d61d39a18764fc49fdbe77c657ab9ed3f9aff31a58729b2b0,"{""d"":7.0,""p"":0.001,""r"":7.0}",
        16,         0,         0,   0.360,correlated_pymatching,d375ef9124ce40870f0834887e212a4b5fa1761556314559f013816e08158024,"{""d"":7.0,""p"":0.00046415888336127773,""r"":7.0}",
         1,         0,         0,   0.336,correlated_pymatching,37f268fbfb1512405cedc6a9f187fe834ff0248dae64f05e468219cda62bb709,"{""d"":7.0,""p"":0.00021544346900318845,""r"":7.0}",
        16,         0,         0,   0.367,correlated_pymatching,37f268fbfb1512405cedc6a9f187fe834ff0248dae64f05e468219cda62bb709,"{""d"":7.0,""p"":0.00021544346900318845,""r"":7.0}",
         1,         0,         0,   0.356,correlated_pymatching,8beb24caf2e2f0c22669330a865cd85a3a3aa7fb43a00ab09c8b2e94ef837b2a,"{""d"":7.0,""p"":0.0001,""r"":7.0}",
      1024,         0,         0,   0.125,correlated_pymatching,02577dd842a1ef1ffa76eecb4d0727e37a8991db1af1a7da799291d22f5d094a,"{""d"":5.0,""p"":0.00021544346900318845,""r"":5.0}",
         1,         0,         0,   0.409,correlated_pymatching,37f268fbfb1512405cedc6a9f187fe834ff0248dae64f05e468219cda62bb709,"{""d"":7.0,""p"":0.00021544346900318845,""r"":7.0}",
     66560,         0,         0,    23.1,correlated_pymatching,37f268fbfb1512405cedc6a9f187fe834ff0248dae64f05e468219cda62bb709,"{""d"":7.0,""p"":0.00021544346900318845,""r"":7.0}",
      1024,         0,         0,   0.132,correlated_pymatching,02577dd842a1ef1ffa76eecb4d0727e37a8991db1af1a7da799291d22f5d094a,"{""d"":5.0,""p"":0.00021544346900318845,""r"":5.0}",
         8,         0,         0,   0.294,correlated_pymatching,a8310dbbc441a92d61d39a18764fc49fdbe77c657ab9ed3f9aff31a58729b2b0,"{""d"":7.0,""p"":0.001,""r"":7.0}",
         1,         0,         0,   0.286,correlated_pymatching,8beb24caf2e2f0c22669330a865cd85a3a3aa7fb43a00ab09c8b2e94ef837b2a,"{""d"":7.0,""p"":0.0001,""r"":7.0}",
         1,         0,         0,   0.290,correlated_pymatching,37f268fbfb1512405cedc6a9f187fe834ff0248dae64f05e468219cda62bb709,"{""d"":7.0,""p"":0.00021544346900318845,""r"":7.0}",
         8,         0,         0,   0.304,correlated_pymatching,a8310dbbc441a92d61d39a18764fc49fdbe77c657ab9ed3f9aff31a58729b2b0,"{""d"":7.0,""p"":0.001,""r"":7.0}",
         4,         0,         0,   0.304,correlated_pymatching,d375ef9124ce40870f0834887e212a4b5fa1761556314559f013816e08158024,"{""d"":7.0,""p"":0.00046415888336127773,""r"":7.0}",
        16,         0,         0,   0.308,correlated_pymatching,d375ef9124ce40870f0834887e212a4b5fa1761556314559f013816e08158024,"{""d"":7.0,""p"":0.00046415888336127773,""r"":7.0}",
        16,         0,         0,   0.304,correlated_pymatching,37f268fbfb1512405cedc6a9f187fe834ff0248dae64f05e468219cda62bb709,"{""d"":7.0,""p"":0.00021544346900318845,""r"":7.0}",
         1,         0,         0,   0.300,correlated_pymatching,8beb24caf2e2f0c22669330a865cd85a3a3aa7fb43a00ab09c8b2e94ef837b2a,"{""d"":7.0,""p"":0.0001,""r"":7.0}",
         1,         0,         0,   0.298,correlated_pymatching,37f268fbfb1512405cedc6a9f187fe834ff0248dae64f05e468219cda62bb709,"{""d"":7.0,""p"":0.00021544346900318845,""r"":7.0}",
      2048,         0,         0,   0.261,correlated_pymatching,02577dd842a1ef1ffa76eecb4d0727e37a8991db1af1a7da799291d22f5d094a,"{""d"":5.0,""p"":0.00021544346900318845,""r"":5.0}",
         2,         0,         0,   0.309,correlated_pymatching,8beb24caf2e2f0c22669330a865cd85a3a3aa7fb43a00ab09c8b2e94ef837b2a,"{""d"":7.0,""p"":0.0001,""r"":7.0}",
        16,         0,         0,   0.322,correlated_pymatching,a8310dbbc441a92d61d39a18764fc49fdbe77c657ab9ed3f9aff31a58729b2b0,"{""d"":7.0,""p"":0.001,""r"":7.0}",
         2,         0,         0,   0.298,correlated_pymatching,37f268fbfb1512405cedc6a9f187fe834ff0248dae64f05e468219cda62bb709,"{""d"":7.0,""p"":0.00021544346900318845,""r"":7.0}",
         8,         0,         0,   0.296,correlated_pymatching,a8310dbbc441a92d61d39a18764fc49fdbe77c657ab9ed3f9aff31a58729b2b0,"{""d"":7.0,""p"":0.001,""r"":7.0}",
         4,         0,         0,   0.296,correlated_pymatching,d375ef9124ce40870f0834887e212a4b5fa1761556314559f013816e08158024,"{""d"":7.0,""p"":0.00046415888336127773,""r"":7.0}",
        16,         0,         0,   0.302,correlated_pymatching,37f268fbfb1512405cedc6a9f187fe834ff0248dae64f05e468219cda62bb709,"{""d"":7.0,""p"":0.00021544346900318845,""r"":7.0}",
        16,         0,         0,   0.307,correlated_pymatching,d375ef9124ce40870f0834887e212a4b5fa1761556314559f013816e08158024,"{""d"":7.0,""p"":0.00046415888336127773,""r"":7.0}",
         2,         0,         0,   0.282,correlated_pymatching,8beb24caf2e2f0c22669330a865cd85a3a3aa7fb43a00ab09c8b2e94ef837b2a,"{""d"":7.0,""p"":0.0001,""r"":7.0}",
     50176,        12,         0,    23.1,correlated_pymatching,a8310dbbc441a92d61d39a18764fc49fdbe77c657ab9ed3f9aff31a58729b2b0,"{""d"":7.0,""p"":0.001,""r"":7.0}","{""obs_mistake_mask=E"":12}"
     30280,         0,         0,    3.98,correlated_pymatching,02577dd842a1ef1ffa76eecb4d0727e37a8991db1af1a7da799291d22f5d094a,"{""d"":5.0,""p"":0.00021544346900318845,""r"":5.0}",
      2048,         0,         0,   0.258,correlated_pymatching,02577dd842a1ef1ffa76eecb4d0727e37a8991db1af1a7da799291d22f5d094a,"{""d"":5.0,""p"":0.00021544346900318845,""r"":5.0}",
         2,         0,         0,   0.350,correlated_pymatching,37f268fbfb1512405cedc6a9f187fe834ff0248dae64f05e468219cda62bb709,"{""d"":7.0,""p"":0.00021544346900318845,""r"":7.0}",
     64512,         0,         0,    23.0,correlated_pymatching,37f268fbfb1512405cedc6a9f187fe834ff0248dae64f05e468219cda62bb709,"{""d"":7.0,""p"":0.00021544346900318845,""r"":7.0}",
        16,         0,         0,   0.294,correlated_pymatching,a8310dbbc441a92d61d39a18764fc49fdbe77c657ab9ed3f9aff31a58729b2b0,"{""d"":7.0,""p"":0.001,""r"":7.0}",
         2,         0,         0,   0.296,correlated_pymatching,8beb24caf2e2f0c22669330a865cd85a3a3aa7fb43a00ab09c8b2e94ef837b2a,"{""d"":7.0,""p"":0.0001,""r"":7.0}",
         4,         0,         0,   0.296,correlated_pymatching,37f268fbfb1512405cedc6a9f187fe834ff0248dae64f05e468219cda62bb709,"{""d"":7.0,""p"":0.00021544346900318845,""r"":7.0}",
        16,         0,         0,   0.312,correlated_pymatching,a8310dbbc441a92d61d39a18764fc49fdbe77c657ab9ed3f9aff31a58729b2b0,"{""d"":7.0,""p"":0.001,""r"":7.0}",
         8,         0,         0,   0.312,correlated_pymatching,d375ef9124ce40870f0834887e212a4b5fa1761556314559f013816e08158024,"{""d"":7.0,""p"":0.00046415888336127773,""r"":7.0}",
        16,         0,         0,   0.298,correlated_pymatching,37f268fbfb1512405cedc6a9f187fe834ff0248dae64f05e468219cda62bb709,"{""d"":7.0,""p"":0.00021544346900318845,""r"":7.0}",
        16,         0,         0,   0.300,correlated_pymatching,d375ef9124ce40870f0834887e212a4b5fa1761556314559f013816e08158024,"{""d"":7.0,""p"":0.00046415888336127773,""r"":7.0}",
     24323,         0,         0,    3.14,correlated_pymatching,02577dd842a1ef1ffa76eecb4d0727e37a8991db1af1a7da799291d22f5d094a,"{""d"":5.0,""p"":0.00021544346900318845,""r"":5.0}",
         4,         0,         0,   0.313,correlated_pymatching,8beb24caf2e2f0c22669330a865cd85a3a3aa7fb43a00ab09c8b2e94ef837b2a,"{""d"":7.0,""p"":0.0001,""r"":7.0}",
     24323,         0,         0,    3.17,correlated_pymatching,02577dd842a1ef1ffa76eecb4d0727e37a8991db1af1a7da799291d22f5d094a,"{""d"":5.0,""p"":0.00021544346900318845,""r"":5.0}",
     22528,         0,         0,    2.96,correlated_pymatching,02577dd842a1ef1ffa76eecb4d0727e37a8991db1af1a7da799291d22f5d094a,"{""d"":5.0,""p"":0.00021544346900318845,""r"":5.0}",
         2,         0,         0,   0.296,correlated_pymatching,37f268fbfb1512405cedc6a9f187fe834ff0248dae64f05e468219cda62bb709,"{""d"":7.0,""p"":0.00021544346900318845,""r"":7.0}",
     23552,         0,         0,    3.02,correlated_pymatching,02577dd842a1ef1ffa76eecb4d0727e37a8991db1af1a7da799291d22f5d094a,"{""d"":5.0,""p"":0.00021544346900318845,""r"":5.0}",
      3072,         0,         0,   0.393,correlated_pymatching,02577dd842a1ef1ffa76eecb4d0727e37a8991db1af1a7da799291d22f5d094a,"{""d"":5.0,""p"":0.00021544346900318845,""r"":5.0}",
     68608,         1,         0,    23.1,correlated_pymatching,8beb24caf2e2f0c22669330a865cd85a3a3aa7fb43a00ab09c8b2e94ef837b2a,"{""d"":7.0,""p"":0.0001,""r"":7.0}","{""obs_mistake_mask=E"":1}"
     59392,         0,         0,    23.0,correlated_pymatching,d375ef9124ce40870f0834887e212a4b5fa1761556314559f013816e08158024,"{""d"":7.0,""p"":0.00046415888336127773,""r"":7.0}",
       771,         0,         0,   0.119,correlated_pymatching,02577dd842a1ef1ffa76eecb4d0727e37a8991db1af1a7da799291d22f5d094a,"{""d"":5.0,""p"":0.00021544346900318845,""r"":5.0}",
         8,         0,         0,   0.292,correlated_pymatching,37f268fbfb1512405cedc6a9f187fe834ff0248dae64f05e468219cda62bb709,"{""d"":7.0,""p"":0.00021544346900318845,""r"":7.0}",
         4,         0,         0,   0.304,correlated_pymatching,8beb24caf2e2f0c22669330a865cd85a3a3aa7fb43a00ab09c8b2e94ef837b2a,"{""d"":7.0,""p"":0.0001,""r"":7.0}",
         4,         0,         0,   0.296,correlated_pymatching,8beb24caf2e2f0c22669330a865cd85a3a3aa7fb43a00ab09c8b2e94ef837b2a,"{""d"":7.0,""p"":0.0001,""r"":7.0}",
      1795,         0,         0,   0.249,correlated_pymatching,02577dd842a1ef1ffa76eecb4d0727e37a8991db1af1a7da799291d22f5d094a,"{""d"":5.0,""p"":0.00021544346900318845,""r"":5.0}",
         4,         0,         0,   0.312,correlated_pymatching,37f268fbfb1512405cedc6a9f187fe834ff0248dae64f05e468219cda62bb709,"{""d"":7.0,""p"":0.00021544346900318845,""r"":7.0}",
      2688,         0,         0,   0.376,correlated_pymatching,02577dd842a1ef1ffa76eecb4d0727e37a8991db1af1a7da799291d22f5d094a,"{""d"":5.0,""p"":0.00021544346900318845,""r"":5.0}",
        16,         0,         0,   0.296,correlated_pymatching,37f268fbfb1512405cedc6a9f187fe834ff0248dae64f05e468219cda62bb709,"{""d"":7.0,""p"":0.00021544346900318845,""r"":7.0}",
         4,         0,         0,   0.296,correlated_pymatching,8beb24caf2e2f0c22669330a865cd85a3a3aa7fb43a00ab09c8b2e94ef837b2a,"{""d"":7.0,""p"":0.0001,""r"":7.0}",
      4054,         0,         0,   0.504,correlated_pymatching,02577dd842a1ef1ffa76eecb4d0727e37a8991db1af1a7da799291d22f5d094a,"{""d"":5.0,""p"":0.00021544346900318845,""r"":5.0}",
        64,         0,         0,   0.615,correlated_pymatching,a8310dbbc441a92d61d39a18764fc49fdbe77c657ab9ed3f9aff31a58729b2b0,"{""d"":7.0,""p"":0.001,""r"":7.0}",
        32,         0,         0,   0.598,correlated_pymatching,a8310dbbc441a92d61d39a18764fc49fdbe77c657ab9ed3f9aff31a58729b2b0,"{""d"":7.0,""p"":0.001,""r"":7.0}",
        64,         0,         0,   0.604,correlated_pymatching,37f268fbfb1512405cedc6a9f187fe834ff0248dae64f05e468219cda62bb709,"{""d"":7.0,""p"":0.00021544346900318845,""r"":7.0}",
        16,         0,         0,   0.612,correlated_pymatching,d375ef9124ce40870f0834887e212a4b5fa1761556314559f013816e08158024,"{""d"":7.0,""p"":0.00046415888336127773,""r"":7.0}",
        96,         0,         0,   0.608,correlated_pymatching,d375ef9124ce40870f0834887e212a4b5fa1761556314559f013816e08158024,"{""d"":7.0,""p"":0.00046415888336127773,""r"":7.0}",
         8,         0,         0,   0.296,correlated_pymatching,8beb24caf2e2f0c22669330a865cd85a3a3aa7fb43a00ab09c8b2e94ef837b2a,"{""d"":7.0,""p"":0.0001,""r"":7.0}",
      4096,         0,         0,   0.522,correlated_pymatching,02577dd842a1ef1ffa76eecb4d0727e37a8991db1af1a7da799291d22f5d094a,"{""d"":5.0,""p"":0.00021544346900318845,""r"":5.0}",
     49152,         7,         0,    23.1,correlated_pymatching,a8310dbbc441a92d61d39a18764fc49fdbe77c657ab9ed3f9aff31a58729b2b0,"{""d"":7.0,""p"":0.001,""r"":7.0}","{""obs_mistake_mask=E"":7}"
         4,         0,         0,   0.304,correlated_pymatching,37f268fbfb1512405cedc6a9f187fe834ff0248dae64f05e468219cda62bb709,"{""d"":7.0,""p"":0.00021544346900318845,""r"":7.0}",
      7255,         0,         0,    1.01,correlated_pymatching,02577dd842a1ef1ffa76eecb4d0727e37a8991db1af1a7da799291d22f5d094a,"{""d"":5.0,""p"":0.00021544346900318845,""r"":5.0}",
        32,         0,         0,   0.304,correlated_pymatching,37f268fbfb1512405cedc6a9f187fe834ff0248dae64f05e468219cda62bb709,"{""d"":7.0,""p"":0.00021544346900318845,""r"":7.0}",
         8,         0,         0,   0.300,correlated_pymatching,8beb24caf2e2f0c22669330a865cd85a3a3aa7fb43a00ab09c8b2e94ef837b2a,"{""d"":7.0,""p"":0.0001,""r"":7.0}",
      5120,         0,         0,   0.645,correlated_pymatching,02577dd842a1ef1ffa76eecb4d0727e37a8991db1af1a7da799291d22f5d094a,"{""d"":5.0,""p"":0.00021544346900318845,""r"":5.0}",
        16,         0,         0,   0.300,correlated_pymatching,8beb24caf2e2f0c22669330a865cd85a3a3aa7fb43a00ab09c8b2e94ef837b2a,"{""d"":7.0,""p"":0.0001,""r"":7.0}",
      2753,         0,         0,   0.388,correlated_pymatching,02577dd842a1ef1ffa76eecb4d0727e37a8991db1af1a7da799291d22f5d094a,"{""d"":5.0,""p"":0.00021544346900318845,""r"":5.0}",
       339,         0,         0,   0.111,correlated_pymatching,02577dd842a1ef1ffa76eecb4d0727e37a8991db1af1a7da799291d22f5d094a,"{""d"":5.0,""p"":0.00021544346900318845,""r"":5.0}",
         4,         0,         0,   0.290,correlated_pymatching,37f268fbfb1512405cedc6a9f187fe834ff0248dae64f05e468219cda62bb709,"{""d"":7.0,""p"":0.00021544346900318845,""r"":7.0}",
      4239,         0,         0,   0.626,correlated_pymatching,02577dd842a1ef1ffa76eecb4d0727e37a8991db1af1a7da799291d22f5d094a,"{""d"":5.0,""p"":0.00021544346900318845,""r"":5.0}",
      4239,         0,         0,   0.630,correlated_pymatching,02577dd842a1ef1ffa76eecb4d0727e37a8991db1af1a7da799291d22f5d094a,"{""d"":5.0,""p"":0.00021544346900318845,""r"":5.0}",
      3072,         0,         0,   0.388,correlated_pymatching,02577dd842a1ef1ffa76eecb4d0727e37a8991db1af1a7da799291d22f5d094a,"{""d"":5.0,""p"":0.00021544346900318845,""r"":5.0}",
        32,         0,         0,   0.300,correlated_pymatching,37f268fbfb1512405cedc6a9f187fe834ff0248dae64f05e468219cda62bb709,"{""d"":7.0,""p"":0.00021544346900318845,""r"":7.0}",
        16,         0,         0,   0.300,correlated_pymatching,8beb24caf2e2f0c22669330a865cd85a3a3aa7fb43a00ab09c8b2e94ef837b2a,"{""d"":7.0,""p"":0.0001,""r"":7.0}",
        24,         0,         0,   0.586,correlated_pymatching,d375ef9124ce40870f0834887e212a4b5fa1761556314559f013816e08158024,"{""d"":7.0,""p"":0.00046415888336127773,""r"":7.0}",
        32,         0,         0,   0.282,correlated_pymatching,8beb24caf2e2f0c22669330a865cd85a3a3aa7fb43a00ab09c8b2e94ef837b2a,"{""d"":7.0,""p"":0.0001,""r"":7.0}",
        64,         0,         0,   0.623,correlated_pymatching,a8310dbbc441a92d61d39a18764fc49fdbe77c657ab9ed3f9aff31a58729b2b0,"{""d"":7.0,""p"":0.001,""r"":7.0}",
      1486,         0,         0,   0.246,correlated_pymatching,02577dd842a1ef1ffa76eecb4d0727e37a8991db1af1a7da799291d22f5d094a,"{""d"":5.0,""p"":0.00021544346900318845,""r"":5.0}",
       128,         0,         0,   0.608,correlated_pymatching,d375ef9124ce40870f0834887e212a4b5fa1761556314559f013816e08158024,"{""d"":7.0,""p"":0.00046415888336127773,""r"":7.0}",
        64,         0,         0,   0.629,correlated_pymatching,a8310dbbc441a92d61d39a18764fc49fdbe77c657ab9ed3f9aff31a58729b2b0,"{""d"":7.0,""p"":0.001,""r"":7.0}",
      2871,         0,         0,   0.381,correlated_pymatching,02577dd842a1ef1ffa76eecb4d0727e37a8991db1af1a7da799291d22f5d094a,"{""d"":5.0,""p"":0.00021544346900318845,""r"":5.0}",
       192,         0,         0,   0.624,correlated_pymatching,37f268fbfb1512405cedc6a9f187fe834ff0248dae64f05e468219cda62bb709,"{""d"":7.0,""p"":0.00021544346900318845,""r"":7.0}",
        87,         0,         0,   0.107,correlated_pymatching,02577dd842a1ef1ffa76eecb4d0727e37a8991db1af1a7da799291d22f5d094a,"{""d"":5.0,""p"":0.00021544346900318845,""r"":5.0}",
      1024,         0,         0,   0.127,correlated_pymatching,02577dd842a1ef1ffa76eecb4d0727e37a8991db1af1a7da799291d22f5d094a,"{""d"":5.0,""p"":0.00021544346900318845,""r"":5.0}",
        34,         0,         0,   0.103,correlated_pymatching,02577dd842a1ef1ffa76eecb4d0727e37a8991db1af1a7da799291d22f5d094a,"{""d"":5.0,""p"":0.00021544346900318845,""r"":5.0}",
        33,         0,         0,   0.100,correlated_pymatching,02577dd842a1ef1ffa76eecb4d0727e37a8991db1af1a7da799291d22f5d094a,"{""d"":5.0,""p"":0.00021544346900318845,""r"":5.0}",
         8,         0,         0,   0.310,correlated_pymatching,37f268fbfb1512405cedc6a9f187fe834ff0248dae64f05e468219cda62bb709,"{""d"":7.0,""p"":0.00021544346900318845,""r"":7.0}",
        34,         0,         0,   0.104,correlated_pymatching,02577dd842a1ef1ffa76eecb4d0727e37a8991db1af1a7da799291d22f5d094a,"{""d"":5.0,""p"":0.00021544346900318845,""r"":5.0}",
        34,         0,         0,   0.106,correlated_pymatching,02577dd842a1ef1ffa76eecb4d0727e37a8991db1af1a7da799291d22f5d094a,"{""d"":5.0,""p"":0.00021544346900318845,""r"":5.0}",
        34,         0,         0,   0.111,correlated_pymatching,02577dd842a1ef1ffa76eecb4d0727e37a8991db1af1a7da799291d22f5d094a,"{""d"":5.0,""p"":0.00021544346900318845,""r"":5.0}",
        34,         0,         0,   0.120,correlated_pymatching,02577dd842a1ef1ffa76eecb4d0727e37a8991db1af1a7da799291d22f5d094a,"{""d"":5.0,""p"":0.00021544346900318845,""r"":5.0}",
        32,         0,         0,   0.300,correlated_pymatching,8beb24caf2e2f0c22669330a865cd85a3a3aa7fb43a00ab09c8b2e94ef837b2a,"{""d"":7.0,""p"":0.0001,""r"":7.0}",
        64,         0,         0,   0.308,correlated_pymatching,37f268fbfb1512405cedc6a9f187fe834ff0248dae64f05e468219cda62bb709,"{""d"":7.0,""p"":0.00021544346900318845,""r"":7.0}",
     69632,         0,         0,    23.0,correlated_pymatching,8beb24caf2e2f0c22669330a865cd85a3a3aa7fb43a00ab09c8b2e94ef837b2a,"{""d"":7.0,""p"":0.0001,""r"":7.0}",
        64,         0,         0,   0.321,correlated_pymatching,8beb24caf2e2f0c22669330a865cd85a3a3aa7fb43a00ab09c8b2e94ef837b2a,"{""d"":7.0,""p"":0.0001,""r"":7.0}",
         8,         0,         0,   0.300,correlated_pymatching,37f268fbfb1512405cedc6a9f187fe834ff0248dae64f05e468219cda62bb709,"{""d"":7.0,""p"":0.00021544346900318845,""r"":7.0}",
     66560,         0,         0,    23.2,correlated_pymatching,37f268fbfb1512405cedc6a9f187fe834ff0248dae64f05e468219cda62bb709,"{""d"":7.0,""p"":0.00021544346900318845,""r"":7.0}",
        64,         0,         0,   0.292,correlated_pymatching,8beb24caf2e2f0c22669330a865cd85a3a3aa7fb43a00ab09c8b2e94ef837b2a,"{""d"":7.0,""p"":0.0001,""r"":7.0}",
        64,         0,         0,   0.336,correlated_pymatching,37f268fbfb1512405cedc6a9f187fe834ff0248dae64f05e468219cda62bb709,"{""d"":7.0,""p"":0.00021544346900318845,""r"":7.0}",
        64,         0,         0,   0.294,correlated_pymatching,8beb24caf2e2f0c22669330a865cd85a3a3aa7fb43a00ab09c8b2e94ef837b2a,"{""d"":7.0,""p"":0.0001,""r"":7.0}",
        16,         0,         0,   0.298,correlated_pymatching,37f268fbfb1512405cedc6a9f187fe834ff0248dae64f05e468219cda62bb709,"{""d"":7.0,""p"":0.00021544346900318845,""r"":7.0}",
         1,         0,         0,   0.311,correlated_pymatching,37f268fbfb1512405cedc6a9f187fe834ff0248dae64f05e468219cda62bb709,"{""d"":7.0,""p"":0.00021544346900318845,""r"":7.0}",
         1,         0,         0,   0.335,correlated_pymatching,8beb24caf2e2f0c22669330a865cd85a3a3aa7fb43a00ab09c8b2e94ef837b2a,"{""d"":7.0,""p"":0.0001,""r"":7.0}",
         1,         0,         0,   0.328,correlated_pymatching,d375ef9124ce40870f0834887e212a4b5fa1761556314559f013816e08158024,"{""d"":7.0,""p"":0.00046415888336127773,""r"":7.0}",
         1,         0,         0,   0.335,correlated_pymatching,a8310dbbc441a92d61d39a18764fc49fdbe77c657ab9ed3f9aff31a58729b2b0,"{""d"":7.0,""p"":0.001,""r"":7.0}",
         1,         0,         0,   0.342,correlated_pymatching,a8310dbbc441a92d61d39a18764fc49fdbe77c657ab9ed3f9aff31a58729b2b0,"{""d"":7.0,""p"":0.001,""r"":7.0}",
         1,         0,         0,   0.350,correlated_pymatching,d375ef9124ce40870f0834887e212a4b5fa1761556314559f013816e08158024,"{""d"":7.0,""p"":0.00046415888336127773,""r"":7.0}",
       128,         0,         0,   0.933,correlated_pymatching,d375ef9124ce40870f0834887e212a4b5fa1761556314559f013816e08158024,"{""d"":7.0,""p"":0.00046415888336127773,""r"":7.0}",
       128,         0,         0,   0.931,correlated_pymatching,a8310dbbc441a92d61d39a18764fc49fdbe77c657ab9ed3f9aff31a58729b2b0,"{""d"":7.0,""p"":0.001,""r"":7.0}",
       192,         0,         0,   0.927,correlated_pymatching,d375ef9124ce40870f0834887e212a4b5fa1761556314559f013816e08158024,"{""d"":7.0,""p"":0.00046415888336127773,""r"":7.0}",
       384,         0,         0,   0.927,correlated_pymatching,37f268fbfb1512405cedc6a9f187fe834ff0248dae64f05e468219cda62bb709,"{""d"":7.0,""p"":0.00021544346900318845,""r"":7.0}",
       192,         0,         0,   0.935,correlated_pymatching,a8310dbbc441a92d61d39a18764fc49fdbe77c657ab9ed3f9aff31a58729b2b0,"{""d"":7.0,""p"":0.001,""r"":7.0}",
         1,         0,         0,   0.300,correlated_pymatching,37f268fbfb1512405cedc6a9f187fe834ff0248dae64f05e468219cda62bb709,"{""d"":7.0,""p"":0.00021544346900318845,""r"":7.0}",
         1,         0,         0,   0.300,correlated_pymatching,8beb24caf2e2f0c22669330a865cd85a3a3aa7fb43a00ab09c8b2e94ef837b2a,"{""d"":7.0,""p"":0.0001,""r"":7.0}",
       256,         0,         0,   0.616,correlated_pymatching,8beb24caf2e2f0c22669330a865cd85a3a3aa7fb43a00ab09c8b2e94ef837b2a,"{""d"":7.0,""p"":0.0001,""r"":7.0}",
         1,         0,         0,   0.304,correlated_pymatching,d375ef9124ce40870f0834887e212a4b5fa1761556314559f013816e08158024,"{""d"":7.0,""p"":0.00046415888336127773,""r"":7.0}",
         1,         0,         0,   0.299,correlated_pymatching,d375ef9124ce40870f0834887e212a4b5fa1761556314559f013816e08158024,"{""d"":7.0,""p"":0.00046415888336127773,""r"":7.0}",
         1,         0,         0,   0.312,correlated_pymatching,a8310dbbc441a92d61d39a18764fc49fdbe77c657ab9ed3f9aff31a58729b2b0,"{""d"":7.0,""p"":0.001,""r"":7.0}",
         1,         0,         0,   0.316,correlated_pymatching,a8310dbbc441a92d61d39a18764fc49fdbe77c657ab9ed3f9aff31a58729b2b0,"{""d"":7.0,""p"":0.001,""r"":7.0}",
       192,         0,         0,   0.592,correlated_pymatching,37f268fbfb1512405cedc6a9f187fe834ff0248dae64f05e468219cda62bb709,"{""d"":7.0,""p"":0.00021544346900318845,""r"":7.0}",
       256,         0,         0,   0.609,correlated_pymatching,8beb24caf2e2f0c22669330a865cd85a3a3aa7fb43a00ab09c8b2e94ef837b2a,"{""d"":7.0,""p"":0.0001,""r"":7.0}",
        64,         0,         0,   0.614,correlated_pymatching,37f268fbfb1512405cedc6a9f187fe834ff0248dae64f05e468219cda62bb709,"{""d"":7.0,""p"":0.00021544346900318845,""r"":7.0}",
         2,         0,         0,   0.292,correlated_pymatching,37f268fbfb1512405cedc6a9f187fe834ff0248dae64f05e468219cda62bb709,"{""d"":7.0,""p"":0.00021544346900318845,""r"":7.0}",
         2,         0,         0,   0.308,correlated_pymatching,8beb24caf2e2f0c22669330a865cd85a3a3aa7fb43a00ab09c8b2e94ef837b2a,"{""d"":7.0,""p"":0.0001,""r"":7.0}",
         2,         0,         0,   0.292,correlated_pymatching,d375ef9124ce40870f0834887e212a4b5fa1761556314559f013816e08158024,"{""d"":7.0,""p"":0.00046415888336127773,""r"":7.0}",
         1,         0,         0,   0.292,correlated_pymatching,a8310dbbc441a92d61d39a18764fc49fdbe77c657ab9ed3f9aff31a58729b2b0,"{""d"":7.0,""p"":0.001,""r"":7.0}",
         1,         0,         0,   0.296,correlated_pymatching,a8310dbbc441a92d61d39a18764fc49fdbe77c657ab9ed3f9aff31a58729b2b0,"{""d"":7.0,""p"":0.001,""r"":7.0}",
         1,         0,         0,   0.308,correlated_pymatching,d375ef9124ce40870f0834887e212a4b5fa1761556314559f013816e08158024,"{""d"":7.0,""p"":0.00046415888336127773,""r"":7.0}",
     50176,        15,         0,    23.2,correlated_pymatching,a8310dbbc441a92d61d39a18764fc49fdbe77c657ab9ed3f9aff31a58729b2b0,"{""d"":7.0,""p"":0.001,""r"":7.0}","{""obs_mistake_mask=E"":15}"
     60416,         1,         0,    23.3,correlated_pymatching,d375ef9124ce40870f0834887e212a4b5fa1761556314559f013816e08158024,"{""d"":7.0,""p"":0.00046415888336127773,""r"":7.0}","{""obs_mistake_mask=E"":1}"
         4,         0,         0,   0.308,correlated_pymatching,37f268fbfb1512405cedc6a9f187fe834ff0248dae64f05e468219cda62bb709,"{""d"":7.0,""p"":0.00021544346900318845,""r"":7.0}",
         2,         0,         0,   0.304,correlated_pymatching,8beb24caf2e2f0c22669330a865cd85a3a3aa7fb43a00ab09c8b2e94ef837b2a,"{""d"":7.0,""p"":0.0001,""r"":7.0}",
       256,         0,         0,   0.608,correlated_pymatching,8beb24caf2e2f0c22669330a865cd85a3a3aa7fb43a00ab09c8b2e94ef837b2a,"{""d"":7.0,""p"":0.0001,""r"":7.0}",
         1,         0,         0,   0.300,correlated_pymatching,d375ef9124ce40870f0834887e212a4b5fa1761556314559f013816e08158024,"{""d"":7.0,""p"":0.00046415888336127773,""r"":7.0}",
         4,         0,         0,   0.321,correlated_pymatching,d375ef9124ce40870f0834887e212a4b5fa1761556314559f013816e08158024,"{""d"":7.0,""p"":0.00046415888336127773,""r"":7.0}",
         2,         0,         0,   0.314,correlated_pymatching,a8310dbbc441a92d61d39a18764fc49fdbe77c657ab9ed3f9aff31a58729b2b0,"{""d"":7.0,""p"":0.001,""r"":7.0}",
         2,         0,         0,   0.312,correlated_pymatching,a8310dbbc441a92d61d39a18764fc49fdbe77c657ab9ed3f9aff31a58729b2b0,"{""d"":7.0,""p"":0.001,""r"":7.0}",
       512,         0,         0,   0.620,correlated_pymatching,37f268fbfb1512405cedc6a9f187fe834ff0248dae64f05e468219cda62bb709,"{""d"":7.0,""p"":0.00021544346900318845,""r"":7.0}",
       512,         0,         0,   0.620,correlated_pymatching,8beb24caf2e2f0c22669330a865cd85a3a3aa7fb43a00ab09c8b2e94ef837b2a,"{""d"":7.0,""p"":0.0001,""r"":7.0}",
        64,         0,         0,   0.608,correlated_pymatching,37f268fbfb1512405cedc6a9f187fe834ff0248dae64f05e468219cda62bb709,"{""d"":7.0,""p"":0.00021544346900318845,""r"":7.0}",
         4,         0,         0,   0.292,correlated_pymatching,37f268fbfb1512405cedc6a9f187fe834ff0248dae64f05e468219cda62bb709,"{""d"":7.0,""p"":0.00021544346900318845,""r"":7.0}",
         2,         0,         0,   0.298,correlated_pymatching,8beb24caf2e2f0c22669330a865cd85a3a3aa7fb43a00ab09c8b2e94ef837b2a,"{""d"":7.0,""p"":0.0001,""r"":7.0}",
         2,         0,         0,   0.296,correlated_pymatching,d375ef9124ce40870f0834887e212a4b5fa1761556314559f013816e08158024,"{""d"":7.0,""p"":0.00046415888336127773,""r"":7.0}",
         4,         0,         0,   0.300,correlated_pymatching,d375ef9124ce40870f0834887e212a4b5fa1761556314559f013816e08158024,"{""d"":7.0,""p"":0.00046415888336127773,""r"":7.0}",
         2,         0,         0,   0.306,correlated_pymatching,a8310dbbc441a92d61d39a18764fc49fdbe77c657ab9ed3f9aff31a58729b2b0,"{""d"":7.0,""p"":0.001,""r"":7.0}",
         2,         0,         0,   0.308,correlated_pymatching,a8310dbbc441a92d61d39a18764fc49fdbe77c657ab9ed3f9aff31a58729b2b0,"{""d"":7.0,""p"":0.001,""r"":7.0}",
       512,         0,         0,    1.21,correlated_pymatching,37f268fbfb1512405cedc6a9f187fe834ff0248dae64f05e468219cda62bb709,"{""d"":7.0,""p"":0.00021544346900318845,""r"":7.0}",
       256,         0,         0,    1.22,correlated_pymatching,d375ef9124ce40870f0834887e212a4b5fa1761556314559f013816e08158024,"{""d"":7.0,""p"":0.00046415888336127773,""r"":7.0}",
       320,         0,         0,    1.25,correlated_pymatching,d375ef9124ce40870f0834887e212a4b5fa1761556314559f013816e08158024,"{""d"":7.0,""p"":0.00046415888336127773,""r"":7.0}",
       256,         0,         0,    1.26,correlated_pymatching,a8310dbbc441a92d61d39a18764fc49fdbe77c657ab9ed3f9aff31a58729b2b0,"{""d"":7.0,""p"":0.001,""r"":7.0}",
       512,         0,         0,    1.30,correlated_pymatching,a8310dbbc441a92d61d39a18764fc49fdbe77c657ab9ed3f9aff31a58729b2b0,"{""d"":7.0,""p"":0.001,""r"":7.0}",
         8,         0,         0,   0.296,correlated_pymatching,37f268fbfb1512405cedc6a9f187fe834ff0248dae64f05e468219cda62bb709,"{""d"":7.0,""p"":0.00021544346900318845,""r"":7.0}",
         4,         0,         0,   0.298,correlated_pymatching,8beb24caf2e2f0c22669330a865cd85a3a3aa7fb43a00ab09c8b2e94ef837b2a,"{""d"":7.0,""p"":0.0001,""r"":7.0}",
         8,         0,         0,   0.294,correlated_pymatching,d375ef9124ce40870f0834887e212a4b5fa1761556314559f013816e08158024,"{""d"":7.0,""p"":0.00046415888336127773,""r"":7.0}",
         4,         0,         0,   0.308,correlated_pymatching,d375ef9124ce40870f0834887e212a4b5fa1761556314559f013816e08158024,"{""d"":7.0,""p"":0.00046415888336127773,""r"":7.0}",
         2,         0,         0,   0.300,correlated_pymatching,a8310dbbc441a92d61d39a18764fc49fdbe77c657ab9ed3f9aff31a58729b2b0,"{""d"":7.0,""p"":0.001,""r"":7.0}",
         2,         0,         0,   0.308,correlated_pymatching,a8310dbbc441a92d61d39a18764fc49fdbe77c657ab9ed3f9aff31a58729b2b0,"{""d"":7.0,""p"":0.001,""r"":7.0}",
        16,         0,         0,   0.300,correlated_pymatching,37f268fbfb1512405cedc6a9f187fe834ff0248dae64f05e468219cda62bb709,"{""d"":7.0,""p"":0.00021544346900318845,""r"":7.0}",
         8,         0,         0,   0.304,correlated_pymatching,8beb24caf2e2f0c22669330a865cd85a3a3aa7fb43a00ab09c8b2e94ef837b2a,"{""d"":7.0,""p"":0.0001,""r"":7.0}",
         4,         0,         0,   0.304,correlated_pymatching,d375ef9124ce40870f0834887e212a4b5fa1761556314559f013816e08158024,"{""d"":7.0,""p"":0.00046415888336127773,""r"":7.0}",
       640,         0,         0,   0.912,correlated_pymatching,8beb24caf2e2f0c22669330a865cd85a3a3aa7fb43a00ab09c8b2e94ef837b2a,"{""d"":7.0,""p"":0.0001,""r"":7.0}",
        16,         0,         0,   0.317,correlated_pymatching,d375ef9124ce40870f0834887e212a4b5fa1761556314559f013816e08158024,"{""d"":7.0,""p"":0.00046415888336127773,""r"":7.0}",
         4,         0,         0,   0.308,correlated_pymatching,a8310dbbc441a92d61d39a18764fc49fdbe77c657ab9ed3f9aff31a58729b2b0,"{""d"":7.0,""p"":0.001,""r"":7.0}",
         2,         0,         0,   0.300,correlated_pymatching,a8310dbbc441a92d61d39a18764fc49fdbe77c657ab9ed3f9aff31a58729b2b0,"{""d"":7.0,""p"":0.001,""r"":7.0}",
       768,         0,         0,   0.924,correlated_pymatching,37f268fbfb1512405cedc6a9f187fe834ff0248dae64f05e468219cda62bb709,"{""d"":7.0,""p"":0.00021544346900318845,""r"":7.0}",
      1536,         0,         0,   0.956,correlated_pymatching,8beb24caf2e2f0c22669330a865cd85a3a3aa7fb43a00ab09c8b2e94ef837b2a,"{""d"":7.0,""p"":0.0001,""r"":7.0}",
       128,         0,         0,   0.916,correlated_pymatching,37f268fbfb1512405cedc6a9f187fe834ff0248dae64f05e468219cda62bb709,"{""d"":7.0,""p"":0.00021544346900318845,""r"":7.0}",
        32,         0,         0,   0.300,correlated_pymatching,37f268fbfb1512405cedc6a9f187fe834ff0248dae64f05e468219cda62bb709,"{""d"":7.0,""p"":0.00021544346900318845,""r"":7.0}",
         8,         0,         0,   0.304,correlated_pymatching,8beb24caf2e2f0c22669330a865cd85a3a3aa7fb43a00ab09c8b2e94ef837b2a,"{""d"":7.0,""p"":0.0001,""r"":7.0}",
         4,         0,         0,   0.303,correlated_pymatching,d375ef9124ce40870f0834887e212a4b5fa1761556314559f013816e08158024,"{""d"":7.0,""p"":0.00046415888336127773,""r"":7.0}",
        16,         0,         0,   0.305,correlated_pymatching,d375ef9124ce40870f0834887e212a4b5fa1761556314559f013816e08158024,"{""d"":7.0,""p"":0.00046415888336127773,""r"":7.0}",
         4,         0,         0,   0.308,correlated_pymatching,a8310dbbc441a92d61d39a18764fc49fdbe77c657ab9ed3f9aff31a58729b2b0,"{""d"":7.0,""p"":0.001,""r"":7.0}",
         4,         0,         0,   0.320,correlated_pymatching,a8310dbbc441a92d61d39a18764fc49fdbe77c657ab9ed3f9aff31a58729b2b0,"{""d"":7.0,""p"":0.001,""r"":7.0}",
        64,         0,         0,   0.288,correlated_pymatching,37f268fbfb1512405cedc6a9f187fe834ff0248dae64f05e468219cda62bb709,"{""d"":7.0,""p"":0.00021544346900318845,""r"":7.0}",
        16,         0,         0,   0.299,correlated_pymatching,d375ef9124ce40870f0834887e212a4b5fa1761556314559f013816e08158024,"{""d"":7.0,""p"":0.00046415888336127773,""r"":7.0}",
         8,         0,         0,   0.336,correlated_pymatching,8beb24caf2e2f0c22669330a865cd85a3a3aa7fb43a00ab09c8b2e94ef837b2a,"{""d"":7.0,""p"":0.0001,""r"":7.0}",
         4,         0,         0,   0.316,correlated_pymatching,d375ef9124ce40870f0834887e212a4b5fa1761556314559f013816e08158024,"{""d"":7.0,""p"":0.00046415888336127773,""r"":7.0}",
         4,         0,         0,   0.312,correlated_pymatching,a8310dbbc441a92d61d39a18764fc49fdbe77c657ab9ed3f9aff31a58729b2b0,"{""d"":7.0,""p"":0.001,""r"":7.0}",
         4,         0,         0,   0.312,correlated_pymatching,a8310dbbc441a92d61d39a18764fc49fdbe77c657ab9ed3f9aff31a58729b2b0,"{""d"":7.0,""p"":0.001,""r"":7.0}",
       128,         0,         0,   0.308,correlated_pymatching,37f268fbfb1512405cedc6a9f187fe834ff0248dae64f05e468219cda62bb709,"{""d"":7.0,""p"":0.00021544346900318845,""r"":7.0}",
         4,         0,         0,   0.304,correlated_pymatching,d375ef9124ce40870f0834887e212a4b5fa1761556314559f013816e08158024,"{""d"":7.0,""p"":0.00046415888336127773,""r"":7.0}",
         8,         0,         0,   0.304,correlated_pymatching,8beb24caf2e2f0c22669330a865cd85a3a3aa7fb43a00ab09c8b2e94ef837b2a,"{""d"":7.0,""p"":0.0001,""r"":7.0}",
        32,         0,         0,   0.316,correlated_pymatching,d375ef9124ce40870f0834887e212a4b5fa1761556314559f013816e08158024,"{""d"":7.0,""p"":0.00046415888336127773,""r"":7.0}",
         4,         0,         0,   0.300,correlated_pymatching,a8310dbbc441a92d61d39a18764fc49fdbe77c657ab9ed3f9aff31a58729b2b0,"{""d"":7.0,""p"":0.001,""r"":7.0}",
         4,         0,         0,   0.300,correlated_pymatching,a8310dbbc441a92d61d39a18764fc49fdbe77c657ab9ed3f9aff31a58729b2b0,"{""d"":7.0,""p"":0.001,""r"":7.0}",
       640,         0,         0,    1.56,correlated_pymatching,d375ef9124ce40870f0834887e212a4b5fa1761556314559f013816e08158024,"{""d"":7.0,""p"":0.00046415888336127773,""r"":7.0}",
      1280,         0,         0,    1.58,correlated_pymatching,37f268fbfb1512405cedc6a9f187fe834ff0248dae64f05e468219cda62bb709,"{""d"":7.0,""p"":0.00021544346900318845,""r"":7.0}",
       448,         0,         0,    1.62,correlated_pymatching,a8310dbbc441a92d61d39a18764fc49fdbe77c657ab9ed3f9aff31a58729b2b0,"{""d"":7.0,""p"":0.001,""r"":7.0}",
       128,         0,         0,   0.304,correlated_pymatching,37f268fbfb1512405cedc6a9f187fe834ff0248dae64f05e468219cda62bb709,"{""d"":7.0,""p"":0.00021544346900318845,""r"":7.0}",
       640,         1,         0,    1.64,correlated_pymatching,a8310dbbc441a92d61d39a18764fc49fdbe77c657ab9ed3f9aff31a58729b2b0,"{""d"":7.0,""p"":0.001,""r"":7.0}","{""obs_mistake_mask=E"":1}"
         8,         0,         0,   0.296,correlated_pymatching,8beb24caf2e2f0c22669330a865cd85a3a3aa7fb43a00ab09c8b2e94ef837b2a,"{""d"":7.0,""p"":0.0001,""r"":7.0}",
         4,         0,         0,   0.304,correlated_pymatching,d375ef9124ce40870f0834887e212a4b5fa1761556314559f013816e08158024,"{""d"":7.0,""p"":0.00046415888336127773,""r"":7.0}",
        32,         0,         0,   0.304,correlated_pymatching,d375ef9124ce40870f0834887e212a4b5fa1761556314559f013816e08158024,"{""d"":7.0,""p"":0.00046415888336127773,""r"":7.0}",
      1792,         0,         0,    1.24,correlated_pymatching,8beb24caf2e2f0c22669330a865cd85a3a3aa7fb43a00ab09c8b2e94ef837b2a,"{""d"":7.0,""p"":0.0001,""r"":7.0}",
         8,         0,         0,   0.308,correlated_pymatching,a8310dbbc441a92d61d39a18764fc49fdbe77c657ab9ed3f9aff31a58729b2b0,"{""d"":7.0,""p"":0.001,""r"":7.0}",
         8,         0,         0,   0.320,correlated_pymatching,a8310dbbc441a92d61d39a18764fc49fdbe77c657ab9ed3f9aff31a58729b2b0,"{""d"":7.0,""p"":0.001,""r"":7.0}",
      1024,         0,         0,    1.24,correlated_pymatching,37f268fbfb1512405cedc6a9f187fe834ff0248dae64f05e468219cda62bb709,"{""d"":7.0,""p"":0.00021544346900318845,""r"":7.0}",
       384,         0,         0,    1.83,correlated_pymatching,d375ef9124ce40870f0834887e212a4b5fa1761556314559f013816e08158024,"{""d"":7.0,""p"":0.00046415888336127773,""r"":7.0}",
      2560,         0,         0,    1.27,correlated_pymatching,8beb24caf2e2f0c22669330a865cd85a3a3aa7fb43a00ab09c8b2e94ef837b2a,"{""d"":7.0,""p"":0.0001,""r"":7.0}",
       576,         0,         0,    1.21,correlated_pymatching,37f268fbfb1512405cedc6a9f187fe834ff0248dae64f05e468219cda62bb709,"{""d"":7.0,""p"":0.00021544346900318845,""r"":7.0}",
       384,         0,         0,   0.608,correlated_pymatching,37f268fbfb1512405cedc6a9f187fe834ff0248dae64f05e468219cda62bb709,"{""d"":7.0,""p"":0.00021544346900318845,""r"":7.0}",
        32,         0,         0,   0.608,correlated_pymatching,8beb24caf2e2f0c22669330a865cd85a3a3aa7fb43a00ab09c8b2e94ef837b2a,"{""d"":7.0,""p"":0.0001,""r"":7.0}",
        12,         0,         0,   0.600,correlated_pymatching,d375ef9124ce40870f0834887e212a4b5fa1761556314559f013816e08158024,"{""d"":7.0,""p"":0.00046415888336127773,""r"":7.0}",
        96,         0,         0,   0.620,correlated_pymatching,d375ef9124ce40870f0834887e212a4b5fa1761556314559f013816e08158024,"{""d"":7.0,""p"":0.00046415888336127773,""r"":7.0}",
        16,         0,         0,   0.620,correlated_pymatching,a8310dbbc441a92d61d39a18764fc49fdbe77c657ab9ed3f9aff31a58729b2b0,"{""d"":7.0,""p"":0.001,""r"":7.0}",
        16,         0,         0,   0.612,correlated_pymatching,a8310dbbc441a92d61d39a18764fc49fdbe77c657ab9ed3f9aff31a58729b2b0,"{""d"":7.0,""p"":0.001,""r"":7.0}",
       512,         0,         0,   0.620,correlated_pymatching,37f268fbfb1512405cedc6a9f187fe834ff0248dae64f05e468219cda62bb709,"{""d"":7.0,""p"":0.00021544346900318845,""r"":7.0}",
        48,         0,         0,   0.608,correlated_pymatching,8beb24caf2e2f0c22669330a865cd85a3a3aa7fb43a00ab09c8b2e94ef837b2a,"{""d"":7.0,""p"":0.0001,""r"":7.0}",
        24,         0,         0,   0.608,correlated_pymatching,d375ef9124ce40870f0834887e212a4b5fa1761556314559f013816e08158024,"{""d"":7.0,""p"":0.00046415888336127773,""r"":7.0}",
       192,         0,         0,   0.616,correlated_pymatching,d375ef9124ce40870f0834887e212a4b5fa1761556314559f013816e08158024,"{""d"":7.0,""p"":0.00046415888336127773,""r"":7.0}",
        16,         0,         0,   0.620,correlated_pymatching,a8310dbbc441a92d61d39a18764fc49fdbe77c657ab9ed3f9aff31a58729b2b0,"{""d"":7.0,""p"":0.001,""r"":7.0}",
        16,         0,         0,   0.616,correlated_pymatching,a8310dbbc441a92d61d39a18764fc49fdbe77c657ab9ed3f9aff31a58729b2b0,"{""d"":7.0,""p"":0.001,""r"":7.0}",
      2560,         0,         0,    1.58,correlated_pymatching,8beb24caf2e2f0c22669330a865cd85a3a3aa7fb43a00ab09c8b2e94ef837b2a,"{""d"":7.0,""p"":0.0001,""r"":7.0}",
      1280,         0,         0,    1.62,correlated_pymatching,37f268fbfb1512405cedc6a9f187fe834ff0248dae64f05e468219cda62bb709,"{""d"":7.0,""p"":0.00021544346900318845,""r"":7.0}",
      5120,         0,         0,    1.66,correlated_pymatching,8beb24caf2e2f0c22669330a865cd85a3a3aa7fb43a00ab09c8b2e94ef837b2a,"{""d"":7.0,""p"":0.0001,""r"":7.0}",
      1536,         0,         0,    1.85,correlated_pymatching,37f268fbfb1512405cedc6a9f187fe834ff0248dae64f05e468219cda62bb709,"{""d"":7.0,""p"":0.00021544346900318845,""r"":7.0}",
       768,         0,         0,   0.964,correlated_pymatching,37f268fbfb1512405cedc6a9f187fe834ff0248dae64f05e468219cda62bb709,"{""d"":7.0,""p"":0.00021544346900318845,""r"":7.0}",
       224,         0,         0,   0.908,correlated_pymatching,8beb24caf2e2f0c22669330a865cd85a3a3aa7fb43a00ab09c8b2e94ef837b2a,"{""d"":7.0,""p"":0.0001,""r"":7.0}",
        48,         0,         0,   0.916,correlated_pymatching,d375ef9124ce40870f0834887e212a4b5fa1761556314559f013816e08158024,"{""d"":7.0,""p"":0.00046415888336127773,""r"":7.0}",
      3072,         0,         0,    2.30,correlated_pymatching,37f268fbfb1512405cedc6a9f187fe834ff0248dae64f05e468219cda62bb709,"{""d"":7.0,""p"":0.00021544346900318845,""r"":7.0}",
      1664,         0,         0,    2.32,correlated_pymatching,d375ef9124ce40870f0834887e212a4b5fa1761556314559f013816e08158024,"{""d"":7.0,""p"":0.00046415888336127773,""r"":7.0}",
       896,         0,         0,    2.25,correlated_pymatching,a8310dbbc441a92d61d39a18764fc49fdbe77c657ab9ed3f9aff31a58729b2b0,"{""d"":7.0,""p"":0.001,""r"":7.0}",
        24,         0,         0,   0.924,correlated_pymatching,a8310dbbc441a92d61d39a18764fc49fdbe77c657ab9ed3f9aff31a58729b2b0,"{""d"":7.0,""p"":0.001,""r"":7.0}",
       384,         0,         0,   0.962,correlated_pymatching,d375ef9124ce40870f0834887e212a4b5fa1761556314559f013816e08158024,"{""d"":7.0,""p"":0.00046415888336127773,""r"":7.0}",
        24,         0,         0,   0.955,correlated_pymatching,a8310dbbc441a92d61d39a18764fc49fdbe77c657ab9ed3f9aff31a58729b2b0,"{""d"":7.0,""p"":0.001,""r"":7.0}",
       896,         0,         0,    2.28,correlated_pymatching,a8310dbbc441a92d61d39a18764fc49fdbe77c657ab9ed3f9aff31a58729b2b0,"{""d"":7.0,""p"":0.001,""r"":7.0}",
       896,         0,         0,    2.21,correlated_pymatching,d375ef9124ce40870f0834887e212a4b5fa1761556314559f013816e08158024,"{""d"":7.0,""p"":0.00046415888336127773,""r"":7.0}",
       512,         0,         0,    1.21,correlated_pymatching,8beb24caf2e2f0c22669330a865cd85a3a3aa7fb43a00ab09c8b2e94ef837b2a,"{""d"":7.0,""p"":0.0001,""r"":7.0}",
       176,         0,         0,    1.21,correlated_pymatching,d375ef9124ce40870f0834887e212a4b5fa1761556314559f013816e08158024,"{""d"":7.0,""p"":0.00046415888336127773,""r"":7.0}",
      1024,         0,         0,    1.22,correlated_pymatching,37f268fbfb1512405cedc6a9f187fe834ff0248dae64f05e468219cda62bb709,"{""d"":7.0,""p"":0.00021544346900318845,""r"":7.0}",
        32,         0,         0,    1.26,correlated_pymatching,a8310dbbc441a92d61d39a18764fc49fdbe77c657ab9ed3f9aff31a58729b2b0,"{""d"":7.0,""p"":0.001,""r"":7.0}",
        32,         0,         0,    1.28,correlated_pymatching,a8310dbbc441a92d61d39a18764fc49fdbe77c657ab9ed3f9aff31a58729b2b0,"{""d"":7.0,""p"":0.001,""r"":7.0}",
      1024,         0,         0,    1.32,correlated_pymatching,d375ef9124ce40870f0834887e212a4b5fa1761556314559f013816e08158024,"{""d"":7.0,""p"":0.00046415888336127773,""r"":7.0}",
      3584,         0,         0,    2.23,correlated_pymatching,8beb24caf2e2f0c22669330a865cd85a3a3aa7fb43a00ab09c8b2e94ef837b2a,"{""d"":7.0,""p"":0.0001,""r"":7.0}",
      2816,         0,         0,    2.19,correlated_pymatching,37f268fbfb1512405cedc6a9f187fe834ff0248dae64f05e468219cda62bb709,"{""d"":7.0,""p"":0.00021544346900318845,""r"":7.0}",
      3584,         0,         0,    2.26,correlated_pymatching,37f268fbfb1512405cedc6a9f187fe834ff0248dae64f05e468219cda62bb709,"{""d"":7.0,""p"":0.00021544346900318845,""r"":7.0}",
      7168,         0,         0,    2.38,correlated_pymatching,8beb24caf2e2f0c22669330a865cd85a3a3aa7fb43a00ab09c8b2e94ef837b2a,"{""d"":7.0,""p"":0.0001,""r"":7.0}",
       896,         0,         0,    1.57,correlated_pymatching,8beb24caf2e2f0c22669330a865cd85a3a3aa7fb43a00ab09c8b2e94ef837b2a,"{""d"":7.0,""p"":0.0001,""r"":7.0}",
      2560,         0,         0,    1.62,correlated_pymatching,37f268fbfb1512405cedc6a9f187fe834ff0248dae64f05e468219cda62bb709,"{""d"":7.0,""p"":0.00021544346900318845,""r"":7.0}",
      1280,         0,         0,    1.62,correlated_pymatching,d375ef9124ce40870f0834887e212a4b5fa1761556314559f013816e08158024,"{""d"":7.0,""p"":0.00046415888336127773,""r"":7.0}",
       384,         0,         0,    1.85,correlated_pymatching,d375ef9124ce40870f0834887e212a4b5fa1761556314559f013816e08158024,"{""d"":7.0,""p"":0.00046415888336127773,""r"":7.0}",
       112,         0,         0,    1.85,correlated_pymatching,a8310dbbc441a92d61d39a18764fc49fdbe77c657ab9ed3f9aff31a58729b2b0,"{""d"":7.0,""p"":0.001,""r"":7.0}",
        96,         0,         0,    1.85,correlated_pymatching,a8310dbbc441a92d61d39a18764fc49fdbe77c657ab9ed3f9aff31a58729b2b0,"{""d"":7.0,""p"":0.001,""r"":7.0}",
      1280,         0,         0,    3.15,correlated_pymatching,d375ef9124ce40870f0834887e212a4b5fa1761556314559f013816e08158024,"{""d"":7.0,""p"":0.00046415888336127773,""r"":7.0}",
      2560,         0,         0,    3.30,correlated_pymatching,d375ef9124ce40870f0834887e212a4b5fa1761556314559f013816e08158024,"{""d"":7.0,""p"":0.00046415888336127773,""r"":7.0}",
      1280,         0,         0,    3.30,correlated_pymatching,a8310dbbc441a92d61d39a18764fc49fdbe77c657ab9ed3f9aff31a58729b2b0,"{""d"":7.0,""p"":0.001,""r"":7.0}",
      5120,         0,         0,    3.33,correlated_pymatching,37f268fbfb1512405cedc6a9f187fe834ff0248dae64f05e468219cda62bb709,"{""d"":7.0,""p"":0.00021544346900318845,""r"":7.0}",
      1280,         0,         0,    3.33,correlated_pymatching,a8310dbbc441a92d61d39a18764fc49fdbe77c657ab9ed3f9aff31a58729b2b0,"{""d"":7.0,""p"":0.001,""r"":7.0}",
     69632,         0,         0,    23.2,correlated_pymatching,8beb24caf2e2f0c22669330a865cd85a3a3aa7fb43a00ab09c8b2e94ef837b2a,"{""d"":7.0,""p"":0.0001,""r"":7.0}",
      5120,         0,         0,    3.17,correlated_pymatching,8beb24caf2e2f0c22669330a865cd85a3a3aa7fb43a00ab09c8b2e94ef837b2a,"{""d"":7.0,""p"":0.0001,""r"":7.0}",
      2560,         0,         0,    2.20,correlated_pymatching,8beb24caf2e2f0c22669330a865cd85a3a3aa7fb43a00ab09c8b2e94ef837b2a,"{""d"":7.0,""p"":0.0001,""r"":7.0}",
     66560,         0,         0,    23.2,correlated_pymatching,37f268fbfb1512405cedc6a9f187fe834ff0248dae64f05e468219cda62bb709,"{""d"":7.0,""p"":0.00021544346900318845,""r"":7.0}",
      3584,         0,         0,    2.25,correlated_pymatching,37f268fbfb1512405cedc6a9f187fe834ff0248dae64f05e468219cda62bb709,"{""d"":7.0,""p"":0.00021544346900318845,""r"":7.0}",
     60416,         0,         0,    23.3,correlated_pymatching,d375ef9124ce40870f0834887e212a4b5fa1761556314559f013816e08158024,"{""d"":7.0,""p"":0.00046415888336127773,""r"":7.0}",
      5120,         0,         0,    3.30,correlated_pymatching,37f268fbfb1512405cedc6a9f187fe834ff0248dae64f05e468219cda62bb709,"{""d"":7.0,""p"":0.00021544346900318845,""r"":7.0}",
      5120,         0,         0,    3.21,correlated_pymatching,37f268fbfb1512405cedc6a9f187fe834ff0248dae64f05e468219cda62bb709,"{""d"":7.0,""p"":0.00021544346900318845,""r"":7.0}",
     51200,         8,         0,    23.4,correlated_pymatching,a8310dbbc441a92d61d39a18764fc49fdbe77c657ab9ed3f9aff31a58729b2b0,"{""d"":7.0,""p"":0.001,""r"":7.0}","{""obs_mistake_mask=E"":8}"
      1792,         0,         0,    2.28,correlated_pymatching,d375ef9124ce40870f0834887e212a4b5fa1761556314559f013816e08158024,"{""d"":7.0,""p"":0.00046415888336127773,""r"":7.0}",
     10240,         0,         0,    3.32,correlated_pymatching,8beb24caf2e2f0c22669330a865cd85a3a3aa7fb43a00ab09c8b2e94ef837b2a,"{""d"":7.0,""p"":0.0001,""r"":7.0}",
       640,         0,         0,    2.47,correlated_pymatching,d375ef9124ce40870f0834887e212a4b5fa1761556314559f013816e08158024,"{""d"":7.0,""p"":0.00046415888336127773,""r"":7.0}",
       256,         0,         0,    2.47,correlated_pymatching,a8310dbbc441a92d61d39a18764fc49fdbe77c657ab9ed3f9aff31a58729b2b0,"{""d"":7.0,""p"":0.001,""r"":7.0}",
       208,         0,         0,    2.46,correlated_pymatching,a8310dbbc441a92d61d39a18764fc49fdbe77c657ab9ed3f9aff31a58729b2b0,"{""d"":7.0,""p"":0.001,""r"":7.0}",
      6656,         0,         0,    4.27,correlated_pymatching,37f268fbfb1512405cedc6a9f187fe834ff0248dae64f05e468219cda62bb709,"{""d"":7.0,""p"":0.00021544346900318845,""r"":7.0}",
      1792,         0,         0,    4.36,correlated_pymatching,d375ef9124ce40870f0834887e212a4b5fa1761556314559f013816e08158024,"{""d"":7.0,""p"":0.00046415888336127773,""r"":7.0}",
      1792,         1,         0,    4.54,correlated_pymatching,a8310dbbc441a92d61d39a18764fc49fdbe77c657ab9ed3f9aff31a58729b2b0,"{""d"":7.0,""p"":0.001,""r"":7.0}","{""obs_mistake_mask=E"":1}"
      4352,         0,         0,    4.56,correlated_pymatching,d375ef9124ce40870f0834887e212a4b5fa1761556314559f013816e08158024,"{""d"":7.0,""p"":0.00046415888336127773,""r"":7.0}",
      1792,         0,         0,    4.55,correlated_pymatching,a8310dbbc441a92d61d39a18764fc49fdbe77c657ab9ed3f9aff31a58729b2b0,"{""d"":7.0,""p"":0.001,""r"":7.0}",
      5120,         0,         0,    3.17,correlated_pymatching,8beb24caf2e2f0c22669330a865cd85a3a3aa7fb43a00ab09c8b2e94ef837b2a,"{""d"":7.0,""p"":0.0001,""r"":7.0}",
     70656,         0,         0,    23.2,correlated_pymatching,8beb24caf2e2f0c22669330a865cd85a3a3aa7fb43a00ab09c8b2e94ef837b2a,"{""d"":7.0,""p"":0.0001,""r"":7.0}",
      5120,         0,         0,    3.23,correlated_pymatching,37f268fbfb1512405cedc6a9f187fe834ff0248dae64f05e468219cda62bb709,"{""d"":7.0,""p"":0.00021544346900318845,""r"":7.0}",
      2560,         0,         0,    3.23,correlated_pymatching,d375ef9124ce40870f0834887e212a4b5fa1761556314559f013816e08158024,"{""d"":7.0,""p"":0.00046415888336127773,""r"":7.0}",
      1792,         0,         0,    3.16,correlated_pymatching,d375ef9124ce40870f0834887e212a4b5fa1761556314559f013816e08158024,"{""d"":7.0,""p"":0.00046415888336127773,""r"":7.0}",
       640,         1,         0,    3.15,correlated_pymatching,a8310dbbc441a92d61d39a18764fc49fdbe77c657ab9ed3f9aff31a58729b2b0,"{""d"":7.0,""p"":0.001,""r"":7.0}","{""obs_mistake_mask=E"":1}"
       576,         0,         0,    3.13,correlated_pymatching,a8310dbbc441a92d61d39a18764fc49fdbe77c657ab9ed3f9aff31a58729b2b0,"{""d"":7.0,""p"":0.001,""r"":7.0}",
      7168,         0,         0,    4.43,correlated_pymatching,8beb24caf2e2f0c22669330a865cd85a3a3aa7fb43a00ab09c8b2e94ef837b2a,"{""d"":7.0,""p"":0.0001,""r"":7.0}",
      6656,         0,         0,    4.29,correlated_pymatching,37f268fbfb1512405cedc6a9f187fe834ff0248dae64f05e468219cda62bb709,"{""d"":7.0,""p"":0.00021544346900318845,""r"":7.0}",
     13312,         0,         0,    4.34,correlated_pymatching,8beb24caf2e2f0c22669330a865cd85a3a3aa7fb43a00ab09c8b2e94ef837b2a,"{""d"":7.0,""p"":0.0001,""r"":7.0}",
      7168,         0,         0,    4.55,correlated_pymatching,37f268fbfb1512405cedc6a9f187fe834ff0248dae64f05e468219cda62bb709,"{""d"":7.0,""p"":0.00021544346900318845,""r"":7.0}",
      7168,         0,         0,    4.50,correlated_pymatching,8beb24caf2e2f0c22669330a865cd85a3a3aa7fb43a00ab09c8b2e94ef837b2a,"{""d"":7.0,""p"":0.0001,""r"":7.0}",
      7168,         0,         0,    4.52,correlated_pymatching,37f268fbfb1512405cedc6a9f187fe834ff0248dae64f05e468219cda62bb709,"{""d"":7.0,""p"":0.00021544346900318845,""r"":7.0}",
      5632,         1,         0,    4.41,correlated_pymatching,d375ef9124ce40870f0834887e212a4b5fa1761556314559f013816e08158024,"{""d"":7.0,""p"":0.00046415888336127773,""r"":7.0}","{""obs_mistake_mask=E"":1}"
      3584,         0,         0,    4.53,correlated_pymatching,d375ef9124ce40870f0834887e212a4b5fa1761556314559f013816e08158024,"{""d"":7.0,""p"":0.00046415888336127773,""r"":7.0}",
       896,         0,         0,    4.46,correlated_pymatching,a8310dbbc441a92d61d39a18764fc49fdbe77c657ab9ed3f9aff31a58729b2b0,"{""d"":7.0,""p"":0.001,""r"":7.0}",
       896,         0,         0,    4.48,correlated_pymatching,a8310dbbc441a92d61d39a18764fc49fdbe77c657ab9ed3f9aff31a58729b2b0,"{""d"":7.0,""p"":0.001,""r"":7.0}",
     10240,         0,         0,    6.21,correlated_pymatching,37f268fbfb1512405cedc6a9f187fe834ff0248dae64f05e468219cda62bb709,"{""d"":7.0,""p"":0.00021544346900318845,""r"":7.0}",
      2560,         0,         0,    6.21,correlated_pymatching,d375ef9124ce40870f0834887e212a4b5fa1761556314559f013816e08158024,"{""d"":7.0,""p"":0.00046415888336127773,""r"":7.0}",
      2432,         1,         0,    6.17,correlated_pymatching,a8310dbbc441a92d61d39a18764fc49fdbe77c657ab9ed3f9aff31a58729b2b0,"{""d"":7.0,""p"":0.001,""r"":7.0}","{""obs_mistake_mask=E"":1}"
      3840,         0,         0,    6.03,correlated_pymatching,a8310dbbc441a92d61d39a18764fc49fdbe77c657ab9ed3f9aff31a58729b2b0,"{""d"":7.0,""p"":0.001,""r"":7.0}",
      9216,         0,         0,    6.23,correlated_pymatching,d375ef9124ce40870f0834887e212a4b5fa1761556314559f013816e08158024,"{""d"":7.0,""p"":0.00046415888336127773,""r"":7.0}",
     11264,         0,         0,    6.13,correlated_pymatching,8beb24caf2e2f0c22669330a865cd85a3a3aa7fb43a00ab09c8b2e94ef837b2a,"{""d"":7.0,""p"":0.0001,""r"":7.0}",
     12288,         0,         0,    6.08,correlated_pymatching,37f268fbfb1512405cedc6a9f187fe834ff0248dae64f05e468219cda62bb709,"{""d"":7.0,""p"":0.00021544346900318845,""r"":7.0}",
      9728,         0,         0,    6.10,correlated_pymatching,37f268fbfb1512405cedc6a9f187fe834ff0248dae64f05e468219cda62bb709,"{""d"":7.0,""p"":0.00021544346900318845,""r"":7.0}",
     19456,         0,         0,    6.27,correlated_pymatching,8beb24caf2e2f0c22669330a865cd85a3a3aa7fb43a00ab09c8b2e94ef837b2a,"{""d"":7.0,""p"":0.0001,""r"":7.0}",
      9728,         0,         0,    6.14,correlated_pymatching,8beb24caf2e2f0c22669330a865cd85a3a3aa7fb43a00ab09c8b2e94ef837b2a,"{""d"":7.0,""p"":0.0001,""r"":7.0}",
      9216,         0,         0,    6.02,correlated_pymatching,37f268fbfb1512405cedc6a9f187fe834ff0248dae64f05e468219cda62bb709,"{""d"":7.0,""p"":0.00021544346900318845,""r"":7.0}",
     15872,         0,         0,    6.31,correlated_pymatching,d375ef9124ce40870f0834887e212a4b5fa1761556314559f013816e08158024,"{""d"":7.0,""p"":0.00046415888336127773,""r"":7.0}",
      4608,         0,         0,    6.16,correlated_pymatching,d375ef9124ce40870f0834887e212a4b5fa1761556314559f013816e08158024,"{""d"":7.0,""p"":0.00046415888336127773,""r"":7.0}",
      1216,         0,         0,    6.32,correlated_pymatching,a8310dbbc441a92d61d39a18764fc49fdbe77c657ab9ed3f9aff31a58729b2b0,"{""d"":7.0,""p"":0.001,""r"":7.0}",
      1216,         1,         0,    6.34,correlated_pymatching,a8310dbbc441a92d61d39a18764fc49fdbe77c657ab9ed3f9aff31a58729b2b0,"{""d"":7.0,""p"":0.001,""r"":7.0}","{""obs_mistake_mask=E"":1}"
     23552,         0,         0,    8.37,correlated_pymatching,37f268fbfb1512405cedc6a9f187fe834ff0248dae64f05e468219cda62bb709,"{""d"":7.0,""p"":0.00021544346900318845,""r"":7.0}",
      7424,         0,         0,    8.51,correlated_pymatching,d375ef9124ce40870f0834887e212a4b5fa1761556314559f013816e08158024,"{""d"":7.0,""p"":0.00046415888336127773,""r"":7.0}",
      5888,         1,         0,    8.38,correlated_pymatching,a8310dbbc441a92d61d39a18764fc49fdbe77c657ab9ed3f9aff31a58729b2b0,"{""d"":7.0,""p"":0.001,""r"":7.0}","{""obs_mistake_mask=E"":1}"
      3200,         0,         0,    8.49,correlated_pymatching,a8310dbbc441a92d61d39a18764fc49fdbe77c657ab9ed3f9aff31a58729b2b0,"{""d"":7.0,""p"":0.001,""r"":7.0}",
     12288,         0,         0,    8.65,correlated_pymatching,d375ef9124ce40870f0834887e212a4b5fa1761556314559f013816e08158024,"{""d"":7.0,""p"":0.00046415888336127773,""r"":7.0}",
     23552,         0,         0,    8.38,correlated_pymatching,37f268fbfb1512405cedc6a9f187fe834ff0248dae64f05e468219cda62bb709,"{""d"":7.0,""p"":0.00021544346900318845,""r"":7.0}",
     24576,         0,         0,    8.51,correlated_pymatching,8beb24caf2e2f0c22669330a865cd85a3a3aa7fb43a00ab09c8b2e94ef837b2a,"{""d"":7.0,""p"":0.0001,""r"":7.0}",
     98304,         0,         0,    32.4,correlated_pymatching,8beb24caf2e2f0c22669330a865cd85a3a3aa7fb43a00ab09c8b2e94ef837b2a,"{""d"":7.0,""p"":0.0001,""r"":7.0}",
     93184,         0,         0,    32.1,correlated_pymatching,37f268fbfb1512405cedc6a9f187fe834ff0248dae64f05e468219cda62bb709,"{""d"":7.0,""p"":0.00021544346900318845,""r"":7.0}",
     86016,         1,         0,    32.5,correlated_pymatching,d375ef9124ce40870f0834887e212a4b5fa1761556314559f013816e08158024,"{""d"":7.0,""p"":0.00046415888336127773,""r"":7.0}","{""obs_mistake_mask=E"":1}"
     12800,         0,         0,    8.49,correlated_pymatching,37f268fbfb1512405cedc6a9f187fe834ff0248dae64f05e468219cda62bb709,"{""d"":7.0,""p"":0.00021544346900318845,""r"":7.0}",
     25600,         0,         0,    8.56,correlated_pymatching,8beb24caf2e2f0c22669330a865cd85a3a3aa7fb43a00ab09c8b2e94ef837b2a,"{""d"":7.0,""p"":0.0001,""r"":7.0}",
     70656,         9,         0,    32.2,correlated_pymatching,a8310dbbc441a92d61d39a18764fc49fdbe77c657ab9ed3f9aff31a58729b2b0,"{""d"":7.0,""p"":0.001,""r"":7.0}","{""obs_mistake_mask=E"":9}"
     91136,         0,         0,    32.4,correlated_pymatching,37f268fbfb1512405cedc6a9f187fe834ff0248dae64f05e468219cda62bb709,"{""d"":7.0,""p"":0.00021544346900318845,""r"":7.0}",
     96256,         0,         0,    32.4,correlated_pymatching,8beb24caf2e2f0c22669330a865cd85a3a3aa7fb43a00ab09c8b2e94ef837b2a,"{""d"":7.0,""p"":0.0001,""r"":7.0}",
     84992,         1,         0,    32.5,correlated_pymatching,d375ef9124ce40870f0834887e212a4b5fa1761556314559f013816e08158024,"{""d"":7.0,""p"":0.00046415888336127773,""r"":7.0}","{""obs_mistake_mask=E"":1}"
     69632,        11,         0,    32.5,correlated_pymatching,a8310dbbc441a92d61d39a18764fc49fdbe77c657ab9ed3f9aff31a58729b2b0,"{""d"":7.0,""p"":0.001,""r"":7.0}","{""obs_mistake_mask=E"":11}"
     98304,         0,         0,    32.3,correlated_pymatching,8beb24caf2e2f0c22669330a865cd85a3a3aa7fb43a00ab09c8b2e94ef837b2a,"{""d"":7.0,""p"":0.0001,""r"":7.0}",
     94208,         0,         0,    32.4,correlated_pymatching,37f268fbfb1512405cedc6a9f187fe834ff0248dae64f05e468219cda62bb709,"{""d"":7.0,""p"":0.00021544346900318845,""r"":7.0}",
     13312,         0,         0,    8.52,correlated_pymatching,8beb24caf2e2f0c22669330a865cd85a3a3aa7fb43a00ab09c8b2e94ef837b2a,"{""d"":7.0,""p"":0.0001,""r"":7.0}",
     13312,         0,         0,    8.47,correlated_pymatching,37f268fbfb1512405cedc6a9f187fe834ff0248dae64f05e468219cda62bb709,"{""d"":7.0,""p"":0.00021544346900318845,""r"":7.0}",
     22528,         1,         0,    8.58,correlated_pymatching,d375ef9124ce40870f0834887e212a4b5fa1761556314559f013816e08158024,"{""d"":7.0,""p"":0.00046415888336127773,""r"":7.0}","{""obs_mistake_mask=E"":1}"
     84992,         0,         0,    32.4,correlated_pymatching,d375ef9124ce40870f0834887e212a4b5fa1761556314559f013816e08158024,"{""d"":7.0,""p"":0.00046415888336127773,""r"":7.0}",
      6656,         0,         0,    8.47,correlated_pymatching,d375ef9124ce40870f0834887e212a4b5fa1761556314559f013816e08158024,"{""d"":7.0,""p"":0.00046415888336127773,""r"":7.0}",
     70656,        14,         0,    32.5,correlated_pymatching,a8310dbbc441a92d61d39a18764fc49fdbe77c657ab9ed3f9aff31a58729b2b0,"{""d"":7.0,""p"":0.001,""r"":7.0}","{""obs_mistake_mask=E"":14}"
      1728,         0,         0,    8.55,correlated_pymatching,a8310dbbc441a92d61d39a18764fc49fdbe77c657ab9ed3f9aff31a58729b2b0,"{""d"":7.0,""p"":0.001,""r"":7.0}",
      1920,         1,         0,    8.61,correlated_pymatching,a8310dbbc441a92d61d39a18764fc49fdbe77c657ab9ed3f9aff31a58729b2b0,"{""d"":7.0,""p"":0.001,""r"":7.0}","{""obs_mistake_mask=E"":1}"
     17408,         0,         0,    11.7,correlated_pymatching,d375ef9124ce40870f0834887e212a4b5fa1761556314559f013816e08158024,"{""d"":7.0,""p"":0.00046415888336127773,""r"":7.0}",
     34816,         0,         0,    12.0,correlated_pymatching,37f268fbfb1512405cedc6a9f187fe834ff0248dae64f05e468219cda62bb709,"{""d"":7.0,""p"":0.00021544346900318845,""r"":7.0}",
      9984,         0,         0,    11.9,correlated_pymatching,a8310dbbc441a92d61d39a18764fc49fdbe77c657ab9ed3f9aff31a58729b2b0,"{""d"":7.0,""p"":0.001,""r"":7.0}",
      4608,         1,         0,    11.8,correlated_pymatching,a8310dbbc441a92d61d39a18764fc49fdbe77c657ab9ed3f9aff31a58729b2b0,"{""d"":7.0,""p"":0.001,""r"":7.0}","{""obs_mistake_mask=E"":1}"
     17408,         0,         0,    12.0,correlated_pymatching,d375ef9124ce40870f0834887e212a4b5fa1761556314559f013816e08158024,"{""d"":7.0,""p"":0.00046415888336127773,""r"":7.0}",
     35840,         0,         0,    11.8,correlated_pymatching,8beb24caf2e2f0c22669330a865cd85a3a3aa7fb43a00ab09c8b2e94ef837b2a,"{""d"":7.0,""p"":0.0001,""r"":7.0}",
     34816,         0,         0,    12.1,correlated_pymatching,37f268fbfb1512405cedc6a9f187fe834ff0248dae64f05e468219cda62bb709,"{""d"":7.0,""p"":0.00021544346900318845,""r"":7.0}",
     18432,         0,         0,    11.9,correlated_pymatching,37f268fbfb1512405cedc6a9f187fe834ff0248dae64f05e468219cda62bb709,"{""d"":7.0,""p"":0.00021544346900318845,""r"":7.0}",
     35840,         0,         0,    11.8,correlated_pymatching,8beb24caf2e2f0c22669330a865cd85a3a3aa7fb43a00ab09c8b2e94ef837b2a,"{""d"":7.0,""p"":0.0001,""r"":7.0}",
     96256,         0,         0,    32.1,correlated_pymatching,8beb24caf2e2f0c22669330a865cd85a3a3aa7fb43a00ab09c8b2e94ef837b2a,"{""d"":7.0,""p"":0.0001,""r"":7.0}",
     91136,         0,         0,    32.3,correlated_pymatching,37f268fbfb1512405cedc6a9f187fe834ff0248dae64f05e468219cda62bb709,"{""d"":7.0,""p"":0.00021544346900318845,""r"":7.0}",
     83968,         1,         0,    32.2,correlated_pymatching,d375ef9124ce40870f0834887e212a4b5fa1761556314559f013816e08158024,"{""d"":7.0,""p"":0.00046415888336127773,""r"":7.0}","{""obs_mistake_mask=E"":1}"
     70656,        17,         0,    32.2,correlated_pymatching,a8310dbbc441a92d61d39a18764fc49fdbe77c657ab9ed3f9aff31a58729b2b0,"{""d"":7.0,""p"":0.001,""r"":7.0}","{""obs_mistake_mask=E"":17}"
     18432,         0,         0,    11.9,correlated_pymatching,8beb24caf2e2f0c22669330a865cd85a3a3aa7fb43a00ab09c8b2e94ef837b2a,"{""d"":7.0,""p"":0.0001,""r"":7.0}",
     18432,         0,         0,    11.9,correlated_pymatching,37f268fbfb1512405cedc6a9f187fe834ff0248dae64f05e468219cda62bb709,"{""d"":7.0,""p"":0.00021544346900318845,""r"":7.0}",
      9216,         0,         0,    11.8,correlated_pymatching,d375ef9124ce40870f0834887e212a4b5fa1761556314559f013816e08158024,"{""d"":7.0,""p"":0.00046415888336127773,""r"":7.0}",
     30720,         1,         0,    11.9,correlated_pymatching,d375ef9124ce40870f0834887e212a4b5fa1761556314559f013816e08158024,"{""d"":7.0,""p"":0.00046415888336127773,""r"":7.0}","{""obs_mistake_mask=E"":1}"
      4480,         2,         0,    11.7,correlated_pymatching,a8310dbbc441a92d61d39a18764fc49fdbe77c657ab9ed3f9aff31a58729b2b0,"{""d"":7.0,""p"":0.001,""r"":7.0}","{""obs_mistake_mask=E"":2}"
      2368,         0,         0,    11.9,correlated_pymatching,a8310dbbc441a92d61d39a18764fc49fdbe77c657ab9ed3f9aff31a58729b2b0,"{""d"":7.0,""p"":0.001,""r"":7.0}",
     96256,         0,         0,    32.5,correlated_pymatching,8beb24caf2e2f0c22669330a865cd85a3a3aa7fb43a00ab09c8b2e94ef837b2a,"{""d"":7.0,""p"":0.0001,""r"":7.0}",
     24576,         0,         0,    16.7,correlated_pymatching,d375ef9124ce40870f0834887e212a4b5fa1761556314559f013816e08158024,"{""d"":7.0,""p"":0.00046415888336127773,""r"":7.0}",
      7808,         0,         0,    16.5,correlated_pymatching,a8310dbbc441a92d61d39a18764fc49fdbe77c657ab9ed3f9aff31a58729b2b0,"{""d"":7.0,""p"":0.001,""r"":7.0}",
     47104,         0,         0,    16.7,correlated_pymatching,37f268fbfb1512405cedc6a9f187fe834ff0248dae64f05e468219cda62bb709,"{""d"":7.0,""p"":0.00021544346900318845,""r"":7.0}",
     21504,         4,         0,    16.6,correlated_pymatching,a8310dbbc441a92d61d39a18764fc49fdbe77c657ab9ed3f9aff31a58729b2b0,"{""d"":7.0,""p"":0.001,""r"":7.0}","{""obs_mistake_mask=E"":4}"
     24064,         1,         0,    16.7,correlated_pymatching,d375ef9124ce40870f0834887e212a4b5fa1761556314559f013816e08158024,"{""d"":7.0,""p"":0.00046415888336127773,""r"":7.0}","{""obs_mistake_mask=E"":1}"
     49152,         0,         0,    16.6,correlated_pymatching,8beb24caf2e2f0c22669330a865cd85a3a3aa7fb43a00ab09c8b2e94ef837b2a,"{""d"":7.0,""p"":0.0001,""r"":7.0}",
     47104,         0,         0,    16.7,correlated_pymatching,37f268fbfb1512405cedc6a9f187fe834ff0248dae64f05e468219cda62bb709,"{""d"":7.0,""p"":0.00021544346900318845,""r"":7.0}",
     25600,         0,         0,    16.5,correlated_pymatching,37f268fbfb1512405cedc6a9f187fe834ff0248dae64f05e468219cda62bb709,"{""d"":7.0,""p"":0.00021544346900318845,""r"":7.0}",
     50176,         0,         0,    16.7,correlated_pymatching,8beb24caf2e2f0c22669330a865cd85a3a3aa7fb43a00ab09c8b2e94ef837b2a,"{""d"":7.0,""p"":0.0001,""r"":7.0}",
     26112,         0,         0,    16.5,correlated_pymatching,8beb24caf2e2f0c22669330a865cd85a3a3aa7fb43a00ab09c8b2e94ef837b2a,"{""d"":7.0,""p"":0.0001,""r"":7.0}",
     25600,         0,         0,    16.5,correlated_pymatching,37f268fbfb1512405cedc6a9f187fe834ff0248dae64f05e468219cda62bb709,"{""d"":7.0,""p"":0.00021544346900318845,""r"":7.0}",
     12544,         0,         0,    16.5,correlated_pymatching,d375ef9124ce40870f0834887e212a4b5fa1761556314559f013816e08158024,"{""d"":7.0,""p"":0.00046415888336127773,""r"":7.0}",
     41984,         1,         0,    16.6,correlated_pymatching,d375ef9124ce40870f0834887e212a4b5fa1761556314559f013816e08158024,"{""d"":7.0,""p"":0.00046415888336127773,""r"":7.0}","{""obs_mistake_mask=E"":1}"
      6272,         2,         0,    16.5,correlated_pymatching,a8310dbbc441a92d61d39a18764fc49fdbe77c657ab9ed3f9aff31a58729b2b0,"{""d"":7.0,""p"":0.001,""r"":7.0}","{""obs_mistake_mask=E"":2}"
      3264,         1,         0,    16.6,correlated_pymatching,a8310dbbc441a92d61d39a18764fc49fdbe77c657ab9ed3f9aff31a58729b2b0,"{""d"":7.0,""p"":0.001,""r"":7.0}","{""obs_mistake_mask=E"":1}"
    130048,         0,         0,    45.0,correlated_pymatching,37f268fbfb1512405cedc6a9f187fe834ff0248dae64f05e468219cda62bb709,"{""d"":7.0,""p"":0.00021544346900318845,""r"":7.0}",
    135168,         0,         0,    45.2,correlated_pymatching,8beb24caf2e2f0c22669330a865cd85a3a3aa7fb43a00ab09c8b2e94ef837b2a,"{""d"":7.0,""p"":0.0001,""r"":7.0}",
    119808,         1,         0,    45.1,correlated_pymatching,d375ef9124ce40870f0834887e212a4b5fa1761556314559f013816e08158024,"{""d"":7.0,""p"":0.00046415888336127773,""r"":7.0}","{""obs_mistake_mask=E"":1}"
     98304,        11,         0,    45.2,correlated_pymatching,a8310dbbc441a92d61d39a18764fc49fdbe77c657ab9ed3f9aff31a58729b2b0,"{""d"":7.0,""p"":0.001,""r"":7.0}","{""obs_mistake_mask=E"":11}"
    124928,         0,         0,    45.0,correlated_pymatching,37f268fbfb1512405cedc6a9f187fe834ff0248dae64f05e468219cda62bb709,"{""d"":7.0,""p"":0.00021544346900318845,""r"":7.0}",
    114688,         0,         0,    45.0,correlated_pymatching,d375ef9124ce40870f0834887e212a4b5fa1761556314559f013816e08158024,"{""d"":7.0,""p"":0.00046415888336127773,""r"":7.0}",
    133120,         0,         0,    45.1,correlated_pymatching,8beb24caf2e2f0c22669330a865cd85a3a3aa7fb43a00ab09c8b2e94ef837b2a,"{""d"":7.0,""p"":0.0001,""r"":7.0}",
     95232,        16,         0,    45.1,correlated_pymatching,a8310dbbc441a92d61d39a18764fc49fdbe77c657ab9ed3f9aff31a58729b2b0,"{""d"":7.0,""p"":0.001,""r"":7.0}","{""obs_mistake_mask=E"":16}"
    134144,         0,         0,    45.0,correlated_pymatching,8beb24caf2e2f0c22669330a865cd85a3a3aa7fb43a00ab09c8b2e94ef837b2a,"{""d"":7.0,""p"":0.0001,""r"":7.0}",
    130048,         0,         0,    45.1,correlated_pymatching,37f268fbfb1512405cedc6a9f187fe834ff0248dae64f05e468219cda62bb709,"{""d"":7.0,""p"":0.00021544346900318845,""r"":7.0}",
     98304,         9,         0,    45.2,correlated_pymatching,a8310dbbc441a92d61d39a18764fc49fdbe77c657ab9ed3f9aff31a58729b2b0,"{""d"":7.0,""p"":0.001,""r"":7.0}","{""obs_mistake_mask=E"":9}"
    116736,         2,         0,    45.4,correlated_pymatching,d375ef9124ce40870f0834887e212a4b5fa1761556314559f013816e08158024,"{""d"":7.0,""p"":0.00046415888336127773,""r"":7.0}","{""obs_mistake_mask=E"":2}"
     65536,         0,         0,    23.1,correlated_pymatching,37f268fbfb1512405cedc6a9f187fe834ff0248dae64f05e468219cda62bb709,"{""d"":7.0,""p"":0.00021544346900318845,""r"":7.0}",
     51712,         2,         0,    23.1,correlated_pymatching,d375ef9124ce40870f0834887e212a4b5fa1761556314559f013816e08158024,"{""d"":7.0,""p"":0.00046415888336127773,""r"":7.0}","{""obs_mistake_mask=E"":2}"
     29696,         3,         0,    23.1,correlated_pymatching,a8310dbbc441a92d61d39a18764fc49fdbe77c657ab9ed3f9aff31a58729b2b0,"{""d"":7.0,""p"":0.001,""r"":7.0}","{""obs_mistake_mask=E"":3}"
     16640,         7,         0,    23.2,correlated_pymatching,a8310dbbc441a92d61d39a18764fc49fdbe77c657ab9ed3f9aff31a58729b2b0,"{""d"":7.0,""p"":0.001,""r"":7.0}","{""obs_mistake_mask=E"":7}"
     32768,         1,         0,    23.1,correlated_pymatching,d375ef9124ce40870f0834887e212a4b5fa1761556314559f013816e08158024,"{""d"":7.0,""p"":0.00046415888336127773,""r"":7.0}","{""obs_mistake_mask=E"":1}"
     68608,         0,         0,    23.2,correlated_pymatching,8beb24caf2e2f0c22669330a865cd85a3a3aa7fb43a00ab09c8b2e94ef837b2a,"{""d"":7.0,""p"":0.0001,""r"":7.0}",
     45056,         0,         0,    23.2,correlated_pymatching,37f268fbfb1512405cedc6a9f187fe834ff0248dae64f05e468219cda62bb709,"{""d"":7.0,""p"":0.00021544346900318845,""r"":7.0}",
     65536,         0,         0,    23.3,correlated_pymatching,37f268fbfb1512405cedc6a9f187fe834ff0248dae64f05e468219cda62bb709,"{""d"":7.0,""p"":0.00021544346900318845,""r"":7.0}",
     69632,         0,         0,    23.2,correlated_pymatching,8beb24caf2e2f0c22669330a865cd85a3a3aa7fb43a00ab09c8b2e94ef837b2a,"{""d"":7.0,""p"":0.0001,""r"":7.0}",
     66048,         0,         0,    23.0,correlated_pymatching,37f268fbfb1512405cedc6a9f187fe834ff0248dae64f05e468219cda62bb709,"{""d"":7.0,""p"":0.00021544346900318845,""r"":7.0}",
     49664,         0,         0,    23.1,correlated_pymatching,8beb24caf2e2f0c22669330a865cd85a3a3aa7fb43a00ab09c8b2e94ef837b2a,"{""d"":7.0,""p"":0.0001,""r"":7.0}",
     22272,         0,         0,    23.0,correlated_pymatching,d375ef9124ce40870f0834887e212a4b5fa1761556314559f013816e08158024,"{""d"":7.0,""p"":0.00046415888336127773,""r"":7.0}",
      8832,         1,         0,    23.0,correlated_pymatching,a8310dbbc441a92d61d39a18764fc49fdbe77c657ab9ed3f9aff31a58729b2b0,"{""d"":7.0,""p"":0.001,""r"":7.0}","{""obs_mistake_mask=E"":1}"
     59392,         0,         0,    23.2,correlated_pymatching,d375ef9124ce40870f0834887e212a4b5fa1761556314559f013816e08158024,"{""d"":7.0,""p"":0.00046415888336127773,""r"":7.0}",
     10560,         3,         0,    23.0,correlated_pymatching,a8310dbbc441a92d61d39a18764fc49fdbe77c657ab9ed3f9aff31a58729b2b0,"{""d"":7.0,""p"":0.001,""r"":7.0}","{""obs_mistake_mask=E"":3}"
    133120,         0,         0,    45.3,correlated_pymatching,8beb24caf2e2f0c22669330a865cd85a3a3aa7fb43a00ab09c8b2e94ef837b2a,"{""d"":7.0,""p"":0.0001,""r"":7.0}",
    125952,         0,         0,    45.1,correlated_pymatching,37f268fbfb1512405cedc6a9f187fe834ff0248dae64f05e468219cda62bb709,"{""d"":7.0,""p"":0.00021544346900318845,""r"":7.0}",
     99328,        21,         0,    45.1,correlated_pymatching,a8310dbbc441a92d61d39a18764fc49fdbe77c657ab9ed3f9aff31a58729b2b0,"{""d"":7.0,""p"":0.001,""r"":7.0}","{""obs_mistake_mask=E"":21}"
    115712,         0,         0,    45.4,correlated_pymatching,d375ef9124ce40870f0834887e212a4b5fa1761556314559f013816e08158024,"{""d"":7.0,""p"":0.00046415888336127773,""r"":7.0}",
    134144,         0,         0,    45.2,correlated_pymatching,8beb24caf2e2f0c22669330a865cd85a3a3aa7fb43a00ab09c8b2e94ef837b2a,"{""d"":7.0,""p"":0.0001,""r"":7.0}",
     20243,         0,         0,    6.83,correlated_pymatching,8beb24caf2e2f0c22669330a865cd85a3a3aa7fb43a00ab09c8b2e94ef837b2a,"{""d"":7.0,""p"":0.0001,""r"":7.0}",
     72808,         0,         0,    24.3,correlated_pymatching,8beb24caf2e2f0c22669330a865cd85a3a3aa7fb43a00ab09c8b2e94ef837b2a,"{""d"":7.0,""p"":0.0001,""r"":7.0}",
     68608,         0,         0,    23.1,correlated_pymatching,8beb24caf2e2f0c22669330a865cd85a3a3aa7fb43a00ab09c8b2e94ef837b2a,"{""d"":7.0,""p"":0.0001,""r"":7.0}",
     67584,         0,         0,    22.2,correlated_pymatching,8beb24caf2e2f0c22669330a865cd85a3a3aa7fb43a00ab09c8b2e94ef837b2a,"{""d"":7.0,""p"":0.0001,""r"":7.0}",
     63719,         0,         0,    22.0,correlated_pymatching,37f268fbfb1512405cedc6a9f187fe834ff0248dae64f05e468219cda62bb709,"{""d"":7.0,""p"":0.00021544346900318845,""r"":7.0}",
     63707,         0,         0,    21.3,correlated_pymatching,8beb24caf2e2f0c22669330a865cd85a3a3aa7fb43a00ab09c8b2e94ef837b2a,"{""d"":7.0,""p"":0.0001,""r"":7.0}",
     63488,         0,         0,    20.8,correlated_pymatching,8beb24caf2e2f0c22669330a865cd85a3a3aa7fb43a00ab09c8b2e94ef837b2a,"{""d"":7.0,""p"":0.0001,""r"":7.0}",
     55296,         0,         0,    18.3,correlated_pymatching,8beb24caf2e2f0c22669330a865cd85a3a3aa7fb43a00ab09c8b2e94ef837b2a,"{""d"":7.0,""p"":0.0001,""r"":7.0}",
       219,         0,         0,   0.302,correlated_pymatching,8beb24caf2e2f0c22669330a865cd85a3a3aa7fb43a00ab09c8b2e94ef837b2a,"{""d"":7.0,""p"":0.0001,""r"":7.0}",
     14325,         0,         0,    4.64,correlated_pymatching,8beb24caf2e2f0c22669330a865cd85a3a3aa7fb43a00ab09c8b2e94ef837b2a,"{""d"":7.0,""p"":0.0001,""r"":7.0}",
     38720,         0,         0,    12.7,correlated_pymatching,8beb24caf2e2f0c22669330a865cd85a3a3aa7fb43a00ab09c8b2e94ef837b2a,"{""d"":7.0,""p"":0.0001,""r"":7.0}",
     29696,         0,         0,    9.85,correlated_pymatching,8beb24caf2e2f0c22669330a865cd85a3a3aa7fb43a00ab09c8b2e94ef837b2a,"{""d"":7.0,""p"":0.0001,""r"":7.0}",
       348,         0,         0,   0.299,correlated_pymatching,8beb24caf2e2f0c22669330a865cd85a3a3aa7fb43a00ab09c8b2e94ef837b2a,"{""d"":7.0,""p"":0.0001,""r"":7.0}",
     17214,         0,         0,    5.69,correlated_pymatching,8beb24caf2e2f0c22669330a865cd85a3a3aa7fb43a00ab09c8b2e94ef837b2a,"{""d"":7.0,""p"":0.0001,""r"":7.0}",
     17214,         0,         0,    5.79,correlated_pymatching,8beb24caf2e2f0c22669330a865cd85a3a3aa7fb43a00ab09c8b2e94ef837b2a,"{""d"":7.0,""p"":0.0001,""r"":7.0}",
      9155,         0,         0,    3.02,correlated_pymatching,8beb24caf2e2f0c22669330a865cd85a3a3aa7fb43a00ab09c8b2e94ef837b2a,"{""d"":7.0,""p"":0.0001,""r"":7.0}",
      8192,         0,         0,    2.65,correlated_pymatching,8beb24caf2e2f0c22669330a865cd85a3a3aa7fb43a00ab09c8b2e94ef837b2a,"{""d"":7.0,""p"":0.0001,""r"":7.0}",
      9155,         0,         0,    3.02,correlated_pymatching,8beb24caf2e2f0c22669330a865cd85a3a3aa7fb43a00ab09c8b2e94ef837b2a,"{""d"":7.0,""p"":0.0001,""r"":7.0}",
       963,         0,         0,   0.317,correlated_pymatching,8beb24caf2e2f0c22669330a865cd85a3a3aa7fb43a00ab09c8b2e94ef837b2a,"{""d"":7.0,""p"":0.0001,""r"":7.0}",
      5842,         0,         0,    2.02,correlated_pymatching,8beb24caf2e2f0c22669330a865cd85a3a3aa7fb43a00ab09c8b2e94ef837b2a,"{""d"":7.0,""p"":0.0001,""r"":7.0}",
      5842,         0,         0,    2.00,correlated_pymatching,8beb24caf2e2f0c22669330a865cd85a3a3aa7fb43a00ab09c8b2e94ef837b2a,"{""d"":7.0,""p"":0.0001,""r"":7.0}",
      5842,         0,         0,    2.01,correlated_pymatching,8beb24caf2e2f0c22669330a865cd85a3a3aa7fb43a00ab09c8b2e94ef837b2a,"{""d"":7.0,""p"":0.0001,""r"":7.0}",
      5120,         0,         0,    1.65,correlated_pymatching,8beb24caf2e2f0c22669330a865cd85a3a3aa7fb43a00ab09c8b2e94ef837b2a,"{""d"":7.0,""p"":0.0001,""r"":7.0}",
       196,         0,         0,   0.294,correlated_pymatching,8beb24caf2e2f0c22669330a865cd85a3a3aa7fb43a00ab09c8b2e94ef837b2a,"{""d"":7.0,""p"":0.0001,""r"":7.0}",
      3072,         0,         0,    1.00,correlated_pymatching,8beb24caf2e2f0c22669330a865cd85a3a3aa7fb43a00ab09c8b2e94ef837b2a,"{""d"":7.0,""p"":0.0001,""r"":7.0}",
      2891,         0,         0,   0.983,correlated_pymatching,8beb24caf2e2f0c22669330a865cd85a3a3aa7fb43a00ab09c8b2e94ef837b2a,"{""d"":7.0,""p"":0.0001,""r"":7.0}",
       547,         0,         0,   0.319,correlated_pymatching,8beb24caf2e2f0c22669330a865cd85a3a3aa7fb43a00ab09c8b2e94ef837b2a,"{""d"":7.0,""p"":0.0001,""r"":7.0}",
      4992,         0,         0,    1.70,correlated_pymatching,8beb24caf2e2f0c22669330a865cd85a3a3aa7fb43a00ab09c8b2e94ef837b2a,"{""d"":7.0,""p"":0.0001,""r"":7.0}",
      4096,         0,         0,    1.35,correlated_pymatching,8beb24caf2e2f0c22669330a865cd85a3a3aa7fb43a00ab09c8b2e94ef837b2a,"{""d"":7.0,""p"":0.0001,""r"":7.0}",
       196,         0,         0,   0.312,correlated_pymatching,8beb24caf2e2f0c22669330a865cd85a3a3aa7fb43a00ab09c8b2e94ef837b2a,"{""d"":7.0,""p"":0.0001,""r"":7.0}",
      1024,         0,         0,   0.329,correlated_pymatching,8beb24caf2e2f0c22669330a865cd85a3a3aa7fb43a00ab09c8b2e94ef837b2a,"{""d"":7.0,""p"":0.0001,""r"":7.0}",
       165,         0,         0,   0.301,correlated_pymatching,8beb24caf2e2f0c22669330a865cd85a3a3aa7fb43a00ab09c8b2e94ef837b2a,"{""d"":7.0,""p"":0.0001,""r"":7.0}",
       770,         0,         0,   0.321,correlated_pymatching,8beb24caf2e2f0c22669330a865cd85a3a3aa7fb43a00ab09c8b2e94ef837b2a,"{""d"":7.0,""p"":0.0001,""r"":7.0}",
      2048,         0,         0,   0.691,correlated_pymatching,8beb24caf2e2f0c22669330a865cd85a3a3aa7fb43a00ab09c8b2e94ef837b2a,"{""d"":7.0,""p"":0.0001,""r"":7.0}",
      2121,         0,         0,   0.961,correlated_pymatching,8beb24caf2e2f0c22669330a865cd85a3a3aa7fb43a00ab09c8b2e94ef837b2a,"{""d"":7.0,""p"":0.0001,""r"":7.0}",
       770,         0,         0,   0.313,correlated_pymatching,8beb24caf2e2f0c22669330a865cd85a3a3aa7fb43a00ab09c8b2e94ef837b2a,"{""d"":7.0,""p"":0.0001,""r"":7.0}",
       165,         0,         0,   0.297,correlated_pymatching,8beb24caf2e2f0c22669330a865cd85a3a3aa7fb43a00ab09c8b2e94ef837b2a,"{""d"":7.0,""p"":0.0001,""r"":7.0}",
        73,         0,         0,   0.299,correlated_pymatching,8beb24caf2e2f0c22669330a865cd85a3a3aa7fb43a00ab09c8b2e94ef837b2a,"{""d"":7.0,""p"":0.0001,""r"":7.0}",
         1,         0,         0,   0.327,correlated_pymatching,37f268fbfb1512405cedc6a9f187fe834ff0248dae64f05e468219cda62bb709,"{""d"":7.0,""p"":0.00021544346900318845,""r"":7.0}",
         1,         0,         0,   0.315,correlated_pymatching,37f268fbfb1512405cedc6a9f187fe834ff0248dae64f05e468219cda62bb709,"{""d"":7.0,""p"":0.00021544346900318845,""r"":7.0}",
         1,         0,         0,   0.319,correlated_pymatching,d375ef9124ce40870f0834887e212a4b5fa1761556314559f013816e08158024,"{""d"":7.0,""p"":0.00046415888336127773,""r"":7.0}",
         1,         0,         0,   0.327,correlated_pymatching,a8310dbbc441a92d61d39a18764fc49fdbe77c657ab9ed3f9aff31a58729b2b0,"{""d"":7.0,""p"":0.001,""r"":7.0}",
         1,         0,         0,   0.335,correlated_pymatching,d375ef9124ce40870f0834887e212a4b5fa1761556314559f013816e08158024,"{""d"":7.0,""p"":0.00046415888336127773,""r"":7.0}",
         1,         0,         0,   0.308,correlated_pymatching,37f268fbfb1512405cedc6a9f187fe834ff0248dae64f05e468219cda62bb709,"{""d"":7.0,""p"":0.00021544346900318845,""r"":7.0}",
         1,         0,         0,   0.321,correlated_pymatching,a8310dbbc441a92d61d39a18764fc49fdbe77c657ab9ed3f9aff31a58729b2b0,"{""d"":7.0,""p"":0.001,""r"":7.0}",
         1,         0,         0,   0.338,correlated_pymatching,d375ef9124ce40870f0834887e212a4b5fa1761556314559f013816e08158024,"{""d"":7.0,""p"":0.00046415888336127773,""r"":7.0}",
     97704,         1,         0,    33.6,correlated_pymatching,37f268fbfb1512405cedc6a9f187fe834ff0248dae64f05e468219cda62bb709,"{""d"":7.0,""p"":0.00021544346900318845,""r"":7.0}","{""obs_mistake_mask=E"":1}"
     93184,         0,         0,    32.9,correlated_pymatching,37f268fbfb1512405cedc6a9f187fe834ff0248dae64f05e468219cda62bb709,"{""d"":7.0,""p"":0.00021544346900318845,""r"":7.0}",
         1,         0,         0,   0.291,correlated_pymatching,d375ef9124ce40870f0834887e212a4b5fa1761556314559f013816e08158024,"{""d"":7.0,""p"":0.00046415888336127773,""r"":7.0}",
         1,         0,         0,   0.296,correlated_pymatching,d375ef9124ce40870f0834887e212a4b5fa1761556314559f013816e08158024,"{""d"":7.0,""p"":0.00046415888336127773,""r"":7.0}",
         1,         0,         0,   0.307,correlated_pymatching,37f268fbfb1512405cedc6a9f187fe834ff0248dae64f05e468219cda62bb709,"{""d"":7.0,""p"":0.00021544346900318845,""r"":7.0}",
         1,         0,         0,   0.304,correlated_pymatching,37f268fbfb1512405cedc6a9f187fe834ff0248dae64f05e468219cda62bb709,"{""d"":7.0,""p"":0.00021544346900318845,""r"":7.0}",
         1,         0,         0,   0.296,correlated_pymatching,a8310dbbc441a92d61d39a18764fc49fdbe77c657ab9ed3f9aff31a58729b2b0,"{""d"":7.0,""p"":0.001,""r"":7.0}",
         1,         0,         0,   0.302,correlated_pymatching,37f268fbfb1512405cedc6a9f187fe834ff0248dae64f05e468219cda62bb709,"{""d"":7.0,""p"":0.00021544346900318845,""r"":7.0}",
         1,         0,         0,   0.300,correlated_pymatching,a8310dbbc441a92d61d39a18764fc49fdbe77c657ab9ed3f9aff31a58729b2b0,"{""d"":7.0,""p"":0.001,""r"":7.0}",
         1,         0,         0,   0.300,correlated_pymatching,d375ef9124ce40870f0834887e212a4b5fa1761556314559f013816e08158024,"{""d"":7.0,""p"":0.00046415888336127773,""r"":7.0}",
         1,         0,         0,   0.285,correlated_pymatching,37f268fbfb1512405cedc6a9f187fe834ff0248dae64f05e468219cda62bb709,"{""d"":7.0,""p"":0.00021544346900318845,""r"":7.0}",
         2,         0,         0,   0.299,correlated_pymatching,d375ef9124ce40870f0834887e212a4b5fa1761556314559f013816e08158024,"{""d"":7.0,""p"":0.00046415888336127773,""r"":7.0}",
         1,         0,         0,   0.296,correlated_pymatching,37f268fbfb1512405cedc6a9f187fe834ff0248dae64f05e468219cda62bb709,"{""d"":7.0,""p"":0.00021544346900318845,""r"":7.0}",
         2,         0,         0,   0.308,correlated_pymatching,d375ef9124ce40870f0834887e212a4b5fa1761556314559f013816e08158024,"{""d"":7.0,""p"":0.00046415888336127773,""r"":7.0}",
         1,         0,         0,   0.304,correlated_pymatching,37f268fbfb1512405cedc6a9f187fe834ff0248dae64f05e468219cda62bb709,"{""d"":7.0,""p"":0.00021544346900318845,""r"":7.0}",
         2,         0,         0,   0.314,correlated_pymatching,a8310dbbc441a92d61d39a18764fc49fdbe77c657ab9ed3f9aff31a58729b2b0,"{""d"":7.0,""p"":0.001,""r"":7.0}",
         2,         0,         0,   0.312,correlated_pymatching,a8310dbbc441a92d61d39a18764fc49fdbe77c657ab9ed3f9aff31a58729b2b0,"{""d"":7.0,""p"":0.001,""r"":7.0}",
         2,         0,         0,   0.312,correlated_pymatching,d375ef9124ce40870f0834887e212a4b5fa1761556314559f013816e08158024,"{""d"":7.0,""p"":0.00046415888336127773,""r"":7.0}",
         4,         0,         0,   0.296,correlated_pymatching,d375ef9124ce40870f0834887e212a4b5fa1761556314559f013816e08158024,"{""d"":7.0,""p"":0.00046415888336127773,""r"":7.0}",
         2,         0,         0,   0.311,correlated_pymatching,37f268fbfb1512405cedc6a9f187fe834ff0248dae64f05e468219cda62bb709,"{""d"":7.0,""p"":0.00021544346900318845,""r"":7.0}",
         2,         0,         0,   0.296,correlated_pymatching,37f268fbfb1512405cedc6a9f187fe834ff0248dae64f05e468219cda62bb709,"{""d"":7.0,""p"":0.00021544346900318845,""r"":7.0}",
         2,         0,         0,   0.288,correlated_pymatching,a8310dbbc441a92d61d39a18764fc49fdbe77c657ab9ed3f9aff31a58729b2b0,"{""d"":7.0,""p"":0.001,""r"":7.0}",
         2,         0,         0,   0.308,correlated_pymatching,d375ef9124ce40870f0834887e212a4b5fa1761556314559f013816e08158024,"{""d"":7.0,""p"":0.00046415888336127773,""r"":7.0}",
         1,         0,         0,   0.312,correlated_pymatching,37f268fbfb1512405cedc6a9f187fe834ff0248dae64f05e468219cda62bb709,"{""d"":7.0,""p"":0.00021544346900318845,""r"":7.0}",
         2,         0,         0,   0.302,correlated_pymatching,a8310dbbc441a92d61d39a18764fc49fdbe77c657ab9ed3f9aff31a58729b2b0,"{""d"":7.0,""p"":0.001,""r"":7.0}",
         2,         0,         0,   0.308,correlated_pymatching,d375ef9124ce40870f0834887e212a4b5fa1761556314559f013816e08158024,"{""d"":7.0,""p"":0.00046415888336127773,""r"":7.0}",
         2,         0,         0,   0.300,correlated_pymatching,37f268fbfb1512405cedc6a9f187fe834ff0248dae64f05e468219cda62bb709,"{""d"":7.0,""p"":0.00021544346900318845,""r"":7.0}",
         8,         0,         0,   0.304,correlated_pymatching,d375ef9124ce40870f0834887e212a4b5fa1761556314559f013816e08158024,"{""d"":7.0,""p"":0.00046415888336127773,""r"":7.0}",
         4,         0,         0,   0.308,correlated_pymatching,37f268fbfb1512405cedc6a9f187fe834ff0248dae64f05e468219cda62bb709,"{""d"":7.0,""p"":0.00021544346900318845,""r"":7.0}",
         2,         0,         0,   0.300,correlated_pymatching,d375ef9124ce40870f0834887e212a4b5fa1761556314559f013816e08158024,"{""d"":7.0,""p"":0.00046415888336127773,""r"":7.0}",
         1,         0,         0,   0.303,correlated_pymatching,37f268fbfb1512405cedc6a9f187fe834ff0248dae64f05e468219cda62bb709,"{""d"":7.0,""p"":0.00021544346900318845,""r"":7.0}",
         4,         0,         0,   0.312,correlated_pymatching,a8310dbbc441a92d61d39a18764fc49fdbe77c657ab9ed3f9aff31a58729b2b0,"{""d"":7.0,""p"":0.001,""r"":7.0}",
         2,         0,         0,   0.308,correlated_pymatching,a8310dbbc441a92d61d39a18764fc49fdbe77c657ab9ed3f9aff31a58729b2b0,"{""d"":7.0,""p"":0.001,""r"":7.0}",
         2,         0,         0,   0.298,correlated_pymatching,d375ef9124ce40870f0834887e212a4b5fa1761556314559f013816e08158024,"{""d"":7.0,""p"":0.00046415888336127773,""r"":7.0}",
         8,         0,         0,   0.296,correlated_pymatching,d375ef9124ce40870f0834887e212a4b5fa1761556314559f013816e08158024,"{""d"":7.0,""p"":0.00046415888336127773,""r"":7.0}",
         4,         0,         0,   0.300,correlated_pymatching,37f268fbfb1512405cedc6a9f187fe834ff0248dae64f05e468219cda62bb709,"{""d"":7.0,""p"":0.00021544346900318845,""r"":7.0}",
         4,         0,         0,   0.296,correlated_pymatching,37f268fbfb1512405cedc6a9f187fe834ff0248dae64f05e468219cda62bb709,"{""d"":7.0,""p"":0.00021544346900318845,""r"":7.0}",
         4,         0,         0,   0.292,correlated_pymatching,d375ef9124ce40870f0834887e212a4b5fa1761556314559f013816e08158024,"{""d"":7.0,""p"":0.00046415888336127773,""r"":7.0}",
         1,         0,         0,   0.299,correlated_pymatching,37f268fbfb1512405cedc6a9f187fe834ff0248dae64f05e468219cda62bb709,"{""d"":7.0,""p"":0.00021544346900318845,""r"":7.0}",
         2,         0,         0,   0.300,correlated_pymatching,a8310dbbc441a92d61d39a18764fc49fdbe77c657ab9ed3f9aff31a58729b2b0,"{""d"":7.0,""p"":0.001,""r"":7.0}",
         4,         0,         0,   0.312,correlated_pymatching,a8310dbbc441a92d61d39a18764fc49fdbe77c657ab9ed3f9aff31a58729b2b0,"{""d"":7.0,""p"":0.001,""r"":7.0}",
         4,         0,         0,   0.314,correlated_pymatching,d375ef9124ce40870f0834887e212a4b5fa1761556314559f013816e08158024,"{""d"":7.0,""p"":0.00046415888336127773,""r"":7.0}",
        16,         0,         0,   0.288,correlated_pymatching,d375ef9124ce40870f0834887e212a4b5fa1761556314559f013816e08158024,"{""d"":7.0,""p"":0.00046415888336127773,""r"":7.0}",
         8,         0,         0,   0.304,correlated_pymatching,37f268fbfb1512405cedc6a9f187fe834ff0248dae64f05e468219cda62bb709,"{""d"":7.0,""p"":0.00021544346900318845,""r"":7.0}",
         8,         0,         0,   0.300,correlated_pymatching,37f268fbfb1512405cedc6a9f187fe834ff0248dae64f05e468219cda62bb709,"{""d"":7.0,""p"":0.00021544346900318845,""r"":7.0}",
         8,         0,         0,   0.312,correlated_pymatching,d375ef9124ce40870f0834887e212a4b5fa1761556314559f013816e08158024,"{""d"":7.0,""p"":0.00046415888336127773,""r"":7.0}",
         2,         0,         0,   0.314,correlated_pymatching,37f268fbfb1512405cedc6a9f187fe834ff0248dae64f05e468219cda62bb709,"{""d"":7.0,""p"":0.00021544346900318845,""r"":7.0}",
         4,         0,         0,   0.308,correlated_pymatching,a8310dbbc441a92d61d39a18764fc49fdbe77c657ab9ed3f9aff31a58729b2b0,"{""d"":7.0,""p"":0.001,""r"":7.0}",
         4,         0,         0,   0.304,correlated_pymatching,a8310dbbc441a92d61d39a18764fc49fdbe77c657ab9ed3f9aff31a58729b2b0,"{""d"":7.0,""p"":0.001,""r"":7.0}",
         4,         0,         0,   0.308,correlated_pymatching,d375ef9124ce40870f0834887e212a4b5fa1761556314559f013816e08158024,"{""d"":7.0,""p"":0.00046415888336127773,""r"":7.0}",
        32,         0,         0,   0.304,correlated_pymatching,d375ef9124ce40870f0834887e212a4b5fa1761556314559f013816e08158024,"{""d"":7.0,""p"":0.00046415888336127773,""r"":7.0}",
         8,         0,         0,   0.288,correlated_pymatching,37f268fbfb1512405cedc6a9f187fe834ff0248dae64f05e468219cda62bb709,"{""d"":7.0,""p"":0.00021544346900318845,""r"":7.0}",
        16,         0,         0,   0.304,correlated_pymatching,37f268fbfb1512405cedc6a9f187fe834ff0248dae64f05e468219cda62bb709,"{""d"":7.0,""p"":0.00021544346900318845,""r"":7.0}",
         8,         0,         0,   0.304,correlated_pymatching,d375ef9124ce40870f0834887e212a4b5fa1761556314559f013816e08158024,"{""d"":7.0,""p"":0.00046415888336127773,""r"":7.0}",
         2,         0,         0,   0.303,correlated_pymatching,37f268fbfb1512405cedc6a9f187fe834ff0248dae64f05e468219cda62bb709,"{""d"":7.0,""p"":0.00021544346900318845,""r"":7.0}",
         4,         0,         0,   0.307,correlated_pymatching,a8310dbbc441a92d61d39a18764fc49fdbe77c657ab9ed3f9aff31a58729b2b0,"{""d"":7.0,""p"":0.001,""r"":7.0}",
         4,         0,         0,   0.308,correlated_pymatching,a8310dbbc441a92d61d39a18764fc49fdbe77c657ab9ed3f9aff31a58729b2b0,"{""d"":7.0,""p"":0.001,""r"":7.0}",
         4,         0,         0,   0.308,correlated_pymatching,d375ef9124ce40870f0834887e212a4b5fa1761556314559f013816e08158024,"{""d"":7.0,""p"":0.00046415888336127773,""r"":7.0}",
     88821,         0,         0,    31.0,correlated_pymatching,37f268fbfb1512405cedc6a9f187fe834ff0248dae64f05e468219cda62bb709,"{""d"":7.0,""p"":0.00021544346900318845,""r"":7.0}",
     76800,         0,         0,    26.1,correlated_pymatching,37f268fbfb1512405cedc6a9f187fe834ff0248dae64f05e468219cda62bb709,"{""d"":7.0,""p"":0.00021544346900318845,""r"":7.0}",
     84992,         0,         0,    29.0,correlated_pymatching,37f268fbfb1512405cedc6a9f187fe834ff0248dae64f05e468219cda62bb709,"{""d"":7.0,""p"":0.00021544346900318845,""r"":7.0}",
        32,         0,         0,   0.296,correlated_pymatching,d375ef9124ce40870f0834887e212a4b5fa1761556314559f013816e08158024,"{""d"":7.0,""p"":0.00046415888336127773,""r"":7.0}",
        16,         0,         0,   0.316,correlated_pymatching,37f268fbfb1512405cedc6a9f187fe834ff0248dae64f05e468219cda62bb709,"{""d"":7.0,""p"":0.00021544346900318845,""r"":7.0}",
        16,         0,         0,   0.304,correlated_pymatching,37f268fbfb1512405cedc6a9f187fe834ff0248dae64f05e468219cda62bb709,"{""d"":7.0,""p"":0.00021544346900318845,""r"":7.0}",
         8,         0,         0,   0.304,correlated_pymatching,d375ef9124ce40870f0834887e212a4b5fa1761556314559f013816e08158024,"{""d"":7.0,""p"":0.00046415888336127773,""r"":7.0}",
         4,         0,         0,   0.304,correlated_pymatching,a8310dbbc441a92d61d39a18764fc49fdbe77c657ab9ed3f9aff31a58729b2b0,"{""d"":7.0,""p"":0.001,""r"":7.0}",
         4,         0,         0,   0.304,correlated_pymatching,a8310dbbc441a92d61d39a18764fc49fdbe77c657ab9ed3f9aff31a58729b2b0,"{""d"":7.0,""p"":0.001,""r"":7.0}",
         2,         0,         0,   0.312,correlated_pymatching,37f268fbfb1512405cedc6a9f187fe834ff0248dae64f05e468219cda62bb709,"{""d"":7.0,""p"":0.00021544346900318845,""r"":7.0}",
         4,         0,         0,   0.308,correlated_pymatching,d375ef9124ce40870f0834887e212a4b5fa1761556314559f013816e08158024,"{""d"":7.0,""p"":0.00046415888336127773,""r"":7.0}",
     83968,         0,         0,    29.2,correlated_pymatching,37f268fbfb1512405cedc6a9f187fe834ff0248dae64f05e468219cda62bb709,"{""d"":7.0,""p"":0.00021544346900318845,""r"":7.0}",
        64,         0,         0,   0.304,correlated_pymatching,d375ef9124ce40870f0834887e212a4b5fa1761556314559f013816e08158024,"{""d"":7.0,""p"":0.00046415888336127773,""r"":7.0}",
        16,         0,         0,   0.292,correlated_pymatching,37f268fbfb1512405cedc6a9f187fe834ff0248dae64f05e468219cda62bb709,"{""d"":7.0,""p"":0.00021544346900318845,""r"":7.0}",
        16,         0,         0,   0.300,correlated_pymatching,37f268fbfb1512405cedc6a9f187fe834ff0248dae64f05e468219cda62bb709,"{""d"":7.0,""p"":0.00021544346900318845,""r"":7.0}",
         8,         0,         0,   0.308,correlated_pymatching,d375ef9124ce40870f0834887e212a4b5fa1761556314559f013816e08158024,"{""d"":7.0,""p"":0.00046415888336127773,""r"":7.0}",
         4,         0,         0,   0.300,correlated_pymatching,a8310dbbc441a92d61d39a18764fc49fdbe77c657ab9ed3f9aff31a58729b2b0,"{""d"":7.0,""p"":0.001,""r"":7.0}",
         2,         0,         0,   0.308,correlated_pymatching,37f268fbfb1512405cedc6a9f187fe834ff0248dae64f05e468219cda62bb709,"{""d"":7.0,""p"":0.00021544346900318845,""r"":7.0}",
         4,         0,         0,   0.316,correlated_pymatching,a8310dbbc441a92d61d39a18764fc49fdbe77c657ab9ed3f9aff31a58729b2b0,"{""d"":7.0,""p"":0.001,""r"":7.0}",
         4,         0,         0,   0.308,correlated_pymatching,d375ef9124ce40870f0834887e212a4b5fa1761556314559f013816e08158024,"{""d"":7.0,""p"":0.00046415888336127773,""r"":7.0}",
        64,         0,         0,   0.308,correlated_pymatching,d375ef9124ce40870f0834887e212a4b5fa1761556314559f013816e08158024,"{""d"":7.0,""p"":0.00046415888336127773,""r"":7.0}",
        32,         0,         0,   0.308,correlated_pymatching,37f268fbfb1512405cedc6a9f187fe834ff0248dae64f05e468219cda62bb709,"{""d"":7.0,""p"":0.00021544346900318845,""r"":7.0}",
        32,         0,         0,   0.340,correlated_pymatching,37f268fbfb1512405cedc6a9f187fe834ff0248dae64f05e468219cda62bb709,"{""d"":7.0,""p"":0.00021544346900318845,""r"":7.0}",
         8,         0,         0,   0.308,correlated_pymatching,a8310dbbc441a92d61d39a18764fc49fdbe77c657ab9ed3f9aff31a58729b2b0,"{""d"":7.0,""p"":0.001,""r"":7.0}",
         2,         0,         0,   0.308,correlated_pymatching,37f268fbfb1512405cedc6a9f187fe834ff0248dae64f05e468219cda62bb709,"{""d"":7.0,""p"":0.00021544346900318845,""r"":7.0}",
         4,         0,         0,   0.304,correlated_pymatching,a8310dbbc441a92d61d39a18764fc49fdbe77c657ab9ed3f9aff31a58729b2b0,"{""d"":7.0,""p"":0.001,""r"":7.0}",
         8,         0,         0,   0.344,correlated_pymatching,d375ef9124ce40870f0834887e212a4b5fa1761556314559f013816e08158024,"{""d"":7.0,""p"":0.00046415888336127773,""r"":7.0}",
         4,         0,         0,   0.316,correlated_pymatching,d375ef9124ce40870f0834887e212a4b5fa1761556314559f013816e08158024,"{""d"":7.0,""p"":0.00046415888336127773,""r"":7.0}",
       192,         0,         0,   0.612,correlated_pymatching,d375ef9124ce40870f0834887e212a4b5fa1761556314559f013816e08158024,"{""d"":7.0,""p"":0.00046415888336127773,""r"":7.0}",
        64,         0,         0,   0.597,correlated_pymatching,37f268fbfb1512405cedc6a9f187fe834ff0248dae64f05e468219cda62bb709,"{""d"":7.0,""p"":0.00021544346900318845,""r"":7.0}",
        96,         0,         0,   0.572,correlated_pymatching,37f268fbfb1512405cedc6a9f187fe834ff0248dae64f05e468219cda62bb709,"{""d"":7.0,""p"":0.00021544346900318845,""r"":7.0}",
         4,         0,         0,   0.604,correlated_pymatching,37f268fbfb1512405cedc6a9f187fe834ff0248dae64f05e468219cda62bb709,"{""d"":7.0,""p"":0.00021544346900318845,""r"":7.0}",
        16,         0,         0,   0.620,correlated_pymatching,a8310dbbc441a92d61d39a18764fc49fdbe77c657ab9ed3f9aff31a58729b2b0,"{""d"":7.0,""p"":0.001,""r"":7.0}",
         8,         0,         0,   0.611,correlated_pymatching,a8310dbbc441a92d61d39a18764fc49fdbe77c657ab9ed3f9aff31a58729b2b0,"{""d"":7.0,""p"":0.001,""r"":7.0}",
        16,         0,         0,   0.612,correlated_pymatching,d375ef9124ce40870f0834887e212a4b5fa1761556314559f013816e08158024,"{""d"":7.0,""p"":0.00046415888336127773,""r"":7.0}",
     86016,         3,         0,    32.3,correlated_pymatching,d375ef9124ce40870f0834887e212a4b5fa1761556314559f013816e08158024,"{""d"":7.0,""p"":0.00046415888336127773,""r"":7.0}","{""obs_mistake_mask=E"":3}"
         8,         0,         0,   0.615,correlated_pymatching,d375ef9124ce40870f0834887e212a4b5fa1761556314559f013816e08158024,"{""d"":7.0,""p"":0.00046415888336127773,""r"":7.0}",
     23808,         3,         0,    32.3,correlated_pymatching,a8310dbbc441a92d61d39a18764fc49fdbe77c657ab9ed3f9aff31a58729b2b0,"{""d"":7.0,""p"":0.001,""r"":7.0}","{""obs_mistake_mask=E"":3}"
     42496,         7,         0,    32.5,correlated_pymatching,a8310dbbc441a92d61d39a18764fc49fdbe77c657ab9ed3f9aff31a58729b2b0,"{""d"":7.0,""p"":0.001,""r"":7.0}","{""obs_mistake_mask=E"":7}"
     80384,         0,         0,    32.1,correlated_pymatching,d375ef9124ce40870f0834887e212a4b5fa1761556314559f013816e08158024,"{""d"":7.0,""p"":0.00046415888336127773,""r"":7.0}",
       128,         0,         0,   0.602,correlated_pymatching,37f268fbfb1512405cedc6a9f187fe834ff0248dae64f05e468219cda62bb709,"{""d"":7.0,""p"":0.00021544346900318845,""r"":7.0}",
       256,         0,         0,   0.616,correlated_pymatching,37f268fbfb1512405cedc6a9f187fe834ff0248dae64f05e468219cda62bb709,"{""d"":7.0,""p"":0.00021544346900318845,""r"":7.0}",
       256,         0,         0,   0.632,correlated_pymatching,d375ef9124ce40870f0834887e212a4b5fa1761556314559f013816e08158024,"{""d"":7.0,""p"":0.00046415888336127773,""r"":7.0}",
        12,         0,         0,   0.598,correlated_pymatching,a8310dbbc441a92d61d39a18764fc49fdbe77c657ab9ed3f9aff31a58729b2b0,"{""d"":7.0,""p"":0.001,""r"":7.0}",
        16,         0,         0,   0.608,correlated_pymatching,a8310dbbc441a92d61d39a18764fc49fdbe77c657ab9ed3f9aff31a58729b2b0,"{""d"":7.0,""p"":0.001,""r"":7.0}",
         8,         0,         0,   0.616,correlated_pymatching,37f268fbfb1512405cedc6a9f187fe834ff0248dae64f05e468219cda62bb709,"{""d"":7.0,""p"":0.00021544346900318845,""r"":7.0}",
        16,         0,         0,   0.612,correlated_pymatching,d375ef9124ce40870f0834887e212a4b5fa1761556314559f013816e08158024,"{""d"":7.0,""p"":0.00046415888336127773,""r"":7.0}",
         8,         0,         0,   0.621,correlated_pymatching,d375ef9124ce40870f0834887e212a4b5fa1761556314559f013816e08158024,"{""d"":7.0,""p"":0.00046415888336127773,""r"":7.0}",
     72269,         0,         0,    25.3,correlated_pymatching,37f268fbfb1512405cedc6a9f187fe834ff0248dae64f05e468219cda62bb709,"{""d"":7.0,""p"":0.00021544346900318845,""r"":7.0}",
       512,         0,         0,   0.922,correlated_pymatching,37f268fbfb1512405cedc6a9f187fe834ff0248dae64f05e468219cda62bb709,"{""d"":7.0,""p"":0.00021544346900318845,""r"":7.0}",
       384,         0,         0,   0.927,correlated_pymatching,37f268fbfb1512405cedc6a9f187fe834ff0248dae64f05e468219cda62bb709,"{""d"":7.0,""p"":0.00021544346900318845,""r"":7.0}",
       384,         0,         0,   0.932,correlated_pymatching,d375ef9124ce40870f0834887e212a4b5fa1761556314559f013816e08158024,"{""d"":7.0,""p"":0.00046415888336127773,""r"":7.0}",
        24,         0,         0,   0.917,correlated_pymatching,a8310dbbc441a92d61d39a18764fc49fdbe77c657ab9ed3f9aff31a58729b2b0,"{""d"":7.0,""p"":0.001,""r"":7.0}",
        32,         0,         0,   0.916,correlated_pymatching,a8310dbbc441a92d61d39a18764fc49fdbe77c657ab9ed3f9aff31a58729b2b0,"{""d"":7.0,""p"":0.001,""r"":7.0}",
        12,         0,         0,   0.920,correlated_pymatching,37f268fbfb1512405cedc6a9f187fe834ff0248dae64f05e468219cda62bb709,"{""d"":7.0,""p"":0.00021544346900318845,""r"":7.0}",
        40,         0,         0,   0.908,correlated_pymatching,d375ef9124ce40870f0834887e212a4b5fa1761556314559f013816e08158024,"{""d"":7.0,""p"":0.00046415888336127773,""r"":7.0}",
        12,         0,         0,   0.936,correlated_pymatching,d375ef9124ce40870f0834887e212a4b5fa1761556314559f013816e08158024,"{""d"":7.0,""p"":0.00046415888336127773,""r"":7.0}",
      1024,         0,         0,    1.25,correlated_pymatching,37f268fbfb1512405cedc6a9f187fe834ff0248dae64f05e468219cda62bb709,"{""d"":7.0,""p"":0.00021544346900318845,""r"":7.0}",
       512,         0,         0,    1.23,correlated_pymatching,37f268fbfb1512405cedc6a9f187fe834ff0248dae64f05e468219cda62bb709,"{""d"":7.0,""p"":0.00021544346900318845,""r"":7.0}",
       512,         0,         0,    1.23,correlated_pymatching,d375ef9124ce40870f0834887e212a4b5fa1761556314559f013816e08158024,"{""d"":7.0,""p"":0.00046415888336127773,""r"":7.0}",
        24,         0,         0,    1.21,correlated_pymatching,37f268fbfb1512405cedc6a9f187fe834ff0248dae64f05e468219cda62bb709,"{""d"":7.0,""p"":0.00021544346900318845,""r"":7.0}",
        96,         0,         0,    1.23,correlated_pymatching,a8310dbbc441a92d61d39a18764fc49fdbe77c657ab9ed3f9aff31a58729b2b0,"{""d"":7.0,""p"":0.001,""r"":7.0}",
       112,         0,         0,    1.22,correlated_pymatching,d375ef9124ce40870f0834887e212a4b5fa1761556314559f013816e08158024,"{""d"":7.0,""p"":0.00046415888336127773,""r"":7.0}",
        32,         0,         0,    1.24,correlated_pymatching,a8310dbbc441a92d61d39a18764fc49fdbe77c657ab9ed3f9aff31a58729b2b0,"{""d"":7.0,""p"":0.001,""r"":7.0}",
     43294,         0,         0,    14.9,correlated_pymatching,37f268fbfb1512405cedc6a9f187fe834ff0248dae64f05e468219cda62bb709,"{""d"":7.0,""p"":0.00021544346900318845,""r"":7.0}",
        16,         0,         0,    1.22,correlated_pymatching,d375ef9124ce40870f0834887e212a4b5fa1761556314559f013816e08158024,"{""d"":7.0,""p"":0.00046415888336127773,""r"":7.0}",
       640,         0,         0,    1.64,correlated_pymatching,37f268fbfb1512405cedc6a9f187fe834ff0248dae64f05e468219cda62bb709,"{""d"":7.0,""p"":0.00021544346900318845,""r"":7.0}",
       160,         0,         0,    1.61,correlated_pymatching,a8310dbbc441a92d61d39a18764fc49fdbe77c657ab9ed3f9aff31a58729b2b0,"{""d"":7.0,""p"":0.001,""r"":7.0}",
        40,         0,         0,    1.60,correlated_pymatching,a8310dbbc441a92d61d39a18764fc49fdbe77c657ab9ed3f9aff31a58729b2b0,"{""d"":7.0,""p"":0.001,""r"":7.0}",
       640,         0,         0,    1.65,correlated_pymatching,d375ef9124ce40870f0834887e212a4b5fa1761556314559f013816e08158024,"{""d"":7.0,""p"":0.00046415888336127773,""r"":7.0}",
        80,         0,         0,    1.64,correlated_pymatching,37f268fbfb1512405cedc6a9f187fe834ff0248dae64f05e468219cda62bb709,"{""d"":7.0,""p"":0.00021544346900318845,""r"":7.0}",
      1280,         0,         0,    1.67,correlated_pymatching,37f268fbfb1512405cedc6a9f187fe834ff0248dae64f05e468219cda62bb709,"{""d"":7.0,""p"":0.00021544346900318845,""r"":7.0}",
       320,         0,         0,    1.86,correlated_pymatching,d375ef9124ce40870f0834887e212a4b5fa1761556314559f013816e08158024,"{""d"":7.0,""p"":0.00046415888336127773,""r"":7.0}",
        28,         0,         0,    1.86,correlated_pymatching,d375ef9124ce40870f0834887e212a4b5fa1761556314559f013816e08158024,"{""d"":7.0,""p"":0.00046415888336127773,""r"":7.0}",
     47104,         0,         0,    32.1,correlated_pymatching,d375ef9124ce40870f0834887e212a4b5fa1761556314559f013816e08158024,"{""d"":7.0,""p"":0.00046415888336127773,""r"":7.0}",
     12928,         4,         0,    32.3,correlated_pymatching,a8310dbbc441a92d61d39a18764fc49fdbe77c657ab9ed3f9aff31a58729b2b0,"{""d"":7.0,""p"":0.001,""r"":7.0}","{""obs_mistake_mask=E"":4}"
     83968,         0,         0,    32.2,correlated_pymatching,d375ef9124ce40870f0834887e212a4b5fa1761556314559f013816e08158024,"{""d"":7.0,""p"":0.00046415888336127773,""r"":7.0}",
     23552,         2,         0,    32.3,correlated_pymatching,a8310dbbc441a92d61d39a18764fc49fdbe77c657ab9ed3f9aff31a58729b2b0,"{""d"":7.0,""p"":0.001,""r"":7.0}","{""obs_mistake_mask=E"":2}"
       352,         0,         0,    2.19,correlated_pymatching,a8310dbbc441a92d61d39a18764fc49fdbe77c657ab9ed3f9aff31a58729b2b0,"{""d"":7.0,""p"":0.001,""r"":7.0}",
      1280,         0,         0,    2.19,correlated_pymatching,d375ef9124ce40870f0834887e212a4b5fa1761556314559f013816e08158024,"{""d"":7.0,""p"":0.00046415888336127773,""r"":7.0}",
      3328,         0,         0,    2.28,correlated_pymatching,37f268fbfb1512405cedc6a9f187fe834ff0248dae64f05e468219cda62bb709,"{""d"":7.0,""p"":0.00021544346900318845,""r"":7.0}",
       896,         0,         0,    2.18,correlated_pymatching,d375ef9124ce40870f0834887e212a4b5fa1761556314559f013816e08158024,"{""d"":7.0,""p"":0.00046415888336127773,""r"":7.0}",
        64,         0,         0,    2.46,correlated_pymatching,a8310dbbc441a92d61d39a18764fc49fdbe77c657ab9ed3f9aff31a58729b2b0,"{""d"":7.0,""p"":0.001,""r"":7.0}",
      1024,         0,         0,    2.48,correlated_pymatching,37f268fbfb1512405cedc6a9f187fe834ff0248dae64f05e468219cda62bb709,"{""d"":7.0,""p"":0.00021544346900318845,""r"":7.0}",
       240,         0,         0,    2.46,correlated_pymatching,37f268fbfb1512405cedc6a9f187fe834ff0248dae64f05e468219cda62bb709,"{""d"":7.0,""p"":0.00021544346900318845,""r"":7.0}",
        64,         0,         0,    2.46,correlated_pymatching,d375ef9124ce40870f0834887e212a4b5fa1761556314559f013816e08158024,"{""d"":7.0,""p"":0.00046415888336127773,""r"":7.0}",
       640,         0,         0,    3.15,correlated_pymatching,a8310dbbc441a92d61d39a18764fc49fdbe77c657ab9ed3f9aff31a58729b2b0,"{""d"":7.0,""p"":0.001,""r"":7.0}",
      2560,         0,         0,    3.19,correlated_pymatching,d375ef9124ce40870f0834887e212a4b5fa1761556314559f013816e08158024,"{""d"":7.0,""p"":0.00046415888336127773,""r"":7.0}",
       184,         0,         0,    3.07,correlated_pymatching,a8310dbbc441a92d61d39a18764fc49fdbe77c657ab9ed3f9aff31a58729b2b0,"{""d"":7.0,""p"":0.001,""r"":7.0}",
      1536,         0,         0,    3.07,correlated_pymatching,37f268fbfb1512405cedc6a9f187fe834ff0248dae64f05e468219cda62bb709,"{""d"":7.0,""p"":0.00021544346900318845,""r"":7.0}",
      5120,         0,         0,    3.25,correlated_pymatching,37f268fbfb1512405cedc6a9f187fe834ff0248dae64f05e468219cda62bb709,"{""d"":7.0,""p"":0.00021544346900318845,""r"":7.0}",
       736,         0,         0,    3.08,correlated_pymatching,37f268fbfb1512405cedc6a9f187fe834ff0248dae64f05e468219cda62bb709,"{""d"":7.0,""p"":0.00021544346900318845,""r"":7.0}",
      2048,         0,         0,    3.21,correlated_pymatching,d375ef9124ce40870f0834887e212a4b5fa1761556314559f013816e08158024,"{""d"":7.0,""p"":0.00046415888336127773,""r"":7.0}",
     39134,         0,         0,    13.7,correlated_pymatching,37f268fbfb1512405cedc6a9f187fe834ff0248dae64f05e468219cda62bb709,"{""d"":7.0,""p"":0.00021544346900318845,""r"":7.0}",
       160,         0,         0,    3.08,correlated_pymatching,d375ef9124ce40870f0834887e212a4b5fa1761556314559f013816e08158024,"{""d"":7.0,""p"":0.00046415888336127773,""r"":7.0}",
     38912,         0,         0,    13.8,correlated_pymatching,37f268fbfb1512405cedc6a9f187fe834ff0248dae64f05e468219cda62bb709,"{""d"":7.0,""p"":0.00021544346900318845,""r"":7.0}",
     34305,         0,         0,    11.9,correlated_pymatching,37f268fbfb1512405cedc6a9f187fe834ff0248dae64f05e468219cda62bb709,"{""d"":7.0,""p"":0.00021544346900318845,""r"":7.0}",
     34305,         0,         0,    11.9,correlated_pymatching,37f268fbfb1512405cedc6a9f187fe834ff0248dae64f05e468219cda62bb709,"{""d"":7.0,""p"":0.00021544346900318845,""r"":7.0}",
     34305,         1,         0,    12.0,correlated_pymatching,37f268fbfb1512405cedc6a9f187fe834ff0248dae64f05e468219cda62bb709,"{""d"":7.0,""p"":0.00021544346900318845,""r"":7.0}","{""obs_mistake_mask=E"":1}"
     33792,         0,         0,    11.8,correlated_pymatching,37f268fbfb1512405cedc6a9f187fe834ff0248dae64f05e468219cda62bb709,"{""d"":7.0,""p"":0.00021544346900318845,""r"":7.0}",
       222,         0,         0,   0.310,correlated_pymatching,37f268fbfb1512405cedc6a9f187fe834ff0248dae64f05e468219cda62bb709,"{""d"":7.0,""p"":0.00021544346900318845,""r"":7.0}",
     23552,         0,         0,    8.17,correlated_pymatching,37f268fbfb1512405cedc6a9f187fe834ff0248dae64f05e468219cda62bb709,"{""d"":7.0,""p"":0.00021544346900318845,""r"":7.0}",
       513,         0,         0,   0.319,correlated_pymatching,37f268fbfb1512405cedc6a9f187fe834ff0248dae64f05e468219cda62bb709,"{""d"":7.0,""p"":0.00021544346900318845,""r"":7.0}",
     27649,         0,         0,    10.0,correlated_pymatching,37f268fbfb1512405cedc6a9f187fe834ff0248dae64f05e468219cda62bb709,"{""d"":7.0,""p"":0.00021544346900318845,""r"":7.0}",
      7936,         0,         0,    4.36,correlated_pymatching,d375ef9124ce40870f0834887e212a4b5fa1761556314559f013816e08158024,"{""d"":7.0,""p"":0.00046415888336127773,""r"":7.0}",
       896,         0,         0,    4.50,correlated_pymatching,a8310dbbc441a92d61d39a18764fc49fdbe77c657ab9ed3f9aff31a58729b2b0,"{""d"":7.0,""p"":0.001,""r"":7.0}",
      2944,         0,         0,    4.33,correlated_pymatching,a8310dbbc441a92d61d39a18764fc49fdbe77c657ab9ed3f9aff31a58729b2b0,"{""d"":7.0,""p"":0.001,""r"":7.0}",
      1792,         0,         0,    4.38,correlated_pymatching,37f268fbfb1512405cedc6a9f187fe834ff0248dae64f05e468219cda62bb709,"{""d"":7.0,""p"":0.00021544346900318845,""r"":7.0}",
      6656,         0,         0,    4.40,correlated_pymatching,37f268fbfb1512405cedc6a9f187fe834ff0248dae64f05e468219cda62bb709,"{""d"":7.0,""p"":0.00021544346900318845,""r"":7.0}",
     11008,         0,         0,    4.53,correlated_pymatching,37f268fbfb1512405cedc6a9f187fe834ff0248dae64f05e468219cda62bb709,"{""d"":7.0,""p"":0.00021544346900318845,""r"":7.0}",
      3584,         0,         0,    4.57,correlated_pymatching,d375ef9124ce40870f0834887e212a4b5fa1761556314559f013816e08158024,"{""d"":7.0,""p"":0.00046415888336127773,""r"":7.0}",
       304,         0,         0,    4.37,correlated_pymatching,d375ef9124ce40870f0834887e212a4b5fa1761556314559f013816e08158024,"{""d"":7.0,""p"":0.00046415888336127773,""r"":7.0}",
     13619,         0,         0,    4.89,correlated_pymatching,37f268fbfb1512405cedc6a9f187fe834ff0248dae64f05e468219cda62bb709,"{""d"":7.0,""p"":0.00021544346900318845,""r"":7.0}",
     12288,         0,         0,    4.26,correlated_pymatching,37f268fbfb1512405cedc6a9f187fe834ff0248dae64f05e468219cda62bb709,"{""d"":7.0,""p"":0.00021544346900318845,""r"":7.0}",
     13312,         0,         0,    4.56,correlated_pymatching,37f268fbfb1512405cedc6a9f187fe834ff0248dae64f05e468219cda62bb709,"{""d"":7.0,""p"":0.00021544346900318845,""r"":7.0}",
     12288,         0,         0,    4.43,correlated_pymatching,37f268fbfb1512405cedc6a9f187fe834ff0248dae64f05e468219cda62bb709,"{""d"":7.0,""p"":0.00021544346900318845,""r"":7.0}",
     12288,         0,         0,    4.19,correlated_pymatching,37f268fbfb1512405cedc6a9f187fe834ff0248dae64f05e468219cda62bb709,"{""d"":7.0,""p"":0.00021544346900318845,""r"":7.0}",
     13609,         0,         0,    4.75,correlated_pymatching,37f268fbfb1512405cedc6a9f187fe834ff0248dae64f05e468219cda62bb709,"{""d"":7.0,""p"":0.00021544346900318845,""r"":7.0}",
     12288,         0,         0,    4.32,correlated_pymatching,37f268fbfb1512405cedc6a9f187fe834ff0248dae64f05e468219cda62bb709,"{""d"":7.0,""p"":0.00021544346900318845,""r"":7.0}",
       307,         0,         0,   0.313,correlated_pymatching,37f268fbfb1512405cedc6a9f187fe834ff0248dae64f05e468219cda62bb709,"{""d"":7.0,""p"":0.00021544346900318845,""r"":7.0}",
      2611,         0,         0,    1.03,correlated_pymatching,37f268fbfb1512405cedc6a9f187fe834ff0248dae64f05e468219cda62bb709,"{""d"":7.0,""p"":0.00021544346900318845,""r"":7.0}",
     10612,         0,         0,    4.00,correlated_pymatching,37f268fbfb1512405cedc6a9f187fe834ff0248dae64f05e468219cda62bb709,"{""d"":7.0,""p"":0.00021544346900318845,""r"":7.0}",
      1331,         0,         0,   0.667,correlated_pymatching,37f268fbfb1512405cedc6a9f187fe834ff0248dae64f05e468219cda62bb709,"{""d"":7.0,""p"":0.00021544346900318845,""r"":7.0}",
      1331,         0,         0,   0.677,correlated_pymatching,37f268fbfb1512405cedc6a9f187fe834ff0248dae64f05e468219cda62bb709,"{""d"":7.0,""p"":0.00021544346900318845,""r"":7.0}",
       541,         0,         0,   0.325,correlated_pymatching,37f268fbfb1512405cedc6a9f187fe834ff0248dae64f05e468219cda62bb709,"{""d"":7.0,""p"":0.00021544346900318845,""r"":7.0}",
      2560,         0,         0,    1.62,correlated_pymatching,37f268fbfb1512405cedc6a9f187fe834ff0248dae64f05e468219cda62bb709,"{""d"":7.0,""p"":0.00021544346900318845,""r"":7.0}",
      1331,         0,         0,   0.669,correlated_pymatching,37f268fbfb1512405cedc6a9f187fe834ff0248dae64f05e468219cda62bb709,"{""d"":7.0,""p"":0.00021544346900318845,""r"":7.0}",
      2244,         0,         0,    1.00,correlated_pymatching,37f268fbfb1512405cedc6a9f187fe834ff0248dae64f05e468219cda62bb709,"{""d"":7.0,""p"":0.00021544346900318845,""r"":7.0}",
       414,         0,         0,   0.311,correlated_pymatching,37f268fbfb1512405cedc6a9f187fe834ff0248dae64f05e468219cda62bb709,"{""d"":7.0,""p"":0.00021544346900318845,""r"":7.0}",
      2345,         0,         0,    1.01,correlated_pymatching,37f268fbfb1512405cedc6a9f187fe834ff0248dae64f05e468219cda62bb709,"{""d"":7.0,""p"":0.00021544346900318845,""r"":7.0}",
       867,         0,         0,   0.348,correlated_pymatching,37f268fbfb1512405cedc6a9f187fe834ff0248dae64f05e468219cda62bb709,"{""d"":7.0,""p"":0.00021544346900318845,""r"":7.0}",
      2048,         0,         0,   0.682,correlated_pymatching,37f268fbfb1512405cedc6a9f187fe834ff0248dae64f05e468219cda62bb709,"{""d"":7.0,""p"":0.00021544346900318845,""r"":7.0}",
      2048,         0,         0,   0.700,correlated_pymatching,37f268fbfb1512405cedc6a9f187fe834ff0248dae64f05e468219cda62bb709,"{""d"":7.0,""p"":0.00021544346900318845,""r"":7.0}",
       107,         0,         0,   0.298,correlated_pymatching,37f268fbfb1512405cedc6a9f187fe834ff0248dae64f05e468219cda62bb709,"{""d"":7.0,""p"":0.00021544346900318845,""r"":7.0}",
      2345,         0,         0,   0.996,correlated_pymatching,37f268fbfb1512405cedc6a9f187fe834ff0248dae64f05e468219cda62bb709,"{""d"":7.0,""p"":0.00021544346900318845,""r"":7.0}",
       524,         0,         0,   0.315,correlated_pymatching,37f268fbfb1512405cedc6a9f187fe834ff0248dae64f05e468219cda62bb709,"{""d"":7.0,""p"":0.00021544346900318845,""r"":7.0}",
       553,         0,         0,   0.328,correlated_pymatching,37f268fbfb1512405cedc6a9f187fe834ff0248dae64f05e468219cda62bb709,"{""d"":7.0,""p"":0.00021544346900318845,""r"":7.0}",
       297,         0,         0,   0.302,correlated_pymatching,37f268fbfb1512405cedc6a9f187fe834ff0248dae64f05e468219cda62bb709,"{""d"":7.0,""p"":0.00021544346900318845,""r"":7.0}",
       354,         0,         0,   0.313,correlated_pymatching,37f268fbfb1512405cedc6a9f187fe834ff0248dae64f05e468219cda62bb709,"{""d"":7.0,""p"":0.00021544346900318845,""r"":7.0}",
       121,         0,         0,   0.294,correlated_pymatching,37f268fbfb1512405cedc6a9f187fe834ff0248dae64f05e468219cda62bb709,"{""d"":7.0,""p"":0.00021544346900318845,""r"":7.0}",
       297,         0,         0,   0.305,correlated_pymatching,37f268fbfb1512405cedc6a9f187fe834ff0248dae64f05e468219cda62bb709,"{""d"":7.0,""p"":0.00021544346900318845,""r"":7.0}",
      1024,         0,         0,   0.637,correlated_pymatching,37f268fbfb1512405cedc6a9f187fe834ff0248dae64f05e468219cda62bb709,"{""d"":7.0,""p"":0.00021544346900318845,""r"":7.0}",
      1821,         0,         0,   0.697,correlated_pymatching,37f268fbfb1512405cedc6a9f187fe834ff0248dae64f05e468219cda62bb709,"{""d"":7.0,""p"":0.00021544346900318845,""r"":7.0}",
    142771,         0,         0,    53.7,correlated_pymatching,d375ef9124ce40870f0834887e212a4b5fa1761556314559f013816e08158024,"{""d"":7.0,""p"":0.00046415888336127773,""r"":7.0}",
    137216,         1,         0,    52.5,correlated_pymatching,d375ef9124ce40870f0834887e212a4b5fa1761556314559f013816e08158024,"{""d"":7.0,""p"":0.00046415888336127773,""r"":7.0}","{""obs_mistake_mask=E"":1}"
      1024,         0,         0,    2.50,correlated_pymatching,37f268fbfb1512405cedc6a9f187fe834ff0248dae64f05e468219cda62bb709,"{""d"":7.0,""p"":0.00021544346900318845,""r"":7.0}",
       455,         0,         0,   0.311,correlated_pymatching,37f268fbfb1512405cedc6a9f187fe834ff0248dae64f05e468219cda62bb709,"{""d"":7.0,""p"":0.00021544346900318845,""r"":7.0}",
    131072,         0,         0,    49.9,correlated_pymatching,d375ef9124ce40870f0834887e212a4b5fa1761556314559f013816e08158024,"{""d"":7.0,""p"":0.00046415888336127773,""r"":7.0}",
       238,         0,         0,   0.299,correlated_pymatching,37f268fbfb1512405cedc6a9f187fe834ff0248dae64f05e468219cda62bb709,"{""d"":7.0,""p"":0.00021544346900318845,""r"":7.0}",
       166,         0,         0,   0.299,correlated_pymatching,37f268fbfb1512405cedc6a9f187fe834ff0248dae64f05e468219cda62bb709,"{""d"":7.0,""p"":0.00021544346900318845,""r"":7.0}",
       155,         0,         0,   0.304,correlated_pymatching,37f268fbfb1512405cedc6a9f187fe834ff0248dae64f05e468219cda62bb709,"{""d"":7.0,""p"":0.00021544346900318845,""r"":7.0}",
       238,         0,         0,   0.312,correlated_pymatching,37f268fbfb1512405cedc6a9f187fe834ff0248dae64f05e468219cda62bb709,"{""d"":7.0,""p"":0.00021544346900318845,""r"":7.0}",
    105472,         0,         0,    40.5,correlated_pymatching,d375ef9124ce40870f0834887e212a4b5fa1761556314559f013816e08158024,"{""d"":7.0,""p"":0.00046415888336127773,""r"":7.0}",
       104,         0,         0,   0.269,correlated_pymatching,37f268fbfb1512405cedc6a9f187fe834ff0248dae64f05e468219cda62bb709,"{""d"":7.0,""p"":0.00021544346900318845,""r"":7.0}",
        52,         0,         0,   0.285,correlated_pymatching,37f268fbfb1512405cedc6a9f187fe834ff0248dae64f05e468219cda62bb709,"{""d"":7.0,""p"":0.00021544346900318845,""r"":7.0}",
        41,         0,         0,   0.283,correlated_pymatching,37f268fbfb1512405cedc6a9f187fe834ff0248dae64f05e468219cda62bb709,"{""d"":7.0,""p"":0.00021544346900318845,""r"":7.0}",
       145,         0,         0,   0.300,correlated_pymatching,37f268fbfb1512405cedc6a9f187fe834ff0248dae64f05e468219cda62bb709,"{""d"":7.0,""p"":0.00021544346900318845,""r"":7.0}",
     46080,         1,         0,    17.3,correlated_pymatching,d375ef9124ce40870f0834887e212a4b5fa1761556314559f013816e08158024,"{""d"":7.0,""p"":0.00046415888336127773,""r"":7.0}","{""obs_mistake_mask=E"":1}"
     45923,         0,         0,    17.4,correlated_pymatching,d375ef9124ce40870f0834887e212a4b5fa1761556314559f013816e08158024,"{""d"":7.0,""p"":0.00046415888336127773,""r"":7.0}",
         1,         0,         0,   0.323,correlated_pymatching,d375ef9124ce40870f0834887e212a4b5fa1761556314559f013816e08158024,"{""d"":7.0,""p"":0.00046415888336127773,""r"":7.0}",
         1,         0,         0,   0.327,correlated_pymatching,d375ef9124ce40870f0834887e212a4b5fa1761556314559f013816e08158024,"{""d"":7.0,""p"":0.00046415888336127773,""r"":7.0}",
         1,         0,         0,   0.322,correlated_pymatching,d375ef9124ce40870f0834887e212a4b5fa1761556314559f013816e08158024,"{""d"":7.0,""p"":0.00046415888336127773,""r"":7.0}",
         1,         0,         0,   0.302,correlated_pymatching,d375ef9124ce40870f0834887e212a4b5fa1761556314559f013816e08158024,"{""d"":7.0,""p"":0.00046415888336127773,""r"":7.0}",
         1,         0,         0,   0.323,correlated_pymatching,a8310dbbc441a92d61d39a18764fc49fdbe77c657ab9ed3f9aff31a58729b2b0,"{""d"":7.0,""p"":0.001,""r"":7.0}",
         1,         0,         0,   0.327,correlated_pymatching,a8310dbbc441a92d61d39a18764fc49fdbe77c657ab9ed3f9aff31a58729b2b0,"{""d"":7.0,""p"":0.001,""r"":7.0}",
         1,         0,         0,   0.341,correlated_pymatching,a8310dbbc441a92d61d39a18764fc49fdbe77c657ab9ed3f9aff31a58729b2b0,"{""d"":7.0,""p"":0.001,""r"":7.0}",
         1,         0,         0,   0.325,correlated_pymatching,d375ef9124ce40870f0834887e212a4b5fa1761556314559f013816e08158024,"{""d"":7.0,""p"":0.00046415888336127773,""r"":7.0}",
         1,         0,         0,   0.331,correlated_pymatching,a8310dbbc441a92d61d39a18764fc49fdbe77c657ab9ed3f9aff31a58729b2b0,"{""d"":7.0,""p"":0.001,""r"":7.0}",
         1,         0,         0,   0.325,correlated_pymatching,a8310dbbc441a92d61d39a18764fc49fdbe77c657ab9ed3f9aff31a58729b2b0,"{""d"":7.0,""p"":0.001,""r"":7.0}",
         1,         0,         0,   0.335,correlated_pymatching,a8310dbbc441a92d61d39a18764fc49fdbe77c657ab9ed3f9aff31a58729b2b0,"{""d"":7.0,""p"":0.001,""r"":7.0}",
         1,         0,         0,   0.313,correlated_pymatching,d375ef9124ce40870f0834887e212a4b5fa1761556314559f013816e08158024,"{""d"":7.0,""p"":0.00046415888336127773,""r"":7.0}",
         1,         0,         0,   0.306,correlated_pymatching,d375ef9124ce40870f0834887e212a4b5fa1761556314559f013816e08158024,"{""d"":7.0,""p"":0.00046415888336127773,""r"":7.0}",
         1,         0,         0,   0.306,correlated_pymatching,d375ef9124ce40870f0834887e212a4b5fa1761556314559f013816e08158024,"{""d"":7.0,""p"":0.00046415888336127773,""r"":7.0}",
         1,         0,         0,   0.305,correlated_pymatching,d375ef9124ce40870f0834887e212a4b5fa1761556314559f013816e08158024,"{""d"":7.0,""p"":0.00046415888336127773,""r"":7.0}",
         1,         0,         0,   0.300,correlated_pymatching,a8310dbbc441a92d61d39a18764fc49fdbe77c657ab9ed3f9aff31a58729b2b0,"{""d"":7.0,""p"":0.001,""r"":7.0}",
         1,         0,         0,   0.296,correlated_pymatching,a8310dbbc441a92d61d39a18764fc49fdbe77c657ab9ed3f9aff31a58729b2b0,"{""d"":7.0,""p"":0.001,""r"":7.0}",
         1,         0,         0,   0.299,correlated_pymatching,d375ef9124ce40870f0834887e212a4b5fa1761556314559f013816e08158024,"{""d"":7.0,""p"":0.00046415888336127773,""r"":7.0}",
         1,         0,         0,   0.300,correlated_pymatching,a8310dbbc441a92d61d39a18764fc49fdbe77c657ab9ed3f9aff31a58729b2b0,"{""d"":7.0,""p"":0.001,""r"":7.0}",
         1,         0,         0,   0.300,correlated_pymatching,a8310dbbc441a92d61d39a18764fc49fdbe77c657ab9ed3f9aff31a58729b2b0,"{""d"":7.0,""p"":0.001,""r"":7.0}",
         1,         0,         0,   0.308,correlated_pymatching,a8310dbbc441a92d61d39a18764fc49fdbe77c657ab9ed3f9aff31a58729b2b0,"{""d"":7.0,""p"":0.001,""r"":7.0}",
         1,         0,         0,   0.308,correlated_pymatching,a8310dbbc441a92d61d39a18764fc49fdbe77c657ab9ed3f9aff31a58729b2b0,"{""d"":7.0,""p"":0.001,""r"":7.0}",
         1,         0,         0,   0.300,correlated_pymatching,d375ef9124ce40870f0834887e212a4b5fa1761556314559f013816e08158024,"{""d"":7.0,""p"":0.00046415888336127773,""r"":7.0}",
         2,         0,         0,   0.291,correlated_pymatching,d375ef9124ce40870f0834887e212a4b5fa1761556314559f013816e08158024,"{""d"":7.0,""p"":0.00046415888336127773,""r"":7.0}",
         2,         0,         0,   0.296,correlated_pymatching,a8310dbbc441a92d61d39a18764fc49fdbe77c657ab9ed3f9aff31a58729b2b0,"{""d"":7.0,""p"":0.001,""r"":7.0}",
         1,         0,         0,   0.296,correlated_pymatching,d375ef9124ce40870f0834887e212a4b5fa1761556314559f013816e08158024,"{""d"":7.0,""p"":0.00046415888336127773,""r"":7.0}",
         2,         0,         0,   0.300,correlated_pymatching,a8310dbbc441a92d61d39a18764fc49fdbe77c657ab9ed3f9aff31a58729b2b0,"{""d"":7.0,""p"":0.001,""r"":7.0}",
         1,         0,         0,   0.314,correlated_pymatching,d375ef9124ce40870f0834887e212a4b5fa1761556314559f013816e08158024,"{""d"":7.0,""p"":0.00046415888336127773,""r"":7.0}",
         1,         0,         0,   0.312,correlated_pymatching,d375ef9124ce40870f0834887e212a4b5fa1761556314559f013816e08158024,"{""d"":7.0,""p"":0.00046415888336127773,""r"":7.0}",
         2,         0,         0,   0.312,correlated_pymatching,a8310dbbc441a92d61d39a18764fc49fdbe77c657ab9ed3f9aff31a58729b2b0,"{""d"":7.0,""p"":0.001,""r"":7.0}",
         2,         0,         0,   0.304,correlated_pymatching,a8310dbbc441a92d61d39a18764fc49fdbe77c657ab9ed3f9aff31a58729b2b0,"{""d"":7.0,""p"":0.001,""r"":7.0}",
         1,         0,         0,   0.292,correlated_pymatching,a8310dbbc441a92d61d39a18764fc49fdbe77c657ab9ed3f9aff31a58729b2b0,"{""d"":7.0,""p"":0.001,""r"":7.0}",
         1,         0,         0,   0.300,correlated_pymatching,a8310dbbc441a92d61d39a18764fc49fdbe77c657ab9ed3f9aff31a58729b2b0,"{""d"":7.0,""p"":0.001,""r"":7.0}",
         2,         0,         0,   0.296,correlated_pymatching,d375ef9124ce40870f0834887e212a4b5fa1761556314559f013816e08158024,"{""d"":7.0,""p"":0.00046415888336127773,""r"":7.0}",
         4,         0,         0,   0.296,correlated_pymatching,a8310dbbc441a92d61d39a18764fc49fdbe77c657ab9ed3f9aff31a58729b2b0,"{""d"":7.0,""p"":0.001,""r"":7.0}",
         4,         0,         0,   0.301,correlated_pymatching,d375ef9124ce40870f0834887e212a4b5fa1761556314559f013816e08158024,"{""d"":7.0,""p"":0.00046415888336127773,""r"":7.0}",
         2,         0,         0,   0.312,correlated_pymatching,d375ef9124ce40870f0834887e212a4b5fa1761556314559f013816e08158024,"{""d"":7.0,""p"":0.00046415888336127773,""r"":7.0}",
         4,         0,         0,   0.304,correlated_pymatching,a8310dbbc441a92d61d39a18764fc49fdbe77c657ab9ed3f9aff31a58729b2b0,"{""d"":7.0,""p"":0.001,""r"":7.0}",
         1,         0,         0,   0.306,correlated_pymatching,d375ef9124ce40870f0834887e212a4b5fa1761556314559f013816e08158024,"{""d"":7.0,""p"":0.00046415888336127773,""r"":7.0}",
         1,         0,         0,   0.300,correlated_pymatching,d375ef9124ce40870f0834887e212a4b5fa1761556314559f013816e08158024,"{""d"":7.0,""p"":0.00046415888336127773,""r"":7.0}",
         2,         0,         0,   0.292,correlated_pymatching,a8310dbbc441a92d61d39a18764fc49fdbe77c657ab9ed3f9aff31a58729b2b0,"{""d"":7.0,""p"":0.001,""r"":7.0}",
         2,         0,         0,   0.312,correlated_pymatching,a8310dbbc441a92d61d39a18764fc49fdbe77c657ab9ed3f9aff31a58729b2b0,"{""d"":7.0,""p"":0.001,""r"":7.0}",
         2,         0,         0,   0.304,correlated_pymatching,a8310dbbc441a92d61d39a18764fc49fdbe77c657ab9ed3f9aff31a58729b2b0,"{""d"":7.0,""p"":0.001,""r"":7.0}",
         2,         0,         0,   0.316,correlated_pymatching,a8310dbbc441a92d61d39a18764fc49fdbe77c657ab9ed3f9aff31a58729b2b0,"{""d"":7.0,""p"":0.001,""r"":7.0}",
         4,         0,         0,   0.300,correlated_pymatching,d375ef9124ce40870f0834887e212a4b5fa1761556314559f013816e08158024,"{""d"":7.0,""p"":0.00046415888336127773,""r"":7.0}",
         4,         0,         0,   0.300,correlated_pymatching,d375ef9124ce40870f0834887e212a4b5fa1761556314559f013816e08158024,"{""d"":7.0,""p"":0.00046415888336127773,""r"":7.0}",
         8,         0,         0,   0.304,correlated_pymatching,a8310dbbc441a92d61d39a18764fc49fdbe77c657ab9ed3f9aff31a58729b2b0,"{""d"":7.0,""p"":0.001,""r"":7.0}",
         4,         0,         0,   0.304,correlated_pymatching,a8310dbbc441a92d61d39a18764fc49fdbe77c657ab9ed3f9aff31a58729b2b0,"{""d"":7.0,""p"":0.001,""r"":7.0}",
         1,         0,         0,   0.297,correlated_pymatching,d375ef9124ce40870f0834887e212a4b5fa1761556314559f013816e08158024,"{""d"":7.0,""p"":0.00046415888336127773,""r"":7.0}",
         2,         0,         0,   0.300,correlated_pymatching,d375ef9124ce40870f0834887e212a4b5fa1761556314559f013816e08158024,"{""d"":7.0,""p"":0.00046415888336127773,""r"":7.0}",
         2,         0,         0,   0.312,correlated_pymatching,d375ef9124ce40870f0834887e212a4b5fa1761556314559f013816e08158024,"{""d"":7.0,""p"":0.00046415888336127773,""r"":7.0}",
         4,         0,         0,   0.304,correlated_pymatching,a8310dbbc441a92d61d39a18764fc49fdbe77c657ab9ed3f9aff31a58729b2b0,"{""d"":7.0,""p"":0.001,""r"":7.0}",
         2,         0,         0,   0.300,correlated_pymatching,a8310dbbc441a92d61d39a18764fc49fdbe77c657ab9ed3f9aff31a58729b2b0,"{""d"":7.0,""p"":0.001,""r"":7.0}",
         2,         0,         0,   0.308,correlated_pymatching,a8310dbbc441a92d61d39a18764fc49fdbe77c657ab9ed3f9aff31a58729b2b0,"{""d"":7.0,""p"":0.001,""r"":7.0}",
         2,         0,         0,   0.316,correlated_pymatching,a8310dbbc441a92d61d39a18764fc49fdbe77c657ab9ed3f9aff31a58729b2b0,"{""d"":7.0,""p"":0.001,""r"":7.0}",
         4,         0,         0,   0.288,correlated_pymatching,a8310dbbc441a92d61d39a18764fc49fdbe77c657ab9ed3f9aff31a58729b2b0,"{""d"":7.0,""p"":0.001,""r"":7.0}",
         8,         0,         0,   0.296,correlated_pymatching,a8310dbbc441a92d61d39a18764fc49fdbe77c657ab9ed3f9aff31a58729b2b0,"{""d"":7.0,""p"":0.001,""r"":7.0}",
         8,         0,         0,   0.304,correlated_pymatching,d375ef9124ce40870f0834887e212a4b5fa1761556314559f013816e08158024,"{""d"":7.0,""p"":0.00046415888336127773,""r"":7.0}",
         8,         0,         0,   0.300,correlated_pymatching,d375ef9124ce40870f0834887e212a4b5fa1761556314559f013816e08158024,"{""d"":7.0,""p"":0.00046415888336127773,""r"":7.0}",
         4,         0,         0,   0.291,correlated_pymatching,d375ef9124ce40870f0834887e212a4b5fa1761556314559f013816e08158024,"{""d"":7.0,""p"":0.00046415888336127773,""r"":7.0}",
         2,         0,         0,   0.304,correlated_pymatching,d375ef9124ce40870f0834887e212a4b5fa1761556314559f013816e08158024,"{""d"":7.0,""p"":0.00046415888336127773,""r"":7.0}",
         4,         0,         0,   0.303,correlated_pymatching,a8310dbbc441a92d61d39a18764fc49fdbe77c657ab9ed3f9aff31a58729b2b0,"{""d"":7.0,""p"":0.001,""r"":7.0}",
         4,         0,         0,   0.300,correlated_pymatching,a8310dbbc441a92d61d39a18764fc49fdbe77c657ab9ed3f9aff31a58729b2b0,"{""d"":7.0,""p"":0.001,""r"":7.0}",
         2,         0,         0,   0.300,correlated_pymatching,a8310dbbc441a92d61d39a18764fc49fdbe77c657ab9ed3f9aff31a58729b2b0,"{""d"":7.0,""p"":0.001,""r"":7.0}",
         2,         0,         0,   0.308,correlated_pymatching,a8310dbbc441a92d61d39a18764fc49fdbe77c657ab9ed3f9aff31a58729b2b0,"{""d"":7.0,""p"":0.001,""r"":7.0}",
         2,         0,         0,   0.379,correlated_pymatching,d375ef9124ce40870f0834887e212a4b5fa1761556314559f013816e08158024,"{""d"":7.0,""p"":0.00046415888336127773,""r"":7.0}",
        16,         0,         0,   0.292,correlated_pymatching,a8310dbbc441a92d61d39a18764fc49fdbe77c657ab9ed3f9aff31a58729b2b0,"{""d"":7.0,""p"":0.001,""r"":7.0}",
         8,         0,         0,   0.302,correlated_pymatching,a8310dbbc441a92d61d39a18764fc49fdbe77c657ab9ed3f9aff31a58729b2b0,"{""d"":7.0,""p"":0.001,""r"":7.0}",
         8,         0,         0,   0.300,correlated_pymatching,d375ef9124ce40870f0834887e212a4b5fa1761556314559f013816e08158024,"{""d"":7.0,""p"":0.00046415888336127773,""r"":7.0}",
        16,         0,         0,   0.304,correlated_pymatching,d375ef9124ce40870f0834887e212a4b5fa1761556314559f013816e08158024,"{""d"":7.0,""p"":0.00046415888336127773,""r"":7.0}",
         8,         0,         0,   0.309,correlated_pymatching,d375ef9124ce40870f0834887e212a4b5fa1761556314559f013816e08158024,"{""d"":7.0,""p"":0.00046415888336127773,""r"":7.0}",
         4,         0,         0,   0.304,correlated_pymatching,a8310dbbc441a92d61d39a18764fc49fdbe77c657ab9ed3f9aff31a58729b2b0,"{""d"":7.0,""p"":0.001,""r"":7.0}",
         2,         0,         0,   0.308,correlated_pymatching,d375ef9124ce40870f0834887e212a4b5fa1761556314559f013816e08158024,"{""d"":7.0,""p"":0.00046415888336127773,""r"":7.0}",
         8,         0,         0,   0.304,correlated_pymatching,a8310dbbc441a92d61d39a18764fc49fdbe77c657ab9ed3f9aff31a58729b2b0,"{""d"":7.0,""p"":0.001,""r"":7.0}",
         4,         0,         0,   0.312,correlated_pymatching,a8310dbbc441a92d61d39a18764fc49fdbe77c657ab9ed3f9aff31a58729b2b0,"{""d"":7.0,""p"":0.001,""r"":7.0}",
         2,         0,         0,   0.308,correlated_pymatching,a8310dbbc441a92d61d39a18764fc49fdbe77c657ab9ed3f9aff31a58729b2b0,"{""d"":7.0,""p"":0.001,""r"":7.0}",
         2,         0,         0,   0.296,correlated_pymatching,d375ef9124ce40870f0834887e212a4b5fa1761556314559f013816e08158024,"{""d"":7.0,""p"":0.00046415888336127773,""r"":7.0}",
        16,         0,         0,   0.282,correlated_pymatching,d375ef9124ce40870f0834887e212a4b5fa1761556314559f013816e08158024,"{""d"":7.0,""p"":0.00046415888336127773,""r"":7.0}",
        16,         0,         0,   0.296,correlated_pymatching,d375ef9124ce40870f0834887e212a4b5fa1761556314559f013816e08158024,"{""d"":7.0,""p"":0.00046415888336127773,""r"":7.0}",
         8,         0,         0,   0.302,correlated_pymatching,a8310dbbc441a92d61d39a18764fc49fdbe77c657ab9ed3f9aff31a58729b2b0,"{""d"":7.0,""p"":0.001,""r"":7.0}",
        32,         0,         0,   0.312,correlated_pymatching,a8310dbbc441a92d61d39a18764fc49fdbe77c657ab9ed3f9aff31a58729b2b0,"{""d"":7.0,""p"":0.001,""r"":7.0}",
         8,         0,         0,   0.308,correlated_pymatching,d375ef9124ce40870f0834887e212a4b5fa1761556314559f013816e08158024,"{""d"":7.0,""p"":0.00046415888336127773,""r"":7.0}",
         4,         0,         0,   0.300,correlated_pymatching,a8310dbbc441a92d61d39a18764fc49fdbe77c657ab9ed3f9aff31a58729b2b0,"{""d"":7.0,""p"":0.001,""r"":7.0}",
         2,         0,         0,   0.304,correlated_pymatching,d375ef9124ce40870f0834887e212a4b5fa1761556314559f013816e08158024,"{""d"":7.0,""p"":0.00046415888336127773,""r"":7.0}",
         8,         0,         0,   0.308,correlated_pymatching,a8310dbbc441a92d61d39a18764fc49fdbe77c657ab9ed3f9aff31a58729b2b0,"{""d"":7.0,""p"":0.001,""r"":7.0}",
         4,         0,         0,   0.304,correlated_pymatching,a8310dbbc441a92d61d39a18764fc49fdbe77c657ab9ed3f9aff31a58729b2b0,"{""d"":7.0,""p"":0.001,""r"":7.0}",
         2,         0,         0,   0.316,correlated_pymatching,a8310dbbc441a92d61d39a18764fc49fdbe77c657ab9ed3f9aff31a58729b2b0,"{""d"":7.0,""p"":0.001,""r"":7.0}",
         4,         0,         0,   0.297,correlated_pymatching,d375ef9124ce40870f0834887e212a4b5fa1761556314559f013816e08158024,"{""d"":7.0,""p"":0.00046415888336127773,""r"":7.0}",
        32,         0,         0,   0.269,correlated_pymatching,d375ef9124ce40870f0834887e212a4b5fa1761556314559f013816e08158024,"{""d"":7.0,""p"":0.00046415888336127773,""r"":7.0}",
         8,         0,         0,   0.300,correlated_pymatching,a8310dbbc441a92d61d39a18764fc49fdbe77c657ab9ed3f9aff31a58729b2b0,"{""d"":7.0,""p"":0.001,""r"":7.0}",
        32,         0,         0,   0.304,correlated_pymatching,d375ef9124ce40870f0834887e212a4b5fa1761556314559f013816e08158024,"{""d"":7.0,""p"":0.00046415888336127773,""r"":7.0}",
        32,         0,         0,   0.304,correlated_pymatching,a8310dbbc441a92d61d39a18764fc49fdbe77c657ab9ed3f9aff31a58729b2b0,"{""d"":7.0,""p"":0.001,""r"":7.0}",
         8,         0,         0,   0.296,correlated_pymatching,d375ef9124ce40870f0834887e212a4b5fa1761556314559f013816e08158024,"{""d"":7.0,""p"":0.00046415888336127773,""r"":7.0}",
     16384,         0,         0,    6.13,correlated_pymatching,d375ef9124ce40870f0834887e212a4b5fa1761556314559f013816e08158024,"{""d"":7.0,""p"":0.00046415888336127773,""r"":7.0}",
         8,         0,         0,   0.308,correlated_pymatching,a8310dbbc441a92d61d39a18764fc49fdbe77c657ab9ed3f9aff31a58729b2b0,"{""d"":7.0,""p"":0.001,""r"":7.0}",
         8,         0,         0,   0.296,correlated_pymatching,a8310dbbc441a92d61d39a18764fc49fdbe77c657ab9ed3f9aff31a58729b2b0,"{""d"":7.0,""p"":0.001,""r"":7.0}",
         2,         0,         0,   0.308,correlated_pymatching,d375ef9124ce40870f0834887e212a4b5fa1761556314559f013816e08158024,"{""d"":7.0,""p"":0.00046415888336127773,""r"":7.0}",
         4,         0,         0,   0.304,correlated_pymatching,a8310dbbc441a92d61d39a18764fc49fdbe77c657ab9ed3f9aff31a58729b2b0,"{""d"":7.0,""p"":0.001,""r"":7.0}",
         2,         0,         0,   0.308,correlated_pymatching,a8310dbbc441a92d61d39a18764fc49fdbe77c657ab9ed3f9aff31a58729b2b0,"{""d"":7.0,""p"":0.001,""r"":7.0}",
         8,         0,         0,   0.313,correlated_pymatching,d375ef9124ce40870f0834887e212a4b5fa1761556314559f013816e08158024,"{""d"":7.0,""p"":0.00046415888336127773,""r"":7.0}",
      8192,         0,         0,    6.19,correlated_pymatching,a8310dbbc441a92d61d39a18764fc49fdbe77c657ab9ed3f9aff31a58729b2b0,"{""d"":7.0,""p"":0.001,""r"":7.0}",
      1280,         0,         0,    6.26,correlated_pymatching,a8310dbbc441a92d61d39a18764fc49fdbe77c657ab9ed3f9aff31a58729b2b0,"{""d"":7.0,""p"":0.001,""r"":7.0}",
        64,         0,         0,   0.304,correlated_pymatching,d375ef9124ce40870f0834887e212a4b5fa1761556314559f013816e08158024,"{""d"":7.0,""p"":0.00046415888336127773,""r"":7.0}",
        16,         0,         0,   0.300,correlated_pymatching,a8310dbbc441a92d61d39a18764fc49fdbe77c657ab9ed3f9aff31a58729b2b0,"{""d"":7.0,""p"":0.001,""r"":7.0}",
        32,         0,         0,   0.304,correlated_pymatching,d375ef9124ce40870f0834887e212a4b5fa1761556314559f013816e08158024,"{""d"":7.0,""p"":0.00046415888336127773,""r"":7.0}",
        16,         0,         0,   0.292,correlated_pymatching,d375ef9124ce40870f0834887e212a4b5fa1761556314559f013816e08158024,"{""d"":7.0,""p"":0.00046415888336127773,""r"":7.0}",
        32,         0,         0,   0.308,correlated_pymatching,a8310dbbc441a92d61d39a18764fc49fdbe77c657ab9ed3f9aff31a58729b2b0,"{""d"":7.0,""p"":0.001,""r"":7.0}",
         2,         0,         0,   0.296,correlated_pymatching,d375ef9124ce40870f0834887e212a4b5fa1761556314559f013816e08158024,"{""d"":7.0,""p"":0.00046415888336127773,""r"":7.0}",
         8,         0,         0,   0.304,correlated_pymatching,a8310dbbc441a92d61d39a18764fc49fdbe77c657ab9ed3f9aff31a58729b2b0,"{""d"":7.0,""p"":0.001,""r"":7.0}",
        16,         0,         0,   0.312,correlated_pymatching,a8310dbbc441a92d61d39a18764fc49fdbe77c657ab9ed3f9aff31a58729b2b0,"{""d"":7.0,""p"":0.001,""r"":7.0}",
         4,         0,         0,   0.298,correlated_pymatching,a8310dbbc441a92d61d39a18764fc49fdbe77c657ab9ed3f9aff31a58729b2b0,"{""d"":7.0,""p"":0.001,""r"":7.0}",
         8,         0,         0,   0.305,correlated_pymatching,d375ef9124ce40870f0834887e212a4b5fa1761556314559f013816e08158024,"{""d"":7.0,""p"":0.00046415888336127773,""r"":7.0}",
         2,         0,         0,   0.316,correlated_pymatching,a8310dbbc441a92d61d39a18764fc49fdbe77c657ab9ed3f9aff31a58729b2b0,"{""d"":7.0,""p"":0.001,""r"":7.0}",
      4864,         0,         0,    6.15,correlated_pymatching,d375ef9124ce40870f0834887e212a4b5fa1761556314559f013816e08158024,"{""d"":7.0,""p"":0.00046415888336127773,""r"":7.0}",
        64,         0,         0,   0.304,correlated_pymatching,d375ef9124ce40870f0834887e212a4b5fa1761556314559f013816e08158024,"{""d"":7.0,""p"":0.00046415888336127773,""r"":7.0}",
        32,         0,         0,   0.304,correlated_pymatching,a8310dbbc441a92d61d39a18764fc49fdbe77c657ab9ed3f9aff31a58729b2b0,"{""d"":7.0,""p"":0.001,""r"":7.0}",
      1088,         0,         0,    6.23,correlated_pymatching,d375ef9124ce40870f0834887e212a4b5fa1761556314559f013816e08158024,"{""d"":7.0,""p"":0.00046415888336127773,""r"":7.0}",
        32,         0,         0,   0.300,correlated_pymatching,d375ef9124ce40870f0834887e212a4b5fa1761556314559f013816e08158024,"{""d"":7.0,""p"":0.00046415888336127773,""r"":7.0}",
        32,         0,         0,   0.304,correlated_pymatching,a8310dbbc441a92d61d39a18764fc49fdbe77c657ab9ed3f9aff31a58729b2b0,"{""d"":7.0,""p"":0.001,""r"":7.0}",
        32,         0,         0,   0.316,correlated_pymatching,d375ef9124ce40870f0834887e212a4b5fa1761556314559f013816e08158024,"{""d"":7.0,""p"":0.00046415888336127773,""r"":7.0}",
         8,         0,         0,   0.304,correlated_pymatching,a8310dbbc441a92d61d39a18764fc49fdbe77c657ab9ed3f9aff31a58729b2b0,"{""d"":7.0,""p"":0.001,""r"":7.0}",
         4,         0,         0,   0.312,correlated_pymatching,d375ef9124ce40870f0834887e212a4b5fa1761556314559f013816e08158024,"{""d"":7.0,""p"":0.00046415888336127773,""r"":7.0}",
        16,         0,         0,   0.304,correlated_pymatching,a8310dbbc441a92d61d39a18764fc49fdbe77c657ab9ed3f9aff31a58729b2b0,"{""d"":7.0,""p"":0.001,""r"":7.0}",
         8,         0,         0,   0.309,correlated_pymatching,a8310dbbc441a92d61d39a18764fc49fdbe77c657ab9ed3f9aff31a58729b2b0,"{""d"":7.0,""p"":0.001,""r"":7.0}",
         8,         0,         0,   0.308,correlated_pymatching,d375ef9124ce40870f0834887e212a4b5fa1761556314559f013816e08158024,"{""d"":7.0,""p"":0.00046415888336127773,""r"":7.0}",
         2,         0,         0,   0.312,correlated_pymatching,a8310dbbc441a92d61d39a18764fc49fdbe77c657ab9ed3f9aff31a58729b2b0,"{""d"":7.0,""p"":0.001,""r"":7.0}",
     40173,         0,         0,    15.6,correlated_pymatching,d375ef9124ce40870f0834887e212a4b5fa1761556314559f013816e08158024,"{""d"":7.0,""p"":0.00046415888336127773,""r"":7.0}",
       128,         0,         0,   0.628,correlated_pymatching,d375ef9124ce40870f0834887e212a4b5fa1761556314559f013816e08158024,"{""d"":7.0,""p"":0.00046415888336127773,""r"":7.0}",
        64,         0,         0,   0.604,correlated_pymatching,a8310dbbc441a92d61d39a18764fc49fdbe77c657ab9ed3f9aff31a58729b2b0,"{""d"":7.0,""p"":0.001,""r"":7.0}",
       192,         0,         0,   0.612,correlated_pymatching,d375ef9124ce40870f0834887e212a4b5fa1761556314559f013816e08158024,"{""d"":7.0,""p"":0.00046415888336127773,""r"":7.0}",
        96,         0,         0,   0.608,correlated_pymatching,d375ef9124ce40870f0834887e212a4b5fa1761556314559f013816e08158024,"{""d"":7.0,""p"":0.00046415888336127773,""r"":7.0}",
        96,         0,         0,   0.616,correlated_pymatching,a8310dbbc441a92d61d39a18764fc49fdbe77c657ab9ed3f9aff31a58729b2b0,"{""d"":7.0,""p"":0.001,""r"":7.0}",
        24,         0,         0,   0.608,correlated_pymatching,a8310dbbc441a92d61d39a18764fc49fdbe77c657ab9ed3f9aff31a58729b2b0,"{""d"":7.0,""p"":0.001,""r"":7.0}",
        32,         0,         0,   0.608,correlated_pymatching,a8310dbbc441a92d61d39a18764fc49fdbe77c657ab9ed3f9aff31a58729b2b0,"{""d"":7.0,""p"":0.001,""r"":7.0}",
         8,         0,         0,   0.616,correlated_pymatching,d375ef9124ce40870f0834887e212a4b5fa1761556314559f013816e08158024,"{""d"":7.0,""p"":0.00046415888336127773,""r"":7.0}",
        16,         0,         0,   0.612,correlated_pymatching,a8310dbbc441a92d61d39a18764fc49fdbe77c657ab9ed3f9aff31a58729b2b0,"{""d"":7.0,""p"":0.001,""r"":7.0}",
        24,         0,         0,   0.604,correlated_pymatching,d375ef9124ce40870f0834887e212a4b5fa1761556314559f013816e08158024,"{""d"":7.0,""p"":0.00046415888336127773,""r"":7.0}",
         4,         0,         0,   0.616,correlated_pymatching,a8310dbbc441a92d61d39a18764fc49fdbe77c657ab9ed3f9aff31a58729b2b0,"{""d"":7.0,""p"":0.001,""r"":7.0}",
       128,         0,         0,   0.672,correlated_pymatching,a8310dbbc441a92d61d39a18764fc49fdbe77c657ab9ed3f9aff31a58729b2b0,"{""d"":7.0,""p"":0.001,""r"":7.0}",
       128,         0,         0,   0.683,correlated_pymatching,d375ef9124ce40870f0834887e212a4b5fa1761556314559f013816e08158024,"{""d"":7.0,""p"":0.00046415888336127773,""r"":7.0}",
        32,         0,         0,   0.652,correlated_pymatching,a8310dbbc441a92d61d39a18764fc49fdbe77c657ab9ed3f9aff31a58729b2b0,"{""d"":7.0,""p"":0.001,""r"":7.0}",
        32,         0,         0,   0.668,correlated_pymatching,a8310dbbc441a92d61d39a18764fc49fdbe77c657ab9ed3f9aff31a58729b2b0,"{""d"":7.0,""p"":0.001,""r"":7.0}",
       192,         0,         0,   0.728,correlated_pymatching,d375ef9124ce40870f0834887e212a4b5fa1761556314559f013816e08158024,"{""d"":7.0,""p"":0.00046415888336127773,""r"":7.0}",
        96,         0,         0,   0.708,correlated_pymatching,a8310dbbc441a92d61d39a18764fc49fdbe77c657ab9ed3f9aff31a58729b2b0,"{""d"":7.0,""p"":0.001,""r"":7.0}",
        16,         0,         0,   0.636,correlated_pymatching,a8310dbbc441a92d61d39a18764fc49fdbe77c657ab9ed3f9aff31a58729b2b0,"{""d"":7.0,""p"":0.001,""r"":7.0}",
         8,         0,         0,   0.672,correlated_pymatching,d375ef9124ce40870f0834887e212a4b5fa1761556314559f013816e08158024,"{""d"":7.0,""p"":0.00046415888336127773,""r"":7.0}",
       256,         0,         0,   0.716,correlated_pymatching,d375ef9124ce40870f0834887e212a4b5fa1761556314559f013816e08158024,"{""d"":7.0,""p"":0.00046415888336127773,""r"":7.0}",
        32,         0,         0,   0.700,correlated_pymatching,d375ef9124ce40870f0834887e212a4b5fa1761556314559f013816e08158024,"{""d"":7.0,""p"":0.00046415888336127773,""r"":7.0}",
         4,         0,         0,   0.682,correlated_pymatching,a8310dbbc441a92d61d39a18764fc49fdbe77c657ab9ed3f9aff31a58729b2b0,"{""d"":7.0,""p"":0.001,""r"":7.0}",
    129177,        21,         0,    58.7,correlated_pymatching,a8310dbbc441a92d61d39a18764fc49fdbe77c657ab9ed3f9aff31a58729b2b0,"{""d"":7.0,""p"":0.001,""r"":7.0}","{""obs_mistake_mask=E"":21}"
    121856,        19,         0,    55.5,correlated_pymatching,a8310dbbc441a92d61d39a18764fc49fdbe77c657ab9ed3f9aff31a58729b2b0,"{""d"":7.0,""p"":0.001,""r"":7.0}","{""obs_mistake_mask=E"":19}"
    123904,        23,         0,    57.6,correlated_pymatching,a8310dbbc441a92d61d39a18764fc49fdbe77c657ab9ed3f9aff31a58729b2b0,"{""d"":7.0,""p"":0.001,""r"":7.0}","{""obs_mistake_mask=E"":23}"
        48,         0,         0,   0.905,correlated_pymatching,a8310dbbc441a92d61d39a18764fc49fdbe77c657ab9ed3f9aff31a58729b2b0,"{""d"":7.0,""p"":0.001,""r"":7.0}",
        48,         0,         0,   0.911,correlated_pymatching,a8310dbbc441a92d61d39a18764fc49fdbe77c657ab9ed3f9aff31a58729b2b0,"{""d"":7.0,""p"":0.001,""r"":7.0}",
       384,         0,         0,   0.919,correlated_pymatching,d375ef9124ce40870f0834887e212a4b5fa1761556314559f013816e08158024,"{""d"":7.0,""p"":0.00046415888336127773,""r"":7.0}",
        24,         0,         0,   0.919,correlated_pymatching,a8310dbbc441a92d61d39a18764fc49fdbe77c657ab9ed3f9aff31a58729b2b0,"{""d"":7.0,""p"":0.001,""r"":7.0}",
       192,         0,         0,   0.931,correlated_pymatching,a8310dbbc441a92d61d39a18764fc49fdbe77c657ab9ed3f9aff31a58729b2b0,"{""d"":7.0,""p"":0.001,""r"":7.0}",
        20,         0,         0,   0.915,correlated_pymatching,d375ef9124ce40870f0834887e212a4b5fa1761556314559f013816e08158024,"{""d"":7.0,""p"":0.00046415888336127773,""r"":7.0}",
       640,         0,         0,   0.936,correlated_pymatching,d375ef9124ce40870f0834887e212a4b5fa1761556314559f013816e08158024,"{""d"":7.0,""p"":0.00046415888336127773,""r"":7.0}",
       192,         0,         0,   0.971,correlated_pymatching,a8310dbbc441a92d61d39a18764fc49fdbe77c657ab9ed3f9aff31a58729b2b0,"{""d"":7.0,""p"":0.001,""r"":7.0}",
       192,         0,         0,    1.01,correlated_pymatching,d375ef9124ce40870f0834887e212a4b5fa1761556314559f013816e08158024,"{""d"":7.0,""p"":0.00046415888336127773,""r"":7.0}",
        48,         0,         0,   0.928,correlated_pymatching,d375ef9124ce40870f0834887e212a4b5fa1761556314559f013816e08158024,"{""d"":7.0,""p"":0.00046415888336127773,""r"":7.0}",
         6,         0,         0,   0.937,correlated_pymatching,a8310dbbc441a92d61d39a18764fc49fdbe77c657ab9ed3f9aff31a58729b2b0,"{""d"":7.0,""p"":0.001,""r"":7.0}",
        80,         0,         0,    1.20,correlated_pymatching,a8310dbbc441a92d61d39a18764fc49fdbe77c657ab9ed3f9aff31a58729b2b0,"{""d"":7.0,""p"":0.001,""r"":7.0}",
        56,         0,         0,    1.22,correlated_pymatching,a8310dbbc441a92d61d39a18764fc49fdbe77c657ab9ed3f9aff31a58729b2b0,"{""d"":7.0,""p"":0.001,""r"":7.0}",
       512,         0,         0,    1.23,correlated_pymatching,d375ef9124ce40870f0834887e212a4b5fa1761556314559f013816e08158024,"{""d"":7.0,""p"":0.00046415888336127773,""r"":7.0}",
       128,         0,         0,    1.24,correlated_pymatching,a8310dbbc441a92d61d39a18764fc49fdbe77c657ab9ed3f9aff31a58729b2b0,"{""d"":7.0,""p"":0.001,""r"":7.0}",
       256,         0,         0,    1.23,correlated_pymatching,a8310dbbc441a92d61d39a18764fc49fdbe77c657ab9ed3f9aff31a58729b2b0,"{""d"":7.0,""p"":0.001,""r"":7.0}",
        32,         0,         0,    1.23,correlated_pymatching,d375ef9124ce40870f0834887e212a4b5fa1761556314559f013816e08158024,"{""d"":7.0,""p"":0.00046415888336127773,""r"":7.0}",
       256,         0,         0,    1.24,correlated_pymatching,a8310dbbc441a92d61d39a18764fc49fdbe77c657ab9ed3f9aff31a58729b2b0,"{""d"":7.0,""p"":0.001,""r"":7.0}",
       256,         0,         0,    1.23,correlated_pymatching,d375ef9124ce40870f0834887e212a4b5fa1761556314559f013816e08158024,"{""d"":7.0,""p"":0.00046415888336127773,""r"":7.0}",
      1024,         0,         0,    1.28,correlated_pymatching,d375ef9124ce40870f0834887e212a4b5fa1761556314559f013816e08158024,"{""d"":7.0,""p"":0.00046415888336127773,""r"":7.0}",
       112,         0,         0,    1.22,correlated_pymatching,d375ef9124ce40870f0834887e212a4b5fa1761556314559f013816e08158024,"{""d"":7.0,""p"":0.00046415888336127773,""r"":7.0}",
         8,         0,         0,    1.24,correlated_pymatching,a8310dbbc441a92d61d39a18764fc49fdbe77c657ab9ed3f9aff31a58729b2b0,"{""d"":7.0,""p"":0.001,""r"":7.0}",
       320,         0,         0,    1.57,correlated_pymatching,a8310dbbc441a92d61d39a18764fc49fdbe77c657ab9ed3f9aff31a58729b2b0,"{""d"":7.0,""p"":0.001,""r"":7.0}",
       160,         0,         0,    1.56,correlated_pymatching,a8310dbbc441a92d61d39a18764fc49fdbe77c657ab9ed3f9aff31a58729b2b0,"{""d"":7.0,""p"":0.001,""r"":7.0}",
      1152,         0,         0,    1.58,correlated_pymatching,d375ef9124ce40870f0834887e212a4b5fa1761556314559f013816e08158024,"{""d"":7.0,""p"":0.00046415888336127773,""r"":7.0}",
       448,         0,         0,    1.57,correlated_pymatching,a8310dbbc441a92d61d39a18764fc49fdbe77c657ab9ed3f9aff31a58729b2b0,"{""d"":7.0,""p"":0.001,""r"":7.0}",
      1280,         0,         0,    1.59,correlated_pymatching,d375ef9124ce40870f0834887e212a4b5fa1761556314559f013816e08158024,"{""d"":7.0,""p"":0.00046415888336127773,""r"":7.0}",
        10,         0,         0,    1.57,correlated_pymatching,a8310dbbc441a92d61d39a18764fc49fdbe77c657ab9ed3f9aff31a58729b2b0,"{""d"":7.0,""p"":0.001,""r"":7.0}",
       224,         0,         0,    1.85,correlated_pymatching,a8310dbbc441a92d61d39a18764fc49fdbe77c657ab9ed3f9aff31a58729b2b0,"{""d"":7.0,""p"":0.001,""r"":7.0}",
       384,         0,         0,    1.85,correlated_pymatching,a8310dbbc441a92d61d39a18764fc49fdbe77c657ab9ed3f9aff31a58729b2b0,"{""d"":7.0,""p"":0.001,""r"":7.0}",
        48,         0,         0,    1.85,correlated_pymatching,d375ef9124ce40870f0834887e212a4b5fa1761556314559f013816e08158024,"{""d"":7.0,""p"":0.00046415888336127773,""r"":7.0}",
       224,         0,         0,    1.85,correlated_pymatching,d375ef9124ce40870f0834887e212a4b5fa1761556314559f013816e08158024,"{""d"":7.0,""p"":0.00046415888336127773,""r"":7.0}",
       768,         0,         0,    1.87,correlated_pymatching,d375ef9124ce40870f0834887e212a4b5fa1761556314559f013816e08158024,"{""d"":7.0,""p"":0.00046415888336127773,""r"":7.0}",
      1792,         0,         0,    2.22,correlated_pymatching,d375ef9124ce40870f0834887e212a4b5fa1761556314559f013816e08158024,"{""d"":7.0,""p"":0.00046415888336127773,""r"":7.0}",
       896,         2,         0,    2.22,correlated_pymatching,a8310dbbc441a92d61d39a18764fc49fdbe77c657ab9ed3f9aff31a58729b2b0,"{""d"":7.0,""p"":0.001,""r"":7.0}","{""obs_mistake_mask=E"":2}"
      1792,         0,         0,    2.23,correlated_pymatching,d375ef9124ce40870f0834887e212a4b5fa1761556314559f013816e08158024,"{""d"":7.0,""p"":0.00046415888336127773,""r"":7.0}",
       512,         0,         0,    2.49,correlated_pymatching,a8310dbbc441a92d61d39a18764fc49fdbe77c657ab9ed3f9aff31a58729b2b0,"{""d"":7.0,""p"":0.001,""r"":7.0}",
       256,         0,         0,    2.49,correlated_pymatching,a8310dbbc441a92d61d39a18764fc49fdbe77c657ab9ed3f9aff31a58729b2b0,"{""d"":7.0,""p"":0.001,""r"":7.0}",
       704,         0,         0,    2.18,correlated_pymatching,a8310dbbc441a92d61d39a18764fc49fdbe77c657ab9ed3f9aff31a58729b2b0,"{""d"":7.0,""p"":0.001,""r"":7.0}",
       448,         0,         0,    2.21,correlated_pymatching,a8310dbbc441a92d61d39a18764fc49fdbe77c657ab9ed3f9aff31a58729b2b0,"{""d"":7.0,""p"":0.001,""r"":7.0}",
      1280,         0,         0,    2.20,correlated_pymatching,d375ef9124ce40870f0834887e212a4b5fa1761556314559f013816e08158024,"{""d"":7.0,""p"":0.00046415888336127773,""r"":7.0}",
        30,         0,         0,    2.47,correlated_pymatching,a8310dbbc441a92d61d39a18764fc49fdbe77c657ab9ed3f9aff31a58729b2b0,"{""d"":7.0,""p"":0.001,""r"":7.0}",
        80,         0,         0,    2.45,correlated_pymatching,d375ef9124ce40870f0834887e212a4b5fa1761556314559f013816e08158024,"{""d"":7.0,""p"":0.00046415888336127773,""r"":7.0}",
     22528,         0,         0,    8.41,correlated_pymatching,d375ef9124ce40870f0834887e212a4b5fa1761556314559f013816e08158024,"{""d"":7.0,""p"":0.00046415888336127773,""r"":7.0}",
       576,         0,         0,    2.47,correlated_pymatching,d375ef9124ce40870f0834887e212a4b5fa1761556314559f013816e08158024,"{""d"":7.0,""p"":0.00046415888336127773,""r"":7.0}",
      2496,         1,         0,    8.42,correlated_pymatching,a8310dbbc441a92d61d39a18764fc49fdbe77c657ab9ed3f9aff31a58729b2b0,"{""d"":7.0,""p"":0.001,""r"":7.0}","{""obs_mistake_mask=E"":1}"
     11264,         2,         0,    8.69,correlated_pymatching,a8310dbbc441a92d61d39a18764fc49fdbe77c657ab9ed3f9aff31a58729b2b0,"{""d"":7.0,""p"":0.001,""r"":7.0}","{""obs_mistake_mask=E"":2}"
      6656,         0,         0,    8.52,correlated_pymatching,d375ef9124ce40870f0834887e212a4b5fa1761556314559f013816e08158024,"{""d"":7.0,""p"":0.00046415888336127773,""r"":7.0}",
      3456,         0,         0,    8.62,correlated_pymatching,d375ef9124ce40870f0834887e212a4b5fa1761556314559f013816e08158024,"{""d"":7.0,""p"":0.00046415888336127773,""r"":7.0}",
     36236,         0,         0,    24.8,correlated_pymatching,d375ef9124ce40870f0834887e212a4b5fa1761556314559f013816e08158024,"{""d"":7.0,""p"":0.00046415888336127773,""r"":7.0}",
     31744,         0,         0,    12.1,correlated_pymatching,d375ef9124ce40870f0834887e212a4b5fa1761556314559f013816e08158024,"{""d"":7.0,""p"":0.00046415888336127773,""r"":7.0}",
     33792,         0,         0,    13.0,correlated_pymatching,d375ef9124ce40870f0834887e212a4b5fa1761556314559f013816e08158024,"{""d"":7.0,""p"":0.00046415888336127773,""r"":7.0}",
     34816,         0,         0,    13.3,correlated_pymatching,d375ef9124ce40870f0834887e212a4b5fa1761556314559f013816e08158024,"{""d"":7.0,""p"":0.00046415888336127773,""r"":7.0}",
     33792,         1,         0,    12.7,correlated_pymatching,d375ef9124ce40870f0834887e212a4b5fa1761556314559f013816e08158024,"{""d"":7.0,""p"":0.00046415888336127773,""r"":7.0}","{""obs_mistake_mask=E"":1}"
     34816,         0,         0,    13.2,correlated_pymatching,d375ef9124ce40870f0834887e212a4b5fa1761556314559f013816e08158024,"{""d"":7.0,""p"":0.00046415888336127773,""r"":7.0}",
     35840,         0,         0,    13.5,correlated_pymatching,d375ef9124ce40870f0834887e212a4b5fa1761556314559f013816e08158024,"{""d"":7.0,""p"":0.00046415888336127773,""r"":7.0}",
       396,         0,         0,   0.321,correlated_pymatching,d375ef9124ce40870f0834887e212a4b5fa1761556314559f013816e08158024,"{""d"":7.0,""p"":0.00046415888336127773,""r"":7.0}",
     25600,         0,         0,    9.84,correlated_pymatching,d375ef9124ce40870f0834887e212a4b5fa1761556314559f013816e08158024,"{""d"":7.0,""p"":0.00046415888336127773,""r"":7.0}",
    120452,        19,         0,    54.7,correlated_pymatching,a8310dbbc441a92d61d39a18764fc49fdbe77c657ab9ed3f9aff31a58729b2b0,"{""d"":7.0,""p"":0.001,""r"":7.0}","{""obs_mistake_mask=E"":19}"
        32,         0,         0,    2.51,correlated_pymatching,a8310dbbc441a92d61d39a18764fc49fdbe77c657ab9ed3f9aff31a58729b2b0,"{""d"":7.0,""p"":0.001,""r"":7.0}",
     18688,         2,         0,    25.6,correlated_pymatching,a8310dbbc441a92d61d39a18764fc49fdbe77c657ab9ed3f9aff31a58729b2b0,"{""d"":7.0,""p"":0.001,""r"":7.0}","{""obs_mistake_mask=E"":2}"
     18432,         1,         0,    8.60,correlated_pymatching,a8310dbbc441a92d61d39a18764fc49fdbe77c657ab9ed3f9aff31a58729b2b0,"{""d"":7.0,""p"":0.001,""r"":7.0}","{""obs_mistake_mask=E"":1}"
      1152,         0,         0,    2.91,correlated_pymatching,a8310dbbc441a92d61d39a18764fc49fdbe77c657ab9ed3f9aff31a58729b2b0,"{""d"":7.0,""p"":0.001,""r"":7.0}",
      2560,         2,         0,    1.94,correlated_pymatching,a8310dbbc441a92d61d39a18764fc49fdbe77c657ab9ed3f9aff31a58729b2b0,"{""d"":7.0,""p"":0.001,""r"":7.0}","{""obs_mistake_mask=E"":2}"
     19456,         6,         0,    8.80,correlated_pymatching,a8310dbbc441a92d61d39a18764fc49fdbe77c657ab9ed3f9aff31a58729b2b0,"{""d"":7.0,""p"":0.001,""r"":7.0}","{""obs_mistake_mask=E"":6}"
       352,         0,         0,    2.78,correlated_pymatching,a8310dbbc441a92d61d39a18764fc49fdbe77c657ab9ed3f9aff31a58729b2b0,"{""d"":7.0,""p"":0.001,""r"":7.0}",
       576,         0,         0,    2.81,correlated_pymatching,a8310dbbc441a92d61d39a18764fc49fdbe77c657ab9ed3f9aff31a58729b2b0,"{""d"":7.0,""p"":0.001,""r"":7.0}",
     19456,         1,         0,    8.79,correlated_pymatching,a8310dbbc441a92d61d39a18764fc49fdbe77c657ab9ed3f9aff31a58729b2b0,"{""d"":7.0,""p"":0.001,""r"":7.0}","{""obs_mistake_mask=E"":1}"
       896,         0,         0,    2.27,correlated_pymatching,a8310dbbc441a92d61d39a18764fc49fdbe77c657ab9ed3f9aff31a58729b2b0,"{""d"":7.0,""p"":0.001,""r"":7.0}",
     22784,         2,         0,    31.1,correlated_pymatching,a8310dbbc441a92d61d39a18764fc49fdbe77c657ab9ed3f9aff31a58729b2b0,"{""d"":7.0,""p"":0.001,""r"":7.0}","{""obs_mistake_mask=E"":2}"
       576,         0,         0,    2.84,correlated_pymatching,a8310dbbc441a92d61d39a18764fc49fdbe77c657ab9ed3f9aff31a58729b2b0,"{""d"":7.0,""p"":0.001,""r"":7.0}",
      1152,         0,         0,    2.86,correlated_pymatching,a8310dbbc441a92d61d39a18764fc49fdbe77c657ab9ed3f9aff31a58729b2b0,"{""d"":7.0,""p"":0.001,""r"":7.0}",
     18688,         2,         0,    25.6,correlated_pymatching,a8310dbbc441a92d61d39a18764fc49fdbe77c657ab9ed3f9aff31a58729b2b0,"{""d"":7.0,""p"":0.001,""r"":7.0}","{""obs_mistake_mask=E"":2}"
     40960,         4,         0,    31.0,correlated_pymatching,a8310dbbc441a92d61d39a18764fc49fdbe77c657ab9ed3f9aff31a58729b2b0,"{""d"":7.0,""p"":0.001,""r"":7.0}","{""obs_mistake_mask=E"":4}"
      2560,         0,         0,    3.25,correlated_pymatching,d375ef9124ce40870f0834887e212a4b5fa1761556314559f013816e08158024,"{""d"":7.0,""p"":0.00046415888336127773,""r"":7.0}",
      2560,         0,         0,    3.19,correlated_pymatching,d375ef9124ce40870f0834887e212a4b5fa1761556314559f013816e08158024,"{""d"":7.0,""p"":0.00046415888336127773,""r"":7.0}",
      2560,         0,         0,    3.24,correlated_pymatching,d375ef9124ce40870f0834887e212a4b5fa1761556314559f013816e08158024,"{""d"":7.0,""p"":0.00046415888336127773,""r"":7.0}",
       272,         0,         0,    3.11,correlated_pymatching,d375ef9124ce40870f0834887e212a4b5fa1761556314559f013816e08158024,"{""d"":7.0,""p"":0.00046415888336127773,""r"":7.0}",
      1920,         0,         0,    3.19,correlated_pymatching,d375ef9124ce40870f0834887e212a4b5fa1761556314559f013816e08158024,"{""d"":7.0,""p"":0.00046415888336127773,""r"":7.0}",
         1,         0,         0,   0.327,correlated_pymatching,d375ef9124ce40870f0834887e212a4b5fa1761556314559f013816e08158024,"{""d"":7.0,""p"":0.00046415888336127773,""r"":7.0}",
         1,         0,         0,   0.291,correlated_pymatching,d375ef9124ce40870f0834887e212a4b5fa1761556314559f013816e08158024,"{""d"":7.0,""p"":0.00046415888336127773,""r"":7.0}",
         1,         0,         0,   0.322,correlated_pymatching,d375ef9124ce40870f0834887e212a4b5fa1761556314559f013816e08158024,"{""d"":7.0,""p"":0.00046415888336127773,""r"":7.0}",
         1,         0,         0,   0.327,correlated_pymatching,d375ef9124ce40870f0834887e212a4b5fa1761556314559f013816e08158024,"{""d"":7.0,""p"":0.00046415888336127773,""r"":7.0}",
         1,         0,         0,   0.335,correlated_pymatching,d375ef9124ce40870f0834887e212a4b5fa1761556314559f013816e08158024,"{""d"":7.0,""p"":0.00046415888336127773,""r"":7.0}",
         1,         0,         0,   0.337,correlated_pymatching,d375ef9124ce40870f0834887e212a4b5fa1761556314559f013816e08158024,"{""d"":7.0,""p"":0.00046415888336127773,""r"":7.0}",
         1,         0,         0,   0.331,correlated_pymatching,d375ef9124ce40870f0834887e212a4b5fa1761556314559f013816e08158024,"{""d"":7.0,""p"":0.00046415888336127773,""r"":7.0}",
         1,         0,         0,   0.292,correlated_pymatching,d375ef9124ce40870f0834887e212a4b5fa1761556314559f013816e08158024,"{""d"":7.0,""p"":0.00046415888336127773,""r"":7.0}",
         1,         0,         0,   0.339,correlated_pymatching,d375ef9124ce40870f0834887e212a4b5fa1761556314559f013816e08158024,"{""d"":7.0,""p"":0.00046415888336127773,""r"":7.0}",
         1,         0,         0,   0.331,correlated_pymatching,d375ef9124ce40870f0834887e212a4b5fa1761556314559f013816e08158024,"{""d"":7.0,""p"":0.00046415888336127773,""r"":7.0}",
         1,         0,         0,   0.316,correlated_pymatching,d375ef9124ce40870f0834887e212a4b5fa1761556314559f013816e08158024,"{""d"":7.0,""p"":0.00046415888336127773,""r"":7.0}",
         1,         0,         0,   0.330,correlated_pymatching,d375ef9124ce40870f0834887e212a4b5fa1761556314559f013816e08158024,"{""d"":7.0,""p"":0.00046415888336127773,""r"":7.0}",
         1,         0,         0,   0.327,correlated_pymatching,d375ef9124ce40870f0834887e212a4b5fa1761556314559f013816e08158024,"{""d"":7.0,""p"":0.00046415888336127773,""r"":7.0}",
         1,         0,         0,   0.335,correlated_pymatching,d375ef9124ce40870f0834887e212a4b5fa1761556314559f013816e08158024,"{""d"":7.0,""p"":0.00046415888336127773,""r"":7.0}",
         1,         0,         0,   0.327,correlated_pymatching,d375ef9124ce40870f0834887e212a4b5fa1761556314559f013816e08158024,"{""d"":7.0,""p"":0.00046415888336127773,""r"":7.0}",
         1,         0,         0,   0.315,correlated_pymatching,d375ef9124ce40870f0834887e212a4b5fa1761556314559f013816e08158024,"{""d"":7.0,""p"":0.00046415888336127773,""r"":7.0}",
      8259,         0,         0,    3.41,correlated_pymatching,d375ef9124ce40870f0834887e212a4b5fa1761556314559f013816e08158024,"{""d"":7.0,""p"":0.00046415888336127773,""r"":7.0}",
         1,         0,         0,   0.312,correlated_pymatching,d375ef9124ce40870f0834887e212a4b5fa1761556314559f013816e08158024,"{""d"":7.0,""p"":0.00046415888336127773,""r"":7.0}",
         1,         0,         0,   0.308,correlated_pymatching,d375ef9124ce40870f0834887e212a4b5fa1761556314559f013816e08158024,"{""d"":7.0,""p"":0.00046415888336127773,""r"":7.0}",
         1,         0,         0,   0.304,correlated_pymatching,d375ef9124ce40870f0834887e212a4b5fa1761556314559f013816e08158024,"{""d"":7.0,""p"":0.00046415888336127773,""r"":7.0}",
         2,         0,         0,   0.296,correlated_pymatching,d375ef9124ce40870f0834887e212a4b5fa1761556314559f013816e08158024,"{""d"":7.0,""p"":0.00046415888336127773,""r"":7.0}",
         1,         0,         0,   0.312,correlated_pymatching,d375ef9124ce40870f0834887e212a4b5fa1761556314559f013816e08158024,"{""d"":7.0,""p"":0.00046415888336127773,""r"":7.0}",
         1,         0,         0,   0.308,correlated_pymatching,d375ef9124ce40870f0834887e212a4b5fa1761556314559f013816e08158024,"{""d"":7.0,""p"":0.00046415888336127773,""r"":7.0}",
         2,         0,         0,   0.320,correlated_pymatching,d375ef9124ce40870f0834887e212a4b5fa1761556314559f013816e08158024,"{""d"":7.0,""p"":0.00046415888336127773,""r"":7.0}",
         1,         0,         0,   0.290,correlated_pymatching,d375ef9124ce40870f0834887e212a4b5fa1761556314559f013816e08158024,"{""d"":7.0,""p"":0.00046415888336127773,""r"":7.0}",
         1,         0,         0,   0.296,correlated_pymatching,d375ef9124ce40870f0834887e212a4b5fa1761556314559f013816e08158024,"{""d"":7.0,""p"":0.00046415888336127773,""r"":7.0}",
         1,         0,         0,   0.320,correlated_pymatching,d375ef9124ce40870f0834887e212a4b5fa1761556314559f013816e08158024,"{""d"":7.0,""p"":0.00046415888336127773,""r"":7.0}",
         1,         0,         0,   0.304,correlated_pymatching,d375ef9124ce40870f0834887e212a4b5fa1761556314559f013816e08158024,"{""d"":7.0,""p"":0.00046415888336127773,""r"":7.0}",
         1,         0,         0,   0.304,correlated_pymatching,d375ef9124ce40870f0834887e212a4b5fa1761556314559f013816e08158024,"{""d"":7.0,""p"":0.00046415888336127773,""r"":7.0}",
         1,         0,         0,   0.300,correlated_pymatching,d375ef9124ce40870f0834887e212a4b5fa1761556314559f013816e08158024,"{""d"":7.0,""p"":0.00046415888336127773,""r"":7.0}",
         1,         0,         0,   0.308,correlated_pymatching,d375ef9124ce40870f0834887e212a4b5fa1761556314559f013816e08158024,"{""d"":7.0,""p"":0.00046415888336127773,""r"":7.0}",
         1,         0,         0,   0.319,correlated_pymatching,d375ef9124ce40870f0834887e212a4b5fa1761556314559f013816e08158024,"{""d"":7.0,""p"":0.00046415888336127773,""r"":7.0}",
         1,         0,         0,   0.310,correlated_pymatching,d375ef9124ce40870f0834887e212a4b5fa1761556314559f013816e08158024,"{""d"":7.0,""p"":0.00046415888336127773,""r"":7.0}",
       568,         0,         0,   0.337,correlated_pymatching,d375ef9124ce40870f0834887e212a4b5fa1761556314559f013816e08158024,"{""d"":7.0,""p"":0.00046415888336127773,""r"":7.0}",
         1,         0,         0,   0.300,correlated_pymatching,d375ef9124ce40870f0834887e212a4b5fa1761556314559f013816e08158024,"{""d"":7.0,""p"":0.00046415888336127773,""r"":7.0}",
         4,         0,         0,   0.300,correlated_pymatching,d375ef9124ce40870f0834887e212a4b5fa1761556314559f013816e08158024,"{""d"":7.0,""p"":0.00046415888336127773,""r"":7.0}",
         1,         0,         0,   0.308,correlated_pymatching,d375ef9124ce40870f0834887e212a4b5fa1761556314559f013816e08158024,"{""d"":7.0,""p"":0.00046415888336127773,""r"":7.0}",
         1,         0,         0,   0.308,correlated_pymatching,d375ef9124ce40870f0834887e212a4b5fa1761556314559f013816e08158024,"{""d"":7.0,""p"":0.00046415888336127773,""r"":7.0}",
         1,         0,         0,   0.308,correlated_pymatching,d375ef9124ce40870f0834887e212a4b5fa1761556314559f013816e08158024,"{""d"":7.0,""p"":0.00046415888336127773,""r"":7.0}",
         1,         0,         0,   0.308,correlated_pymatching,d375ef9124ce40870f0834887e212a4b5fa1761556314559f013816e08158024,"{""d"":7.0,""p"":0.00046415888336127773,""r"":7.0}",
         2,         0,         0,   0.306,correlated_pymatching,d375ef9124ce40870f0834887e212a4b5fa1761556314559f013816e08158024,"{""d"":7.0,""p"":0.00046415888336127773,""r"":7.0}",
         2,         0,         0,   0.304,correlated_pymatching,d375ef9124ce40870f0834887e212a4b5fa1761556314559f013816e08158024,"{""d"":7.0,""p"":0.00046415888336127773,""r"":7.0}",
         1,         0,         0,   0.296,correlated_pymatching,d375ef9124ce40870f0834887e212a4b5fa1761556314559f013816e08158024,"{""d"":7.0,""p"":0.00046415888336127773,""r"":7.0}",
         2,         0,         0,   0.312,correlated_pymatching,d375ef9124ce40870f0834887e212a4b5fa1761556314559f013816e08158024,"{""d"":7.0,""p"":0.00046415888336127773,""r"":7.0}",
         1,         0,         0,   0.304,correlated_pymatching,d375ef9124ce40870f0834887e212a4b5fa1761556314559f013816e08158024,"{""d"":7.0,""p"":0.00046415888336127773,""r"":7.0}",
         2,         0,         0,   0.300,correlated_pymatching,d375ef9124ce40870f0834887e212a4b5fa1761556314559f013816e08158024,"{""d"":7.0,""p"":0.00046415888336127773,""r"":7.0}",
         1,         0,         0,   0.308,correlated_pymatching,d375ef9124ce40870f0834887e212a4b5fa1761556314559f013816e08158024,"{""d"":7.0,""p"":0.00046415888336127773,""r"":7.0}",
         1,         0,         0,   0.304,correlated_pymatching,d375ef9124ce40870f0834887e212a4b5fa1761556314559f013816e08158024,"{""d"":7.0,""p"":0.00046415888336127773,""r"":7.0}",
         1,         0,         0,   0.304,correlated_pymatching,d375ef9124ce40870f0834887e212a4b5fa1761556314559f013816e08158024,"{""d"":7.0,""p"":0.00046415888336127773,""r"":7.0}",
         1,         0,         0,   0.308,correlated_pymatching,d375ef9124ce40870f0834887e212a4b5fa1761556314559f013816e08158024,"{""d"":7.0,""p"":0.00046415888336127773,""r"":7.0}",
         1,         0,         0,   0.300,correlated_pymatching,d375ef9124ce40870f0834887e212a4b5fa1761556314559f013816e08158024,"{""d"":7.0,""p"":0.00046415888336127773,""r"":7.0}",
         8,         0,         0,   0.300,correlated_pymatching,d375ef9124ce40870f0834887e212a4b5fa1761556314559f013816e08158024,"{""d"":7.0,""p"":0.00046415888336127773,""r"":7.0}",
         2,         0,         0,   0.308,correlated_pymatching,d375ef9124ce40870f0834887e212a4b5fa1761556314559f013816e08158024,"{""d"":7.0,""p"":0.00046415888336127773,""r"":7.0}",
         2,         0,         0,   0.291,correlated_pymatching,d375ef9124ce40870f0834887e212a4b5fa1761556314559f013816e08158024,"{""d"":7.0,""p"":0.00046415888336127773,""r"":7.0}",
         1,         0,         0,   0.304,correlated_pymatching,d375ef9124ce40870f0834887e212a4b5fa1761556314559f013816e08158024,"{""d"":7.0,""p"":0.00046415888336127773,""r"":7.0}",
         4,         0,         0,   0.284,correlated_pymatching,d375ef9124ce40870f0834887e212a4b5fa1761556314559f013816e08158024,"{""d"":7.0,""p"":0.00046415888336127773,""r"":7.0}",
         1,         0,         0,   0.300,correlated_pymatching,d375ef9124ce40870f0834887e212a4b5fa1761556314559f013816e08158024,"{""d"":7.0,""p"":0.00046415888336127773,""r"":7.0}",
         2,         0,         0,   0.296,correlated_pymatching,d375ef9124ce40870f0834887e212a4b5fa1761556314559f013816e08158024,"{""d"":7.0,""p"":0.00046415888336127773,""r"":7.0}",
         2,         0,         0,   0.300,correlated_pymatching,d375ef9124ce40870f0834887e212a4b5fa1761556314559f013816e08158024,"{""d"":7.0,""p"":0.00046415888336127773,""r"":7.0}",
         1,         0,         0,   0.304,correlated_pymatching,d375ef9124ce40870f0834887e212a4b5fa1761556314559f013816e08158024,"{""d"":7.0,""p"":0.00046415888336127773,""r"":7.0}",
         1,         0,         0,   0.296,correlated_pymatching,d375ef9124ce40870f0834887e212a4b5fa1761556314559f013816e08158024,"{""d"":7.0,""p"":0.00046415888336127773,""r"":7.0}",
         2,         0,         0,   0.308,correlated_pymatching,d375ef9124ce40870f0834887e212a4b5fa1761556314559f013816e08158024,"{""d"":7.0,""p"":0.00046415888336127773,""r"":7.0}",
         1,         0,         0,   0.308,correlated_pymatching,d375ef9124ce40870f0834887e212a4b5fa1761556314559f013816e08158024,"{""d"":7.0,""p"":0.00046415888336127773,""r"":7.0}",
         1,         0,         0,   0.308,correlated_pymatching,d375ef9124ce40870f0834887e212a4b5fa1761556314559f013816e08158024,"{""d"":7.0,""p"":0.00046415888336127773,""r"":7.0}",
         1,         0,         0,   0.312,correlated_pymatching,d375ef9124ce40870f0834887e212a4b5fa1761556314559f013816e08158024,"{""d"":7.0,""p"":0.00046415888336127773,""r"":7.0}",
         1,         0,         0,   0.300,correlated_pymatching,d375ef9124ce40870f0834887e212a4b5fa1761556314559f013816e08158024,"{""d"":7.0,""p"":0.00046415888336127773,""r"":7.0}",
      7771,         0,         0,    3.08,correlated_pymatching,d375ef9124ce40870f0834887e212a4b5fa1761556314559f013816e08158024,"{""d"":7.0,""p"":0.00046415888336127773,""r"":7.0}",
      7771,         0,         0,    3.01,correlated_pymatching,d375ef9124ce40870f0834887e212a4b5fa1761556314559f013816e08158024,"{""d"":7.0,""p"":0.00046415888336127773,""r"":7.0}",
      7771,         0,         0,    3.14,correlated_pymatching,d375ef9124ce40870f0834887e212a4b5fa1761556314559f013816e08158024,"{""d"":7.0,""p"":0.00046415888336127773,""r"":7.0}",
      7771,         0,         0,    3.06,correlated_pymatching,d375ef9124ce40870f0834887e212a4b5fa1761556314559f013816e08158024,"{""d"":7.0,""p"":0.00046415888336127773,""r"":7.0}",
      7771,         0,         0,    3.08,correlated_pymatching,d375ef9124ce40870f0834887e212a4b5fa1761556314559f013816e08158024,"{""d"":7.0,""p"":0.00046415888336127773,""r"":7.0}",
        16,         0,         0,   0.292,correlated_pymatching,d375ef9124ce40870f0834887e212a4b5fa1761556314559f013816e08158024,"{""d"":7.0,""p"":0.00046415888336127773,""r"":7.0}",
         4,         0,         0,   0.287,correlated_pymatching,d375ef9124ce40870f0834887e212a4b5fa1761556314559f013816e08158024,"{""d"":7.0,""p"":0.00046415888336127773,""r"":7.0}",
         2,         0,         0,   0.304,correlated_pymatching,d375ef9124ce40870f0834887e212a4b5fa1761556314559f013816e08158024,"{""d"":7.0,""p"":0.00046415888336127773,""r"":7.0}",
         4,         0,         0,   0.304,correlated_pymatching,d375ef9124ce40870f0834887e212a4b5fa1761556314559f013816e08158024,"{""d"":7.0,""p"":0.00046415888336127773,""r"":7.0}",
         1,         0,         0,   0.304,correlated_pymatching,d375ef9124ce40870f0834887e212a4b5fa1761556314559f013816e08158024,"{""d"":7.0,""p"":0.00046415888336127773,""r"":7.0}",
         2,         0,         0,   0.308,correlated_pymatching,d375ef9124ce40870f0834887e212a4b5fa1761556314559f013816e08158024,"{""d"":7.0,""p"":0.00046415888336127773,""r"":7.0}",
         4,         0,         0,   0.300,correlated_pymatching,d375ef9124ce40870f0834887e212a4b5fa1761556314559f013816e08158024,"{""d"":7.0,""p"":0.00046415888336127773,""r"":7.0}",
         2,         0,         0,   0.304,correlated_pymatching,d375ef9124ce40870f0834887e212a4b5fa1761556314559f013816e08158024,"{""d"":7.0,""p"":0.00046415888336127773,""r"":7.0}",
         1,         0,         0,   0.308,correlated_pymatching,d375ef9124ce40870f0834887e212a4b5fa1761556314559f013816e08158024,"{""d"":7.0,""p"":0.00046415888336127773,""r"":7.0}",
         2,         0,         0,   0.300,correlated_pymatching,d375ef9124ce40870f0834887e212a4b5fa1761556314559f013816e08158024,"{""d"":7.0,""p"":0.00046415888336127773,""r"":7.0}",
         8,         0,         0,   0.316,correlated_pymatching,d375ef9124ce40870f0834887e212a4b5fa1761556314559f013816e08158024,"{""d"":7.0,""p"":0.00046415888336127773,""r"":7.0}",
         1,         0,         0,   0.304,correlated_pymatching,d375ef9124ce40870f0834887e212a4b5fa1761556314559f013816e08158024,"{""d"":7.0,""p"":0.00046415888336127773,""r"":7.0}",
         2,         0,         0,   0.308,correlated_pymatching,d375ef9124ce40870f0834887e212a4b5fa1761556314559f013816e08158024,"{""d"":7.0,""p"":0.00046415888336127773,""r"":7.0}",
         1,         0,         0,   0.300,correlated_pymatching,d375ef9124ce40870f0834887e212a4b5fa1761556314559f013816e08158024,"{""d"":7.0,""p"":0.00046415888336127773,""r"":7.0}",
         1,         0,         0,   0.312,correlated_pymatching,d375ef9124ce40870f0834887e212a4b5fa1761556314559f013816e08158024,"{""d"":7.0,""p"":0.00046415888336127773,""r"":7.0}",
         2,         0,         0,   0.308,correlated_pymatching,d375ef9124ce40870f0834887e212a4b5fa1761556314559f013816e08158024,"{""d"":7.0,""p"":0.00046415888336127773,""r"":7.0}",
        32,         0,         0,   0.304,correlated_pymatching,d375ef9124ce40870f0834887e212a4b5fa1761556314559f013816e08158024,"{""d"":7.0,""p"":0.00046415888336127773,""r"":7.0}",
         8,         0,         0,   0.302,correlated_pymatching,d375ef9124ce40870f0834887e212a4b5fa1761556314559f013816e08158024,"{""d"":7.0,""p"":0.00046415888336127773,""r"":7.0}",
         4,         0,         0,   0.300,correlated_pymatching,d375ef9124ce40870f0834887e212a4b5fa1761556314559f013816e08158024,"{""d"":7.0,""p"":0.00046415888336127773,""r"":7.0}",
         8,         0,         0,   0.300,correlated_pymatching,d375ef9124ce40870f0834887e212a4b5fa1761556314559f013816e08158024,"{""d"":7.0,""p"":0.00046415888336127773,""r"":7.0}",
         2,         0,         0,   0.312,correlated_pymatching,d375ef9124ce40870f0834887e212a4b5fa1761556314559f013816e08158024,"{""d"":7.0,""p"":0.00046415888336127773,""r"":7.0}",
         2,         0,         0,   0.308,correlated_pymatching,d375ef9124ce40870f0834887e212a4b5fa1761556314559f013816e08158024,"{""d"":7.0,""p"":0.00046415888336127773,""r"":7.0}",
         1,         0,         0,   0.310,correlated_pymatching,d375ef9124ce40870f0834887e212a4b5fa1761556314559f013816e08158024,"{""d"":7.0,""p"":0.00046415888336127773,""r"":7.0}",
       257,         0,         0,   0.314,correlated_pymatching,d375ef9124ce40870f0834887e212a4b5fa1761556314559f013816e08158024,"{""d"":7.0,""p"":0.00046415888336127773,""r"":7.0}",
         8,         0,         0,   0.300,correlated_pymatching,d375ef9124ce40870f0834887e212a4b5fa1761556314559f013816e08158024,"{""d"":7.0,""p"":0.00046415888336127773,""r"":7.0}",
         4,         0,         0,   0.302,correlated_pymatching,d375ef9124ce40870f0834887e212a4b5fa1761556314559f013816e08158024,"{""d"":7.0,""p"":0.00046415888336127773,""r"":7.0}",
       248,         0,         0,   0.329,correlated_pymatching,d375ef9124ce40870f0834887e212a4b5fa1761556314559f013816e08158024,"{""d"":7.0,""p"":0.00046415888336127773,""r"":7.0}",
         1,         0,         0,   0.308,correlated_pymatching,d375ef9124ce40870f0834887e212a4b5fa1761556314559f013816e08158024,"{""d"":7.0,""p"":0.00046415888336127773,""r"":7.0}",
       257,         0,         0,   0.321,correlated_pymatching,d375ef9124ce40870f0834887e212a4b5fa1761556314559f013816e08158024,"{""d"":7.0,""p"":0.00046415888336127773,""r"":7.0}",
         2,         0,         0,   0.300,correlated_pymatching,d375ef9124ce40870f0834887e212a4b5fa1761556314559f013816e08158024,"{""d"":7.0,""p"":0.00046415888336127773,""r"":7.0}",
         2,         0,         0,   0.316,correlated_pymatching,d375ef9124ce40870f0834887e212a4b5fa1761556314559f013816e08158024,"{""d"":7.0,""p"":0.00046415888336127773,""r"":7.0}",
       379,         0,         0,   0.323,correlated_pymatching,d375ef9124ce40870f0834887e212a4b5fa1761556314559f013816e08158024,"{""d"":7.0,""p"":0.00046415888336127773,""r"":7.0}",
       262,         0,         0,   0.324,correlated_pymatching,d375ef9124ce40870f0834887e212a4b5fa1761556314559f013816e08158024,"{""d"":7.0,""p"":0.00046415888336127773,""r"":7.0}",
         1,         0,         0,   0.308,correlated_pymatching,d375ef9124ce40870f0834887e212a4b5fa1761556314559f013816e08158024,"{""d"":7.0,""p"":0.00046415888336127773,""r"":7.0}",
      7509,         0,         0,    3.00,correlated_pymatching,d375ef9124ce40870f0834887e212a4b5fa1761556314559f013816e08158024,"{""d"":7.0,""p"":0.00046415888336127773,""r"":7.0}",
         1,         0,         0,   0.304,correlated_pymatching,d375ef9124ce40870f0834887e212a4b5fa1761556314559f013816e08158024,"{""d"":7.0,""p"":0.00046415888336127773,""r"":7.0}",
         2,         0,         0,   0.312,correlated_pymatching,d375ef9124ce40870f0834887e212a4b5fa1761556314559f013816e08158024,"{""d"":7.0,""p"":0.00046415888336127773,""r"":7.0}",
         2,         0,         0,   0.356,correlated_pymatching,d375ef9124ce40870f0834887e212a4b5fa1761556314559f013816e08158024,"{""d"":7.0,""p"":0.00046415888336127773,""r"":7.0}",
      7168,         0,         0,    2.74,correlated_pymatching,d375ef9124ce40870f0834887e212a4b5fa1761556314559f013816e08158024,"{""d"":7.0,""p"":0.00046415888336127773,""r"":7.0}",
         4,         0,         0,   0.312,correlated_pymatching,d375ef9124ce40870f0834887e212a4b5fa1761556314559f013816e08158024,"{""d"":7.0,""p"":0.00046415888336127773,""r"":7.0}",
        16,         0,         0,   0.360,correlated_pymatching,d375ef9124ce40870f0834887e212a4b5fa1761556314559f013816e08158024,"{""d"":7.0,""p"":0.00046415888336127773,""r"":7.0}",
         2,         0,         0,   0.364,correlated_pymatching,d375ef9124ce40870f0834887e212a4b5fa1761556314559f013816e08158024,"{""d"":7.0,""p"":0.00046415888336127773,""r"":7.0}",
         1,         0,         0,   0.362,correlated_pymatching,d375ef9124ce40870f0834887e212a4b5fa1761556314559f013816e08158024,"{""d"":7.0,""p"":0.00046415888336127773,""r"":7.0}",
         8,         0,         0,   0.388,correlated_pymatching,d375ef9124ce40870f0834887e212a4b5fa1761556314559f013816e08158024,"{""d"":7.0,""p"":0.00046415888336127773,""r"":7.0}",
         8,         0,         0,   0.402,correlated_pymatching,d375ef9124ce40870f0834887e212a4b5fa1761556314559f013816e08158024,"{""d"":7.0,""p"":0.00046415888336127773,""r"":7.0}",
         2,         0,         0,   0.376,correlated_pymatching,d375ef9124ce40870f0834887e212a4b5fa1761556314559f013816e08158024,"{""d"":7.0,""p"":0.00046415888336127773,""r"":7.0}",
         2,         0,         0,   0.392,correlated_pymatching,d375ef9124ce40870f0834887e212a4b5fa1761556314559f013816e08158024,"{""d"":7.0,""p"":0.00046415888336127773,""r"":7.0}",
         1,         0,         0,   0.384,correlated_pymatching,d375ef9124ce40870f0834887e212a4b5fa1761556314559f013816e08158024,"{""d"":7.0,""p"":0.00046415888336127773,""r"":7.0}",
         4,         0,         0,   0.394,correlated_pymatching,d375ef9124ce40870f0834887e212a4b5fa1761556314559f013816e08158024,"{""d"":7.0,""p"":0.00046415888336127773,""r"":7.0}",
         1,         0,         0,   0.384,correlated_pymatching,d375ef9124ce40870f0834887e212a4b5fa1761556314559f013816e08158024,"{""d"":7.0,""p"":0.00046415888336127773,""r"":7.0}",
        16,         0,         0,   0.400,correlated_pymatching,d375ef9124ce40870f0834887e212a4b5fa1761556314559f013816e08158024,"{""d"":7.0,""p"":0.00046415888336127773,""r"":7.0}",
        32,         0,         0,   0.439,correlated_pymatching,d375ef9124ce40870f0834887e212a4b5fa1761556314559f013816e08158024,"{""d"":7.0,""p"":0.00046415888336127773,""r"":7.0}",
         1,         0,         0,   0.459,correlated_pymatching,d375ef9124ce40870f0834887e212a4b5fa1761556314559f013816e08158024,"{""d"":7.0,""p"":0.00046415888336127773,""r"":7.0}",
         2,         0,         0,   0.411,correlated_pymatching,d375ef9124ce40870f0834887e212a4b5fa1761556314559f013816e08158024,"{""d"":7.0,""p"":0.00046415888336127773,""r"":7.0}",
         2,         0,         0,   0.452,correlated_pymatching,d375ef9124ce40870f0834887e212a4b5fa1761556314559f013816e08158024,"{""d"":7.0,""p"":0.00046415888336127773,""r"":7.0}",
        16,         0,         0,   0.312,correlated_pymatching,d375ef9124ce40870f0834887e212a4b5fa1761556314559f013816e08158024,"{""d"":7.0,""p"":0.00046415888336127773,""r"":7.0}",
         8,         0,         0,   0.292,correlated_pymatching,d375ef9124ce40870f0834887e212a4b5fa1761556314559f013816e08158024,"{""d"":7.0,""p"":0.00046415888336127773,""r"":7.0}",
         2,         0,         0,   0.312,correlated_pymatching,d375ef9124ce40870f0834887e212a4b5fa1761556314559f013816e08158024,"{""d"":7.0,""p"":0.00046415888336127773,""r"":7.0}",
         1,         0,         0,   0.312,correlated_pymatching,d375ef9124ce40870f0834887e212a4b5fa1761556314559f013816e08158024,"{""d"":7.0,""p"":0.00046415888336127773,""r"":7.0}",
         2,         0,         0,   0.290,correlated_pymatching,d375ef9124ce40870f0834887e212a4b5fa1761556314559f013816e08158024,"{""d"":7.0,""p"":0.00046415888336127773,""r"":7.0}",
         4,         0,         0,   0.356,correlated_pymatching,d375ef9124ce40870f0834887e212a4b5fa1761556314559f013816e08158024,"{""d"":7.0,""p"":0.00046415888336127773,""r"":7.0}",
         8,         0,         0,   0.304,correlated_pymatching,d375ef9124ce40870f0834887e212a4b5fa1761556314559f013816e08158024,"{""d"":7.0,""p"":0.00046415888336127773,""r"":7.0}",
         2,         0,         0,   0.311,correlated_pymatching,d375ef9124ce40870f0834887e212a4b5fa1761556314559f013816e08158024,"{""d"":7.0,""p"":0.00046415888336127773,""r"":7.0}",
        16,         0,         0,   0.300,correlated_pymatching,d375ef9124ce40870f0834887e212a4b5fa1761556314559f013816e08158024,"{""d"":7.0,""p"":0.00046415888336127773,""r"":7.0}",
         4,         0,         0,   0.308,correlated_pymatching,d375ef9124ce40870f0834887e212a4b5fa1761556314559f013816e08158024,"{""d"":7.0,""p"":0.00046415888336127773,""r"":7.0}",
         1,         0,         0,   0.312,correlated_pymatching,d375ef9124ce40870f0834887e212a4b5fa1761556314559f013816e08158024,"{""d"":7.0,""p"":0.00046415888336127773,""r"":7.0}",
         1,         0,         0,   0.308,correlated_pymatching,d375ef9124ce40870f0834887e212a4b5fa1761556314559f013816e08158024,"{""d"":7.0,""p"":0.00046415888336127773,""r"":7.0}",
        32,         0,         0,   0.296,correlated_pymatching,d375ef9124ce40870f0834887e212a4b5fa1761556314559f013816e08158024,"{""d"":7.0,""p"":0.00046415888336127773,""r"":7.0}",
         2,         0,         0,   0.292,correlated_pymatching,d375ef9124ce40870f0834887e212a4b5fa1761556314559f013816e08158024,"{""d"":7.0,""p"":0.00046415888336127773,""r"":7.0}",
         2,         0,         0,   0.336,correlated_pymatching,d375ef9124ce40870f0834887e212a4b5fa1761556314559f013816e08158024,"{""d"":7.0,""p"":0.00046415888336127773,""r"":7.0}",
      6255,         0,         0,    4.52,correlated_pymatching,d375ef9124ce40870f0834887e212a4b5fa1761556314559f013816e08158024,"{""d"":7.0,""p"":0.00046415888336127773,""r"":7.0}",
         1,         0,         0,   0.348,correlated_pymatching,d375ef9124ce40870f0834887e212a4b5fa1761556314559f013816e08158024,"{""d"":7.0,""p"":0.00046415888336127773,""r"":7.0}",
        16,         0,         0,   0.300,correlated_pymatching,d375ef9124ce40870f0834887e212a4b5fa1761556314559f013816e08158024,"{""d"":7.0,""p"":0.00046415888336127773,""r"":7.0}",
        16,         0,         0,   0.304,correlated_pymatching,d375ef9124ce40870f0834887e212a4b5fa1761556314559f013816e08158024,"{""d"":7.0,""p"":0.00046415888336127773,""r"":7.0}",
         2,         0,         0,   0.300,correlated_pymatching,d375ef9124ce40870f0834887e212a4b5fa1761556314559f013816e08158024,"{""d"":7.0,""p"":0.00046415888336127773,""r"":7.0}",
         1,         0,         0,   0.308,correlated_pymatching,d375ef9124ce40870f0834887e212a4b5fa1761556314559f013816e08158024,"{""d"":7.0,""p"":0.00046415888336127773,""r"":7.0}",
         4,         0,         0,   0.304,correlated_pymatching,d375ef9124ce40870f0834887e212a4b5fa1761556314559f013816e08158024,"{""d"":7.0,""p"":0.00046415888336127773,""r"":7.0}",
         4,         0,         0,   0.308,correlated_pymatching,d375ef9124ce40870f0834887e212a4b5fa1761556314559f013816e08158024,"{""d"":7.0,""p"":0.00046415888336127773,""r"":7.0}",
         8,         0,         0,   0.304,correlated_pymatching,d375ef9124ce40870f0834887e212a4b5fa1761556314559f013816e08158024,"{""d"":7.0,""p"":0.00046415888336127773,""r"":7.0}",
         2,         0,         0,   0.301,correlated_pymatching,d375ef9124ce40870f0834887e212a4b5fa1761556314559f013816e08158024,"{""d"":7.0,""p"":0.00046415888336127773,""r"":7.0}",
        32,         0,         0,   0.300,correlated_pymatching,d375ef9124ce40870f0834887e212a4b5fa1761556314559f013816e08158024,"{""d"":7.0,""p"":0.00046415888336127773,""r"":7.0}",
         1,         0,         0,   0.296,correlated_pymatching,d375ef9124ce40870f0834887e212a4b5fa1761556314559f013816e08158024,"{""d"":7.0,""p"":0.00046415888336127773,""r"":7.0}",
         4,         0,         0,   0.296,correlated_pymatching,d375ef9124ce40870f0834887e212a4b5fa1761556314559f013816e08158024,"{""d"":7.0,""p"":0.00046415888336127773,""r"":7.0}",
         1,         0,         0,   0.300,correlated_pymatching,d375ef9124ce40870f0834887e212a4b5fa1761556314559f013816e08158024,"{""d"":7.0,""p"":0.00046415888336127773,""r"":7.0}",
        64,         0,         0,   0.304,correlated_pymatching,d375ef9124ce40870f0834887e212a4b5fa1761556314559f013816e08158024,"{""d"":7.0,""p"":0.00046415888336127773,""r"":7.0}",
         4,         0,         0,   0.316,correlated_pymatching,d375ef9124ce40870f0834887e212a4b5fa1761556314559f013816e08158024,"{""d"":7.0,""p"":0.00046415888336127773,""r"":7.0}",
         2,         0,         0,   0.304,correlated_pymatching,d375ef9124ce40870f0834887e212a4b5fa1761556314559f013816e08158024,"{""d"":7.0,""p"":0.00046415888336127773,""r"":7.0}",
         1,         0,         0,   0.307,correlated_pymatching,d375ef9124ce40870f0834887e212a4b5fa1761556314559f013816e08158024,"{""d"":7.0,""p"":0.00046415888336127773,""r"":7.0}",
      5829,         0,         0,    5.44,correlated_pymatching,d375ef9124ce40870f0834887e212a4b5fa1761556314559f013816e08158024,"{""d"":7.0,""p"":0.00046415888336127773,""r"":7.0}",
         4,         0,         0,   0.376,correlated_pymatching,d375ef9124ce40870f0834887e212a4b5fa1761556314559f013816e08158024,"{""d"":7.0,""p"":0.00046415888336127773,""r"":7.0}",
      5829,         0,         0,    2.49,correlated_pymatching,d375ef9124ce40870f0834887e212a4b5fa1761556314559f013816e08158024,"{""d"":7.0,""p"":0.00046415888336127773,""r"":7.0}",
        16,         0,         0,   0.424,correlated_pymatching,d375ef9124ce40870f0834887e212a4b5fa1761556314559f013816e08158024,"{""d"":7.0,""p"":0.00046415888336127773,""r"":7.0}",
         2,         0,         0,   0.392,correlated_pymatching,d375ef9124ce40870f0834887e212a4b5fa1761556314559f013816e08158024,"{""d"":7.0,""p"":0.00046415888336127773,""r"":7.0}",
         4,         0,         0,   0.424,correlated_pymatching,d375ef9124ce40870f0834887e212a4b5fa1761556314559f013816e08158024,"{""d"":7.0,""p"":0.00046415888336127773,""r"":7.0}",
         8,         0,         0,   0.400,correlated_pymatching,d375ef9124ce40870f0834887e212a4b5fa1761556314559f013816e08158024,"{""d"":7.0,""p"":0.00046415888336127773,""r"":7.0}",
         8,         0,         0,   0.392,correlated_pymatching,d375ef9124ce40870f0834887e212a4b5fa1761556314559f013816e08158024,"{""d"":7.0,""p"":0.00046415888336127773,""r"":7.0}",
         4,         0,         0,   0.411,correlated_pymatching,d375ef9124ce40870f0834887e212a4b5fa1761556314559f013816e08158024,"{""d"":7.0,""p"":0.00046415888336127773,""r"":7.0}",
        32,         0,         0,   0.429,correlated_pymatching,d375ef9124ce40870f0834887e212a4b5fa1761556314559f013816e08158024,"{""d"":7.0,""p"":0.00046415888336127773,""r"":7.0}",
         2,         0,         0,   0.393,correlated_pymatching,d375ef9124ce40870f0834887e212a4b5fa1761556314559f013816e08158024,"{""d"":7.0,""p"":0.00046415888336127773,""r"":7.0}",
        64,         0,         0,   0.394,correlated_pymatching,d375ef9124ce40870f0834887e212a4b5fa1761556314559f013816e08158024,"{""d"":7.0,""p"":0.00046415888336127773,""r"":7.0}",
         1,         0,         0,   0.414,correlated_pymatching,d375ef9124ce40870f0834887e212a4b5fa1761556314559f013816e08158024,"{""d"":7.0,""p"":0.00046415888336127773,""r"":7.0}",
         2,         0,         0,   0.388,correlated_pymatching,d375ef9124ce40870f0834887e212a4b5fa1761556314559f013816e08158024,"{""d"":7.0,""p"":0.00046415888336127773,""r"":7.0}",
        64,         0,         0,   0.392,correlated_pymatching,d375ef9124ce40870f0834887e212a4b5fa1761556314559f013816e08158024,"{""d"":7.0,""p"":0.00046415888336127773,""r"":7.0}",
         2,         0,         0,   0.268,correlated_pymatching,d375ef9124ce40870f0834887e212a4b5fa1761556314559f013816e08158024,"{""d"":7.0,""p"":0.00046415888336127773,""r"":7.0}",
         1,         0,         0,   0.312,correlated_pymatching,d375ef9124ce40870f0834887e212a4b5fa1761556314559f013816e08158024,"{""d"":7.0,""p"":0.00046415888336127773,""r"":7.0}",
         4,         0,         0,   0.366,correlated_pymatching,d375ef9124ce40870f0834887e212a4b5fa1761556314559f013816e08158024,"{""d"":7.0,""p"":0.00046415888336127773,""r"":7.0}",
       140,         0,         0,   0.271,correlated_pymatching,d375ef9124ce40870f0834887e212a4b5fa1761556314559f013816e08158024,"{""d"":7.0,""p"":0.00046415888336127773,""r"":7.0}",
        16,         0,         0,   0.290,correlated_pymatching,d375ef9124ce40870f0834887e212a4b5fa1761556314559f013816e08158024,"{""d"":7.0,""p"":0.00046415888336127773,""r"":7.0}",
        32,         0,         0,   0.297,correlated_pymatching,d375ef9124ce40870f0834887e212a4b5fa1761556314559f013816e08158024,"{""d"":7.0,""p"":0.00046415888336127773,""r"":7.0}",
         4,         0,         0,   0.299,correlated_pymatching,d375ef9124ce40870f0834887e212a4b5fa1761556314559f013816e08158024,"{""d"":7.0,""p"":0.00046415888336127773,""r"":7.0}",
        64,         0,         0,   0.301,correlated_pymatching,d375ef9124ce40870f0834887e212a4b5fa1761556314559f013816e08158024,"{""d"":7.0,""p"":0.00046415888336127773,""r"":7.0}",
         4,         0,         0,   0.303,correlated_pymatching,d375ef9124ce40870f0834887e212a4b5fa1761556314559f013816e08158024,"{""d"":7.0,""p"":0.00046415888336127773,""r"":7.0}",
         2,         0,         0,   0.303,correlated_pymatching,d375ef9124ce40870f0834887e212a4b5fa1761556314559f013816e08158024,"{""d"":7.0,""p"":0.00046415888336127773,""r"":7.0}",
        64,         0,         0,   0.292,correlated_pymatching,d375ef9124ce40870f0834887e212a4b5fa1761556314559f013816e08158024,"{""d"":7.0,""p"":0.00046415888336127773,""r"":7.0}",
         2,         0,         0,   0.307,correlated_pymatching,d375ef9124ce40870f0834887e212a4b5fa1761556314559f013816e08158024,"{""d"":7.0,""p"":0.00046415888336127773,""r"":7.0}",
         2,         0,         0,   0.307,correlated_pymatching,d375ef9124ce40870f0834887e212a4b5fa1761556314559f013816e08158024,"{""d"":7.0,""p"":0.00046415888336127773,""r"":7.0}",
         1,         0,         0,   0.309,correlated_pymatching,d375ef9124ce40870f0834887e212a4b5fa1761556314559f013816e08158024,"{""d"":7.0,""p"":0.00046415888336127773,""r"":7.0}",
         8,         0,         0,   0.327,correlated_pymatching,d375ef9124ce40870f0834887e212a4b5fa1761556314559f013816e08158024,"{""d"":7.0,""p"":0.00046415888336127773,""r"":7.0}",
         4,         0,         0,   0.330,correlated_pymatching,d375ef9124ce40870f0834887e212a4b5fa1761556314559f013816e08158024,"{""d"":7.0,""p"":0.00046415888336127773,""r"":7.0}",
         1,         0,         0,   0.303,correlated_pymatching,d375ef9124ce40870f0834887e212a4b5fa1761556314559f013816e08158024,"{""d"":7.0,""p"":0.00046415888336127773,""r"":7.0}",
         4,         0,         0,   0.313,correlated_pymatching,d375ef9124ce40870f0834887e212a4b5fa1761556314559f013816e08158024,"{""d"":7.0,""p"":0.00046415888336127773,""r"":7.0}",
        12,         0,         0,   0.595,correlated_pymatching,d375ef9124ce40870f0834887e212a4b5fa1761556314559f013816e08158024,"{""d"":7.0,""p"":0.00046415888336127773,""r"":7.0}",
        24,         0,         0,   0.587,correlated_pymatching,d375ef9124ce40870f0834887e212a4b5fa1761556314559f013816e08158024,"{""d"":7.0,""p"":0.00046415888336127773,""r"":7.0}",
      3328,         0,         0,    4.31,correlated_pymatching,d375ef9124ce40870f0834887e212a4b5fa1761556314559f013816e08158024,"{""d"":7.0,""p"":0.00046415888336127773,""r"":7.0}",
      3328,         0,         0,    4.28,correlated_pymatching,d375ef9124ce40870f0834887e212a4b5fa1761556314559f013816e08158024,"{""d"":7.0,""p"":0.00046415888336127773,""r"":7.0}",
        64,         0,         0,   0.609,correlated_pymatching,d375ef9124ce40870f0834887e212a4b5fa1761556314559f013816e08158024,"{""d"":7.0,""p"":0.00046415888336127773,""r"":7.0}",
        16,         0,         0,   0.608,correlated_pymatching,d375ef9124ce40870f0834887e212a4b5fa1761556314559f013816e08158024,"{""d"":7.0,""p"":0.00046415888336127773,""r"":7.0}",
       128,         0,         0,   0.613,correlated_pymatching,d375ef9124ce40870f0834887e212a4b5fa1761556314559f013816e08158024,"{""d"":7.0,""p"":0.00046415888336127773,""r"":7.0}",
         4,         0,         0,   0.608,correlated_pymatching,d375ef9124ce40870f0834887e212a4b5fa1761556314559f013816e08158024,"{""d"":7.0,""p"":0.00046415888336127773,""r"":7.0}",
         2,         0,         0,   0.604,correlated_pymatching,d375ef9124ce40870f0834887e212a4b5fa1761556314559f013816e08158024,"{""d"":7.0,""p"":0.00046415888336127773,""r"":7.0}",
         8,         0,         0,   0.616,correlated_pymatching,d375ef9124ce40870f0834887e212a4b5fa1761556314559f013816e08158024,"{""d"":7.0,""p"":0.00046415888336127773,""r"":7.0}",
      5459,         0,         0,    2.31,correlated_pymatching,d375ef9124ce40870f0834887e212a4b5fa1761556314559f013816e08158024,"{""d"":7.0,""p"":0.00046415888336127773,""r"":7.0}",
       128,         0,         0,   0.616,correlated_pymatching,d375ef9124ce40870f0834887e212a4b5fa1761556314559f013816e08158024,"{""d"":7.0,""p"":0.00046415888336127773,""r"":7.0}",
         4,         0,         0,   0.608,correlated_pymatching,d375ef9124ce40870f0834887e212a4b5fa1761556314559f013816e08158024,"{""d"":7.0,""p"":0.00046415888336127773,""r"":7.0}",
         4,         0,         0,   0.619,correlated_pymatching,d375ef9124ce40870f0834887e212a4b5fa1761556314559f013816e08158024,"{""d"":7.0,""p"":0.00046415888336127773,""r"":7.0}",
       256,         0,         0,   0.623,correlated_pymatching,d375ef9124ce40870f0834887e212a4b5fa1761556314559f013816e08158024,"{""d"":7.0,""p"":0.00046415888336127773,""r"":7.0}",
        24,         0,         0,   0.604,correlated_pymatching,d375ef9124ce40870f0834887e212a4b5fa1761556314559f013816e08158024,"{""d"":7.0,""p"":0.00046415888336127773,""r"":7.0}",
         8,         0,         0,   0.629,correlated_pymatching,d375ef9124ce40870f0834887e212a4b5fa1761556314559f013816e08158024,"{""d"":7.0,""p"":0.00046415888336127773,""r"":7.0}",
         2,         0,         0,   0.621,correlated_pymatching,d375ef9124ce40870f0834887e212a4b5fa1761556314559f013816e08158024,"{""d"":7.0,""p"":0.00046415888336127773,""r"":7.0}",
         8,         0,         0,   0.616,correlated_pymatching,d375ef9124ce40870f0834887e212a4b5fa1761556314559f013816e08158024,"{""d"":7.0,""p"":0.00046415888336127773,""r"":7.0}",
      5459,         0,         0,    2.41,correlated_pymatching,d375ef9124ce40870f0834887e212a4b5fa1761556314559f013816e08158024,"{""d"":7.0,""p"":0.00046415888336127773,""r"":7.0}",
      3328,         0,         0,    4.31,correlated_pymatching,d375ef9124ce40870f0834887e212a4b5fa1761556314559f013816e08158024,"{""d"":7.0,""p"":0.00046415888336127773,""r"":7.0}",
      5459,         0,         0,    2.50,correlated_pymatching,d375ef9124ce40870f0834887e212a4b5fa1761556314559f013816e08158024,"{""d"":7.0,""p"":0.00046415888336127773,""r"":7.0}",
      5459,         0,         0,    2.52,correlated_pymatching,d375ef9124ce40870f0834887e212a4b5fa1761556314559f013816e08158024,"{""d"":7.0,""p"":0.00046415888336127773,""r"":7.0}",
      5641,         0,         0,    2.41,correlated_pymatching,d375ef9124ce40870f0834887e212a4b5fa1761556314559f013816e08158024,"{""d"":7.0,""p"":0.00046415888336127773,""r"":7.0}",
      5641,         0,         0,    2.53,correlated_pymatching,d375ef9124ce40870f0834887e212a4b5fa1761556314559f013816e08158024,"{""d"":7.0,""p"":0.00046415888336127773,""r"":7.0}",
        24,         0,         0,   0.596,correlated_pymatching,d375ef9124ce40870f0834887e212a4b5fa1761556314559f013816e08158024,"{""d"":7.0,""p"":0.00046415888336127773,""r"":7.0}",
      5641,         0,         0,    2.54,correlated_pymatching,d375ef9124ce40870f0834887e212a4b5fa1761556314559f013816e08158024,"{""d"":7.0,""p"":0.00046415888336127773,""r"":7.0}",
        48,         0,         0,   0.588,correlated_pymatching,d375ef9124ce40870f0834887e212a4b5fa1761556314559f013816e08158024,"{""d"":7.0,""p"":0.00046415888336127773,""r"":7.0}",
       448,         0,         0,    4.47,correlated_pymatching,d375ef9124ce40870f0834887e212a4b5fa1761556314559f013816e08158024,"{""d"":7.0,""p"":0.00046415888336127773,""r"":7.0}",
      3328,         1,         0,    4.41,correlated_pymatching,d375ef9124ce40870f0834887e212a4b5fa1761556314559f013816e08158024,"{""d"":7.0,""p"":0.00046415888336127773,""r"":7.0}","{""obs_mistake_mask=E"":1}"
      3081,         0,         0,    1.46,correlated_pymatching,d375ef9124ce40870f0834887e212a4b5fa1761556314559f013816e08158024,"{""d"":7.0,""p"":0.00046415888336127773,""r"":7.0}",
         6,         0,         0,   0.572,correlated_pymatching,d375ef9124ce40870f0834887e212a4b5fa1761556314559f013816e08158024,"{""d"":7.0,""p"":0.00046415888336127773,""r"":7.0}",
       392,         0,         0,   0.337,correlated_pymatching,d375ef9124ce40870f0834887e212a4b5fa1761556314559f013816e08158024,"{""d"":7.0,""p"":0.00046415888336127773,""r"":7.0}",
       192,         0,         0,   0.611,correlated_pymatching,d375ef9124ce40870f0834887e212a4b5fa1761556314559f013816e08158024,"{""d"":7.0,""p"":0.00046415888336127773,""r"":7.0}",
         4,         0,         0,   0.600,correlated_pymatching,d375ef9124ce40870f0834887e212a4b5fa1761556314559f013816e08158024,"{""d"":7.0,""p"":0.00046415888336127773,""r"":7.0}",
       586,         0,         0,   0.351,correlated_pymatching,d375ef9124ce40870f0834887e212a4b5fa1761556314559f013816e08158024,"{""d"":7.0,""p"":0.00046415888336127773,""r"":7.0}",
       554,         0,         0,   0.351,correlated_pymatching,d375ef9124ce40870f0834887e212a4b5fa1761556314559f013816e08158024,"{""d"":7.0,""p"":0.00046415888336127773,""r"":7.0}",
       192,         0,         0,   0.620,correlated_pymatching,d375ef9124ce40870f0834887e212a4b5fa1761556314559f013816e08158024,"{""d"":7.0,""p"":0.00046415888336127773,""r"":7.0}",
        24,         0,         0,   0.624,correlated_pymatching,d375ef9124ce40870f0834887e212a4b5fa1761556314559f013816e08158024,"{""d"":7.0,""p"":0.00046415888336127773,""r"":7.0}",
         8,         0,         0,   0.612,correlated_pymatching,d375ef9124ce40870f0834887e212a4b5fa1761556314559f013816e08158024,"{""d"":7.0,""p"":0.00046415888336127773,""r"":7.0}",
       128,         0,         0,   0.615,correlated_pymatching,d375ef9124ce40870f0834887e212a4b5fa1761556314559f013816e08158024,"{""d"":7.0,""p"":0.00046415888336127773,""r"":7.0}",
         4,         0,         0,   0.620,correlated_pymatching,d375ef9124ce40870f0834887e212a4b5fa1761556314559f013816e08158024,"{""d"":7.0,""p"":0.00046415888336127773,""r"":7.0}",
       256,         0,         0,   0.612,correlated_pymatching,d375ef9124ce40870f0834887e212a4b5fa1761556314559f013816e08158024,"{""d"":7.0,""p"":0.00046415888336127773,""r"":7.0}",
         8,         0,         0,   0.624,correlated_pymatching,d375ef9124ce40870f0834887e212a4b5fa1761556314559f013816e08158024,"{""d"":7.0,""p"":0.00046415888336127773,""r"":7.0}",
       490,         0,         0,   0.341,correlated_pymatching,d375ef9124ce40870f0834887e212a4b5fa1761556314559f013816e08158024,"{""d"":7.0,""p"":0.00046415888336127773,""r"":7.0}",
        32,         0,         0,   0.618,correlated_pymatching,d375ef9124ce40870f0834887e212a4b5fa1761556314559f013816e08158024,"{""d"":7.0,""p"":0.00046415888336127773,""r"":7.0}",
       562,         0,         0,   0.349,correlated_pymatching,d375ef9124ce40870f0834887e212a4b5fa1761556314559f013816e08158024,"{""d"":7.0,""p"":0.00046415888336127773,""r"":7.0}",
         2,         0,         0,   0.603,correlated_pymatching,d375ef9124ce40870f0834887e212a4b5fa1761556314559f013816e08158024,"{""d"":7.0,""p"":0.00046415888336127773,""r"":7.0}",
        12,         0,         0,   0.588,correlated_pymatching,d375ef9124ce40870f0834887e212a4b5fa1761556314559f013816e08158024,"{""d"":7.0,""p"":0.00046415888336127773,""r"":7.0}",
         8,         0,         0,   0.627,correlated_pymatching,d375ef9124ce40870f0834887e212a4b5fa1761556314559f013816e08158024,"{""d"":7.0,""p"":0.00046415888336127773,""r"":7.0}",
      3138,         0,         0,    1.47,correlated_pymatching,d375ef9124ce40870f0834887e212a4b5fa1761556314559f013816e08158024,"{""d"":7.0,""p"":0.00046415888336127773,""r"":7.0}",
        48,         0,         0,   0.604,correlated_pymatching,d375ef9124ce40870f0834887e212a4b5fa1761556314559f013816e08158024,"{""d"":7.0,""p"":0.00046415888336127773,""r"":7.0}",
       128,         0,         0,   0.608,correlated_pymatching,d375ef9124ce40870f0834887e212a4b5fa1761556314559f013816e08158024,"{""d"":7.0,""p"":0.00046415888336127773,""r"":7.0}",
      1758,         0,         0,   0.737,correlated_pymatching,d375ef9124ce40870f0834887e212a4b5fa1761556314559f013816e08158024,"{""d"":7.0,""p"":0.00046415888336127773,""r"":7.0}",
      3584,         0,         0,    2.43,correlated_pymatching,d375ef9124ce40870f0834887e212a4b5fa1761556314559f013816e08158024,"{""d"":7.0,""p"":0.00046415888336127773,""r"":7.0}",
       965,         0,         0,   0.376,correlated_pymatching,d375ef9124ce40870f0834887e212a4b5fa1761556314559f013816e08158024,"{""d"":7.0,""p"":0.00046415888336127773,""r"":7.0}",
       311,         0,         0,   0.325,correlated_pymatching,d375ef9124ce40870f0834887e212a4b5fa1761556314559f013816e08158024,"{""d"":7.0,""p"":0.00046415888336127773,""r"":7.0}",
      3474,         0,         0,    1.45,correlated_pymatching,d375ef9124ce40870f0834887e212a4b5fa1761556314559f013816e08158024,"{""d"":7.0,""p"":0.00046415888336127773,""r"":7.0}",
       384,         0,         0,   0.908,correlated_pymatching,d375ef9124ce40870f0834887e212a4b5fa1761556314559f013816e08158024,"{""d"":7.0,""p"":0.00046415888336127773,""r"":7.0}",
        24,         0,         0,   0.927,correlated_pymatching,d375ef9124ce40870f0834887e212a4b5fa1761556314559f013816e08158024,"{""d"":7.0,""p"":0.00046415888336127773,""r"":7.0}",
        12,         0,         0,   0.915,correlated_pymatching,d375ef9124ce40870f0834887e212a4b5fa1761556314559f013816e08158024,"{""d"":7.0,""p"":0.00046415888336127773,""r"":7.0}",
        80,         0,         0,   0.903,correlated_pymatching,d375ef9124ce40870f0834887e212a4b5fa1761556314559f013816e08158024,"{""d"":7.0,""p"":0.00046415888336127773,""r"":7.0}",
        12,         0,         0,   0.919,correlated_pymatching,d375ef9124ce40870f0834887e212a4b5fa1761556314559f013816e08158024,"{""d"":7.0,""p"":0.00046415888336127773,""r"":7.0}",
       320,         0,         0,   0.916,correlated_pymatching,d375ef9124ce40870f0834887e212a4b5fa1761556314559f013816e08158024,"{""d"":7.0,""p"":0.00046415888336127773,""r"":7.0}",
        48,         0,         0,   0.917,correlated_pymatching,d375ef9124ce40870f0834887e212a4b5fa1761556314559f013816e08158024,"{""d"":7.0,""p"":0.00046415888336127773,""r"":7.0}",
       640,         0,         0,   0.939,correlated_pymatching,d375ef9124ce40870f0834887e212a4b5fa1761556314559f013816e08158024,"{""d"":7.0,""p"":0.00046415888336127773,""r"":7.0}",
         6,         0,         0,   0.947,correlated_pymatching,d375ef9124ce40870f0834887e212a4b5fa1761556314559f013816e08158024,"{""d"":7.0,""p"":0.00046415888336127773,""r"":7.0}",
         6,         0,         0,   0.924,correlated_pymatching,d375ef9124ce40870f0834887e212a4b5fa1761556314559f013816e08158024,"{""d"":7.0,""p"":0.00046415888336127773,""r"":7.0}",
        20,         0,         0,   0.976,correlated_pymatching,d375ef9124ce40870f0834887e212a4b5fa1761556314559f013816e08158024,"{""d"":7.0,""p"":0.00046415888336127773,""r"":7.0}",
        12,         0,         0,   0.924,correlated_pymatching,d375ef9124ce40870f0834887e212a4b5fa1761556314559f013816e08158024,"{""d"":7.0,""p"":0.00046415888336127773,""r"":7.0}",
        40,         0,         0,   0.928,correlated_pymatching,d375ef9124ce40870f0834887e212a4b5fa1761556314559f013816e08158024,"{""d"":7.0,""p"":0.00046415888336127773,""r"":7.0}",
       384,         0,         0,    1.01,correlated_pymatching,d375ef9124ce40870f0834887e212a4b5fa1761556314559f013816e08158024,"{""d"":7.0,""p"":0.00046415888336127773,""r"":7.0}",
      3200,         0,         0,    8.11,correlated_pymatching,d375ef9124ce40870f0834887e212a4b5fa1761556314559f013816e08158024,"{""d"":7.0,""p"":0.00046415888336127773,""r"":7.0}",
       160,         0,         0,   0.915,correlated_pymatching,d375ef9124ce40870f0834887e212a4b5fa1761556314559f013816e08158024,"{""d"":7.0,""p"":0.00046415888336127773,""r"":7.0}",
       384,         0,         0,   0.927,correlated_pymatching,d375ef9124ce40870f0834887e212a4b5fa1761556314559f013816e08158024,"{""d"":7.0,""p"":0.00046415888336127773,""r"":7.0}",
       193,         0,         0,   0.321,correlated_pymatching,d375ef9124ce40870f0834887e212a4b5fa1761556314559f013816e08158024,"{""d"":7.0,""p"":0.00046415888336127773,""r"":7.0}",
      3018,         0,         0,    1.17,correlated_pymatching,d375ef9124ce40870f0834887e212a4b5fa1761556314559f013816e08158024,"{""d"":7.0,""p"":0.00046415888336127773,""r"":7.0}",
      3153,         0,         0,    1.44,correlated_pymatching,d375ef9124ce40870f0834887e212a4b5fa1761556314559f013816e08158024,"{""d"":7.0,""p"":0.00046415888336127773,""r"":7.0}",
      2754,         0,         0,    1.12,correlated_pymatching,d375ef9124ce40870f0834887e212a4b5fa1761556314559f013816e08158024,"{""d"":7.0,""p"":0.00046415888336127773,""r"":7.0}",
      3153,         0,         0,    1.49,correlated_pymatching,d375ef9124ce40870f0834887e212a4b5fa1761556314559f013816e08158024,"{""d"":7.0,""p"":0.00046415888336127773,""r"":7.0}",
      3153,         0,         0,    1.49,correlated_pymatching,d375ef9124ce40870f0834887e212a4b5fa1761556314559f013816e08158024,"{""d"":7.0,""p"":0.00046415888336127773,""r"":7.0}",
      3139,         0,         0,    1.49,correlated_pymatching,d375ef9124ce40870f0834887e212a4b5fa1761556314559f013816e08158024,"{""d"":7.0,""p"":0.00046415888336127773,""r"":7.0}",
      3153,         0,         0,    1.49,correlated_pymatching,d375ef9124ce40870f0834887e212a4b5fa1761556314559f013816e08158024,"{""d"":7.0,""p"":0.00046415888336127773,""r"":7.0}",
      2780,         0,         0,    1.15,correlated_pymatching,d375ef9124ce40870f0834887e212a4b5fa1761556314559f013816e08158024,"{""d"":7.0,""p"":0.00046415888336127773,""r"":7.0}",
       273,         0,         0,   0.318,correlated_pymatching,d375ef9124ce40870f0834887e212a4b5fa1761556314559f013816e08158024,"{""d"":7.0,""p"":0.00046415888336127773,""r"":7.0}",
       119,         0,         0,   0.286,correlated_pymatching,d375ef9124ce40870f0834887e212a4b5fa1761556314559f013816e08158024,"{""d"":7.0,""p"":0.00046415888336127773,""r"":7.0}",
        23,         0,         0,   0.305,correlated_pymatching,d375ef9124ce40870f0834887e212a4b5fa1761556314559f013816e08158024,"{""d"":7.0,""p"":0.00046415888336127773,""r"":7.0}",
       228,         0,         0,   0.310,correlated_pymatching,d375ef9124ce40870f0834887e212a4b5fa1761556314559f013816e08158024,"{""d"":7.0,""p"":0.00046415888336127773,""r"":7.0}",
        80,         0,         0,   0.313,correlated_pymatching,d375ef9124ce40870f0834887e212a4b5fa1761556314559f013816e08158024,"{""d"":7.0,""p"":0.00046415888336127773,""r"":7.0}",
       228,         0,         0,   0.328,correlated_pymatching,d375ef9124ce40870f0834887e212a4b5fa1761556314559f013816e08158024,"{""d"":7.0,""p"":0.00046415888336127773,""r"":7.0}",
       199,         0,         0,   0.305,correlated_pymatching,d375ef9124ce40870f0834887e212a4b5fa1761556314559f013816e08158024,"{""d"":7.0,""p"":0.00046415888336127773,""r"":7.0}",
        99,         0,         0,   0.317,correlated_pymatching,d375ef9124ce40870f0834887e212a4b5fa1761556314559f013816e08158024,"{""d"":7.0,""p"":0.00046415888336127773,""r"":7.0}",
       366,         0,         0,   0.328,correlated_pymatching,d375ef9124ce40870f0834887e212a4b5fa1761556314559f013816e08158024,"{""d"":7.0,""p"":0.00046415888336127773,""r"":7.0}",
       415,         0,         0,   0.332,correlated_pymatching,d375ef9124ce40870f0834887e212a4b5fa1761556314559f013816e08158024,"{""d"":7.0,""p"":0.00046415888336127773,""r"":7.0}",
        16,         0,         0,    1.20,correlated_pymatching,d375ef9124ce40870f0834887e212a4b5fa1761556314559f013816e08158024,"{""d"":7.0,""p"":0.00046415888336127773,""r"":7.0}",
       231,         0,         0,   0.328,correlated_pymatching,d375ef9124ce40870f0834887e212a4b5fa1761556314559f013816e08158024,"{""d"":7.0,""p"":0.00046415888336127773,""r"":7.0}",
        56,         0,         0,    1.24,correlated_pymatching,d375ef9124ce40870f0834887e212a4b5fa1761556314559f013816e08158024,"{""d"":7.0,""p"":0.00046415888336127773,""r"":7.0}",
       128,         0,         0,    1.24,correlated_pymatching,d375ef9124ce40870f0834887e212a4b5fa1761556314559f013816e08158024,"{""d"":7.0,""p"":0.00046415888336127773,""r"":7.0}",
        60,         0,         0,    1.16,correlated_pymatching,d375ef9124ce40870f0834887e212a4b5fa1761556314559f013816e08158024,"{""d"":7.0,""p"":0.00046415888336127773,""r"":7.0}",
        16,         0,         0,    1.24,correlated_pymatching,d375ef9124ce40870f0834887e212a4b5fa1761556314559f013816e08158024,"{""d"":7.0,""p"":0.00046415888336127773,""r"":7.0}",
       512,         0,         0,    1.25,correlated_pymatching,d375ef9124ce40870f0834887e212a4b5fa1761556314559f013816e08158024,"{""d"":7.0,""p"":0.00046415888336127773,""r"":7.0}",
       112,         0,         0,    1.24,correlated_pymatching,d375ef9124ce40870f0834887e212a4b5fa1761556314559f013816e08158024,"{""d"":7.0,""p"":0.00046415888336127773,""r"":7.0}",
       481,         0,         0,   0.345,correlated_pymatching,d375ef9124ce40870f0834887e212a4b5fa1761556314559f013816e08158024,"{""d"":7.0,""p"":0.00046415888336127773,""r"":7.0}",
      1024,         0,         0,    1.29,correlated_pymatching,d375ef9124ce40870f0834887e212a4b5fa1761556314559f013816e08158024,"{""d"":7.0,""p"":0.00046415888336127773,""r"":7.0}",
         8,         0,         0,    1.23,correlated_pymatching,d375ef9124ce40870f0834887e212a4b5fa1761556314559f013816e08158024,"{""d"":7.0,""p"":0.00046415888336127773,""r"":7.0}",
        48,         0,         0,    1.21,correlated_pymatching,d375ef9124ce40870f0834887e212a4b5fa1761556314559f013816e08158024,"{""d"":7.0,""p"":0.00046415888336127773,""r"":7.0}",
       748,         0,         0,   0.380,correlated_pymatching,d375ef9124ce40870f0834887e212a4b5fa1761556314559f013816e08158024,"{""d"":7.0,""p"":0.00046415888336127773,""r"":7.0}",
       846,         0,         0,   0.384,correlated_pymatching,d375ef9124ce40870f0834887e212a4b5fa1761556314559f013816e08158024,"{""d"":7.0,""p"":0.00046415888336127773,""r"":7.0}",
      1024,         0,         0,    1.28,correlated_pymatching,d375ef9124ce40870f0834887e212a4b5fa1761556314559f013816e08158024,"{""d"":7.0,""p"":0.00046415888336127773,""r"":7.0}",
        64,         0,         0,    1.23,correlated_pymatching,d375ef9124ce40870f0834887e212a4b5fa1761556314559f013816e08158024,"{""d"":7.0,""p"":0.00046415888336127773,""r"":7.0}",
       833,         0,         0,   0.377,correlated_pymatching,d375ef9124ce40870f0834887e212a4b5fa1761556314559f013816e08158024,"{""d"":7.0,""p"":0.00046415888336127773,""r"":7.0}",
        32,         0,         0,    1.24,correlated_pymatching,d375ef9124ce40870f0834887e212a4b5fa1761556314559f013816e08158024,"{""d"":7.0,""p"":0.00046415888336127773,""r"":7.0}",
       640,         0,         0,    1.23,correlated_pymatching,d375ef9124ce40870f0834887e212a4b5fa1761556314559f013816e08158024,"{""d"":7.0,""p"":0.00046415888336127773,""r"":7.0}",
      1327,         0,         0,   0.715,correlated_pymatching,d375ef9124ce40870f0834887e212a4b5fa1761556314559f013816e08158024,"{""d"":7.0,""p"":0.00046415888336127773,""r"":7.0}",
      2492,         0,         0,    1.10,correlated_pymatching,d375ef9124ce40870f0834887e212a4b5fa1761556314559f013816e08158024,"{""d"":7.0,""p"":0.00046415888336127773,""r"":7.0}",
      2560,         0,         0,    3.18,correlated_pymatching,d375ef9124ce40870f0834887e212a4b5fa1761556314559f013816e08158024,"{""d"":7.0,""p"":0.00046415888336127773,""r"":7.0}",
       448,         0,         0,    1.24,correlated_pymatching,d375ef9124ce40870f0834887e212a4b5fa1761556314559f013816e08158024,"{""d"":7.0,""p"":0.00046415888336127773,""r"":7.0}",
       283,         0,         0,   0.324,correlated_pymatching,d375ef9124ce40870f0834887e212a4b5fa1761556314559f013816e08158024,"{""d"":7.0,""p"":0.00046415888336127773,""r"":7.0}",
      2560,         0,         0,    3.18,correlated_pymatching,d375ef9124ce40870f0834887e212a4b5fa1761556314559f013816e08158024,"{""d"":7.0,""p"":0.00046415888336127773,""r"":7.0}",
      2560,         0,         0,    1.73,correlated_pymatching,d375ef9124ce40870f0834887e212a4b5fa1761556314559f013816e08158024,"{""d"":7.0,""p"":0.00046415888336127773,""r"":7.0}",
       512,         0,         0,    1.26,correlated_pymatching,d375ef9124ce40870f0834887e212a4b5fa1761556314559f013816e08158024,"{""d"":7.0,""p"":0.00046415888336127773,""r"":7.0}",
       764,         0,         0,   0.383,correlated_pymatching,d375ef9124ce40870f0834887e212a4b5fa1761556314559f013816e08158024,"{""d"":7.0,""p"":0.00046415888336127773,""r"":7.0}",
      2304,         0,         0,    2.89,correlated_pymatching,d375ef9124ce40870f0834887e212a4b5fa1761556314559f013816e08158024,"{""d"":7.0,""p"":0.00046415888336127773,""r"":7.0}",
       382,         0,         0,   0.344,correlated_pymatching,d375ef9124ce40870f0834887e212a4b5fa1761556314559f013816e08158024,"{""d"":7.0,""p"":0.00046415888336127773,""r"":7.0}",
      2048,         0,         0,    2.62,correlated_pymatching,d375ef9124ce40870f0834887e212a4b5fa1761556314559f013816e08158024,"{""d"":7.0,""p"":0.00046415888336127773,""r"":7.0}",
       566,         0,         0,   0.366,correlated_pymatching,d375ef9124ce40870f0834887e212a4b5fa1761556314559f013816e08158024,"{""d"":7.0,""p"":0.00046415888336127773,""r"":7.0}",
       737,         0,         0,   0.354,correlated_pymatching,d375ef9124ce40870f0834887e212a4b5fa1761556314559f013816e08158024,"{""d"":7.0,""p"":0.00046415888336127773,""r"":7.0}",
       737,         0,         0,   0.359,correlated_pymatching,d375ef9124ce40870f0834887e212a4b5fa1761556314559f013816e08158024,"{""d"":7.0,""p"":0.00046415888336127773,""r"":7.0}",
       737,         0,         0,   0.362,correlated_pymatching,d375ef9124ce40870f0834887e212a4b5fa1761556314559f013816e08158024,"{""d"":7.0,""p"":0.00046415888336127773,""r"":7.0}",
        31,         0,         0,   0.253,correlated_pymatching,d375ef9124ce40870f0834887e212a4b5fa1761556314559f013816e08158024,"{""d"":7.0,""p"":0.00046415888336127773,""r"":7.0}",
       129,         0,         0,   0.299,correlated_pymatching,d375ef9124ce40870f0834887e212a4b5fa1761556314559f013816e08158024,"{""d"":7.0,""p"":0.00046415888336127773,""r"":7.0}",
       241,         0,         0,   0.313,correlated_pymatching,d375ef9124ce40870f0834887e212a4b5fa1761556314559f013816e08158024,"{""d"":7.0,""p"":0.00046415888336127773,""r"":7.0}",
       553,         0,         0,   0.334,correlated_pymatching,d375ef9124ce40870f0834887e212a4b5fa1761556314559f013816e08158024,"{""d"":7.0,""p"":0.00046415888336127773,""r"":7.0}",
       215,         0,         0,   0.314,correlated_pymatching,d375ef9124ce40870f0834887e212a4b5fa1761556314559f013816e08158024,"{""d"":7.0,""p"":0.00046415888336127773,""r"":7.0}",
       737,         0,         0,   0.356,correlated_pymatching,d375ef9124ce40870f0834887e212a4b5fa1761556314559f013816e08158024,"{""d"":7.0,""p"":0.00046415888336127773,""r"":7.0}",
       201,         0,         0,   0.305,correlated_pymatching,d375ef9124ce40870f0834887e212a4b5fa1761556314559f013816e08158024,"{""d"":7.0,""p"":0.00046415888336127773,""r"":7.0}",
       188,         0,         0,   0.314,correlated_pymatching,d375ef9124ce40870f0834887e212a4b5fa1761556314559f013816e08158024,"{""d"":7.0,""p"":0.00046415888336127773,""r"":7.0}",
       651,         0,         0,   0.349,correlated_pymatching,d375ef9124ce40870f0834887e212a4b5fa1761556314559f013816e08158024,"{""d"":7.0,""p"":0.00046415888336127773,""r"":7.0}",
       322,         0,         0,   0.324,correlated_pymatching,d375ef9124ce40870f0834887e212a4b5fa1761556314559f013816e08158024,"{""d"":7.0,""p"":0.00046415888336127773,""r"":7.0}",
        82,         0,         0,   0.295,correlated_pymatching,d375ef9124ce40870f0834887e212a4b5fa1761556314559f013816e08158024,"{""d"":7.0,""p"":0.00046415888336127773,""r"":7.0}",
       117,         0,         0,   0.300,correlated_pymatching,d375ef9124ce40870f0834887e212a4b5fa1761556314559f013816e08158024,"{""d"":7.0,""p"":0.00046415888336127773,""r"":7.0}",
       708,         0,         0,   0.360,correlated_pymatching,d375ef9124ce40870f0834887e212a4b5fa1761556314559f013816e08158024,"{""d"":7.0,""p"":0.00046415888336127773,""r"":7.0}",
        18,         0,         0,   0.299,correlated_pymatching,d375ef9124ce40870f0834887e212a4b5fa1761556314559f013816e08158024,"{""d"":7.0,""p"":0.00046415888336127773,""r"":7.0}",
       530,         0,         0,   0.344,correlated_pymatching,d375ef9124ce40870f0834887e212a4b5fa1761556314559f013816e08158024,"{""d"":7.0,""p"":0.00046415888336127773,""r"":7.0}",
       225,         0,         0,   0.332,correlated_pymatching,d375ef9124ce40870f0834887e212a4b5fa1761556314559f013816e08158024,"{""d"":7.0,""p"":0.00046415888336127773,""r"":7.0}",
       837,         0,         0,   0.333,correlated_pymatching,d375ef9124ce40870f0834887e212a4b5fa1761556314559f013816e08158024,"{""d"":7.0,""p"":0.00046415888336127773,""r"":7.0}",
       696,         0,         0,   0.350,correlated_pymatching,d375ef9124ce40870f0834887e212a4b5fa1761556314559f013816e08158024,"{""d"":7.0,""p"":0.00046415888336127773,""r"":7.0}",
       696,         0,         0,   0.344,correlated_pymatching,d375ef9124ce40870f0834887e212a4b5fa1761556314559f013816e08158024,"{""d"":7.0,""p"":0.00046415888336127773,""r"":7.0}",
       696,         0,         0,   0.360,correlated_pymatching,d375ef9124ce40870f0834887e212a4b5fa1761556314559f013816e08158024,"{""d"":7.0,""p"":0.00046415888336127773,""r"":7.0}",
       986,         0,         0,   0.628,correlated_pymatching,d375ef9124ce40870f0834887e212a4b5fa1761556314559f013816e08158024,"{""d"":7.0,""p"":0.00046415888336127773,""r"":7.0}",
      1181,         0,         0,    1.11,correlated_pymatching,d375ef9124ce40870f0834887e212a4b5fa1761556314559f013816e08158024,"{""d"":7.0,""p"":0.00046415888336127773,""r"":7.0}",
       982,         0,         0,   0.301,correlated_pymatching,d375ef9124ce40870f0834887e212a4b5fa1761556314559f013816e08158024,"{""d"":7.0,""p"":0.00046415888336127773,""r"":7.0}",
       473,         0,         0,   0.264,correlated_pymatching,d375ef9124ce40870f0834887e212a4b5fa1761556314559f013816e08158024,"{""d"":7.0,""p"":0.00046415888336127773,""r"":7.0}",
      1014,         0,         0,    1.08,correlated_pymatching,d375ef9124ce40870f0834887e212a4b5fa1761556314559f013816e08158024,"{""d"":7.0,""p"":0.00046415888336127773,""r"":7.0}",
       161,         0,         0,   0.211,correlated_pymatching,d375ef9124ce40870f0834887e212a4b5fa1761556314559f013816e08158024,"{""d"":7.0,""p"":0.00046415888336127773,""r"":7.0}",
       696,         0,         0,   0.368,correlated_pymatching,d375ef9124ce40870f0834887e212a4b5fa1761556314559f013816e08158024,"{""d"":7.0,""p"":0.00046415888336127773,""r"":7.0}",
       285,         0,         0,   0.224,correlated_pymatching,d375ef9124ce40870f0834887e212a4b5fa1761556314559f013816e08158024,"{""d"":7.0,""p"":0.00046415888336127773,""r"":7.0}",
      1024,         0,         0,    1.16,correlated_pymatching,d375ef9124ce40870f0834887e212a4b5fa1761556314559f013816e08158024,"{""d"":7.0,""p"":0.00046415888336127773,""r"":7.0}",
       570,         0,         0,   0.356,correlated_pymatching,d375ef9124ce40870f0834887e212a4b5fa1761556314559f013816e08158024,"{""d"":7.0,""p"":0.00046415888336127773,""r"":7.0}",
       793,         0,         0,   0.372,correlated_pymatching,d375ef9124ce40870f0834887e212a4b5fa1761556314559f013816e08158024,"{""d"":7.0,""p"":0.00046415888336127773,""r"":7.0}",
       397,         0,         0,   0.332,correlated_pymatching,d375ef9124ce40870f0834887e212a4b5fa1761556314559f013816e08158024,"{""d"":7.0,""p"":0.00046415888336127773,""r"":7.0}",
       240,         0,         0,   0.320,correlated_pymatching,d375ef9124ce40870f0834887e212a4b5fa1761556314559f013816e08158024,"{""d"":7.0,""p"":0.00046415888336127773,""r"":7.0}",
       455,         0,         0,   0.283,correlated_pymatching,d375ef9124ce40870f0834887e212a4b5fa1761556314559f013816e08158024,"{""d"":7.0,""p"":0.00046415888336127773,""r"":7.0}",
       175,         0,         0,   0.274,correlated_pymatching,d375ef9124ce40870f0834887e212a4b5fa1761556314559f013816e08158024,"{""d"":7.0,""p"":0.00046415888336127773,""r"":7.0}",
        88,         0,         0,   0.263,correlated_pymatching,d375ef9124ce40870f0834887e212a4b5fa1761556314559f013816e08158024,"{""d"":7.0,""p"":0.00046415888336127773,""r"":7.0}",
       175,         0,         0,   0.275,correlated_pymatching,d375ef9124ce40870f0834887e212a4b5fa1761556314559f013816e08158024,"{""d"":7.0,""p"":0.00046415888336127773,""r"":7.0}",
       184,         0,         0,   0.275,correlated_pymatching,d375ef9124ce40870f0834887e212a4b5fa1761556314559f013816e08158024,"{""d"":7.0,""p"":0.00046415888336127773,""r"":7.0}",
       626,         0,         0,   0.309,correlated_pymatching,d375ef9124ce40870f0834887e212a4b5fa1761556314559f013816e08158024,"{""d"":7.0,""p"":0.00046415888336127773,""r"":7.0}",
      1024,         0,         0,    2.51,correlated_pymatching,d375ef9124ce40870f0834887e212a4b5fa1761556314559f013816e08158024,"{""d"":7.0,""p"":0.00046415888336127773,""r"":7.0}",
       768,         0,         0,   0.951,correlated_pymatching,d375ef9124ce40870f0834887e212a4b5fa1761556314559f013816e08158024,"{""d"":7.0,""p"":0.00046415888336127773,""r"":7.0}",
       997,         0,         0,    1.18,correlated_pymatching,d375ef9124ce40870f0834887e212a4b5fa1761556314559f013816e08158024,"{""d"":7.0,""p"":0.00046415888336127773,""r"":7.0}",
        69,         0,         0,   0.289,correlated_pymatching,d375ef9124ce40870f0834887e212a4b5fa1761556314559f013816e08158024,"{""d"":7.0,""p"":0.00046415888336127773,""r"":7.0}",
       233,         0,         0,   0.324,correlated_pymatching,d375ef9124ce40870f0834887e212a4b5fa1761556314559f013816e08158024,"{""d"":7.0,""p"":0.00046415888336127773,""r"":7.0}",
       452,         0,         0,   0.320,correlated_pymatching,d375ef9124ce40870f0834887e212a4b5fa1761556314559f013816e08158024,"{""d"":7.0,""p"":0.00046415888336127773,""r"":7.0}",
       768,         0,         0,   0.959,correlated_pymatching,d375ef9124ce40870f0834887e212a4b5fa1761556314559f013816e08158024,"{""d"":7.0,""p"":0.00046415888336127773,""r"":7.0}",
       640,         0,         0,    1.55,correlated_pymatching,d375ef9124ce40870f0834887e212a4b5fa1761556314559f013816e08158024,"{""d"":7.0,""p"":0.00046415888336127773,""r"":7.0}",
       136,         0,         0,   0.316,correlated_pymatching,d375ef9124ce40870f0834887e212a4b5fa1761556314559f013816e08158024,"{""d"":7.0,""p"":0.00046415888336127773,""r"":7.0}",
       312,         0,         0,   0.324,correlated_pymatching,d375ef9124ce40870f0834887e212a4b5fa1761556314559f013816e08158024,"{""d"":7.0,""p"":0.00046415888336127773,""r"":7.0}",
       249,         0,         0,   0.304,correlated_pymatching,d375ef9124ce40870f0834887e212a4b5fa1761556314559f013816e08158024,"{""d"":7.0,""p"":0.00046415888336127773,""r"":7.0}",
       857,         0,         0,   0.684,correlated_pymatching,d375ef9124ce40870f0834887e212a4b5fa1761556314559f013816e08158024,"{""d"":7.0,""p"":0.00046415888336127773,""r"":7.0}",
        80,         0,         0,    1.67,correlated_pymatching,d375ef9124ce40870f0834887e212a4b5fa1761556314559f013816e08158024,"{""d"":7.0,""p"":0.00046415888336127773,""r"":7.0}",
       832,         0,         0,    4.06,correlated_pymatching,d375ef9124ce40870f0834887e212a4b5fa1761556314559f013816e08158024,"{""d"":7.0,""p"":0.00046415888336127773,""r"":7.0}",
        34,         0,         0,    1.63,correlated_pymatching,d375ef9124ce40870f0834887e212a4b5fa1761556314559f013816e08158024,"{""d"":7.0,""p"":0.00046415888336127773,""r"":7.0}",
        88,         0,         0,   0.312,correlated_pymatching,d375ef9124ce40870f0834887e212a4b5fa1761556314559f013816e08158024,"{""d"":7.0,""p"":0.00046415888336127773,""r"":7.0}",
       194,         0,         0,   0.308,correlated_pymatching,d375ef9124ce40870f0834887e212a4b5fa1761556314559f013816e08158024,"{""d"":7.0,""p"":0.00046415888336127773,""r"":7.0}",
       117,         0,         0,   0.312,correlated_pymatching,d375ef9124ce40870f0834887e212a4b5fa1761556314559f013816e08158024,"{""d"":7.0,""p"":0.00046415888336127773,""r"":7.0}",
       160,         0,         0,    1.77,correlated_pymatching,d375ef9124ce40870f0834887e212a4b5fa1761556314559f013816e08158024,"{""d"":7.0,""p"":0.00046415888336127773,""r"":7.0}",
       216,         0,         0,   0.308,correlated_pymatching,d375ef9124ce40870f0834887e212a4b5fa1761556314559f013816e08158024,"{""d"":7.0,""p"":0.00046415888336127773,""r"":7.0}",
       144,         0,         0,    1.70,correlated_pymatching,d375ef9124ce40870f0834887e212a4b5fa1761556314559f013816e08158024,"{""d"":7.0,""p"":0.00046415888336127773,""r"":7.0}",
       135,         0,         0,   0.312,correlated_pymatching,d375ef9124ce40870f0834887e212a4b5fa1761556314559f013816e08158024,"{""d"":7.0,""p"":0.00046415888336127773,""r"":7.0}",
       156,         0,         0,   0.311,correlated_pymatching,d375ef9124ce40870f0834887e212a4b5fa1761556314559f013816e08158024,"{""d"":7.0,""p"":0.00046415888336127773,""r"":7.0}",
       640,         0,         0,    1.55,correlated_pymatching,d375ef9124ce40870f0834887e212a4b5fa1761556314559f013816e08158024,"{""d"":7.0,""p"":0.00046415888336127773,""r"":7.0}",
       211,         0,         0,   0.314,correlated_pymatching,d375ef9124ce40870f0834887e212a4b5fa1761556314559f013816e08158024,"{""d"":7.0,""p"":0.00046415888336127773,""r"":7.0}",
       160,         0,         0,    1.73,correlated_pymatching,d375ef9124ce40870f0834887e212a4b5fa1761556314559f013816e08158024,"{""d"":7.0,""p"":0.00046415888336127773,""r"":7.0}",
       160,         0,         0,    1.77,correlated_pymatching,d375ef9124ce40870f0834887e212a4b5fa1761556314559f013816e08158024,"{""d"":7.0,""p"":0.00046415888336127773,""r"":7.0}",
       640,         0,         0,    1.55,correlated_pymatching,d375ef9124ce40870f0834887e212a4b5fa1761556314559f013816e08158024,"{""d"":7.0,""p"":0.00046415888336127773,""r"":7.0}",
       288,         0,         0,    1.84,correlated_pymatching,d375ef9124ce40870f0834887e212a4b5fa1761556314559f013816e08158024,"{""d"":7.0,""p"":0.00046415888336127773,""r"":7.0}",
        32,         0,         0,    1.83,correlated_pymatching,d375ef9124ce40870f0834887e212a4b5fa1761556314559f013816e08158024,"{""d"":7.0,""p"":0.00046415888336127773,""r"":7.0}",
       229,         0,         0,   0.314,correlated_pymatching,d375ef9124ce40870f0834887e212a4b5fa1761556314559f013816e08158024,"{""d"":7.0,""p"":0.00046415888336127773,""r"":7.0}",
       192,         0,         0,    1.86,correlated_pymatching,d375ef9124ce40870f0834887e212a4b5fa1761556314559f013816e08158024,"{""d"":7.0,""p"":0.00046415888336127773,""r"":7.0}",
       272,         0,         0,   0.323,correlated_pymatching,d375ef9124ce40870f0834887e212a4b5fa1761556314559f013816e08158024,"{""d"":7.0,""p"":0.00046415888336127773,""r"":7.0}",
        95,         0,         0,   0.312,correlated_pymatching,d375ef9124ce40870f0834887e212a4b5fa1761556314559f013816e08158024,"{""d"":7.0,""p"":0.00046415888336127773,""r"":7.0}",
        98,         0,         0,   0.308,correlated_pymatching,d375ef9124ce40870f0834887e212a4b5fa1761556314559f013816e08158024,"{""d"":7.0,""p"":0.00046415888336127773,""r"":7.0}",
       355,         0,         0,   0.341,correlated_pymatching,d375ef9124ce40870f0834887e212a4b5fa1761556314559f013816e08158024,"{""d"":7.0,""p"":0.00046415888336127773,""r"":7.0}",
       320,         0,         0,    1.87,correlated_pymatching,d375ef9124ce40870f0834887e212a4b5fa1761556314559f013816e08158024,"{""d"":7.0,""p"":0.00046415888336127773,""r"":7.0}",
       192,         0,         0,   0.326,correlated_pymatching,d375ef9124ce40870f0834887e212a4b5fa1761556314559f013816e08158024,"{""d"":7.0,""p"":0.00046415888336127773,""r"":7.0}",
       217,         0,         0,   0.324,correlated_pymatching,d375ef9124ce40870f0834887e212a4b5fa1761556314559f013816e08158024,"{""d"":7.0,""p"":0.00046415888336127773,""r"":7.0}",
        96,         0,         0,   0.310,correlated_pymatching,d375ef9124ce40870f0834887e212a4b5fa1761556314559f013816e08158024,"{""d"":7.0,""p"":0.00046415888336127773,""r"":7.0}",
       259,         0,         0,   0.317,correlated_pymatching,d375ef9124ce40870f0834887e212a4b5fa1761556314559f013816e08158024,"{""d"":7.0,""p"":0.00046415888336127773,""r"":7.0}",
       165,         0,         0,   0.313,correlated_pymatching,d375ef9124ce40870f0834887e212a4b5fa1761556314559f013816e08158024,"{""d"":7.0,""p"":0.00046415888336127773,""r"":7.0}",
       259,         0,         0,   0.328,correlated_pymatching,d375ef9124ce40870f0834887e212a4b5fa1761556314559f013816e08158024,"{""d"":7.0,""p"":0.00046415888336127773,""r"":7.0}",
       350,         0,         0,   0.324,correlated_pymatching,d375ef9124ce40870f0834887e212a4b5fa1761556314559f013816e08158024,"{""d"":7.0,""p"":0.00046415888336127773,""r"":7.0}",
        39,         0,         0,   0.291,correlated_pymatching,d375ef9124ce40870f0834887e212a4b5fa1761556314559f013816e08158024,"{""d"":7.0,""p"":0.00046415888336127773,""r"":7.0}",
       259,         0,         0,   0.324,correlated_pymatching,d375ef9124ce40870f0834887e212a4b5fa1761556314559f013816e08158024,"{""d"":7.0,""p"":0.00046415888336127773,""r"":7.0}",
       332,         0,         0,   0.328,correlated_pymatching,d375ef9124ce40870f0834887e212a4b5fa1761556314559f013816e08158024,"{""d"":7.0,""p"":0.00046415888336127773,""r"":7.0}",
       340,         0,         0,   0.328,correlated_pymatching,d375ef9124ce40870f0834887e212a4b5fa1761556314559f013816e08158024,"{""d"":7.0,""p"":0.00046415888336127773,""r"":7.0}",
       126,         0,         0,   0.305,correlated_pymatching,d375ef9124ce40870f0834887e212a4b5fa1761556314559f013816e08158024,"{""d"":7.0,""p"":0.00046415888336127773,""r"":7.0}",
       150,         0,         0,   0.302,correlated_pymatching,d375ef9124ce40870f0834887e212a4b5fa1761556314559f013816e08158024,"{""d"":7.0,""p"":0.00046415888336127773,""r"":7.0}",
         5,         0,         0,   0.286,correlated_pymatching,d375ef9124ce40870f0834887e212a4b5fa1761556314559f013816e08158024,"{""d"":7.0,""p"":0.00046415888336127773,""r"":7.0}",
       254,         0,         0,   0.328,correlated_pymatching,d375ef9124ce40870f0834887e212a4b5fa1761556314559f013816e08158024,"{""d"":7.0,""p"":0.00046415888336127773,""r"":7.0}",
       150,         0,         0,   0.313,correlated_pymatching,d375ef9124ce40870f0834887e212a4b5fa1761556314559f013816e08158024,"{""d"":7.0,""p"":0.00046415888336127773,""r"":7.0}",
       349,         0,         0,   0.629,correlated_pymatching,d375ef9124ce40870f0834887e212a4b5fa1761556314559f013816e08158024,"{""d"":7.0,""p"":0.00046415888336127773,""r"":7.0}",
       155,         0,         0,   0.310,correlated_pymatching,d375ef9124ce40870f0834887e212a4b5fa1761556314559f013816e08158024,"{""d"":7.0,""p"":0.00046415888336127773,""r"":7.0}",
       165,         0,         0,   0.311,correlated_pymatching,d375ef9124ce40870f0834887e212a4b5fa1761556314559f013816e08158024,"{""d"":7.0,""p"":0.00046415888336127773,""r"":7.0}",
       262,         0,         0,   0.314,correlated_pymatching,d375ef9124ce40870f0834887e212a4b5fa1761556314559f013816e08158024,"{""d"":7.0,""p"":0.00046415888336127773,""r"":7.0}",
        97,         0,         0,   0.301,correlated_pymatching,d375ef9124ce40870f0834887e212a4b5fa1761556314559f013816e08158024,"{""d"":7.0,""p"":0.00046415888336127773,""r"":7.0}",
       164,         0,         0,   0.316,correlated_pymatching,d375ef9124ce40870f0834887e212a4b5fa1761556314559f013816e08158024,"{""d"":7.0,""p"":0.00046415888336127773,""r"":7.0}",
       153,         0,         0,   0.311,correlated_pymatching,d375ef9124ce40870f0834887e212a4b5fa1761556314559f013816e08158024,"{""d"":7.0,""p"":0.00046415888336127773,""r"":7.0}",
       242,         0,         0,   0.613,correlated_pymatching,d375ef9124ce40870f0834887e212a4b5fa1761556314559f013816e08158024,"{""d"":7.0,""p"":0.00046415888336127773,""r"":7.0}",
         5,         0,         0,   0.293,correlated_pymatching,d375ef9124ce40870f0834887e212a4b5fa1761556314559f013816e08158024,"{""d"":7.0,""p"":0.00046415888336127773,""r"":7.0}",
        97,         0,         0,   0.310,correlated_pymatching,d375ef9124ce40870f0834887e212a4b5fa1761556314559f013816e08158024,"{""d"":7.0,""p"":0.00046415888336127773,""r"":7.0}",
       323,         0,         0,   0.933,correlated_pymatching,d375ef9124ce40870f0834887e212a4b5fa1761556314559f013816e08158024,"{""d"":7.0,""p"":0.00046415888336127773,""r"":7.0}",
         3,         0,         0,   0.287,correlated_pymatching,d375ef9124ce40870f0834887e212a4b5fa1761556314559f013816e08158024,"{""d"":7.0,""p"":0.00046415888336127773,""r"":7.0}",
         3,         0,         0,   0.285,correlated_pymatching,d375ef9124ce40870f0834887e212a4b5fa1761556314559f013816e08158024,"{""d"":7.0,""p"":0.00046415888336127773,""r"":7.0}",
        97,         0,         0,   0.305,correlated_pymatching,d375ef9124ce40870f0834887e212a4b5fa1761556314559f013816e08158024,"{""d"":7.0,""p"":0.00046415888336127773,""r"":7.0}",
       201,         0,         0,   0.303,correlated_pymatching,d375ef9124ce40870f0834887e212a4b5fa1761556314559f013816e08158024,"{""d"":7.0,""p"":0.00046415888336127773,""r"":7.0}",
       245,         0,         0,   0.608,correlated_pymatching,d375ef9124ce40870f0834887e212a4b5fa1761556314559f013816e08158024,"{""d"":7.0,""p"":0.00046415888336127773,""r"":7.0}",
         6,         0,         0,   0.300,correlated_pymatching,d375ef9124ce40870f0834887e212a4b5fa1761556314559f013816e08158024,"{""d"":7.0,""p"":0.00046415888336127773,""r"":7.0}",
        56,         0,         0,   0.296,correlated_pymatching,d375ef9124ce40870f0834887e212a4b5fa1761556314559f013816e08158024,"{""d"":7.0,""p"":0.00046415888336127773,""r"":7.0}",
       178,         0,         0,   0.606,correlated_pymatching,d375ef9124ce40870f0834887e212a4b5fa1761556314559f013816e08158024,"{""d"":7.0,""p"":0.00046415888336127773,""r"":7.0}",
       196,         0,         0,   0.306,correlated_pymatching,d375ef9124ce40870f0834887e212a4b5fa1761556314559f013816e08158024,"{""d"":7.0,""p"":0.00046415888336127773,""r"":7.0}",
       153,         0,         0,   0.308,correlated_pymatching,d375ef9124ce40870f0834887e212a4b5fa1761556314559f013816e08158024,"{""d"":7.0,""p"":0.00046415888336127773,""r"":7.0}",
         3,         0,         0,   0.293,correlated_pymatching,d375ef9124ce40870f0834887e212a4b5fa1761556314559f013816e08158024,"{""d"":7.0,""p"":0.00046415888336127773,""r"":7.0}",
       192,         0,         0,   0.923,correlated_pymatching,d375ef9124ce40870f0834887e212a4b5fa1761556314559f013816e08158024,"{""d"":7.0,""p"":0.00046415888336127773,""r"":7.0}",
       192,         0,         0,   0.935,correlated_pymatching,d375ef9124ce40870f0834887e212a4b5fa1761556314559f013816e08158024,"{""d"":7.0,""p"":0.00046415888336127773,""r"":7.0}",
       166,         0,         0,   0.306,correlated_pymatching,d375ef9124ce40870f0834887e212a4b5fa1761556314559f013816e08158024,"{""d"":7.0,""p"":0.00046415888336127773,""r"":7.0}",
       146,         0,         0,   0.304,correlated_pymatching,d375ef9124ce40870f0834887e212a4b5fa1761556314559f013816e08158024,"{""d"":7.0,""p"":0.00046415888336127773,""r"":7.0}",
        99,         0,         0,   0.298,correlated_pymatching,d375ef9124ce40870f0834887e212a4b5fa1761556314559f013816e08158024,"{""d"":7.0,""p"":0.00046415888336127773,""r"":7.0}",
       192,         0,         0,   0.943,correlated_pymatching,d375ef9124ce40870f0834887e212a4b5fa1761556314559f013816e08158024,"{""d"":7.0,""p"":0.00046415888336127773,""r"":7.0}",
       192,         0,         0,   0.919,correlated_pymatching,d375ef9124ce40870f0834887e212a4b5fa1761556314559f013816e08158024,"{""d"":7.0,""p"":0.00046415888336127773,""r"":7.0}",
         3,         0,         0,   0.300,correlated_pymatching,d375ef9124ce40870f0834887e212a4b5fa1761556314559f013816e08158024,"{""d"":7.0,""p"":0.00046415888336127773,""r"":7.0}",
        71,         0,         0,   0.283,correlated_pymatching,d375ef9124ce40870f0834887e212a4b5fa1761556314559f013816e08158024,"{""d"":7.0,""p"":0.00046415888336127773,""r"":7.0}",
       124,         0,         0,   0.299,correlated_pymatching,d375ef9124ce40870f0834887e212a4b5fa1761556314559f013816e08158024,"{""d"":7.0,""p"":0.00046415888336127773,""r"":7.0}",
       192,         0,         0,   0.939,correlated_pymatching,d375ef9124ce40870f0834887e212a4b5fa1761556314559f013816e08158024,"{""d"":7.0,""p"":0.00046415888336127773,""r"":7.0}",
       192,         0,         0,   0.927,correlated_pymatching,d375ef9124ce40870f0834887e212a4b5fa1761556314559f013816e08158024,"{""d"":7.0,""p"":0.00046415888336127773,""r"":7.0}",
       124,         0,         0,   0.317,correlated_pymatching,d375ef9124ce40870f0834887e212a4b5fa1761556314559f013816e08158024,"{""d"":7.0,""p"":0.00046415888336127773,""r"":7.0}",
        47,         0,         0,   0.293,correlated_pymatching,d375ef9124ce40870f0834887e212a4b5fa1761556314559f013816e08158024,"{""d"":7.0,""p"":0.00046415888336127773,""r"":7.0}",
       122,         0,         0,   0.313,correlated_pymatching,d375ef9124ce40870f0834887e212a4b5fa1761556314559f013816e08158024,"{""d"":7.0,""p"":0.00046415888336127773,""r"":7.0}",
       192,         0,         0,   0.931,correlated_pymatching,d375ef9124ce40870f0834887e212a4b5fa1761556314559f013816e08158024,"{""d"":7.0,""p"":0.00046415888336127773,""r"":7.0}",
       192,         0,         0,    1.22,correlated_pymatching,d375ef9124ce40870f0834887e212a4b5fa1761556314559f013816e08158024,"{""d"":7.0,""p"":0.00046415888336127773,""r"":7.0}",
        99,         0,         0,   0.310,correlated_pymatching,d375ef9124ce40870f0834887e212a4b5fa1761556314559f013816e08158024,"{""d"":7.0,""p"":0.00046415888336127773,""r"":7.0}",
        97,         0,         0,   0.297,correlated_pymatching,d375ef9124ce40870f0834887e212a4b5fa1761556314559f013816e08158024,"{""d"":7.0,""p"":0.00046415888336127773,""r"":7.0}",
        64,         0,         0,   0.301,correlated_pymatching,d375ef9124ce40870f0834887e212a4b5fa1761556314559f013816e08158024,"{""d"":7.0,""p"":0.00046415888336127773,""r"":7.0}",
        84,         0,         0,   0.298,correlated_pymatching,d375ef9124ce40870f0834887e212a4b5fa1761556314559f013816e08158024,"{""d"":7.0,""p"":0.00046415888336127773,""r"":7.0}",
        64,         0,         0,   0.294,correlated_pymatching,d375ef9124ce40870f0834887e212a4b5fa1761556314559f013816e08158024,"{""d"":7.0,""p"":0.00046415888336127773,""r"":7.0}",
        64,         0,         0,   0.297,correlated_pymatching,d375ef9124ce40870f0834887e212a4b5fa1761556314559f013816e08158024,"{""d"":7.0,""p"":0.00046415888336127773,""r"":7.0}",
        39,         0,         0,   0.293,correlated_pymatching,d375ef9124ce40870f0834887e212a4b5fa1761556314559f013816e08158024,"{""d"":7.0,""p"":0.00046415888336127773,""r"":7.0}",
        32,         0,         0,   0.282,correlated_pymatching,d375ef9124ce40870f0834887e212a4b5fa1761556314559f013816e08158024,"{""d"":7.0,""p"":0.00046415888336127773,""r"":7.0}",
        60,         0,         0,   0.301,correlated_pymatching,d375ef9124ce40870f0834887e212a4b5fa1761556314559f013816e08158024,"{""d"":7.0,""p"":0.00046415888336127773,""r"":7.0}",
        34,         0,         0,   0.299,correlated_pymatching,d375ef9124ce40870f0834887e212a4b5fa1761556314559f013816e08158024,"{""d"":7.0,""p"":0.00046415888336127773,""r"":7.0}",
         6,         0,         0,   0.299,correlated_pymatching,d375ef9124ce40870f0834887e212a4b5fa1761556314559f013816e08158024,"{""d"":7.0,""p"":0.00046415888336127773,""r"":7.0}",
        31,         0,         0,   0.288,correlated_pymatching,d375ef9124ce40870f0834887e212a4b5fa1761556314559f013816e08158024,"{""d"":7.0,""p"":0.00046415888336127773,""r"":7.0}",
        56,         0,         0,   0.294,correlated_pymatching,d375ef9124ce40870f0834887e212a4b5fa1761556314559f013816e08158024,"{""d"":7.0,""p"":0.00046415888336127773,""r"":7.0}",
       128,         0,         0,    1.24,correlated_pymatching,d375ef9124ce40870f0834887e212a4b5fa1761556314559f013816e08158024,"{""d"":7.0,""p"":0.00046415888336127773,""r"":7.0}",
        26,         0,         0,   0.295,correlated_pymatching,d375ef9124ce40870f0834887e212a4b5fa1761556314559f013816e08158024,"{""d"":7.0,""p"":0.00046415888336127773,""r"":7.0}",
         6,         0,         0,   0.300,correlated_pymatching,d375ef9124ce40870f0834887e212a4b5fa1761556314559f013816e08158024,"{""d"":7.0,""p"":0.00046415888336127773,""r"":7.0}",
         8,         0,         0,   0.283,correlated_pymatching,d375ef9124ce40870f0834887e212a4b5fa1761556314559f013816e08158024,"{""d"":7.0,""p"":0.00046415888336127773,""r"":7.0}",
        32,         0,         0,   0.291,correlated_pymatching,d375ef9124ce40870f0834887e212a4b5fa1761556314559f013816e08158024,"{""d"":7.0,""p"":0.00046415888336127773,""r"":7.0}",
        32,         0,         0,   0.297,correlated_pymatching,d375ef9124ce40870f0834887e212a4b5fa1761556314559f013816e08158024,"{""d"":7.0,""p"":0.00046415888336127773,""r"":7.0}",
       120,         0,         0,    1.51,correlated_pymatching,d375ef9124ce40870f0834887e212a4b5fa1761556314559f013816e08158024,"{""d"":7.0,""p"":0.00046415888336127773,""r"":7.0}",
         2,         0,         0,   0.287,correlated_pymatching,d375ef9124ce40870f0834887e212a4b5fa1761556314559f013816e08158024,"{""d"":7.0,""p"":0.00046415888336127773,""r"":7.0}",
        20,         0,         0,   0.289,correlated_pymatching,d375ef9124ce40870f0834887e212a4b5fa1761556314559f013816e08158024,"{""d"":7.0,""p"":0.00046415888336127773,""r"":7.0}",
        22,         0,         0,   0.293,correlated_pymatching,d375ef9124ce40870f0834887e212a4b5fa1761556314559f013816e08158024,"{""d"":7.0,""p"":0.00046415888336127773,""r"":7.0}",
         1,         0,         0,   0.291,correlated_pymatching,d375ef9124ce40870f0834887e212a4b5fa1761556314559f013816e08158024,"{""d"":7.0,""p"":0.00046415888336127773,""r"":7.0}",
        40,         0,         0,    1.52,correlated_pymatching,d375ef9124ce40870f0834887e212a4b5fa1761556314559f013816e08158024,"{""d"":7.0,""p"":0.00046415888336127773,""r"":7.0}",
         2,         0,         0,   0.293,correlated_pymatching,d375ef9124ce40870f0834887e212a4b5fa1761556314559f013816e08158024,"{""d"":7.0,""p"":0.00046415888336127773,""r"":7.0}",
        20,         0,         0,   0.305,correlated_pymatching,d375ef9124ce40870f0834887e212a4b5fa1761556314559f013816e08158024,"{""d"":7.0,""p"":0.00046415888336127773,""r"":7.0}",
         3,         0,         0,   0.295,correlated_pymatching,d375ef9124ce40870f0834887e212a4b5fa1761556314559f013816e08158024,"{""d"":7.0,""p"":0.00046415888336127773,""r"":7.0}",
         2,         0,         0,   0.274,correlated_pymatching,d375ef9124ce40870f0834887e212a4b5fa1761556314559f013816e08158024,"{""d"":7.0,""p"":0.00046415888336127773,""r"":7.0}",
         2,         0,         0,   0.280,correlated_pymatching,d375ef9124ce40870f0834887e212a4b5fa1761556314559f013816e08158024,"{""d"":7.0,""p"":0.00046415888336127773,""r"":7.0}",
         2,         0,         0,   0.282,correlated_pymatching,d375ef9124ce40870f0834887e212a4b5fa1761556314559f013816e08158024,"{""d"":7.0,""p"":0.00046415888336127773,""r"":7.0}",
         2,         0,         0,   0.286,correlated_pymatching,d375ef9124ce40870f0834887e212a4b5fa1761556314559f013816e08158024,"{""d"":7.0,""p"":0.00046415888336127773,""r"":7.0}",
         2,         0,         0,   0.293,correlated_pymatching,d375ef9124ce40870f0834887e212a4b5fa1761556314559f013816e08158024,"{""d"":7.0,""p"":0.00046415888336127773,""r"":7.0}",
         2,         0,         0,   0.294,correlated_pymatching,d375ef9124ce40870f0834887e212a4b5fa1761556314559f013816e08158024,"{""d"":7.0,""p"":0.00046415888336127773,""r"":7.0}",
         2,         0,         0,   0.293,correlated_pymatching,d375ef9124ce40870f0834887e212a4b5fa1761556314559f013816e08158024,"{""d"":7.0,""p"":0.00046415888336127773,""r"":7.0}",
         2,         0,         0,   0.297,correlated_pymatching,d375ef9124ce40870f0834887e212a4b5fa1761556314559f013816e08158024,"{""d"":7.0,""p"":0.00046415888336127773,""r"":7.0}",
         2,         0,         0,   0.301,correlated_pymatching,d375ef9124ce40870f0834887e212a4b5fa1761556314559f013816e08158024,"{""d"":7.0,""p"":0.00046415888336127773,""r"":7.0}",
         2,         0,         0,   0.296,correlated_pymatching,d375ef9124ce40870f0834887e212a4b5fa1761556314559f013816e08158024,"{""d"":7.0,""p"":0.00046415888336127773,""r"":7.0}",
         2,         0,         0,   0.298,correlated_pymatching,d375ef9124ce40870f0834887e212a4b5fa1761556314559f013816e08158024,"{""d"":7.0,""p"":0.00046415888336127773,""r"":7.0}",
         2,         0,         0,   0.300,correlated_pymatching,d375ef9124ce40870f0834887e212a4b5fa1761556314559f013816e08158024,"{""d"":7.0,""p"":0.00046415888336127773,""r"":7.0}",
         2,         0,         0,   0.301,correlated_pymatching,d375ef9124ce40870f0834887e212a4b5fa1761556314559f013816e08158024,"{""d"":7.0,""p"":0.00046415888336127773,""r"":7.0}",
         1,         0,         0,   0.017,correlated_pymatching,34dcb8887f4f3ad9726bb6e2b2f40b534237ae30817d6ff7da533e559e9116cf,"{""d"":3,""p"":0.004641588833612777,""r"":3}",
         1,         0,         0,   0.032,correlated_pymatching,e807058b9d0070d0b93b9c7cbef3c37f123d36d965a4b23406bd12bc3208ec2f,"{""d"":3,""p"":0.00021544346900318845,""r"":3}",
         1,         0,         0,   0.035,correlated_pymatching,b67bf089efb3f97a908bc89843295dbbbea79fd24ce39e8f5b7637f74659b1ad,"{""d"":3,""p"":0.01,""r"":3}",
         1,         0,         0,   0.039,correlated_pymatching,45987f7b0427b953edb1744a6c3d42e3e4bde09f3f19407d419af6e71fc186cb,"{""d"":3,""p"":0.021544346900318822,""r"":3}",
         1,         0,         0,   0.026,correlated_pymatching,ba913d6840a859de3ab134de0250c41ea8b4832a96defd01a4512346df8af319,"{""d"":3,""p"":0.001,""r"":3}",
         1,         0,         0,   0.027,correlated_pymatching,6c8356c8beab2b890d20607483a1325f9fb8f2cc408b98f1dfa437c4433cf730,"{""d"":3,""p"":0.1,""r"":3}",
        16,         0,         0,   0.019,correlated_pymatching,e807058b9d0070d0b93b9c7cbef3c37f123d36d965a4b23406bd12bc3208ec2f,"{""d"":3,""p"":0.00021544346900318845,""r"":3}",
         1,         1,         0,   0.032,correlated_pymatching,6858d638009d8a673403c5ef5a17a78d71a2af9ec778d970d77ca1bd7fd9031c,"{""d"":3,""p"":0.046415888336127774,""r"":3}","{""obs_mistake_mask=E"":1}"
         1,         0,         0,   0.031,correlated_pymatching,d6d47ec6005a6c9356062fc36f463fff9d4cb23f867b6fa37d33c54c60b1e2b6,"{""d"":3,""p"":0.00046415888336127773,""r"":3}",
        16,         2,         0,   0.035,correlated_pymatching,34dcb8887f4f3ad9726bb6e2b2f40b534237ae30817d6ff7da533e559e9116cf,"{""d"":3,""p"":0.004641588833612777,""r"":3}","{""obs_mistake_mask=E"":2}"
        16,         6,         0,   0.024,correlated_pymatching,b67bf089efb3f97a908bc89843295dbbbea79fd24ce39e8f5b7637f74659b1ad,"{""d"":3,""p"":0.01,""r"":3}","{""obs_mistake_mask=E"":6}"
         8,         2,         0,   0.023,correlated_pymatching,45987f7b0427b953edb1744a6c3d42e3e4bde09f3f19407d419af6e71fc186cb,"{""d"":3,""p"":0.021544346900318822,""r"":3}","{""obs_mistake_mask=E"":2}"
        16,         6,         0,   0.023,correlated_pymatching,6c8356c8beab2b890d20607483a1325f9fb8f2cc408b98f1dfa437c4433cf730,"{""d"":3,""p"":0.1,""r"":3}","{""obs_mistake_mask=E"":6}"
        16,         0,         0,   0.029,correlated_pymatching,ba913d6840a859de3ab134de0250c41ea8b4832a96defd01a4512346df8af319,"{""d"":3,""p"":0.001,""r"":3}",
        16,         0,         0,   0.024,correlated_pymatching,d6d47ec6005a6c9356062fc36f463fff9d4cb23f867b6fa37d33c54c60b1e2b6,"{""d"":3,""p"":0.00046415888336127773,""r"":3}",
         1,         0,         0,   0.060,correlated_pymatching,fdbcb28c19e2133d077b79d8f98d8d6e90ec7ccb978dbc5b456da0a65597c597,"{""d"":3,""p"":0.0001,""r"":3}",
        16,         9,         0,   0.028,correlated_pymatching,6858d638009d8a673403c5ef5a17a78d71a2af9ec778d970d77ca1bd7fd9031c,"{""d"":3,""p"":0.046415888336127774,""r"":3}","{""obs_mistake_mask=E"":9}"
       256,         0,         0,   0.029,correlated_pymatching,e807058b9d0070d0b93b9c7cbef3c37f123d36d965a4b23406bd12bc3208ec2f,"{""d"":3,""p"":0.00021544346900318845,""r"":3}",
         1,         0,         0,   0.055,correlated_pymatching,7ac6aedeac4f664cb0bc4ec158b6b8b5daaa6d224d05d7fb35fc6196123961bd,"{""d"":3,""p"":0.002154434690031882,""r"":3}",
       256,        28,         0,   0.027,correlated_pymatching,34dcb8887f4f3ad9726bb6e2b2f40b534237ae30817d6ff7da533e559e9116cf,"{""d"":3,""p"":0.004641588833612777,""r"":3}","{""obs_mistake_mask=E"":28}"
       256,         5,         0,   0.024,correlated_pymatching,ba913d6840a859de3ab134de0250c41ea8b4832a96defd01a4512346df8af319,"{""d"":3,""p"":0.001,""r"":3}","{""obs_mistake_mask=E"":5}"
       256,         2,         0,   0.025,correlated_pymatching,d6d47ec6005a6c9356062fc36f463fff9d4cb23f867b6fa37d33c54c60b1e2b6,"{""d"":3,""p"":0.00046415888336127773,""r"":3}","{""obs_mistake_mask=E"":2}"
      1024,         1,         0,   0.027,correlated_pymatching,e807058b9d0070d0b93b9c7cbef3c37f123d36d965a4b23406bd12bc3208ec2f,"{""d"":3,""p"":0.00021544346900318845,""r"":3}","{""obs_mistake_mask=E"":1}"
       128,        70,         0,   0.045,correlated_pymatching,45987f7b0427b953edb1744a6c3d42e3e4bde09f3f19407d419af6e71fc186cb,"{""d"":3,""p"":0.021544346900318822,""r"":3}","{""obs_mistake_mask=E"":70}"
         8,         0,         0,   0.036,correlated_pymatching,7ac6aedeac4f664cb0bc4ec158b6b8b5daaa6d224d05d7fb35fc6196123961bd,"{""d"":3,""p"":0.002154434690031882,""r"":3}",
         8,         0,         0,   0.040,correlated_pymatching,fdbcb28c19e2133d077b79d8f98d8d6e90ec7ccb978dbc5b456da0a65597c597,"{""d"":3,""p"":0.0001,""r"":3}",
       256,        95,         0,   0.049,correlated_pymatching,b67bf089efb3f97a908bc89843295dbbbea79fd24ce39e8f5b7637f74659b1ad,"{""d"":3,""p"":0.01,""r"":3}","{""obs_mistake_mask=E"":95}"
      1024,         1,         0,   0.034,correlated_pymatching,d6d47ec6005a6c9356062fc36f463fff9d4cb23f867b6fa37d33c54c60b1e2b6,"{""d"":3,""p"":0.00046415888336127773,""r"":3}","{""obs_mistake_mask=E"":1}"
      1024,         9,         0,   0.036,correlated_pymatching,ba913d6840a859de3ab134de0250c41ea8b4832a96defd01a4512346df8af319,"{""d"":3,""p"":0.001,""r"":3}","{""obs_mistake_mask=E"":9}"
       256,       122,         0,   0.071,correlated_pymatching,6858d638009d8a673403c5ef5a17a78d71a2af9ec778d970d77ca1bd7fd9031c,"{""d"":3,""p"":0.046415888336127774,""r"":3}","{""obs_mistake_mask=E"":122}"
      1024,       127,         0,   0.065,correlated_pymatching,34dcb8887f4f3ad9726bb6e2b2f40b534237ae30817d6ff7da533e559e9116cf,"{""d"":3,""p"":0.004641588833612777,""r"":3}","{""obs_mistake_mask=E"":127}"
        64,         0,         0,   0.043,correlated_pymatching,fdbcb28c19e2133d077b79d8f98d8d6e90ec7ccb978dbc5b456da0a65597c597,"{""d"":3,""p"":0.0001,""r"":3}",
       128,         2,         0,   0.044,correlated_pymatching,7ac6aedeac4f664cb0bc4ec158b6b8b5daaa6d224d05d7fb35fc6196123961bd,"{""d"":3,""p"":0.002154434690031882,""r"":3}","{""obs_mistake_mask=E"":2}"
      2048,         1,         0,   0.060,correlated_pymatching,e807058b9d0070d0b93b9c7cbef3c37f123d36d965a4b23406bd12bc3208ec2f,"{""d"":3,""p"":0.00021544346900318845,""r"":3}","{""obs_mistake_mask=E"":1}"
       256,       118,         0,   0.098,correlated_pymatching,6c8356c8beab2b890d20607483a1325f9fb8f2cc408b98f1dfa437c4433cf730,"{""d"":3,""p"":0.1,""r"":3}","{""obs_mistake_mask=E"":118}"
      2048,         4,         0,   0.061,correlated_pymatching,d6d47ec6005a6c9356062fc36f463fff9d4cb23f867b6fa37d33c54c60b1e2b6,"{""d"":3,""p"":0.00046415888336127773,""r"":3}","{""obs_mistake_mask=E"":4}"
      2048,         8,         0,   0.062,correlated_pymatching,ba913d6840a859de3ab134de0250c41ea8b4832a96defd01a4512346df8af319,"{""d"":3,""p"":0.001,""r"":3}","{""obs_mistake_mask=E"":8}"
       512,         1,         0,   0.052,correlated_pymatching,fdbcb28c19e2133d077b79d8f98d8d6e90ec7ccb978dbc5b456da0a65597c597,"{""d"":3,""p"":0.0001,""r"":3}","{""obs_mistake_mask=E"":1}"
      1024,       353,         0,   0.104,correlated_pymatching,b67bf089efb3f97a908bc89843295dbbbea79fd24ce39e8f5b7637f74659b1ad,"{""d"":3,""p"":0.01,""r"":3}","{""obs_mistake_mask=E"":353}"
      2048,         1,         0,   0.055,correlated_pymatching,e807058b9d0070d0b93b9c7cbef3c37f123d36d965a4b23406bd12bc3208ec2f,"{""d"":3,""p"":0.00021544346900318845,""r"":3}","{""obs_mistake_mask=E"":1}"
      1024,       116,         0,   0.070,correlated_pymatching,34dcb8887f4f3ad9726bb6e2b2f40b534237ae30817d6ff7da533e559e9116cf,"{""d"":3,""p"":0.004641588833612777,""r"":3}","{""obs_mistake_mask=E"":116}"
      1024,        34,         0,   0.071,correlated_pymatching,7ac6aedeac4f664cb0bc4ec158b6b8b5daaa6d224d05d7fb35fc6196123961bd,"{""d"":3,""p"":0.002154434690031882,""r"":3}","{""obs_mistake_mask=E"":34}"
      1024,         0,         0,   0.049,correlated_pymatching,fdbcb28c19e2133d077b79d8f98d8d6e90ec7ccb978dbc5b456da0a65597c597,"{""d"":3,""p"":0.0001,""r"":3}",
         1,         0,         0,   0.132,correlated_pymatching,4699c8641acdbcb09fa90e429f4a015dbbcbaf20a549f7b8fb0848cb634aaa32,"{""d"":5,""p"":0.00021544346900318845,""r"":5}",
      1024,       472,         0,   0.159,correlated_pymatching,45987f7b0427b953edb1744a6c3d42e3e4bde09f3f19407d419af6e71fc186cb,"{""d"":3,""p"":0.021544346900318822,""r"":3}","{""obs_mistake_mask=E"":472}"
         1,         0,         0,   0.144,correlated_pymatching,05299ae3d91a1d23b7a98b4fab9722bced6f7c0322d1c013b5613e9b1333028a,"{""d"":5,""p"":0.0001,""r"":5}",
      2048,        12,         0,   0.077,correlated_pymatching,ba913d6840a859de3ab134de0250c41ea8b4832a96defd01a4512346df8af319,"{""d"":3,""p"":0.001,""r"":3}","{""obs_mistake_mask=E"":12}"
         1,         0,         0,   0.145,correlated_pymatching,45c3ae383f7e5c2f15aab19b05e0079a20725ede752c1da6358a7f59133373cc,"{""d"":5,""p"":0.001,""r"":5}",
      1024,       124,         0,   0.061,correlated_pymatching,34dcb8887f4f3ad9726bb6e2b2f40b534237ae30817d6ff7da533e559e9116cf,"{""d"":3,""p"":0.004641588833612777,""r"":3}","{""obs_mistake_mask=E"":124}"
      3072,         6,         0,   0.092,correlated_pymatching,d6d47ec6005a6c9356062fc36f463fff9d4cb23f867b6fa37d33c54c60b1e2b6,"{""d"":3,""p"":0.00046415888336127773,""r"":3}","{""obs_mistake_mask=E"":6}"
         1,         0,         0,   0.149,correlated_pymatching,d4c5a9c4afde1933f4d2e49b8aebd66a7bd259e8ceb8eb5c2b795fdbb4f0b922,"{""d"":5,""p"":0.021544346900318822,""r"":5}",
         1,         1,         0,   0.150,correlated_pymatching,60d7f2d0fb63fe77ced15ef5f4b50a4846dbd6449cd6e8947dc40955f7542911,"{""d"":5,""p"":0.002154434690031882,""r"":5}","{""obs_mistake_mask=E"":1}"
         1,         0,         0,   0.154,correlated_pymatching,7a31e005cd80dc03cceb76df4f09da60689bbc6602c35f5fe1779a97a2b94988,"{""d"":5,""p"":0.1,""r"":5}",
      1024,        40,         0,   0.065,correlated_pymatching,7ac6aedeac4f664cb0bc4ec158b6b8b5daaa6d224d05d7fb35fc6196123961bd,"{""d"":3,""p"":0.002154434690031882,""r"":3}","{""obs_mistake_mask=E"":40}"
         1,         1,         0,   0.142,correlated_pymatching,be23bf8a451a2fc27dbdf68328f81c1f6d4aafd6a2bb66688d634cf2ed2bb3e0,"{""d"":5,""p"":0.046415888336127774,""r"":5}","{""obs_mistake_mask=E"":1}"
         1,         0,         0,   0.024,correlated_pymatching,fdbcb28c19e2133d077b79d8f98d8d6e90ec7ccb978dbc5b456da0a65597c597,"{""d"":3,""p"":0.0001,""r"":3}",
         1,         0,         0,   0.146,correlated_pymatching,0cd00541abea7d574f93f7fff6e1051d70863721b194aeddefeb45647079bba2,"{""d"":5,""p"":0.004641588833612777,""r"":5}",
      3072,         2,         0,   0.091,correlated_pymatching,e807058b9d0070d0b93b9c7cbef3c37f123d36d965a4b23406bd12bc3208ec2f,"{""d"":3,""p"":0.00021544346900318845,""r"":3}","{""obs_mistake_mask=E"":2}"
         1,         0,         0,   0.144,correlated_pymatching,0d7504514bc847462fb7bf844e1f0e50276024ba162cbd4ed8a518b50493837c,"{""d"":5,""p"":0.00046415888336127773,""r"":5}",
        16,         0,         0,   0.022,correlated_pymatching,fdbcb28c19e2133d077b79d8f98d8d6e90ec7ccb978dbc5b456da0a65597c597,"{""d"":3,""p"":0.0001,""r"":3}",
         1,         1,         0,   0.137,correlated_pymatching,c1790d1b1b63b96fc9dcc6d555291bd38ee414162bfcad11bed1a00141b43a74,"{""d"":5,""p"":0.01,""r"":5}","{""obs_mistake_mask=E"":1}"
      2048,         0,         0,   0.091,correlated_pymatching,fdbcb28c19e2133d077b79d8f98d8d6e90ec7ccb978dbc5b456da0a65597c597,"{""d"":3,""p"":0.0001,""r"":3}",
      1024,       121,         0,   0.070,correlated_pymatching,34dcb8887f4f3ad9726bb6e2b2f40b534237ae30817d6ff7da533e559e9116cf,"{""d"":3,""p"":0.004641588833612777,""r"":3}","{""obs_mistake_mask=E"":121}"
       256,         0,         0,   0.033,correlated_pymatching,fdbcb28c19e2133d077b79d8f98d8d6e90ec7ccb978dbc5b456da0a65597c597,"{""d"":3,""p"":0.0001,""r"":3}",
      1024,        32,         0,   0.068,correlated_pymatching,7ac6aedeac4f664cb0bc4ec158b6b8b5daaa6d224d05d7fb35fc6196123961bd,"{""d"":3,""p"":0.002154434690031882,""r"":3}","{""obs_mistake_mask=E"":32}"
         1,         0,         0,   0.029,correlated_pymatching,e807058b9d0070d0b93b9c7cbef3c37f123d36d965a4b23406bd12bc3208ec2f,"{""d"":3,""p"":0.00021544346900318845,""r"":3}",
         4,         0,         0,   0.116,correlated_pymatching,05299ae3d91a1d23b7a98b4fab9722bced6f7c0322d1c013b5613e9b1333028a,"{""d"":5,""p"":0.0001,""r"":5}",
         4,         0,         0,   0.121,correlated_pymatching,4699c8641acdbcb09fa90e429f4a015dbbcbaf20a549f7b8fb0848cb634aaa32,"{""d"":5,""p"":0.00021544346900318845,""r"":5}",
      3072,         1,         0,   0.082,correlated_pymatching,d6d47ec6005a6c9356062fc36f463fff9d4cb23f867b6fa37d33c54c60b1e2b6,"{""d"":3,""p"":0.00046415888336127773,""r"":3}","{""obs_mistake_mask=E"":1}"
      3072,        20,         0,   0.099,correlated_pymatching,ba913d6840a859de3ab134de0250c41ea8b4832a96defd01a4512346df8af319,"{""d"":3,""p"":0.001,""r"":3}","{""obs_mistake_mask=E"":20}"
         4,         0,         0,   0.108,correlated_pymatching,45c3ae383f7e5c2f15aab19b05e0079a20725ede752c1da6358a7f59133373cc,"{""d"":5,""p"":0.001,""r"":5}",
      1024,       505,         0,   0.243,correlated_pymatching,6858d638009d8a673403c5ef5a17a78d71a2af9ec778d970d77ca1bd7fd9031c,"{""d"":3,""p"":0.046415888336127774,""r"":3}","{""obs_mistake_mask=E"":505}"
         4,         1,         0,   0.108,correlated_pymatching,d4c5a9c4afde1933f4d2e49b8aebd66a7bd259e8ceb8eb5c2b795fdbb4f0b922,"{""d"":5,""p"":0.021544346900318822,""r"":5}","{""obs_mistake_mask=E"":1}"
         2,         0,         0,   0.114,correlated_pymatching,60d7f2d0fb63fe77ced15ef5f4b50a4846dbd6449cd6e8947dc40955f7542911,"{""d"":5,""p"":0.002154434690031882,""r"":5}",
         2,         0,         0,   0.112,correlated_pymatching,7a31e005cd80dc03cceb76df4f09da60689bbc6602c35f5fe1779a97a2b94988,"{""d"":5,""p"":0.1,""r"":5}",
      2048,         0,         0,   0.052,correlated_pymatching,fdbcb28c19e2133d077b79d8f98d8d6e90ec7ccb978dbc5b456da0a65597c597,"{""d"":3,""p"":0.0001,""r"":3}",
         4,         0,         0,   0.112,correlated_pymatching,be23bf8a451a2fc27dbdf68328f81c1f6d4aafd6a2bb66688d634cf2ed2bb3e0,"{""d"":5,""p"":0.046415888336127774,""r"":5}",
        16,         0,         0,   0.027,correlated_pymatching,e807058b9d0070d0b93b9c7cbef3c37f123d36d965a4b23406bd12bc3208ec2f,"{""d"":3,""p"":0.00021544346900318845,""r"":3}",
         4,         0,         0,   0.116,correlated_pymatching,0cd00541abea7d574f93f7fff6e1051d70863721b194aeddefeb45647079bba2,"{""d"":5,""p"":0.004641588833612777,""r"":5}",
      4096,         0,         0,   0.112,correlated_pymatching,e807058b9d0070d0b93b9c7cbef3c37f123d36d965a4b23406bd12bc3208ec2f,"{""d"":3,""p"":0.00021544346900318845,""r"":3}",
         4,         0,         0,   0.118,correlated_pymatching,0d7504514bc847462fb7bf844e1f0e50276024ba162cbd4ed8a518b50493837c,"{""d"":5,""p"":0.00046415888336127773,""r"":5}",
       256,         0,         0,   0.028,correlated_pymatching,e807058b9d0070d0b93b9c7cbef3c37f123d36d965a4b23406bd12bc3208ec2f,"{""d"":3,""p"":0.00021544346900318845,""r"":3}",
      2048,         0,         0,   0.096,correlated_pymatching,fdbcb28c19e2133d077b79d8f98d8d6e90ec7ccb978dbc5b456da0a65597c597,"{""d"":3,""p"":0.0001,""r"":3}",
      1024,       504,         0,   0.280,correlated_pymatching,6c8356c8beab2b890d20607483a1325f9fb8f2cc408b98f1dfa437c4433cf730,"{""d"":3,""p"":0.1,""r"":3}","{""obs_mistake_mask=E"":504}"
         4,         1,         0,   0.115,correlated_pymatching,c1790d1b1b63b96fc9dcc6d555291bd38ee414162bfcad11bed1a00141b43a74,"{""d"":5,""p"":0.01,""r"":5}","{""obs_mistake_mask=E"":1}"
      1024,        34,         0,   0.066,correlated_pymatching,7ac6aedeac4f664cb0bc4ec158b6b8b5daaa6d224d05d7fb35fc6196123961bd,"{""d"":3,""p"":0.002154434690031882,""r"":3}","{""obs_mistake_mask=E"":34}"
      2048,         1,         0,   0.055,correlated_pymatching,fdbcb28c19e2133d077b79d8f98d8d6e90ec7ccb978dbc5b456da0a65597c597,"{""d"":3,""p"":0.0001,""r"":3}","{""obs_mistake_mask=E"":1}"
         1,         0,         0,   0.028,correlated_pymatching,d6d47ec6005a6c9356062fc36f463fff9d4cb23f867b6fa37d33c54c60b1e2b6,"{""d"":3,""p"":0.00046415888336127773,""r"":3}",
      1024,         0,         0,   0.028,correlated_pymatching,e807058b9d0070d0b93b9c7cbef3c37f123d36d965a4b23406bd12bc3208ec2f,"{""d"":3,""p"":0.00021544346900318845,""r"":3}",
      3072,         4,         0,   0.086,correlated_pymatching,d6d47ec6005a6c9356062fc36f463fff9d4cb23f867b6fa37d33c54c60b1e2b6,"{""d"":3,""p"":0.00046415888336127773,""r"":3}","{""obs_mistake_mask=E"":4}"
      3072,        20,         0,   0.094,correlated_pymatching,ba913d6840a859de3ab134de0250c41ea8b4832a96defd01a4512346df8af319,"{""d"":3,""p"":0.001,""r"":3}","{""obs_mistake_mask=E"":20}"
         1,         0,         0,   0.030,correlated_pymatching,ba913d6840a859de3ab134de0250c41ea8b4832a96defd01a4512346df8af319,"{""d"":3,""p"":0.001,""r"":3}",
        16,         0,         0,   0.021,correlated_pymatching,d6d47ec6005a6c9356062fc36f463fff9d4cb23f867b6fa37d33c54c60b1e2b6,"{""d"":3,""p"":0.00046415888336127773,""r"":3}",
        16,         0,         0,   0.112,correlated_pymatching,05299ae3d91a1d23b7a98b4fab9722bced6f7c0322d1c013b5613e9b1333028a,"{""d"":5,""p"":0.0001,""r"":5}",
        16,         0,         0,   0.116,correlated_pymatching,4699c8641acdbcb09fa90e429f4a015dbbcbaf20a549f7b8fb0848cb634aaa32,"{""d"":5,""p"":0.00021544346900318845,""r"":5}",
        16,         0,         0,   0.118,correlated_pymatching,45c3ae383f7e5c2f15aab19b05e0079a20725ede752c1da6358a7f59133373cc,"{""d"":5,""p"":0.001,""r"":5}",
        16,         1,         0,   0.024,correlated_pymatching,ba913d6840a859de3ab134de0250c41ea8b4832a96defd01a4512346df8af319,"{""d"":3,""p"":0.001,""r"":3}","{""obs_mistake_mask=E"":1}"
       256,         0,         0,   0.026,correlated_pymatching,d6d47ec6005a6c9356062fc36f463fff9d4cb23f867b6fa37d33c54c60b1e2b6,"{""d"":3,""p"":0.00046415888336127773,""r"":3}",
      2048,         0,         0,   0.050,correlated_pymatching,e807058b9d0070d0b93b9c7cbef3c37f123d36d965a4b23406bd12bc3208ec2f,"{""d"":3,""p"":0.00021544346900318845,""r"":3}",
         8,         0,         0,   0.121,correlated_pymatching,60d7f2d0fb63fe77ced15ef5f4b50a4846dbd6449cd6e8947dc40955f7542911,"{""d"":5,""p"":0.002154434690031882,""r"":5}",
      2048,         1,         0,   0.060,correlated_pymatching,fdbcb28c19e2133d077b79d8f98d8d6e90ec7ccb978dbc5b456da0a65597c597,"{""d"":3,""p"":0.0001,""r"":3}","{""obs_mistake_mask=E"":1}"
       256,         0,         0,   0.023,correlated_pymatching,ba913d6840a859de3ab134de0250c41ea8b4832a96defd01a4512346df8af319,"{""d"":3,""p"":0.001,""r"":3}",
        16,         7,         0,   0.140,correlated_pymatching,d4c5a9c4afde1933f4d2e49b8aebd66a7bd259e8ceb8eb5c2b795fdbb4f0b922,"{""d"":5,""p"":0.021544346900318822,""r"":5}","{""obs_mistake_mask=E"":7}"
         1,         0,         0,   0.015,correlated_pymatching,7ac6aedeac4f664cb0bc4ec158b6b8b5daaa6d224d05d7fb35fc6196123961bd,"{""d"":3,""p"":0.002154434690031882,""r"":3}",
         8,         5,         0,   0.136,correlated_pymatching,7a31e005cd80dc03cceb76df4f09da60689bbc6602c35f5fe1779a97a2b94988,"{""d"":5,""p"":0.1,""r"":5}","{""obs_mistake_mask=E"":5}"
        16,         2,         0,   0.120,correlated_pymatching,0cd00541abea7d574f93f7fff6e1051d70863721b194aeddefeb45647079bba2,"{""d"":5,""p"":0.004641588833612777,""r"":5}","{""obs_mistake_mask=E"":2}"
        16,         0,         0,   0.112,correlated_pymatching,0d7504514bc847462fb7bf844e1f0e50276024ba162cbd4ed8a518b50493837c,"{""d"":5,""p"":0.00046415888336127773,""r"":5}",
      1024,         0,         0,   0.037,correlated_pymatching,d6d47ec6005a6c9356062fc36f463fff9d4cb23f867b6fa37d33c54c60b1e2b6,"{""d"":3,""p"":0.00046415888336127773,""r"":3}",
        16,         8,         0,   0.148,correlated_pymatching,be23bf8a451a2fc27dbdf68328f81c1f6d4aafd6a2bb66688d634cf2ed2bb3e0,"{""d"":5,""p"":0.046415888336127774,""r"":5}","{""obs_mistake_mask=E"":8}"
        16,         0,         0,   0.025,correlated_pymatching,7ac6aedeac4f664cb0bc4ec158b6b8b5daaa6d224d05d7fb35fc6196123961bd,"{""d"":3,""p"":0.002154434690031882,""r"":3}",
        16,         8,         0,   0.125,correlated_pymatching,c1790d1b1b63b96fc9dcc6d555291bd38ee414162bfcad11bed1a00141b43a74,"{""d"":5,""p"":0.01,""r"":5}","{""obs_mistake_mask=E"":8}"
      2048,        61,         0,   0.129,correlated_pymatching,7ac6aedeac4f664cb0bc4ec158b6b8b5daaa6d224d05d7fb35fc6196123961bd,"{""d"":3,""p"":0.002154434690031882,""r"":3}","{""obs_mistake_mask=E"":61}"
      2048,         0,         0,   0.066,correlated_pymatching,e807058b9d0070d0b93b9c7cbef3c37f123d36d965a4b23406bd12bc3208ec2f,"{""d"":3,""p"":0.00021544346900318845,""r"":3}",
       256,         6,         0,   0.023,correlated_pymatching,7ac6aedeac4f664cb0bc4ec158b6b8b5daaa6d224d05d7fb35fc6196123961bd,"{""d"":3,""p"":0.002154434690031882,""r"":3}","{""obs_mistake_mask=E"":6}"
      3072,         0,         0,   0.143,correlated_pymatching,fdbcb28c19e2133d077b79d8f98d8d6e90ec7ccb978dbc5b456da0a65597c597,"{""d"":3,""p"":0.0001,""r"":3}",
      6144,         1,         0,   0.167,correlated_pymatching,e807058b9d0070d0b93b9c7cbef3c37f123d36d965a4b23406bd12bc3208ec2f,"{""d"":3,""p"":0.00021544346900318845,""r"":3}","{""obs_mistake_mask=E"":1}"
      3072,         1,         0,   0.080,correlated_pymatching,fdbcb28c19e2133d077b79d8f98d8d6e90ec7ccb978dbc5b456da0a65597c597,"{""d"":3,""p"":0.0001,""r"":3}","{""obs_mistake_mask=E"":1}"
      2048,        13,         0,   0.071,correlated_pymatching,ba913d6840a859de3ab134de0250c41ea8b4832a96defd01a4512346df8af319,"{""d"":3,""p"":0.001,""r"":3}","{""obs_mistake_mask=E"":13}"
      2048,         5,         0,   0.060,correlated_pymatching,d6d47ec6005a6c9356062fc36f463fff9d4cb23f867b6fa37d33c54c60b1e2b6,"{""d"":3,""p"":0.00046415888336127773,""r"":3}","{""obs_mistake_mask=E"":5}"
        64,         0,         0,   0.118,correlated_pymatching,05299ae3d91a1d23b7a98b4fab9722bced6f7c0322d1c013b5613e9b1333028a,"{""d"":5,""p"":0.0001,""r"":5}",
        64,         0,         0,   0.114,correlated_pymatching,4699c8641acdbcb09fa90e429f4a015dbbcbaf20a549f7b8fb0848cb634aaa32,"{""d"":5,""p"":0.00021544346900318845,""r"":5}",
        64,         0,         0,   0.121,correlated_pymatching,45c3ae383f7e5c2f15aab19b05e0079a20725ede752c1da6358a7f59133373cc,"{""d"":5,""p"":0.001,""r"":5}",
      1024,        28,         0,   0.046,correlated_pymatching,7ac6aedeac4f664cb0bc4ec158b6b8b5daaa6d224d05d7fb35fc6196123961bd,"{""d"":3,""p"":0.002154434690031882,""r"":3}","{""obs_mistake_mask=E"":28}"
        32,         0,         0,   0.110,correlated_pymatching,60d7f2d0fb63fe77ced15ef5f4b50a4846dbd6449cd6e8947dc40955f7542911,"{""d"":5,""p"":0.002154434690031882,""r"":5}",
      6144,         9,         0,   0.180,correlated_pymatching,d6d47ec6005a6c9356062fc36f463fff9d4cb23f867b6fa37d33c54c60b1e2b6,"{""d"":3,""p"":0.00046415888336127773,""r"":3}","{""obs_mistake_mask=E"":9}"
      5120,        31,         0,   0.178,correlated_pymatching,ba913d6840a859de3ab134de0250c41ea8b4832a96defd01a4512346df8af319,"{""d"":3,""p"":0.001,""r"":3}","{""obs_mistake_mask=E"":31}"
        64,         0,         0,   0.116,correlated_pymatching,0d7504514bc847462fb7bf844e1f0e50276024ba162cbd4ed8a518b50493837c,"{""d"":5,""p"":0.00046415888336127773,""r"":5}",
      3072,         1,         0,   0.083,correlated_pymatching,e807058b9d0070d0b93b9c7cbef3c37f123d36d965a4b23406bd12bc3208ec2f,"{""d"":3,""p"":0.00021544346900318845,""r"":3}","{""obs_mistake_mask=E"":1}"
        64,         7,         0,   0.128,correlated_pymatching,0cd00541abea7d574f93f7fff6e1051d70863721b194aeddefeb45647079bba2,"{""d"":5,""p"":0.004641588833612777,""r"":5}","{""obs_mistake_mask=E"":7}"
      2048,         2,         0,   0.063,correlated_pymatching,d6d47ec6005a6c9356062fc36f463fff9d4cb23f867b6fa37d33c54c60b1e2b6,"{""d"":3,""p"":0.00046415888336127773,""r"":3}","{""obs_mistake_mask=E"":2}"
      2048,        16,         0,   0.070,correlated_pymatching,ba913d6840a859de3ab134de0250c41ea8b4832a96defd01a4512346df8af319,"{""d"":3,""p"":0.001,""r"":3}","{""obs_mistake_mask=E"":16}"
      1024,        39,         0,   0.048,correlated_pymatching,7ac6aedeac4f664cb0bc4ec158b6b8b5daaa6d224d05d7fb35fc6196123961bd,"{""d"":3,""p"":0.002154434690031882,""r"":3}","{""obs_mistake_mask=E"":39}"
        32,        17,         0,   0.167,correlated_pymatching,7a31e005cd80dc03cceb76df4f09da60689bbc6602c35f5fe1779a97a2b94988,"{""d"":5,""p"":0.1,""r"":5}","{""obs_mistake_mask=E"":17}"
         1,         0,         0,   0.328,correlated_pymatching,6eeeec76c514f4890a9bac6f82eadc4dacda18094a665d9455c865cfa0493683,"{""d"":7,""p"":0.00021544346900318845,""r"":7}",
         1,         1,         0,   0.323,correlated_pymatching,fce971c3cffc2aac5fd303b97b8c805cfce10d3dbf814aed49aafa6caf18a276,"{""d"":7,""p"":0.046415888336127774,""r"":7}","{""obs_mistake_mask=E"":1}"
         1,         0,         0,   0.328,correlated_pymatching,4a4533d1e2c2a7a8441e3be8ade4b8ec687ece8f03ae4ee5723ae4c71c4fd34d,"{""d"":7,""p"":0.1,""r"":7}",
         1,         0,         0,   0.367,correlated_pymatching,ba9ef6fd67b86a3622e5664707c8edb6d9b7da2e0b74dac0b87e1334a0339531,"{""d"":7,""p"":0.00046415888336127773,""r"":7}",
        64,        35,         0,   0.187,correlated_pymatching,d4c5a9c4afde1933f4d2e49b8aebd66a7bd259e8ceb8eb5c2b795fdbb4f0b922,"{""d"":5,""p"":0.021544346900318822,""r"":5}","{""obs_mistake_mask=E"":35}"
         1,         0,         0,   0.336,correlated_pymatching,08ac09468d89517740bdd225bb9dd931e19d1a565454c3d04e4951c68ffb9154,"{""d"":7,""p"":0.021544346900318822,""r"":7}",
         1,         0,         0,   0.332,correlated_pymatching,4b15e9181b265f1bd4bb78e2597046c0bfb2f5ea7284d5a9b00c9dbde00cc6b8,"{""d"":7,""p"":0.001,""r"":7}",
         1,         0,         0,   0.332,correlated_pymatching,3079044956dee6c354ae3d11810e8467af3b99868cae4962474c8b8dfe18f89d,"{""d"":7,""p"":0.004641588833612777,""r"":7}",
         1,         0,         0,   0.326,correlated_pymatching,257481eb557e7e0ecffb4e0f4e20822bd2e5d6518a2fe0b3ef57a500433b719b,"{""d"":7,""p"":0.01,""r"":7}",
         1,         0,         0,   0.339,correlated_pymatching,24ae19e9e12dc4a5d5ff6ab426f7093da02d6c545ad9dcaeb864b96970d76080,"{""d"":7,""p"":0.002154434690031882,""r"":7}",
         1,         0,         0,   0.342,correlated_pymatching,abb2991e452f7d5e7b812c86182d9727735adb857ac5144af87483f02b1f408f,"{""d"":7,""p"":0.0001,""r"":7}",
        64,        27,         0,   0.160,correlated_pymatching,c1790d1b1b63b96fc9dcc6d555291bd38ee414162bfcad11bed1a00141b43a74,"{""d"":5,""p"":0.01,""r"":5}","{""obs_mistake_mask=E"":27}"
       256,         0,         0,   0.120,correlated_pymatching,05299ae3d91a1d23b7a98b4fab9722bced6f7c0322d1c013b5613e9b1333028a,"{""d"":5,""p"":0.0001,""r"":5}",
         1,         1,         0,   0.342,correlated_pymatching,4a4533d1e2c2a7a8441e3be8ade4b8ec687ece8f03ae4ee5723ae4c71c4fd34d,"{""d"":7,""p"":0.1,""r"":7}","{""obs_mistake_mask=E"":1}"
      5120,         0,         0,   0.135,correlated_pymatching,fdbcb28c19e2133d077b79d8f98d8d6e90ec7ccb978dbc5b456da0a65597c597,"{""d"":3,""p"":0.0001,""r"":3}",
         1,         1,         0,   0.336,correlated_pymatching,fce971c3cffc2aac5fd303b97b8c805cfce10d3dbf814aed49aafa6caf18a276,"{""d"":7,""p"":0.046415888336127774,""r"":7}","{""obs_mistake_mask=E"":1}"
       256,         0,         0,   0.125,correlated_pymatching,4699c8641acdbcb09fa90e429f4a015dbbcbaf20a549f7b8fb0848cb634aaa32,"{""d"":5,""p"":0.00021544346900318845,""r"":5}",
      2048,        12,         0,   0.068,correlated_pymatching,ba913d6840a859de3ab134de0250c41ea8b4832a96defd01a4512346df8af319,"{""d"":3,""p"":0.001,""r"":3}","{""obs_mistake_mask=E"":12}"
       256,         0,         0,   0.124,correlated_pymatching,45c3ae383f7e5c2f15aab19b05e0079a20725ede752c1da6358a7f59133373cc,"{""d"":5,""p"":0.001,""r"":5}",
      2048,        56,         0,   0.083,correlated_pymatching,7ac6aedeac4f664cb0bc4ec158b6b8b5daaa6d224d05d7fb35fc6196123961bd,"{""d"":3,""p"":0.002154434690031882,""r"":3}","{""obs_mistake_mask=E"":56}"
       128,         2,         0,   0.130,correlated_pymatching,60d7f2d0fb63fe77ced15ef5f4b50a4846dbd6449cd6e8947dc40955f7542911,"{""d"":5,""p"":0.002154434690031882,""r"":5}","{""obs_mistake_mask=E"":2}"
      3072,         4,         0,   0.092,correlated_pymatching,d6d47ec6005a6c9356062fc36f463fff9d4cb23f867b6fa37d33c54c60b1e2b6,"{""d"":3,""p"":0.00046415888336127773,""r"":3}","{""obs_mistake_mask=E"":4}"
       256,         0,         0,   0.116,correlated_pymatching,0d7504514bc847462fb7bf844e1f0e50276024ba162cbd4ed8a518b50493837c,"{""d"":5,""p"":0.00046415888336127773,""r"":5}",
      4096,         1,         0,   0.186,correlated_pymatching,fdbcb28c19e2133d077b79d8f98d8d6e90ec7ccb978dbc5b456da0a65597c597,"{""d"":3,""p"":0.0001,""r"":3}","{""obs_mistake_mask=E"":1}"
      4096,         1,         0,   0.111,correlated_pymatching,e807058b9d0070d0b93b9c7cbef3c37f123d36d965a4b23406bd12bc3208ec2f,"{""d"":3,""p"":0.00021544346900318845,""r"":3}","{""obs_mistake_mask=E"":1}"
        64,        34,         0,   0.219,correlated_pymatching,be23bf8a451a2fc27dbdf68328f81c1f6d4aafd6a2bb66688d634cf2ed2bb3e0,"{""d"":5,""p"":0.046415888336127774,""r"":5}","{""obs_mistake_mask=E"":34}"
      3072,        98,         0,   0.202,correlated_pymatching,7ac6aedeac4f664cb0bc4ec158b6b8b5daaa6d224d05d7fb35fc6196123961bd,"{""d"":3,""p"":0.002154434690031882,""r"":3}","{""obs_mistake_mask=E"":98}"
      1024,        38,         0,   0.044,correlated_pymatching,7ac6aedeac4f664cb0bc4ec158b6b8b5daaa6d224d05d7fb35fc6196123961bd,"{""d"":3,""p"":0.002154434690031882,""r"":3}","{""obs_mistake_mask=E"":38}"
      8192,         2,         0,   0.226,correlated_pymatching,e807058b9d0070d0b93b9c7cbef3c37f123d36d965a4b23406bd12bc3208ec2f,"{""d"":3,""p"":0.00021544346900318845,""r"":3}","{""obs_mistake_mask=E"":2}"
      3072,        20,         0,   0.097,correlated_pymatching,ba913d6840a859de3ab134de0250c41ea8b4832a96defd01a4512346df8af319,"{""d"":3,""p"":0.001,""r"":3}","{""obs_mistake_mask=E"":20}"
      1024,        22,         0,   0.066,correlated_pymatching,7ac6aedeac4f664cb0bc4ec158b6b8b5daaa6d224d05d7fb35fc6196123961bd,"{""d"":3,""p"":0.002154434690031882,""r"":3}","{""obs_mistake_mask=E"":22}"
       256,        23,         0,   0.192,correlated_pymatching,0cd00541abea7d574f93f7fff6e1051d70863721b194aeddefeb45647079bba2,"{""d"":5,""p"":0.004641588833612777,""r"":5}","{""obs_mistake_mask=E"":23}"
      1024,         0,         0,   0.128,correlated_pymatching,05299ae3d91a1d23b7a98b4fab9722bced6f7c0322d1c013b5613e9b1333028a,"{""d"":5,""p"":0.0001,""r"":5}",
      7168,        13,         0,   0.210,correlated_pymatching,d6d47ec6005a6c9356062fc36f463fff9d4cb23f867b6fa37d33c54c60b1e2b6,"{""d"":3,""p"":0.00046415888336127773,""r"":3}","{""obs_mistake_mask=E"":13}"
      1024,         0,         0,   0.126,correlated_pymatching,4699c8641acdbcb09fa90e429f4a015dbbcbaf20a549f7b8fb0848cb634aaa32,"{""d"":5,""p"":0.00021544346900318845,""r"":5}",
      4096,         4,         0,   0.115,correlated_pymatching,d6d47ec6005a6c9356062fc36f463fff9d4cb23f867b6fa37d33c54c60b1e2b6,"{""d"":3,""p"":0.00046415888336127773,""r"":3}","{""obs_mistake_mask=E"":4}"
      7168,        41,         0,   0.231,correlated_pymatching,ba913d6840a859de3ab134de0250c41ea8b4832a96defd01a4512346df8af319,"{""d"":3,""p"":0.001,""r"":3}","{""obs_mistake_mask=E"":41}"
      6144,         1,         0,   0.167,correlated_pymatching,fdbcb28c19e2133d077b79d8f98d8d6e90ec7ccb978dbc5b456da0a65597c597,"{""d"":3,""p"":0.0001,""r"":3}","{""obs_mistake_mask=E"":1}"
      1024,         0,         0,   0.172,correlated_pymatching,45c3ae383f7e5c2f15aab19b05e0079a20725ede752c1da6358a7f59133373cc,"{""d"":5,""p"":0.001,""r"":5}",
       128,        60,         0,   0.196,correlated_pymatching,c1790d1b1b63b96fc9dcc6d555291bd38ee414162bfcad11bed1a00141b43a74,"{""d"":5,""p"":0.01,""r"":5}","{""obs_mistake_mask=E"":60}"
      1024,         0,         0,   0.156,correlated_pymatching,0d7504514bc847462fb7bf844e1f0e50276024ba162cbd4ed8a518b50493837c,"{""d"":5,""p"":0.00046415888336127773,""r"":5}",
       512,         4,         0,   0.179,correlated_pymatching,60d7f2d0fb63fe77ced15ef5f4b50a4846dbd6449cd6e8947dc40955f7542911,"{""d"":5,""p"":0.002154434690031882,""r"":5}","{""obs_mistake_mask=E"":4}"
        64,        35,         0,   0.240,correlated_pymatching,7a31e005cd80dc03cceb76df4f09da60689bbc6602c35f5fe1779a97a2b94988,"{""d"":5,""p"":0.1,""r"":5}","{""obs_mistake_mask=E"":35}"
      6144,         3,         0,   0.176,correlated_pymatching,e807058b9d0070d0b93b9c7cbef3c37f123d36d965a4b23406bd12bc3208ec2f,"{""d"":3,""p"":0.00021544346900318845,""r"":3}","{""obs_mistake_mask=E"":3}"
      4096,        32,         0,   0.133,correlated_pymatching,ba913d6840a859de3ab134de0250c41ea8b4832a96defd01a4512346df8af319,"{""d"":3,""p"":0.001,""r"":3}","{""obs_mistake_mask=E"":32}"
      1024,         0,         0,   0.128,correlated_pymatching,05299ae3d91a1d23b7a98b4fab9722bced6f7c0322d1c013b5613e9b1333028a,"{""d"":5,""p"":0.0001,""r"":5}",
       128,        61,         0,   0.273,correlated_pymatching,d4c5a9c4afde1933f4d2e49b8aebd66a7bd259e8ceb8eb5c2b795fdbb4f0b922,"{""d"":5,""p"":0.021544346900318822,""r"":5}","{""obs_mistake_mask=E"":61}"
         1,         0,         0,   0.298,correlated_pymatching,6eeeec76c514f4890a9bac6f82eadc4dacda18094a665d9455c865cfa0493683,"{""d"":7,""p"":0.00021544346900318845,""r"":7}",
      1024,         0,         0,   0.141,correlated_pymatching,4699c8641acdbcb09fa90e429f4a015dbbcbaf20a549f7b8fb0848cb634aaa32,"{""d"":5,""p"":0.00021544346900318845,""r"":5}",
      5120,         0,         0,   0.235,correlated_pymatching,fdbcb28c19e2133d077b79d8f98d8d6e90ec7ccb978dbc5b456da0a65597c597,"{""d"":3,""p"":0.0001,""r"":3}",
         1,         0,         0,   0.291,correlated_pymatching,24ae19e9e12dc4a5d5ff6ab426f7093da02d6c545ad9dcaeb864b96970d76080,"{""d"":7,""p"":0.002154434690031882,""r"":7}",
         1,         0,         0,   0.300,correlated_pymatching,3079044956dee6c354ae3d11810e8467af3b99868cae4962474c8b8dfe18f89d,"{""d"":7,""p"":0.004641588833612777,""r"":7}",
         1,         0,         0,   0.304,correlated_pymatching,4a4533d1e2c2a7a8441e3be8ade4b8ec687ece8f03ae4ee5723ae4c71c4fd34d,"{""d"":7,""p"":0.1,""r"":7}",
         1,         0,         0,   0.308,correlated_pymatching,4b15e9181b265f1bd4bb78e2597046c0bfb2f5ea7284d5a9b00c9dbde00cc6b8,"{""d"":7,""p"":0.001,""r"":7}",
         1,         0,         0,   0.312,correlated_pymatching,ba9ef6fd67b86a3622e5664707c8edb6d9b7da2e0b74dac0b87e1334a0339531,"{""d"":7,""p"":0.00046415888336127773,""r"":7}",
         1,         1,         0,   0.306,correlated_pymatching,257481eb557e7e0ecffb4e0f4e20822bd2e5d6518a2fe0b3ef57a500433b719b,"{""d"":7,""p"":0.01,""r"":7}","{""obs_mistake_mask=E"":1}"
      5120,         5,         0,   0.149,correlated_pymatching,d6d47ec6005a6c9356062fc36f463fff9d4cb23f867b6fa37d33c54c60b1e2b6,"{""d"":3,""p"":0.00046415888336127773,""r"":3}","{""obs_mistake_mask=E"":5}"
         1,         0,         0,   0.304,correlated_pymatching,abb2991e452f7d5e7b812c86182d9727735adb857ac5144af87483f02b1f408f,"{""d"":7,""p"":0.0001,""r"":7}",
         1,         1,         0,   0.312,correlated_pymatching,08ac09468d89517740bdd225bb9dd931e19d1a565454c3d04e4951c68ffb9154,"{""d"":7,""p"":0.021544346900318822,""r"":7}","{""obs_mistake_mask=E"":1}"
         1,         1,         0,   0.333,correlated_pymatching,fce971c3cffc2aac5fd303b97b8c805cfce10d3dbf814aed49aafa6caf18a276,"{""d"":7,""p"":0.046415888336127774,""r"":7}","{""obs_mistake_mask=E"":1}"
         1,         0,         0,   0.312,correlated_pymatching,fce971c3cffc2aac5fd303b97b8c805cfce10d3dbf814aed49aafa6caf18a276,"{""d"":7,""p"":0.046415888336127774,""r"":7}",
         1,         1,         0,   0.318,correlated_pymatching,4a4533d1e2c2a7a8441e3be8ade4b8ec687ece8f03ae4ee5723ae4c71c4fd34d,"{""d"":7,""p"":0.1,""r"":7}","{""obs_mistake_mask=E"":1}"
      1024,         0,         0,   0.124,correlated_pymatching,0d7504514bc847462fb7bf844e1f0e50276024ba162cbd4ed8a518b50493837c,"{""d"":5,""p"":0.00046415888336127773,""r"":5}",
      1024,         2,         0,   0.167,correlated_pymatching,45c3ae383f7e5c2f15aab19b05e0079a20725ede752c1da6358a7f59133373cc,"{""d"":5,""p"":0.001,""r"":5}","{""obs_mistake_mask=E"":2}"
       128,        71,         0,   0.316,correlated_pymatching,be23bf8a451a2fc27dbdf68328f81c1f6d4aafd6a2bb66688d634cf2ed2bb3e0,"{""d"":5,""p"":0.046415888336127774,""r"":5}","{""obs_mistake_mask=E"":71}"
      1024,         0,         0,   0.128,correlated_pymatching,05299ae3d91a1d23b7a98b4fab9722bced6f7c0322d1c013b5613e9b1333028a,"{""d"":5,""p"":0.0001,""r"":5}",
       512,        56,         0,   0.260,correlated_pymatching,0cd00541abea7d574f93f7fff6e1051d70863721b194aeddefeb45647079bba2,"{""d"":5,""p"":0.004641588833612777,""r"":5}","{""obs_mistake_mask=E"":56}"
      1024,         0,         0,   0.181,correlated_pymatching,4699c8641acdbcb09fa90e429f4a015dbbcbaf20a549f7b8fb0848cb634aaa32,"{""d"":5,""p"":0.00021544346900318845,""r"":5}",
      9216,        21,         0,   0.329,correlated_pymatching,d6d47ec6005a6c9356062fc36f463fff9d4cb23f867b6fa37d33c54c60b1e2b6,"{""d"":3,""p"":0.00046415888336127773,""r"":3}","{""obs_mistake_mask=E"":21}"
      7168,        48,         0,   0.307,correlated_pymatching,ba913d6840a859de3ab134de0250c41ea8b4832a96defd01a4512346df8af319,"{""d"":3,""p"":0.001,""r"":3}","{""obs_mistake_mask=E"":48}"
     11264,         3,         0,   0.380,correlated_pymatching,e807058b9d0070d0b93b9c7cbef3c37f123d36d965a4b23406bd12bc3208ec2f,"{""d"":3,""p"":0.00021544346900318845,""r"":3}","{""obs_mistake_mask=E"":3}"
         1,         0,         0,   0.204,correlated_pymatching,4699c8641acdbcb09fa90e429f4a015dbbcbaf20a549f7b8fb0848cb634aaa32,"{""d"":5,""p"":0.00021544346900318845,""r"":5}",
      1024,        10,         0,   0.278,correlated_pymatching,60d7f2d0fb63fe77ced15ef5f4b50a4846dbd6449cd6e8947dc40955f7542911,"{""d"":5,""p"":0.002154434690031882,""r"":5}","{""obs_mistake_mask=E"":10}"
       256,       117,         0,   0.298,correlated_pymatching,c1790d1b1b63b96fc9dcc6d555291bd38ee414162bfcad11bed1a00141b43a74,"{""d"":5,""p"":0.01,""r"":5}","{""obs_mistake_mask=E"":117}"
      1024,         1,         0,   0.174,correlated_pymatching,0d7504514bc847462fb7bf844e1f0e50276024ba162cbd4ed8a518b50493837c,"{""d"":5,""p"":0.00046415888336127773,""r"":5}","{""obs_mistake_mask=E"":1}"
      8192,         0,         0,   0.328,correlated_pymatching,fdbcb28c19e2133d077b79d8f98d8d6e90ec7ccb978dbc5b456da0a65597c597,"{""d"":3,""p"":0.0001,""r"":3}",
         1,         1,         0,   0.192,correlated_pymatching,fce971c3cffc2aac5fd303b97b8c805cfce10d3dbf814aed49aafa6caf18a276,"{""d"":7,""p"":0.046415888336127774,""r"":7}","{""obs_mistake_mask=E"":1}"
      6144,         1,         0,   0.294,correlated_pymatching,e807058b9d0070d0b93b9c7cbef3c37f123d36d965a4b23406bd12bc3208ec2f,"{""d"":3,""p"":0.00021544346900318845,""r"":3}","{""obs_mistake_mask=E"":1}"
       128,        59,         0,   0.305,correlated_pymatching,7a31e005cd80dc03cceb76df4f09da60689bbc6602c35f5fe1779a97a2b94988,"{""d"":5,""p"":0.1,""r"":5}","{""obs_mistake_mask=E"":59}"
      5120,         6,         0,   0.233,correlated_pymatching,d6d47ec6005a6c9356062fc36f463fff9d4cb23f867b6fa37d33c54c60b1e2b6,"{""d"":3,""p"":0.00046415888336127773,""r"":3}","{""obs_mistake_mask=E"":6}"
      5120,        29,         0,   0.303,correlated_pymatching,ba913d6840a859de3ab134de0250c41ea8b4832a96defd01a4512346df8af319,"{""d"":3,""p"":0.001,""r"":3}","{""obs_mistake_mask=E"":29}"
      1024,         0,         0,   0.190,correlated_pymatching,05299ae3d91a1d23b7a98b4fab9722bced6f7c0322d1c013b5613e9b1333028a,"{""d"":5,""p"":0.0001,""r"":5}",
      1024,         0,         0,   0.223,correlated_pymatching,45c3ae383f7e5c2f15aab19b05e0079a20725ede752c1da6358a7f59133373cc,"{""d"":5,""p"":0.001,""r"":5}",
         2,         0,         0,   0.114,correlated_pymatching,4699c8641acdbcb09fa90e429f4a015dbbcbaf20a549f7b8fb0848cb634aaa32,"{""d"":5,""p"":0.00021544346900318845,""r"":5}",
         1,         0,         0,   0.308,correlated_pymatching,4b15e9181b265f1bd4bb78e2597046c0bfb2f5ea7284d5a9b00c9dbde00cc6b8,"{""d"":7,""p"":0.001,""r"":7}",
         1,         0,         0,   0.315,correlated_pymatching,4a4533d1e2c2a7a8441e3be8ade4b8ec687ece8f03ae4ee5723ae4c71c4fd34d,"{""d"":7,""p"":0.1,""r"":7}",
      1024,         0,         0,   0.156,correlated_pymatching,4699c8641acdbcb09fa90e429f4a015dbbcbaf20a549f7b8fb0848cb634aaa32,"{""d"":5,""p"":0.00021544346900318845,""r"":5}",
         2,         1,         0,   0.325,correlated_pymatching,3079044956dee6c354ae3d11810e8467af3b99868cae4962474c8b8dfe18f89d,"{""d"":7,""p"":0.004641588833612777,""r"":7}","{""obs_mistake_mask=E"":1}"
      5120,         0,         0,   0.340,correlated_pymatching,fdbcb28c19e2133d077b79d8f98d8d6e90ec7ccb978dbc5b456da0a65597c597,"{""d"":3,""p"":0.0001,""r"":3}",
         2,         0,         0,   0.349,correlated_pymatching,6eeeec76c514f4890a9bac6f82eadc4dacda18094a665d9455c865cfa0493683,"{""d"":7,""p"":0.00021544346900318845,""r"":7}",
         1,         0,         0,   0.328,correlated_pymatching,257481eb557e7e0ecffb4e0f4e20822bd2e5d6518a2fe0b3ef57a500433b719b,"{""d"":7,""p"":0.01,""r"":7}",
         1,         1,         0,   0.308,correlated_pymatching,4a4533d1e2c2a7a8441e3be8ade4b8ec687ece8f03ae4ee5723ae4c71c4fd34d,"{""d"":7,""p"":0.1,""r"":7}","{""obs_mistake_mask=E"":1}"
         1,         0,         0,   0.336,correlated_pymatching,ba9ef6fd67b86a3622e5664707c8edb6d9b7da2e0b74dac0b87e1334a0339531,"{""d"":7,""p"":0.00046415888336127773,""r"":7}",
         1,         0,         0,   0.334,correlated_pymatching,abb2991e452f7d5e7b812c86182d9727735adb857ac5144af87483f02b1f408f,"{""d"":7,""p"":0.0001,""r"":7}",
         1,         1,         0,   0.335,correlated_pymatching,08ac09468d89517740bdd225bb9dd931e19d1a565454c3d04e4951c68ffb9154,"{""d"":7,""p"":0.021544346900318822,""r"":7}","{""obs_mistake_mask=E"":1}"
         2,         0,         0,   0.361,correlated_pymatching,24ae19e9e12dc4a5d5ff6ab426f7093da02d6c545ad9dcaeb864b96970d76080,"{""d"":7,""p"":0.002154434690031882,""r"":7}",
      1024,         0,         0,   0.153,correlated_pymatching,0d7504514bc847462fb7bf844e1f0e50276024ba162cbd4ed8a518b50493837c,"{""d"":5,""p"":0.00046415888336127773,""r"":5}",
         1,         1,         0,   0.336,correlated_pymatching,fce971c3cffc2aac5fd303b97b8c805cfce10d3dbf814aed49aafa6caf18a276,"{""d"":7,""p"":0.046415888336127774,""r"":7}","{""obs_mistake_mask=E"":1}"
         1,         0,         0,   0.271,correlated_pymatching,05299ae3d91a1d23b7a98b4fab9722bced6f7c0322d1c013b5613e9b1333028a,"{""d"":5,""p"":0.0001,""r"":5}",
       256,       126,         0,   0.400,correlated_pymatching,d4c5a9c4afde1933f4d2e49b8aebd66a7bd259e8ceb8eb5c2b795fdbb4f0b922,"{""d"":5,""p"":0.021544346900318822,""r"":5}","{""obs_mistake_mask=E"":126}"
       128,        67,         0,   0.344,correlated_pymatching,be23bf8a451a2fc27dbdf68328f81c1f6d4aafd6a2bb66688d634cf2ed2bb3e0,"{""d"":5,""p"":0.046415888336127774,""r"":5}","{""obs_mistake_mask=E"":67}"
         8,         0,         0,   0.115,correlated_pymatching,4699c8641acdbcb09fa90e429f4a015dbbcbaf20a549f7b8fb0848cb634aaa32,"{""d"":5,""p"":0.00021544346900318845,""r"":5}",
      1024,        12,         0,   0.234,correlated_pymatching,60d7f2d0fb63fe77ced15ef5f4b50a4846dbd6449cd6e8947dc40955f7542911,"{""d"":5,""p"":0.002154434690031882,""r"":5}","{""obs_mistake_mask=E"":12}"
      1024,         1,         0,   0.173,correlated_pymatching,45c3ae383f7e5c2f15aab19b05e0079a20725ede752c1da6358a7f59133373cc,"{""d"":5,""p"":0.001,""r"":5}","{""obs_mistake_mask=E"":1}"
      9216,         1,         0,   0.295,correlated_pymatching,e807058b9d0070d0b93b9c7cbef3c37f123d36d965a4b23406bd12bc3208ec2f,"{""d"":3,""p"":0.00021544346900318845,""r"":3}","{""obs_mistake_mask=E"":1}"
         2,         0,         0,   0.166,correlated_pymatching,05299ae3d91a1d23b7a98b4fab9722bced6f7c0322d1c013b5613e9b1333028a,"{""d"":5,""p"":0.0001,""r"":5}",
        32,         0,         0,   0.126,correlated_pymatching,4699c8641acdbcb09fa90e429f4a015dbbcbaf20a549f7b8fb0848cb634aaa32,"{""d"":5,""p"":0.00021544346900318845,""r"":5}",
      8192,         7,         0,   0.304,correlated_pymatching,d6d47ec6005a6c9356062fc36f463fff9d4cb23f867b6fa37d33c54c60b1e2b6,"{""d"":3,""p"":0.00046415888336127773,""r"":3}","{""obs_mistake_mask=E"":7}"
         1,         0,         0,   0.237,correlated_pymatching,4b15e9181b265f1bd4bb78e2597046c0bfb2f5ea7284d5a9b00c9dbde00cc6b8,"{""d"":7,""p"":0.001,""r"":7}",
         2,         2,         0,   0.344,correlated_pymatching,fce971c3cffc2aac5fd303b97b8c805cfce10d3dbf814aed49aafa6caf18a276,"{""d"":7,""p"":0.046415888336127774,""r"":7}","{""obs_mistake_mask=E"":2}"
       128,        68,         0,   0.335,correlated_pymatching,7a31e005cd80dc03cceb76df4f09da60689bbc6602c35f5fe1779a97a2b94988,"{""d"":5,""p"":0.1,""r"":5}","{""obs_mistake_mask=E"":68}"
      1024,       139,         0,   0.464,correlated_pymatching,0cd00541abea7d574f93f7fff6e1051d70863721b194aeddefeb45647079bba2,"{""d"":5,""p"":0.004641588833612777,""r"":5}","{""obs_mistake_mask=E"":139}"
       512,       238,         0,   0.374,correlated_pymatching,c1790d1b1b63b96fc9dcc6d555291bd38ee414162bfcad11bed1a00141b43a74,"{""d"":5,""p"":0.01,""r"":5}","{""obs_mistake_mask=E"":238}"
     10240,         2,         0,   0.490,correlated_pymatching,e807058b9d0070d0b93b9c7cbef3c37f123d36d965a4b23406bd12bc3208ec2f,"{""d"":3,""p"":0.00021544346900318845,""r"":3}","{""obs_mistake_mask=E"":2}"
       128,        64,         0,   0.272,correlated_pymatching,be23bf8a451a2fc27dbdf68328f81c1f6d4aafd6a2bb66688d634cf2ed2bb3e0,"{""d"":5,""p"":0.046415888336127774,""r"":5}","{""obs_mistake_mask=E"":64}"
         1,         0,         0,   0.345,correlated_pymatching,abb2991e452f7d5e7b812c86182d9727735adb857ac5144af87483f02b1f408f,"{""d"":7,""p"":0.0001,""r"":7}",
         1,         1,         0,   0.356,correlated_pymatching,08ac09468d89517740bdd225bb9dd931e19d1a565454c3d04e4951c68ffb9154,"{""d"":7,""p"":0.021544346900318822,""r"":7}","{""obs_mistake_mask=E"":1}"
         1,         0,         0,   0.364,correlated_pymatching,ba9ef6fd67b86a3622e5664707c8edb6d9b7da2e0b74dac0b87e1334a0339531,"{""d"":7,""p"":0.00046415888336127773,""r"":7}",
      1024,         3,         0,   0.248,correlated_pymatching,45c3ae383f7e5c2f15aab19b05e0079a20725ede752c1da6358a7f59133373cc,"{""d"":5,""p"":0.001,""r"":5}","{""obs_mistake_mask=E"":3}"
      6144,        49,         0,   0.456,correlated_pymatching,ba913d6840a859de3ab134de0250c41ea8b4832a96defd01a4512346df8af319,"{""d"":3,""p"":0.001,""r"":3}","{""obs_mistake_mask=E"":49}"
      1024,        10,         0,   0.282,correlated_pymatching,60d7f2d0fb63fe77ced15ef5f4b50a4846dbd6449cd6e8947dc40955f7542911,"{""d"":5,""p"":0.002154434690031882,""r"":5}","{""obs_mistake_mask=E"":10}"
       128,         0,         0,   0.172,correlated_pymatching,4699c8641acdbcb09fa90e429f4a015dbbcbaf20a549f7b8fb0848cb634aaa32,"{""d"":5,""p"":0.00021544346900318845,""r"":5}",
         1,         1,         0,   0.396,correlated_pymatching,4a4533d1e2c2a7a8441e3be8ade4b8ec687ece8f03ae4ee5723ae4c71c4fd34d,"{""d"":7,""p"":0.1,""r"":7}","{""obs_mistake_mask=E"":1}"
     10240,        77,         0,   0.563,correlated_pymatching,ba913d6840a859de3ab134de0250c41ea8b4832a96defd01a4512346df8af319,"{""d"":3,""p"":0.001,""r"":3}","{""obs_mistake_mask=E"":77}"
         2,         0,         0,   0.417,correlated_pymatching,3079044956dee6c354ae3d11810e8467af3b99868cae4962474c8b8dfe18f89d,"{""d"":7,""p"":0.004641588833612777,""r"":7}",
      2048,         0,         0,   0.457,correlated_pymatching,05299ae3d91a1d23b7a98b4fab9722bced6f7c0322d1c013b5613e9b1333028a,"{""d"":5,""p"":0.0001,""r"":5}",
     12288,        18,         0,   0.571,correlated_pymatching,d6d47ec6005a6c9356062fc36f463fff9d4cb23f867b6fa37d33c54c60b1e2b6,"{""d"":3,""p"":0.00046415888336127773,""r"":3}","{""obs_mistake_mask=E"":18}"
         1,         1,         0,   0.427,correlated_pymatching,4a4533d1e2c2a7a8441e3be8ade4b8ec687ece8f03ae4ee5723ae4c71c4fd34d,"{""d"":7,""p"":0.1,""r"":7}","{""obs_mistake_mask=E"":1}"
         2,         0,         0,   0.390,correlated_pymatching,24ae19e9e12dc4a5d5ff6ab426f7093da02d6c545ad9dcaeb864b96970d76080,"{""d"":7,""p"":0.002154434690031882,""r"":7}",
         1,         1,         0,   0.384,correlated_pymatching,fce971c3cffc2aac5fd303b97b8c805cfce10d3dbf814aed49aafa6caf18a276,"{""d"":7,""p"":0.046415888336127774,""r"":7}","{""obs_mistake_mask=E"":1}"
         2,         0,         0,   0.414,correlated_pymatching,6eeeec76c514f4890a9bac6f82eadc4dacda18094a665d9455c865cfa0493683,"{""d"":7,""p"":0.00021544346900318845,""r"":7}",
     10240,         0,         0,   0.538,correlated_pymatching,fdbcb28c19e2133d077b79d8f98d8d6e90ec7ccb978dbc5b456da0a65597c597,"{""d"":3,""p"":0.0001,""r"":3}",
      2048,         0,         0,   0.431,correlated_pymatching,4699c8641acdbcb09fa90e429f4a015dbbcbaf20a549f7b8fb0848cb634aaa32,"{""d"":5,""p"":0.00021544346900318845,""r"":5}",
         1,         1,         0,   0.421,correlated_pymatching,257481eb557e7e0ecffb4e0f4e20822bd2e5d6518a2fe0b3ef57a500433b719b,"{""d"":7,""p"":0.01,""r"":7}","{""obs_mistake_mask=E"":1}"
       256,       135,         0,   0.387,correlated_pymatching,d4c5a9c4afde1933f4d2e49b8aebd66a7bd259e8ceb8eb5c2b795fdbb4f0b922,"{""d"":5,""p"":0.021544346900318822,""r"":5}","{""obs_mistake_mask=E"":135}"
         4,         0,         0,   0.233,correlated_pymatching,05299ae3d91a1d23b7a98b4fab9722bced6f7c0322d1c013b5613e9b1333028a,"{""d"":5,""p"":0.0001,""r"":5}",
      1024,         6,         0,   0.051,correlated_pymatching,ba913d6840a859de3ab134de0250c41ea8b4832a96defd01a4512346df8af319,"{""d"":3,""p"":0.001,""r"":3}","{""obs_mistake_mask=E"":6}"
      6144,         1,         0,   0.438,correlated_pymatching,fdbcb28c19e2133d077b79d8f98d8d6e90ec7ccb978dbc5b456da0a65597c597,"{""d"":3,""p"":0.0001,""r"":3}","{""obs_mistake_mask=E"":1}"
      1024,         3,         0,   0.030,correlated_pymatching,ba913d6840a859de3ab134de0250c41ea8b4832a96defd01a4512346df8af319,"{""d"":3,""p"":0.001,""r"":3}","{""obs_mistake_mask=E"":3}"
      2048,         2,         0,   0.424,correlated_pymatching,0d7504514bc847462fb7bf844e1f0e50276024ba162cbd4ed8a518b50493837c,"{""d"":5,""p"":0.00046415888336127773,""r"":5}","{""obs_mistake_mask=E"":2}"
         2,         1,         0,   0.268,correlated_pymatching,fce971c3cffc2aac5fd303b97b8c805cfce10d3dbf814aed49aafa6caf18a276,"{""d"":7,""p"":0.046415888336127774,""r"":7}","{""obs_mistake_mask=E"":1}"
       256,         0,         0,   0.120,correlated_pymatching,4699c8641acdbcb09fa90e429f4a015dbbcbaf20a549f7b8fb0848cb634aaa32,"{""d"":5,""p"":0.00021544346900318845,""r"":5}",
         2,         0,         0,   0.291,correlated_pymatching,4b15e9181b265f1bd4bb78e2597046c0bfb2f5ea7284d5a9b00c9dbde00cc6b8,"{""d"":7,""p"":0.001,""r"":7}",
         1,         0,         0,   0.106,correlated_pymatching,0d7504514bc847462fb7bf844e1f0e50276024ba162cbd4ed8a518b50493837c,"{""d"":5,""p"":0.00046415888336127773,""r"":5}",
         8,         0,         0,   0.184,correlated_pymatching,05299ae3d91a1d23b7a98b4fab9722bced6f7c0322d1c013b5613e9b1333028a,"{""d"":5,""p"":0.0001,""r"":5}",
     10240,         1,         0,   0.424,correlated_pymatching,e807058b9d0070d0b93b9c7cbef3c37f123d36d965a4b23406bd12bc3208ec2f,"{""d"":3,""p"":0.00021544346900318845,""r"":3}","{""obs_mistake_mask=E"":1}"
      1024,        13,         0,   0.237,correlated_pymatching,60d7f2d0fb63fe77ced15ef5f4b50a4846dbd6449cd6e8947dc40955f7542911,"{""d"":5,""p"":0.002154434690031882,""r"":5}","{""obs_mistake_mask=E"":13}"
     10240,        12,         0,   0.404,correlated_pymatching,d6d47ec6005a6c9356062fc36f463fff9d4cb23f867b6fa37d33c54c60b1e2b6,"{""d"":3,""p"":0.00046415888336127773,""r"":3}","{""obs_mistake_mask=E"":12}"
      1024,         0,         0,   0.132,correlated_pymatching,4699c8641acdbcb09fa90e429f4a015dbbcbaf20a549f7b8fb0848cb634aaa32,"{""d"":5,""p"":0.00021544346900318845,""r"":5}",
         1,         0,         0,   0.296,correlated_pymatching,abb2991e452f7d5e7b812c86182d9727735adb857ac5144af87483f02b1f408f,"{""d"":7,""p"":0.0001,""r"":7}",
         1,         1,         0,   0.304,correlated_pymatching,08ac09468d89517740bdd225bb9dd931e19d1a565454c3d04e4951c68ffb9154,"{""d"":7,""p"":0.021544346900318822,""r"":7}","{""obs_mistake_mask=E"":1}"
         4,         0,         0,   0.124,correlated_pymatching,0d7504514bc847462fb7bf844e1f0e50276024ba162cbd4ed8a518b50493837c,"{""d"":5,""p"":0.00046415888336127773,""r"":5}",
         1,         0,         0,   0.319,correlated_pymatching,ba9ef6fd67b86a3622e5664707c8edb6d9b7da2e0b74dac0b87e1334a0339531,"{""d"":7,""p"":0.00046415888336127773,""r"":7}",
         2,         0,         0,   0.296,correlated_pymatching,3079044956dee6c354ae3d11810e8467af3b99868cae4962474c8b8dfe18f89d,"{""d"":7,""p"":0.004641588833612777,""r"":7}",
         2,         0,         0,   0.309,correlated_pymatching,24ae19e9e12dc4a5d5ff6ab426f7093da02d6c545ad9dcaeb864b96970d76080,"{""d"":7,""p"":0.002154434690031882,""r"":7}",
         2,         0,         0,   0.310,correlated_pymatching,6eeeec76c514f4890a9bac6f82eadc4dacda18094a665d9455c865cfa0493683,"{""d"":7,""p"":0.00021544346900318845,""r"":7}",
         1,         0,         0,   0.307,correlated_pymatching,257481eb557e7e0ecffb4e0f4e20822bd2e5d6518a2fe0b3ef57a500433b719b,"{""d"":7,""p"":0.01,""r"":7}",
      2048,         2,         0,   0.351,correlated_pymatching,45c3ae383f7e5c2f15aab19b05e0079a20725ede752c1da6358a7f59133373cc,"{""d"":5,""p"":0.001,""r"":5}","{""obs_mistake_mask=E"":2}"
       128,        69,         0,   0.500,correlated_pymatching,7a31e005cd80dc03cceb76df4f09da60689bbc6602c35f5fe1779a97a2b94988,"{""d"":5,""p"":0.1,""r"":5}","{""obs_mistake_mask=E"":69}"
         1,         0,         0,   0.318,correlated_pymatching,4a4533d1e2c2a7a8441e3be8ade4b8ec687ece8f03ae4ee5723ae4c71c4fd34d,"{""d"":7,""p"":0.1,""r"":7}",
         1,         0,         0,   0.324,correlated_pymatching,fce971c3cffc2aac5fd303b97b8c805cfce10d3dbf814aed49aafa6caf18a276,"{""d"":7,""p"":0.046415888336127774,""r"":7}",
         1,         0,         0,   0.343,correlated_pymatching,4a4533d1e2c2a7a8441e3be8ade4b8ec687ece8f03ae4ee5723ae4c71c4fd34d,"{""d"":7,""p"":0.1,""r"":7}",
         1,         0,         0,   0.124,correlated_pymatching,60d7f2d0fb63fe77ced15ef5f4b50a4846dbd6449cd6e8947dc40955f7542911,"{""d"":5,""p"":0.002154434690031882,""r"":5}",
         1,         0,         0,   0.142,correlated_pymatching,45c3ae383f7e5c2f15aab19b05e0079a20725ede752c1da6358a7f59133373cc,"{""d"":5,""p"":0.001,""r"":5}",
      1024,         0,         0,   0.129,correlated_pymatching,4699c8641acdbcb09fa90e429f4a015dbbcbaf20a549f7b8fb0848cb634aaa32,"{""d"":5,""p"":0.00021544346900318845,""r"":5}",
      3072,         0,         0,   0.376,correlated_pymatching,05299ae3d91a1d23b7a98b4fab9722bced6f7c0322d1c013b5613e9b1333028a,"{""d"":5,""p"":0.0001,""r"":5}",
      1024,       116,         0,   0.556,correlated_pymatching,0cd00541abea7d574f93f7fff6e1051d70863721b194aeddefeb45647079bba2,"{""d"":5,""p"":0.004641588833612777,""r"":5}","{""obs_mistake_mask=E"":116}"
        16,         0,         0,   0.176,correlated_pymatching,05299ae3d91a1d23b7a98b4fab9722bced6f7c0322d1c013b5613e9b1333028a,"{""d"":5,""p"":0.0001,""r"":5}",
        16,         0,         0,   0.110,correlated_pymatching,0d7504514bc847462fb7bf844e1f0e50276024ba162cbd4ed8a518b50493837c,"{""d"":5,""p"":0.00046415888336127773,""r"":5}",
         4,         3,         0,   0.311,correlated_pymatching,fce971c3cffc2aac5fd303b97b8c805cfce10d3dbf814aed49aafa6caf18a276,"{""d"":7,""p"":0.046415888336127774,""r"":7}","{""obs_mistake_mask=E"":3}"
         4,         0,         0,   0.304,correlated_pymatching,4b15e9181b265f1bd4bb78e2597046c0bfb2f5ea7284d5a9b00c9dbde00cc6b8,"{""d"":7,""p"":0.001,""r"":7}",
     15360,         3,         0,   0.414,correlated_pymatching,fdbcb28c19e2133d077b79d8f98d8d6e90ec7ccb978dbc5b456da0a65597c597,"{""d"":3,""p"":0.0001,""r"":3}","{""obs_mistake_mask=E"":3}"
       256,       130,         0,   0.492,correlated_pymatching,be23bf8a451a2fc27dbdf68328f81c1f6d4aafd6a2bb66688d634cf2ed2bb3e0,"{""d"":5,""p"":0.046415888336127774,""r"":5}","{""obs_mistake_mask=E"":130}"
      3072,         0,         0,   0.428,correlated_pymatching,4699c8641acdbcb09fa90e429f4a015dbbcbaf20a549f7b8fb0848cb634aaa32,"{""d"":5,""p"":0.00021544346900318845,""r"":5}",
       256,       136,         0,   0.425,correlated_pymatching,d4c5a9c4afde1933f4d2e49b8aebd66a7bd259e8ceb8eb5c2b795fdbb4f0b922,"{""d"":5,""p"":0.021544346900318822,""r"":5}","{""obs_mistake_mask=E"":136}"
         4,         0,         0,   0.119,correlated_pymatching,45c3ae383f7e5c2f15aab19b05e0079a20725ede752c1da6358a7f59133373cc,"{""d"":5,""p"":0.001,""r"":5}",
         4,         0,         0,   0.122,correlated_pymatching,60d7f2d0fb63fe77ced15ef5f4b50a4846dbd6449cd6e8947dc40955f7542911,"{""d"":5,""p"":0.002154434690031882,""r"":5}",
      3072,         0,         0,   0.427,correlated_pymatching,0d7504514bc847462fb7bf844e1f0e50276024ba162cbd4ed8a518b50493837c,"{""d"":5,""p"":0.00046415888336127773,""r"":5}",
        64,         0,         0,   0.109,correlated_pymatching,0d7504514bc847462fb7bf844e1f0e50276024ba162cbd4ed8a518b50493837c,"{""d"":5,""p"":0.00046415888336127773,""r"":5}",
     18432,        10,         0,   0.569,correlated_pymatching,e807058b9d0070d0b93b9c7cbef3c37f123d36d965a4b23406bd12bc3208ec2f,"{""d"":3,""p"":0.00021544346900318845,""r"":3}","{""obs_mistake_mask=E"":10}"
         2,         0,         0,   0.300,correlated_pymatching,abb2991e452f7d5e7b812c86182d9727735adb857ac5144af87483f02b1f408f,"{""d"":7,""p"":0.0001,""r"":7}",
        16,         0,         0,   0.104,correlated_pymatching,60d7f2d0fb63fe77ced15ef5f4b50a4846dbd6449cd6e8947dc40955f7542911,"{""d"":5,""p"":0.002154434690031882,""r"":5}",
         1,         0,         0,   0.312,correlated_pymatching,08ac09468d89517740bdd225bb9dd931e19d1a565454c3d04e4951c68ffb9154,"{""d"":7,""p"":0.021544346900318822,""r"":7}",
        32,         0,         0,   0.200,correlated_pymatching,05299ae3d91a1d23b7a98b4fab9722bced6f7c0322d1c013b5613e9b1333028a,"{""d"":5,""p"":0.0001,""r"":5}",
        16,         0,         0,   0.120,correlated_pymatching,45c3ae383f7e5c2f15aab19b05e0079a20725ede752c1da6358a7f59133373cc,"{""d"":5,""p"":0.001,""r"":5}",
     19456,        31,         0,   0.578,correlated_pymatching,d6d47ec6005a6c9356062fc36f463fff9d4cb23f867b6fa37d33c54c60b1e2b6,"{""d"":3,""p"":0.00046415888336127773,""r"":3}","{""obs_mistake_mask=E"":31}"
     12288,         1,         0,   0.571,correlated_pymatching,fdbcb28c19e2133d077b79d8f98d8d6e90ec7ccb978dbc5b456da0a65597c597,"{""d"":3,""p"":0.0001,""r"":3}","{""obs_mistake_mask=E"":1}"
         1,         0,         0,   0.324,correlated_pymatching,ba9ef6fd67b86a3622e5664707c8edb6d9b7da2e0b74dac0b87e1334a0339531,"{""d"":7,""p"":0.00046415888336127773,""r"":7}",
         2,         0,         0,   0.310,correlated_pymatching,24ae19e9e12dc4a5d5ff6ab426f7093da02d6c545ad9dcaeb864b96970d76080,"{""d"":7,""p"":0.002154434690031882,""r"":7}",
         2,         0,         0,   0.307,correlated_pymatching,6eeeec76c514f4890a9bac6f82eadc4dacda18094a665d9455c865cfa0493683,"{""d"":7,""p"":0.00021544346900318845,""r"":7}",
      2048,         0,         0,   0.268,correlated_pymatching,4699c8641acdbcb09fa90e429f4a015dbbcbaf20a549f7b8fb0848cb634aaa32,"{""d"":5,""p"":0.00021544346900318845,""r"":5}",
       256,         0,         0,   0.136,correlated_pymatching,0d7504514bc847462fb7bf844e1f0e50276024ba162cbd4ed8a518b50493837c,"{""d"":5,""p"":0.00046415888336127773,""r"":5}",
         4,         0,         0,   0.333,correlated_pymatching,3079044956dee6c354ae3d11810e8467af3b99868cae4962474c8b8dfe18f89d,"{""d"":7,""p"":0.004641588833612777,""r"":7}",
         1,         0,         0,   0.311,correlated_pymatching,4a4533d1e2c2a7a8441e3be8ade4b8ec687ece8f03ae4ee5723ae4c71c4fd34d,"{""d"":7,""p"":0.1,""r"":7}",
         1,         1,         0,   0.315,correlated_pymatching,257481eb557e7e0ecffb4e0f4e20822bd2e5d6518a2fe0b3ef57a500433b719b,"{""d"":7,""p"":0.01,""r"":7}","{""obs_mistake_mask=E"":1}"
         1,         1,         0,   0.328,correlated_pymatching,fce971c3cffc2aac5fd303b97b8c805cfce10d3dbf814aed49aafa6caf18a276,"{""d"":7,""p"":0.046415888336127774,""r"":7}","{""obs_mistake_mask=E"":1}"
         1,         0,         0,   0.328,correlated_pymatching,4a4533d1e2c2a7a8441e3be8ade4b8ec687ece8f03ae4ee5723ae4c71c4fd34d,"{""d"":7,""p"":0.1,""r"":7}",
      2048,        19,         0,   0.471,correlated_pymatching,60d7f2d0fb63fe77ced15ef5f4b50a4846dbd6449cd6e8947dc40955f7542911,"{""d"":5,""p"":0.002154434690031882,""r"":5}","{""obs_mistake_mask=E"":19}"
        64,         0,         0,   0.119,correlated_pymatching,60d7f2d0fb63fe77ced15ef5f4b50a4846dbd6449cd6e8947dc40955f7542911,"{""d"":5,""p"":0.002154434690031882,""r"":5}",
       128,        64,         0,   0.376,correlated_pymatching,7a31e005cd80dc03cceb76df4f09da60689bbc6602c35f5fe1779a97a2b94988,"{""d"":5,""p"":0.1,""r"":5}","{""obs_mistake_mask=E"":64}"
        64,         0,         0,   0.124,correlated_pymatching,45c3ae383f7e5c2f15aab19b05e0079a20725ede752c1da6358a7f59133373cc,"{""d"":5,""p"":0.001,""r"":5}",
         4,         0,         0,   0.328,correlated_pymatching,4b15e9181b265f1bd4bb78e2597046c0bfb2f5ea7284d5a9b00c9dbde00cc6b8,"{""d"":7,""p"":0.001,""r"":7}",
         4,         2,         0,   0.357,correlated_pymatching,fce971c3cffc2aac5fd303b97b8c805cfce10d3dbf814aed49aafa6caf18a276,"{""d"":7,""p"":0.046415888336127774,""r"":7}","{""obs_mistake_mask=E"":2}"
        64,         0,         0,   0.194,correlated_pymatching,05299ae3d91a1d23b7a98b4fab9722bced6f7c0322d1c013b5613e9b1333028a,"{""d"":5,""p"":0.0001,""r"":5}",
     20480,         5,         0,   0.568,correlated_pymatching,e807058b9d0070d0b93b9c7cbef3c37f123d36d965a4b23406bd12bc3208ec2f,"{""d"":3,""p"":0.00021544346900318845,""r"":3}","{""obs_mistake_mask=E"":5}"
     19456,        32,         0,   0.578,correlated_pymatching,d6d47ec6005a6c9356062fc36f463fff9d4cb23f867b6fa37d33c54c60b1e2b6,"{""d"":3,""p"":0.00046415888336127773,""r"":3}","{""obs_mistake_mask=E"":32}"
      1024,       114,         0,   0.416,correlated_pymatching,0cd00541abea7d574f93f7fff6e1051d70863721b194aeddefeb45647079bba2,"{""d"":5,""p"":0.004641588833612777,""r"":5}","{""obs_mistake_mask=E"":114}"
      1024,         0,         0,   0.172,correlated_pymatching,0d7504514bc847462fb7bf844e1f0e50276024ba162cbd4ed8a518b50493837c,"{""d"":5,""p"":0.00046415888336127773,""r"":5}",
      3072,         6,         0,   0.503,correlated_pymatching,45c3ae383f7e5c2f15aab19b05e0079a20725ede752c1da6358a7f59133373cc,"{""d"":5,""p"":0.001,""r"":5}","{""obs_mistake_mask=E"":6}"
       256,         1,         0,   0.130,correlated_pymatching,45c3ae383f7e5c2f15aab19b05e0079a20725ede752c1da6358a7f59133373cc,"{""d"":5,""p"":0.001,""r"":5}","{""obs_mistake_mask=E"":1}"
       256,         4,         0,   0.152,correlated_pymatching,60d7f2d0fb63fe77ced15ef5f4b50a4846dbd6449cd6e8947dc40955f7542911,"{""d"":5,""p"":0.002154434690031882,""r"":5}","{""obs_mistake_mask=E"":4}"
         4,         0,         0,   0.308,correlated_pymatching,abb2991e452f7d5e7b812c86182d9727735adb857ac5144af87483f02b1f408f,"{""d"":7,""p"":0.0001,""r"":7}",
         1,         0,         0,   0.300,correlated_pymatching,08ac09468d89517740bdd225bb9dd931e19d1a565454c3d04e4951c68ffb9154,"{""d"":7,""p"":0.021544346900318822,""r"":7}",
      2048,         0,         0,   0.280,correlated_pymatching,4699c8641acdbcb09fa90e429f4a015dbbcbaf20a549f7b8fb0848cb634aaa32,"{""d"":5,""p"":0.00021544346900318845,""r"":5}",
      4096,         0,         0,   0.539,correlated_pymatching,05299ae3d91a1d23b7a98b4fab9722bced6f7c0322d1c013b5613e9b1333028a,"{""d"":5,""p"":0.0001,""r"":5}",
         1,         0,         0,   0.312,correlated_pymatching,ba9ef6fd67b86a3622e5664707c8edb6d9b7da2e0b74dac0b87e1334a0339531,"{""d"":7,""p"":0.00046415888336127773,""r"":7}",
      3072,         0,         0,   0.459,correlated_pymatching,0d7504514bc847462fb7bf844e1f0e50276024ba162cbd4ed8a518b50493837c,"{""d"":5,""p"":0.00046415888336127773,""r"":5}",
         4,         0,         0,   0.302,correlated_pymatching,3079044956dee6c354ae3d11810e8467af3b99868cae4962474c8b8dfe18f89d,"{""d"":7,""p"":0.004641588833612777,""r"":7}",
         2,         0,         0,   0.308,correlated_pymatching,6eeeec76c514f4890a9bac6f82eadc4dacda18094a665d9455c865cfa0493683,"{""d"":7,""p"":0.00021544346900318845,""r"":7}",
         1,         1,         0,   0.300,correlated_pymatching,257481eb557e7e0ecffb4e0f4e20822bd2e5d6518a2fe0b3ef57a500433b719b,"{""d"":7,""p"":0.01,""r"":7}","{""obs_mistake_mask=E"":1}"
         2,         0,         0,   0.322,correlated_pymatching,24ae19e9e12dc4a5d5ff6ab426f7093da02d6c545ad9dcaeb864b96970d76080,"{""d"":7,""p"":0.002154434690031882,""r"":7}",
      1024,         0,         0,   0.145,correlated_pymatching,0d7504514bc847462fb7bf844e1f0e50276024ba162cbd4ed8a518b50493837c,"{""d"":5,""p"":0.00046415888336127773,""r"":5}",
         1,         1,         0,   0.311,correlated_pymatching,fce971c3cffc2aac5fd303b97b8c805cfce10d3dbf814aed49aafa6caf18a276,"{""d"":7,""p"":0.046415888336127774,""r"":7}","{""obs_mistake_mask=E"":1}"
         1,         1,         0,   0.336,correlated_pymatching,4a4533d1e2c2a7a8441e3be8ade4b8ec687ece8f03ae4ee5723ae4c71c4fd34d,"{""d"":7,""p"":0.1,""r"":7}","{""obs_mistake_mask=E"":1}"
         1,         1,         0,   0.311,correlated_pymatching,4a4533d1e2c2a7a8441e3be8ade4b8ec687ece8f03ae4ee5723ae4c71c4fd34d,"{""d"":7,""p"":0.1,""r"":7}","{""obs_mistake_mask=E"":1}"
      4096,         0,         0,   0.548,correlated_pymatching,4699c8641acdbcb09fa90e429f4a015dbbcbaf20a549f7b8fb0848cb634aaa32,"{""d"":5,""p"":0.00021544346900318845,""r"":5}",
       128,         0,         0,   0.218,correlated_pymatching,05299ae3d91a1d23b7a98b4fab9722bced6f7c0322d1c013b5613e9b1333028a,"{""d"":5,""p"":0.0001,""r"":5}",
       512,         5,         0,   0.166,correlated_pymatching,60d7f2d0fb63fe77ced15ef5f4b50a4846dbd6449cd6e8947dc40955f7542911,"{""d"":5,""p"":0.002154434690031882,""r"":5}","{""obs_mistake_mask=E"":5}"
       256,       130,         0,   0.568,correlated_pymatching,be23bf8a451a2fc27dbdf68328f81c1f6d4aafd6a2bb66688d634cf2ed2bb3e0,"{""d"":5,""p"":0.046415888336127774,""r"":5}","{""obs_mistake_mask=E"":130}"
     21504,         3,         0,   0.581,correlated_pymatching,fdbcb28c19e2133d077b79d8f98d8d6e90ec7ccb978dbc5b456da0a65597c597,"{""d"":3,""p"":0.0001,""r"":3}","{""obs_mistake_mask=E"":3}"
      1024,         3,         0,   0.186,correlated_pymatching,45c3ae383f7e5c2f15aab19b05e0079a20725ede752c1da6358a7f59133373cc,"{""d"":5,""p"":0.001,""r"":5}","{""obs_mistake_mask=E"":3}"
         4,         0,         0,   0.307,correlated_pymatching,4b15e9181b265f1bd4bb78e2597046c0bfb2f5ea7284d5a9b00c9dbde00cc6b8,"{""d"":7,""p"":0.001,""r"":7}",
       128,        71,         0,   0.367,correlated_pymatching,7a31e005cd80dc03cceb76df4f09da60689bbc6602c35f5fe1779a97a2b94988,"{""d"":5,""p"":0.1,""r"":5}","{""obs_mistake_mask=E"":71}"
         4,         4,         0,   0.335,correlated_pymatching,fce971c3cffc2aac5fd303b97b8c805cfce10d3dbf814aed49aafa6caf18a276,"{""d"":7,""p"":0.046415888336127774,""r"":7}","{""obs_mistake_mask=E"":4}"
      1024,         0,         0,   0.145,correlated_pymatching,0d7504514bc847462fb7bf844e1f0e50276024ba162cbd4ed8a518b50493837c,"{""d"":5,""p"":0.00046415888336127773,""r"":5}",
         4,         0,         0,   0.303,correlated_pymatching,abb2991e452f7d5e7b812c86182d9727735adb857ac5144af87483f02b1f408f,"{""d"":7,""p"":0.0001,""r"":7}",
         2,         1,         0,   0.292,correlated_pymatching,08ac09468d89517740bdd225bb9dd931e19d1a565454c3d04e4951c68ffb9154,"{""d"":7,""p"":0.021544346900318822,""r"":7}","{""obs_mistake_mask=E"":1}"
      2048,        23,         0,   0.498,correlated_pymatching,60d7f2d0fb63fe77ced15ef5f4b50a4846dbd6449cd6e8947dc40955f7542911,"{""d"":5,""p"":0.002154434690031882,""r"":5}","{""obs_mistake_mask=E"":23}"
       256,         0,         0,   0.198,correlated_pymatching,05299ae3d91a1d23b7a98b4fab9722bced6f7c0322d1c013b5613e9b1333028a,"{""d"":5,""p"":0.0001,""r"":5}",
         1,         1,         0,   0.122,correlated_pymatching,7a31e005cd80dc03cceb76df4f09da60689bbc6602c35f5fe1779a97a2b94988,"{""d"":5,""p"":0.1,""r"":5}","{""obs_mistake_mask=E"":1}"
      1024,         0,         0,   0.178,correlated_pymatching,45c3ae383f7e5c2f15aab19b05e0079a20725ede752c1da6358a7f59133373cc,"{""d"":5,""p"":0.001,""r"":5}",
         1,         0,         0,   0.307,correlated_pymatching,ba9ef6fd67b86a3622e5664707c8edb6d9b7da2e0b74dac0b87e1334a0339531,"{""d"":7,""p"":0.00046415888336127773,""r"":7}",
         2,         0,         0,   0.304,correlated_pymatching,6eeeec76c514f4890a9bac6f82eadc4dacda18094a665d9455c865cfa0493683,"{""d"":7,""p"":0.00021544346900318845,""r"":7}",
      1024,        13,         0,   0.240,correlated_pymatching,60d7f2d0fb63fe77ced15ef5f4b50a4846dbd6449cd6e8947dc40955f7542911,"{""d"":5,""p"":0.002154434690031882,""r"":5}","{""obs_mistake_mask=E"":13}"
         2,         0,         0,   0.299,correlated_pymatching,24ae19e9e12dc4a5d5ff6ab426f7093da02d6c545ad9dcaeb864b96970d76080,"{""d"":7,""p"":0.002154434690031882,""r"":7}",
         2,         0,         0,   0.312,correlated_pymatching,257481eb557e7e0ecffb4e0f4e20822bd2e5d6518a2fe0b3ef57a500433b719b,"{""d"":7,""p"":0.01,""r"":7}",
         4,         0,         0,   0.318,correlated_pymatching,3079044956dee6c354ae3d11810e8467af3b99868cae4962474c8b8dfe18f89d,"{""d"":7,""p"":0.004641588833612777,""r"":7}",
         1,         0,         0,   0.308,correlated_pymatching,fce971c3cffc2aac5fd303b97b8c805cfce10d3dbf814aed49aafa6caf18a276,"{""d"":7,""p"":0.046415888336127774,""r"":7}",
         1,         1,         0,   0.304,correlated_pymatching,4a4533d1e2c2a7a8441e3be8ade4b8ec687ece8f03ae4ee5723ae4c71c4fd34d,"{""d"":7,""p"":0.1,""r"":7}","{""obs_mistake_mask=E"":1}"
         1,         1,         0,   0.311,correlated_pymatching,4a4533d1e2c2a7a8441e3be8ade4b8ec687ece8f03ae4ee5723ae4c71c4fd34d,"{""d"":7,""p"":0.1,""r"":7}","{""obs_mistake_mask=E"":1}"
     29696,        15,         0,   0.812,correlated_pymatching,e807058b9d0070d0b93b9c7cbef3c37f123d36d965a4b23406bd12bc3208ec2f,"{""d"":3,""p"":0.00021544346900318845,""r"":3}","{""obs_mistake_mask=E"":15}"
      3072,         0,         0,   0.414,correlated_pymatching,4699c8641acdbcb09fa90e429f4a015dbbcbaf20a549f7b8fb0848cb634aaa32,"{""d"":5,""p"":0.00021544346900318845,""r"":5}",
         4,         1,         0,   0.124,correlated_pymatching,7a31e005cd80dc03cceb76df4f09da60689bbc6602c35f5fe1779a97a2b94988,"{""d"":5,""p"":0.1,""r"":5}","{""obs_mistake_mask=E"":1}"
         4,         0,         0,   0.304,correlated_pymatching,4b15e9181b265f1bd4bb78e2597046c0bfb2f5ea7284d5a9b00c9dbde00cc6b8,"{""d"":7,""p"":0.001,""r"":7}",
      1024,         0,         0,   0.157,correlated_pymatching,45c3ae383f7e5c2f15aab19b05e0079a20725ede752c1da6358a7f59133373cc,"{""d"":5,""p"":0.001,""r"":5}",
      2048,         0,         0,   0.288,correlated_pymatching,0d7504514bc847462fb7bf844e1f0e50276024ba162cbd4ed8a518b50493837c,"{""d"":5,""p"":0.00046415888336127773,""r"":5}",
     26624,        48,         0,   0.812,correlated_pymatching,d6d47ec6005a6c9356062fc36f463fff9d4cb23f867b6fa37d33c54c60b1e2b6,"{""d"":3,""p"":0.00046415888336127773,""r"":3}","{""obs_mistake_mask=E"":48}"
       512,         0,         0,   0.213,correlated_pymatching,05299ae3d91a1d23b7a98b4fab9722bced6f7c0322d1c013b5613e9b1333028a,"{""d"":5,""p"":0.0001,""r"":5}",
         4,         2,         0,   0.324,correlated_pymatching,fce971c3cffc2aac5fd303b97b8c805cfce10d3dbf814aed49aafa6caf18a276,"{""d"":7,""p"":0.046415888336127774,""r"":7}","{""obs_mistake_mask=E"":2}"
     17408,         1,         0,   0.820,correlated_pymatching,fdbcb28c19e2133d077b79d8f98d8d6e90ec7ccb978dbc5b456da0a65597c597,"{""d"":3,""p"":0.0001,""r"":3}","{""obs_mistake_mask=E"":1}"
       128,        68,         0,   0.363,correlated_pymatching,7a31e005cd80dc03cceb76df4f09da60689bbc6602c35f5fe1779a97a2b94988,"{""d"":5,""p"":0.1,""r"":5}","{""obs_mistake_mask=E"":68}"
         4,         0,         0,   0.300,correlated_pymatching,abb2991e452f7d5e7b812c86182d9727735adb857ac5144af87483f02b1f408f,"{""d"":7,""p"":0.0001,""r"":7}",
        16,        11,         0,   0.144,correlated_pymatching,7a31e005cd80dc03cceb76df4f09da60689bbc6602c35f5fe1779a97a2b94988,"{""d"":5,""p"":0.1,""r"":5}","{""obs_mistake_mask=E"":11}"
      1024,        10,         0,   0.241,correlated_pymatching,60d7f2d0fb63fe77ced15ef5f4b50a4846dbd6449cd6e8947dc40955f7542911,"{""d"":5,""p"":0.002154434690031882,""r"":5}","{""obs_mistake_mask=E"":10}"
         4,         2,         0,   0.320,correlated_pymatching,08ac09468d89517740bdd225bb9dd931e19d1a565454c3d04e4951c68ffb9154,"{""d"":7,""p"":0.021544346900318822,""r"":7}","{""obs_mistake_mask=E"":2}"
         1,         0,         0,   0.293,correlated_pymatching,ba9ef6fd67b86a3622e5664707c8edb6d9b7da2e0b74dac0b87e1334a0339531,"{""d"":7,""p"":0.00046415888336127773,""r"":7}",
      4096,         5,         0,   0.707,correlated_pymatching,45c3ae383f7e5c2f15aab19b05e0079a20725ede752c1da6358a7f59133373cc,"{""d"":5,""p"":0.001,""r"":5}","{""obs_mistake_mask=E"":5}"
         2,         0,         0,   0.304,correlated_pymatching,6eeeec76c514f4890a9bac6f82eadc4dacda18094a665d9455c865cfa0493683,"{""d"":7,""p"":0.00021544346900318845,""r"":7}",
         2,         1,         0,   0.295,correlated_pymatching,257481eb557e7e0ecffb4e0f4e20822bd2e5d6518a2fe0b3ef57a500433b719b,"{""d"":7,""p"":0.01,""r"":7}","{""obs_mistake_mask=E"":1}"
         4,         0,         0,   0.304,correlated_pymatching,24ae19e9e12dc4a5d5ff6ab426f7093da02d6c545ad9dcaeb864b96970d76080,"{""d"":7,""p"":0.002154434690031882,""r"":7}",
      1024,         0,         0,   0.190,correlated_pymatching,45c3ae383f7e5c2f15aab19b05e0079a20725ede752c1da6358a7f59133373cc,"{""d"":5,""p"":0.001,""r"":5}",
      5120,         0,         0,   0.631,correlated_pymatching,05299ae3d91a1d23b7a98b4fab9722bced6f7c0322d1c013b5613e9b1333028a,"{""d"":5,""p"":0.0001,""r"":5}",
         4,         0,         0,   0.308,correlated_pymatching,3079044956dee6c354ae3d11810e8467af3b99868cae4962474c8b8dfe18f89d,"{""d"":7,""p"":0.004641588833612777,""r"":7}",
         1,         1,         0,   0.296,correlated_pymatching,fce971c3cffc2aac5fd303b97b8c805cfce10d3dbf814aed49aafa6caf18a276,"{""d"":7,""p"":0.046415888336127774,""r"":7}","{""obs_mistake_mask=E"":1}"
     27648,        15,         0,   0.802,correlated_pymatching,e807058b9d0070d0b93b9c7cbef3c37f123d36d965a4b23406bd12bc3208ec2f,"{""d"":3,""p"":0.00021544346900318845,""r"":3}","{""obs_mistake_mask=E"":15}"
         1,         1,         0,   0.304,correlated_pymatching,4a4533d1e2c2a7a8441e3be8ade4b8ec687ece8f03ae4ee5723ae4c71c4fd34d,"{""d"":7,""p"":0.1,""r"":7}","{""obs_mistake_mask=E"":1}"
         1,         0,         0,   0.308,correlated_pymatching,4a4533d1e2c2a7a8441e3be8ade4b8ec687ece8f03ae4ee5723ae4c71c4fd34d,"{""d"":7,""p"":0.1,""r"":7}",
     25600,        41,         0,   0.793,correlated_pymatching,d6d47ec6005a6c9356062fc36f463fff9d4cb23f867b6fa37d33c54c60b1e2b6,"{""d"":3,""p"":0.00046415888336127773,""r"":3}","{""obs_mistake_mask=E"":41}"
      5120,         1,         0,   0.707,correlated_pymatching,0d7504514bc847462fb7bf844e1f0e50276024ba162cbd4ed8a518b50493837c,"{""d"":5,""p"":0.00046415888336127773,""r"":5}","{""obs_mistake_mask=E"":1}"
         4,         0,         0,   0.300,correlated_pymatching,4b15e9181b265f1bd4bb78e2597046c0bfb2f5ea7284d5a9b00c9dbde00cc6b8,"{""d"":7,""p"":0.001,""r"":7}",
      5120,         0,         0,   0.673,correlated_pymatching,4699c8641acdbcb09fa90e429f4a015dbbcbaf20a549f7b8fb0848cb634aaa32,"{""d"":5,""p"":0.00021544346900318845,""r"":5}",
      2048,         0,         0,   0.292,correlated_pymatching,0d7504514bc847462fb7bf844e1f0e50276024ba162cbd4ed8a518b50493837c,"{""d"":5,""p"":0.00046415888336127773,""r"":5}",
         4,         2,         0,   0.312,correlated_pymatching,fce971c3cffc2aac5fd303b97b8c805cfce10d3dbf814aed49aafa6caf18a276,"{""d"":7,""p"":0.046415888336127774,""r"":7}","{""obs_mistake_mask=E"":2}"
      1024,        20,         0,   0.246,correlated_pymatching,60d7f2d0fb63fe77ced15ef5f4b50a4846dbd6449cd6e8947dc40955f7542911,"{""d"":5,""p"":0.002154434690031882,""r"":5}","{""obs_mistake_mask=E"":20}"
         1,         0,         0,   0.346,correlated_pymatching,6eeeec76c514f4890a9bac6f82eadc4dacda18094a665d9455c865cfa0493683,"{""d"":7,""p"":0.00021544346900318845,""r"":7}",
         1,         0,         0,   0.342,correlated_pymatching,abb2991e452f7d5e7b812c86182d9727735adb857ac5144af87483f02b1f408f,"{""d"":7,""p"":0.0001,""r"":7}",
         8,         0,         0,   0.300,correlated_pymatching,abb2991e452f7d5e7b812c86182d9727735adb857ac5144af87483f02b1f408f,"{""d"":7,""p"":0.0001,""r"":7}",
         4,         3,         0,   0.316,correlated_pymatching,08ac09468d89517740bdd225bb9dd931e19d1a565454c3d04e4951c68ffb9154,"{""d"":7,""p"":0.021544346900318822,""r"":7}","{""obs_mistake_mask=E"":3}"
     27648,         3,         0,   0.792,correlated_pymatching,fdbcb28c19e2133d077b79d8f98d8d6e90ec7ccb978dbc5b456da0a65597c597,"{""d"":3,""p"":0.0001,""r"":3}","{""obs_mistake_mask=E"":3}"
      2048,         0,         0,   0.415,correlated_pymatching,05299ae3d91a1d23b7a98b4fab9722bced6f7c0322d1c013b5613e9b1333028a,"{""d"":5,""p"":0.0001,""r"":5}",
         4,         0,         0,   0.286,correlated_pymatching,24ae19e9e12dc4a5d5ff6ab426f7093da02d6c545ad9dcaeb864b96970d76080,"{""d"":7,""p"":0.002154434690031882,""r"":7}",
         2,         0,         0,   0.319,correlated_pymatching,ba9ef6fd67b86a3622e5664707c8edb6d9b7da2e0b74dac0b87e1334a0339531,"{""d"":7,""p"":0.00046415888336127773,""r"":7}",
         2,         0,         0,   0.304,correlated_pymatching,6eeeec76c514f4890a9bac6f82eadc4dacda18094a665d9455c865cfa0493683,"{""d"":7,""p"":0.00021544346900318845,""r"":7}",
      4096,         0,         0,   0.528,correlated_pymatching,4699c8641acdbcb09fa90e429f4a015dbbcbaf20a549f7b8fb0848cb634aaa32,"{""d"":5,""p"":0.00021544346900318845,""r"":5}",
         4,         1,         0,   0.293,correlated_pymatching,3079044956dee6c354ae3d11810e8467af3b99868cae4962474c8b8dfe18f89d,"{""d"":7,""p"":0.004641588833612777,""r"":7}","{""obs_mistake_mask=E"":1}"
         4,         2,         0,   0.313,correlated_pymatching,257481eb557e7e0ecffb4e0f4e20822bd2e5d6518a2fe0b3ef57a500433b719b,"{""d"":7,""p"":0.01,""r"":7}","{""obs_mistake_mask=E"":2}"
      3072,        38,         0,   0.699,correlated_pymatching,60d7f2d0fb63fe77ced15ef5f4b50a4846dbd6449cd6e8947dc40955f7542911,"{""d"":5,""p"":0.002154434690031882,""r"":5}","{""obs_mistake_mask=E"":38}"
         2,         0,         0,   0.321,correlated_pymatching,fce971c3cffc2aac5fd303b97b8c805cfce10d3dbf814aed49aafa6caf18a276,"{""d"":7,""p"":0.046415888336127774,""r"":7}",
      2048,         1,         0,   0.348,correlated_pymatching,45c3ae383f7e5c2f15aab19b05e0079a20725ede752c1da6358a7f59133373cc,"{""d"":5,""p"":0.001,""r"":5}","{""obs_mistake_mask=E"":1}"
         1,         1,         0,   0.312,correlated_pymatching,4a4533d1e2c2a7a8441e3be8ade4b8ec687ece8f03ae4ee5723ae4c71c4fd34d,"{""d"":7,""p"":0.1,""r"":7}","{""obs_mistake_mask=E"":1}"
         1,         1,         0,   0.316,correlated_pymatching,4a4533d1e2c2a7a8441e3be8ade4b8ec687ece8f03ae4ee5723ae4c71c4fd34d,"{""d"":7,""p"":0.1,""r"":7}","{""obs_mistake_mask=E"":1}"
         8,         0,         0,   0.308,correlated_pymatching,4b15e9181b265f1bd4bb78e2597046c0bfb2f5ea7284d5a9b00c9dbde00cc6b8,"{""d"":7,""p"":0.001,""r"":7}",
      1024,         9,         0,   0.240,correlated_pymatching,60d7f2d0fb63fe77ced15ef5f4b50a4846dbd6449cd6e8947dc40955f7542911,"{""d"":5,""p"":0.002154434690031882,""r"":5}","{""obs_mistake_mask=E"":9}"
      3072,         1,         0,   0.344,correlated_pymatching,0d7504514bc847462fb7bf844e1f0e50276024ba162cbd4ed8a518b50493837c,"{""d"":5,""p"":0.00046415888336127773,""r"":5}","{""obs_mistake_mask=E"":1}"
         4,         2,         0,   0.320,correlated_pymatching,fce971c3cffc2aac5fd303b97b8c805cfce10d3dbf814aed49aafa6caf18a276,"{""d"":7,""p"":0.046415888336127774,""r"":7}","{""obs_mistake_mask=E"":2}"
         1,         0,         0,   0.311,correlated_pymatching,abb2991e452f7d5e7b812c86182d9727735adb857ac5144af87483f02b1f408f,"{""d"":7,""p"":0.0001,""r"":7}",
        16,         0,         0,   0.292,correlated_pymatching,abb2991e452f7d5e7b812c86182d9727735adb857ac5144af87483f02b1f408f,"{""d"":7,""p"":0.0001,""r"":7}",
         1,         0,         0,   0.316,correlated_pymatching,6eeeec76c514f4890a9bac6f82eadc4dacda18094a665d9455c865cfa0493683,"{""d"":7,""p"":0.00021544346900318845,""r"":7}",
         4,         2,         0,   0.322,correlated_pymatching,08ac09468d89517740bdd225bb9dd931e19d1a565454c3d04e4951c68ffb9154,"{""d"":7,""p"":0.021544346900318822,""r"":7}","{""obs_mistake_mask=E"":2}"
         2,         0,         0,   0.296,correlated_pymatching,6eeeec76c514f4890a9bac6f82eadc4dacda18094a665d9455c865cfa0493683,"{""d"":7,""p"":0.00021544346900318845,""r"":7}",
         2,         0,         0,   0.304,correlated_pymatching,ba9ef6fd67b86a3622e5664707c8edb6d9b7da2e0b74dac0b87e1334a0339531,"{""d"":7,""p"":0.00046415888336127773,""r"":7}",
         8,         0,         0,   0.321,correlated_pymatching,24ae19e9e12dc4a5d5ff6ab426f7093da02d6c545ad9dcaeb864b96970d76080,"{""d"":7,""p"":0.002154434690031882,""r"":7}",
         4,         3,         0,   0.312,correlated_pymatching,257481eb557e7e0ecffb4e0f4e20822bd2e5d6518a2fe0b3ef57a500433b719b,"{""d"":7,""p"":0.01,""r"":7}","{""obs_mistake_mask=E"":3}"
         8,         1,         0,   0.321,correlated_pymatching,3079044956dee6c354ae3d11810e8467af3b99868cae4962474c8b8dfe18f89d,"{""d"":7,""p"":0.004641588833612777,""r"":7}","{""obs_mistake_mask=E"":1}"
         1,         0,         0,   0.350,correlated_pymatching,4b15e9181b265f1bd4bb78e2597046c0bfb2f5ea7284d5a9b00c9dbde00cc6b8,"{""d"":7,""p"":0.001,""r"":7}",
         1,         0,         0,   0.339,correlated_pymatching,ba9ef6fd67b86a3622e5664707c8edb6d9b7da2e0b74dac0b87e1334a0339531,"{""d"":7,""p"":0.00046415888336127773,""r"":7}",
         1,         0,         0,   0.308,correlated_pymatching,4a4533d1e2c2a7a8441e3be8ade4b8ec687ece8f03ae4ee5723ae4c71c4fd34d,"{""d"":7,""p"":0.1,""r"":7}",
         2,         1,         0,   0.316,correlated_pymatching,fce971c3cffc2aac5fd303b97b8c805cfce10d3dbf814aed49aafa6caf18a276,"{""d"":7,""p"":0.046415888336127774,""r"":7}","{""obs_mistake_mask=E"":1}"
         1,         0,         0,   0.312,correlated_pymatching,4a4533d1e2c2a7a8441e3be8ade4b8ec687ece8f03ae4ee5723ae4c71c4fd34d,"{""d"":7,""p"":0.1,""r"":7}",
      2048,         0,         0,   0.340,correlated_pymatching,45c3ae383f7e5c2f15aab19b05e0079a20725ede752c1da6358a7f59133373cc,"{""d"":5,""p"":0.001,""r"":5}",
      2048,         0,         0,   0.424,correlated_pymatching,05299ae3d91a1d23b7a98b4fab9722bced6f7c0322d1c013b5613e9b1333028a,"{""d"":5,""p"":0.0001,""r"":5}",
         1,         0,         0,   0.300,correlated_pymatching,abb2991e452f7d5e7b812c86182d9727735adb857ac5144af87483f02b1f408f,"{""d"":7,""p"":0.0001,""r"":7}",
         1,         0,         0,   0.312,correlated_pymatching,6eeeec76c514f4890a9bac6f82eadc4dacda18094a665d9455c865cfa0493683,"{""d"":7,""p"":0.00021544346900318845,""r"":7}",
      5120,        11,         0,   0.855,correlated_pymatching,45c3ae383f7e5c2f15aab19b05e0079a20725ede752c1da6358a7f59133373cc,"{""d"":5,""p"":0.001,""r"":5}","{""obs_mistake_mask=E"":11}"
     39936,        13,         0,    1.11,correlated_pymatching,e807058b9d0070d0b93b9c7cbef3c37f123d36d965a4b23406bd12bc3208ec2f,"{""d"":3,""p"":0.00021544346900318845,""r"":3}","{""obs_mistake_mask=E"":13}"
      2048,        26,         0,   0.464,correlated_pymatching,60d7f2d0fb63fe77ced15ef5f4b50a4846dbd6449cd6e8947dc40955f7542911,"{""d"":5,""p"":0.002154434690031882,""r"":5}","{""obs_mistake_mask=E"":26}"
      7168,         0,         0,   0.895,correlated_pymatching,05299ae3d91a1d23b7a98b4fab9722bced6f7c0322d1c013b5613e9b1333028a,"{""d"":5,""p"":0.0001,""r"":5}",
      3072,         0,         0,   0.436,correlated_pymatching,0d7504514bc847462fb7bf844e1f0e50276024ba162cbd4ed8a518b50493837c,"{""d"":5,""p"":0.00046415888336127773,""r"":5}",
      6144,         0,         0,   0.799,correlated_pymatching,4699c8641acdbcb09fa90e429f4a015dbbcbaf20a549f7b8fb0848cb634aaa32,"{""d"":5,""p"":0.00021544346900318845,""r"":5}",
      6144,         1,         0,   0.849,correlated_pymatching,0d7504514bc847462fb7bf844e1f0e50276024ba162cbd4ed8a518b50493837c,"{""d"":5,""p"":0.00046415888336127773,""r"":5}","{""obs_mistake_mask=E"":1}"
         1,         0,         0,   0.312,correlated_pymatching,4b15e9181b265f1bd4bb78e2597046c0bfb2f5ea7284d5a9b00c9dbde00cc6b8,"{""d"":7,""p"":0.001,""r"":7}",
         1,         0,         0,   0.316,correlated_pymatching,ba9ef6fd67b86a3622e5664707c8edb6d9b7da2e0b74dac0b87e1334a0339531,"{""d"":7,""p"":0.00046415888336127773,""r"":7}",
     36864,        53,         0,    1.11,correlated_pymatching,d6d47ec6005a6c9356062fc36f463fff9d4cb23f867b6fa37d33c54c60b1e2b6,"{""d"":3,""p"":0.00046415888336127773,""r"":3}","{""obs_mistake_mask=E"":53}"
      5120,         0,         0,   0.695,correlated_pymatching,4699c8641acdbcb09fa90e429f4a015dbbcbaf20a549f7b8fb0848cb634aaa32,"{""d"":5,""p"":0.00021544346900318845,""r"":5}",
        16,         0,         0,   0.595,correlated_pymatching,4b15e9181b265f1bd4bb78e2597046c0bfb2f5ea7284d5a9b00c9dbde00cc6b8,"{""d"":7,""p"":0.001,""r"":7}",
     25600,         3,         0,    1.13,correlated_pymatching,fdbcb28c19e2133d077b79d8f98d8d6e90ec7ccb978dbc5b456da0a65597c597,"{""d"":3,""p"":0.0001,""r"":3}","{""obs_mistake_mask=E"":3}"
        96,         0,         0,   0.606,correlated_pymatching,abb2991e452f7d5e7b812c86182d9727735adb857ac5144af87483f02b1f408f,"{""d"":7,""p"":0.0001,""r"":7}",
         2,         0,         0,   0.316,correlated_pymatching,abb2991e452f7d5e7b812c86182d9727735adb857ac5144af87483f02b1f408f,"{""d"":7,""p"":0.0001,""r"":7}",
         1,         0,         0,   0.312,correlated_pymatching,6eeeec76c514f4890a9bac6f82eadc4dacda18094a665d9455c865cfa0493683,"{""d"":7,""p"":0.00021544346900318845,""r"":7}",
     36864,        50,         0,    1.11,correlated_pymatching,d6d47ec6005a6c9356062fc36f463fff9d4cb23f867b6fa37d33c54c60b1e2b6,"{""d"":3,""p"":0.00046415888336127773,""r"":3}","{""obs_mistake_mask=E"":50}"
     38912,        12,         0,    1.12,correlated_pymatching,e807058b9d0070d0b93b9c7cbef3c37f123d36d965a4b23406bd12bc3208ec2f,"{""d"":3,""p"":0.00021544346900318845,""r"":3}","{""obs_mistake_mask=E"":12}"
         8,         4,         0,   0.676,correlated_pymatching,fce971c3cffc2aac5fd303b97b8c805cfce10d3dbf814aed49aafa6caf18a276,"{""d"":7,""p"":0.046415888336127774,""r"":7}","{""obs_mistake_mask=E"":4}"
         8,         0,         0,   0.588,correlated_pymatching,6eeeec76c514f4890a9bac6f82eadc4dacda18094a665d9455c865cfa0493683,"{""d"":7,""p"":0.00021544346900318845,""r"":7}",
      3072,         2,         0,   0.512,correlated_pymatching,45c3ae383f7e5c2f15aab19b05e0079a20725ede752c1da6358a7f59133373cc,"{""d"":5,""p"":0.001,""r"":5}","{""obs_mistake_mask=E"":2}"
        16,         0,         0,   0.595,correlated_pymatching,24ae19e9e12dc4a5d5ff6ab426f7093da02d6c545ad9dcaeb864b96970d76080,"{""d"":7,""p"":0.002154434690031882,""r"":7}",
         4,         0,         0,   0.624,correlated_pymatching,ba9ef6fd67b86a3622e5664707c8edb6d9b7da2e0b74dac0b87e1334a0339531,"{""d"":7,""p"":0.00046415888336127773,""r"":7}",
         8,         4,         0,   0.649,correlated_pymatching,08ac09468d89517740bdd225bb9dd931e19d1a565454c3d04e4951c68ffb9154,"{""d"":7,""p"":0.021544346900318822,""r"":7}","{""obs_mistake_mask=E"":4}"
        16,         1,         0,   0.617,correlated_pymatching,3079044956dee6c354ae3d11810e8467af3b99868cae4962474c8b8dfe18f89d,"{""d"":7,""p"":0.004641588833612777,""r"":7}","{""obs_mistake_mask=E"":1}"
         8,         4,         0,   0.624,correlated_pymatching,257481eb557e7e0ecffb4e0f4e20822bd2e5d6518a2fe0b3ef57a500433b719b,"{""d"":7,""p"":0.01,""r"":7}","{""obs_mistake_mask=E"":4}"
         1,         0,         0,   0.316,correlated_pymatching,ba9ef6fd67b86a3622e5664707c8edb6d9b7da2e0b74dac0b87e1334a0339531,"{""d"":7,""p"":0.00046415888336127773,""r"":7}",
         1,         0,         0,   0.324,correlated_pymatching,4b15e9181b265f1bd4bb78e2597046c0bfb2f5ea7284d5a9b00c9dbde00cc6b8,"{""d"":7,""p"":0.001,""r"":7}",
      4096,        55,         0,   0.941,correlated_pymatching,60d7f2d0fb63fe77ced15ef5f4b50a4846dbd6449cd6e8947dc40955f7542911,"{""d"":5,""p"":0.002154434690031882,""r"":5}","{""obs_mistake_mask=E"":55}"
         3,         2,         0,   0.624,correlated_pymatching,4a4533d1e2c2a7a8441e3be8ade4b8ec687ece8f03ae4ee5723ae4c71c4fd34d,"{""d"":7,""p"":0.1,""r"":7}","{""obs_mistake_mask=E"":2}"
         2,         0,         0,   0.619,correlated_pymatching,4a4533d1e2c2a7a8441e3be8ade4b8ec687ece8f03ae4ee5723ae4c71c4fd34d,"{""d"":7,""p"":0.1,""r"":7}",
         4,         2,         0,   0.622,correlated_pymatching,fce971c3cffc2aac5fd303b97b8c805cfce10d3dbf814aed49aafa6caf18a276,"{""d"":7,""p"":0.046415888336127774,""r"":7}","{""obs_mistake_mask=E"":2}"
      3072,         0,         0,   0.631,correlated_pymatching,05299ae3d91a1d23b7a98b4fab9722bced6f7c0322d1c013b5613e9b1333028a,"{""d"":5,""p"":0.0001,""r"":5}",
      2048,        27,         0,   0.480,correlated_pymatching,60d7f2d0fb63fe77ced15ef5f4b50a4846dbd6449cd6e8947dc40955f7542911,"{""d"":5,""p"":0.002154434690031882,""r"":5}","{""obs_mistake_mask=E"":27}"
     40960,         2,         0,    1.11,correlated_pymatching,fdbcb28c19e2133d077b79d8f98d8d6e90ec7ccb978dbc5b456da0a65597c597,"{""d"":3,""p"":0.0001,""r"":3}","{""obs_mistake_mask=E"":2}"
         2,         0,         0,   0.308,correlated_pymatching,abb2991e452f7d5e7b812c86182d9727735adb857ac5144af87483f02b1f408f,"{""d"":7,""p"":0.0001,""r"":7}",
         1,         0,         0,   0.312,correlated_pymatching,6eeeec76c514f4890a9bac6f82eadc4dacda18094a665d9455c865cfa0493683,"{""d"":7,""p"":0.00021544346900318845,""r"":7}",
      4096,         0,         0,   0.567,correlated_pymatching,0d7504514bc847462fb7bf844e1f0e50276024ba162cbd4ed8a518b50493837c,"{""d"":5,""p"":0.00046415888336127773,""r"":5}",
         1,         0,         0,   0.307,correlated_pymatching,ba9ef6fd67b86a3622e5664707c8edb6d9b7da2e0b74dac0b87e1334a0339531,"{""d"":7,""p"":0.00046415888336127773,""r"":7}",
         1,         0,         0,   0.312,correlated_pymatching,4b15e9181b265f1bd4bb78e2597046c0bfb2f5ea7284d5a9b00c9dbde00cc6b8,"{""d"":7,""p"":0.001,""r"":7}",
        32,         0,         0,   0.612,correlated_pymatching,4b15e9181b265f1bd4bb78e2597046c0bfb2f5ea7284d5a9b00c9dbde00cc6b8,"{""d"":7,""p"":0.001,""r"":7}",
       128,         0,         0,   0.605,correlated_pymatching,abb2991e452f7d5e7b812c86182d9727735adb857ac5144af87483f02b1f408f,"{""d"":7,""p"":0.0001,""r"":7}",
         2,         0,         0,   0.308,correlated_pymatching,abb2991e452f7d5e7b812c86182d9727735adb857ac5144af87483f02b1f408f,"{""d"":7,""p"":0.0001,""r"":7}",
         1,         0,         0,   0.306,correlated_pymatching,6eeeec76c514f4890a9bac6f82eadc4dacda18094a665d9455c865cfa0493683,"{""d"":7,""p"":0.00021544346900318845,""r"":7}",
      6144,         0,         0,   0.811,correlated_pymatching,4699c8641acdbcb09fa90e429f4a015dbbcbaf20a549f7b8fb0848cb634aaa32,"{""d"":5,""p"":0.00021544346900318845,""r"":5}",
        16,         0,         0,   0.636,correlated_pymatching,6eeeec76c514f4890a9bac6f82eadc4dacda18094a665d9455c865cfa0493683,"{""d"":7,""p"":0.00021544346900318845,""r"":7}",
        32,         0,         0,   0.617,correlated_pymatching,24ae19e9e12dc4a5d5ff6ab426f7093da02d6c545ad9dcaeb864b96970d76080,"{""d"":7,""p"":0.002154434690031882,""r"":7}",
         6,         0,         0,   0.608,correlated_pymatching,ba9ef6fd67b86a3622e5664707c8edb6d9b7da2e0b74dac0b87e1334a0339531,"{""d"":7,""p"":0.00046415888336127773,""r"":7}",
         8,         2,         0,   0.660,correlated_pymatching,fce971c3cffc2aac5fd303b97b8c805cfce10d3dbf814aed49aafa6caf18a276,"{""d"":7,""p"":0.046415888336127774,""r"":7}","{""obs_mistake_mask=E"":2}"
         8,         3,         0,   0.617,correlated_pymatching,257481eb557e7e0ecffb4e0f4e20822bd2e5d6518a2fe0b3ef57a500433b719b,"{""d"":7,""p"":0.01,""r"":7}","{""obs_mistake_mask=E"":3}"
        16,         0,         0,   0.632,correlated_pymatching,3079044956dee6c354ae3d11810e8467af3b99868cae4962474c8b8dfe18f89d,"{""d"":7,""p"":0.004641588833612777,""r"":7}",
         8,         3,         0,   0.644,correlated_pymatching,08ac09468d89517740bdd225bb9dd931e19d1a565454c3d04e4951c68ffb9154,"{""d"":7,""p"":0.021544346900318822,""r"":7}","{""obs_mistake_mask=E"":3}"
      4096,         5,         0,   0.679,correlated_pymatching,45c3ae383f7e5c2f15aab19b05e0079a20725ede752c1da6358a7f59133373cc,"{""d"":5,""p"":0.001,""r"":5}","{""obs_mistake_mask=E"":5}"
         1,         0,         0,   0.317,correlated_pymatching,ba9ef6fd67b86a3622e5664707c8edb6d9b7da2e0b74dac0b87e1334a0339531,"{""d"":7,""p"":0.00046415888336127773,""r"":7}",
         1,         0,         0,   0.320,correlated_pymatching,4b15e9181b265f1bd4bb78e2597046c0bfb2f5ea7284d5a9b00c9dbde00cc6b8,"{""d"":7,""p"":0.001,""r"":7}",
         3,         2,         0,   0.628,correlated_pymatching,4a4533d1e2c2a7a8441e3be8ade4b8ec687ece8f03ae4ee5723ae4c71c4fd34d,"{""d"":7,""p"":0.1,""r"":7}","{""obs_mistake_mask=E"":2}"
         4,         3,         0,   0.640,correlated_pymatching,fce971c3cffc2aac5fd303b97b8c805cfce10d3dbf814aed49aafa6caf18a276,"{""d"":7,""p"":0.046415888336127774,""r"":7}","{""obs_mistake_mask=E"":3}"
         4,         3,         0,   0.644,correlated_pymatching,4a4533d1e2c2a7a8441e3be8ade4b8ec687ece8f03ae4ee5723ae4c71c4fd34d,"{""d"":7,""p"":0.1,""r"":7}","{""obs_mistake_mask=E"":3}"
      7168,         8,         0,    1.20,correlated_pymatching,45c3ae383f7e5c2f15aab19b05e0079a20725ede752c1da6358a7f59133373cc,"{""d"":5,""p"":0.001,""r"":5}","{""obs_mistake_mask=E"":8}"
         2,         0,         0,   0.310,correlated_pymatching,abb2991e452f7d5e7b812c86182d9727735adb857ac5144af87483f02b1f408f,"{""d"":7,""p"":0.0001,""r"":7}",
      9216,         0,         0,    1.16,correlated_pymatching,05299ae3d91a1d23b7a98b4fab9722bced6f7c0322d1c013b5613e9b1333028a,"{""d"":5,""p"":0.0001,""r"":5}",
         1,         0,         0,   0.313,correlated_pymatching,6eeeec76c514f4890a9bac6f82eadc4dacda18094a665d9455c865cfa0493683,"{""d"":7,""p"":0.00021544346900318845,""r"":7}",
      3072,        42,         0,   0.708,correlated_pymatching,60d7f2d0fb63fe77ced15ef5f4b50a4846dbd6449cd6e8947dc40955f7542911,"{""d"":5,""p"":0.002154434690031882,""r"":5}","{""obs_mistake_mask=E"":42}"
      8192,         0,         0,    1.16,correlated_pymatching,0d7504514bc847462fb7bf844e1f0e50276024ba162cbd4ed8a518b50493837c,"{""d"":5,""p"":0.00046415888336127773,""r"":5}",
      9216,         0,         0,    1.20,correlated_pymatching,4699c8641acdbcb09fa90e429f4a015dbbcbaf20a549f7b8fb0848cb634aaa32,"{""d"":5,""p"":0.00021544346900318845,""r"":5}",
      4096,         0,         0,   0.855,correlated_pymatching,05299ae3d91a1d23b7a98b4fab9722bced6f7c0322d1c013b5613e9b1333028a,"{""d"":5,""p"":0.0001,""r"":5}",
         1,         0,         0,   0.312,correlated_pymatching,4b15e9181b265f1bd4bb78e2597046c0bfb2f5ea7284d5a9b00c9dbde00cc6b8,"{""d"":7,""p"":0.001,""r"":7}",
         1,         0,         0,   0.324,correlated_pymatching,ba9ef6fd67b86a3622e5664707c8edb6d9b7da2e0b74dac0b87e1334a0339531,"{""d"":7,""p"":0.00046415888336127773,""r"":7}",
         2,         0,         0,   0.305,correlated_pymatching,abb2991e452f7d5e7b812c86182d9727735adb857ac5144af87483f02b1f408f,"{""d"":7,""p"":0.0001,""r"":7}",
      6144,         1,         0,   0.887,correlated_pymatching,0d7504514bc847462fb7bf844e1f0e50276024ba162cbd4ed8a518b50493837c,"{""d"":5,""p"":0.00046415888336127773,""r"":5}","{""obs_mistake_mask=E"":1}"
         1,         0,         0,   0.316,correlated_pymatching,6eeeec76c514f4890a9bac6f82eadc4dacda18094a665d9455c865cfa0493683,"{""d"":7,""p"":0.00021544346900318845,""r"":7}",
     55296,        19,         0,    1.55,correlated_pymatching,e807058b9d0070d0b93b9c7cbef3c37f123d36d965a4b23406bd12bc3208ec2f,"{""d"":3,""p"":0.00021544346900318845,""r"":3}","{""obs_mistake_mask=E"":19}"
      5120,        54,         0,    1.18,correlated_pymatching,60d7f2d0fb63fe77ced15ef5f4b50a4846dbd6449cd6e8947dc40955f7542911,"{""d"":5,""p"":0.002154434690031882,""r"":5}","{""obs_mistake_mask=E"":54}"
         1,         0,         0,   0.308,correlated_pymatching,ba9ef6fd67b86a3622e5664707c8edb6d9b7da2e0b74dac0b87e1334a0339531,"{""d"":7,""p"":0.00046415888336127773,""r"":7}",
         1,         0,         0,   0.316,correlated_pymatching,4b15e9181b265f1bd4bb78e2597046c0bfb2f5ea7284d5a9b00c9dbde00cc6b8,"{""d"":7,""p"":0.001,""r"":7}",
        80,         0,         0,   0.920,correlated_pymatching,4b15e9181b265f1bd4bb78e2597046c0bfb2f5ea7284d5a9b00c9dbde00cc6b8,"{""d"":7,""p"":0.001,""r"":7}",
     52224,        76,         0,    1.58,correlated_pymatching,d6d47ec6005a6c9356062fc36f463fff9d4cb23f867b6fa37d33c54c60b1e2b6,"{""d"":3,""p"":0.00046415888336127773,""r"":3}","{""obs_mistake_mask=E"":76}"
     47104,        77,         0,    1.40,correlated_pymatching,d6d47ec6005a6c9356062fc36f463fff9d4cb23f867b6fa37d33c54c60b1e2b6,"{""d"":3,""p"":0.00046415888336127773,""r"":3}","{""obs_mistake_mask=E"":77}"
      1024,         2,         0,   0.027,correlated_pymatching,d6d47ec6005a6c9356062fc36f463fff9d4cb23f867b6fa37d33c54c60b1e2b6,"{""d"":3,""p"":0.00046415888336127773,""r"":3}","{""obs_mistake_mask=E"":2}"
     35840,         4,         0,    1.58,correlated_pymatching,fdbcb28c19e2133d077b79d8f98d8d6e90ec7ccb978dbc5b456da0a65597c597,"{""d"":3,""p"":0.0001,""r"":3}","{""obs_mistake_mask=E"":4}"
       320,         0,         0,   0.920,correlated_pymatching,abb2991e452f7d5e7b812c86182d9727735adb857ac5144af87483f02b1f408f,"{""d"":7,""p"":0.0001,""r"":7}",
         2,         0,         0,   0.312,correlated_pymatching,abb2991e452f7d5e7b812c86182d9727735adb857ac5144af87483f02b1f408f,"{""d"":7,""p"":0.0001,""r"":7}",
         1,         0,         0,   0.308,correlated_pymatching,6eeeec76c514f4890a9bac6f82eadc4dacda18094a665d9455c865cfa0493683,"{""d"":7,""p"":0.00021544346900318845,""r"":7}",
        56,         0,         0,   0.899,correlated_pymatching,6eeeec76c514f4890a9bac6f82eadc4dacda18094a665d9455c865cfa0493683,"{""d"":7,""p"":0.00021544346900318845,""r"":7}",
      5120,         9,         0,   0.858,correlated_pymatching,45c3ae383f7e5c2f15aab19b05e0079a20725ede752c1da6358a7f59133373cc,"{""d"":5,""p"":0.001,""r"":5}","{""obs_mistake_mask=E"":9}"
     56320,        22,         0,    1.58,correlated_pymatching,e807058b9d0070d0b93b9c7cbef3c37f123d36d965a4b23406bd12bc3208ec2f,"{""d"":3,""p"":0.00021544346900318845,""r"":3}","{""obs_mistake_mask=E"":22}"
        12,         0,         0,   0.927,correlated_pymatching,ba9ef6fd67b86a3622e5664707c8edb6d9b7da2e0b74dac0b87e1334a0339531,"{""d"":7,""p"":0.00046415888336127773,""r"":7}",
        96,         0,         0,   0.939,correlated_pymatching,24ae19e9e12dc4a5d5ff6ab426f7093da02d6c545ad9dcaeb864b96970d76080,"{""d"":7,""p"":0.002154434690031882,""r"":7}",
        24,         1,         0,   0.924,correlated_pymatching,3079044956dee6c354ae3d11810e8467af3b99868cae4962474c8b8dfe18f89d,"{""d"":7,""p"":0.004641588833612777,""r"":7}","{""obs_mistake_mask=E"":1}"
        12,         8,         0,   0.945,correlated_pymatching,257481eb557e7e0ecffb4e0f4e20822bd2e5d6518a2fe0b3ef57a500433b719b,"{""d"":7,""p"":0.01,""r"":7}","{""obs_mistake_mask=E"":8}"
        12,         7,         0,   0.980,correlated_pymatching,fce971c3cffc2aac5fd303b97b8c805cfce10d3dbf814aed49aafa6caf18a276,"{""d"":7,""p"":0.046415888336127774,""r"":7}","{""obs_mistake_mask=E"":7}"
        12,         4,         0,   0.960,correlated_pymatching,08ac09468d89517740bdd225bb9dd931e19d1a565454c3d04e4951c68ffb9154,"{""d"":7,""p"":0.021544346900318822,""r"":7}","{""obs_mistake_mask=E"":4}"
         1,         0,         0,   0.316,correlated_pymatching,ba9ef6fd67b86a3622e5664707c8edb6d9b7da2e0b74dac0b87e1334a0339531,"{""d"":7,""p"":0.00046415888336127773,""r"":7}",
         1,         0,         0,   0.311,correlated_pymatching,4b15e9181b265f1bd4bb78e2597046c0bfb2f5ea7284d5a9b00c9dbde00cc6b8,"{""d"":7,""p"":0.001,""r"":7}",
         6,         2,         0,   0.940,correlated_pymatching,fce971c3cffc2aac5fd303b97b8c805cfce10d3dbf814aed49aafa6caf18a276,"{""d"":7,""p"":0.046415888336127774,""r"":7}","{""obs_mistake_mask=E"":2}"
         6,         3,         0,   0.956,correlated_pymatching,4a4533d1e2c2a7a8441e3be8ade4b8ec687ece8f03ae4ee5723ae4c71c4fd34d,"{""d"":7,""p"":0.1,""r"":7}","{""obs_mistake_mask=E"":3}"
         6,         5,         0,   0.942,correlated_pymatching,4a4533d1e2c2a7a8441e3be8ade4b8ec687ece8f03ae4ee5723ae4c71c4fd34d,"{""d"":7,""p"":0.1,""r"":7}","{""obs_mistake_mask=E"":5}"
     57344,         6,         0,    1.65,correlated_pymatching,fdbcb28c19e2133d077b79d8f98d8d6e90ec7ccb978dbc5b456da0a65597c597,"{""d"":3,""p"":0.0001,""r"":3}","{""obs_mistake_mask=E"":6}"
         2,         0,         0,   0.371,correlated_pymatching,abb2991e452f7d5e7b812c86182d9727735adb857ac5144af87483f02b1f408f,"{""d"":7,""p"":0.0001,""r"":7}",
      9216,         0,         0,    1.24,correlated_pymatching,4699c8641acdbcb09fa90e429f4a015dbbcbaf20a549f7b8fb0848cb634aaa32,"{""d"":5,""p"":0.00021544346900318845,""r"":5}",
         1,         0,         0,   0.372,correlated_pymatching,6eeeec76c514f4890a9bac6f82eadc4dacda18094a665d9455c865cfa0493683,"{""d"":7,""p"":0.00021544346900318845,""r"":7}",
      4096,        60,         0,   0.997,correlated_pymatching,60d7f2d0fb63fe77ced15ef5f4b50a4846dbd6449cd6e8947dc40955f7542911,"{""d"":5,""p"":0.002154434690031882,""r"":5}","{""obs_mistake_mask=E"":60}"
         1,         0,         0,   0.364,correlated_pymatching,ba9ef6fd67b86a3622e5664707c8edb6d9b7da2e0b74dac0b87e1334a0339531,"{""d"":7,""p"":0.00046415888336127773,""r"":7}",
         1,         0,         0,   0.376,correlated_pymatching,4b15e9181b265f1bd4bb78e2597046c0bfb2f5ea7284d5a9b00c9dbde00cc6b8,"{""d"":7,""p"":0.001,""r"":7}",
      3072,        38,         0,   0.775,correlated_pymatching,60d7f2d0fb63fe77ced15ef5f4b50a4846dbd6449cd6e8947dc40955f7542911,"{""d"":5,""p"":0.002154434690031882,""r"":5}","{""obs_mistake_mask=E"":38}"
         1,         0,         0,   0.315,correlated_pymatching,3079044956dee6c354ae3d11810e8467af3b99868cae4962474c8b8dfe18f89d,"{""d"":7,""p"":0.004641588833612777,""r"":7}",
      5120,         0,         0,    1.11,correlated_pymatching,05299ae3d91a1d23b7a98b4fab9722bced6f7c0322d1c013b5613e9b1333028a,"{""d"":5,""p"":0.0001,""r"":5}",
      1024,        11,         0,   0.241,correlated_pymatching,60d7f2d0fb63fe77ced15ef5f4b50a4846dbd6449cd6e8947dc40955f7542911,"{""d"":5,""p"":0.002154434690031882,""r"":5}","{""obs_mistake_mask=E"":11}"
         1,         0,         0,   0.365,correlated_pymatching,24ae19e9e12dc4a5d5ff6ab426f7093da02d6c545ad9dcaeb864b96970d76080,"{""d"":7,""p"":0.002154434690031882,""r"":7}",
         1,         0,         0,   0.307,correlated_pymatching,6eeeec76c514f4890a9bac6f82eadc4dacda18094a665d9455c865cfa0493683,"{""d"":7,""p"":0.00021544346900318845,""r"":7}",
         1,         0,         0,   0.304,correlated_pymatching,ba9ef6fd67b86a3622e5664707c8edb6d9b7da2e0b74dac0b87e1334a0339531,"{""d"":7,""p"":0.00046415888336127773,""r"":7}",
         1,         0,         0,   0.320,correlated_pymatching,4b15e9181b265f1bd4bb78e2597046c0bfb2f5ea7284d5a9b00c9dbde00cc6b8,"{""d"":7,""p"":0.001,""r"":7}",
      8192,         0,         0,    1.21,correlated_pymatching,0d7504514bc847462fb7bf844e1f0e50276024ba162cbd4ed8a518b50493837c,"{""d"":5,""p"":0.00046415888336127773,""r"":5}",
         6,         0,         0,   0.565,correlated_pymatching,abb2991e452f7d5e7b812c86182d9727735adb857ac5144af87483f02b1f408f,"{""d"":7,""p"":0.0001,""r"":7}",
         1,         0,         0,   0.309,correlated_pymatching,3079044956dee6c354ae3d11810e8467af3b99868cae4962474c8b8dfe18f89d,"{""d"":7,""p"":0.004641588833612777,""r"":7}",
     12288,         0,         0,    1.58,correlated_pymatching,05299ae3d91a1d23b7a98b4fab9722bced6f7c0322d1c013b5613e9b1333028a,"{""d"":5,""p"":0.0001,""r"":5}",
         1,         0,         0,   0.332,correlated_pymatching,24ae19e9e12dc4a5d5ff6ab426f7093da02d6c545ad9dcaeb864b96970d76080,"{""d"":7,""p"":0.002154434690031882,""r"":7}",
     11264,         0,         0,    1.56,correlated_pymatching,4699c8641acdbcb09fa90e429f4a015dbbcbaf20a549f7b8fb0848cb634aaa32,"{""d"":5,""p"":0.00021544346900318845,""r"":5}",
     10240,         3,         0,    1.60,correlated_pymatching,0d7504514bc847462fb7bf844e1f0e50276024ba162cbd4ed8a518b50493837c,"{""d"":5,""p"":0.00046415888336127773,""r"":5}","{""obs_mistake_mask=E"":3}"
     10240,        14,         0,    1.72,correlated_pymatching,45c3ae383f7e5c2f15aab19b05e0079a20725ede752c1da6358a7f59133373cc,"{""d"":5,""p"":0.001,""r"":5}","{""obs_mistake_mask=E"":14}"
         1,         0,         0,   0.308,correlated_pymatching,ba9ef6fd67b86a3622e5664707c8edb6d9b7da2e0b74dac0b87e1334a0339531,"{""d"":7,""p"":0.00046415888336127773,""r"":7}",
       128,         0,         0,    1.31,correlated_pymatching,4b15e9181b265f1bd4bb78e2597046c0bfb2f5ea7284d5a9b00c9dbde00cc6b8,"{""d"":7,""p"":0.001,""r"":7}",
         1,         0,         0,   0.304,correlated_pymatching,4b15e9181b265f1bd4bb78e2597046c0bfb2f5ea7284d5a9b00c9dbde00cc6b8,"{""d"":7,""p"":0.001,""r"":7}",
         1,         1,         0,   0.319,correlated_pymatching,3079044956dee6c354ae3d11810e8467af3b99868cae4962474c8b8dfe18f89d,"{""d"":7,""p"":0.004641588833612777,""r"":7}","{""obs_mistake_mask=E"":1}"
         1,         0,         0,   0.295,correlated_pymatching,24ae19e9e12dc4a5d5ff6ab426f7093da02d6c545ad9dcaeb864b96970d76080,"{""d"":7,""p"":0.002154434690031882,""r"":7}",
       256,         0,         0,    1.26,correlated_pymatching,6eeeec76c514f4890a9bac6f82eadc4dacda18094a665d9455c865cfa0493683,"{""d"":7,""p"":0.00021544346900318845,""r"":7}",
         2,         0,         0,   0.623,correlated_pymatching,6eeeec76c514f4890a9bac6f82eadc4dacda18094a665d9455c865cfa0493683,"{""d"":7,""p"":0.00021544346900318845,""r"":7}",
      7168,        10,         0,    1.25,correlated_pymatching,45c3ae383f7e5c2f15aab19b05e0079a20725ede752c1da6358a7f59133373cc,"{""d"":5,""p"":0.001,""r"":5}","{""obs_mistake_mask=E"":10}"
       512,         0,         0,    1.39,correlated_pymatching,abb2991e452f7d5e7b812c86182d9727735adb857ac5144af87483f02b1f408f,"{""d"":7,""p"":0.0001,""r"":7}",
        16,         0,         0,    1.27,correlated_pymatching,ba9ef6fd67b86a3622e5664707c8edb6d9b7da2e0b74dac0b87e1334a0339531,"{""d"":7,""p"":0.00046415888336127773,""r"":7}",
         1,         0,         0,   0.334,correlated_pymatching,257481eb557e7e0ecffb4e0f4e20822bd2e5d6518a2fe0b3ef57a500433b719b,"{""d"":7,""p"":0.01,""r"":7}",
         1,         1,         0,   0.340,correlated_pymatching,08ac09468d89517740bdd225bb9dd931e19d1a565454c3d04e4951c68ffb9154,"{""d"":7,""p"":0.021544346900318822,""r"":7}","{""obs_mistake_mask=E"":1}"
        16,         6,         0,    1.28,correlated_pymatching,257481eb557e7e0ecffb4e0f4e20822bd2e5d6518a2fe0b3ef57a500433b719b,"{""d"":7,""p"":0.01,""r"":7}","{""obs_mistake_mask=E"":6}"
       128,         0,         0,    1.34,correlated_pymatching,24ae19e9e12dc4a5d5ff6ab426f7093da02d6c545ad9dcaeb864b96970d76080,"{""d"":7,""p"":0.002154434690031882,""r"":7}",
         8,         2,         0,    1.26,correlated_pymatching,4a4533d1e2c2a7a8441e3be8ade4b8ec687ece8f03ae4ee5723ae4c71c4fd34d,"{""d"":7,""p"":0.1,""r"":7}","{""obs_mistake_mask=E"":2}"
        64,         2,         0,    1.35,correlated_pymatching,3079044956dee6c354ae3d11810e8467af3b99868cae4962474c8b8dfe18f89d,"{""d"":7,""p"":0.004641588833612777,""r"":7}","{""obs_mistake_mask=E"":2}"
        16,         8,         0,    1.32,correlated_pymatching,08ac09468d89517740bdd225bb9dd931e19d1a565454c3d04e4951c68ffb9154,"{""d"":7,""p"":0.021544346900318822,""r"":7}","{""obs_mistake_mask=E"":8}"
         8,         7,         0,    1.29,correlated_pymatching,4a4533d1e2c2a7a8441e3be8ade4b8ec687ece8f03ae4ee5723ae4c71c4fd34d,"{""d"":7,""p"":0.1,""r"":7}","{""obs_mistake_mask=E"":7}"
         8,         2,         0,    1.31,correlated_pymatching,fce971c3cffc2aac5fd303b97b8c805cfce10d3dbf814aed49aafa6caf18a276,"{""d"":7,""p"":0.046415888336127774,""r"":7}","{""obs_mistake_mask=E"":2}"
        16,         9,         0,    1.39,correlated_pymatching,fce971c3cffc2aac5fd303b97b8c805cfce10d3dbf814aed49aafa6caf18a276,"{""d"":7,""p"":0.046415888336127774,""r"":7}","{""obs_mistake_mask=E"":9}"
         8,         0,         0,   0.620,correlated_pymatching,abb2991e452f7d5e7b812c86182d9727735adb857ac5144af87483f02b1f408f,"{""d"":7,""p"":0.0001,""r"":7}",
         1,         0,         0,   0.310,correlated_pymatching,3079044956dee6c354ae3d11810e8467af3b99868cae4962474c8b8dfe18f89d,"{""d"":7,""p"":0.004641588833612777,""r"":7}",
         2,         0,         0,   0.332,correlated_pymatching,24ae19e9e12dc4a5d5ff6ab426f7093da02d6c545ad9dcaeb864b96970d76080,"{""d"":7,""p"":0.002154434690031882,""r"":7}",
         1,         0,         0,   0.316,correlated_pymatching,257481eb557e7e0ecffb4e0f4e20822bd2e5d6518a2fe0b3ef57a500433b719b,"{""d"":7,""p"":0.01,""r"":7}",
         1,         0,         0,   0.320,correlated_pymatching,08ac09468d89517740bdd225bb9dd931e19d1a565454c3d04e4951c68ffb9154,"{""d"":7,""p"":0.021544346900318822,""r"":7}",
         2,         0,         0,   0.624,correlated_pymatching,ba9ef6fd67b86a3622e5664707c8edb6d9b7da2e0b74dac0b87e1334a0339531,"{""d"":7,""p"":0.00046415888336127773,""r"":7}",
         2,         0,         0,   0.640,correlated_pymatching,4b15e9181b265f1bd4bb78e2597046c0bfb2f5ea7284d5a9b00c9dbde00cc6b8,"{""d"":7,""p"":0.001,""r"":7}",
         1,         0,         0,   0.313,correlated_pymatching,3079044956dee6c354ae3d11810e8467af3b99868cae4962474c8b8dfe18f89d,"{""d"":7,""p"":0.004641588833612777,""r"":7}",
         2,         0,         0,   0.310,correlated_pymatching,24ae19e9e12dc4a5d5ff6ab426f7093da02d6c545ad9dcaeb864b96970d76080,"{""d"":7,""p"":0.002154434690031882,""r"":7}",
         2,         0,         0,   0.636,correlated_pymatching,6eeeec76c514f4890a9bac6f82eadc4dacda18094a665d9455c865cfa0493683,"{""d"":7,""p"":0.00021544346900318845,""r"":7}",
     12288,         0,         0,    1.58,correlated_pymatching,4699c8641acdbcb09fa90e429f4a015dbbcbaf20a549f7b8fb0848cb634aaa32,"{""d"":5,""p"":0.00021544346900318845,""r"":5}",
     74752,        29,         0,    2.19,correlated_pymatching,e807058b9d0070d0b93b9c7cbef3c37f123d36d965a4b23406bd12bc3208ec2f,"{""d"":3,""p"":0.00021544346900318845,""r"":3}","{""obs_mistake_mask=E"":29}"
         1,         0,         0,   0.288,correlated_pymatching,257481eb557e7e0ecffb4e0f4e20822bd2e5d6518a2fe0b3ef57a500433b719b,"{""d"":7,""p"":0.01,""r"":7}",
         1,         1,         0,   0.304,correlated_pymatching,08ac09468d89517740bdd225bb9dd931e19d1a565454c3d04e4951c68ffb9154,"{""d"":7,""p"":0.021544346900318822,""r"":7}","{""obs_mistake_mask=E"":1}"
     47104,         6,         0,    2.20,correlated_pymatching,fdbcb28c19e2133d077b79d8f98d8d6e90ec7ccb978dbc5b456da0a65597c597,"{""d"":3,""p"":0.0001,""r"":3}","{""obs_mistake_mask=E"":6}"
        12,         0,         0,   0.615,correlated_pymatching,abb2991e452f7d5e7b812c86182d9727735adb857ac5144af87483f02b1f408f,"{""d"":7,""p"":0.0001,""r"":7}",
         1,         0,         0,   0.310,correlated_pymatching,3079044956dee6c354ae3d11810e8467af3b99868cae4962474c8b8dfe18f89d,"{""d"":7,""p"":0.004641588833612777,""r"":7}",
         2,         0,         0,   0.317,correlated_pymatching,24ae19e9e12dc4a5d5ff6ab426f7093da02d6c545ad9dcaeb864b96970d76080,"{""d"":7,""p"":0.002154434690031882,""r"":7}",
     73728,        26,         0,    2.20,correlated_pymatching,e807058b9d0070d0b93b9c7cbef3c37f123d36d965a4b23406bd12bc3208ec2f,"{""d"":3,""p"":0.00021544346900318845,""r"":3}","{""obs_mistake_mask=E"":26}"
         2,         0,         0,   0.316,correlated_pymatching,257481eb557e7e0ecffb4e0f4e20822bd2e5d6518a2fe0b3ef57a500433b719b,"{""d"":7,""p"":0.01,""r"":7}",
      8192,         0,         0,    1.69,correlated_pymatching,05299ae3d91a1d23b7a98b4fab9722bced6f7c0322d1c013b5613e9b1333028a,"{""d"":5,""p"":0.0001,""r"":5}",
         1,         0,         0,   0.323,correlated_pymatching,08ac09468d89517740bdd225bb9dd931e19d1a565454c3d04e4951c68ffb9154,"{""d"":7,""p"":0.021544346900318822,""r"":7}",
         2,         0,         0,   0.616,correlated_pymatching,ba9ef6fd67b86a3622e5664707c8edb6d9b7da2e0b74dac0b87e1334a0339531,"{""d"":7,""p"":0.00046415888336127773,""r"":7}",
         2,         0,         0,   0.624,correlated_pymatching,4b15e9181b265f1bd4bb78e2597046c0bfb2f5ea7284d5a9b00c9dbde00cc6b8,"{""d"":7,""p"":0.001,""r"":7}",
         1,         0,         0,   0.297,correlated_pymatching,3079044956dee6c354ae3d11810e8467af3b99868cae4962474c8b8dfe18f89d,"{""d"":7,""p"":0.004641588833612777,""r"":7}",
     76800,         7,         0,    2.17,correlated_pymatching,fdbcb28c19e2133d077b79d8f98d8d6e90ec7ccb978dbc5b456da0a65597c597,"{""d"":3,""p"":0.0001,""r"":3}","{""obs_mistake_mask=E"":7}"
     11264,         1,         0,    1.64,correlated_pymatching,0d7504514bc847462fb7bf844e1f0e50276024ba162cbd4ed8a518b50493837c,"{""d"":5,""p"":0.00046415888336127773,""r"":5}","{""obs_mistake_mask=E"":1}"
         2,         0,         0,   0.306,correlated_pymatching,24ae19e9e12dc4a5d5ff6ab426f7093da02d6c545ad9dcaeb864b96970d76080,"{""d"":7,""p"":0.002154434690031882,""r"":7}",
         2,         1,         0,   0.320,correlated_pymatching,257481eb557e7e0ecffb4e0f4e20822bd2e5d6518a2fe0b3ef57a500433b719b,"{""d"":7,""p"":0.01,""r"":7}","{""obs_mistake_mask=E"":1}"
         1,         0,         0,   0.312,correlated_pymatching,08ac09468d89517740bdd225bb9dd931e19d1a565454c3d04e4951c68ffb9154,"{""d"":7,""p"":0.021544346900318822,""r"":7}",
         2,         0,         0,   0.328,correlated_pymatching,3079044956dee6c354ae3d11810e8467af3b99868cae4962474c8b8dfe18f89d,"{""d"":7,""p"":0.004641588833612777,""r"":7}",
         2,         0,         0,   0.317,correlated_pymatching,24ae19e9e12dc4a5d5ff6ab426f7093da02d6c545ad9dcaeb864b96970d76080,"{""d"":7,""p"":0.002154434690031882,""r"":7}",
         3,         0,         0,   0.928,correlated_pymatching,6eeeec76c514f4890a9bac6f82eadc4dacda18094a665d9455c865cfa0493683,"{""d"":7,""p"":0.00021544346900318845,""r"":7}",
         2,         0,         0,   0.320,correlated_pymatching,257481eb557e7e0ecffb4e0f4e20822bd2e5d6518a2fe0b3ef57a500433b719b,"{""d"":7,""p"":0.01,""r"":7}",
         1,         0,         0,   0.316,correlated_pymatching,08ac09468d89517740bdd225bb9dd931e19d1a565454c3d04e4951c68ffb9154,"{""d"":7,""p"":0.021544346900318822,""r"":7}",
       160,         0,         0,    1.57,correlated_pymatching,24ae19e9e12dc4a5d5ff6ab426f7093da02d6c545ad9dcaeb864b96970d76080,"{""d"":7,""p"":0.002154434690031882,""r"":7}",
       192,         0,         0,    1.85,correlated_pymatching,4b15e9181b265f1bd4bb78e2597046c0bfb2f5ea7284d5a9b00c9dbde00cc6b8,"{""d"":7,""p"":0.001,""r"":7}",
     10240,         8,         0,    1.70,correlated_pymatching,45c3ae383f7e5c2f15aab19b05e0079a20725ede752c1da6358a7f59133373cc,"{""d"":5,""p"":0.001,""r"":5}","{""obs_mistake_mask=E"":8}"
        10,         5,         0,    1.58,correlated_pymatching,4a4533d1e2c2a7a8441e3be8ade4b8ec687ece8f03ae4ee5723ae4c71c4fd34d,"{""d"":7,""p"":0.1,""r"":7}","{""obs_mistake_mask=E"":5}"
        80,         6,         0,    1.59,correlated_pymatching,3079044956dee6c354ae3d11810e8467af3b99868cae4962474c8b8dfe18f89d,"{""d"":7,""p"":0.004641588833612777,""r"":7}","{""obs_mistake_mask=E"":6}"
        10,         3,         0,    1.57,correlated_pymatching,fce971c3cffc2aac5fd303b97b8c805cfce10d3dbf814aed49aafa6caf18a276,"{""d"":7,""p"":0.046415888336127774,""r"":7}","{""obs_mistake_mask=E"":3}"
        10,         5,         0,    1.58,correlated_pymatching,4a4533d1e2c2a7a8441e3be8ade4b8ec687ece8f03ae4ee5723ae4c71c4fd34d,"{""d"":7,""p"":0.1,""r"":7}","{""obs_mistake_mask=E"":5}"
        20,        11,         0,    1.60,correlated_pymatching,08ac09468d89517740bdd225bb9dd931e19d1a565454c3d04e4951c68ffb9154,"{""d"":7,""p"":0.021544346900318822,""r"":7}","{""obs_mistake_mask=E"":11}"
        24,         0,         0,   0.936,correlated_pymatching,abb2991e452f7d5e7b812c86182d9727735adb857ac5144af87483f02b1f408f,"{""d"":7,""p"":0.0001,""r"":7}",
         2,         0,         0,   0.308,correlated_pymatching,3079044956dee6c354ae3d11810e8467af3b99868cae4962474c8b8dfe18f89d,"{""d"":7,""p"":0.004641588833612777,""r"":7}",
        20,         9,         0,    1.64,correlated_pymatching,fce971c3cffc2aac5fd303b97b8c805cfce10d3dbf814aed49aafa6caf18a276,"{""d"":7,""p"":0.046415888336127774,""r"":7}","{""obs_mistake_mask=E"":9}"
        24,         0,         0,    1.83,correlated_pymatching,ba9ef6fd67b86a3622e5664707c8edb6d9b7da2e0b74dac0b87e1334a0339531,"{""d"":7,""p"":0.00046415888336127773,""r"":7}",
      1024,         0,         0,    1.88,correlated_pymatching,6eeeec76c514f4890a9bac6f82eadc4dacda18094a665d9455c865cfa0493683,"{""d"":7,""p"":0.00021544346900318845,""r"":7}",
         2,         0,         0,   0.320,correlated_pymatching,24ae19e9e12dc4a5d5ff6ab426f7093da02d6c545ad9dcaeb864b96970d76080,"{""d"":7,""p"":0.002154434690031882,""r"":7}",
      2048,         0,         0,    1.86,correlated_pymatching,abb2991e452f7d5e7b812c86182d9727735adb857ac5144af87483f02b1f408f,"{""d"":7,""p"":0.0001,""r"":7}",
         2,         2,         0,   0.288,correlated_pymatching,257481eb557e7e0ecffb4e0f4e20822bd2e5d6518a2fe0b3ef57a500433b719b,"{""d"":7,""p"":0.01,""r"":7}","{""obs_mistake_mask=E"":2}"
     18432,         0,         0,    2.26,correlated_pymatching,05299ae3d91a1d23b7a98b4fab9722bced6f7c0322d1c013b5613e9b1333028a,"{""d"":5,""p"":0.0001,""r"":5}",
         1,         0,         0,   0.316,correlated_pymatching,08ac09468d89517740bdd225bb9dd931e19d1a565454c3d04e4951c68ffb9154,"{""d"":7,""p"":0.021544346900318822,""r"":7}",
        24,        12,         0,    1.86,correlated_pymatching,257481eb557e7e0ecffb4e0f4e20822bd2e5d6518a2fe0b3ef57a500433b719b,"{""d"":7,""p"":0.01,""r"":7}","{""obs_mistake_mask=E"":12}"
     17408,         0,         0,    2.30,correlated_pymatching,4699c8641acdbcb09fa90e429f4a015dbbcbaf20a549f7b8fb0848cb634aaa32,"{""d"":5,""p"":0.00021544346900318845,""r"":5}",
         3,         0,         0,   0.931,correlated_pymatching,ba9ef6fd67b86a3622e5664707c8edb6d9b7da2e0b74dac0b87e1334a0339531,"{""d"":7,""p"":0.00046415888336127773,""r"":7}",
     13312,        16,         0,    2.23,correlated_pymatching,45c3ae383f7e5c2f15aab19b05e0079a20725ede752c1da6358a7f59133373cc,"{""d"":5,""p"":0.001,""r"":5}","{""obs_mistake_mask=E"":16}"
     16384,         2,         0,    2.29,correlated_pymatching,0d7504514bc847462fb7bf844e1f0e50276024ba162cbd4ed8a518b50493837c,"{""d"":5,""p"":0.00046415888336127773,""r"":5}","{""obs_mistake_mask=E"":2}"
         3,         0,         0,   0.948,correlated_pymatching,4b15e9181b265f1bd4bb78e2597046c0bfb2f5ea7284d5a9b00c9dbde00cc6b8,"{""d"":7,""p"":0.001,""r"":7}",
         2,         0,         0,   0.327,correlated_pymatching,3079044956dee6c354ae3d11810e8467af3b99868cae4962474c8b8dfe18f89d,"{""d"":7,""p"":0.004641588833612777,""r"":7}",
         2,         0,         0,   0.316,correlated_pymatching,24ae19e9e12dc4a5d5ff6ab426f7093da02d6c545ad9dcaeb864b96970d76080,"{""d"":7,""p"":0.002154434690031882,""r"":7}",
         4,         3,         0,   0.322,correlated_pymatching,257481eb557e7e0ecffb4e0f4e20822bd2e5d6518a2fe0b3ef57a500433b719b,"{""d"":7,""p"":0.01,""r"":7}","{""obs_mistake_mask=E"":3}"
         1,         1,         0,   0.312,correlated_pymatching,08ac09468d89517740bdd225bb9dd931e19d1a565454c3d04e4951c68ffb9154,"{""d"":7,""p"":0.021544346900318822,""r"":7}","{""obs_mistake_mask=E"":1}"
         2,         0,         0,   0.305,correlated_pymatching,3079044956dee6c354ae3d11810e8467af3b99868cae4962474c8b8dfe18f89d,"{""d"":7,""p"":0.004641588833612777,""r"":7}",
         2,         0,         0,   0.309,correlated_pymatching,24ae19e9e12dc4a5d5ff6ab426f7093da02d6c545ad9dcaeb864b96970d76080,"{""d"":7,""p"":0.002154434690031882,""r"":7}",
         4,         2,         0,   0.313,correlated_pymatching,257481eb557e7e0ecffb4e0f4e20822bd2e5d6518a2fe0b3ef57a500433b719b,"{""d"":7,""p"":0.01,""r"":7}","{""obs_mistake_mask=E"":2}"
         1,         1,         0,   0.316,correlated_pymatching,08ac09468d89517740bdd225bb9dd931e19d1a565454c3d04e4951c68ffb9154,"{""d"":7,""p"":0.021544346900318822,""r"":7}","{""obs_mistake_mask=E"":1}"
        18,         0,         0,    1.24,correlated_pymatching,6eeeec76c514f4890a9bac6f82eadc4dacda18094a665d9455c865cfa0493683,"{""d"":7,""p"":0.00021544346900318845,""r"":7}",
         4,         3,         0,   0.332,correlated_pymatching,257481eb557e7e0ecffb4e0f4e20822bd2e5d6518a2fe0b3ef57a500433b719b,"{""d"":7,""p"":0.01,""r"":7}","{""obs_mistake_mask=E"":3}"
         1,         0,         0,   0.328,correlated_pymatching,08ac09468d89517740bdd225bb9dd931e19d1a565454c3d04e4951c68ffb9154,"{""d"":7,""p"":0.021544346900318822,""r"":7}",
     17408,         1,         0,    2.31,correlated_pymatching,4699c8641acdbcb09fa90e429f4a015dbbcbaf20a549f7b8fb0848cb634aaa32,"{""d"":5,""p"":0.00021544346900318845,""r"":5}","{""obs_mistake_mask=E"":1}"
        32,         0,         0,    1.23,correlated_pymatching,abb2991e452f7d5e7b812c86182d9727735adb857ac5144af87483f02b1f408f,"{""d"":7,""p"":0.0001,""r"":7}",
         4,         1,         0,   0.616,correlated_pymatching,3079044956dee6c354ae3d11810e8467af3b99868cae4962474c8b8dfe18f89d,"{""d"":7,""p"":0.004641588833612777,""r"":7}","{""obs_mistake_mask=E"":1}"
         4,         0,         0,   0.623,correlated_pymatching,24ae19e9e12dc4a5d5ff6ab426f7093da02d6c545ad9dcaeb864b96970d76080,"{""d"":7,""p"":0.002154434690031882,""r"":7}",
         4,         1,         0,   0.328,correlated_pymatching,257481eb557e7e0ecffb4e0f4e20822bd2e5d6518a2fe0b3ef57a500433b719b,"{""d"":7,""p"":0.01,""r"":7}","{""obs_mistake_mask=E"":1}"
         1,         0,         0,   0.311,correlated_pymatching,08ac09468d89517740bdd225bb9dd931e19d1a565454c3d04e4951c68ffb9154,"{""d"":7,""p"":0.021544346900318822,""r"":7}",
         7,         0,         0,    1.24,correlated_pymatching,ba9ef6fd67b86a3622e5664707c8edb6d9b7da2e0b74dac0b87e1334a0339531,"{""d"":7,""p"":0.00046415888336127773,""r"":7}",
         4,         0,         0,    1.24,correlated_pymatching,4b15e9181b265f1bd4bb78e2597046c0bfb2f5ea7284d5a9b00c9dbde00cc6b8,"{""d"":7,""p"":0.001,""r"":7}",
     11264,         0,         0,    2.35,correlated_pymatching,05299ae3d91a1d23b7a98b4fab9722bced6f7c0322d1c013b5613e9b1333028a,"{""d"":5,""p"":0.0001,""r"":5}",
     16384,         3,         0,    2.20,correlated_pymatching,0d7504514bc847462fb7bf844e1f0e50276024ba162cbd4ed8a518b50493837c,"{""d"":5,""p"":0.00046415888336127773,""r"":5}","{""obs_mistake_mask=E"":3}"
         4,         1,         0,   0.632,correlated_pymatching,3079044956dee6c354ae3d11810e8467af3b99868cae4962474c8b8dfe18f89d,"{""d"":7,""p"":0.004641588833612777,""r"":7}","{""obs_mistake_mask=E"":1}"
    109568,        43,         0,    3.06,correlated_pymatching,e807058b9d0070d0b93b9c7cbef3c37f123d36d965a4b23406bd12bc3208ec2f,"{""d"":3,""p"":0.00021544346900318845,""r"":3}","{""obs_mistake_mask=E"":43}"
         4,         0,         0,   0.635,correlated_pymatching,24ae19e9e12dc4a5d5ff6ab426f7093da02d6c545ad9dcaeb864b96970d76080,"{""d"":7,""p"":0.002154434690031882,""r"":7}",
         8,         4,         0,   0.636,correlated_pymatching,257481eb557e7e0ecffb4e0f4e20822bd2e5d6518a2fe0b3ef57a500433b719b,"{""d"":7,""p"":0.01,""r"":7}","{""obs_mistake_mask=E"":4}"
         2,         1,         0,   0.652,correlated_pymatching,08ac09468d89517740bdd225bb9dd931e19d1a565454c3d04e4951c68ffb9154,"{""d"":7,""p"":0.021544346900318822,""r"":7}","{""obs_mistake_mask=E"":1}"
     68608,         4,         0,    3.06,correlated_pymatching,fdbcb28c19e2133d077b79d8f98d8d6e90ec7ccb978dbc5b456da0a65597c597,"{""d"":3,""p"":0.0001,""r"":3}","{""obs_mistake_mask=E"":4}"
       736,         4,         0,    2.23,correlated_pymatching,24ae19e9e12dc4a5d5ff6ab426f7093da02d6c545ad9dcaeb864b96970d76080,"{""d"":7,""p"":0.002154434690031882,""r"":7}","{""obs_mistake_mask=E"":4}"
     13312,        20,         0,    2.21,correlated_pymatching,45c3ae383f7e5c2f15aab19b05e0079a20725ede752c1da6358a7f59133373cc,"{""d"":5,""p"":0.001,""r"":5}","{""obs_mistake_mask=E"":20}"
        14,         4,         0,    2.20,correlated_pymatching,fce971c3cffc2aac5fd303b97b8c805cfce10d3dbf814aed49aafa6caf18a276,"{""d"":7,""p"":0.046415888336127774,""r"":7}","{""obs_mistake_mask=E"":4}"
       112,         7,         0,    2.22,correlated_pymatching,3079044956dee6c354ae3d11810e8467af3b99868cae4962474c8b8dfe18f89d,"{""d"":7,""p"":0.004641588833612777,""r"":7}","{""obs_mistake_mask=E"":7}"
        28,        14,         0,    2.22,correlated_pymatching,08ac09468d89517740bdd225bb9dd931e19d1a565454c3d04e4951c68ffb9154,"{""d"":7,""p"":0.021544346900318822,""r"":7}","{""obs_mistake_mask=E"":14}"
        24,        16,         0,    2.25,correlated_pymatching,4a4533d1e2c2a7a8441e3be8ade4b8ec687ece8f03ae4ee5723ae4c71c4fd34d,"{""d"":7,""p"":0.1,""r"":7}","{""obs_mistake_mask=E"":16}"
    107520,        38,         0,    3.04,correlated_pymatching,e807058b9d0070d0b93b9c7cbef3c37f123d36d965a4b23406bd12bc3208ec2f,"{""d"":3,""p"":0.00021544346900318845,""r"":3}","{""obs_mistake_mask=E"":38}"
        24,        10,         0,    2.28,correlated_pymatching,4a4533d1e2c2a7a8441e3be8ade4b8ec687ece8f03ae4ee5723ae4c71c4fd34d,"{""d"":7,""p"":0.1,""r"":7}","{""obs_mistake_mask=E"":10}"
      1792,         0,         0,    2.20,correlated_pymatching,6eeeec76c514f4890a9bac6f82eadc4dacda18094a665d9455c865cfa0493683,"{""d"":7,""p"":0.00021544346900318845,""r"":7}",
       256,         0,         0,    2.38,correlated_pymatching,4b15e9181b265f1bd4bb78e2597046c0bfb2f5ea7284d5a9b00c9dbde00cc6b8,"{""d"":7,""p"":0.001,""r"":7}",
      3584,         0,         0,    2.23,correlated_pymatching,abb2991e452f7d5e7b812c86182d9727735adb857ac5144af87483f02b1f408f,"{""d"":7,""p"":0.0001,""r"":7}",
        28,        15,         0,    2.26,correlated_pymatching,fce971c3cffc2aac5fd303b97b8c805cfce10d3dbf814aed49aafa6caf18a276,"{""d"":7,""p"":0.046415888336127774,""r"":7}","{""obs_mistake_mask=E"":15}"
        52,        28,         0,    2.24,correlated_pymatching,257481eb557e7e0ecffb4e0f4e20822bd2e5d6518a2fe0b3ef57a500433b719b,"{""d"":7,""p"":0.01,""r"":7}","{""obs_mistake_mask=E"":28}"
    111616,         7,         0,    3.05,correlated_pymatching,fdbcb28c19e2133d077b79d8f98d8d6e90ec7ccb978dbc5b456da0a65597c597,"{""d"":3,""p"":0.0001,""r"":3}","{""obs_mistake_mask=E"":7}"
        88,         0,         0,    2.48,correlated_pymatching,ba9ef6fd67b86a3622e5664707c8edb6d9b7da2e0b74dac0b87e1334a0339531,"{""d"":7,""p"":0.00046415888336127773,""r"":7}",
        56,         0,         0,    1.57,correlated_pymatching,6eeeec76c514f4890a9bac6f82eadc4dacda18094a665d9455c865cfa0493683,"{""d"":7,""p"":0.00021544346900318845,""r"":7}",
         8,         4,         0,   0.648,correlated_pymatching,257481eb557e7e0ecffb4e0f4e20822bd2e5d6518a2fe0b3ef57a500433b719b,"{""d"":7,""p"":0.01,""r"":7}","{""obs_mistake_mask=E"":4}"
         2,         1,         0,   0.623,correlated_pymatching,08ac09468d89517740bdd225bb9dd931e19d1a565454c3d04e4951c68ffb9154,"{""d"":7,""p"":0.021544346900318822,""r"":7}","{""obs_mistake_mask=E"":1}"
        72,         0,         0,    1.56,correlated_pymatching,abb2991e452f7d5e7b812c86182d9727735adb857ac5144af87483f02b1f408f,"{""d"":7,""p"":0.0001,""r"":7}",
         6,         2,         0,   0.931,correlated_pymatching,3079044956dee6c354ae3d11810e8467af3b99868cae4962474c8b8dfe18f89d,"{""d"":7,""p"":0.004641588833612777,""r"":7}","{""obs_mistake_mask=E"":2}"
         6,         0,         0,   0.922,correlated_pymatching,24ae19e9e12dc4a5d5ff6ab426f7093da02d6c545ad9dcaeb864b96970d76080,"{""d"":7,""p"":0.002154434690031882,""r"":7}",
         7,         0,         0,    1.57,correlated_pymatching,4b15e9181b265f1bd4bb78e2597046c0bfb2f5ea7284d5a9b00c9dbde00cc6b8,"{""d"":7,""p"":0.001,""r"":7}",
     27648,         0,         0,    3.08,correlated_pymatching,05299ae3d91a1d23b7a98b4fab9722bced6f7c0322d1c013b5613e9b1333028a,"{""d"":5,""p"":0.0001,""r"":5}",
        26,         0,         0,    1.81,correlated_pymatching,ba9ef6fd67b86a3622e5664707c8edb6d9b7da2e0b74dac0b87e1334a0339531,"{""d"":7,""p"":0.00046415888336127773,""r"":7}",
     18432,        26,         0,    3.06,correlated_pymatching,45c3ae383f7e5c2f15aab19b05e0079a20725ede752c1da6358a7f59133373cc,"{""d"":5,""p"":0.001,""r"":5}","{""obs_mistake_mask=E"":26}"
     25600,         1,         0,    3.16,correlated_pymatching,4699c8641acdbcb09fa90e429f4a015dbbcbaf20a549f7b8fb0848cb634aaa32,"{""d"":5,""p"":0.00021544346900318845,""r"":5}","{""obs_mistake_mask=E"":1}"
     22528,         4,         0,    3.14,correlated_pymatching,0d7504514bc847462fb7bf844e1f0e50276024ba162cbd4ed8a518b50493837c,"{""d"":5,""p"":0.00046415888336127773,""r"":5}","{""obs_mistake_mask=E"":4}"
        12,         4,         0,   0.949,correlated_pymatching,257481eb557e7e0ecffb4e0f4e20822bd2e5d6518a2fe0b3ef57a500433b719b,"{""d"":7,""p"":0.01,""r"":7}","{""obs_mistake_mask=E"":4}"
         3,         2,         0,   0.952,correlated_pymatching,08ac09468d89517740bdd225bb9dd931e19d1a565454c3d04e4951c68ffb9154,"{""d"":7,""p"":0.021544346900318822,""r"":7}","{""obs_mistake_mask=E"":2}"
        16,         1,         0,    1.26,correlated_pymatching,3079044956dee6c354ae3d11810e8467af3b99868cae4962474c8b8dfe18f89d,"{""d"":7,""p"":0.004641588833612777,""r"":7}","{""obs_mistake_mask=E"":1}"
         8,         0,         0,    1.26,correlated_pymatching,24ae19e9e12dc4a5d5ff6ab426f7093da02d6c545ad9dcaeb864b96970d76080,"{""d"":7,""p"":0.002154434690031882,""r"":7}",
     25600,         1,         0,    3.06,correlated_pymatching,4699c8641acdbcb09fa90e429f4a015dbbcbaf20a549f7b8fb0848cb634aaa32,"{""d"":5,""p"":0.00021544346900318845,""r"":5}","{""obs_mistake_mask=E"":1}"
     15360,         0,         0,    3.28,correlated_pymatching,05299ae3d91a1d23b7a98b4fab9722bced6f7c0322d1c013b5613e9b1333028a,"{""d"":5,""p"":0.0001,""r"":5}",
       112,         0,         0,    2.28,correlated_pymatching,6eeeec76c514f4890a9bac6f82eadc4dacda18094a665d9455c865cfa0493683,"{""d"":7,""p"":0.00021544346900318845,""r"":7}",
     23552,         4,         0,    3.23,correlated_pymatching,0d7504514bc847462fb7bf844e1f0e50276024ba162cbd4ed8a518b50493837c,"{""d"":5,""p"":0.00046415888336127773,""r"":5}","{""obs_mistake_mask=E"":4}"
         4,         4,         0,    1.33,correlated_pymatching,08ac09468d89517740bdd225bb9dd931e19d1a565454c3d04e4951c68ffb9154,"{""d"":7,""p"":0.021544346900318822,""r"":7}","{""obs_mistake_mask=E"":4}"
        16,         6,         0,    1.35,correlated_pymatching,257481eb557e7e0ecffb4e0f4e20822bd2e5d6518a2fe0b3ef57a500433b719b,"{""d"":7,""p"":0.01,""r"":7}","{""obs_mistake_mask=E"":6}"
       128,         0,         0,    2.49,correlated_pymatching,abb2991e452f7d5e7b812c86182d9727735adb857ac5144af87483f02b1f408f,"{""d"":7,""p"":0.0001,""r"":7}",
     18432,        22,         0,    3.17,correlated_pymatching,45c3ae383f7e5c2f15aab19b05e0079a20725ede752c1da6358a7f59133373cc,"{""d"":5,""p"":0.001,""r"":5}","{""obs_mistake_mask=E"":22}"
        14,         0,         0,    2.32,correlated_pymatching,4b15e9181b265f1bd4bb78e2597046c0bfb2f5ea7284d5a9b00c9dbde00cc6b8,"{""d"":7,""p"":0.001,""r"":7}",
        36,        13,         0,    3.08,correlated_pymatching,fce971c3cffc2aac5fd303b97b8c805cfce10d3dbf814aed49aafa6caf18a276,"{""d"":7,""p"":0.046415888336127774,""r"":7}","{""obs_mistake_mask=E"":13}"
      1152,         3,         0,    3.30,correlated_pymatching,24ae19e9e12dc4a5d5ff6ab426f7093da02d6c545ad9dcaeb864b96970d76080,"{""d"":7,""p"":0.002154434690031882,""r"":7}","{""obs_mistake_mask=E"":3}"
        34,        17,         0,    3.26,correlated_pymatching,fce971c3cffc2aac5fd303b97b8c805cfce10d3dbf814aed49aafa6caf18a276,"{""d"":7,""p"":0.046415888336127774,""r"":7}","{""obs_mistake_mask=E"":17}"
        44,        18,         0,    3.27,correlated_pymatching,08ac09468d89517740bdd225bb9dd931e19d1a565454c3d04e4951c68ffb9154,"{""d"":7,""p"":0.021544346900318822,""r"":7}","{""obs_mistake_mask=E"":18}"
      1216,         0,         0,    3.17,correlated_pymatching,4b15e9181b265f1bd4bb78e2597046c0bfb2f5ea7284d5a9b00c9dbde00cc6b8,"{""d"":7,""p"":0.001,""r"":7}",
        68,        34,         0,    3.26,correlated_pymatching,4a4533d1e2c2a7a8441e3be8ade4b8ec687ece8f03ae4ee5723ae4c71c4fd34d,"{""d"":7,""p"":0.1,""r"":7}","{""obs_mistake_mask=E"":34}"
        56,         0,         0,    2.25,correlated_pymatching,ba9ef6fd67b86a3622e5664707c8edb6d9b7da2e0b74dac0b87e1334a0339531,"{""d"":7,""p"":0.00046415888336127773,""r"":7}",
      5120,         0,         0,    3.24,correlated_pymatching,abb2991e452f7d5e7b812c86182d9727735adb857ac5144af87483f02b1f408f,"{""d"":7,""p"":0.0001,""r"":7}",
       288,        38,         0,    3.39,correlated_pymatching,3079044956dee6c354ae3d11810e8467af3b99868cae4962474c8b8dfe18f89d,"{""d"":7,""p"":0.004641588833612777,""r"":7}","{""obs_mistake_mask=E"":38}"
        40,        20,         0,    3.42,correlated_pymatching,4a4533d1e2c2a7a8441e3be8ade4b8ec687ece8f03ae4ee5723ae4c71c4fd34d,"{""d"":7,""p"":0.1,""r"":7}","{""obs_mistake_mask=E"":20}"
      2560,         0,         0,    3.36,correlated_pymatching,6eeeec76c514f4890a9bac6f82eadc4dacda18094a665d9455c865cfa0493683,"{""d"":7,""p"":0.00021544346900318845,""r"":7}",
        80,        34,         0,    3.36,correlated_pymatching,257481eb557e7e0ecffb4e0f4e20822bd2e5d6518a2fe0b3ef57a500433b719b,"{""d"":7,""p"":0.01,""r"":7}","{""obs_mistake_mask=E"":34}"
        20,         1,         0,    1.76,correlated_pymatching,3079044956dee6c354ae3d11810e8467af3b99868cae4962474c8b8dfe18f89d,"{""d"":7,""p"":0.004641588833612777,""r"":7}","{""obs_mistake_mask=E"":1}"
        10,         0,         0,    1.71,correlated_pymatching,24ae19e9e12dc4a5d5ff6ab426f7093da02d6c545ad9dcaeb864b96970d76080,"{""d"":7,""p"":0.002154434690031882,""r"":7}",
       160,         0,         0,    3.33,correlated_pymatching,ba9ef6fd67b86a3622e5664707c8edb6d9b7da2e0b74dac0b87e1334a0339531,"{""d"":7,""p"":0.00046415888336127773,""r"":7}",
    155648,        62,         0,    4.27,correlated_pymatching,e807058b9d0070d0b93b9c7cbef3c37f123d36d965a4b23406bd12bc3208ec2f,"{""d"":3,""p"":0.00021544346900318845,""r"":3}","{""obs_mistake_mask=E"":62}"
     93184,        13,         0,    4.28,correlated_pymatching,fdbcb28c19e2133d077b79d8f98d8d6e90ec7ccb978dbc5b456da0a65597c597,"{""d"":3,""p"":0.0001,""r"":3}","{""obs_mistake_mask=E"":13}"
    143360,        46,         0,    4.25,correlated_pymatching,e807058b9d0070d0b93b9c7cbef3c37f123d36d965a4b23406bd12bc3208ec2f,"{""d"":3,""p"":0.00021544346900318845,""r"":3}","{""obs_mistake_mask=E"":46}"
         5,         3,         0,    1.65,correlated_pymatching,08ac09468d89517740bdd225bb9dd931e19d1a565454c3d04e4951c68ffb9154,"{""d"":7,""p"":0.021544346900318822,""r"":7}","{""obs_mistake_mask=E"":3}"
        20,         8,         0,    1.68,correlated_pymatching,257481eb557e7e0ecffb4e0f4e20822bd2e5d6518a2fe0b3ef57a500433b719b,"{""d"":7,""p"":0.01,""r"":7}","{""obs_mistake_mask=E"":8}"
    145408,        12,         0,    4.26,correlated_pymatching,fdbcb28c19e2133d077b79d8f98d8d6e90ec7ccb978dbc5b456da0a65597c597,"{""d"":3,""p"":0.0001,""r"":3}","{""obs_mistake_mask=E"":12}"
     32768,         0,         0,    4.29,correlated_pymatching,05299ae3d91a1d23b7a98b4fab9722bced6f7c0322d1c013b5613e9b1333028a,"{""d"":5,""p"":0.0001,""r"":5}",
     24576,        35,         0,    4.35,correlated_pymatching,45c3ae383f7e5c2f15aab19b05e0079a20725ede752c1da6358a7f59133373cc,"{""d"":5,""p"":0.001,""r"":5}","{""obs_mistake_mask=E"":35}"
     30720,         1,         0,    4.27,correlated_pymatching,4699c8641acdbcb09fa90e429f4a015dbbcbaf20a549f7b8fb0848cb634aaa32,"{""d"":5,""p"":0.00021544346900318845,""r"":5}","{""obs_mistake_mask=E"":1}"
     28672,         5,         0,    4.28,correlated_pymatching,0d7504514bc847462fb7bf844e1f0e50276024ba162cbd4ed8a518b50493837c,"{""d"":5,""p"":0.00046415888336127773,""r"":5}","{""obs_mistake_mask=E"":5}"
        22,         0,         0,    2.24,correlated_pymatching,24ae19e9e12dc4a5d5ff6ab426f7093da02d6c545ad9dcaeb864b96970d76080,"{""d"":7,""p"":0.002154434690031882,""r"":7}",
        28,         6,         0,    2.29,correlated_pymatching,3079044956dee6c354ae3d11810e8467af3b99868cae4962474c8b8dfe18f89d,"{""d"":7,""p"":0.004641588833612777,""r"":7}","{""obs_mistake_mask=E"":6}"
       160,         0,         0,    3.28,correlated_pymatching,6eeeec76c514f4890a9bac6f82eadc4dacda18094a665d9455c865cfa0493683,"{""d"":7,""p"":0.00021544346900318845,""r"":7}",
       160,         0,         0,    3.19,correlated_pymatching,abb2991e452f7d5e7b812c86182d9727735adb857ac5144af87483f02b1f408f,"{""d"":7,""p"":0.0001,""r"":7}",
     30720,         2,         0,    4.35,correlated_pymatching,4699c8641acdbcb09fa90e429f4a015dbbcbaf20a549f7b8fb0848cb634aaa32,"{""d"":5,""p"":0.00021544346900318845,""r"":5}","{""obs_mistake_mask=E"":2}"
        80,         0,         0,    3.20,correlated_pymatching,ba9ef6fd67b86a3622e5664707c8edb6d9b7da2e0b74dac0b87e1334a0339531,"{""d"":7,""p"":0.00046415888336127773,""r"":7}",
        20,         0,         0,    3.31,correlated_pymatching,4b15e9181b265f1bd4bb78e2597046c0bfb2f5ea7284d5a9b00c9dbde00cc6b8,"{""d"":7,""p"":0.001,""r"":7}",
        24,         9,         0,    2.27,correlated_pymatching,08ac09468d89517740bdd225bb9dd931e19d1a565454c3d04e4951c68ffb9154,"{""d"":7,""p"":0.021544346900318822,""r"":7}","{""obs_mistake_mask=E"":9}"
        28,        12,         0,    2.37,correlated_pymatching,257481eb557e7e0ecffb4e0f4e20822bd2e5d6518a2fe0b3ef57a500433b719b,"{""d"":7,""p"":0.01,""r"":7}","{""obs_mistake_mask=E"":12}"
     28672,         2,         0,    4.30,correlated_pymatching,0d7504514bc847462fb7bf844e1f0e50276024ba162cbd4ed8a518b50493837c,"{""d"":5,""p"":0.00046415888336127773,""r"":5}","{""obs_mistake_mask=E"":2}"
     20480,         0,         0,    4.46,correlated_pymatching,05299ae3d91a1d23b7a98b4fab9722bced6f7c0322d1c013b5613e9b1333028a,"{""d"":5,""p"":0.0001,""r"":5}",
     24576,        29,         0,    4.36,correlated_pymatching,45c3ae383f7e5c2f15aab19b05e0079a20725ede752c1da6358a7f59133373cc,"{""d"":5,""p"":0.001,""r"":5}","{""obs_mistake_mask=E"":29}"
        52,        26,         0,    4.30,correlated_pymatching,fce971c3cffc2aac5fd303b97b8c805cfce10d3dbf814aed49aafa6caf18a276,"{""d"":7,""p"":0.046415888336127774,""r"":7}","{""obs_mistake_mask=E"":26}"
        52,        24,         0,    4.34,correlated_pymatching,fce971c3cffc2aac5fd303b97b8c805cfce10d3dbf814aed49aafa6caf18a276,"{""d"":7,""p"":0.046415888336127774,""r"":7}","{""obs_mistake_mask=E"":24}"
       104,        50,         0,    4.47,correlated_pymatching,08ac09468d89517740bdd225bb9dd931e19d1a565454c3d04e4951c68ffb9154,"{""d"":7,""p"":0.021544346900318822,""r"":7}","{""obs_mistake_mask=E"":50}"
      3328,         1,         0,    4.53,correlated_pymatching,4b15e9181b265f1bd4bb78e2597046c0bfb2f5ea7284d5a9b00c9dbde00cc6b8,"{""d"":7,""p"":0.001,""r"":7}","{""obs_mistake_mask=E"":1}"
      1664,        12,         0,    4.60,correlated_pymatching,24ae19e9e12dc4a5d5ff6ab426f7093da02d6c545ad9dcaeb864b96970d76080,"{""d"":7,""p"":0.002154434690031882,""r"":7}","{""obs_mistake_mask=E"":12}"
       104,        47,         0,    4.27,correlated_pymatching,257481eb557e7e0ecffb4e0f4e20822bd2e5d6518a2fe0b3ef57a500433b719b,"{""d"":7,""p"":0.01,""r"":7}","{""obs_mistake_mask=E"":47}"
       152,        82,         0,    4.55,correlated_pymatching,4a4533d1e2c2a7a8441e3be8ade4b8ec687ece8f03ae4ee5723ae4c71c4fd34d,"{""d"":7,""p"":0.1,""r"":7}","{""obs_mistake_mask=E"":82}"
       416,        37,         0,    4.48,correlated_pymatching,3079044956dee6c354ae3d11810e8467af3b99868cae4962474c8b8dfe18f89d,"{""d"":7,""p"":0.004641588833612777,""r"":7}","{""obs_mistake_mask=E"":37}"
        52,        31,         0,    4.46,correlated_pymatching,4a4533d1e2c2a7a8441e3be8ade4b8ec687ece8f03ae4ee5723ae4c71c4fd34d,"{""d"":7,""p"":0.1,""r"":7}","{""obs_mistake_mask=E"":31}"
      5888,         0,         0,    4.44,correlated_pymatching,6eeeec76c514f4890a9bac6f82eadc4dacda18094a665d9455c865cfa0493683,"{""d"":7,""p"":0.00021544346900318845,""r"":7}",
     13312,         0,         0,    4.54,correlated_pymatching,abb2991e452f7d5e7b812c86182d9727735adb857ac5144af87483f02b1f408f,"{""d"":7,""p"":0.0001,""r"":7}",
       432,         0,         0,    4.49,correlated_pymatching,ba9ef6fd67b86a3622e5664707c8edb6d9b7da2e0b74dac0b87e1334a0339531,"{""d"":7,""p"":0.00046415888336127773,""r"":7}",
        40,         0,         0,    3.15,correlated_pymatching,24ae19e9e12dc4a5d5ff6ab426f7093da02d6c545ad9dcaeb864b96970d76080,"{""d"":7,""p"":0.002154434690031882,""r"":7}",
        40,         9,         0,    3.18,correlated_pymatching,3079044956dee6c354ae3d11810e8467af3b99868cae4962474c8b8dfe18f89d,"{""d"":7,""p"":0.004641588833612777,""r"":7}","{""obs_mistake_mask=E"":9}"
        40,        15,         0,    3.27,correlated_pymatching,08ac09468d89517740bdd225bb9dd931e19d1a565454c3d04e4951c68ffb9154,"{""d"":7,""p"":0.021544346900318822,""r"":7}","{""obs_mistake_mask=E"":15}"
    208896,        76,         0,    5.96,correlated_pymatching,e807058b9d0070d0b93b9c7cbef3c37f123d36d965a4b23406bd12bc3208ec2f,"{""d"":3,""p"":0.00021544346900318845,""r"":3}","{""obs_mistake_mask=E"":76}"
    200704,        73,         0,    5.68,correlated_pymatching,e807058b9d0070d0b93b9c7cbef3c37f123d36d965a4b23406bd12bc3208ec2f,"{""d"":3,""p"":0.00021544346900318845,""r"":3}","{""obs_mistake_mask=E"":73}"
      1024,         0,         0,   0.028,correlated_pymatching,e807058b9d0070d0b93b9c7cbef3c37f123d36d965a4b23406bd12bc3208ec2f,"{""d"":3,""p"":0.00021544346900318845,""r"":3}",
         1,         0,         0,   0.033,correlated_pymatching,fdbcb28c19e2133d077b79d8f98d8d6e90ec7ccb978dbc5b456da0a65597c597,"{""d"":3,""p"":0.0001,""r"":3}",
        40,        28,         0,    3.27,correlated_pymatching,257481eb557e7e0ecffb4e0f4e20822bd2e5d6518a2fe0b3ef57a500433b719b,"{""d"":7,""p"":0.01,""r"":7}","{""obs_mistake_mask=E"":28}"
        16,         0,         0,   0.027,correlated_pymatching,fdbcb28c19e2133d077b79d8f98d8d6e90ec7ccb978dbc5b456da0a65597c597,"{""d"":3,""p"":0.0001,""r"":3}",
      1280,         0,         0,   0.051,correlated_pymatching,fdbcb28c19e2133d077b79d8f98d8d6e90ec7ccb978dbc5b456da0a65597c597,"{""d"":3,""p"":0.0001,""r"":3}",
    131072,        18,         0,    5.99,correlated_pymatching,fdbcb28c19e2133d077b79d8f98d8d6e90ec7ccb978dbc5b456da0a65597c597,"{""d"":3,""p"":0.0001,""r"":3}","{""obs_mistake_mask=E"":18}"
      1024,         0,         0,   0.029,correlated_pymatching,fdbcb28c19e2133d077b79d8f98d8d6e90ec7ccb978dbc5b456da0a65597c597,"{""d"":3,""p"":0.0001,""r"":3}",
      2048,         0,         0,   0.055,correlated_pymatching,fdbcb28c19e2133d077b79d8f98d8d6e90ec7ccb978dbc5b456da0a65597c597,"{""d"":3,""p"":0.0001,""r"":3}",
      2048,         0,         0,   0.058,correlated_pymatching,fdbcb28c19e2133d077b79d8f98d8d6e90ec7ccb978dbc5b456da0a65597c597,"{""d"":3,""p"":0.0001,""r"":3}",
         1,         0,         0,   0.145,correlated_pymatching,05299ae3d91a1d23b7a98b4fab9722bced6f7c0322d1c013b5613e9b1333028a,"{""d"":5,""p"":0.0001,""r"":5}",
       224,         0,         0,    4.45,correlated_pymatching,6eeeec76c514f4890a9bac6f82eadc4dacda18094a665d9455c865cfa0493683,"{""d"":7,""p"":0.00021544346900318845,""r"":7}",
      3072,         0,         0,   0.081,correlated_pymatching,fdbcb28c19e2133d077b79d8f98d8d6e90ec7ccb978dbc5b456da0a65597c597,"{""d"":3,""p"":0.0001,""r"":3}",
         4,         0,         0,   0.108,correlated_pymatching,05299ae3d91a1d23b7a98b4fab9722bced6f7c0322d1c013b5613e9b1333028a,"{""d"":5,""p"":0.0001,""r"":5}",
      4096,         0,         0,   0.112,correlated_pymatching,fdbcb28c19e2133d077b79d8f98d8d6e90ec7ccb978dbc5b456da0a65597c597,"{""d"":3,""p"":0.0001,""r"":3}",
    220160,        18,         0,    5.95,correlated_pymatching,fdbcb28c19e2133d077b79d8f98d8d6e90ec7ccb978dbc5b456da0a65597c597,"{""d"":3,""p"":0.0001,""r"":3}","{""obs_mistake_mask=E"":18}"
        16,         0,         0,   0.123,correlated_pymatching,05299ae3d91a1d23b7a98b4fab9722bced6f7c0322d1c013b5613e9b1333028a,"{""d"":5,""p"":0.0001,""r"":5}",
       448,         0,         0,    4.40,correlated_pymatching,abb2991e452f7d5e7b812c86182d9727735adb857ac5144af87483f02b1f408f,"{""d"":7,""p"":0.0001,""r"":7}",
      6144,         1,         0,   0.163,correlated_pymatching,fdbcb28c19e2133d077b79d8f98d8d6e90ec7ccb978dbc5b456da0a65597c597,"{""d"":3,""p"":0.0001,""r"":3}","{""obs_mistake_mask=E"":1}"
        64,         0,         0,   0.124,correlated_pymatching,05299ae3d91a1d23b7a98b4fab9722bced6f7c0322d1c013b5613e9b1333028a,"{""d"":5,""p"":0.0001,""r"":5}",
       256,         0,         0,   0.116,correlated_pymatching,05299ae3d91a1d23b7a98b4fab9722bced6f7c0322d1c013b5613e9b1333028a,"{""d"":5,""p"":0.0001,""r"":5}",
       120,         0,         0,    4.33,correlated_pymatching,ba9ef6fd67b86a3622e5664707c8edb6d9b7da2e0b74dac0b87e1334a0339531,"{""d"":7,""p"":0.00046415888336127773,""r"":7}",
        52,         0,         0,    4.38,correlated_pymatching,4b15e9181b265f1bd4bb78e2597046c0bfb2f5ea7284d5a9b00c9dbde00cc6b8,"{""d"":7,""p"":0.001,""r"":7}",
      8192,         1,         0,   0.223,correlated_pymatching,fdbcb28c19e2133d077b79d8f98d8d6e90ec7ccb978dbc5b456da0a65597c597,"{""d"":3,""p"":0.0001,""r"":3}","{""obs_mistake_mask=E"":1}"
      1024,         0,         0,   0.113,correlated_pymatching,05299ae3d91a1d23b7a98b4fab9722bced6f7c0322d1c013b5613e9b1333028a,"{""d"":5,""p"":0.0001,""r"":5}",
      1024,         0,         0,   0.129,correlated_pymatching,05299ae3d91a1d23b7a98b4fab9722bced6f7c0322d1c013b5613e9b1333028a,"{""d"":5,""p"":0.0001,""r"":5}",
      1024,         0,         0,   0.130,correlated_pymatching,05299ae3d91a1d23b7a98b4fab9722bced6f7c0322d1c013b5613e9b1333028a,"{""d"":5,""p"":0.0001,""r"":5}",
     11264,         3,         0,   0.306,correlated_pymatching,fdbcb28c19e2133d077b79d8f98d8d6e90ec7ccb978dbc5b456da0a65597c597,"{""d"":3,""p"":0.0001,""r"":3}","{""obs_mistake_mask=E"":3}"
     48128,         0,         0,    6.02,correlated_pymatching,05299ae3d91a1d23b7a98b4fab9722bced6f7c0322d1c013b5613e9b1333028a,"{""d"":5,""p"":0.0001,""r"":5}",
     46080,         2,         0,    5.98,correlated_pymatching,4699c8641acdbcb09fa90e429f4a015dbbcbaf20a549f7b8fb0848cb634aaa32,"{""d"":5,""p"":0.00021544346900318845,""r"":5}","{""obs_mistake_mask=E"":2}"
      2048,         0,         0,   0.256,correlated_pymatching,05299ae3d91a1d23b7a98b4fab9722bced6f7c0322d1c013b5613e9b1333028a,"{""d"":5,""p"":0.0001,""r"":5}",
     43008,         8,         0,    6.02,correlated_pymatching,0d7504514bc847462fb7bf844e1f0e50276024ba162cbd4ed8a518b50493837c,"{""d"":5,""p"":0.00046415888336127773,""r"":5}","{""obs_mistake_mask=E"":8}"
     36864,        41,         0,    6.10,correlated_pymatching,45c3ae383f7e5c2f15aab19b05e0079a20725ede752c1da6358a7f59133373cc,"{""d"":5,""p"":0.001,""r"":5}","{""obs_mistake_mask=E"":41}"
     15360,         1,         0,   0.414,correlated_pymatching,fdbcb28c19e2133d077b79d8f98d8d6e90ec7ccb978dbc5b456da0a65597c597,"{""d"":3,""p"":0.0001,""r"":3}","{""obs_mistake_mask=E"":1}"
      2048,         0,         0,   0.256,correlated_pymatching,05299ae3d91a1d23b7a98b4fab9722bced6f7c0322d1c013b5613e9b1333028a,"{""d"":5,""p"":0.0001,""r"":5}",
      3072,         0,         0,   0.384,correlated_pymatching,05299ae3d91a1d23b7a98b4fab9722bced6f7c0322d1c013b5613e9b1333028a,"{""d"":5,""p"":0.0001,""r"":5}",
     21504,         3,         0,   0.586,correlated_pymatching,fdbcb28c19e2133d077b79d8f98d8d6e90ec7ccb978dbc5b456da0a65597c597,"{""d"":3,""p"":0.0001,""r"":3}","{""obs_mistake_mask=E"":3}"
     46080,         0,         0,    6.01,correlated_pymatching,4699c8641acdbcb09fa90e429f4a015dbbcbaf20a549f7b8fb0848cb634aaa32,"{""d"":5,""p"":0.00021544346900318845,""r"":5}",
      4096,         0,         0,   0.519,correlated_pymatching,05299ae3d91a1d23b7a98b4fab9722bced6f7c0322d1c013b5613e9b1333028a,"{""d"":5,""p"":0.0001,""r"":5}",
     25600,         1,         0,   0.805,correlated_pymatching,fdbcb28c19e2133d077b79d8f98d8d6e90ec7ccb978dbc5b456da0a65597c597,"{""d"":3,""p"":0.0001,""r"":3}","{""obs_mistake_mask=E"":1}"
     43008,         9,         0,    6.13,correlated_pymatching,0d7504514bc847462fb7bf844e1f0e50276024ba162cbd4ed8a518b50493837c,"{""d"":5,""p"":0.00046415888336127773,""r"":5}","{""obs_mistake_mask=E"":9}"
     28672,         0,         0,    6.02,correlated_pymatching,05299ae3d91a1d23b7a98b4fab9722bced6f7c0322d1c013b5613e9b1333028a,"{""d"":5,""p"":0.0001,""r"":5}",
      5120,         0,         0,   0.699,correlated_pymatching,05299ae3d91a1d23b7a98b4fab9722bced6f7c0322d1c013b5613e9b1333028a,"{""d"":5,""p"":0.0001,""r"":5}",
       120,         1,         0,    4.34,correlated_pymatching,24ae19e9e12dc4a5d5ff6ab426f7093da02d6c545ad9dcaeb864b96970d76080,"{""d"":7,""p"":0.002154434690031882,""r"":7}","{""obs_mistake_mask=E"":1}"
        96,        41,         0,    5.99,correlated_pymatching,fce971c3cffc2aac5fd303b97b8c805cfce10d3dbf814aed49aafa6caf18a276,"{""d"":7,""p"":0.046415888336127774,""r"":7}","{""obs_mistake_mask=E"":41}"
     36864,        35,         0,    6.10,correlated_pymatching,45c3ae383f7e5c2f15aab19b05e0079a20725ede752c1da6358a7f59133373cc,"{""d"":5,""p"":0.001,""r"":5}","{""obs_mistake_mask=E"":35}"
        72,        35,         0,    6.03,correlated_pymatching,fce971c3cffc2aac5fd303b97b8c805cfce10d3dbf814aed49aafa6caf18a276,"{""d"":7,""p"":0.046415888336127774,""r"":7}","{""obs_mistake_mask=E"":35}"
        56,         5,         0,    4.55,correlated_pymatching,3079044956dee6c354ae3d11810e8467af3b99868cae4962474c8b8dfe18f89d,"{""d"":7,""p"":0.004641588833612777,""r"":7}","{""obs_mistake_mask=E"":5}"
       144,        64,         0,    6.12,correlated_pymatching,08ac09468d89517740bdd225bb9dd931e19d1a565454c3d04e4951c68ffb9154,"{""d"":7,""p"":0.021544346900318822,""r"":7}","{""obs_mistake_mask=E"":64}"
        72,        38,         0,    5.98,correlated_pymatching,4a4533d1e2c2a7a8441e3be8ade4b8ec687ece8f03ae4ee5723ae4c71c4fd34d,"{""d"":7,""p"":0.1,""r"":7}","{""obs_mistake_mask=E"":38}"
      2176,         8,         0,    6.04,correlated_pymatching,24ae19e9e12dc4a5d5ff6ab426f7093da02d6c545ad9dcaeb864b96970d76080,"{""d"":7,""p"":0.002154434690031882,""r"":7}","{""obs_mistake_mask=E"":8}"
      9216,         0,         0,    5.99,correlated_pymatching,6eeeec76c514f4890a9bac6f82eadc4dacda18094a665d9455c865cfa0493683,"{""d"":7,""p"":0.00021544346900318845,""r"":7}",
       576,        46,         0,    6.14,correlated_pymatching,3079044956dee6c354ae3d11810e8467af3b99868cae4962474c8b8dfe18f89d,"{""d"":7,""p"":0.004641588833612777,""r"":7}","{""obs_mistake_mask=E"":46}"
       152,        73,         0,    6.15,correlated_pymatching,257481eb557e7e0ecffb4e0f4e20822bd2e5d6518a2fe0b3ef57a500433b719b,"{""d"":7,""p"":0.01,""r"":7}","{""obs_mistake_mask=E"":73}"
       240,       124,         0,    6.15,correlated_pymatching,4a4533d1e2c2a7a8441e3be8ade4b8ec687ece8f03ae4ee5723ae4c71c4fd34d,"{""d"":7,""p"":0.1,""r"":7}","{""obs_mistake_mask=E"":124}"
     18432,         0,         0,    6.10,correlated_pymatching,abb2991e452f7d5e7b812c86182d9727735adb857ac5144af87483f02b1f408f,"{""d"":7,""p"":0.0001,""r"":7}",
      4608,         2,         0,    6.23,correlated_pymatching,4b15e9181b265f1bd4bb78e2597046c0bfb2f5ea7284d5a9b00c9dbde00cc6b8,"{""d"":7,""p"":0.001,""r"":7}","{""obs_mistake_mask=E"":2}"
      6144,         0,         0,   0.807,correlated_pymatching,05299ae3d91a1d23b7a98b4fab9722bced6f7c0322d1c013b5613e9b1333028a,"{""d"":5,""p"":0.0001,""r"":5}",
     36864,         5,         0,    1.12,correlated_pymatching,fdbcb28c19e2133d077b79d8f98d8d6e90ec7ccb978dbc5b456da0a65597c597,"{""d"":3,""p"":0.0001,""r"":3}","{""obs_mistake_mask=E"":5}"
         4,         0,         0,   0.325,correlated_pymatching,4a4533d1e2c2a7a8441e3be8ade4b8ec687ece8f03ae4ee5723ae4c71c4fd34d,"{""d"":7,""p"":0.1,""r"":7}",
       928,         0,         0,    6.08,correlated_pymatching,ba9ef6fd67b86a3622e5664707c8edb6d9b7da2e0b74dac0b87e1334a0339531,"{""d"":7,""p"":0.00046415888336127773,""r"":7}",
        52,        26,         0,    4.38,correlated_pymatching,08ac09468d89517740bdd225bb9dd931e19d1a565454c3d04e4951c68ffb9154,"{""d"":7,""p"":0.021544346900318822,""r"":7}","{""obs_mistake_mask=E"":26}"
        16,         7,         0,   0.412,correlated_pymatching,4a4533d1e2c2a7a8441e3be8ade4b8ec687ece8f03ae4ee5723ae4c71c4fd34d,"{""d"":7,""p"":0.1,""r"":7}","{""obs_mistake_mask=E"":7}"
        52,        23,         0,    4.37,correlated_pymatching,257481eb557e7e0ecffb4e0f4e20822bd2e5d6518a2fe0b3ef57a500433b719b,"{""d"":7,""p"":0.01,""r"":7}","{""obs_mistake_mask=E"":23}"
         1,         0,         0,   0.136,correlated_pymatching,4699c8641acdbcb09fa90e429f4a015dbbcbaf20a549f7b8fb0848cb634aaa32,"{""d"":5,""p"":0.00021544346900318845,""r"":5}",
         1,         0,         0,   0.140,correlated_pymatching,0d7504514bc847462fb7bf844e1f0e50276024ba162cbd4ed8a518b50493837c,"{""d"":5,""p"":0.00046415888336127773,""r"":5}",
         4,         0,         0,   0.112,correlated_pymatching,4699c8641acdbcb09fa90e429f4a015dbbcbaf20a549f7b8fb0848cb634aaa32,"{""d"":5,""p"":0.00021544346900318845,""r"":5}",
         4,         0,         0,   0.109,correlated_pymatching,0d7504514bc847462fb7bf844e1f0e50276024ba162cbd4ed8a518b50493837c,"{""d"":5,""p"":0.00046415888336127773,""r"":5}",
        16,         0,         0,   0.126,correlated_pymatching,0d7504514bc847462fb7bf844e1f0e50276024ba162cbd4ed8a518b50493837c,"{""d"":5,""p"":0.00046415888336127773,""r"":5}",
        16,         0,         0,   0.144,correlated_pymatching,4699c8641acdbcb09fa90e429f4a015dbbcbaf20a549f7b8fb0848cb634aaa32,"{""d"":5,""p"":0.00021544346900318845,""r"":5}",
        64,         0,         0,   0.109,correlated_pymatching,4699c8641acdbcb09fa90e429f4a015dbbcbaf20a549f7b8fb0848cb634aaa32,"{""d"":5,""p"":0.00021544346900318845,""r"":5}",
        64,         0,         0,   0.118,correlated_pymatching,0d7504514bc847462fb7bf844e1f0e50276024ba162cbd4ed8a518b50493837c,"{""d"":5,""p"":0.00046415888336127773,""r"":5}",
       256,         0,         0,   0.123,correlated_pymatching,4699c8641acdbcb09fa90e429f4a015dbbcbaf20a549f7b8fb0848cb634aaa32,"{""d"":5,""p"":0.00021544346900318845,""r"":5}",
       256,         0,         0,   0.124,correlated_pymatching,0d7504514bc847462fb7bf844e1f0e50276024ba162cbd4ed8a518b50493837c,"{""d"":5,""p"":0.00046415888336127773,""r"":5}",
      1024,         0,         0,   0.128,correlated_pymatching,4699c8641acdbcb09fa90e429f4a015dbbcbaf20a549f7b8fb0848cb634aaa32,"{""d"":5,""p"":0.00021544346900318845,""r"":5}",
      9216,         0,         0,    1.22,correlated_pymatching,05299ae3d91a1d23b7a98b4fab9722bced6f7c0322d1c013b5613e9b1333028a,"{""d"":5,""p"":0.0001,""r"":5}",
      1024,         0,         0,   0.140,correlated_pymatching,0d7504514bc847462fb7bf844e1f0e50276024ba162cbd4ed8a518b50493837c,"{""d"":5,""p"":0.00046415888336127773,""r"":5}",
      1024,         0,         0,   0.124,correlated_pymatching,4699c8641acdbcb09fa90e429f4a015dbbcbaf20a549f7b8fb0848cb634aaa32,"{""d"":5,""p"":0.00021544346900318845,""r"":5}",
      1024,         1,         0,   0.142,correlated_pymatching,0d7504514bc847462fb7bf844e1f0e50276024ba162cbd4ed8a518b50493837c,"{""d"":5,""p"":0.00046415888336127773,""r"":5}","{""obs_mistake_mask=E"":1}"
      1024,         0,         0,   0.136,correlated_pymatching,4699c8641acdbcb09fa90e429f4a015dbbcbaf20a549f7b8fb0848cb634aaa32,"{""d"":5,""p"":0.00021544346900318845,""r"":5}",
      1024,         0,         0,   0.146,correlated_pymatching,0d7504514bc847462fb7bf844e1f0e50276024ba162cbd4ed8a518b50493837c,"{""d"":5,""p"":0.00046415888336127773,""r"":5}",
     53248,         7,         0,    1.55,correlated_pymatching,fdbcb28c19e2133d077b79d8f98d8d6e90ec7ccb978dbc5b456da0a65597c597,"{""d"":3,""p"":0.0001,""r"":3}","{""obs_mistake_mask=E"":7}"
      2048,         0,         0,   0.264,correlated_pymatching,4699c8641acdbcb09fa90e429f4a015dbbcbaf20a549f7b8fb0848cb634aaa32,"{""d"":5,""p"":0.00021544346900318845,""r"":5}",
      2048,         1,         0,   0.269,correlated_pymatching,0d7504514bc847462fb7bf844e1f0e50276024ba162cbd4ed8a518b50493837c,"{""d"":5,""p"":0.00046415888336127773,""r"":5}","{""obs_mistake_mask=E"":1}"
      2048,         0,         0,   0.256,correlated_pymatching,4699c8641acdbcb09fa90e429f4a015dbbcbaf20a549f7b8fb0848cb634aaa32,"{""d"":5,""p"":0.00021544346900318845,""r"":5}",
      2048,         0,         0,   0.294,correlated_pymatching,0d7504514bc847462fb7bf844e1f0e50276024ba162cbd4ed8a518b50493837c,"{""d"":5,""p"":0.00046415888336127773,""r"":5}",
      3072,         0,         0,   0.384,correlated_pymatching,4699c8641acdbcb09fa90e429f4a015dbbcbaf20a549f7b8fb0848cb634aaa32,"{""d"":5,""p"":0.00021544346900318845,""r"":5}",
       304,         0,         0,    6.19,correlated_pymatching,6eeeec76c514f4890a9bac6f82eadc4dacda18094a665d9455c865cfa0493683,"{""d"":7,""p"":0.00021544346900318845,""r"":7}",
      3072,         0,         0,   0.428,correlated_pymatching,0d7504514bc847462fb7bf844e1f0e50276024ba162cbd4ed8a518b50493837c,"{""d"":5,""p"":0.00046415888336127773,""r"":5}",
      1536,         0,         0,    5.98,correlated_pymatching,abb2991e452f7d5e7b812c86182d9727735adb857ac5144af87483f02b1f408f,"{""d"":7,""p"":0.0001,""r"":7}",
       304,         0,         0,    6.07,correlated_pymatching,ba9ef6fd67b86a3622e5664707c8edb6d9b7da2e0b74dac0b87e1334a0339531,"{""d"":7,""p"":0.00046415888336127773,""r"":7}",
     13312,         0,         0,    1.66,correlated_pymatching,05299ae3d91a1d23b7a98b4fab9722bced6f7c0322d1c013b5613e9b1333028a,"{""d"":5,""p"":0.0001,""r"":5}",
      4096,         0,         0,   0.523,correlated_pymatching,4699c8641acdbcb09fa90e429f4a015dbbcbaf20a549f7b8fb0848cb634aaa32,"{""d"":5,""p"":0.00021544346900318845,""r"":5}",
      3072,         0,         0,   0.424,correlated_pymatching,0d7504514bc847462fb7bf844e1f0e50276024ba162cbd4ed8a518b50493837c,"{""d"":5,""p"":0.00046415888336127773,""r"":5}",
       256,         0,         0,    6.21,correlated_pymatching,4b15e9181b265f1bd4bb78e2597046c0bfb2f5ea7284d5a9b00c9dbde00cc6b8,"{""d"":7,""p"":0.001,""r"":7}",
      5120,         0,         0,   0.647,correlated_pymatching,4699c8641acdbcb09fa90e429f4a015dbbcbaf20a549f7b8fb0848cb634aaa32,"{""d"":5,""p"":0.00021544346900318845,""r"":5}",
      5120,         1,         0,   0.702,correlated_pymatching,0d7504514bc847462fb7bf844e1f0e50276024ba162cbd4ed8a518b50493837c,"{""d"":5,""p"":0.00046415888336127773,""r"":5}","{""obs_mistake_mask=E"":1}"
     79872,        10,         0,    2.17,correlated_pymatching,fdbcb28c19e2133d077b79d8f98d8d6e90ec7ccb978dbc5b456da0a65597c597,"{""d"":3,""p"":0.0001,""r"":3}","{""obs_mistake_mask=E"":10}"
      6144,         0,         0,   0.883,correlated_pymatching,4699c8641acdbcb09fa90e429f4a015dbbcbaf20a549f7b8fb0848cb634aaa32,"{""d"":5,""p"":0.00021544346900318845,""r"":5}",
      5120,         1,         0,   0.811,correlated_pymatching,0d7504514bc847462fb7bf844e1f0e50276024ba162cbd4ed8a518b50493837c,"{""d"":5,""p"":0.00046415888336127773,""r"":5}","{""obs_mistake_mask=E"":1}"
    182272,        14,         0,    8.35,correlated_pymatching,fdbcb28c19e2133d077b79d8f98d8d6e90ec7ccb978dbc5b456da0a65597c597,"{""d"":3,""p"":0.0001,""r"":3}","{""obs_mistake_mask=E"":14}"
    296960,        24,         0,    8.36,correlated_pymatching,fdbcb28c19e2133d077b79d8f98d8d6e90ec7ccb978dbc5b456da0a65597c597,"{""d"":3,""p"":0.0001,""r"":3}","{""obs_mistake_mask=E"":24}"
     19456,         0,         0,    2.29,correlated_pymatching,05299ae3d91a1d23b7a98b4fab9722bced6f7c0322d1c013b5613e9b1333028a,"{""d"":5,""p"":0.0001,""r"":5}",
      2112,         9,         0,    6.31,correlated_pymatching,24ae19e9e12dc4a5d5ff6ab426f7093da02d6c545ad9dcaeb864b96970d76080,"{""d"":7,""p"":0.002154434690031882,""r"":7}","{""obs_mistake_mask=E"":9}"
      8192,         3,         0,    1.14,correlated_pymatching,0d7504514bc847462fb7bf844e1f0e50276024ba162cbd4ed8a518b50493837c,"{""d"":5,""p"":0.00046415888336127773,""r"":5}","{""obs_mistake_mask=E"":3}"
     68608,         0,         0,    8.37,correlated_pymatching,05299ae3d91a1d23b7a98b4fab9722bced6f7c0322d1c013b5613e9b1333028a,"{""d"":5,""p"":0.0001,""r"":5}",
      9216,         0,         0,    1.18,correlated_pymatching,4699c8641acdbcb09fa90e429f4a015dbbcbaf20a549f7b8fb0848cb634aaa32,"{""d"":5,""p"":0.00021544346900318845,""r"":5}",
       104,        13,         0,    6.11,correlated_pymatching,3079044956dee6c354ae3d11810e8467af3b99868cae4962474c8b8dfe18f89d,"{""d"":7,""p"":0.004641588833612777,""r"":7}","{""obs_mistake_mask=E"":13}"
     63488,         1,         0,    8.38,correlated_pymatching,4699c8641acdbcb09fa90e429f4a015dbbcbaf20a549f7b8fb0848cb634aaa32,"{""d"":5,""p"":0.00021544346900318845,""r"":5}","{""obs_mistake_mask=E"":1}"
     60416,         7,         0,    8.56,correlated_pymatching,0d7504514bc847462fb7bf844e1f0e50276024ba162cbd4ed8a518b50493837c,"{""d"":5,""p"":0.00046415888336127773,""r"":5}","{""obs_mistake_mask=E"":7}"
     51200,        60,         0,    8.65,correlated_pymatching,45c3ae383f7e5c2f15aab19b05e0079a20725ede752c1da6358a7f59133373cc,"{""d"":5,""p"":0.001,""r"":5}","{""obs_mistake_mask=E"":60}"
        72,        36,         0,    6.04,correlated_pymatching,257481eb557e7e0ecffb4e0f4e20822bd2e5d6518a2fe0b3ef57a500433b719b,"{""d"":7,""p"":0.01,""r"":7}","{""obs_mistake_mask=E"":36}"
       172,        82,         0,    6.22,correlated_pymatching,08ac09468d89517740bdd225bb9dd931e19d1a565454c3d04e4951c68ffb9154,"{""d"":7,""p"":0.021544346900318822,""r"":7}","{""obs_mistake_mask=E"":82}"
     61440,         0,         0,    8.37,correlated_pymatching,4699c8641acdbcb09fa90e429f4a015dbbcbaf20a549f7b8fb0848cb634aaa32,"{""d"":5,""p"":0.00021544346900318845,""r"":5}",
     98304,        18,         0,    3.05,correlated_pymatching,fdbcb28c19e2133d077b79d8f98d8d6e90ec7ccb978dbc5b456da0a65597c597,"{""d"":3,""p"":0.0001,""r"":3}","{""obs_mistake_mask=E"":18}"
     10240,         1,         0,    1.60,correlated_pymatching,0d7504514bc847462fb7bf844e1f0e50276024ba162cbd4ed8a518b50493837c,"{""d"":5,""p"":0.00046415888336127773,""r"":5}","{""obs_mistake_mask=E"":1}"
     10240,         0,         0,    1.64,correlated_pymatching,4699c8641acdbcb09fa90e429f4a015dbbcbaf20a549f7b8fb0848cb634aaa32,"{""d"":5,""p"":0.00021544346900318845,""r"":5}",
     57344,         8,         0,    8.42,correlated_pymatching,0d7504514bc847462fb7bf844e1f0e50276024ba162cbd4ed8a518b50493837c,"{""d"":5,""p"":0.00046415888336127773,""r"":5}","{""obs_mistake_mask=E"":8}"
      3040,       276,         0,    7.55,correlated_pymatching,3079044956dee6c354ae3d11810e8467af3b99868cae4962474c8b8dfe18f89d,"{""d"":7,""p"":0.004641588833612777,""r"":7}","{""obs_mistake_mask=E"":276}"
     39936,         0,         0,    8.44,correlated_pymatching,05299ae3d91a1d23b7a98b4fab9722bced6f7c0322d1c013b5613e9b1333028a,"{""d"":5,""p"":0.0001,""r"":5}",
       152,        13,         0,    1.90,correlated_pymatching,3079044956dee6c354ae3d11810e8467af3b99868cae4962474c8b8dfe18f89d,"{""d"":7,""p"":0.004641588833612777,""r"":7}","{""obs_mistake_mask=E"":13}"
     49152,        69,         0,    8.38,correlated_pymatching,45c3ae383f7e5c2f15aab19b05e0079a20725ede752c1da6358a7f59133373cc,"{""d"":5,""p"":0.001,""r"":5}","{""obs_mistake_mask=E"":69}"
         1,         0,         0,   0.127,correlated_pymatching,45c3ae383f7e5c2f15aab19b05e0079a20725ede752c1da6358a7f59133373cc,"{""d"":5,""p"":0.001,""r"":5}",
     11264,        15,         0,    1.88,correlated_pymatching,45c3ae383f7e5c2f15aab19b05e0079a20725ede752c1da6358a7f59133373cc,"{""d"":5,""p"":0.001,""r"":5}","{""obs_mistake_mask=E"":15}"
      1024,         0,         0,   0.171,correlated_pymatching,45c3ae383f7e5c2f15aab19b05e0079a20725ede752c1da6358a7f59133373cc,"{""d"":5,""p"":0.001,""r"":5}",
       320,       156,         0,    8.78,correlated_pymatching,fce971c3cffc2aac5fd303b97b8c805cfce10d3dbf814aed49aafa6caf18a276,"{""d"":7,""p"":0.046415888336127774,""r"":7}","{""obs_mistake_mask=E"":156}"
       184,        84,         0,    8.72,correlated_pymatching,fce971c3cffc2aac5fd303b97b8c805cfce10d3dbf814aed49aafa6caf18a276,"{""d"":7,""p"":0.046415888336127774,""r"":7}","{""obs_mistake_mask=E"":84}"
      7680,        40,         0,    8.54,correlated_pymatching,24ae19e9e12dc4a5d5ff6ab426f7093da02d6c545ad9dcaeb864b96970d76080,"{""d"":7,""p"":0.002154434690031882,""r"":7}","{""obs_mistake_mask=E"":40}"
     22528,         0,         0,    8.56,correlated_pymatching,6eeeec76c514f4890a9bac6f82eadc4dacda18094a665d9455c865cfa0493683,"{""d"":7,""p"":0.00021544346900318845,""r"":7}",
     16640,         3,         0,    8.40,correlated_pymatching,4b15e9181b265f1bd4bb78e2597046c0bfb2f5ea7284d5a9b00c9dbde00cc6b8,"{""d"":7,""p"":0.001,""r"":7}","{""obs_mistake_mask=E"":3}"
       264,       127,         0,    8.47,correlated_pymatching,257481eb557e7e0ecffb4e0f4e20822bd2e5d6518a2fe0b3ef57a500433b719b,"{""d"":7,""p"":0.01,""r"":7}","{""obs_mistake_mask=E"":127}"
         1,         0,         0,   0.394,correlated_pymatching,abb2991e452f7d5e7b812c86182d9727735adb857ac5144af87483f02b1f408f,"{""d"":7,""p"":0.0001,""r"":7}",
     23552,         0,         0,    3.20,correlated_pymatching,05299ae3d91a1d23b7a98b4fab9722bced6f7c0322d1c013b5613e9b1333028a,"{""d"":5,""p"":0.0001,""r"":5}",
        24,        10,         0,    2.01,correlated_pymatching,257481eb557e7e0ecffb4e0f4e20822bd2e5d6518a2fe0b3ef57a500433b719b,"{""d"":7,""p"":0.01,""r"":7}","{""obs_mistake_mask=E"":10}"
       336,       166,         0,    8.74,correlated_pymatching,08ac09468d89517740bdd225bb9dd931e19d1a565454c3d04e4951c68ffb9154,"{""d"":7,""p"":0.021544346900318822,""r"":7}","{""obs_mistake_mask=E"":166}"
        16,         8,         0,   0.400,correlated_pymatching,fce971c3cffc2aac5fd303b97b8c805cfce10d3dbf814aed49aafa6caf18a276,"{""d"":7,""p"":0.046415888336127774,""r"":7}","{""obs_mistake_mask=E"":8}"
     26624,         0,         0,    8.71,correlated_pymatching,abb2991e452f7d5e7b812c86182d9727735adb857ac5144af87483f02b1f408f,"{""d"":7,""p"":0.0001,""r"":7}",
         1,         0,         0,   0.316,correlated_pymatching,ba9ef6fd67b86a3622e5664707c8edb6d9b7da2e0b74dac0b87e1334a0339531,"{""d"":7,""p"":0.00046415888336127773,""r"":7}",
         1,         0,         0,   0.345,correlated_pymatching,6eeeec76c514f4890a9bac6f82eadc4dacda18094a665d9455c865cfa0493683,"{""d"":7,""p"":0.00021544346900318845,""r"":7}",
         1,         0,         0,   0.310,correlated_pymatching,abb2991e452f7d5e7b812c86182d9727735adb857ac5144af87483f02b1f408f,"{""d"":7,""p"":0.0001,""r"":7}",
      3200,         0,         0,    8.58,correlated_pymatching,ba9ef6fd67b86a3622e5664707c8edb6d9b7da2e0b74dac0b87e1334a0339531,"{""d"":7,""p"":0.00046415888336127773,""r"":7}",
        16,         9,         0,   0.357,correlated_pymatching,257481eb557e7e0ecffb4e0f4e20822bd2e5d6518a2fe0b3ef57a500433b719b,"{""d"":7,""p"":0.01,""r"":7}","{""obs_mistake_mask=E"":9}"
         1,         0,         0,   0.320,correlated_pymatching,4b15e9181b265f1bd4bb78e2597046c0bfb2f5ea7284d5a9b00c9dbde00cc6b8,"{""d"":7,""p"":0.001,""r"":7}",
        96,        42,         0,    2.30,correlated_pymatching,08ac09468d89517740bdd225bb9dd931e19d1a565454c3d04e4951c68ffb9154,"{""d"":7,""p"":0.021544346900318822,""r"":7}","{""obs_mistake_mask=E"":42}"
         1,         0,         0,   0.030,correlated_pymatching,fdbcb28c19e2133d077b79d8f98d8d6e90ec7ccb978dbc5b456da0a65597c597,"{""d"":3,""p"":0.0001,""r"":3}",
        16,         0,         0,   0.024,correlated_pymatching,fdbcb28c19e2133d077b79d8f98d8d6e90ec7ccb978dbc5b456da0a65597c597,"{""d"":3,""p"":0.0001,""r"":3}",
       256,         0,         0,   0.027,correlated_pymatching,fdbcb28c19e2133d077b79d8f98d8d6e90ec7ccb978dbc5b456da0a65597c597,"{""d"":3,""p"":0.0001,""r"":3}",
        16,        12,         0,   0.368,correlated_pymatching,08ac09468d89517740bdd225bb9dd931e19d1a565454c3d04e4951c68ffb9154,"{""d"":7,""p"":0.021544346900318822,""r"":7}","{""obs_mistake_mask=E"":12}"
      2048,         0,         0,   0.045,correlated_pymatching,fdbcb28c19e2133d077b79d8f98d8d6e90ec7ccb978dbc5b456da0a65597c597,"{""d"":3,""p"":0.0001,""r"":3}",
         1,         0,         0,   0.297,correlated_pymatching,ba9ef6fd67b86a3622e5664707c8edb6d9b7da2e0b74dac0b87e1334a0339531,"{""d"":7,""p"":0.00046415888336127773,""r"":7}",
      2048,         2,         0,   0.067,correlated_pymatching,fdbcb28c19e2133d077b79d8f98d8d6e90ec7ccb978dbc5b456da0a65597c597,"{""d"":3,""p"":0.0001,""r"":3}","{""obs_mistake_mask=E"":2}"
         1,         0,         0,   0.301,correlated_pymatching,abb2991e452f7d5e7b812c86182d9727735adb857ac5144af87483f02b1f408f,"{""d"":7,""p"":0.0001,""r"":7}",
         1,         0,         0,   0.327,correlated_pymatching,6eeeec76c514f4890a9bac6f82eadc4dacda18094a665d9455c865cfa0493683,"{""d"":7,""p"":0.00021544346900318845,""r"":7}",
      2048,         0,         0,   0.060,correlated_pymatching,fdbcb28c19e2133d077b79d8f98d8d6e90ec7ccb978dbc5b456da0a65597c597,"{""d"":3,""p"":0.0001,""r"":3}",
         1,         0,         0,   0.128,correlated_pymatching,05299ae3d91a1d23b7a98b4fab9722bced6f7c0322d1c013b5613e9b1333028a,"{""d"":5,""p"":0.0001,""r"":5}",
         1,         0,         0,   0.324,correlated_pymatching,4b15e9181b265f1bd4bb78e2597046c0bfb2f5ea7284d5a9b00c9dbde00cc6b8,"{""d"":7,""p"":0.001,""r"":7}",
      3072,         1,         0,   0.083,correlated_pymatching,fdbcb28c19e2133d077b79d8f98d8d6e90ec7ccb978dbc5b456da0a65597c597,"{""d"":3,""p"":0.0001,""r"":3}","{""obs_mistake_mask=E"":1}"
         4,         0,         0,   0.116,correlated_pymatching,05299ae3d91a1d23b7a98b4fab9722bced6f7c0322d1c013b5613e9b1333028a,"{""d"":5,""p"":0.0001,""r"":5}",
         1,         0,         0,   0.149,correlated_pymatching,4699c8641acdbcb09fa90e429f4a015dbbcbaf20a549f7b8fb0848cb634aaa32,"{""d"":5,""p"":0.00021544346900318845,""r"":5}",
         1,         0,         0,   0.126,correlated_pymatching,0d7504514bc847462fb7bf844e1f0e50276024ba162cbd4ed8a518b50493837c,"{""d"":5,""p"":0.00046415888336127773,""r"":5}",
         1,         0,         0,   0.217,correlated_pymatching,abb2991e452f7d5e7b812c86182d9727735adb857ac5144af87483f02b1f408f,"{""d"":7,""p"":0.0001,""r"":7}",
      4096,         0,         0,   0.116,correlated_pymatching,fdbcb28c19e2133d077b79d8f98d8d6e90ec7ccb978dbc5b456da0a65597c597,"{""d"":3,""p"":0.0001,""r"":3}",
         1,         0,         0,   0.300,correlated_pymatching,24ae19e9e12dc4a5d5ff6ab426f7093da02d6c545ad9dcaeb864b96970d76080,"{""d"":7,""p"":0.002154434690031882,""r"":7}",
         1,         0,         0,   0.286,correlated_pymatching,24ae19e9e12dc4a5d5ff6ab426f7093da02d6c545ad9dcaeb864b96970d76080,"{""d"":7,""p"":0.002154434690031882,""r"":7}",
        16,         0,         0,   0.110,correlated_pymatching,05299ae3d91a1d23b7a98b4fab9722bced6f7c0322d1c013b5613e9b1333028a,"{""d"":5,""p"":0.0001,""r"":5}",
         2,         0,         0,   0.318,correlated_pymatching,ba9ef6fd67b86a3622e5664707c8edb6d9b7da2e0b74dac0b87e1334a0339531,"{""d"":7,""p"":0.00046415888336127773,""r"":7}",
         4,         0,         0,   0.110,correlated_pymatching,0d7504514bc847462fb7bf844e1f0e50276024ba162cbd4ed8a518b50493837c,"{""d"":5,""p"":0.00046415888336127773,""r"":5}",
         4,         0,         0,   0.116,correlated_pymatching,4699c8641acdbcb09fa90e429f4a015dbbcbaf20a549f7b8fb0848cb634aaa32,"{""d"":5,""p"":0.00021544346900318845,""r"":5}",
         1,         0,         0,   0.310,correlated_pymatching,6eeeec76c514f4890a9bac6f82eadc4dacda18094a665d9455c865cfa0493683,"{""d"":7,""p"":0.00021544346900318845,""r"":7}",
        64,         0,         0,   0.116,correlated_pymatching,05299ae3d91a1d23b7a98b4fab9722bced6f7c0322d1c013b5613e9b1333028a,"{""d"":5,""p"":0.0001,""r"":5}",
        16,         0,         0,   0.107,correlated_pymatching,4699c8641acdbcb09fa90e429f4a015dbbcbaf20a549f7b8fb0848cb634aaa32,"{""d"":5,""p"":0.00021544346900318845,""r"":5}",
      6144,         0,         0,   0.162,correlated_pymatching,fdbcb28c19e2133d077b79d8f98d8d6e90ec7ccb978dbc5b456da0a65597c597,"{""d"":3,""p"":0.0001,""r"":3}",
        16,         0,         0,   0.117,correlated_pymatching,0d7504514bc847462fb7bf844e1f0e50276024ba162cbd4ed8a518b50493837c,"{""d"":5,""p"":0.00046415888336127773,""r"":5}",
         1,         0,         0,   0.308,correlated_pymatching,4b15e9181b265f1bd4bb78e2597046c0bfb2f5ea7284d5a9b00c9dbde00cc6b8,"{""d"":7,""p"":0.001,""r"":7}",
     15360,         0,         0,    2.29,correlated_pymatching,0d7504514bc847462fb7bf844e1f0e50276024ba162cbd4ed8a518b50493837c,"{""d"":5,""p"":0.00046415888336127773,""r"":5}",
       256,         0,         0,   0.124,correlated_pymatching,05299ae3d91a1d23b7a98b4fab9722bced6f7c0322d1c013b5613e9b1333028a,"{""d"":5,""p"":0.0001,""r"":5}",
        64,         0,         0,   0.110,correlated_pymatching,0d7504514bc847462fb7bf844e1f0e50276024ba162cbd4ed8a518b50493837c,"{""d"":5,""p"":0.00046415888336127773,""r"":5}",
     16384,         0,         0,    2.24,correlated_pymatching,4699c8641acdbcb09fa90e429f4a015dbbcbaf20a549f7b8fb0848cb634aaa32,"{""d"":5,""p"":0.00021544346900318845,""r"":5}",
        64,         0,         0,   0.124,correlated_pymatching,4699c8641acdbcb09fa90e429f4a015dbbcbaf20a549f7b8fb0848cb634aaa32,"{""d"":5,""p"":0.00021544346900318845,""r"":5}",
         2,         0,         0,   0.324,correlated_pymatching,abb2991e452f7d5e7b812c86182d9727735adb857ac5144af87483f02b1f408f,"{""d"":7,""p"":0.0001,""r"":7}",
         1,         0,         0,   0.293,correlated_pymatching,24ae19e9e12dc4a5d5ff6ab426f7093da02d6c545ad9dcaeb864b96970d76080,"{""d"":7,""p"":0.002154434690031882,""r"":7}",
         2,         0,         0,   0.303,correlated_pymatching,24ae19e9e12dc4a5d5ff6ab426f7093da02d6c545ad9dcaeb864b96970d76080,"{""d"":7,""p"":0.002154434690031882,""r"":7}",
         2,         0,         0,   0.312,correlated_pymatching,ba9ef6fd67b86a3622e5664707c8edb6d9b7da2e0b74dac0b87e1334a0339531,"{""d"":7,""p"":0.00046415888336127773,""r"":7}",
      8192,         0,         0,   0.227,correlated_pymatching,fdbcb28c19e2133d077b79d8f98d8d6e90ec7ccb978dbc5b456da0a65597c597,"{""d"":3,""p"":0.0001,""r"":3}",
      1024,         0,         0,   0.120,correlated_pymatching,05299ae3d91a1d23b7a98b4fab9722bced6f7c0322d1c013b5613e9b1333028a,"{""d"":5,""p"":0.0001,""r"":5}",
       256,         0,         0,   0.116,correlated_pymatching,4699c8641acdbcb09fa90e429f4a015dbbcbaf20a549f7b8fb0848cb634aaa32,"{""d"":5,""p"":0.00021544346900318845,""r"":5}",
       256,         0,         0,   0.126,correlated_pymatching,0d7504514bc847462fb7bf844e1f0e50276024ba162cbd4ed8a518b50493837c,"{""d"":5,""p"":0.00046415888336127773,""r"":5}",
         1,         0,         0,   0.314,correlated_pymatching,6eeeec76c514f4890a9bac6f82eadc4dacda18094a665d9455c865cfa0493683,"{""d"":7,""p"":0.00021544346900318845,""r"":7}",
         1,         0,         0,   0.316,correlated_pymatching,4b15e9181b265f1bd4bb78e2597046c0bfb2f5ea7284d5a9b00c9dbde00cc6b8,"{""d"":7,""p"":0.001,""r"":7}",
      1024,         0,         0,   0.128,correlated_pymatching,05299ae3d91a1d23b7a98b4fab9722bced6f7c0322d1c013b5613e9b1333028a,"{""d"":5,""p"":0.0001,""r"":5}",
      1024,         0,         0,   0.134,correlated_pymatching,4699c8641acdbcb09fa90e429f4a015dbbcbaf20a549f7b8fb0848cb634aaa32,"{""d"":5,""p"":0.00021544346900318845,""r"":5}",
      1024,         0,         0,   0.140,correlated_pymatching,0d7504514bc847462fb7bf844e1f0e50276024ba162cbd4ed8a518b50493837c,"{""d"":5,""p"":0.00046415888336127773,""r"":5}",
         2,         0,         0,   0.296,correlated_pymatching,abb2991e452f7d5e7b812c86182d9727735adb857ac5144af87483f02b1f408f,"{""d"":7,""p"":0.0001,""r"":7}",
         2,         0,         0,   0.311,correlated_pymatching,24ae19e9e12dc4a5d5ff6ab426f7093da02d6c545ad9dcaeb864b96970d76080,"{""d"":7,""p"":0.002154434690031882,""r"":7}",
         2,         0,         0,   0.305,correlated_pymatching,24ae19e9e12dc4a5d5ff6ab426f7093da02d6c545ad9dcaeb864b96970d76080,"{""d"":7,""p"":0.002154434690031882,""r"":7}",
      1024,         0,         0,   0.132,correlated_pymatching,05299ae3d91a1d23b7a98b4fab9722bced6f7c0322d1c013b5613e9b1333028a,"{""d"":5,""p"":0.0001,""r"":5}",
      1024,         0,         0,   0.134,correlated_pymatching,4699c8641acdbcb09fa90e429f4a015dbbcbaf20a549f7b8fb0848cb634aaa32,"{""d"":5,""p"":0.00021544346900318845,""r"":5}",
         2,         0,         0,   0.312,correlated_pymatching,ba9ef6fd67b86a3622e5664707c8edb6d9b7da2e0b74dac0b87e1334a0339531,"{""d"":7,""p"":0.00046415888336127773,""r"":7}",
      1024,         0,         0,   0.136,correlated_pymatching,0d7504514bc847462fb7bf844e1f0e50276024ba162cbd4ed8a518b50493837c,"{""d"":5,""p"":0.00046415888336127773,""r"":5}",
     11264,         1,         0,   0.298,correlated_pymatching,fdbcb28c19e2133d077b79d8f98d8d6e90ec7ccb978dbc5b456da0a65597c597,"{""d"":3,""p"":0.0001,""r"":3}","{""obs_mistake_mask=E"":1}"
         1,         0,         0,   0.315,correlated_pymatching,6eeeec76c514f4890a9bac6f82eadc4dacda18094a665d9455c865cfa0493683,"{""d"":7,""p"":0.00021544346900318845,""r"":7}",
      1024,         0,         0,   0.210,correlated_pymatching,05299ae3d91a1d23b7a98b4fab9722bced6f7c0322d1c013b5613e9b1333028a,"{""d"":5,""p"":0.0001,""r"":5}",
      1024,         0,         0,   0.206,correlated_pymatching,4699c8641acdbcb09fa90e429f4a015dbbcbaf20a549f7b8fb0848cb634aaa32,"{""d"":5,""p"":0.00021544346900318845,""r"":5}",
         1,         0,         0,   0.387,correlated_pymatching,4b15e9181b265f1bd4bb78e2597046c0bfb2f5ea7284d5a9b00c9dbde00cc6b8,"{""d"":7,""p"":0.001,""r"":7}",
      1024,         0,         0,   0.248,correlated_pymatching,0d7504514bc847462fb7bf844e1f0e50276024ba162cbd4ed8a518b50493837c,"{""d"":5,""p"":0.00046415888336127773,""r"":5}",
         4,         0,         0,   0.349,correlated_pymatching,abb2991e452f7d5e7b812c86182d9727735adb857ac5144af87483f02b1f408f,"{""d"":7,""p"":0.0001,""r"":7}",
         2,         0,         0,   0.356,correlated_pymatching,24ae19e9e12dc4a5d5ff6ab426f7093da02d6c545ad9dcaeb864b96970d76080,"{""d"":7,""p"":0.002154434690031882,""r"":7}",
         2,         0,         0,   0.332,correlated_pymatching,ba9ef6fd67b86a3622e5664707c8edb6d9b7da2e0b74dac0b87e1334a0339531,"{""d"":7,""p"":0.00046415888336127773,""r"":7}",
         2,         0,         0,   0.363,correlated_pymatching,24ae19e9e12dc4a5d5ff6ab426f7093da02d6c545ad9dcaeb864b96970d76080,"{""d"":7,""p"":0.002154434690031882,""r"":7}",
         1,         0,         0,   0.308,correlated_pymatching,6eeeec76c514f4890a9bac6f82eadc4dacda18094a665d9455c865cfa0493683,"{""d"":7,""p"":0.00021544346900318845,""r"":7}",
     13312,         3,         0,   0.408,correlated_pymatching,fdbcb28c19e2133d077b79d8f98d8d6e90ec7ccb978dbc5b456da0a65597c597,"{""d"":3,""p"":0.0001,""r"":3}","{""obs_mistake_mask=E"":3}"
      2048,         0,         0,   0.265,correlated_pymatching,05299ae3d91a1d23b7a98b4fab9722bced6f7c0322d1c013b5613e9b1333028a,"{""d"":5,""p"":0.0001,""r"":5}",
      2048,         0,         0,   0.268,correlated_pymatching,4699c8641acdbcb09fa90e429f4a015dbbcbaf20a549f7b8fb0848cb634aaa32,"{""d"":5,""p"":0.00021544346900318845,""r"":5}",
         1,         0,         0,   0.317,correlated_pymatching,4b15e9181b265f1bd4bb78e2597046c0bfb2f5ea7284d5a9b00c9dbde00cc6b8,"{""d"":7,""p"":0.001,""r"":7}",
      2048,         1,         0,   0.276,correlated_pymatching,0d7504514bc847462fb7bf844e1f0e50276024ba162cbd4ed8a518b50493837c,"{""d"":5,""p"":0.00046415888336127773,""r"":5}","{""obs_mistake_mask=E"":1}"
         4,         0,         0,   0.303,correlated_pymatching,abb2991e452f7d5e7b812c86182d9727735adb857ac5144af87483f02b1f408f,"{""d"":7,""p"":0.0001,""r"":7}",
         2,         0,         0,   0.302,correlated_pymatching,24ae19e9e12dc4a5d5ff6ab426f7093da02d6c545ad9dcaeb864b96970d76080,"{""d"":7,""p"":0.002154434690031882,""r"":7}",
         2,         0,         0,   0.300,correlated_pymatching,24ae19e9e12dc4a5d5ff6ab426f7093da02d6c545ad9dcaeb864b96970d76080,"{""d"":7,""p"":0.002154434690031882,""r"":7}",
         2,         0,         0,   0.317,correlated_pymatching,ba9ef6fd67b86a3622e5664707c8edb6d9b7da2e0b74dac0b87e1334a0339531,"{""d"":7,""p"":0.00046415888336127773,""r"":7}",
         1,         0,         0,   0.324,correlated_pymatching,6eeeec76c514f4890a9bac6f82eadc4dacda18094a665d9455c865cfa0493683,"{""d"":7,""p"":0.00021544346900318845,""r"":7}",
      2048,         0,         0,   0.263,correlated_pymatching,4699c8641acdbcb09fa90e429f4a015dbbcbaf20a549f7b8fb0848cb634aaa32,"{""d"":5,""p"":0.00021544346900318845,""r"":5}",
      2048,         2,         0,   0.282,correlated_pymatching,0d7504514bc847462fb7bf844e1f0e50276024ba162cbd4ed8a518b50493837c,"{""d"":5,""p"":0.00046415888336127773,""r"":5}","{""obs_mistake_mask=E"":2}"
      3072,         0,         0,   0.370,correlated_pymatching,05299ae3d91a1d23b7a98b4fab9722bced6f7c0322d1c013b5613e9b1333028a,"{""d"":5,""p"":0.0001,""r"":5}",
         4,         0,         0,   0.304,correlated_pymatching,abb2991e452f7d5e7b812c86182d9727735adb857ac5144af87483f02b1f408f,"{""d"":7,""p"":0.0001,""r"":7}",
         1,         0,         0,   0.368,correlated_pymatching,4b15e9181b265f1bd4bb78e2597046c0bfb2f5ea7284d5a9b00c9dbde00cc6b8,"{""d"":7,""p"":0.001,""r"":7}",
         4,         0,         0,   0.300,correlated_pymatching,24ae19e9e12dc4a5d5ff6ab426f7093da02d6c545ad9dcaeb864b96970d76080,"{""d"":7,""p"":0.002154434690031882,""r"":7}",
         2,         0,         0,   0.318,correlated_pymatching,24ae19e9e12dc4a5d5ff6ab426f7093da02d6c545ad9dcaeb864b96970d76080,"{""d"":7,""p"":0.002154434690031882,""r"":7}",
         2,         0,         0,   0.305,correlated_pymatching,ba9ef6fd67b86a3622e5664707c8edb6d9b7da2e0b74dac0b87e1334a0339531,"{""d"":7,""p"":0.00046415888336127773,""r"":7}",
         1,         0,         0,   0.320,correlated_pymatching,6eeeec76c514f4890a9bac6f82eadc4dacda18094a665d9455c865cfa0493683,"{""d"":7,""p"":0.00021544346900318845,""r"":7}",
     21504,         2,         0,   0.581,correlated_pymatching,fdbcb28c19e2133d077b79d8f98d8d6e90ec7ccb978dbc5b456da0a65597c597,"{""d"":3,""p"":0.0001,""r"":3}","{""obs_mistake_mask=E"":2}"
      3072,         0,         0,   0.396,correlated_pymatching,4699c8641acdbcb09fa90e429f4a015dbbcbaf20a549f7b8fb0848cb634aaa32,"{""d"":5,""p"":0.00021544346900318845,""r"":5}",
         4,         0,         0,   0.296,correlated_pymatching,abb2991e452f7d5e7b812c86182d9727735adb857ac5144af87483f02b1f408f,"{""d"":7,""p"":0.0001,""r"":7}",
       720,         0,         0,    8.60,correlated_pymatching,6eeeec76c514f4890a9bac6f82eadc4dacda18094a665d9455c865cfa0493683,"{""d"":7,""p"":0.00021544346900318845,""r"":7}",
         1,         0,         0,   0.316,correlated_pymatching,4b15e9181b265f1bd4bb78e2597046c0bfb2f5ea7284d5a9b00c9dbde00cc6b8,"{""d"":7,""p"":0.001,""r"":7}",
    144384,        13,         0,    4.26,correlated_pymatching,fdbcb28c19e2133d077b79d8f98d8d6e90ec7ccb978dbc5b456da0a65597c597,"{""d"":3,""p"":0.0001,""r"":3}","{""obs_mistake_mask=E"":13}"
         2,         0,         0,   0.302,correlated_pymatching,24ae19e9e12dc4a5d5ff6ab426f7093da02d6c545ad9dcaeb864b96970d76080,"{""d"":7,""p"":0.002154434690031882,""r"":7}",
      3072,         0,         0,   0.423,correlated_pymatching,0d7504514bc847462fb7bf844e1f0e50276024ba162cbd4ed8a518b50493837c,"{""d"":5,""p"":0.00046415888336127773,""r"":5}",
         8,         0,         0,   0.314,correlated_pymatching,24ae19e9e12dc4a5d5ff6ab426f7093da02d6c545ad9dcaeb864b96970d76080,"{""d"":7,""p"":0.002154434690031882,""r"":7}",
         2,         0,         0,   0.329,correlated_pymatching,ba9ef6fd67b86a3622e5664707c8edb6d9b7da2e0b74dac0b87e1334a0339531,"{""d"":7,""p"":0.00046415888336127773,""r"":7}",
     17024,         0,         0,    8.65,correlated_pymatching,abb2991e452f7d5e7b812c86182d9727735adb857ac5144af87483f02b1f408f,"{""d"":7,""p"":0.0001,""r"":7}",
       752,         0,         0,    8.40,correlated_pymatching,ba9ef6fd67b86a3622e5664707c8edb6d9b7da2e0b74dac0b87e1334a0339531,"{""d"":7,""p"":0.00046415888336127773,""r"":7}",
         1,         0,         0,   0.316,correlated_pymatching,6eeeec76c514f4890a9bac6f82eadc4dacda18094a665d9455c865cfa0493683,"{""d"":7,""p"":0.00021544346900318845,""r"":7}",
      4096,         0,         0,   0.499,correlated_pymatching,05299ae3d91a1d23b7a98b4fab9722bced6f7c0322d1c013b5613e9b1333028a,"{""d"":5,""p"":0.0001,""r"":5}",
         8,         0,         0,   0.292,correlated_pymatching,abb2991e452f7d5e7b812c86182d9727735adb857ac5144af87483f02b1f408f,"{""d"":7,""p"":0.0001,""r"":7}",
         1,         0,         0,   0.316,correlated_pymatching,4b15e9181b265f1bd4bb78e2597046c0bfb2f5ea7284d5a9b00c9dbde00cc6b8,"{""d"":7,""p"":0.001,""r"":7}",
         2,         0,         0,   0.310,correlated_pymatching,24ae19e9e12dc4a5d5ff6ab426f7093da02d6c545ad9dcaeb864b96970d76080,"{""d"":7,""p"":0.002154434690031882,""r"":7}",
         8,         0,         0,   0.302,correlated_pymatching,24ae19e9e12dc4a5d5ff6ab426f7093da02d6c545ad9dcaeb864b96970d76080,"{""d"":7,""p"":0.002154434690031882,""r"":7}",
         2,         0,         0,   0.300,correlated_pymatching,ba9ef6fd67b86a3622e5664707c8edb6d9b7da2e0b74dac0b87e1334a0339531,"{""d"":7,""p"":0.00046415888336127773,""r"":7}",
         1,         0,         0,   0.316,correlated_pymatching,6eeeec76c514f4890a9bac6f82eadc4dacda18094a665d9455c865cfa0493683,"{""d"":7,""p"":0.00021544346900318845,""r"":7}",
      3072,         2,         0,   0.412,correlated_pymatching,0d7504514bc847462fb7bf844e1f0e50276024ba162cbd4ed8a518b50493837c,"{""d"":5,""p"":0.00046415888336127773,""r"":5}","{""obs_mistake_mask=E"":2}"
      4096,         0,         0,   0.529,correlated_pymatching,4699c8641acdbcb09fa90e429f4a015dbbcbaf20a549f7b8fb0848cb634aaa32,"{""d"":5,""p"":0.00021544346900318845,""r"":5}",
      1600,         1,         0,    8.65,correlated_pymatching,4b15e9181b265f1bd4bb78e2597046c0bfb2f5ea7284d5a9b00c9dbde00cc6b8,"{""d"":7,""p"":0.001,""r"":7}","{""obs_mistake_mask=E"":1}"
     29696,         1,         0,   0.812,correlated_pymatching,fdbcb28c19e2133d077b79d8f98d8d6e90ec7ccb978dbc5b456da0a65597c597,"{""d"":3,""p"":0.0001,""r"":3}","{""obs_mistake_mask=E"":1}"
         2,         0,         0,   0.291,correlated_pymatching,24ae19e9e12dc4a5d5ff6ab426f7093da02d6c545ad9dcaeb864b96970d76080,"{""d"":7,""p"":0.002154434690031882,""r"":7}",
         1,         0,         0,   0.316,correlated_pymatching,4b15e9181b265f1bd4bb78e2597046c0bfb2f5ea7284d5a9b00c9dbde00cc6b8,"{""d"":7,""p"":0.001,""r"":7}",
         8,         0,         0,   0.304,correlated_pymatching,24ae19e9e12dc4a5d5ff6ab426f7093da02d6c545ad9dcaeb864b96970d76080,"{""d"":7,""p"":0.002154434690031882,""r"":7}",
         4,         0,         0,   0.332,correlated_pymatching,ba9ef6fd67b86a3622e5664707c8edb6d9b7da2e0b74dac0b87e1334a0339531,"{""d"":7,""p"":0.00046415888336127773,""r"":7}",
         1,         0,         0,   0.314,correlated_pymatching,6eeeec76c514f4890a9bac6f82eadc4dacda18094a665d9455c865cfa0493683,"{""d"":7,""p"":0.00021544346900318845,""r"":7}",
      5120,         0,         0,   0.621,correlated_pymatching,05299ae3d91a1d23b7a98b4fab9722bced6f7c0322d1c013b5613e9b1333028a,"{""d"":5,""p"":0.0001,""r"":5}",
        32,         0,         0,   0.620,correlated_pymatching,abb2991e452f7d5e7b812c86182d9727735adb857ac5144af87483f02b1f408f,"{""d"":7,""p"":0.0001,""r"":7}",
         4,         0,         0,   0.293,correlated_pymatching,24ae19e9e12dc4a5d5ff6ab426f7093da02d6c545ad9dcaeb864b96970d76080,"{""d"":7,""p"":0.002154434690031882,""r"":7}",
         1,         0,         0,   0.292,correlated_pymatching,4b15e9181b265f1bd4bb78e2597046c0bfb2f5ea7284d5a9b00c9dbde00cc6b8,"{""d"":7,""p"":0.001,""r"":7}",
         8,         0,         0,   0.312,correlated_pymatching,24ae19e9e12dc4a5d5ff6ab426f7093da02d6c545ad9dcaeb864b96970d76080,"{""d"":7,""p"":0.002154434690031882,""r"":7}",
      4096,         0,         0,   0.571,correlated_pymatching,0d7504514bc847462fb7bf844e1f0e50276024ba162cbd4ed8a518b50493837c,"{""d"":5,""p"":0.00046415888336127773,""r"":5}",
      5120,         0,         0,   0.667,correlated_pymatching,4699c8641acdbcb09fa90e429f4a015dbbcbaf20a549f7b8fb0848cb634aaa32,"{""d"":5,""p"":0.00021544346900318845,""r"":5}",
         8,         0,         0,   0.323,correlated_pymatching,24ae19e9e12dc4a5d5ff6ab426f7093da02d6c545ad9dcaeb864b96970d76080,"{""d"":7,""p"":0.002154434690031882,""r"":7}",
         8,         0,         0,   0.304,correlated_pymatching,24ae19e9e12dc4a5d5ff6ab426f7093da02d6c545ad9dcaeb864b96970d76080,"{""d"":7,""p"":0.002154434690031882,""r"":7}",
        12,         0,         0,   0.623,correlated_pymatching,ba9ef6fd67b86a3622e5664707c8edb6d9b7da2e0b74dac0b87e1334a0339531,"{""d"":7,""p"":0.00046415888336127773,""r"":7}",
         2,         0,         0,   0.632,correlated_pymatching,6eeeec76c514f4890a9bac6f82eadc4dacda18094a665d9455c865cfa0493683,"{""d"":7,""p"":0.00021544346900318845,""r"":7}",
     21504,         2,         0,    3.05,correlated_pymatching,0d7504514bc847462fb7bf844e1f0e50276024ba162cbd4ed8a518b50493837c,"{""d"":5,""p"":0.00046415888336127773,""r"":5}","{""obs_mistake_mask=E"":2}"
        48,         0,         0,   0.595,correlated_pymatching,abb2991e452f7d5e7b812c86182d9727735adb857ac5144af87483f02b1f408f,"{""d"":7,""p"":0.0001,""r"":7}",
     23552,         0,         0,    3.10,correlated_pymatching,4699c8641acdbcb09fa90e429f4a015dbbcbaf20a549f7b8fb0848cb634aaa32,"{""d"":5,""p"":0.00021544346900318845,""r"":5}",
     33792,         0,         0,    4.27,correlated_pymatching,05299ae3d91a1d23b7a98b4fab9722bced6f7c0322d1c013b5613e9b1333028a,"{""d"":5,""p"":0.0001,""r"":5}",
         4,         0,         0,   0.647,correlated_pymatching,4b15e9181b265f1bd4bb78e2597046c0bfb2f5ea7284d5a9b00c9dbde00cc6b8,"{""d"":7,""p"":0.001,""r"":7}",
      7168,         0,         0,   0.881,correlated_pymatching,05299ae3d91a1d23b7a98b4fab9722bced6f7c0322d1c013b5613e9b1333028a,"{""d"":5,""p"":0.0001,""r"":5}",
     41984,         1,         0,    1.13,correlated_pymatching,fdbcb28c19e2133d077b79d8f98d8d6e90ec7ccb978dbc5b456da0a65597c597,"{""d"":3,""p"":0.0001,""r"":3}","{""obs_mistake_mask=E"":1}"
        16,         0,         0,   0.601,correlated_pymatching,24ae19e9e12dc4a5d5ff6ab426f7093da02d6c545ad9dcaeb864b96970d76080,"{""d"":7,""p"":0.002154434690031882,""r"":7}",
        24,         1,         0,   0.620,correlated_pymatching,24ae19e9e12dc4a5d5ff6ab426f7093da02d6c545ad9dcaeb864b96970d76080,"{""d"":7,""p"":0.002154434690031882,""r"":7}","{""obs_mistake_mask=E"":1}"
      6144,         0,         0,   0.853,correlated_pymatching,0d7504514bc847462fb7bf844e1f0e50276024ba162cbd4ed8a518b50493837c,"{""d"":5,""p"":0.00046415888336127773,""r"":5}",
      6144,         0,         0,   0.795,correlated_pymatching,4699c8641acdbcb09fa90e429f4a015dbbcbaf20a549f7b8fb0848cb634aaa32,"{""d"":5,""p"":0.00021544346900318845,""r"":5}",
        16,         0,         0,   0.644,correlated_pymatching,ba9ef6fd67b86a3622e5664707c8edb6d9b7da2e0b74dac0b87e1334a0339531,"{""d"":7,""p"":0.00046415888336127773,""r"":7}",
         2,         0,         0,   0.629,correlated_pymatching,6eeeec76c514f4890a9bac6f82eadc4dacda18094a665d9455c865cfa0493683,"{""d"":7,""p"":0.00021544346900318845,""r"":7}",
         4,         0,         0,   0.620,correlated_pymatching,4b15e9181b265f1bd4bb78e2597046c0bfb2f5ea7284d5a9b00c9dbde00cc6b8,"{""d"":7,""p"":0.001,""r"":7}",
        96,         0,         0,   0.920,correlated_pymatching,abb2991e452f7d5e7b812c86182d9727735adb857ac5144af87483f02b1f408f,"{""d"":7,""p"":0.0001,""r"":7}",
        48,         0,         0,   0.624,correlated_pymatching,24ae19e9e12dc4a5d5ff6ab426f7093da02d6c545ad9dcaeb864b96970d76080,"{""d"":7,""p"":0.002154434690031882,""r"":7}",
        32,         0,         0,   0.631,correlated_pymatching,24ae19e9e12dc4a5d5ff6ab426f7093da02d6c545ad9dcaeb864b96970d76080,"{""d"":7,""p"":0.002154434690031882,""r"":7}",
      9216,         0,         0,    1.15,correlated_pymatching,05299ae3d91a1d23b7a98b4fab9722bced6f7c0322d1c013b5613e9b1333028a,"{""d"":5,""p"":0.0001,""r"":5}",
        24,         0,         0,   0.940,correlated_pymatching,ba9ef6fd67b86a3622e5664707c8edb6d9b7da2e0b74dac0b87e1334a0339531,"{""d"":7,""p"":0.00046415888336127773,""r"":7}",
         3,         0,         0,   0.939,correlated_pymatching,6eeeec76c514f4890a9bac6f82eadc4dacda18094a665d9455c865cfa0493683,"{""d"":7,""p"":0.00021544346900318845,""r"":7}",
      8192,         1,         0,    1.16,correlated_pymatching,0d7504514bc847462fb7bf844e1f0e50276024ba162cbd4ed8a518b50493837c,"{""d"":5,""p"":0.00046415888336127773,""r"":5}","{""obs_mistake_mask=E"":1}"
      9216,         0,         0,    1.20,correlated_pymatching,4699c8641acdbcb09fa90e429f4a015dbbcbaf20a549f7b8fb0848cb634aaa32,"{""d"":5,""p"":0.00021544346900318845,""r"":5}",
      5120,        14,         0,    8.65,correlated_pymatching,24ae19e9e12dc4a5d5ff6ab426f7093da02d6c545ad9dcaeb864b96970d76080,"{""d"":7,""p"":0.002154434690031882,""r"":7}","{""obs_mistake_mask=E"":14}"
         6,         0,         0,   0.947,correlated_pymatching,4b15e9181b265f1bd4bb78e2597046c0bfb2f5ea7284d5a9b00c9dbde00cc6b8,"{""d"":7,""p"":0.001,""r"":7}",
     56320,         5,         0,    1.55,correlated_pymatching,fdbcb28c19e2133d077b79d8f98d8d6e90ec7ccb978dbc5b456da0a65597c597,"{""d"":3,""p"":0.0001,""r"":3}","{""obs_mistake_mask=E"":5}"
        48,         0,         0,   0.912,correlated_pymatching,24ae19e9e12dc4a5d5ff6ab426f7093da02d6c545ad9dcaeb864b96970d76080,"{""d"":7,""p"":0.002154434690031882,""r"":7}",
        96,         2,         0,   0.935,correlated_pymatching,24ae19e9e12dc4a5d5ff6ab426f7093da02d6c545ad9dcaeb864b96970d76080,"{""d"":7,""p"":0.002154434690031882,""r"":7}","{""obs_mistake_mask=E"":2}"
       448,         0,         0,    1.21,correlated_pymatching,abb2991e452f7d5e7b812c86182d9727735adb857ac5144af87483f02b1f408f,"{""d"":7,""p"":0.0001,""r"":7}",
        56,         0,         0,    1.26,correlated_pymatching,ba9ef6fd67b86a3622e5664707c8edb6d9b7da2e0b74dac0b87e1334a0339531,"{""d"":7,""p"":0.00046415888336127773,""r"":7}",
         4,         0,         0,    1.24,correlated_pymatching,6eeeec76c514f4890a9bac6f82eadc4dacda18094a665d9455c865cfa0493683,"{""d"":7,""p"":0.00021544346900318845,""r"":7}",
         8,         0,         0,    1.25,correlated_pymatching,4b15e9181b265f1bd4bb78e2597046c0bfb2f5ea7284d5a9b00c9dbde00cc6b8,"{""d"":7,""p"":0.001,""r"":7}",
     13312,         0,         0,    1.65,correlated_pymatching,05299ae3d91a1d23b7a98b4fab9722bced6f7c0322d1c013b5613e9b1333028a,"{""d"":5,""p"":0.0001,""r"":5}",
     11264,         4,         0,    1.60,correlated_pymatching,0d7504514bc847462fb7bf844e1f0e50276024ba162cbd4ed8a518b50493837c,"{""d"":5,""p"":0.00046415888336127773,""r"":5}","{""obs_mistake_mask=E"":4}"
        64,         0,         0,    1.23,correlated_pymatching,24ae19e9e12dc4a5d5ff6ab426f7093da02d6c545ad9dcaeb864b96970d76080,"{""d"":7,""p"":0.002154434690031882,""r"":7}",
     12288,         1,         0,    1.59,correlated_pymatching,4699c8641acdbcb09fa90e429f4a015dbbcbaf20a549f7b8fb0848cb634aaa32,"{""d"":5,""p"":0.00021544346900318845,""r"":5}","{""obs_mistake_mask=E"":1}"
       256,         1,         0,    1.41,correlated_pymatching,24ae19e9e12dc4a5d5ff6ab426f7093da02d6c545ad9dcaeb864b96970d76080,"{""d"":7,""p"":0.002154434690031882,""r"":7}","{""obs_mistake_mask=E"":1}"
    248832,        24,         0,    11.7,correlated_pymatching,fdbcb28c19e2133d077b79d8f98d8d6e90ec7ccb978dbc5b456da0a65597c597,"{""d"":3,""p"":0.0001,""r"":3}","{""obs_mistake_mask=E"":24}"
      1792,         0,         0,    1.66,correlated_pymatching,abb2991e452f7d5e7b812c86182d9727735adb857ac5144af87483f02b1f408f,"{""d"":7,""p"":0.0001,""r"":7}",
    407552,        37,         0,    11.7,correlated_pymatching,fdbcb28c19e2133d077b79d8f98d8d6e90ec7ccb978dbc5b456da0a65597c597,"{""d"":3,""p"":0.0001,""r"":3}","{""obs_mistake_mask=E"":37}"
     72704,         6,         0,    2.21,correlated_pymatching,fdbcb28c19e2133d077b79d8f98d8d6e90ec7ccb978dbc5b456da0a65597c597,"{""d"":3,""p"":0.0001,""r"":3}","{""obs_mistake_mask=E"":6}"
     30720,         4,         0,    4.40,correlated_pymatching,0d7504514bc847462fb7bf844e1f0e50276024ba162cbd4ed8a518b50493837c,"{""d"":5,""p"":0.00046415888336127773,""r"":5}","{""obs_mistake_mask=E"":4}"
        80,         0,         0,    1.66,correlated_pymatching,ba9ef6fd67b86a3622e5664707c8edb6d9b7da2e0b74dac0b87e1334a0339531,"{""d"":7,""p"":0.00046415888336127773,""r"":7}",
     32768,         1,         0,    4.38,correlated_pymatching,4699c8641acdbcb09fa90e429f4a015dbbcbaf20a549f7b8fb0848cb634aaa32,"{""d"":5,""p"":0.00021544346900318845,""r"":5}","{""obs_mistake_mask=E"":1}"
         5,         0,         0,    1.71,correlated_pymatching,6eeeec76c514f4890a9bac6f82eadc4dacda18094a665d9455c865cfa0493683,"{""d"":7,""p"":0.00021544346900318845,""r"":7}",
    211968,        16,         0,    5.98,correlated_pymatching,fdbcb28c19e2133d077b79d8f98d8d6e90ec7ccb978dbc5b456da0a65597c597,"{""d"":3,""p"":0.0001,""r"":3}","{""obs_mistake_mask=E"":16}"
        36,         0,         0,    1.81,correlated_pymatching,4b15e9181b265f1bd4bb78e2597046c0bfb2f5ea7284d5a9b00c9dbde00cc6b8,"{""d"":7,""p"":0.001,""r"":7}",
     89088,         0,         0,    11.8,correlated_pymatching,05299ae3d91a1d23b7a98b4fab9722bced6f7c0322d1c013b5613e9b1333028a,"{""d"":5,""p"":0.0001,""r"":5}",
        80,         0,         0,    1.69,correlated_pymatching,24ae19e9e12dc4a5d5ff6ab426f7093da02d6c545ad9dcaeb864b96970d76080,"{""d"":7,""p"":0.002154434690031882,""r"":7}",
     87040,         3,         0,    11.8,correlated_pymatching,4699c8641acdbcb09fa90e429f4a015dbbcbaf20a549f7b8fb0848cb634aaa32,"{""d"":5,""p"":0.00021544346900318845,""r"":5}","{""obs_mistake_mask=E"":3}"
     79872,        17,         0,    11.8,correlated_pymatching,0d7504514bc847462fb7bf844e1f0e50276024ba162cbd4ed8a518b50493837c,"{""d"":5,""p"":0.00046415888336127773,""r"":5}","{""obs_mistake_mask=E"":17}"
       320,         2,         0,    1.76,correlated_pymatching,24ae19e9e12dc4a5d5ff6ab426f7093da02d6c545ad9dcaeb864b96970d76080,"{""d"":7,""p"":0.002154434690031882,""r"":7}","{""obs_mistake_mask=E"":2}"
     16384,         0,         0,    2.26,correlated_pymatching,05299ae3d91a1d23b7a98b4fab9722bced6f7c0322d1c013b5613e9b1333028a,"{""d"":5,""p"":0.0001,""r"":5}",
     15360,         0,         0,    2.18,correlated_pymatching,4699c8641acdbcb09fa90e429f4a015dbbcbaf20a549f7b8fb0848cb634aaa32,"{""d"":5,""p"":0.00021544346900318845,""r"":5}",
     14336,         1,         0,    2.26,correlated_pymatching,0d7504514bc847462fb7bf844e1f0e50276024ba162cbd4ed8a518b50493837c,"{""d"":5,""p"":0.00046415888336127773,""r"":5}","{""obs_mistake_mask=E"":1}"
     86016,         0,         0,    11.7,correlated_pymatching,4699c8641acdbcb09fa90e429f4a015dbbcbaf20a549f7b8fb0848cb634aaa32,"{""d"":5,""p"":0.00021544346900318845,""r"":5}",
     46080,         0,         0,    6.06,correlated_pymatching,05299ae3d91a1d23b7a98b4fab9722bced6f7c0322d1c013b5613e9b1333028a,"{""d"":5,""p"":0.0001,""r"":5}",
      3584,         0,         0,    2.42,correlated_pymatching,abb2991e452f7d5e7b812c86182d9727735adb857ac5144af87483f02b1f408f,"{""d"":7,""p"":0.0001,""r"":7}",
     76070,        11,         0,    2.23,correlated_pymatching,fdbcb28c19e2133d077b79d8f98d8d6e90ec7ccb978dbc5b456da0a65597c597,"{""d"":3,""p"":0.0001,""r"":3}","{""obs_mistake_mask=E"":11}"
       128,         0,         0,    2.23,correlated_pymatching,ba9ef6fd67b86a3622e5664707c8edb6d9b7da2e0b74dac0b87e1334a0339531,"{""d"":7,""p"":0.00046415888336127773,""r"":7}",
     53248,         0,         0,    11.7,correlated_pymatching,05299ae3d91a1d23b7a98b4fab9722bced6f7c0322d1c013b5613e9b1333028a,"{""d"":5,""p"":0.0001,""r"":5}",
     78848,         8,         0,    11.8,correlated_pymatching,0d7504514bc847462fb7bf844e1f0e50276024ba162cbd4ed8a518b50493837c,"{""d"":5,""p"":0.00046415888336127773,""r"":5}","{""obs_mistake_mask=E"":8}"
        18,         0,         0,    2.46,correlated_pymatching,6eeeec76c514f4890a9bac6f82eadc4dacda18094a665d9455c865cfa0493683,"{""d"":7,""p"":0.00021544346900318845,""r"":7}",
    105472,        11,         0,    3.06,correlated_pymatching,fdbcb28c19e2133d077b79d8f98d8d6e90ec7ccb978dbc5b456da0a65597c597,"{""d"":3,""p"":0.0001,""r"":3}","{""obs_mistake_mask=E"":11}"
       112,         0,         0,    2.32,correlated_pymatching,24ae19e9e12dc4a5d5ff6ab426f7093da02d6c545ad9dcaeb864b96970d76080,"{""d"":7,""p"":0.002154434690031882,""r"":7}",
       120,         0,         0,    2.49,correlated_pymatching,4b15e9181b265f1bd4bb78e2597046c0bfb2f5ea7284d5a9b00c9dbde00cc6b8,"{""d"":7,""p"":0.001,""r"":7}",
       448,         4,         0,    2.43,correlated_pymatching,24ae19e9e12dc4a5d5ff6ab426f7093da02d6c545ad9dcaeb864b96970d76080,"{""d"":7,""p"":0.002154434690031882,""r"":7}","{""obs_mistake_mask=E"":4}"
     25600,         7,         0,    11.9,correlated_pymatching,4b15e9181b265f1bd4bb78e2597046c0bfb2f5ea7284d5a9b00c9dbde00cc6b8,"{""d"":7,""p"":0.001,""r"":7}","{""obs_mistake_mask=E"":7}"
     33792,         0,         0,    11.9,correlated_pymatching,6eeeec76c514f4890a9bac6f82eadc4dacda18094a665d9455c865cfa0493683,"{""d"":7,""p"":0.00021544346900318845,""r"":7}",
      5376,         0,         0,    11.7,correlated_pymatching,ba9ef6fd67b86a3622e5664707c8edb6d9b7da2e0b74dac0b87e1334a0339531,"{""d"":7,""p"":0.00046415888336127773,""r"":7}",
     18432,        75,         0,    12.2,correlated_pymatching,24ae19e9e12dc4a5d5ff6ab426f7093da02d6c545ad9dcaeb864b96970d76080,"{""d"":7,""p"":0.002154434690031882,""r"":7}","{""obs_mistake_mask=E"":75}"
     35840,         0,         0,    11.9,correlated_pymatching,abb2991e452f7d5e7b812c86182d9727735adb857ac5144af87483f02b1f408f,"{""d"":7,""p"":0.0001,""r"":7}",
     37272,         3,         0,    1.10,correlated_pymatching,fdbcb28c19e2133d077b79d8f98d8d6e90ec7ccb978dbc5b456da0a65597c597,"{""d"":3,""p"":0.0001,""r"":3}","{""obs_mistake_mask=E"":3}"
    120832,        14,         0,    3.68,correlated_pymatching,fdbcb28c19e2133d077b79d8f98d8d6e90ec7ccb978dbc5b456da0a65597c597,"{""d"":3,""p"":0.0001,""r"":3}","{""obs_mistake_mask=E"":14}"
     23552,         0,         0,    3.05,correlated_pymatching,05299ae3d91a1d23b7a98b4fab9722bced6f7c0322d1c013b5613e9b1333028a,"{""d"":5,""p"":0.0001,""r"":5}",
     22528,         1,         0,    3.06,correlated_pymatching,4699c8641acdbcb09fa90e429f4a015dbbcbaf20a549f7b8fb0848cb634aaa32,"{""d"":5,""p"":0.00021544346900318845,""r"":5}","{""obs_mistake_mask=E"":1}"
     21504,         1,         0,    3.19,correlated_pymatching,0d7504514bc847462fb7bf844e1f0e50276024ba162cbd4ed8a518b50493837c,"{""d"":5,""p"":0.00046415888336127773,""r"":5}","{""obs_mistake_mask=E"":1}"
    107058,        11,         0,    5.30,correlated_pymatching,fdbcb28c19e2133d077b79d8f98d8d6e90ec7ccb978dbc5b456da0a65597c597,"{""d"":3,""p"":0.0001,""r"":3}","{""obs_mistake_mask=E"":11}"
     89088,         7,         0,    2.63,correlated_pymatching,fdbcb28c19e2133d077b79d8f98d8d6e90ec7ccb978dbc5b456da0a65597c597,"{""d"":3,""p"":0.0001,""r"":3}","{""obs_mistake_mask=E"":7}"
      7511,         1,         0,   0.406,correlated_pymatching,fdbcb28c19e2133d077b79d8f98d8d6e90ec7ccb978dbc5b456da0a65597c597,"{""d"":3,""p"":0.0001,""r"":3}","{""obs_mistake_mask=E"":1}"
     35686,         3,         0,    1.12,correlated_pymatching,fdbcb28c19e2133d077b79d8f98d8d6e90ec7ccb978dbc5b456da0a65597c597,"{""d"":3,""p"":0.0001,""r"":3}","{""obs_mistake_mask=E"":3}"
     30720,         5,         0,    1.13,correlated_pymatching,fdbcb28c19e2133d077b79d8f98d8d6e90ec7ccb978dbc5b456da0a65597c597,"{""d"":3,""p"":0.0001,""r"":3}","{""obs_mistake_mask=E"":5}"
      1653,         0,         0,   0.050,correlated_pymatching,fdbcb28c19e2133d077b79d8f98d8d6e90ec7ccb978dbc5b456da0a65597c597,"{""d"":3,""p"":0.0001,""r"":3}",
     15360,         2,         0,   0.491,correlated_pymatching,fdbcb28c19e2133d077b79d8f98d8d6e90ec7ccb978dbc5b456da0a65597c597,"{""d"":3,""p"":0.0001,""r"":3}","{""obs_mistake_mask=E"":2}"
      6656,         0,         0,    3.25,correlated_pymatching,abb2991e452f7d5e7b812c86182d9727735adb857ac5144af87483f02b1f408f,"{""d"":7,""p"":0.0001,""r"":7}",
       826,         0,         0,   0.018,correlated_pymatching,fdbcb28c19e2133d077b79d8f98d8d6e90ec7ccb978dbc5b456da0a65597c597,"{""d"":3,""p"":0.0001,""r"":3}",
      1654,         0,         0,   0.046,correlated_pymatching,fdbcb28c19e2133d077b79d8f98d8d6e90ec7ccb978dbc5b456da0a65597c597,"{""d"":3,""p"":0.0001,""r"":3}",
      4874,         0,         0,   0.130,correlated_pymatching,fdbcb28c19e2133d077b79d8f98d8d6e90ec7ccb978dbc5b456da0a65597c597,"{""d"":3,""p"":0.0001,""r"":3}",
      4096,         0,         0,   0.171,correlated_pymatching,fdbcb28c19e2133d077b79d8f98d8d6e90ec7ccb978dbc5b456da0a65597c597,"{""d"":3,""p"":0.0001,""r"":3}",
      3242,         0,         0,   0.101,correlated_pymatching,fdbcb28c19e2133d077b79d8f98d8d6e90ec7ccb978dbc5b456da0a65597c597,"{""d"":3,""p"":0.0001,""r"":3}",
      1610,         1,         0,   0.055,correlated_pymatching,fdbcb28c19e2133d077b79d8f98d8d6e90ec7ccb978dbc5b456da0a65597c597,"{""d"":3,""p"":0.0001,""r"":3}","{""obs_mistake_mask=E"":1}"
       778,         0,         0,   0.037,correlated_pymatching,fdbcb28c19e2133d077b79d8f98d8d6e90ec7ccb978dbc5b456da0a65597c597,"{""d"":3,""p"":0.0001,""r"":3}",
      3242,         0,         0,   0.106,correlated_pymatching,fdbcb28c19e2133d077b79d8f98d8d6e90ec7ccb978dbc5b456da0a65597c597,"{""d"":3,""p"":0.0001,""r"":3}",
       704,         0,         0,    3.07,correlated_pymatching,ba9ef6fd67b86a3622e5664707c8edb6d9b7da2e0b74dac0b87e1334a0339531,"{""d"":7,""p"":0.00046415888336127773,""r"":7}",
        36,         0,         0,    3.05,correlated_pymatching,6eeeec76c514f4890a9bac6f82eadc4dacda18094a665d9455c865cfa0493683,"{""d"":7,""p"":0.00021544346900318845,""r"":7}",
       336,         2,         0,    3.10,correlated_pymatching,24ae19e9e12dc4a5d5ff6ab426f7093da02d6c545ad9dcaeb864b96970d76080,"{""d"":7,""p"":0.002154434690031882,""r"":7}","{""obs_mistake_mask=E"":2}"
      1536,         0,         0,    11.8,correlated_pymatching,6eeeec76c514f4890a9bac6f82eadc4dacda18094a665d9455c865cfa0493683,"{""d"":7,""p"":0.00021544346900318845,""r"":7}",
     34816,         0,         0,    11.7,correlated_pymatching,abb2991e452f7d5e7b812c86182d9727735adb857ac5144af87483f02b1f408f,"{""d"":7,""p"":0.0001,""r"":7}",
       320,         0,         0,    3.12,correlated_pymatching,4b15e9181b265f1bd4bb78e2597046c0bfb2f5ea7284d5a9b00c9dbde00cc6b8,"{""d"":7,""p"":0.001,""r"":7}",
         1,         0,         0,   0.347,correlated_pymatching,4b15e9181b265f1bd4bb78e2597046c0bfb2f5ea7284d5a9b00c9dbde00cc6b8,"{""d"":7,""p"":0.001,""r"":7}",
         1,         0,         0,   0.347,correlated_pymatching,6eeeec76c514f4890a9bac6f82eadc4dacda18094a665d9455c865cfa0493683,"{""d"":7,""p"":0.00021544346900318845,""r"":7}",
         1,         0,         0,   0.326,correlated_pymatching,ba9ef6fd67b86a3622e5664707c8edb6d9b7da2e0b74dac0b87e1334a0339531,"{""d"":7,""p"":0.00046415888336127773,""r"":7}",
     40960,         6,         0,    5.98,correlated_pymatching,0d7504514bc847462fb7bf844e1f0e50276024ba162cbd4ed8a518b50493837c,"{""d"":5,""p"":0.00046415888336127773,""r"":5}","{""obs_mistake_mask=E"":6}"
     44032,         0,         0,    6.02,correlated_pymatching,4699c8641acdbcb09fa90e429f4a015dbbcbaf20a549f7b8fb0848cb634aaa32,"{""d"":5,""p"":0.00021544346900318845,""r"":5}",
      2304,         0,         0,    11.9,correlated_pymatching,ba9ef6fd67b86a3622e5664707c8edb6d9b7da2e0b74dac0b87e1334a0339531,"{""d"":7,""p"":0.00046415888336127773,""r"":7}",
         1,         0,         0,   0.315,correlated_pymatching,4b15e9181b265f1bd4bb78e2597046c0bfb2f5ea7284d5a9b00c9dbde00cc6b8,"{""d"":7,""p"":0.001,""r"":7}",
         1,         0,         0,   0.316,correlated_pymatching,ba9ef6fd67b86a3622e5664707c8edb6d9b7da2e0b74dac0b87e1334a0339531,"{""d"":7,""p"":0.00046415888336127773,""r"":7}",
         1,         0,         0,   0.337,correlated_pymatching,6eeeec76c514f4890a9bac6f82eadc4dacda18094a665d9455c865cfa0493683,"{""d"":7,""p"":0.00021544346900318845,""r"":7}",
         1,         0,         0,   0.537,correlated_pymatching,abb2991e452f7d5e7b812c86182d9727735adb857ac5144af87483f02b1f408f,"{""d"":7,""p"":0.0001,""r"":7}",
      1536,         5,         0,    3.26,correlated_pymatching,24ae19e9e12dc4a5d5ff6ab426f7093da02d6c545ad9dcaeb864b96970d76080,"{""d"":7,""p"":0.002154434690031882,""r"":7}","{""obs_mistake_mask=E"":5}"
      2240,         0,         0,    11.8,correlated_pymatching,4b15e9181b265f1bd4bb78e2597046c0bfb2f5ea7284d5a9b00c9dbde00cc6b8,"{""d"":7,""p"":0.001,""r"":7}",
         1,         0,         0,   0.309,correlated_pymatching,4b15e9181b265f1bd4bb78e2597046c0bfb2f5ea7284d5a9b00c9dbde00cc6b8,"{""d"":7,""p"":0.001,""r"":7}",
         1,         0,         0,   0.311,correlated_pymatching,ba9ef6fd67b86a3622e5664707c8edb6d9b7da2e0b74dac0b87e1334a0339531,"{""d"":7,""p"":0.00046415888336127773,""r"":7}",
         1,         0,         0,   0.318,correlated_pymatching,6eeeec76c514f4890a9bac6f82eadc4dacda18094a665d9455c865cfa0493683,"{""d"":7,""p"":0.00021544346900318845,""r"":7}",
         1,         0,         0,   0.492,correlated_pymatching,abb2991e452f7d5e7b812c86182d9727735adb857ac5144af87483f02b1f408f,"{""d"":7,""p"":0.0001,""r"":7}",
         1,         0,         0,   0.315,correlated_pymatching,4b15e9181b265f1bd4bb78e2597046c0bfb2f5ea7284d5a9b00c9dbde00cc6b8,"{""d"":7,""p"":0.001,""r"":7}",
         1,         0,         0,   0.308,correlated_pymatching,ba9ef6fd67b86a3622e5664707c8edb6d9b7da2e0b74dac0b87e1334a0339531,"{""d"":7,""p"":0.00046415888336127773,""r"":7}",
         1,         0,         0,   0.320,correlated_pymatching,6eeeec76c514f4890a9bac6f82eadc4dacda18094a665d9455c865cfa0493683,"{""d"":7,""p"":0.00021544346900318845,""r"":7}",
         1,         0,         0,   0.308,correlated_pymatching,4b15e9181b265f1bd4bb78e2597046c0bfb2f5ea7284d5a9b00c9dbde00cc6b8,"{""d"":7,""p"":0.001,""r"":7}",
         1,         0,         0,   0.316,correlated_pymatching,ba9ef6fd67b86a3622e5664707c8edb6d9b7da2e0b74dac0b87e1334a0339531,"{""d"":7,""p"":0.00046415888336127773,""r"":7}",
         1,         0,         0,   0.308,correlated_pymatching,6eeeec76c514f4890a9bac6f82eadc4dacda18094a665d9455c865cfa0493683,"{""d"":7,""p"":0.00021544346900318845,""r"":7}",
         1,         0,         0,   0.500,correlated_pymatching,abb2991e452f7d5e7b812c86182d9727735adb857ac5144af87483f02b1f408f,"{""d"":7,""p"":0.0001,""r"":7}",
         1,         0,         0,   0.258,correlated_pymatching,ba9ef6fd67b86a3622e5664707c8edb6d9b7da2e0b74dac0b87e1334a0339531,"{""d"":7,""p"":0.00046415888336127773,""r"":7}",
         1,         0,         0,   0.324,correlated_pymatching,4b15e9181b265f1bd4bb78e2597046c0bfb2f5ea7284d5a9b00c9dbde00cc6b8,"{""d"":7,""p"":0.001,""r"":7}",
         1,         0,         0,   0.316,correlated_pymatching,6eeeec76c514f4890a9bac6f82eadc4dacda18094a665d9455c865cfa0493683,"{""d"":7,""p"":0.00021544346900318845,""r"":7}",
         2,         0,         0,   0.337,correlated_pymatching,ba9ef6fd67b86a3622e5664707c8edb6d9b7da2e0b74dac0b87e1334a0339531,"{""d"":7,""p"":0.00046415888336127773,""r"":7}",
         1,         0,         0,   0.300,correlated_pymatching,4b15e9181b265f1bd4bb78e2597046c0bfb2f5ea7284d5a9b00c9dbde00cc6b8,"{""d"":7,""p"":0.001,""r"":7}",
         1,         0,         0,   0.496,correlated_pymatching,abb2991e452f7d5e7b812c86182d9727735adb857ac5144af87483f02b1f408f,"{""d"":7,""p"":0.0001,""r"":7}",
         1,         0,         0,   0.316,correlated_pymatching,6eeeec76c514f4890a9bac6f82eadc4dacda18094a665d9455c865cfa0493683,"{""d"":7,""p"":0.00021544346900318845,""r"":7}",
         2,         0,         0,   0.304,correlated_pymatching,4b15e9181b265f1bd4bb78e2597046c0bfb2f5ea7284d5a9b00c9dbde00cc6b8,"{""d"":7,""p"":0.001,""r"":7}",
         2,         0,         0,   0.328,correlated_pymatching,ba9ef6fd67b86a3622e5664707c8edb6d9b7da2e0b74dac0b87e1334a0339531,"{""d"":7,""p"":0.00046415888336127773,""r"":7}",
         1,         0,         0,   0.312,correlated_pymatching,6eeeec76c514f4890a9bac6f82eadc4dacda18094a665d9455c865cfa0493683,"{""d"":7,""p"":0.00021544346900318845,""r"":7}",
     32768,         0,         0,    4.34,correlated_pymatching,05299ae3d91a1d23b7a98b4fab9722bced6f7c0322d1c013b5613e9b1333028a,"{""d"":5,""p"":0.0001,""r"":5}",
         1,         0,         0,   0.428,correlated_pymatching,abb2991e452f7d5e7b812c86182d9727735adb857ac5144af87483f02b1f408f,"{""d"":7,""p"":0.0001,""r"":7}",
         2,         0,         0,   0.268,correlated_pymatching,ba9ef6fd67b86a3622e5664707c8edb6d9b7da2e0b74dac0b87e1334a0339531,"{""d"":7,""p"":0.00046415888336127773,""r"":7}",
         2,         0,         0,   0.320,correlated_pymatching,4b15e9181b265f1bd4bb78e2597046c0bfb2f5ea7284d5a9b00c9dbde00cc6b8,"{""d"":7,""p"":0.001,""r"":7}",
     32768,         0,         0,    4.38,correlated_pymatching,4699c8641acdbcb09fa90e429f4a015dbbcbaf20a549f7b8fb0848cb634aaa32,"{""d"":5,""p"":0.00021544346900318845,""r"":5}",
         1,         0,         0,   0.348,correlated_pymatching,6eeeec76c514f4890a9bac6f82eadc4dacda18094a665d9455c865cfa0493683,"{""d"":7,""p"":0.00021544346900318845,""r"":7}",
     31744,         5,         0,    4.32,correlated_pymatching,0d7504514bc847462fb7bf844e1f0e50276024ba162cbd4ed8a518b50493837c,"{""d"":5,""p"":0.00046415888336127773,""r"":5}","{""obs_mistake_mask=E"":5}"
         4,         0,         0,   0.288,correlated_pymatching,ba9ef6fd67b86a3622e5664707c8edb6d9b7da2e0b74dac0b87e1334a0339531,"{""d"":7,""p"":0.00046415888336127773,""r"":7}",
         2,         0,         0,   0.313,correlated_pymatching,4b15e9181b265f1bd4bb78e2597046c0bfb2f5ea7284d5a9b00c9dbde00cc6b8,"{""d"":7,""p"":0.001,""r"":7}",
         1,         0,         0,   0.528,correlated_pymatching,abb2991e452f7d5e7b812c86182d9727735adb857ac5144af87483f02b1f408f,"{""d"":7,""p"":0.0001,""r"":7}",
         1,         0,         0,   0.319,correlated_pymatching,6eeeec76c514f4890a9bac6f82eadc4dacda18094a665d9455c865cfa0493683,"{""d"":7,""p"":0.00021544346900318845,""r"":7}",
         8,         0,         0,   0.308,correlated_pymatching,ba9ef6fd67b86a3622e5664707c8edb6d9b7da2e0b74dac0b87e1334a0339531,"{""d"":7,""p"":0.00046415888336127773,""r"":7}",
      7168,        31,         0,    11.9,correlated_pymatching,24ae19e9e12dc4a5d5ff6ab426f7093da02d6c545ad9dcaeb864b96970d76080,"{""d"":7,""p"":0.002154434690031882,""r"":7}","{""obs_mistake_mask=E"":31}"
         1,         0,         0,   0.477,correlated_pymatching,abb2991e452f7d5e7b812c86182d9727735adb857ac5144af87483f02b1f408f,"{""d"":7,""p"":0.0001,""r"":7}",
         3,         0,         0,   0.451,correlated_pymatching,6eeeec76c514f4890a9bac6f82eadc4dacda18094a665d9455c865cfa0493683,"{""d"":7,""p"":0.00021544346900318845,""r"":7}",
         6,         0,         0,   0.575,correlated_pymatching,4b15e9181b265f1bd4bb78e2597046c0bfb2f5ea7284d5a9b00c9dbde00cc6b8,"{""d"":7,""p"":0.001,""r"":7}",
     14336,         0,         0,    4.34,correlated_pymatching,abb2991e452f7d5e7b812c86182d9727735adb857ac5144af87483f02b1f408f,"{""d"":7,""p"":0.0001,""r"":7}",
        16,         0,         0,   0.636,correlated_pymatching,ba9ef6fd67b86a3622e5664707c8edb6d9b7da2e0b74dac0b87e1334a0339531,"{""d"":7,""p"":0.00046415888336127773,""r"":7}",
         1,         0,         0,   0.383,correlated_pymatching,abb2991e452f7d5e7b812c86182d9727735adb857ac5144af87483f02b1f408f,"{""d"":7,""p"":0.0001,""r"":7}",
      4096,         0,         0,    4.44,correlated_pymatching,ba9ef6fd67b86a3622e5664707c8edb6d9b7da2e0b74dac0b87e1334a0339531,"{""d"":7,""p"":0.00046415888336127773,""r"":7}",
       120,         0,         0,    4.36,correlated_pymatching,6eeeec76c514f4890a9bac6f82eadc4dacda18094a665d9455c865cfa0493683,"{""d"":7,""p"":0.00021544346900318845,""r"":7}",
        12,         0,         0,   0.599,correlated_pymatching,4b15e9181b265f1bd4bb78e2597046c0bfb2f5ea7284d5a9b00c9dbde00cc6b8,"{""d"":7,""p"":0.001,""r"":7}",
         8,         0,         0,   0.623,correlated_pymatching,6eeeec76c514f4890a9bac6f82eadc4dacda18094a665d9455c865cfa0493683,"{""d"":7,""p"":0.00021544346900318845,""r"":7}",
         1,         0,         0,   0.501,correlated_pymatching,abb2991e452f7d5e7b812c86182d9727735adb857ac5144af87483f02b1f408f,"{""d"":7,""p"":0.0001,""r"":7}",
     69632,         0,         0,    8.44,correlated_pymatching,05299ae3d91a1d23b7a98b4fab9722bced6f7c0322d1c013b5613e9b1333028a,"{""d"":5,""p"":0.0001,""r"":5}",
      1152,         1,         0,    4.27,correlated_pymatching,4b15e9181b265f1bd4bb78e2597046c0bfb2f5ea7284d5a9b00c9dbde00cc6b8,"{""d"":7,""p"":0.001,""r"":7}","{""obs_mistake_mask=E"":1}"
      2944,        11,         0,    4.42,correlated_pymatching,24ae19e9e12dc4a5d5ff6ab426f7093da02d6c545ad9dcaeb864b96970d76080,"{""d"":7,""p"":0.002154434690031882,""r"":7}","{""obs_mistake_mask=E"":11}"
        32,         0,         0,   0.752,correlated_pymatching,ba9ef6fd67b86a3622e5664707c8edb6d9b7da2e0b74dac0b87e1334a0339531,"{""d"":7,""p"":0.00046415888336127773,""r"":7}",
         1,         0,         0,   0.342,correlated_pymatching,abb2991e452f7d5e7b812c86182d9727735adb857ac5144af87483f02b1f408f,"{""d"":7,""p"":0.0001,""r"":7}",
        56,         0,         0,   0.668,correlated_pymatching,4b15e9181b265f1bd4bb78e2597046c0bfb2f5ea7284d5a9b00c9dbde00cc6b8,"{""d"":7,""p"":0.001,""r"":7}",
        28,         0,         0,   0.661,correlated_pymatching,6eeeec76c514f4890a9bac6f82eadc4dacda18094a665d9455c865cfa0493683,"{""d"":7,""p"":0.00021544346900318845,""r"":7}",
      4352,        19,         0,    4.39,correlated_pymatching,24ae19e9e12dc4a5d5ff6ab426f7093da02d6c545ad9dcaeb864b96970d76080,"{""d"":7,""p"":0.002154434690031882,""r"":7}","{""obs_mistake_mask=E"":19}"
         1,         0,         0,   0.331,correlated_pymatching,abb2991e452f7d5e7b812c86182d9727735adb857ac5144af87483f02b1f408f,"{""d"":7,""p"":0.0001,""r"":7}",
       480,         0,         0,   0.863,correlated_pymatching,ba9ef6fd67b86a3622e5664707c8edb6d9b7da2e0b74dac0b87e1334a0339531,"{""d"":7,""p"":0.00046415888336127773,""r"":7}",
       480,         0,         0,   0.848,correlated_pymatching,6eeeec76c514f4890a9bac6f82eadc4dacda18094a665d9455c865cfa0493683,"{""d"":7,""p"":0.00021544346900318845,""r"":7}",
         2,         0,         0,   0.660,correlated_pymatching,abb2991e452f7d5e7b812c86182d9727735adb857ac5144af87483f02b1f408f,"{""d"":7,""p"":0.0001,""r"":7}",
       960,         0,         0,   0.935,correlated_pymatching,4b15e9181b265f1bd4bb78e2597046c0bfb2f5ea7284d5a9b00c9dbde00cc6b8,"{""d"":7,""p"":0.001,""r"":7}",
         2,         0,         0,   0.660,correlated_pymatching,abb2991e452f7d5e7b812c86182d9727735adb857ac5144af87483f02b1f408f,"{""d"":7,""p"":0.0001,""r"":7}",
      4608,         0,         0,    1.27,correlated_pymatching,ba9ef6fd67b86a3622e5664707c8edb6d9b7da2e0b74dac0b87e1334a0339531,"{""d"":7,""p"":0.00046415888336127773,""r"":7}",
      4608,         0,         0,    1.21,correlated_pymatching,6eeeec76c514f4890a9bac6f82eadc4dacda18094a665d9455c865cfa0493683,"{""d"":7,""p"":0.00021544346900318845,""r"":7}",
      4096,         0,         0,    1.28,correlated_pymatching,4b15e9181b265f1bd4bb78e2597046c0bfb2f5ea7284d5a9b00c9dbde00cc6b8,"{""d"":7,""p"":0.001,""r"":7}",
         3,         0,         0,    1.04,correlated_pymatching,abb2991e452f7d5e7b812c86182d9727735adb857ac5144af87483f02b1f408f,"{""d"":7,""p"":0.0001,""r"":7}",
      6144,         0,         0,    1.70,correlated_pymatching,ba9ef6fd67b86a3622e5664707c8edb6d9b7da2e0b74dac0b87e1334a0339531,"{""d"":7,""p"":0.00046415888336127773,""r"":7}",
      7168,         0,         0,    1.61,correlated_pymatching,6eeeec76c514f4890a9bac6f82eadc4dacda18094a665d9455c865cfa0493683,"{""d"":7,""p"":0.00021544346900318845,""r"":7}",
     47104,         0,         0,    6.11,correlated_pymatching,05299ae3d91a1d23b7a98b4fab9722bced6f7c0322d1c013b5613e9b1333028a,"{""d"":5,""p"":0.0001,""r"":5}",
     77824,         9,         0,    8.43,correlated_pymatching,0d7504514bc847462fb7bf844e1f0e50276024ba162cbd4ed8a518b50493837c,"{""d"":5,""p"":0.00046415888336127773,""r"":5}","{""obs_mistake_mask=E"":9}"
     82944,         1,         0,    8.37,correlated_pymatching,4699c8641acdbcb09fa90e429f4a015dbbcbaf20a549f7b8fb0848cb634aaa32,"{""d"":5,""p"":0.00021544346900318845,""r"":5}","{""obs_mistake_mask=E"":1}"
     65536,         1,         0,    5.98,correlated_pymatching,4699c8641acdbcb09fa90e429f4a015dbbcbaf20a549f7b8fb0848cb634aaa32,"{""d"":5,""p"":0.00021544346900318845,""r"":5}","{""obs_mistake_mask=E"":1}"
         6,         0,         0,    1.28,correlated_pymatching,abb2991e452f7d5e7b812c86182d9727735adb857ac5144af87483f02b1f408f,"{""d"":7,""p"":0.0001,""r"":7}",
      5120,         2,         0,    1.67,correlated_pymatching,4b15e9181b265f1bd4bb78e2597046c0bfb2f5ea7284d5a9b00c9dbde00cc6b8,"{""d"":7,""p"":0.001,""r"":7}","{""obs_mistake_mask=E"":2}"
     64512,        10,         0,    6.07,correlated_pymatching,0d7504514bc847462fb7bf844e1f0e50276024ba162cbd4ed8a518b50493837c,"{""d"":5,""p"":0.00046415888336127773,""r"":5}","{""obs_mistake_mask=E"":10}"
     28672,         0,         0,    6.16,correlated_pymatching,abb2991e452f7d5e7b812c86182d9727735adb857ac5144af87483f02b1f408f,"{""d"":7,""p"":0.0001,""r"":7}",
     24064,         0,         0,    6.16,correlated_pymatching,ba9ef6fd67b86a3622e5664707c8edb6d9b7da2e0b74dac0b87e1334a0339531,"{""d"":7,""p"":0.00046415888336127773,""r"":7}",
     21472,         0,         0,    6.03,correlated_pymatching,6eeeec76c514f4890a9bac6f82eadc4dacda18094a665d9455c865cfa0493683,"{""d"":7,""p"":0.00021544346900318845,""r"":7}",
        10,         0,         0,    1.69,correlated_pymatching,abb2991e452f7d5e7b812c86182d9727735adb857ac5144af87483f02b1f408f,"{""d"":7,""p"":0.0001,""r"":7}",
     18944,         1,         0,    6.04,correlated_pymatching,4b15e9181b265f1bd4bb78e2597046c0bfb2f5ea7284d5a9b00c9dbde00cc6b8,"{""d"":7,""p"":0.001,""r"":7}","{""obs_mistake_mask=E"":1}"
      9728,        35,         0,    6.15,correlated_pymatching,24ae19e9e12dc4a5d5ff6ab426f7093da02d6c545ad9dcaeb864b96970d76080,"{""d"":7,""p"":0.002154434690031882,""r"":7}","{""obs_mistake_mask=E"":35}"
      9216,         0,         0,    2.21,correlated_pymatching,6eeeec76c514f4890a9bac6f82eadc4dacda18094a665d9455c865cfa0493683,"{""d"":7,""p"":0.00021544346900318845,""r"":7}",
      9216,         0,         0,    2.39,correlated_pymatching,ba9ef6fd67b86a3622e5664707c8edb6d9b7da2e0b74dac0b87e1334a0339531,"{""d"":7,""p"":0.00046415888336127773,""r"":7}",
      7168,         0,         0,    2.26,correlated_pymatching,4b15e9181b265f1bd4bb78e2597046c0bfb2f5ea7284d5a9b00c9dbde00cc6b8,"{""d"":7,""p"":0.001,""r"":7}",
     11776,        45,         0,    6.00,correlated_pymatching,24ae19e9e12dc4a5d5ff6ab426f7093da02d6c545ad9dcaeb864b96970d76080,"{""d"":7,""p"":0.002154434690031882,""r"":7}","{""obs_mistake_mask=E"":45}"
    161792,         0,         0,    16.4,correlated_pymatching,05299ae3d91a1d23b7a98b4fab9722bced6f7c0322d1c013b5613e9b1333028a,"{""d"":5,""p"":0.0001,""r"":5}",
    154624,         5,         0,    16.4,correlated_pymatching,4699c8641acdbcb09fa90e429f4a015dbbcbaf20a549f7b8fb0848cb634aaa32,"{""d"":5,""p"":0.00021544346900318845,""r"":5}","{""obs_mistake_mask=E"":5}"
    145408,        18,         0,    16.5,correlated_pymatching,0d7504514bc847462fb7bf844e1f0e50276024ba162cbd4ed8a518b50493837c,"{""d"":5,""p"":0.00046415888336127773,""r"":5}","{""obs_mistake_mask=E"":18}"
    156672,         0,         0,    16.4,correlated_pymatching,4699c8641acdbcb09fa90e429f4a015dbbcbaf20a549f7b8fb0848cb634aaa32,"{""d"":5,""p"":0.00021544346900318845,""r"":5}",
        14,         0,         0,    2.33,correlated_pymatching,abb2991e452f7d5e7b812c86182d9727735adb857ac5144af87483f02b1f408f,"{""d"":7,""p"":0.0001,""r"":7}",
    145408,        19,         0,    16.4,correlated_pymatching,0d7504514bc847462fb7bf844e1f0e50276024ba162cbd4ed8a518b50493837c,"{""d"":5,""p"":0.00046415888336127773,""r"":5}","{""obs_mistake_mask=E"":19}"
    101376,         0,         0,    16.5,correlated_pymatching,05299ae3d91a1d23b7a98b4fab9722bced6f7c0322d1c013b5613e9b1333028a,"{""d"":5,""p"":0.0001,""r"":5}",
     13312,         0,         0,    3.14,correlated_pymatching,6eeeec76c514f4890a9bac6f82eadc4dacda18094a665d9455c865cfa0493683,"{""d"":7,""p"":0.00021544346900318845,""r"":7}",
     48128,        10,         0,    16.5,correlated_pymatching,4b15e9181b265f1bd4bb78e2597046c0bfb2f5ea7284d5a9b00c9dbde00cc6b8,"{""d"":7,""p"":0.001,""r"":7}","{""obs_mistake_mask=E"":10}"
     64512,         0,         0,    16.6,correlated_pymatching,6eeeec76c514f4890a9bac6f82eadc4dacda18094a665d9455c865cfa0493683,"{""d"":7,""p"":0.00021544346900318845,""r"":7}",
     12288,         1,         0,    3.20,correlated_pymatching,ba9ef6fd67b86a3622e5664707c8edb6d9b7da2e0b74dac0b87e1334a0339531,"{""d"":7,""p"":0.00046415888336127773,""r"":7}","{""obs_mistake_mask=E"":1}"
     10240,         2,         0,    3.24,correlated_pymatching,4b15e9181b265f1bd4bb78e2597046c0bfb2f5ea7284d5a9b00c9dbde00cc6b8,"{""d"":7,""p"":0.001,""r"":7}","{""obs_mistake_mask=E"":2}"
     45824,         0,         0,    16.6,correlated_pymatching,ba9ef6fd67b86a3622e5664707c8edb6d9b7da2e0b74dac0b87e1334a0339531,"{""d"":7,""p"":0.00046415888336127773,""r"":7}",
     67584,         0,         0,    16.5,correlated_pymatching,abb2991e452f7d5e7b812c86182d9727735adb857ac5144af87483f02b1f408f,"{""d"":7,""p"":0.0001,""r"":7}",
     34816,       138,         0,    16.8,correlated_pymatching,24ae19e9e12dc4a5d5ff6ab426f7093da02d6c545ad9dcaeb864b96970d76080,"{""d"":7,""p"":0.002154434690031882,""r"":7}","{""obs_mistake_mask=E"":138}"
      6144,        23,         0,    3.92,correlated_pymatching,24ae19e9e12dc4a5d5ff6ab426f7093da02d6c545ad9dcaeb864b96970d76080,"{""d"":7,""p"":0.002154434690031882,""r"":7}","{""obs_mistake_mask=E"":23}"
      9216,        29,         0,    3.97,correlated_pymatching,24ae19e9e12dc4a5d5ff6ab426f7093da02d6c545ad9dcaeb864b96970d76080,"{""d"":7,""p"":0.002154434690031882,""r"":7}","{""obs_mistake_mask=E"":29}"
     21760,        91,         0,    11.6,correlated_pymatching,24ae19e9e12dc4a5d5ff6ab426f7093da02d6c545ad9dcaeb864b96970d76080,"{""d"":7,""p"":0.002154434690031882,""r"":7}","{""obs_mistake_mask=E"":91}"
      1024,         3,         0,   0.444,correlated_pymatching,24ae19e9e12dc4a5d5ff6ab426f7093da02d6c545ad9dcaeb864b96970d76080,"{""d"":7,""p"":0.002154434690031882,""r"":7}","{""obs_mistake_mask=E"":3}"
         1,         0,         0,   0.080,correlated_pymatching,05299ae3d91a1d23b7a98b4fab9722bced6f7c0322d1c013b5613e9b1333028a,"{""d"":5,""p"":0.0001,""r"":5}",
         1,         0,         0,   0.081,correlated_pymatching,4699c8641acdbcb09fa90e429f4a015dbbcbaf20a549f7b8fb0848cb634aaa32,"{""d"":5,""p"":0.00021544346900318845,""r"":5}",
         1,         0,         0,   0.084,correlated_pymatching,0d7504514bc847462fb7bf844e1f0e50276024ba162cbd4ed8a518b50493837c,"{""d"":5,""p"":0.00046415888336127773,""r"":5}",
         4,         0,         0,   0.079,correlated_pymatching,05299ae3d91a1d23b7a98b4fab9722bced6f7c0322d1c013b5613e9b1333028a,"{""d"":5,""p"":0.0001,""r"":5}",
         4,         0,         0,   0.078,correlated_pymatching,4699c8641acdbcb09fa90e429f4a015dbbcbaf20a549f7b8fb0848cb634aaa32,"{""d"":5,""p"":0.00021544346900318845,""r"":5}",
         4,         0,         0,   0.076,correlated_pymatching,0d7504514bc847462fb7bf844e1f0e50276024ba162cbd4ed8a518b50493837c,"{""d"":5,""p"":0.00046415888336127773,""r"":5}",
        16,         0,         0,   0.072,correlated_pymatching,4699c8641acdbcb09fa90e429f4a015dbbcbaf20a549f7b8fb0848cb634aaa32,"{""d"":5,""p"":0.00021544346900318845,""r"":5}",
        16,         0,         0,   0.082,correlated_pymatching,05299ae3d91a1d23b7a98b4fab9722bced6f7c0322d1c013b5613e9b1333028a,"{""d"":5,""p"":0.0001,""r"":5}",
        16,         0,         0,   0.076,correlated_pymatching,0d7504514bc847462fb7bf844e1f0e50276024ba162cbd4ed8a518b50493837c,"{""d"":5,""p"":0.00046415888336127773,""r"":5}",
       128,         0,         0,   0.078,correlated_pymatching,4699c8641acdbcb09fa90e429f4a015dbbcbaf20a549f7b8fb0848cb634aaa32,"{""d"":5,""p"":0.00021544346900318845,""r"":5}",
        64,         0,         0,   0.073,correlated_pymatching,05299ae3d91a1d23b7a98b4fab9722bced6f7c0322d1c013b5613e9b1333028a,"{""d"":5,""p"":0.0001,""r"":5}",
        64,         0,         0,   0.078,correlated_pymatching,0d7504514bc847462fb7bf844e1f0e50276024ba162cbd4ed8a518b50493837c,"{""d"":5,""p"":0.00046415888336127773,""r"":5}",
         1,         0,         0,   0.213,correlated_pymatching,abb2991e452f7d5e7b812c86182d9727735adb857ac5144af87483f02b1f408f,"{""d"":7,""p"":0.0001,""r"":7}",
       512,         0,         0,   0.077,correlated_pymatching,4699c8641acdbcb09fa90e429f4a015dbbcbaf20a549f7b8fb0848cb634aaa32,"{""d"":5,""p"":0.00021544346900318845,""r"":5}",
       512,         0,         0,   0.084,correlated_pymatching,05299ae3d91a1d23b7a98b4fab9722bced6f7c0322d1c013b5613e9b1333028a,"{""d"":5,""p"":0.0001,""r"":5}",
       256,         0,         0,   0.084,correlated_pymatching,0d7504514bc847462fb7bf844e1f0e50276024ba162cbd4ed8a518b50493837c,"{""d"":5,""p"":0.00046415888336127773,""r"":5}",
      1024,         0,         0,   0.084,correlated_pymatching,05299ae3d91a1d23b7a98b4fab9722bced6f7c0322d1c013b5613e9b1333028a,"{""d"":5,""p"":0.0001,""r"":5}",
      1024,         0,         0,   0.094,correlated_pymatching,4699c8641acdbcb09fa90e429f4a015dbbcbaf20a549f7b8fb0848cb634aaa32,"{""d"":5,""p"":0.00021544346900318845,""r"":5}",
      1024,         0,         0,   0.081,correlated_pymatching,0d7504514bc847462fb7bf844e1f0e50276024ba162cbd4ed8a518b50493837c,"{""d"":5,""p"":0.00046415888336127773,""r"":5}",
         2,         0,         0,   0.200,correlated_pymatching,abb2991e452f7d5e7b812c86182d9727735adb857ac5144af87483f02b1f408f,"{""d"":7,""p"":0.0001,""r"":7}",
      1024,         0,         0,   0.076,correlated_pymatching,4699c8641acdbcb09fa90e429f4a015dbbcbaf20a549f7b8fb0848cb634aaa32,"{""d"":5,""p"":0.00021544346900318845,""r"":5}",
      1024,         0,         0,   0.084,correlated_pymatching,05299ae3d91a1d23b7a98b4fab9722bced6f7c0322d1c013b5613e9b1333028a,"{""d"":5,""p"":0.0001,""r"":5}",
      1024,         0,         0,   0.106,correlated_pymatching,0d7504514bc847462fb7bf844e1f0e50276024ba162cbd4ed8a518b50493837c,"{""d"":5,""p"":0.00046415888336127773,""r"":5}",
      2048,         0,         0,   0.168,correlated_pymatching,05299ae3d91a1d23b7a98b4fab9722bced6f7c0322d1c013b5613e9b1333028a,"{""d"":5,""p"":0.0001,""r"":5}",
         4,         0,         0,   0.197,correlated_pymatching,abb2991e452f7d5e7b812c86182d9727735adb857ac5144af87483f02b1f408f,"{""d"":7,""p"":0.0001,""r"":7}",
      2048,         0,         0,   0.178,correlated_pymatching,4699c8641acdbcb09fa90e429f4a015dbbcbaf20a549f7b8fb0848cb634aaa32,"{""d"":5,""p"":0.00021544346900318845,""r"":5}",
      2048,         1,         0,   0.186,correlated_pymatching,0d7504514bc847462fb7bf844e1f0e50276024ba162cbd4ed8a518b50493837c,"{""d"":5,""p"":0.00046415888336127773,""r"":5}","{""obs_mistake_mask=E"":1}"
      2048,         0,         0,   0.173,correlated_pymatching,05299ae3d91a1d23b7a98b4fab9722bced6f7c0322d1c013b5613e9b1333028a,"{""d"":5,""p"":0.0001,""r"":5}",
      2048,         0,         0,   0.180,correlated_pymatching,4699c8641acdbcb09fa90e429f4a015dbbcbaf20a549f7b8fb0848cb634aaa32,"{""d"":5,""p"":0.00021544346900318845,""r"":5}",
         8,         0,         0,   0.206,correlated_pymatching,abb2991e452f7d5e7b812c86182d9727735adb857ac5144af87483f02b1f408f,"{""d"":7,""p"":0.0001,""r"":7}",
        20,         0,         0,    3.37,correlated_pymatching,abb2991e452f7d5e7b812c86182d9727735adb857ac5144af87483f02b1f408f,"{""d"":7,""p"":0.0001,""r"":7}",
      2048,         0,         0,   0.186,correlated_pymatching,0d7504514bc847462fb7bf844e1f0e50276024ba162cbd4ed8a518b50493837c,"{""d"":5,""p"":0.00046415888336127773,""r"":5}",
    143360,         0,         0,    11.8,correlated_pymatching,05299ae3d91a1d23b7a98b4fab9722bced6f7c0322d1c013b5613e9b1333028a,"{""d"":5,""p"":0.0001,""r"":5}",
        16,         0,         0,   0.196,correlated_pymatching,abb2991e452f7d5e7b812c86182d9727735adb857ac5144af87483f02b1f408f,"{""d"":7,""p"":0.0001,""r"":7}",
      3072,         0,         0,   0.241,correlated_pymatching,05299ae3d91a1d23b7a98b4fab9722bced6f7c0322d1c013b5613e9b1333028a,"{""d"":5,""p"":0.0001,""r"":5}",
      3072,         0,         0,   0.252,correlated_pymatching,4699c8641acdbcb09fa90e429f4a015dbbcbaf20a549f7b8fb0848cb634aaa32,"{""d"":5,""p"":0.00021544346900318845,""r"":5}",
      3072,         1,         0,   0.282,correlated_pymatching,0d7504514bc847462fb7bf844e1f0e50276024ba162cbd4ed8a518b50493837c,"{""d"":5,""p"":0.00046415888336127773,""r"":5}","{""obs_mistake_mask=E"":1}"
        32,         0,         0,   0.189,correlated_pymatching,abb2991e452f7d5e7b812c86182d9727735adb857ac5144af87483f02b1f408f,"{""d"":7,""p"":0.0001,""r"":7}",
      4096,         0,         0,   0.352,correlated_pymatching,05299ae3d91a1d23b7a98b4fab9722bced6f7c0322d1c013b5613e9b1333028a,"{""d"":5,""p"":0.0001,""r"":5}",
      4096,         0,         0,   0.347,correlated_pymatching,4699c8641acdbcb09fa90e429f4a015dbbcbaf20a549f7b8fb0848cb634aaa32,"{""d"":5,""p"":0.00021544346900318845,""r"":5}",
        64,         0,         0,   0.203,correlated_pymatching,abb2991e452f7d5e7b812c86182d9727735adb857ac5144af87483f02b1f408f,"{""d"":7,""p"":0.0001,""r"":7}",
     47872,         0,         0,    16.4,correlated_pymatching,ba9ef6fd67b86a3622e5664707c8edb6d9b7da2e0b74dac0b87e1334a0339531,"{""d"":7,""p"":0.00046415888336127773,""r"":7}",
      4096,         0,         0,   0.357,correlated_pymatching,0d7504514bc847462fb7bf844e1f0e50276024ba162cbd4ed8a518b50493837c,"{""d"":5,""p"":0.00046415888336127773,""r"":5}",
     53248,         0,         0,    16.6,correlated_pymatching,6eeeec76c514f4890a9bac6f82eadc4dacda18094a665d9455c865cfa0493683,"{""d"":7,""p"":0.00021544346900318845,""r"":7}",
     67584,         0,         0,    16.6,correlated_pymatching,abb2991e452f7d5e7b812c86182d9727735adb857ac5144af87483f02b1f408f,"{""d"":7,""p"":0.0001,""r"":7}",
       128,         0,         0,   0.207,correlated_pymatching,abb2991e452f7d5e7b812c86182d9727735adb857ac5144af87483f02b1f408f,"{""d"":7,""p"":0.0001,""r"":7}",
     56320,         0,         0,    8.36,correlated_pymatching,05299ae3d91a1d23b7a98b4fab9722bced6f7c0322d1c013b5613e9b1333028a,"{""d"":5,""p"":0.0001,""r"":5}",
      5120,         0,         0,   0.421,correlated_pymatching,05299ae3d91a1d23b7a98b4fab9722bced6f7c0322d1c013b5613e9b1333028a,"{""d"":5,""p"":0.0001,""r"":5}",
     96256,         1,         0,    8.38,correlated_pymatching,4699c8641acdbcb09fa90e429f4a015dbbcbaf20a549f7b8fb0848cb634aaa32,"{""d"":5,""p"":0.00021544346900318845,""r"":5}","{""obs_mistake_mask=E"":1}"
      5120,         0,         0,   0.426,correlated_pymatching,4699c8641acdbcb09fa90e429f4a015dbbcbaf20a549f7b8fb0848cb634aaa32,"{""d"":5,""p"":0.00021544346900318845,""r"":5}",
       256,         0,         0,   0.212,correlated_pymatching,abb2991e452f7d5e7b812c86182d9727735adb857ac5144af87483f02b1f408f,"{""d"":7,""p"":0.0001,""r"":7}",
     40448,        10,         0,    16.5,correlated_pymatching,4b15e9181b265f1bd4bb78e2597046c0bfb2f5ea7284d5a9b00c9dbde00cc6b8,"{""d"":7,""p"":0.001,""r"":7}","{""obs_mistake_mask=E"":10}"
     91136,        16,         0,    8.36,correlated_pymatching,0d7504514bc847462fb7bf844e1f0e50276024ba162cbd4ed8a518b50493837c,"{""d"":5,""p"":0.00046415888336127773,""r"":5}","{""obs_mistake_mask=E"":16}"
      5120,         3,         0,   0.490,correlated_pymatching,0d7504514bc847462fb7bf844e1f0e50276024ba162cbd4ed8a518b50493837c,"{""d"":5,""p"":0.00046415888336127773,""r"":5}","{""obs_mistake_mask=E"":3}"
       512,         0,         0,   0.208,correlated_pymatching,abb2991e452f7d5e7b812c86182d9727735adb857ac5144af87483f02b1f408f,"{""d"":7,""p"":0.0001,""r"":7}",
      7168,         0,         0,   0.595,correlated_pymatching,05299ae3d91a1d23b7a98b4fab9722bced6f7c0322d1c013b5613e9b1333028a,"{""d"":5,""p"":0.0001,""r"":5}",
      7168,         0,         0,   0.624,correlated_pymatching,4699c8641acdbcb09fa90e429f4a015dbbcbaf20a549f7b8fb0848cb634aaa32,"{""d"":5,""p"":0.00021544346900318845,""r"":5}",
      2048,         0,         0,   0.446,correlated_pymatching,abb2991e452f7d5e7b812c86182d9727735adb857ac5144af87483f02b1f408f,"{""d"":7,""p"":0.0001,""r"":7}",
      7168,         0,         0,   0.721,correlated_pymatching,0d7504514bc847462fb7bf844e1f0e50276024ba162cbd4ed8a518b50493837c,"{""d"":5,""p"":0.00046415888336127773,""r"":5}",
      2048,         0,         0,   0.444,correlated_pymatching,abb2991e452f7d5e7b812c86182d9727735adb857ac5144af87483f02b1f408f,"{""d"":7,""p"":0.0001,""r"":7}",
     38912,         0,         0,    8.49,correlated_pymatching,abb2991e452f7d5e7b812c86182d9727735adb857ac5144af87483f02b1f408f,"{""d"":7,""p"":0.0001,""r"":7}",
     18432,         0,         0,    4.47,correlated_pymatching,6eeeec76c514f4890a9bac6f82eadc4dacda18094a665d9455c865cfa0493683,"{""d"":7,""p"":0.00021544346900318845,""r"":7}",
     16384,         0,         0,    4.33,correlated_pymatching,ba9ef6fd67b86a3622e5664707c8edb6d9b7da2e0b74dac0b87e1334a0339531,"{""d"":7,""p"":0.00046415888336127773,""r"":7}",
      9216,         0,         0,   0.858,correlated_pymatching,05299ae3d91a1d23b7a98b4fab9722bced6f7c0322d1c013b5613e9b1333028a,"{""d"":5,""p"":0.0001,""r"":5}",
      9216,         2,         0,   0.819,correlated_pymatching,4699c8641acdbcb09fa90e429f4a015dbbcbaf20a549f7b8fb0848cb634aaa32,"{""d"":5,""p"":0.00021544346900318845,""r"":5}","{""obs_mistake_mask=E"":2}"
     34816,         0,         0,    8.38,correlated_pymatching,6eeeec76c514f4890a9bac6f82eadc4dacda18094a665d9455c865cfa0493683,"{""d"":7,""p"":0.00021544346900318845,""r"":7}",
      9216,         0,         0,   0.804,correlated_pymatching,0d7504514bc847462fb7bf844e1f0e50276024ba162cbd4ed8a518b50493837c,"{""d"":5,""p"":0.00046415888336127773,""r"":5}",
     32768,         0,         0,    8.65,correlated_pymatching,ba9ef6fd67b86a3622e5664707c8edb6d9b7da2e0b74dac0b87e1334a0339531,"{""d"":7,""p"":0.00046415888336127773,""r"":7}",
     14336,         4,         0,    4.60,correlated_pymatching,4b15e9181b265f1bd4bb78e2597046c0bfb2f5ea7284d5a9b00c9dbde00cc6b8,"{""d"":7,""p"":0.001,""r"":7}","{""obs_mistake_mask=E"":4}"
      3072,         0,         0,   0.666,correlated_pymatching,abb2991e452f7d5e7b812c86182d9727735adb857ac5144af87483f02b1f408f,"{""d"":7,""p"":0.0001,""r"":7}",
     26624,         2,         0,    8.44,correlated_pymatching,4b15e9181b265f1bd4bb78e2597046c0bfb2f5ea7284d5a9b00c9dbde00cc6b8,"{""d"":7,""p"":0.001,""r"":7}","{""obs_mistake_mask=E"":2}"
     13312,         0,         0,    1.13,correlated_pymatching,4699c8641acdbcb09fa90e429f4a015dbbcbaf20a549f7b8fb0848cb634aaa32,"{""d"":5,""p"":0.00021544346900318845,""r"":5}",
     14336,         0,         0,    1.18,correlated_pymatching,05299ae3d91a1d23b7a98b4fab9722bced6f7c0322d1c013b5613e9b1333028a,"{""d"":5,""p"":0.0001,""r"":5}",
      4096,         0,         0,   0.903,correlated_pymatching,abb2991e452f7d5e7b812c86182d9727735adb857ac5144af87483f02b1f408f,"{""d"":7,""p"":0.0001,""r"":7}",
     12288,         0,         0,    1.16,correlated_pymatching,0d7504514bc847462fb7bf844e1f0e50276024ba162cbd4ed8a518b50493837c,"{""d"":5,""p"":0.00046415888336127773,""r"":5}",
    125952,        17,         0,    11.7,correlated_pymatching,0d7504514bc847462fb7bf844e1f0e50276024ba162cbd4ed8a518b50493837c,"{""d"":5,""p"":0.00046415888336127773,""r"":5}","{""obs_mistake_mask=E"":17}"
    137216,         2,         0,    11.7,correlated_pymatching,4699c8641acdbcb09fa90e429f4a015dbbcbaf20a549f7b8fb0848cb634aaa32,"{""d"":5,""p"":0.00021544346900318845,""r"":5}","{""obs_mistake_mask=E"":2}"
        26,         0,         0,    4.36,correlated_pymatching,abb2991e452f7d5e7b812c86182d9727735adb857ac5144af87483f02b1f408f,"{""d"":7,""p"":0.0001,""r"":7}",
      5120,         0,         0,    1.16,correlated_pymatching,abb2991e452f7d5e7b812c86182d9727735adb857ac5144af87483f02b1f408f,"{""d"":7,""p"":0.0001,""r"":7}",
     18432,         0,         0,    1.59,correlated_pymatching,4699c8641acdbcb09fa90e429f4a015dbbcbaf20a549f7b8fb0848cb634aaa32,"{""d"":5,""p"":0.00021544346900318845,""r"":5}",
     18432,         0,         0,    1.59,correlated_pymatching,05299ae3d91a1d23b7a98b4fab9722bced6f7c0322d1c013b5613e9b1333028a,"{""d"":5,""p"":0.0001,""r"":5}",
     17408,         3,         0,    1.67,correlated_pymatching,0d7504514bc847462fb7bf844e1f0e50276024ba162cbd4ed8a518b50493837c,"{""d"":5,""p"":0.00046415888336127773,""r"":5}","{""obs_mistake_mask=E"":3}"
      8192,         0,         0,    1.83,correlated_pymatching,abb2991e452f7d5e7b812c86182d9727735adb857ac5144af87483f02b1f408f,"{""d"":7,""p"":0.0001,""r"":7}",
     25600,         1,         0,    2.25,correlated_pymatching,4699c8641acdbcb09fa90e429f4a015dbbcbaf20a549f7b8fb0848cb634aaa32,"{""d"":5,""p"":0.00021544346900318845,""r"":5}","{""obs_mistake_mask=E"":1}"
     24576,         0,         0,    2.24,correlated_pymatching,05299ae3d91a1d23b7a98b4fab9722bced6f7c0322d1c013b5613e9b1333028a,"{""d"":5,""p"":0.0001,""r"":5}",
     22528,         3,         0,    2.19,correlated_pymatching,0d7504514bc847462fb7bf844e1f0e50276024ba162cbd4ed8a518b50493837c,"{""d"":5,""p"":0.00046415888336127773,""r"":5}","{""obs_mistake_mask=E"":3}"
     25600,         0,         0,    6.13,correlated_pymatching,6eeeec76c514f4890a9bac6f82eadc4dacda18094a665d9455c865cfa0493683,"{""d"":7,""p"":0.00021544346900318845,""r"":7}",
     23552,         0,         0,    6.15,correlated_pymatching,ba9ef6fd67b86a3622e5664707c8edb6d9b7da2e0b74dac0b87e1334a0339531,"{""d"":7,""p"":0.00046415888336127773,""r"":7}",
     19456,         2,         0,    6.11,correlated_pymatching,4b15e9181b265f1bd4bb78e2597046c0bfb2f5ea7284d5a9b00c9dbde00cc6b8,"{""d"":7,""p"":0.001,""r"":7}","{""obs_mistake_mask=E"":2}"
     10240,         0,         0,    2.22,correlated_pymatching,abb2991e452f7d5e7b812c86182d9727735adb857ac5144af87483f02b1f408f,"{""d"":7,""p"":0.0001,""r"":7}",
     35840,         2,         0,    3.10,correlated_pymatching,4699c8641acdbcb09fa90e429f4a015dbbcbaf20a549f7b8fb0848cb634aaa32,"{""d"":5,""p"":0.00021544346900318845,""r"":5}","{""obs_mistake_mask=E"":2}"
     36864,         0,         0,    3.09,correlated_pymatching,05299ae3d91a1d23b7a98b4fab9722bced6f7c0322d1c013b5613e9b1333028a,"{""d"":5,""p"":0.0001,""r"":5}",
        66,         0,         0,    6.30,correlated_pymatching,abb2991e452f7d5e7b812c86182d9727735adb857ac5144af87483f02b1f408f,"{""d"":7,""p"":0.0001,""r"":7}",
     33792,         6,         0,    3.08,correlated_pymatching,0d7504514bc847462fb7bf844e1f0e50276024ba162cbd4ed8a518b50493837c,"{""d"":5,""p"":0.00046415888336127773,""r"":5}","{""obs_mistake_mask=E"":6}"
     14336,         0,         0,    3.08,correlated_pymatching,abb2991e452f7d5e7b812c86182d9727735adb857ac5144af87483f02b1f408f,"{""d"":7,""p"":0.0001,""r"":7}",
     77824,         0,         0,    11.8,correlated_pymatching,05299ae3d91a1d23b7a98b4fab9722bced6f7c0322d1c013b5613e9b1333028a,"{""d"":5,""p"":0.0001,""r"":5}",
    133120,         3,         0,    11.8,correlated_pymatching,4699c8641acdbcb09fa90e429f4a015dbbcbaf20a549f7b8fb0848cb634aaa32,"{""d"":5,""p"":0.00021544346900318845,""r"":5}","{""obs_mistake_mask=E"":3}"
    123904,        10,         0,    11.8,correlated_pymatching,0d7504514bc847462fb7bf844e1f0e50276024ba162cbd4ed8a518b50493837c,"{""d"":5,""p"":0.00046415888336127773,""r"":5}","{""obs_mistake_mask=E"":10}"
     53248,         0,         0,    11.7,correlated_pymatching,abb2991e452f7d5e7b812c86182d9727735adb857ac5144af87483f02b1f408f,"{""d"":7,""p"":0.0001,""r"":7}",
     49152,         0,         0,    11.9,correlated_pymatching,6eeeec76c514f4890a9bac6f82eadc4dacda18094a665d9455c865cfa0493683,"{""d"":7,""p"":0.00021544346900318845,""r"":7}",
     44032,         0,         0,    11.8,correlated_pymatching,ba9ef6fd67b86a3622e5664707c8edb6d9b7da2e0b74dac0b87e1334a0339531,"{""d"":7,""p"":0.00046415888336127773,""r"":7}",
     37888,         7,         0,    11.9,correlated_pymatching,4b15e9181b265f1bd4bb78e2597046c0bfb2f5ea7284d5a9b00c9dbde00cc6b8,"{""d"":7,""p"":0.001,""r"":7}","{""obs_mistake_mask=E"":7}"
     49152,         2,         0,    4.26,correlated_pymatching,4699c8641acdbcb09fa90e429f4a015dbbcbaf20a549f7b8fb0848cb634aaa32,"{""d"":5,""p"":0.00021544346900318845,""r"":5}","{""obs_mistake_mask=E"":2}"
     51200,         0,         0,    4.30,correlated_pymatching,05299ae3d91a1d23b7a98b4fab9722bced6f7c0322d1c013b5613e9b1333028a,"{""d"":5,""p"":0.0001,""r"":5}",
     45056,         3,         0,    4.27,correlated_pymatching,0d7504514bc847462fb7bf844e1f0e50276024ba162cbd4ed8a518b50493837c,"{""d"":5,""p"":0.00046415888336127773,""r"":5}","{""obs_mistake_mask=E"":3}"
     20480,         0,         0,    4.48,correlated_pymatching,abb2991e452f7d5e7b812c86182d9727735adb857ac5144af87483f02b1f408f,"{""d"":7,""p"":0.0001,""r"":7}",
    192512,         0,         0,    16.4,correlated_pymatching,05299ae3d91a1d23b7a98b4fab9722bced6f7c0322d1c013b5613e9b1333028a,"{""d"":5,""p"":0.0001,""r"":5}",
     34816,         0,         0,    8.41,correlated_pymatching,6eeeec76c514f4890a9bac6f82eadc4dacda18094a665d9455c865cfa0493683,"{""d"":7,""p"":0.00021544346900318845,""r"":7}",
     31744,         1,         0,    8.46,correlated_pymatching,ba9ef6fd67b86a3622e5664707c8edb6d9b7da2e0b74dac0b87e1334a0339531,"{""d"":7,""p"":0.00046415888336127773,""r"":7}","{""obs_mistake_mask=E"":1}"
     26624,         2,         0,    8.47,correlated_pymatching,4b15e9181b265f1bd4bb78e2597046c0bfb2f5ea7284d5a9b00c9dbde00cc6b8,"{""d"":7,""p"":0.001,""r"":7}","{""obs_mistake_mask=E"":2}"
    271360,         0,         0,    22.9,correlated_pymatching,05299ae3d91a1d23b7a98b4fab9722bced6f7c0322d1c013b5613e9b1333028a,"{""d"":5,""p"":0.0001,""r"":5}",
    260096,         5,         0,    23.0,correlated_pymatching,4699c8641acdbcb09fa90e429f4a015dbbcbaf20a549f7b8fb0848cb634aaa32,"{""d"":5,""p"":0.00021544346900318845,""r"":5}","{""obs_mistake_mask=E"":5}"
    241664,        35,         0,    22.9,correlated_pymatching,0d7504514bc847462fb7bf844e1f0e50276024ba162cbd4ed8a518b50493837c,"{""d"":5,""p"":0.00046415888336127773,""r"":5}","{""obs_mistake_mask=E"":35}"
    260096,         4,         0,    22.9,correlated_pymatching,4699c8641acdbcb09fa90e429f4a015dbbcbaf20a549f7b8fb0848cb634aaa32,"{""d"":5,""p"":0.00021544346900318845,""r"":5}","{""obs_mistake_mask=E"":4}"
       208,         0,         0,    8.69,correlated_pymatching,abb2991e452f7d5e7b812c86182d9727735adb857ac5144af87483f02b1f408f,"{""d"":7,""p"":0.0001,""r"":7}",
    237568,        22,         0,    22.9,correlated_pymatching,0d7504514bc847462fb7bf844e1f0e50276024ba162cbd4ed8a518b50493837c,"{""d"":5,""p"":0.00046415888336127773,""r"":5}","{""obs_mistake_mask=E"":22}"
    163840,         0,         0,    22.9,correlated_pymatching,05299ae3d91a1d23b7a98b4fab9722bced6f7c0322d1c013b5613e9b1333028a,"{""d"":5,""p"":0.0001,""r"":5}",
    176128,        28,         0,    16.4,correlated_pymatching,0d7504514bc847462fb7bf844e1f0e50276024ba162cbd4ed8a518b50493837c,"{""d"":5,""p"":0.00046415888336127773,""r"":5}","{""obs_mistake_mask=E"":28}"
    190464,         1,         0,    16.4,correlated_pymatching,4699c8641acdbcb09fa90e429f4a015dbbcbaf20a549f7b8fb0848cb634aaa32,"{""d"":5,""p"":0.00021544346900318845,""r"":5}","{""obs_mistake_mask=E"":1}"
     70656,         0,         0,    5.97,correlated_pymatching,05299ae3d91a1d23b7a98b4fab9722bced6f7c0322d1c013b5613e9b1333028a,"{""d"":5,""p"":0.0001,""r"":5}",
     69632,         2,         0,    6.06,correlated_pymatching,4699c8641acdbcb09fa90e429f4a015dbbcbaf20a549f7b8fb0848cb634aaa32,"{""d"":5,""p"":0.00021544346900318845,""r"":5}","{""obs_mistake_mask=E"":2}"
    101376,         0,         0,    23.0,correlated_pymatching,6eeeec76c514f4890a9bac6f82eadc4dacda18094a665d9455c865cfa0493683,"{""d"":7,""p"":0.00021544346900318845,""r"":7}",
     75776,        19,         0,    23.1,correlated_pymatching,4b15e9181b265f1bd4bb78e2597046c0bfb2f5ea7284d5a9b00c9dbde00cc6b8,"{""d"":7,""p"":0.001,""r"":7}","{""obs_mistake_mask=E"":19}"
     63488,         8,         0,    5.98,correlated_pymatching,0d7504514bc847462fb7bf844e1f0e50276024ba162cbd4ed8a518b50493837c,"{""d"":5,""p"":0.00046415888336127773,""r"":5}","{""obs_mistake_mask=E"":8}"
     80896,         0,         0,    23.1,correlated_pymatching,ba9ef6fd67b86a3622e5664707c8edb6d9b7da2e0b74dac0b87e1334a0339531,"{""d"":7,""p"":0.00046415888336127773,""r"":7}",
    105472,         0,         0,    23.1,correlated_pymatching,abb2991e452f7d5e7b812c86182d9727735adb857ac5144af87483f02b1f408f,"{""d"":7,""p"":0.0001,""r"":7}",
     27648,         0,         0,    6.01,correlated_pymatching,abb2991e452f7d5e7b812c86182d9727735adb857ac5144af87483f02b1f408f,"{""d"":7,""p"":0.0001,""r"":7}",
     87040,         0,         0,    23.0,correlated_pymatching,ba9ef6fd67b86a3622e5664707c8edb6d9b7da2e0b74dac0b87e1334a0339531,"{""d"":7,""p"":0.00046415888336127773,""r"":7}",
    101376,         0,         0,    23.0,correlated_pymatching,abb2991e452f7d5e7b812c86182d9727735adb857ac5144af87483f02b1f408f,"{""d"":7,""p"":0.0001,""r"":7}",
     96256,         0,         0,    23.1,correlated_pymatching,6eeeec76c514f4890a9bac6f82eadc4dacda18094a665d9455c865cfa0493683,"{""d"":7,""p"":0.00021544346900318845,""r"":7}",
     71680,        13,         0,    23.2,correlated_pymatching,4b15e9181b265f1bd4bb78e2597046c0bfb2f5ea7284d5a9b00c9dbde00cc6b8,"{""d"":7,""p"":0.001,""r"":7}","{""obs_mistake_mask=E"":13}"
     49152,         0,         0,    11.8,correlated_pymatching,6eeeec76c514f4890a9bac6f82eadc4dacda18094a665d9455c865cfa0493683,"{""d"":7,""p"":0.00021544346900318845,""r"":7}",
     45056,         0,         0,    11.8,correlated_pymatching,ba9ef6fd67b86a3622e5664707c8edb6d9b7da2e0b74dac0b87e1334a0339531,"{""d"":7,""p"":0.00046415888336127773,""r"":7}",
    180224,         1,         0,    16.4,correlated_pymatching,05299ae3d91a1d23b7a98b4fab9722bced6f7c0322d1c013b5613e9b1333028a,"{""d"":5,""p"":0.0001,""r"":5}","{""obs_mistake_mask=E"":1}"
     37888,         5,         0,    11.8,correlated_pymatching,4b15e9181b265f1bd4bb78e2597046c0bfb2f5ea7284d5a9b00c9dbde00cc6b8,"{""d"":7,""p"":0.001,""r"":7}","{""obs_mistake_mask=E"":5}"
     96256,         1,         0,    8.36,correlated_pymatching,4699c8641acdbcb09fa90e429f4a015dbbcbaf20a549f7b8fb0848cb634aaa32,"{""d"":5,""p"":0.00021544346900318845,""r"":5}","{""obs_mistake_mask=E"":1}"
     96256,         0,         0,    8.35,correlated_pymatching,05299ae3d91a1d23b7a98b4fab9722bced6f7c0322d1c013b5613e9b1333028a,"{""d"":5,""p"":0.0001,""r"":5}",
    190464,         0,         0,    16.4,correlated_pymatching,4699c8641acdbcb09fa90e429f4a015dbbcbaf20a549f7b8fb0848cb634aaa32,"{""d"":5,""p"":0.00021544346900318845,""r"":5}",
    174080,        15,         0,    16.5,correlated_pymatching,0d7504514bc847462fb7bf844e1f0e50276024ba162cbd4ed8a518b50493837c,"{""d"":5,""p"":0.00046415888336127773,""r"":5}","{""obs_mistake_mask=E"":15}"
     89088,        11,         0,    8.43,correlated_pymatching,0d7504514bc847462fb7bf844e1f0e50276024ba162cbd4ed8a518b50493837c,"{""d"":5,""p"":0.00046415888336127773,""r"":5}","{""obs_mistake_mask=E"":11}"
     75776,         0,         0,    16.6,correlated_pymatching,abb2991e452f7d5e7b812c86182d9727735adb857ac5144af87483f02b1f408f,"{""d"":7,""p"":0.0001,""r"":7}",
     62464,         0,         0,    16.6,correlated_pymatching,ba9ef6fd67b86a3622e5664707c8edb6d9b7da2e0b74dac0b87e1334a0339531,"{""d"":7,""p"":0.00046415888336127773,""r"":7}",
     68608,         0,         0,    16.7,correlated_pymatching,6eeeec76c514f4890a9bac6f82eadc4dacda18094a665d9455c865cfa0493683,"{""d"":7,""p"":0.00021544346900318845,""r"":7}",
       384,         0,         0,    11.7,correlated_pymatching,abb2991e452f7d5e7b812c86182d9727735adb857ac5144af87483f02b1f408f,"{""d"":7,""p"":0.0001,""r"":7}",
     38912,         0,         0,    8.68,correlated_pymatching,abb2991e452f7d5e7b812c86182d9727735adb857ac5144af87483f02b1f408f,"{""d"":7,""p"":0.0001,""r"":7}",
     51200,        10,         0,    16.5,correlated_pymatching,4b15e9181b265f1bd4bb78e2597046c0bfb2f5ea7284d5a9b00c9dbde00cc6b8,"{""d"":7,""p"":0.001,""r"":7}","{""obs_mistake_mask=E"":10}"
    224308,         1,         0,    19.4,correlated_pymatching,05299ae3d91a1d23b7a98b4fab9722bced6f7c0322d1c013b5613e9b1333028a,"{""d"":5,""p"":0.0001,""r"":5}","{""obs_mistake_mask=E"":1}"
    228684,         0,         0,    19.4,correlated_pymatching,05299ae3d91a1d23b7a98b4fab9722bced6f7c0322d1c013b5613e9b1333028a,"{""d"":5,""p"":0.0001,""r"":5}",
    198418,         3,         0,    17.3,correlated_pymatching,4699c8641acdbcb09fa90e429f4a015dbbcbaf20a549f7b8fb0848cb634aaa32,"{""d"":5,""p"":0.00021544346900318845,""r"":5}","{""obs_mistake_mask=E"":3}"
    212992,         2,         0,    19.1,correlated_pymatching,4699c8641acdbcb09fa90e429f4a015dbbcbaf20a549f7b8fb0848cb634aaa32,"{""d"":5,""p"":0.00021544346900318845,""r"":5}","{""obs_mistake_mask=E"":2}"
    224256,         4,         0,    20.0,correlated_pymatching,4699c8641acdbcb09fa90e429f4a015dbbcbaf20a549f7b8fb0848cb634aaa32,"{""d"":5,""p"":0.00021544346900318845,""r"":5}","{""obs_mistake_mask=E"":4}"
    106258,         2,         0,    9.54,correlated_pymatching,4699c8641acdbcb09fa90e429f4a015dbbcbaf20a549f7b8fb0848cb634aaa32,"{""d"":5,""p"":0.00021544346900318845,""r"":5}","{""obs_mistake_mask=E"":2}"
    108544,         1,         0,    9.58,correlated_pymatching,4699c8641acdbcb09fa90e429f4a015dbbcbaf20a549f7b8fb0848cb634aaa32,"{""d"":5,""p"":0.00021544346900318845,""r"":5}","{""obs_mistake_mask=E"":1}"
    136192,         2,         0,    11.7,correlated_pymatching,05299ae3d91a1d23b7a98b4fab9722bced6f7c0322d1c013b5613e9b1333028a,"{""d"":5,""p"":0.0001,""r"":5}","{""obs_mistake_mask=E"":2}"
     33721,         0,         0,    2.96,correlated_pymatching,4699c8641acdbcb09fa90e429f4a015dbbcbaf20a549f7b8fb0848cb634aaa32,"{""d"":5,""p"":0.00021544346900318845,""r"":5}",
     33721,         5,         0,    2.95,correlated_pymatching,4699c8641acdbcb09fa90e429f4a015dbbcbaf20a549f7b8fb0848cb634aaa32,"{""d"":5,""p"":0.00021544346900318845,""r"":5}","{""obs_mistake_mask=E"":5}"
     33721,         0,         0,    2.99,correlated_pymatching,4699c8641acdbcb09fa90e429f4a015dbbcbaf20a549f7b8fb0848cb634aaa32,"{""d"":5,""p"":0.00021544346900318845,""r"":5}",
     26624,         2,         0,    2.35,correlated_pymatching,4699c8641acdbcb09fa90e429f4a015dbbcbaf20a549f7b8fb0848cb634aaa32,"{""d"":5,""p"":0.00021544346900318845,""r"":5}","{""obs_mistake_mask=E"":2}"
    123904,        10,         0,    11.7,correlated_pymatching,0d7504514bc847462fb7bf844e1f0e50276024ba162cbd4ed8a518b50493837c,"{""d"":5,""p"":0.00046415888336127773,""r"":5}","{""obs_mistake_mask=E"":10}"
     26977,         1,         0,    2.43,correlated_pymatching,4699c8641acdbcb09fa90e429f4a015dbbcbaf20a549f7b8fb0848cb634aaa32,"{""d"":5,""p"":0.00021544346900318845,""r"":5}","{""obs_mistake_mask=E"":1}"
       353,         0,         0,   0.075,correlated_pymatching,4699c8641acdbcb09fa90e429f4a015dbbcbaf20a549f7b8fb0848cb634aaa32,"{""d"":5,""p"":0.00021544346900318845,""r"":5}",
      2769,         0,         0,   0.288,correlated_pymatching,4699c8641acdbcb09fa90e429f4a015dbbcbaf20a549f7b8fb0848cb634aaa32,"{""d"":5,""p"":0.00021544346900318845,""r"":5}",
      2698,         0,         0,   0.263,correlated_pymatching,4699c8641acdbcb09fa90e429f4a015dbbcbaf20a549f7b8fb0848cb634aaa32,"{""d"":5,""p"":0.00021544346900318845,""r"":5}",
       554,         0,         0,   0.072,correlated_pymatching,4699c8641acdbcb09fa90e429f4a015dbbcbaf20a549f7b8fb0848cb634aaa32,"{""d"":5,""p"":0.00021544346900318845,""r"":5}",
      2048,         0,         0,   0.205,correlated_pymatching,4699c8641acdbcb09fa90e429f4a015dbbcbaf20a549f7b8fb0848cb634aaa32,"{""d"":5,""p"":0.00021544346900318845,""r"":5}",
      2144,         0,         0,   0.250,correlated_pymatching,4699c8641acdbcb09fa90e429f4a015dbbcbaf20a549f7b8fb0848cb634aaa32,"{""d"":5,""p"":0.00021544346900318845,""r"":5}",
      2144,         0,         0,   0.255,correlated_pymatching,4699c8641acdbcb09fa90e429f4a015dbbcbaf20a549f7b8fb0848cb634aaa32,"{""d"":5,""p"":0.00021544346900318845,""r"":5}",
       554,         0,         0,   0.085,correlated_pymatching,4699c8641acdbcb09fa90e429f4a015dbbcbaf20a549f7b8fb0848cb634aaa32,"{""d"":5,""p"":0.00021544346900318845,""r"":5}",
        96,         0,         0,   0.074,correlated_pymatching,4699c8641acdbcb09fa90e429f4a015dbbcbaf20a549f7b8fb0848cb634aaa32,"{""d"":5,""p"":0.00021544346900318845,""r"":5}",
       481,         0,         0,   0.097,correlated_pymatching,4699c8641acdbcb09fa90e429f4a015dbbcbaf20a549f7b8fb0848cb634aaa32,"{""d"":5,""p"":0.00021544346900318845,""r"":5}",
         1,         0,         0,   0.210,correlated_pymatching,6eeeec76c514f4890a9bac6f82eadc4dacda18094a665d9455c865cfa0493683,"{""d"":7,""p"":0.00021544346900318845,""r"":7}",
         1,         0,         0,   0.211,correlated_pymatching,ba9ef6fd67b86a3622e5664707c8edb6d9b7da2e0b74dac0b87e1334a0339531,"{""d"":7,""p"":0.00046415888336127773,""r"":7}",
         1,         0,         0,   0.218,correlated_pymatching,ba9ef6fd67b86a3622e5664707c8edb6d9b7da2e0b74dac0b87e1334a0339531,"{""d"":7,""p"":0.00046415888336127773,""r"":7}",
         1,         0,         0,   0.212,correlated_pymatching,4b15e9181b265f1bd4bb78e2597046c0bfb2f5ea7284d5a9b00c9dbde00cc6b8,"{""d"":7,""p"":0.001,""r"":7}",
         1,         0,         0,   0.207,correlated_pymatching,4b15e9181b265f1bd4bb78e2597046c0bfb2f5ea7284d5a9b00c9dbde00cc6b8,"{""d"":7,""p"":0.001,""r"":7}",
         2,         0,         0,   0.216,correlated_pymatching,6eeeec76c514f4890a9bac6f82eadc4dacda18094a665d9455c865cfa0493683,"{""d"":7,""p"":0.00021544346900318845,""r"":7}",
         2,         0,         0,   0.198,correlated_pymatching,ba9ef6fd67b86a3622e5664707c8edb6d9b7da2e0b74dac0b87e1334a0339531,"{""d"":7,""p"":0.00046415888336127773,""r"":7}",
         2,         0,         0,   0.187,correlated_pymatching,4b15e9181b265f1bd4bb78e2597046c0bfb2f5ea7284d5a9b00c9dbde00cc6b8,"{""d"":7,""p"":0.001,""r"":7}",
         2,         0,         0,   0.209,correlated_pymatching,4b15e9181b265f1bd4bb78e2597046c0bfb2f5ea7284d5a9b00c9dbde00cc6b8,"{""d"":7,""p"":0.001,""r"":7}",
         2,         0,         0,   0.212,correlated_pymatching,ba9ef6fd67b86a3622e5664707c8edb6d9b7da2e0b74dac0b87e1334a0339531,"{""d"":7,""p"":0.00046415888336127773,""r"":7}",
         4,         0,         0,   0.189,correlated_pymatching,6eeeec76c514f4890a9bac6f82eadc4dacda18094a665d9455c865cfa0493683,"{""d"":7,""p"":0.00021544346900318845,""r"":7}",
         4,         0,         0,   0.198,correlated_pymatching,ba9ef6fd67b86a3622e5664707c8edb6d9b7da2e0b74dac0b87e1334a0339531,"{""d"":7,""p"":0.00046415888336127773,""r"":7}",
         4,         0,         0,   0.189,correlated_pymatching,ba9ef6fd67b86a3622e5664707c8edb6d9b7da2e0b74dac0b87e1334a0339531,"{""d"":7,""p"":0.00046415888336127773,""r"":7}",
         4,         0,         0,   0.208,correlated_pymatching,4b15e9181b265f1bd4bb78e2597046c0bfb2f5ea7284d5a9b00c9dbde00cc6b8,"{""d"":7,""p"":0.001,""r"":7}",
         4,         0,         0,   0.207,correlated_pymatching,4b15e9181b265f1bd4bb78e2597046c0bfb2f5ea7284d5a9b00c9dbde00cc6b8,"{""d"":7,""p"":0.001,""r"":7}",
         8,         0,         0,   0.186,correlated_pymatching,4b15e9181b265f1bd4bb78e2597046c0bfb2f5ea7284d5a9b00c9dbde00cc6b8,"{""d"":7,""p"":0.001,""r"":7}",
         8,         0,         0,   0.214,correlated_pymatching,6eeeec76c514f4890a9bac6f82eadc4dacda18094a665d9455c865cfa0493683,"{""d"":7,""p"":0.00021544346900318845,""r"":7}",
         8,         0,         0,   0.204,correlated_pymatching,ba9ef6fd67b86a3622e5664707c8edb6d9b7da2e0b74dac0b87e1334a0339531,"{""d"":7,""p"":0.00046415888336127773,""r"":7}",
         8,         0,         0,   0.184,correlated_pymatching,4b15e9181b265f1bd4bb78e2597046c0bfb2f5ea7284d5a9b00c9dbde00cc6b8,"{""d"":7,""p"":0.001,""r"":7}",
         8,         0,         0,   0.216,correlated_pymatching,ba9ef6fd67b86a3622e5664707c8edb6d9b7da2e0b74dac0b87e1334a0339531,"{""d"":7,""p"":0.00046415888336127773,""r"":7}",
        16,         0,         0,   0.198,correlated_pymatching,4b15e9181b265f1bd4bb78e2597046c0bfb2f5ea7284d5a9b00c9dbde00cc6b8,"{""d"":7,""p"":0.001,""r"":7}",
        16,         0,         0,   0.200,correlated_pymatching,ba9ef6fd67b86a3622e5664707c8edb6d9b7da2e0b74dac0b87e1334a0339531,"{""d"":7,""p"":0.00046415888336127773,""r"":7}",
        16,         0,         0,   0.216,correlated_pymatching,6eeeec76c514f4890a9bac6f82eadc4dacda18094a665d9455c865cfa0493683,"{""d"":7,""p"":0.00021544346900318845,""r"":7}",
        16,         0,         0,   0.219,correlated_pymatching,4b15e9181b265f1bd4bb78e2597046c0bfb2f5ea7284d5a9b00c9dbde00cc6b8,"{""d"":7,""p"":0.001,""r"":7}",
     53248,         0,         0,    11.7,correlated_pymatching,abb2991e452f7d5e7b812c86182d9727735adb857ac5144af87483f02b1f408f,"{""d"":7,""p"":0.0001,""r"":7}",
        16,         0,         0,   0.218,correlated_pymatching,ba9ef6fd67b86a3622e5664707c8edb6d9b7da2e0b74dac0b87e1334a0339531,"{""d"":7,""p"":0.00046415888336127773,""r"":7}",
        32,         0,         0,   0.196,correlated_pymatching,ba9ef6fd67b86a3622e5664707c8edb6d9b7da2e0b74dac0b87e1334a0339531,"{""d"":7,""p"":0.00046415888336127773,""r"":7}",
        32,         0,         0,   0.204,correlated_pymatching,4b15e9181b265f1bd4bb78e2597046c0bfb2f5ea7284d5a9b00c9dbde00cc6b8,"{""d"":7,""p"":0.001,""r"":7}",
        32,         0,         0,   0.208,correlated_pymatching,6eeeec76c514f4890a9bac6f82eadc4dacda18094a665d9455c865cfa0493683,"{""d"":7,""p"":0.00021544346900318845,""r"":7}",
        32,         0,         0,   0.204,correlated_pymatching,ba9ef6fd67b86a3622e5664707c8edb6d9b7da2e0b74dac0b87e1334a0339531,"{""d"":7,""p"":0.00046415888336127773,""r"":7}",
        32,         0,         0,   0.216,correlated_pymatching,4b15e9181b265f1bd4bb78e2597046c0bfb2f5ea7284d5a9b00c9dbde00cc6b8,"{""d"":7,""p"":0.001,""r"":7}",
        64,         0,         0,   0.203,correlated_pymatching,ba9ef6fd67b86a3622e5664707c8edb6d9b7da2e0b74dac0b87e1334a0339531,"{""d"":7,""p"":0.00046415888336127773,""r"":7}",
        64,         0,         0,   0.204,correlated_pymatching,4b15e9181b265f1bd4bb78e2597046c0bfb2f5ea7284d5a9b00c9dbde00cc6b8,"{""d"":7,""p"":0.001,""r"":7}",
        64,         0,         0,   0.180,correlated_pymatching,6eeeec76c514f4890a9bac6f82eadc4dacda18094a665d9455c865cfa0493683,"{""d"":7,""p"":0.00021544346900318845,""r"":7}",
        64,         0,         0,   0.210,correlated_pymatching,4b15e9181b265f1bd4bb78e2597046c0bfb2f5ea7284d5a9b00c9dbde00cc6b8,"{""d"":7,""p"":0.001,""r"":7}",
        64,         0,         0,   0.216,correlated_pymatching,ba9ef6fd67b86a3622e5664707c8edb6d9b7da2e0b74dac0b87e1334a0339531,"{""d"":7,""p"":0.00046415888336127773,""r"":7}",
       128,         1,         0,   0.199,correlated_pymatching,4b15e9181b265f1bd4bb78e2597046c0bfb2f5ea7284d5a9b00c9dbde00cc6b8,"{""d"":7,""p"":0.001,""r"":7}","{""obs_mistake_mask=E"":1}"
       128,         0,         0,   0.208,correlated_pymatching,ba9ef6fd67b86a3622e5664707c8edb6d9b7da2e0b74dac0b87e1334a0339531,"{""d"":7,""p"":0.00046415888336127773,""r"":7}",
       128,         0,         0,   0.216,correlated_pymatching,6eeeec76c514f4890a9bac6f82eadc4dacda18094a665d9455c865cfa0493683,"{""d"":7,""p"":0.00021544346900318845,""r"":7}",
       128,         0,         0,   0.216,correlated_pymatching,ba9ef6fd67b86a3622e5664707c8edb6d9b7da2e0b74dac0b87e1334a0339531,"{""d"":7,""p"":0.00046415888336127773,""r"":7}",
       128,         0,         0,   0.229,correlated_pymatching,4b15e9181b265f1bd4bb78e2597046c0bfb2f5ea7284d5a9b00c9dbde00cc6b8,"{""d"":7,""p"":0.001,""r"":7}",
       256,         0,         0,   0.183,correlated_pymatching,ba9ef6fd67b86a3622e5664707c8edb6d9b7da2e0b74dac0b87e1334a0339531,"{""d"":7,""p"":0.00046415888336127773,""r"":7}",
       256,         0,         0,   0.231,correlated_pymatching,4b15e9181b265f1bd4bb78e2597046c0bfb2f5ea7284d5a9b00c9dbde00cc6b8,"{""d"":7,""p"":0.001,""r"":7}",
       256,         0,         0,   0.216,correlated_pymatching,6eeeec76c514f4890a9bac6f82eadc4dacda18094a665d9455c865cfa0493683,"{""d"":7,""p"":0.00021544346900318845,""r"":7}",
    242057,        33,         0,    23.0,correlated_pymatching,0d7504514bc847462fb7bf844e1f0e50276024ba162cbd4ed8a518b50493837c,"{""d"":5,""p"":0.00046415888336127773,""r"":5}","{""obs_mistake_mask=E"":33}"
       256,         0,         0,   0.220,correlated_pymatching,ba9ef6fd67b86a3622e5664707c8edb6d9b7da2e0b74dac0b87e1334a0339531,"{""d"":7,""p"":0.00046415888336127773,""r"":7}",
       256,         0,         0,   0.232,correlated_pymatching,4b15e9181b265f1bd4bb78e2597046c0bfb2f5ea7284d5a9b00c9dbde00cc6b8,"{""d"":7,""p"":0.001,""r"":7}",
     27648,         2,         0,    2.54,correlated_pymatching,0d7504514bc847462fb7bf844e1f0e50276024ba162cbd4ed8a518b50493837c,"{""d"":5,""p"":0.00046415888336127773,""r"":5}","{""obs_mistake_mask=E"":2}"
    249856,        46,         0,    24.0,correlated_pymatching,0d7504514bc847462fb7bf844e1f0e50276024ba162cbd4ed8a518b50493837c,"{""d"":5,""p"":0.00046415888336127773,""r"":5}","{""obs_mistake_mask=E"":46}"
    151552,        17,         0,    14.4,correlated_pymatching,0d7504514bc847462fb7bf844e1f0e50276024ba162cbd4ed8a518b50493837c,"{""d"":5,""p"":0.00046415888336127773,""r"":5}","{""obs_mistake_mask=E"":17}"
    268288,        36,         0,    25.5,correlated_pymatching,0d7504514bc847462fb7bf844e1f0e50276024ba162cbd4ed8a518b50493837c,"{""d"":5,""p"":0.00046415888336127773,""r"":5}","{""obs_mistake_mask=E"":36}"
       512,         0,         0,   0.245,correlated_pymatching,ba9ef6fd67b86a3622e5664707c8edb6d9b7da2e0b74dac0b87e1334a0339531,"{""d"":7,""p"":0.00046415888336127773,""r"":7}",
       512,         0,         0,   0.216,correlated_pymatching,6eeeec76c514f4890a9bac6f82eadc4dacda18094a665d9455c865cfa0493683,"{""d"":7,""p"":0.00021544346900318845,""r"":7}",
    174080,         0,         0,    14.8,correlated_pymatching,05299ae3d91a1d23b7a98b4fab9722bced6f7c0322d1c013b5613e9b1333028a,"{""d"":5,""p"":0.0001,""r"":5}",
       512,         0,         0,   0.273,correlated_pymatching,4b15e9181b265f1bd4bb78e2597046c0bfb2f5ea7284d5a9b00c9dbde00cc6b8,"{""d"":7,""p"":0.001,""r"":7}",
       512,         0,         0,   0.240,correlated_pymatching,ba9ef6fd67b86a3622e5664707c8edb6d9b7da2e0b74dac0b87e1334a0339531,"{""d"":7,""p"":0.00046415888336127773,""r"":7}",
    169984,         0,         0,    24.1,correlated_pymatching,05299ae3d91a1d23b7a98b4fab9722bced6f7c0322d1c013b5613e9b1333028a,"{""d"":5,""p"":0.0001,""r"":5}",
       512,         0,         0,   0.263,correlated_pymatching,4b15e9181b265f1bd4bb78e2597046c0bfb2f5ea7284d5a9b00c9dbde00cc6b8,"{""d"":7,""p"":0.001,""r"":7}",
         1,         0,         0,   0.091,correlated_pymatching,05299ae3d91a1d23b7a98b4fab9722bced6f7c0322d1c013b5613e9b1333028a,"{""d"":5,""p"":0.0001,""r"":5}",
         4,         0,         0,   0.074,correlated_pymatching,05299ae3d91a1d23b7a98b4fab9722bced6f7c0322d1c013b5613e9b1333028a,"{""d"":5,""p"":0.0001,""r"":5}",
        32,         0,         0,   0.082,correlated_pymatching,05299ae3d91a1d23b7a98b4fab9722bced6f7c0322d1c013b5613e9b1333028a,"{""d"":5,""p"":0.0001,""r"":5}",
      1024,         0,         0,   0.312,correlated_pymatching,4b15e9181b265f1bd4bb78e2597046c0bfb2f5ea7284d5a9b00c9dbde00cc6b8,"{""d"":7,""p"":0.001,""r"":7}",
       128,         0,         0,   0.072,correlated_pymatching,05299ae3d91a1d23b7a98b4fab9722bced6f7c0322d1c013b5613e9b1333028a,"{""d"":5,""p"":0.0001,""r"":5}",
         1,         0,         0,   0.207,correlated_pymatching,6eeeec76c514f4890a9bac6f82eadc4dacda18094a665d9455c865cfa0493683,"{""d"":7,""p"":0.00021544346900318845,""r"":7}",
         1,         0,         0,   0.221,correlated_pymatching,abb2991e452f7d5e7b812c86182d9727735adb857ac5144af87483f02b1f408f,"{""d"":7,""p"":0.0001,""r"":7}",
         1,         0,         0,   0.218,correlated_pymatching,6eeeec76c514f4890a9bac6f82eadc4dacda18094a665d9455c865cfa0493683,"{""d"":7,""p"":0.00021544346900318845,""r"":7}",
         1,         0,         0,   0.222,correlated_pymatching,abb2991e452f7d5e7b812c86182d9727735adb857ac5144af87483f02b1f408f,"{""d"":7,""p"":0.0001,""r"":7}",
      1024,         0,         0,   0.315,correlated_pymatching,4b15e9181b265f1bd4bb78e2597046c0bfb2f5ea7284d5a9b00c9dbde00cc6b8,"{""d"":7,""p"":0.001,""r"":7}",
      1024,         0,         0,   0.084,correlated_pymatching,05299ae3d91a1d23b7a98b4fab9722bced6f7c0322d1c013b5613e9b1333028a,"{""d"":5,""p"":0.0001,""r"":5}",
      2048,         0,         0,   0.514,correlated_pymatching,ba9ef6fd67b86a3622e5664707c8edb6d9b7da2e0b74dac0b87e1334a0339531,"{""d"":7,""p"":0.00046415888336127773,""r"":7}",
      2048,         0,         0,   0.500,correlated_pymatching,6eeeec76c514f4890a9bac6f82eadc4dacda18094a665d9455c865cfa0493683,"{""d"":7,""p"":0.00021544346900318845,""r"":7}",
      1024,         0,         0,   0.084,correlated_pymatching,05299ae3d91a1d23b7a98b4fab9722bced6f7c0322d1c013b5613e9b1333028a,"{""d"":5,""p"":0.0001,""r"":5}",
         2,         0,         0,   0.198,correlated_pymatching,6eeeec76c514f4890a9bac6f82eadc4dacda18094a665d9455c865cfa0493683,"{""d"":7,""p"":0.00021544346900318845,""r"":7}",
         2,         0,         0,   0.194,correlated_pymatching,abb2991e452f7d5e7b812c86182d9727735adb857ac5144af87483f02b1f408f,"{""d"":7,""p"":0.0001,""r"":7}",
         2,         0,         0,   0.196,correlated_pymatching,6eeeec76c514f4890a9bac6f82eadc4dacda18094a665d9455c865cfa0493683,"{""d"":7,""p"":0.00021544346900318845,""r"":7}",
      2048,         0,         0,   0.536,correlated_pymatching,ba9ef6fd67b86a3622e5664707c8edb6d9b7da2e0b74dac0b87e1334a0339531,"{""d"":7,""p"":0.00046415888336127773,""r"":7}",
         2,         0,         0,   0.212,correlated_pymatching,abb2991e452f7d5e7b812c86182d9727735adb857ac5144af87483f02b1f408f,"{""d"":7,""p"":0.0001,""r"":7}",
      2048,         0,         0,   0.169,correlated_pymatching,05299ae3d91a1d23b7a98b4fab9722bced6f7c0322d1c013b5613e9b1333028a,"{""d"":5,""p"":0.0001,""r"":5}",
         4,         0,         0,   0.187,correlated_pymatching,6eeeec76c514f4890a9bac6f82eadc4dacda18094a665d9455c865cfa0493683,"{""d"":7,""p"":0.00021544346900318845,""r"":7}",
         4,         0,         0,   0.189,correlated_pymatching,6eeeec76c514f4890a9bac6f82eadc4dacda18094a665d9455c865cfa0493683,"{""d"":7,""p"":0.00021544346900318845,""r"":7}",
         4,         0,         0,   0.202,correlated_pymatching,abb2991e452f7d5e7b812c86182d9727735adb857ac5144af87483f02b1f408f,"{""d"":7,""p"":0.0001,""r"":7}",
         4,         0,         0,   0.206,correlated_pymatching,abb2991e452f7d5e7b812c86182d9727735adb857ac5144af87483f02b1f408f,"{""d"":7,""p"":0.0001,""r"":7}",
      2048,         0,         0,   0.163,correlated_pymatching,05299ae3d91a1d23b7a98b4fab9722bced6f7c0322d1c013b5613e9b1333028a,"{""d"":5,""p"":0.0001,""r"":5}",
         8,         0,         0,   0.181,correlated_pymatching,abb2991e452f7d5e7b812c86182d9727735adb857ac5144af87483f02b1f408f,"{""d"":7,""p"":0.0001,""r"":7}",
      2048,         0,         0,   0.628,correlated_pymatching,4b15e9181b265f1bd4bb78e2597046c0bfb2f5ea7284d5a9b00c9dbde00cc6b8,"{""d"":7,""p"":0.001,""r"":7}",
      2048,         0,         0,   0.496,correlated_pymatching,6eeeec76c514f4890a9bac6f82eadc4dacda18094a665d9455c865cfa0493683,"{""d"":7,""p"":0.00021544346900318845,""r"":7}",
         8,         0,         0,   0.214,correlated_pymatching,6eeeec76c514f4890a9bac6f82eadc4dacda18094a665d9455c865cfa0493683,"{""d"":7,""p"":0.00021544346900318845,""r"":7}",
      2048,         0,         0,   0.501,correlated_pymatching,ba9ef6fd67b86a3622e5664707c8edb6d9b7da2e0b74dac0b87e1334a0339531,"{""d"":7,""p"":0.00046415888336127773,""r"":7}",
         8,         0,         0,   0.213,correlated_pymatching,6eeeec76c514f4890a9bac6f82eadc4dacda18094a665d9455c865cfa0493683,"{""d"":7,""p"":0.00021544346900318845,""r"":7}",
     46755,         0,         0,    3.97,correlated_pymatching,05299ae3d91a1d23b7a98b4fab9722bced6f7c0322d1c013b5613e9b1333028a,"{""d"":5,""p"":0.0001,""r"":5}",
      2048,         0,         0,   0.176,correlated_pymatching,05299ae3d91a1d23b7a98b4fab9722bced6f7c0322d1c013b5613e9b1333028a,"{""d"":5,""p"":0.0001,""r"":5}",
         8,         0,         0,   0.226,correlated_pymatching,abb2991e452f7d5e7b812c86182d9727735adb857ac5144af87483f02b1f408f,"{""d"":7,""p"":0.0001,""r"":7}",
     88064,         1,         0,    7.48,correlated_pymatching,05299ae3d91a1d23b7a98b4fab9722bced6f7c0322d1c013b5613e9b1333028a,"{""d"":5,""p"":0.0001,""r"":5}","{""obs_mistake_mask=E"":1}"
     64512,         0,         0,    16.4,correlated_pymatching,6eeeec76c514f4890a9bac6f82eadc4dacda18094a665d9455c865cfa0493683,"{""d"":7,""p"":0.00021544346900318845,""r"":7}",
      2048,         0,         0,   0.656,correlated_pymatching,4b15e9181b265f1bd4bb78e2597046c0bfb2f5ea7284d5a9b00c9dbde00cc6b8,"{""d"":7,""p"":0.001,""r"":7}",
    106496,         0,         0,    9.08,correlated_pymatching,05299ae3d91a1d23b7a98b4fab9722bced6f7c0322d1c013b5613e9b1333028a,"{""d"":5,""p"":0.0001,""r"":5}",
      2048,         0,         0,   0.532,correlated_pymatching,ba9ef6fd67b86a3622e5664707c8edb6d9b7da2e0b74dac0b87e1334a0339531,"{""d"":7,""p"":0.00046415888336127773,""r"":7}",
        16,         0,         0,   0.194,correlated_pymatching,6eeeec76c514f4890a9bac6f82eadc4dacda18094a665d9455c865cfa0493683,"{""d"":7,""p"":0.00021544346900318845,""r"":7}",
        16,         0,         0,   0.214,correlated_pymatching,abb2991e452f7d5e7b812c86182d9727735adb857ac5144af87483f02b1f408f,"{""d"":7,""p"":0.0001,""r"":7}",
        16,         0,         0,   0.199,correlated_pymatching,6eeeec76c514f4890a9bac6f82eadc4dacda18094a665d9455c865cfa0493683,"{""d"":7,""p"":0.00021544346900318845,""r"":7}",
        16,         0,         0,   0.207,correlated_pymatching,abb2991e452f7d5e7b812c86182d9727735adb857ac5144af87483f02b1f408f,"{""d"":7,""p"":0.0001,""r"":7}",
      3072,         0,         0,   0.259,correlated_pymatching,05299ae3d91a1d23b7a98b4fab9722bced6f7c0322d1c013b5613e9b1333028a,"{""d"":5,""p"":0.0001,""r"":5}",
        32,         0,         0,   0.198,correlated_pymatching,abb2991e452f7d5e7b812c86182d9727735adb857ac5144af87483f02b1f408f,"{""d"":7,""p"":0.0001,""r"":7}",
        32,         0,         0,   0.209,correlated_pymatching,6eeeec76c514f4890a9bac6f82eadc4dacda18094a665d9455c865cfa0493683,"{""d"":7,""p"":0.00021544346900318845,""r"":7}",
     62464,         1,         0,    16.5,correlated_pymatching,ba9ef6fd67b86a3622e5664707c8edb6d9b7da2e0b74dac0b87e1334a0339531,"{""d"":7,""p"":0.00046415888336127773,""r"":7}","{""obs_mistake_mask=E"":1}"
        32,         0,         0,   0.205,correlated_pymatching,6eeeec76c514f4890a9bac6f82eadc4dacda18094a665d9455c865cfa0493683,"{""d"":7,""p"":0.00021544346900318845,""r"":7}",
        32,         0,         0,   0.201,correlated_pymatching,abb2991e452f7d5e7b812c86182d9727735adb857ac5144af87483f02b1f408f,"{""d"":7,""p"":0.0001,""r"":7}",
        64,         0,         0,   0.198,correlated_pymatching,abb2991e452f7d5e7b812c86182d9727735adb857ac5144af87483f02b1f408f,"{""d"":7,""p"":0.0001,""r"":7}",
        64,         0,         0,   0.204,correlated_pymatching,6eeeec76c514f4890a9bac6f82eadc4dacda18094a665d9455c865cfa0493683,"{""d"":7,""p"":0.00021544346900318845,""r"":7}",
        64,         0,         0,   0.191,correlated_pymatching,6eeeec76c514f4890a9bac6f82eadc4dacda18094a665d9455c865cfa0493683,"{""d"":7,""p"":0.00021544346900318845,""r"":7}",
      2048,         1,         0,   0.618,correlated_pymatching,4b15e9181b265f1bd4bb78e2597046c0bfb2f5ea7284d5a9b00c9dbde00cc6b8,"{""d"":7,""p"":0.001,""r"":7}","{""obs_mistake_mask=E"":1}"
     51200,         7,         0,    16.4,correlated_pymatching,4b15e9181b265f1bd4bb78e2597046c0bfb2f5ea7284d5a9b00c9dbde00cc6b8,"{""d"":7,""p"":0.001,""r"":7}","{""obs_mistake_mask=E"":7}"
        64,         0,         0,   0.224,correlated_pymatching,abb2991e452f7d5e7b812c86182d9727735adb857ac5144af87483f02b1f408f,"{""d"":7,""p"":0.0001,""r"":7}",
      4096,         0,         0,   0.393,correlated_pymatching,05299ae3d91a1d23b7a98b4fab9722bced6f7c0322d1c013b5613e9b1333028a,"{""d"":5,""p"":0.0001,""r"":5}",
      3072,         0,         0,   0.720,correlated_pymatching,6eeeec76c514f4890a9bac6f82eadc4dacda18094a665d9455c865cfa0493683,"{""d"":7,""p"":0.00021544346900318845,""r"":7}",
      2048,         0,         0,   0.643,correlated_pymatching,4b15e9181b265f1bd4bb78e2597046c0bfb2f5ea7284d5a9b00c9dbde00cc6b8,"{""d"":7,""p"":0.001,""r"":7}",
      3072,         0,         0,   0.780,correlated_pymatching,ba9ef6fd67b86a3622e5664707c8edb6d9b7da2e0b74dac0b87e1334a0339531,"{""d"":7,""p"":0.00046415888336127773,""r"":7}",
       128,         0,         0,   0.191,correlated_pymatching,6eeeec76c514f4890a9bac6f82eadc4dacda18094a665d9455c865cfa0493683,"{""d"":7,""p"":0.00021544346900318845,""r"":7}",
       128,         0,         0,   0.212,correlated_pymatching,abb2991e452f7d5e7b812c86182d9727735adb857ac5144af87483f02b1f408f,"{""d"":7,""p"":0.0001,""r"":7}",
       128,         0,         0,   0.207,correlated_pymatching,6eeeec76c514f4890a9bac6f82eadc4dacda18094a665d9455c865cfa0493683,"{""d"":7,""p"":0.00021544346900318845,""r"":7}",
       128,         0,         0,   0.208,correlated_pymatching,abb2991e452f7d5e7b812c86182d9727735adb857ac5144af87483f02b1f408f,"{""d"":7,""p"":0.0001,""r"":7}",
      3072,         0,         0,   0.790,correlated_pymatching,ba9ef6fd67b86a3622e5664707c8edb6d9b7da2e0b74dac0b87e1334a0339531,"{""d"":7,""p"":0.00046415888336127773,""r"":7}",
       256,         0,         0,   0.190,correlated_pymatching,abb2991e452f7d5e7b812c86182d9727735adb857ac5144af87483f02b1f408f,"{""d"":7,""p"":0.0001,""r"":7}",
       256,         0,         0,   0.221,correlated_pymatching,6eeeec76c514f4890a9bac6f82eadc4dacda18094a665d9455c865cfa0493683,"{""d"":7,""p"":0.00021544346900318845,""r"":7}",
       256,         0,         0,   0.210,correlated_pymatching,6eeeec76c514f4890a9bac6f82eadc4dacda18094a665d9455c865cfa0493683,"{""d"":7,""p"":0.00021544346900318845,""r"":7}",
       256,         0,         0,   0.211,correlated_pymatching,abb2991e452f7d5e7b812c86182d9727735adb857ac5144af87483f02b1f408f,"{""d"":7,""p"":0.0001,""r"":7}",
      5120,         0,         0,   0.422,correlated_pymatching,05299ae3d91a1d23b7a98b4fab9722bced6f7c0322d1c013b5613e9b1333028a,"{""d"":5,""p"":0.0001,""r"":5}",
       512,         0,         0,   0.224,correlated_pymatching,abb2991e452f7d5e7b812c86182d9727735adb857ac5144af87483f02b1f408f,"{""d"":7,""p"":0.0001,""r"":7}",
       512,         0,         0,   0.216,correlated_pymatching,6eeeec76c514f4890a9bac6f82eadc4dacda18094a665d9455c865cfa0493683,"{""d"":7,""p"":0.00021544346900318845,""r"":7}",
       512,         0,         0,   0.216,correlated_pymatching,6eeeec76c514f4890a9bac6f82eadc4dacda18094a665d9455c865cfa0493683,"{""d"":7,""p"":0.00021544346900318845,""r"":7}",
       512,         0,         0,   0.221,correlated_pymatching,abb2991e452f7d5e7b812c86182d9727735adb857ac5144af87483f02b1f408f,"{""d"":7,""p"":0.0001,""r"":7}",
      3072,         1,         0,   0.929,correlated_pymatching,4b15e9181b265f1bd4bb78e2597046c0bfb2f5ea7284d5a9b00c9dbde00cc6b8,"{""d"":7,""p"":0.001,""r"":7}","{""obs_mistake_mask=E"":1}"
      2048,         0,         0,   0.441,correlated_pymatching,abb2991e452f7d5e7b812c86182d9727735adb857ac5144af87483f02b1f408f,"{""d"":7,""p"":0.0001,""r"":7}",
      4096,         0,         0,   0.971,correlated_pymatching,6eeeec76c514f4890a9bac6f82eadc4dacda18094a665d9455c865cfa0493683,"{""d"":7,""p"":0.00021544346900318845,""r"":7}",
      2048,         0,         0,   0.468,correlated_pymatching,6eeeec76c514f4890a9bac6f82eadc4dacda18094a665d9455c865cfa0493683,"{""d"":7,""p"":0.00021544346900318845,""r"":7}",
      3072,         0,         0,   0.960,correlated_pymatching,4b15e9181b265f1bd4bb78e2597046c0bfb2f5ea7284d5a9b00c9dbde00cc6b8,"{""d"":7,""p"":0.001,""r"":7}",
      2048,         0,         0,   0.468,correlated_pymatching,6eeeec76c514f4890a9bac6f82eadc4dacda18094a665d9455c865cfa0493683,"{""d"":7,""p"":0.00021544346900318845,""r"":7}",
      7168,         0,         0,   0.587,correlated_pymatching,05299ae3d91a1d23b7a98b4fab9722bced6f7c0322d1c013b5613e9b1333028a,"{""d"":5,""p"":0.0001,""r"":5}",
      3072,         0,         0,   0.805,correlated_pymatching,ba9ef6fd67b86a3622e5664707c8edb6d9b7da2e0b74dac0b87e1334a0339531,"{""d"":7,""p"":0.00046415888336127773,""r"":7}",
      2048,         0,         0,   0.476,correlated_pymatching,abb2991e452f7d5e7b812c86182d9727735adb857ac5144af87483f02b1f408f,"{""d"":7,""p"":0.0001,""r"":7}",
      4096,         0,         0,    1.04,correlated_pymatching,ba9ef6fd67b86a3622e5664707c8edb6d9b7da2e0b74dac0b87e1334a0339531,"{""d"":7,""p"":0.00046415888336127773,""r"":7}",
     23261,         0,         0,    1.98,correlated_pymatching,05299ae3d91a1d23b7a98b4fab9722bced6f7c0322d1c013b5613e9b1333028a,"{""d"":5,""p"":0.0001,""r"":5}",
     24576,         0,         0,    2.06,correlated_pymatching,05299ae3d91a1d23b7a98b4fab9722bced6f7c0322d1c013b5613e9b1333028a,"{""d"":5,""p"":0.0001,""r"":5}",
      2048,         0,         0,   0.480,correlated_pymatching,abb2991e452f7d5e7b812c86182d9727735adb857ac5144af87483f02b1f408f,"{""d"":7,""p"":0.0001,""r"":7}",
     37888,         0,         0,    3.15,correlated_pymatching,05299ae3d91a1d23b7a98b4fab9722bced6f7c0322d1c013b5613e9b1333028a,"{""d"":5,""p"":0.0001,""r"":5}",
      2048,         0,         0,   0.480,correlated_pymatching,6eeeec76c514f4890a9bac6f82eadc4dacda18094a665d9455c865cfa0493683,"{""d"":7,""p"":0.00021544346900318845,""r"":7}",
      2048,         0,         0,   0.492,correlated_pymatching,6eeeec76c514f4890a9bac6f82eadc4dacda18094a665d9455c865cfa0493683,"{""d"":7,""p"":0.00021544346900318845,""r"":7}",
      2048,         0,         0,   0.456,correlated_pymatching,abb2991e452f7d5e7b812c86182d9727735adb857ac5144af87483f02b1f408f,"{""d"":7,""p"":0.0001,""r"":7}",
     23682,         0,         0,    2.12,correlated_pymatching,05299ae3d91a1d23b7a98b4fab9722bced6f7c0322d1c013b5613e9b1333028a,"{""d"":5,""p"":0.0001,""r"":5}",
     22528,         0,         0,    3.25,correlated_pymatching,05299ae3d91a1d23b7a98b4fab9722bced6f7c0322d1c013b5613e9b1333028a,"{""d"":5,""p"":0.0001,""r"":5}",
      9216,         0,         0,   0.808,correlated_pymatching,05299ae3d91a1d23b7a98b4fab9722bced6f7c0322d1c013b5613e9b1333028a,"{""d"":5,""p"":0.0001,""r"":5}",
      4027,         0,         0,   0.339,correlated_pymatching,05299ae3d91a1d23b7a98b4fab9722bced6f7c0322d1c013b5613e9b1333028a,"{""d"":5,""p"":0.0001,""r"":5}",
      5120,         0,         0,   0.421,correlated_pymatching,05299ae3d91a1d23b7a98b4fab9722bced6f7c0322d1c013b5613e9b1333028a,"{""d"":5,""p"":0.0001,""r"":5}",
       108,         0,         0,   0.074,correlated_pymatching,05299ae3d91a1d23b7a98b4fab9722bced6f7c0322d1c013b5613e9b1333028a,"{""d"":5,""p"":0.0001,""r"":5}",
      5120,         0,         0,   0.464,correlated_pymatching,05299ae3d91a1d23b7a98b4fab9722bced6f7c0322d1c013b5613e9b1333028a,"{""d"":5,""p"":0.0001,""r"":5}",
      1154,         0,         0,   0.285,correlated_pymatching,05299ae3d91a1d23b7a98b4fab9722bced6f7c0322d1c013b5613e9b1333028a,"{""d"":5,""p"":0.0001,""r"":5}",
      3072,         0,         0,   0.312,correlated_pymatching,05299ae3d91a1d23b7a98b4fab9722bced6f7c0322d1c013b5613e9b1333028a,"{""d"":5,""p"":0.0001,""r"":5}",
       928,         0,         0,   0.083,correlated_pymatching,05299ae3d91a1d23b7a98b4fab9722bced6f7c0322d1c013b5613e9b1333028a,"{""d"":5,""p"":0.0001,""r"":5}",
      1024,         0,         0,   0.090,correlated_pymatching,05299ae3d91a1d23b7a98b4fab9722bced6f7c0322d1c013b5613e9b1333028a,"{""d"":5,""p"":0.0001,""r"":5}",
      1105,         0,         0,   0.175,correlated_pymatching,05299ae3d91a1d23b7a98b4fab9722bced6f7c0322d1c013b5613e9b1333028a,"{""d"":5,""p"":0.0001,""r"":5}",
       288,         0,         0,   0.076,correlated_pymatching,05299ae3d91a1d23b7a98b4fab9722bced6f7c0322d1c013b5613e9b1333028a,"{""d"":5,""p"":0.0001,""r"":5}",
       784,         0,         0,    16.6,correlated_pymatching,abb2991e452f7d5e7b812c86182d9727735adb857ac5144af87483f02b1f408f,"{""d"":7,""p"":0.0001,""r"":7}",
       386,         0,         0,   0.127,correlated_pymatching,05299ae3d91a1d23b7a98b4fab9722bced6f7c0322d1c013b5613e9b1333028a,"{""d"":5,""p"":0.0001,""r"":5}",
      3072,         0,         0,   0.669,correlated_pymatching,abb2991e452f7d5e7b812c86182d9727735adb857ac5144af87483f02b1f408f,"{""d"":7,""p"":0.0001,""r"":7}",
      4096,         0,         0,    1.27,correlated_pymatching,4b15e9181b265f1bd4bb78e2597046c0bfb2f5ea7284d5a9b00c9dbde00cc6b8,"{""d"":7,""p"":0.001,""r"":7}",
      1445,         0,         0,   0.159,correlated_pymatching,05299ae3d91a1d23b7a98b4fab9722bced6f7c0322d1c013b5613e9b1333028a,"{""d"":5,""p"":0.0001,""r"":5}",
       376,         0,         0,   0.074,correlated_pymatching,05299ae3d91a1d23b7a98b4fab9722bced6f7c0322d1c013b5613e9b1333028a,"{""d"":5,""p"":0.0001,""r"":5}",
        45,         0,         0,   0.076,correlated_pymatching,05299ae3d91a1d23b7a98b4fab9722bced6f7c0322d1c013b5613e9b1333028a,"{""d"":5,""p"":0.0001,""r"":5}",
      4096,         0,         0,    1.15,correlated_pymatching,ba9ef6fd67b86a3622e5664707c8edb6d9b7da2e0b74dac0b87e1334a0339531,"{""d"":7,""p"":0.00046415888336127773,""r"":7}",
      3072,         0,         0,   0.703,correlated_pymatching,6eeeec76c514f4890a9bac6f82eadc4dacda18094a665d9455c865cfa0493683,"{""d"":7,""p"":0.00021544346900318845,""r"":7}",
      5120,         0,         0,    1.25,correlated_pymatching,6eeeec76c514f4890a9bac6f82eadc4dacda18094a665d9455c865cfa0493683,"{""d"":7,""p"":0.00021544346900318845,""r"":7}",
      3072,         0,         0,   0.754,correlated_pymatching,6eeeec76c514f4890a9bac6f82eadc4dacda18094a665d9455c865cfa0493683,"{""d"":7,""p"":0.00021544346900318845,""r"":7}",
      4096,         2,         0,    1.26,correlated_pymatching,4b15e9181b265f1bd4bb78e2597046c0bfb2f5ea7284d5a9b00c9dbde00cc6b8,"{""d"":7,""p"":0.001,""r"":7}","{""obs_mistake_mask=E"":2}"
      3072,         0,         0,   0.776,correlated_pymatching,abb2991e452f7d5e7b812c86182d9727735adb857ac5144af87483f02b1f408f,"{""d"":7,""p"":0.0001,""r"":7}",
      5120,         0,         0,    1.36,correlated_pymatching,ba9ef6fd67b86a3622e5664707c8edb6d9b7da2e0b74dac0b87e1334a0339531,"{""d"":7,""p"":0.00046415888336127773,""r"":7}",
         1,         0,         0,   0.231,correlated_pymatching,4b15e9181b265f1bd4bb78e2597046c0bfb2f5ea7284d5a9b00c9dbde00cc6b8,"{""d"":7,""p"":0.001,""r"":7}",
         1,         0,         0,   0.230,correlated_pymatching,ba9ef6fd67b86a3622e5664707c8edb6d9b7da2e0b74dac0b87e1334a0339531,"{""d"":7,""p"":0.00046415888336127773,""r"":7}",
         1,         0,         0,   0.228,correlated_pymatching,abb2991e452f7d5e7b812c86182d9727735adb857ac5144af87483f02b1f408f,"{""d"":7,""p"":0.0001,""r"":7}",
         1,         0,         0,   0.252,correlated_pymatching,6eeeec76c514f4890a9bac6f82eadc4dacda18094a665d9455c865cfa0493683,"{""d"":7,""p"":0.00021544346900318845,""r"":7}",
         1,         0,         0,   0.255,correlated_pymatching,ba9ef6fd67b86a3622e5664707c8edb6d9b7da2e0b74dac0b87e1334a0339531,"{""d"":7,""p"":0.00046415888336127773,""r"":7}",
         2,         0,         0,   0.204,correlated_pymatching,4b15e9181b265f1bd4bb78e2597046c0bfb2f5ea7284d5a9b00c9dbde00cc6b8,"{""d"":7,""p"":0.001,""r"":7}",
         2,         0,         0,   0.204,correlated_pymatching,ba9ef6fd67b86a3622e5664707c8edb6d9b7da2e0b74dac0b87e1334a0339531,"{""d"":7,""p"":0.00046415888336127773,""r"":7}",
         2,         0,         0,   0.196,correlated_pymatching,6eeeec76c514f4890a9bac6f82eadc4dacda18094a665d9455c865cfa0493683,"{""d"":7,""p"":0.00021544346900318845,""r"":7}",
         2,         0,         0,   0.204,correlated_pymatching,abb2991e452f7d5e7b812c86182d9727735adb857ac5144af87483f02b1f408f,"{""d"":7,""p"":0.0001,""r"":7}",
         2,         0,         0,   0.199,correlated_pymatching,ba9ef6fd67b86a3622e5664707c8edb6d9b7da2e0b74dac0b87e1334a0339531,"{""d"":7,""p"":0.00046415888336127773,""r"":7}",
         1,         0,         0,   0.361,correlated_pymatching,4b15e9181b265f1bd4bb78e2597046c0bfb2f5ea7284d5a9b00c9dbde00cc6b8,"{""d"":7,""p"":0.001,""r"":7}",
      4096,         0,         0,   0.902,correlated_pymatching,abb2991e452f7d5e7b812c86182d9727735adb857ac5144af87483f02b1f408f,"{""d"":7,""p"":0.0001,""r"":7}",
         4,         0,         0,   0.227,correlated_pymatching,4b15e9181b265f1bd4bb78e2597046c0bfb2f5ea7284d5a9b00c9dbde00cc6b8,"{""d"":7,""p"":0.001,""r"":7}",
         4,         0,         0,   0.212,correlated_pymatching,ba9ef6fd67b86a3622e5664707c8edb6d9b7da2e0b74dac0b87e1334a0339531,"{""d"":7,""p"":0.00046415888336127773,""r"":7}",
         4,         0,         0,   0.204,correlated_pymatching,abb2991e452f7d5e7b812c86182d9727735adb857ac5144af87483f02b1f408f,"{""d"":7,""p"":0.0001,""r"":7}",
         4,         0,         0,   0.204,correlated_pymatching,6eeeec76c514f4890a9bac6f82eadc4dacda18094a665d9455c865cfa0493683,"{""d"":7,""p"":0.00021544346900318845,""r"":7}",
         4,         0,         0,   0.216,correlated_pymatching,ba9ef6fd67b86a3622e5664707c8edb6d9b7da2e0b74dac0b87e1334a0339531,"{""d"":7,""p"":0.00046415888336127773,""r"":7}",
      4096,         0,         0,   0.929,correlated_pymatching,6eeeec76c514f4890a9bac6f82eadc4dacda18094a665d9455c865cfa0493683,"{""d"":7,""p"":0.00021544346900318845,""r"":7}",
      4096,         0,         0,   0.924,correlated_pymatching,6eeeec76c514f4890a9bac6f82eadc4dacda18094a665d9455c865cfa0493683,"{""d"":7,""p"":0.00021544346900318845,""r"":7}",
         1,         0,         0,   0.380,correlated_pymatching,4b15e9181b265f1bd4bb78e2597046c0bfb2f5ea7284d5a9b00c9dbde00cc6b8,"{""d"":7,""p"":0.001,""r"":7}",
         8,         0,         0,   0.255,correlated_pymatching,ba9ef6fd67b86a3622e5664707c8edb6d9b7da2e0b74dac0b87e1334a0339531,"{""d"":7,""p"":0.00046415888336127773,""r"":7}",
         8,         0,         0,   0.260,correlated_pymatching,4b15e9181b265f1bd4bb78e2597046c0bfb2f5ea7284d5a9b00c9dbde00cc6b8,"{""d"":7,""p"":0.001,""r"":7}",
         8,         0,         0,   0.253,correlated_pymatching,6eeeec76c514f4890a9bac6f82eadc4dacda18094a665d9455c865cfa0493683,"{""d"":7,""p"":0.00021544346900318845,""r"":7}",
      4096,         0,         0,   0.971,correlated_pymatching,abb2991e452f7d5e7b812c86182d9727735adb857ac5144af87483f02b1f408f,"{""d"":7,""p"":0.0001,""r"":7}",
         8,         0,         0,   0.281,correlated_pymatching,abb2991e452f7d5e7b812c86182d9727735adb857ac5144af87483f02b1f408f,"{""d"":7,""p"":0.0001,""r"":7}",
         8,         0,         0,   0.276,correlated_pymatching,ba9ef6fd67b86a3622e5664707c8edb6d9b7da2e0b74dac0b87e1334a0339531,"{""d"":7,""p"":0.00046415888336127773,""r"":7}",
        16,         0,         0,   0.216,correlated_pymatching,ba9ef6fd67b86a3622e5664707c8edb6d9b7da2e0b74dac0b87e1334a0339531,"{""d"":7,""p"":0.00046415888336127773,""r"":7}",
        16,         0,         0,   0.216,correlated_pymatching,4b15e9181b265f1bd4bb78e2597046c0bfb2f5ea7284d5a9b00c9dbde00cc6b8,"{""d"":7,""p"":0.001,""r"":7}",
        16,         0,         0,   0.228,correlated_pymatching,6eeeec76c514f4890a9bac6f82eadc4dacda18094a665d9455c865cfa0493683,"{""d"":7,""p"":0.00021544346900318845,""r"":7}",
        16,         0,         0,   0.210,correlated_pymatching,abb2991e452f7d5e7b812c86182d9727735adb857ac5144af87483f02b1f408f,"{""d"":7,""p"":0.0001,""r"":7}",
        16,         0,         0,   0.216,correlated_pymatching,ba9ef6fd67b86a3622e5664707c8edb6d9b7da2e0b74dac0b87e1334a0339531,"{""d"":7,""p"":0.00046415888336127773,""r"":7}",
         1,         0,         0,   0.312,correlated_pymatching,4b15e9181b265f1bd4bb78e2597046c0bfb2f5ea7284d5a9b00c9dbde00cc6b8,"{""d"":7,""p"":0.001,""r"":7}",
        32,         0,         0,   0.216,correlated_pymatching,4b15e9181b265f1bd4bb78e2597046c0bfb2f5ea7284d5a9b00c9dbde00cc6b8,"{""d"":7,""p"":0.001,""r"":7}",
        32,         0,         0,   0.216,correlated_pymatching,ba9ef6fd67b86a3622e5664707c8edb6d9b7da2e0b74dac0b87e1334a0339531,"{""d"":7,""p"":0.00046415888336127773,""r"":7}",
        32,         0,         0,   0.205,correlated_pymatching,6eeeec76c514f4890a9bac6f82eadc4dacda18094a665d9455c865cfa0493683,"{""d"":7,""p"":0.00021544346900318845,""r"":7}",
        32,         0,         0,   0.212,correlated_pymatching,abb2991e452f7d5e7b812c86182d9727735adb857ac5144af87483f02b1f408f,"{""d"":7,""p"":0.0001,""r"":7}",
        32,         0,         0,   0.216,correlated_pymatching,ba9ef6fd67b86a3622e5664707c8edb6d9b7da2e0b74dac0b87e1334a0339531,"{""d"":7,""p"":0.00046415888336127773,""r"":7}",
      6144,         0,         0,    1.57,correlated_pymatching,6eeeec76c514f4890a9bac6f82eadc4dacda18094a665d9455c865cfa0493683,"{""d"":7,""p"":0.00021544346900318845,""r"":7}",
      6144,         0,         0,    1.61,correlated_pymatching,ba9ef6fd67b86a3622e5664707c8edb6d9b7da2e0b74dac0b87e1334a0339531,"{""d"":7,""p"":0.00046415888336127773,""r"":7}",
        64,         0,         0,   0.202,correlated_pymatching,4b15e9181b265f1bd4bb78e2597046c0bfb2f5ea7284d5a9b00c9dbde00cc6b8,"{""d"":7,""p"":0.001,""r"":7}",
        64,         0,         0,   0.204,correlated_pymatching,ba9ef6fd67b86a3622e5664707c8edb6d9b7da2e0b74dac0b87e1334a0339531,"{""d"":7,""p"":0.00046415888336127773,""r"":7}",
         1,         0,         0,   0.332,correlated_pymatching,4b15e9181b265f1bd4bb78e2597046c0bfb2f5ea7284d5a9b00c9dbde00cc6b8,"{""d"":7,""p"":0.001,""r"":7}",
      6144,         1,         0,    1.82,correlated_pymatching,4b15e9181b265f1bd4bb78e2597046c0bfb2f5ea7284d5a9b00c9dbde00cc6b8,"{""d"":7,""p"":0.001,""r"":7}","{""obs_mistake_mask=E"":1}"
      5120,         1,         0,    1.67,correlated_pymatching,4b15e9181b265f1bd4bb78e2597046c0bfb2f5ea7284d5a9b00c9dbde00cc6b8,"{""d"":7,""p"":0.001,""r"":7}","{""obs_mistake_mask=E"":1}"
        64,         0,         0,   0.205,correlated_pymatching,6eeeec76c514f4890a9bac6f82eadc4dacda18094a665d9455c865cfa0493683,"{""d"":7,""p"":0.00021544346900318845,""r"":7}",
        64,         0,         0,   0.208,correlated_pymatching,abb2991e452f7d5e7b812c86182d9727735adb857ac5144af87483f02b1f408f,"{""d"":7,""p"":0.0001,""r"":7}",
        64,         0,         0,   0.211,correlated_pymatching,ba9ef6fd67b86a3622e5664707c8edb6d9b7da2e0b74dac0b87e1334a0339531,"{""d"":7,""p"":0.00046415888336127773,""r"":7}",
      6144,         0,         0,    1.56,correlated_pymatching,ba9ef6fd67b86a3622e5664707c8edb6d9b7da2e0b74dac0b87e1334a0339531,"{""d"":7,""p"":0.00046415888336127773,""r"":7}",
      5120,         0,         0,    1.13,correlated_pymatching,abb2991e452f7d5e7b812c86182d9727735adb857ac5144af87483f02b1f408f,"{""d"":7,""p"":0.0001,""r"":7}",
       128,         0,         0,   0.204,correlated_pymatching,6eeeec76c514f4890a9bac6f82eadc4dacda18094a665d9455c865cfa0493683,"{""d"":7,""p"":0.00021544346900318845,""r"":7}",
       128,         0,         0,   0.228,correlated_pymatching,ba9ef6fd67b86a3622e5664707c8edb6d9b7da2e0b74dac0b87e1334a0339531,"{""d"":7,""p"":0.00046415888336127773,""r"":7}",
       128,         0,         0,   0.242,correlated_pymatching,4b15e9181b265f1bd4bb78e2597046c0bfb2f5ea7284d5a9b00c9dbde00cc6b8,"{""d"":7,""p"":0.001,""r"":7}",
       128,         0,         0,   0.204,correlated_pymatching,abb2991e452f7d5e7b812c86182d9727735adb857ac5144af87483f02b1f408f,"{""d"":7,""p"":0.0001,""r"":7}",
       128,         0,         0,   0.203,correlated_pymatching,ba9ef6fd67b86a3622e5664707c8edb6d9b7da2e0b74dac0b87e1334a0339531,"{""d"":7,""p"":0.00046415888336127773,""r"":7}",
         1,         0,         0,   0.324,correlated_pymatching,4b15e9181b265f1bd4bb78e2597046c0bfb2f5ea7284d5a9b00c9dbde00cc6b8,"{""d"":7,""p"":0.001,""r"":7}",
      5120,         0,         0,    1.17,correlated_pymatching,6eeeec76c514f4890a9bac6f82eadc4dacda18094a665d9455c865cfa0493683,"{""d"":7,""p"":0.00021544346900318845,""r"":7}",
       256,         0,         0,   0.206,correlated_pymatching,6eeeec76c514f4890a9bac6f82eadc4dacda18094a665d9455c865cfa0493683,"{""d"":7,""p"":0.00021544346900318845,""r"":7}",
      5120,         0,         0,    1.19,correlated_pymatching,6eeeec76c514f4890a9bac6f82eadc4dacda18094a665d9455c865cfa0493683,"{""d"":7,""p"":0.00021544346900318845,""r"":7}",
       256,         0,         0,   0.220,correlated_pymatching,ba9ef6fd67b86a3622e5664707c8edb6d9b7da2e0b74dac0b87e1334a0339531,"{""d"":7,""p"":0.00046415888336127773,""r"":7}",
       256,         0,         0,   0.224,correlated_pymatching,abb2991e452f7d5e7b812c86182d9727735adb857ac5144af87483f02b1f408f,"{""d"":7,""p"":0.0001,""r"":7}",
       256,         0,         0,   0.240,correlated_pymatching,4b15e9181b265f1bd4bb78e2597046c0bfb2f5ea7284d5a9b00c9dbde00cc6b8,"{""d"":7,""p"":0.001,""r"":7}",
       256,         0,         0,   0.221,correlated_pymatching,ba9ef6fd67b86a3622e5664707c8edb6d9b7da2e0b74dac0b87e1334a0339531,"{""d"":7,""p"":0.00046415888336127773,""r"":7}",
      5120,         0,         0,    1.18,correlated_pymatching,abb2991e452f7d5e7b812c86182d9727735adb857ac5144af87483f02b1f408f,"{""d"":7,""p"":0.0001,""r"":7}",
       512,         0,         0,   0.222,correlated_pymatching,6eeeec76c514f4890a9bac6f82eadc4dacda18094a665d9455c865cfa0493683,"{""d"":7,""p"":0.00021544346900318845,""r"":7}",
         1,         0,         0,   0.335,correlated_pymatching,4b15e9181b265f1bd4bb78e2597046c0bfb2f5ea7284d5a9b00c9dbde00cc6b8,"{""d"":7,""p"":0.001,""r"":7}",
       512,         0,         0,   0.252,correlated_pymatching,abb2991e452f7d5e7b812c86182d9727735adb857ac5144af87483f02b1f408f,"{""d"":7,""p"":0.0001,""r"":7}",
       512,         0,         0,   0.252,correlated_pymatching,4b15e9181b265f1bd4bb78e2597046c0bfb2f5ea7284d5a9b00c9dbde00cc6b8,"{""d"":7,""p"":0.001,""r"":7}",
       512,         0,         0,   0.298,correlated_pymatching,ba9ef6fd67b86a3622e5664707c8edb6d9b7da2e0b74dac0b87e1334a0339531,"{""d"":7,""p"":0.00046415888336127773,""r"":7}",
      1536,         0,         0,   0.448,correlated_pymatching,ba9ef6fd67b86a3622e5664707c8edb6d9b7da2e0b74dac0b87e1334a0339531,"{""d"":7,""p"":0.00046415888336127773,""r"":7}",
         1,         0,         0,   0.368,correlated_pymatching,4b15e9181b265f1bd4bb78e2597046c0bfb2f5ea7284d5a9b00c9dbde00cc6b8,"{""d"":7,""p"":0.001,""r"":7}",
      1024,         0,         0,   0.324,correlated_pymatching,4b15e9181b265f1bd4bb78e2597046c0bfb2f5ea7284d5a9b00c9dbde00cc6b8,"{""d"":7,""p"":0.001,""r"":7}",
      2048,         0,         0,   0.514,correlated_pymatching,6eeeec76c514f4890a9bac6f82eadc4dacda18094a665d9455c865cfa0493683,"{""d"":7,""p"":0.00021544346900318845,""r"":7}",
      2048,         0,         0,   0.468,correlated_pymatching,abb2991e452f7d5e7b812c86182d9727735adb857ac5144af87483f02b1f408f,"{""d"":7,""p"":0.0001,""r"":7}",
      2048,         0,         0,   0.546,correlated_pymatching,ba9ef6fd67b86a3622e5664707c8edb6d9b7da2e0b74dac0b87e1334a0339531,"{""d"":7,""p"":0.00046415888336127773,""r"":7}",
         1,         0,         0,   0.321,correlated_pymatching,4b15e9181b265f1bd4bb78e2597046c0bfb2f5ea7284d5a9b00c9dbde00cc6b8,"{""d"":7,""p"":0.001,""r"":7}",
      2048,         0,         0,   0.544,correlated_pymatching,ba9ef6fd67b86a3622e5664707c8edb6d9b7da2e0b74dac0b87e1334a0339531,"{""d"":7,""p"":0.00046415888336127773,""r"":7}",
      2048,         0,         0,   0.450,correlated_pymatching,6eeeec76c514f4890a9bac6f82eadc4dacda18094a665d9455c865cfa0493683,"{""d"":7,""p"":0.00021544346900318845,""r"":7}",
      2048,         0,         0,   0.463,correlated_pymatching,abb2991e452f7d5e7b812c86182d9727735adb857ac5144af87483f02b1f408f,"{""d"":7,""p"":0.0001,""r"":7}",
         1,         0,         0,   0.334,correlated_pymatching,4b15e9181b265f1bd4bb78e2597046c0bfb2f5ea7284d5a9b00c9dbde00cc6b8,"{""d"":7,""p"":0.001,""r"":7}",
      2048,         0,         0,   0.660,correlated_pymatching,4b15e9181b265f1bd4bb78e2597046c0bfb2f5ea7284d5a9b00c9dbde00cc6b8,"{""d"":7,""p"":0.001,""r"":7}",
      7168,         0,         0,    1.59,correlated_pymatching,abb2991e452f7d5e7b812c86182d9727735adb857ac5144af87483f02b1f408f,"{""d"":7,""p"":0.0001,""r"":7}",
      2048,         0,         0,   0.542,correlated_pymatching,ba9ef6fd67b86a3622e5664707c8edb6d9b7da2e0b74dac0b87e1334a0339531,"{""d"":7,""p"":0.00046415888336127773,""r"":7}",
      7168,         0,         0,    1.62,correlated_pymatching,6eeeec76c514f4890a9bac6f82eadc4dacda18094a665d9455c865cfa0493683,"{""d"":7,""p"":0.00021544346900318845,""r"":7}",
         1,         0,         0,   0.336,correlated_pymatching,4b15e9181b265f1bd4bb78e2597046c0bfb2f5ea7284d5a9b00c9dbde00cc6b8,"{""d"":7,""p"":0.001,""r"":7}",
      2048,         0,         0,   0.532,correlated_pymatching,ba9ef6fd67b86a3622e5664707c8edb6d9b7da2e0b74dac0b87e1334a0339531,"{""d"":7,""p"":0.00046415888336127773,""r"":7}",
      7168,         0,         0,    1.69,correlated_pymatching,6eeeec76c514f4890a9bac6f82eadc4dacda18094a665d9455c865cfa0493683,"{""d"":7,""p"":0.00021544346900318845,""r"":7}",
      7168,         0,         0,    1.67,correlated_pymatching,abb2991e452f7d5e7b812c86182d9727735adb857ac5144af87483f02b1f408f,"{""d"":7,""p"":0.0001,""r"":7}",
      7168,         1,         0,    2.23,correlated_pymatching,4b15e9181b265f1bd4bb78e2597046c0bfb2f5ea7284d5a9b00c9dbde00cc6b8,"{""d"":7,""p"":0.001,""r"":7}","{""obs_mistake_mask=E"":1}"
     10240,         0,         0,    2.37,correlated_pymatching,6eeeec76c514f4890a9bac6f82eadc4dacda18094a665d9455c865cfa0493683,"{""d"":7,""p"":0.00021544346900318845,""r"":7}",
      9216,         0,         0,    2.43,correlated_pymatching,ba9ef6fd67b86a3622e5664707c8edb6d9b7da2e0b74dac0b87e1334a0339531,"{""d"":7,""p"":0.00046415888336127773,""r"":7}",
      3072,         0,         0,   0.695,correlated_pymatching,6eeeec76c514f4890a9bac6f82eadc4dacda18094a665d9455c865cfa0493683,"{""d"":7,""p"":0.00021544346900318845,""r"":7}",
      7168,         0,         0,    2.31,correlated_pymatching,4b15e9181b265f1bd4bb78e2597046c0bfb2f5ea7284d5a9b00c9dbde00cc6b8,"{""d"":7,""p"":0.001,""r"":7}",
      3072,         0,         0,   0.696,correlated_pymatching,abb2991e452f7d5e7b812c86182d9727735adb857ac5144af87483f02b1f408f,"{""d"":7,""p"":0.0001,""r"":7}",
         1,         0,         0,   0.336,correlated_pymatching,4b15e9181b265f1bd4bb78e2597046c0bfb2f5ea7284d5a9b00c9dbde00cc6b8,"{""d"":7,""p"":0.001,""r"":7}",
      2048,         0,         0,   0.660,correlated_pymatching,4b15e9181b265f1bd4bb78e2597046c0bfb2f5ea7284d5a9b00c9dbde00cc6b8,"{""d"":7,""p"":0.001,""r"":7}",
      9216,         0,         0,    2.32,correlated_pymatching,ba9ef6fd67b86a3622e5664707c8edb6d9b7da2e0b74dac0b87e1334a0339531,"{""d"":7,""p"":0.00046415888336127773,""r"":7}",
      3072,         0,         0,   0.816,correlated_pymatching,ba9ef6fd67b86a3622e5664707c8edb6d9b7da2e0b74dac0b87e1334a0339531,"{""d"":7,""p"":0.00046415888336127773,""r"":7}",
      3072,         0,         0,   0.809,correlated_pymatching,ba9ef6fd67b86a3622e5664707c8edb6d9b7da2e0b74dac0b87e1334a0339531,"{""d"":7,""p"":0.00046415888336127773,""r"":7}",
         2,         0,         0,   0.660,correlated_pymatching,4b15e9181b265f1bd4bb78e2597046c0bfb2f5ea7284d5a9b00c9dbde00cc6b8,"{""d"":7,""p"":0.001,""r"":7}",
      4096,         0,         0,   0.916,correlated_pymatching,6eeeec76c514f4890a9bac6f82eadc4dacda18094a665d9455c865cfa0493683,"{""d"":7,""p"":0.00021544346900318845,""r"":7}",
      4096,         0,         0,   0.935,correlated_pymatching,abb2991e452f7d5e7b812c86182d9727735adb857ac5144af87483f02b1f408f,"{""d"":7,""p"":0.0001,""r"":7}",
      3072,         0,         0,   0.983,correlated_pymatching,4b15e9181b265f1bd4bb78e2597046c0bfb2f5ea7284d5a9b00c9dbde00cc6b8,"{""d"":7,""p"":0.001,""r"":7}",
      3072,         0,         0,   0.809,correlated_pymatching,ba9ef6fd67b86a3622e5664707c8edb6d9b7da2e0b74dac0b87e1334a0339531,"{""d"":7,""p"":0.00046415888336127773,""r"":7}",
      3072,         0,         0,   0.798,correlated_pymatching,ba9ef6fd67b86a3622e5664707c8edb6d9b7da2e0b74dac0b87e1334a0339531,"{""d"":7,""p"":0.00046415888336127773,""r"":7}",
         2,         0,         0,   0.668,correlated_pymatching,4b15e9181b265f1bd4bb78e2597046c0bfb2f5ea7284d5a9b00c9dbde00cc6b8,"{""d"":7,""p"":0.001,""r"":7}",
    106496,        21,         0,    32.2,correlated_pymatching,4b15e9181b265f1bd4bb78e2597046c0bfb2f5ea7284d5a9b00c9dbde00cc6b8,"{""d"":7,""p"":0.001,""r"":7}","{""obs_mistake_mask=E"":21}"
    140288,         0,         0,    32.3,correlated_pymatching,6eeeec76c514f4890a9bac6f82eadc4dacda18094a665d9455c865cfa0493683,"{""d"":7,""p"":0.00021544346900318845,""r"":7}",
     97280,         1,         0,    32.3,correlated_pymatching,ba9ef6fd67b86a3622e5664707c8edb6d9b7da2e0b74dac0b87e1334a0339531,"{""d"":7,""p"":0.00046415888336127773,""r"":7}","{""obs_mistake_mask=E"":1}"
     10240,         0,         0,    2.23,correlated_pymatching,abb2991e452f7d5e7b812c86182d9727735adb857ac5144af87483f02b1f408f,"{""d"":7,""p"":0.0001,""r"":7}",
    104448,         0,         0,    23.0,correlated_pymatching,abb2991e452f7d5e7b812c86182d9727735adb857ac5144af87483f02b1f408f,"{""d"":7,""p"":0.0001,""r"":7}",
    121856,         0,         0,    32.2,correlated_pymatching,abb2991e452f7d5e7b812c86182d9727735adb857ac5144af87483f02b1f408f,"{""d"":7,""p"":0.0001,""r"":7}",
     10240,         0,         0,    2.39,correlated_pymatching,6eeeec76c514f4890a9bac6f82eadc4dacda18094a665d9455c865cfa0493683,"{""d"":7,""p"":0.00021544346900318845,""r"":7}",
     10240,         0,         0,    2.30,correlated_pymatching,6eeeec76c514f4890a9bac6f82eadc4dacda18094a665d9455c865cfa0493683,"{""d"":7,""p"":0.00021544346900318845,""r"":7}",
      5120,         0,         0,    1.17,correlated_pymatching,abb2991e452f7d5e7b812c86182d9727735adb857ac5144af87483f02b1f408f,"{""d"":7,""p"":0.0001,""r"":7}",
      5120,         0,         0,    1.24,correlated_pymatching,6eeeec76c514f4890a9bac6f82eadc4dacda18094a665d9455c865cfa0493683,"{""d"":7,""p"":0.00021544346900318845,""r"":7}",
     87040,         0,         0,    23.0,correlated_pymatching,ba9ef6fd67b86a3622e5664707c8edb6d9b7da2e0b74dac0b87e1334a0339531,"{""d"":7,""p"":0.00046415888336127773,""r"":7}",
      4096,         0,         0,    1.16,correlated_pymatching,ba9ef6fd67b86a3622e5664707c8edb6d9b7da2e0b74dac0b87e1334a0339531,"{""d"":7,""p"":0.00046415888336127773,""r"":7}",
     10240,         0,         0,    2.39,correlated_pymatching,abb2991e452f7d5e7b812c86182d9727735adb857ac5144af87483f02b1f408f,"{""d"":7,""p"":0.0001,""r"":7}",
     71680,        10,         0,    23.0,correlated_pymatching,4b15e9181b265f1bd4bb78e2597046c0bfb2f5ea7284d5a9b00c9dbde00cc6b8,"{""d"":7,""p"":0.001,""r"":7}","{""obs_mistake_mask=E"":10}"
      4096,         1,         0,    1.34,correlated_pymatching,4b15e9181b265f1bd4bb78e2597046c0bfb2f5ea7284d5a9b00c9dbde00cc6b8,"{""d"":7,""p"":0.001,""r"":7}","{""obs_mistake_mask=E"":1}"
         3,         0,         0,    1.05,correlated_pymatching,4b15e9181b265f1bd4bb78e2597046c0bfb2f5ea7284d5a9b00c9dbde00cc6b8,"{""d"":7,""p"":0.001,""r"":7}",
     96256,         0,         0,    23.2,correlated_pymatching,6eeeec76c514f4890a9bac6f82eadc4dacda18094a665d9455c865cfa0493683,"{""d"":7,""p"":0.00021544346900318845,""r"":7}",
      5120,         0,         0,    1.37,correlated_pymatching,ba9ef6fd67b86a3622e5664707c8edb6d9b7da2e0b74dac0b87e1334a0339531,"{""d"":7,""p"":0.00046415888336127773,""r"":7}",
     10240,         5,         0,    3.09,correlated_pymatching,4b15e9181b265f1bd4bb78e2597046c0bfb2f5ea7284d5a9b00c9dbde00cc6b8,"{""d"":7,""p"":0.001,""r"":7}","{""obs_mistake_mask=E"":5}"
     13312,         0,         0,    3.20,correlated_pymatching,6eeeec76c514f4890a9bac6f82eadc4dacda18094a665d9455c865cfa0493683,"{""d"":7,""p"":0.00021544346900318845,""r"":7}",
     12288,         0,         0,    3.09,correlated_pymatching,ba9ef6fd67b86a3622e5664707c8edb6d9b7da2e0b74dac0b87e1334a0339531,"{""d"":7,""p"":0.00046415888336127773,""r"":7}",
     12288,         0,         0,    3.24,correlated_pymatching,ba9ef6fd67b86a3622e5664707c8edb6d9b7da2e0b74dac0b87e1334a0339531,"{""d"":7,""p"":0.00046415888336127773,""r"":7}",
     10240,         2,         0,    3.34,correlated_pymatching,4b15e9181b265f1bd4bb78e2597046c0bfb2f5ea7284d5a9b00c9dbde00cc6b8,"{""d"":7,""p"":0.001,""r"":7}","{""obs_mistake_mask=E"":2}"
      7168,         0,         0,    1.58,correlated_pymatching,6eeeec76c514f4890a9bac6f82eadc4dacda18094a665d9455c865cfa0493683,"{""d"":7,""p"":0.00021544346900318845,""r"":7}",
      7168,         0,         0,    1.61,correlated_pymatching,abb2991e452f7d5e7b812c86182d9727735adb857ac5144af87483f02b1f408f,"{""d"":7,""p"":0.0001,""r"":7}",
         4,         0,         0,    1.33,correlated_pymatching,4b15e9181b265f1bd4bb78e2597046c0bfb2f5ea7284d5a9b00c9dbde00cc6b8,"{""d"":7,""p"":0.001,""r"":7}",
      6144,         0,         0,    1.61,correlated_pymatching,ba9ef6fd67b86a3622e5664707c8edb6d9b7da2e0b74dac0b87e1334a0339531,"{""d"":7,""p"":0.00046415888336127773,""r"":7}",
    122880,         1,         0,    32.2,correlated_pymatching,ba9ef6fd67b86a3622e5664707c8edb6d9b7da2e0b74dac0b87e1334a0339531,"{""d"":7,""p"":0.00046415888336127773,""r"":7}","{""obs_mistake_mask=E"":1}"
      5120,         2,         0,    1.69,correlated_pymatching,4b15e9181b265f1bd4bb78e2597046c0bfb2f5ea7284d5a9b00c9dbde00cc6b8,"{""d"":7,""p"":0.001,""r"":7}","{""obs_mistake_mask=E"":2}"
    139264,         0,         0,    32.3,correlated_pymatching,abb2991e452f7d5e7b812c86182d9727735adb857ac5144af87483f02b1f408f,"{""d"":7,""p"":0.0001,""r"":7}",
    133120,         0,         0,    32.4,correlated_pymatching,6eeeec76c514f4890a9bac6f82eadc4dacda18094a665d9455c865cfa0493683,"{""d"":7,""p"":0.00021544346900318845,""r"":7}",
      6144,         0,         0,    1.62,correlated_pymatching,ba9ef6fd67b86a3622e5664707c8edb6d9b7da2e0b74dac0b87e1334a0339531,"{""d"":7,""p"":0.00046415888336127773,""r"":7}",
    101376,        14,         0,    32.4,correlated_pymatching,4b15e9181b265f1bd4bb78e2597046c0bfb2f5ea7284d5a9b00c9dbde00cc6b8,"{""d"":7,""p"":0.001,""r"":7}","{""obs_mistake_mask=E"":14}"
     14336,         0,         0,    3.19,correlated_pymatching,abb2991e452f7d5e7b812c86182d9727735adb857ac5144af87483f02b1f408f,"{""d"":7,""p"":0.0001,""r"":7}",
     13312,         0,         0,    3.12,correlated_pymatching,6eeeec76c514f4890a9bac6f82eadc4dacda18094a665d9455c865cfa0493683,"{""d"":7,""p"":0.00021544346900318845,""r"":7}",
     15360,         0,         0,    3.15,correlated_pymatching,6eeeec76c514f4890a9bac6f82eadc4dacda18094a665d9455c865cfa0493683,"{""d"":7,""p"":0.00021544346900318845,""r"":7}",
         5,         0,         0,    1.66,correlated_pymatching,4b15e9181b265f1bd4bb78e2597046c0bfb2f5ea7284d5a9b00c9dbde00cc6b8,"{""d"":7,""p"":0.001,""r"":7}",
     15360,         0,         0,    3.10,correlated_pymatching,abb2991e452f7d5e7b812c86182d9727735adb857ac5144af87483f02b1f408f,"{""d"":7,""p"":0.0001,""r"":7}",
     11264,         0,         0,    2.28,correlated_pymatching,6eeeec76c514f4890a9bac6f82eadc4dacda18094a665d9455c865cfa0493683,"{""d"":7,""p"":0.00021544346900318845,""r"":7}",
     10240,         0,         0,    2.39,correlated_pymatching,abb2991e452f7d5e7b812c86182d9727735adb857ac5144af87483f02b1f408f,"{""d"":7,""p"":0.0001,""r"":7}",
      7168,         1,         0,    2.27,correlated_pymatching,4b15e9181b265f1bd4bb78e2597046c0bfb2f5ea7284d5a9b00c9dbde00cc6b8,"{""d"":7,""p"":0.001,""r"":7}","{""obs_mistake_mask=E"":1}"
      9216,         0,         0,    2.44,correlated_pymatching,ba9ef6fd67b86a3622e5664707c8edb6d9b7da2e0b74dac0b87e1334a0339531,"{""d"":7,""p"":0.00046415888336127773,""r"":7}",
     12288,         0,         0,    2.39,correlated_pymatching,ba9ef6fd67b86a3622e5664707c8edb6d9b7da2e0b74dac0b87e1334a0339531,"{""d"":7,""p"":0.00046415888336127773,""r"":7}",
     14336,         4,         0,    4.42,correlated_pymatching,4b15e9181b265f1bd4bb78e2597046c0bfb2f5ea7284d5a9b00c9dbde00cc6b8,"{""d"":7,""p"":0.001,""r"":7}","{""obs_mistake_mask=E"":4}"
     20480,         0,         0,    4.33,correlated_pymatching,6eeeec76c514f4890a9bac6f82eadc4dacda18094a665d9455c865cfa0493683,"{""d"":7,""p"":0.00021544346900318845,""r"":7}",
     16384,         0,         0,    4.28,correlated_pymatching,ba9ef6fd67b86a3622e5664707c8edb6d9b7da2e0b74dac0b87e1334a0339531,"{""d"":7,""p"":0.00046415888336127773,""r"":7}",
     74752,         0,         0,    16.5,correlated_pymatching,abb2991e452f7d5e7b812c86182d9727735adb857ac5144af87483f02b1f408f,"{""d"":7,""p"":0.0001,""r"":7}",
     17408,         0,         0,    4.38,correlated_pymatching,ba9ef6fd67b86a3622e5664707c8edb6d9b7da2e0b74dac0b87e1334a0339531,"{""d"":7,""p"":0.00046415888336127773,""r"":7}",
        12,         0,         0,    2.23,correlated_pymatching,4b15e9181b265f1bd4bb78e2597046c0bfb2f5ea7284d5a9b00c9dbde00cc6b8,"{""d"":7,""p"":0.001,""r"":7}",
     14336,         3,         0,    4.58,correlated_pymatching,4b15e9181b265f1bd4bb78e2597046c0bfb2f5ea7284d5a9b00c9dbde00cc6b8,"{""d"":7,""p"":0.001,""r"":7}","{""obs_mistake_mask=E"":3}"
     14336,         0,         0,    3.06,correlated_pymatching,6eeeec76c514f4890a9bac6f82eadc4dacda18094a665d9455c865cfa0493683,"{""d"":7,""p"":0.00021544346900318845,""r"":7}",
     20480,         0,         0,    4.42,correlated_pymatching,abb2991e452f7d5e7b812c86182d9727735adb857ac5144af87483f02b1f408f,"{""d"":7,""p"":0.0001,""r"":7}",
     14336,         0,         0,    3.25,correlated_pymatching,abb2991e452f7d5e7b812c86182d9727735adb857ac5144af87483f02b1f408f,"{""d"":7,""p"":0.0001,""r"":7}",
     12288,         0,         0,    3.21,correlated_pymatching,ba9ef6fd67b86a3622e5664707c8edb6d9b7da2e0b74dac0b87e1334a0339531,"{""d"":7,""p"":0.00046415888336127773,""r"":7}",
     10240,         2,         0,    3.27,correlated_pymatching,4b15e9181b265f1bd4bb78e2597046c0bfb2f5ea7284d5a9b00c9dbde00cc6b8,"{""d"":7,""p"":0.001,""r"":7}","{""obs_mistake_mask=E"":2}"
     19456,         0,         0,    4.44,correlated_pymatching,6eeeec76c514f4890a9bac6f82eadc4dacda18094a665d9455c865cfa0493683,"{""d"":7,""p"":0.00021544346900318845,""r"":7}",
     20480,         0,         0,    4.35,correlated_pymatching,abb2991e452f7d5e7b812c86182d9727735adb857ac5144af87483f02b1f408f,"{""d"":7,""p"":0.0001,""r"":7}",
     21504,         0,         0,    4.49,correlated_pymatching,6eeeec76c514f4890a9bac6f82eadc4dacda18094a665d9455c865cfa0493683,"{""d"":7,""p"":0.00021544346900318845,""r"":7}",
     12288,         0,         0,    3.24,correlated_pymatching,ba9ef6fd67b86a3622e5664707c8edb6d9b7da2e0b74dac0b87e1334a0339531,"{""d"":7,""p"":0.00046415888336127773,""r"":7}",
        20,         0,         0,    3.37,correlated_pymatching,4b15e9181b265f1bd4bb78e2597046c0bfb2f5ea7284d5a9b00c9dbde00cc6b8,"{""d"":7,""p"":0.001,""r"":7}",
     19456,         0,         0,    4.46,correlated_pymatching,6eeeec76c514f4890a9bac6f82eadc4dacda18094a665d9455c865cfa0493683,"{""d"":7,""p"":0.00021544346900318845,""r"":7}",
     20480,         2,         0,    6.13,correlated_pymatching,4b15e9181b265f1bd4bb78e2597046c0bfb2f5ea7284d5a9b00c9dbde00cc6b8,"{""d"":7,""p"":0.001,""r"":7}","{""obs_mistake_mask=E"":2}"
     25600,         0,         0,    6.12,correlated_pymatching,6eeeec76c514f4890a9bac6f82eadc4dacda18094a665d9455c865cfa0493683,"{""d"":7,""p"":0.00021544346900318845,""r"":7}",
     23552,         0,         0,    6.18,correlated_pymatching,ba9ef6fd67b86a3622e5664707c8edb6d9b7da2e0b74dac0b87e1334a0339531,"{""d"":7,""p"":0.00046415888336127773,""r"":7}",
     24576,         0,         0,    6.15,correlated_pymatching,ba9ef6fd67b86a3622e5664707c8edb6d9b7da2e0b74dac0b87e1334a0339531,"{""d"":7,""p"":0.00046415888336127773,""r"":7}",
     19456,         0,         0,    4.41,correlated_pymatching,abb2991e452f7d5e7b812c86182d9727735adb857ac5144af87483f02b1f408f,"{""d"":7,""p"":0.0001,""r"":7}",
     16384,         0,         0,    4.28,correlated_pymatching,ba9ef6fd67b86a3622e5664707c8edb6d9b7da2e0b74dac0b87e1334a0339531,"{""d"":7,""p"":0.00046415888336127773,""r"":7}",
     14336,         1,         0,    4.45,correlated_pymatching,4b15e9181b265f1bd4bb78e2597046c0bfb2f5ea7284d5a9b00c9dbde00cc6b8,"{""d"":7,""p"":0.001,""r"":7}","{""obs_mistake_mask=E"":1}"
     19456,         6,         0,    6.16,correlated_pymatching,4b15e9181b265f1bd4bb78e2597046c0bfb2f5ea7284d5a9b00c9dbde00cc6b8,"{""d"":7,""p"":0.001,""r"":7}","{""obs_mistake_mask=E"":6}"
     16384,         0,         0,    4.31,correlated_pymatching,ba9ef6fd67b86a3622e5664707c8edb6d9b7da2e0b74dac0b87e1334a0339531,"{""d"":7,""p"":0.00046415888336127773,""r"":7}",
     27648,         0,         0,    5.99,correlated_pymatching,abb2991e452f7d5e7b812c86182d9727735adb857ac5144af87483f02b1f408f,"{""d"":7,""p"":0.0001,""r"":7}",
        26,         0,         0,    4.35,correlated_pymatching,4b15e9181b265f1bd4bb78e2597046c0bfb2f5ea7284d5a9b00c9dbde00cc6b8,"{""d"":7,""p"":0.001,""r"":7}",
     26624,         0,         0,    6.05,correlated_pymatching,6eeeec76c514f4890a9bac6f82eadc4dacda18094a665d9455c865cfa0493683,"{""d"":7,""p"":0.00021544346900318845,""r"":7}",
     26624,         0,         0,    6.13,correlated_pymatching,6eeeec76c514f4890a9bac6f82eadc4dacda18094a665d9455c865cfa0493683,"{""d"":7,""p"":0.00021544346900318845,""r"":7}",
     26624,         0,         0,    6.15,correlated_pymatching,abb2991e452f7d5e7b812c86182d9727735adb857ac5144af87483f02b1f408f,"{""d"":7,""p"":0.0001,""r"":7}",
     84992,         0,         0,    23.2,correlated_pymatching,6eeeec76c514f4890a9bac6f82eadc4dacda18094a665d9455c865cfa0493683,"{""d"":7,""p"":0.00021544346900318845,""r"":7}",
     84992,         0,         0,    23.2,correlated_pymatching,ba9ef6fd67b86a3622e5664707c8edb6d9b7da2e0b74dac0b87e1334a0339531,"{""d"":7,""p"":0.00046415888336127773,""r"":7}",
     69632,         9,         0,    23.4,correlated_pymatching,4b15e9181b265f1bd4bb78e2597046c0bfb2f5ea7284d5a9b00c9dbde00cc6b8,"{""d"":7,""p"":0.001,""r"":7}","{""obs_mistake_mask=E"":9}"
      1088,         0,         0,    23.0,correlated_pymatching,abb2991e452f7d5e7b812c86182d9727735adb857ac5144af87483f02b1f408f,"{""d"":7,""p"":0.0001,""r"":7}",
     17408,         0,         0,    6.00,correlated_pymatching,6eeeec76c514f4890a9bac6f82eadc4dacda18094a665d9455c865cfa0493683,"{""d"":7,""p"":0.00021544346900318845,""r"":7}",
     30720,         0,         0,    6.01,correlated_pymatching,abb2991e452f7d5e7b812c86182d9727735adb857ac5144af87483f02b1f408f,"{""d"":7,""p"":0.0001,""r"":7}",
     17408,         0,         0,    6.14,correlated_pymatching,ba9ef6fd67b86a3622e5664707c8edb6d9b7da2e0b74dac0b87e1334a0339531,"{""d"":7,""p"":0.00046415888336127773,""r"":7}",
     14336,         3,         0,    6.11,correlated_pymatching,4b15e9181b265f1bd4bb78e2597046c0bfb2f5ea7284d5a9b00c9dbde00cc6b8,"{""d"":7,""p"":0.001,""r"":7}","{""obs_mistake_mask=E"":3}"
     26624,         0,         0,    6.14,correlated_pymatching,ba9ef6fd67b86a3622e5664707c8edb6d9b7da2e0b74dac0b87e1334a0339531,"{""d"":7,""p"":0.00046415888336127773,""r"":7}",
        62,         0,         0,    6.06,correlated_pymatching,4b15e9181b265f1bd4bb78e2597046c0bfb2f5ea7284d5a9b00c9dbde00cc6b8,"{""d"":7,""p"":0.001,""r"":7}",
     33792,         0,         0,    8.42,correlated_pymatching,6eeeec76c514f4890a9bac6f82eadc4dacda18094a665d9455c865cfa0493683,"{""d"":7,""p"":0.00021544346900318845,""r"":7}",
     21504,         4,         0,    8.51,correlated_pymatching,4b15e9181b265f1bd4bb78e2597046c0bfb2f5ea7284d5a9b00c9dbde00cc6b8,"{""d"":7,""p"":0.001,""r"":7}","{""obs_mistake_mask=E"":4}"
     40960,         1,         0,    8.44,correlated_pymatching,ba9ef6fd67b86a3622e5664707c8edb6d9b7da2e0b74dac0b87e1334a0339531,"{""d"":7,""p"":0.00046415888336127773,""r"":7}","{""obs_mistake_mask=E"":1}"
     38912,         0,         0,    8.45,correlated_pymatching,ba9ef6fd67b86a3622e5664707c8edb6d9b7da2e0b74dac0b87e1334a0339531,"{""d"":7,""p"":0.00046415888336127773,""r"":7}",
     32768,         5,         0,    8.38,correlated_pymatching,4b15e9181b265f1bd4bb78e2597046c0bfb2f5ea7284d5a9b00c9dbde00cc6b8,"{""d"":7,""p"":0.001,""r"":7}","{""obs_mistake_mask=E"":5}"
     48128,         0,         0,    8.54,correlated_pymatching,abb2991e452f7d5e7b812c86182d9727735adb857ac5144af87483f02b1f408f,"{""d"":7,""p"":0.0001,""r"":7}",
     45056,         0,         0,    8.48,correlated_pymatching,6eeeec76c514f4890a9bac6f82eadc4dacda18094a665d9455c865cfa0493683,"{""d"":7,""p"":0.00021544346900318845,""r"":7}",
     44032,         1,         0,    8.44,correlated_pymatching,6eeeec76c514f4890a9bac6f82eadc4dacda18094a665d9455c865cfa0493683,"{""d"":7,""p"":0.00021544346900318845,""r"":7}","{""obs_mistake_mask=E"":1}"
     52224,         0,         0,    8.55,correlated_pymatching,abb2991e452f7d5e7b812c86182d9727735adb857ac5144af87483f02b1f408f,"{""d"":7,""p"":0.0001,""r"":7}",
     39936,         0,         0,    8.56,correlated_pymatching,6eeeec76c514f4890a9bac6f82eadc4dacda18094a665d9455c865cfa0493683,"{""d"":7,""p"":0.00021544346900318845,""r"":7}",
     45056,         0,         0,    8.37,correlated_pymatching,abb2991e452f7d5e7b812c86182d9727735adb857ac5144af87483f02b1f408f,"{""d"":7,""p"":0.0001,""r"":7}",
     37888,         1,         0,    8.40,correlated_pymatching,ba9ef6fd67b86a3622e5664707c8edb6d9b7da2e0b74dac0b87e1334a0339531,"{""d"":7,""p"":0.00046415888336127773,""r"":7}","{""obs_mistake_mask=E"":1}"
     31744,         4,         0,    8.42,correlated_pymatching,4b15e9181b265f1bd4bb78e2597046c0bfb2f5ea7284d5a9b00c9dbde00cc6b8,"{""d"":7,""p"":0.001,""r"":7}","{""obs_mistake_mask=E"":4}"
     39936,         0,         0,    8.60,correlated_pymatching,ba9ef6fd67b86a3622e5664707c8edb6d9b7da2e0b74dac0b87e1334a0339531,"{""d"":7,""p"":0.00046415888336127773,""r"":7}",
     10208,         3,         0,    8.76,correlated_pymatching,4b15e9181b265f1bd4bb78e2597046c0bfb2f5ea7284d5a9b00c9dbde00cc6b8,"{""d"":7,""p"":0.001,""r"":7}","{""obs_mistake_mask=E"":3}"
    112640,         0,         0,    23.0,correlated_pymatching,abb2991e452f7d5e7b812c86182d9727735adb857ac5144af87483f02b1f408f,"{""d"":7,""p"":0.0001,""r"":7}",
     50176,         0,         0,    11.9,correlated_pymatching,6eeeec76c514f4890a9bac6f82eadc4dacda18094a665d9455c865cfa0493683,"{""d"":7,""p"":0.00021544346900318845,""r"":7}",
     47104,         1,         0,    11.7,correlated_pymatching,ba9ef6fd67b86a3622e5664707c8edb6d9b7da2e0b74dac0b87e1334a0339531,"{""d"":7,""p"":0.00046415888336127773,""r"":7}","{""obs_mistake_mask=E"":1}"
     46080,         0,         0,    11.8,correlated_pymatching,ba9ef6fd67b86a3622e5664707c8edb6d9b7da2e0b74dac0b87e1334a0339531,"{""d"":7,""p"":0.00046415888336127773,""r"":7}",
     39936,         7,         0,    11.9,correlated_pymatching,4b15e9181b265f1bd4bb78e2597046c0bfb2f5ea7284d5a9b00c9dbde00cc6b8,"{""d"":7,""p"":0.001,""r"":7}","{""obs_mistake_mask=E"":7}"
    145408,         0,         0,    32.3,correlated_pymatching,abb2991e452f7d5e7b812c86182d9727735adb857ac5144af87483f02b1f408f,"{""d"":7,""p"":0.0001,""r"":7}",
     37888,         3,         0,    11.8,correlated_pymatching,4b15e9181b265f1bd4bb78e2597046c0bfb2f5ea7284d5a9b00c9dbde00cc6b8,"{""d"":7,""p"":0.001,""r"":7}","{""obs_mistake_mask=E"":3}"
    119808,         2,         0,    32.1,correlated_pymatching,ba9ef6fd67b86a3622e5664707c8edb6d9b7da2e0b74dac0b87e1334a0339531,"{""d"":7,""p"":0.00046415888336127773,""r"":7}","{""obs_mistake_mask=E"":2}"
    133120,         0,         0,    32.2,correlated_pymatching,6eeeec76c514f4890a9bac6f82eadc4dacda18094a665d9455c865cfa0493683,"{""d"":7,""p"":0.00021544346900318845,""r"":7}",
    111616,         8,         0,    32.4,correlated_pymatching,4b15e9181b265f1bd4bb78e2597046c0bfb2f5ea7284d5a9b00c9dbde00cc6b8,"{""d"":7,""p"":0.001,""r"":7}","{""obs_mistake_mask=E"":8}"
     55296,         0,         0,    11.9,correlated_pymatching,abb2991e452f7d5e7b812c86182d9727735adb857ac5144af87483f02b1f408f,"{""d"":7,""p"":0.0001,""r"":7}",
     52224,         0,         0,    11.9,correlated_pymatching,6eeeec76c514f4890a9bac6f82eadc4dacda18094a665d9455c865cfa0493683,"{""d"":7,""p"":0.00021544346900318845,""r"":7}",
     52224,         0,         0,    11.9,correlated_pymatching,6eeeec76c514f4890a9bac6f82eadc4dacda18094a665d9455c865cfa0493683,"{""d"":7,""p"":0.00021544346900318845,""r"":7}",
     53248,         0,         0,    11.9,correlated_pymatching,abb2991e452f7d5e7b812c86182d9727735adb857ac5144af87483f02b1f408f,"{""d"":7,""p"":0.0001,""r"":7}",
     52224,         0,         0,    11.7,correlated_pymatching,abb2991e452f7d5e7b812c86182d9727735adb857ac5144af87483f02b1f408f,"{""d"":7,""p"":0.0001,""r"":7}",
     52224,         0,         0,    11.8,correlated_pymatching,6eeeec76c514f4890a9bac6f82eadc4dacda18094a665d9455c865cfa0493683,"{""d"":7,""p"":0.00021544346900318845,""r"":7}",
     46080,         0,         0,    11.9,correlated_pymatching,ba9ef6fd67b86a3622e5664707c8edb6d9b7da2e0b74dac0b87e1334a0339531,"{""d"":7,""p"":0.00046415888336127773,""r"":7}",
     37888,         6,         0,    11.9,correlated_pymatching,4b15e9181b265f1bd4bb78e2597046c0bfb2f5ea7284d5a9b00c9dbde00cc6b8,"{""d"":7,""p"":0.001,""r"":7}","{""obs_mistake_mask=E"":6}"
     46080,         1,         0,    12.0,correlated_pymatching,ba9ef6fd67b86a3622e5664707c8edb6d9b7da2e0b74dac0b87e1334a0339531,"{""d"":7,""p"":0.00046415888336127773,""r"":7}","{""obs_mistake_mask=E"":1}"
     14848,         3,         0,    12.1,correlated_pymatching,4b15e9181b265f1bd4bb78e2597046c0bfb2f5ea7284d5a9b00c9dbde00cc6b8,"{""d"":7,""p"":0.001,""r"":7}","{""obs_mistake_mask=E"":3}"
    191488,         0,         0,    45.0,correlated_pymatching,6eeeec76c514f4890a9bac6f82eadc4dacda18094a665d9455c865cfa0493683,"{""d"":7,""p"":0.00021544346900318845,""r"":7}",
    144384,        23,         0,    45.2,correlated_pymatching,4b15e9181b265f1bd4bb78e2597046c0bfb2f5ea7284d5a9b00c9dbde00cc6b8,"{""d"":7,""p"":0.001,""r"":7}","{""obs_mistake_mask=E"":23}"
    168960,         0,         0,    45.1,correlated_pymatching,ba9ef6fd67b86a3622e5664707c8edb6d9b7da2e0b74dac0b87e1334a0339531,"{""d"":7,""p"":0.00046415888336127773,""r"":7}",
    188416,         0,         0,    45.2,correlated_pymatching,abb2991e452f7d5e7b812c86182d9727735adb857ac5144af87483f02b1f408f,"{""d"":7,""p"":0.0001,""r"":7}",
    135168,         0,         0,    32.2,correlated_pymatching,6eeeec76c514f4890a9bac6f82eadc4dacda18094a665d9455c865cfa0493683,"{""d"":7,""p"":0.00021544346900318845,""r"":7}",
    125952,         2,         0,    32.1,correlated_pymatching,ba9ef6fd67b86a3622e5664707c8edb6d9b7da2e0b74dac0b87e1334a0339531,"{""d"":7,""p"":0.00046415888336127773,""r"":7}","{""obs_mistake_mask=E"":2}"
    181248,         2,         0,    45.1,correlated_pymatching,ba9ef6fd67b86a3622e5664707c8edb6d9b7da2e0b74dac0b87e1334a0339531,"{""d"":7,""p"":0.00046415888336127773,""r"":7}","{""obs_mistake_mask=E"":2}"
    217088,         0,         0,    45.1,correlated_pymatching,abb2991e452f7d5e7b812c86182d9727735adb857ac5144af87483f02b1f408f,"{""d"":7,""p"":0.0001,""r"":7}",
    197632,         0,         0,    45.0,correlated_pymatching,6eeeec76c514f4890a9bac6f82eadc4dacda18094a665d9455c865cfa0493683,"{""d"":7,""p"":0.00021544346900318845,""r"":7}",
    105472,        11,         0,    32.4,correlated_pymatching,4b15e9181b265f1bd4bb78e2597046c0bfb2f5ea7284d5a9b00c9dbde00cc6b8,"{""d"":7,""p"":0.001,""r"":7}","{""obs_mistake_mask=E"":11}"
    143360,        21,         0,    45.1,correlated_pymatching,4b15e9181b265f1bd4bb78e2597046c0bfb2f5ea7284d5a9b00c9dbde00cc6b8,"{""d"":7,""p"":0.001,""r"":7}","{""obs_mistake_mask=E"":21}"
     54272,        11,         0,    16.4,correlated_pymatching,4b15e9181b265f1bd4bb78e2597046c0bfb2f5ea7284d5a9b00c9dbde00cc6b8,"{""d"":7,""p"":0.001,""r"":7}","{""obs_mistake_mask=E"":11}"
     63488,         0,         0,    16.5,correlated_pymatching,ba9ef6fd67b86a3622e5664707c8edb6d9b7da2e0b74dac0b87e1334a0339531,"{""d"":7,""p"":0.00046415888336127773,""r"":7}",
     66560,         0,         0,    16.6,correlated_pymatching,ba9ef6fd67b86a3622e5664707c8edb6d9b7da2e0b74dac0b87e1334a0339531,"{""d"":7,""p"":0.00046415888336127773,""r"":7}",
     70656,         0,         0,    16.6,correlated_pymatching,6eeeec76c514f4890a9bac6f82eadc4dacda18094a665d9455c865cfa0493683,"{""d"":7,""p"":0.00021544346900318845,""r"":7}",
     53248,         6,         0,    16.6,correlated_pymatching,4b15e9181b265f1bd4bb78e2597046c0bfb2f5ea7284d5a9b00c9dbde00cc6b8,"{""d"":7,""p"":0.001,""r"":7}","{""obs_mistake_mask=E"":6}"
     82992,         0,         0,    32.4,correlated_pymatching,abb2991e452f7d5e7b812c86182d9727735adb857ac5144af87483f02b1f408f,"{""d"":7,""p"":0.0001,""r"":7}",
     76800,         0,         0,    16.6,correlated_pymatching,abb2991e452f7d5e7b812c86182d9727735adb857ac5144af87483f02b1f408f,"{""d"":7,""p"":0.0001,""r"":7}",
     72704,         0,         0,    16.6,correlated_pymatching,6eeeec76c514f4890a9bac6f82eadc4dacda18094a665d9455c865cfa0493683,"{""d"":7,""p"":0.00021544346900318845,""r"":7}",
     72704,         0,         0,    16.6,correlated_pymatching,6eeeec76c514f4890a9bac6f82eadc4dacda18094a665d9455c865cfa0493683,"{""d"":7,""p"":0.00021544346900318845,""r"":7}",
     73728,         0,         0,    16.6,correlated_pymatching,abb2991e452f7d5e7b812c86182d9727735adb857ac5144af87483f02b1f408f,"{""d"":7,""p"":0.0001,""r"":7}",
     27236,         0,         0,    6.18,correlated_pymatching,abb2991e452f7d5e7b812c86182d9727735adb857ac5144af87483f02b1f408f,"{""d"":7,""p"":0.0001,""r"":7}",
     72704,         0,         0,    16.4,correlated_pymatching,6eeeec76c514f4890a9bac6f82eadc4dacda18094a665d9455c865cfa0493683,"{""d"":7,""p"":0.00021544346900318845,""r"":7}",
     73728,         0,         0,    16.5,correlated_pymatching,abb2991e452f7d5e7b812c86182d9727735adb857ac5144af87483f02b1f408f,"{""d"":7,""p"":0.0001,""r"":7}",
     52224,         7,         0,    16.4,correlated_pymatching,4b15e9181b265f1bd4bb78e2597046c0bfb2f5ea7284d5a9b00c9dbde00cc6b8,"{""d"":7,""p"":0.001,""r"":7}","{""obs_mistake_mask=E"":7}"
     64512,         0,         0,    16.6,correlated_pymatching,ba9ef6fd67b86a3622e5664707c8edb6d9b7da2e0b74dac0b87e1334a0339531,"{""d"":7,""p"":0.00046415888336127773,""r"":7}",
     64512,         0,         0,    16.6,correlated_pymatching,ba9ef6fd67b86a3622e5664707c8edb6d9b7da2e0b74dac0b87e1334a0339531,"{""d"":7,""p"":0.00046415888336127773,""r"":7}",
     20480,         1,         0,    16.5,correlated_pymatching,4b15e9181b265f1bd4bb78e2597046c0bfb2f5ea7284d5a9b00c9dbde00cc6b8,"{""d"":7,""p"":0.001,""r"":7}","{""obs_mistake_mask=E"":1}"
    139530,         0,         0,    30.4,correlated_pymatching,abb2991e452f7d5e7b812c86182d9727735adb857ac5144af87483f02b1f408f,"{""d"":7,""p"":0.0001,""r"":7}",
    124928,         0,         0,    27.1,correlated_pymatching,abb2991e452f7d5e7b812c86182d9727735adb857ac5144af87483f02b1f408f,"{""d"":7,""p"":0.0001,""r"":7}",
     65748,         0,         0,    15.0,correlated_pymatching,6eeeec76c514f4890a9bac6f82eadc4dacda18094a665d9455c865cfa0493683,"{""d"":7,""p"":0.00021544346900318845,""r"":7}",
    124217,         0,         0,    29.5,correlated_pymatching,6eeeec76c514f4890a9bac6f82eadc4dacda18094a665d9455c865cfa0493683,"{""d"":7,""p"":0.00021544346900318845,""r"":7}",
     14596,         0,         0,    3.65,correlated_pymatching,abb2991e452f7d5e7b812c86182d9727735adb857ac5144af87483f02b1f408f,"{""d"":7,""p"":0.0001,""r"":7}",
     95432,         0,         0,    21.9,correlated_pymatching,abb2991e452f7d5e7b812c86182d9727735adb857ac5144af87483f02b1f408f,"{""d"":7,""p"":0.0001,""r"":7}",
     79872,         0,         0,    23.0,correlated_pymatching,ba9ef6fd67b86a3622e5664707c8edb6d9b7da2e0b74dac0b87e1334a0339531,"{""d"":7,""p"":0.00046415888336127773,""r"":7}",
     66560,        12,         0,    23.1,correlated_pymatching,4b15e9181b265f1bd4bb78e2597046c0bfb2f5ea7284d5a9b00c9dbde00cc6b8,"{""d"":7,""p"":0.001,""r"":7}","{""obs_mistake_mask=E"":12}"
     83503,         0,         0,    21.2,correlated_pymatching,abb2991e452f7d5e7b812c86182d9727735adb857ac5144af87483f02b1f408f,"{""d"":7,""p"":0.0001,""r"":7}",
     79872,         0,         0,    20.8,correlated_pymatching,abb2991e452f7d5e7b812c86182d9727735adb857ac5144af87483f02b1f408f,"{""d"":7,""p"":0.0001,""r"":7}",
     87040,         0,         0,    23.1,correlated_pymatching,6eeeec76c514f4890a9bac6f82eadc4dacda18094a665d9455c865cfa0493683,"{""d"":7,""p"":0.00021544346900318845,""r"":7}",
     79872,         1,         0,    23.3,correlated_pymatching,ba9ef6fd67b86a3622e5664707c8edb6d9b7da2e0b74dac0b87e1334a0339531,"{""d"":7,""p"":0.00046415888336127773,""r"":7}","{""obs_mistake_mask=E"":1}"
     64512,         7,         0,    23.0,correlated_pymatching,4b15e9181b265f1bd4bb78e2597046c0bfb2f5ea7284d5a9b00c9dbde00cc6b8,"{""d"":7,""p"":0.001,""r"":7}","{""obs_mistake_mask=E"":7}"
     73065,         0,         0,    19.9,correlated_pymatching,abb2991e452f7d5e7b812c86182d9727735adb857ac5144af87483f02b1f408f,"{""d"":7,""p"":0.0001,""r"":7}",
     70656,         0,         0,    19.3,correlated_pymatching,abb2991e452f7d5e7b812c86182d9727735adb857ac5144af87483f02b1f408f,"{""d"":7,""p"":0.0001,""r"":7}",
     83968,         0,         0,    23.0,correlated_pymatching,6eeeec76c514f4890a9bac6f82eadc4dacda18094a665d9455c865cfa0493683,"{""d"":7,""p"":0.00021544346900318845,""r"":7}",
     57344,         0,         0,    24.6,correlated_pymatching,abb2991e452f7d5e7b812c86182d9727735adb857ac5144af87483f02b1f408f,"{""d"":7,""p"":0.0001,""r"":7}",
     84992,         0,         0,    23.2,correlated_pymatching,6eeeec76c514f4890a9bac6f82eadc4dacda18094a665d9455c865cfa0493683,"{""d"":7,""p"":0.00021544346900318845,""r"":7}",
     53948,         0,         0,    15.9,correlated_pymatching,abb2991e452f7d5e7b812c86182d9727735adb857ac5144af87483f02b1f408f,"{""d"":7,""p"":0.0001,""r"":7}",
     38912,         0,         0,    12.3,correlated_pymatching,abb2991e452f7d5e7b812c86182d9727735adb857ac5144af87483f02b1f408f,"{""d"":7,""p"":0.0001,""r"":7}",
    108690,         0,         0,    30.0,correlated_pymatching,6eeeec76c514f4890a9bac6f82eadc4dacda18094a665d9455c865cfa0493683,"{""d"":7,""p"":0.00021544346900318845,""r"":7}",
    105472,         0,         0,    29.3,correlated_pymatching,6eeeec76c514f4890a9bac6f82eadc4dacda18094a665d9455c865cfa0493683,"{""d"":7,""p"":0.00021544346900318845,""r"":7}",
     77824,         0,         0,    22.4,correlated_pymatching,6eeeec76c514f4890a9bac6f82eadc4dacda18094a665d9455c865cfa0493683,"{""d"":7,""p"":0.00021544346900318845,""r"":7}",
     31204,         0,         0,    10.1,correlated_pymatching,abb2991e452f7d5e7b812c86182d9727735adb857ac5144af87483f02b1f408f,"{""d"":7,""p"":0.0001,""r"":7}",
    156672,         1,         0,    45.1,correlated_pymatching,ba9ef6fd67b86a3622e5664707c8edb6d9b7da2e0b74dac0b87e1334a0339531,"{""d"":7,""p"":0.00046415888336127773,""r"":7}","{""obs_mistake_mask=E"":1}"
    129024,        20,         0,    45.1,correlated_pymatching,4b15e9181b265f1bd4bb78e2597046c0bfb2f5ea7284d5a9b00c9dbde00cc6b8,"{""d"":7,""p"":0.001,""r"":7}","{""obs_mistake_mask=E"":20}"
     70656,         0,         0,    23.0,correlated_pymatching,ba9ef6fd67b86a3622e5664707c8edb6d9b7da2e0b74dac0b87e1334a0339531,"{""d"":7,""p"":0.00046415888336127773,""r"":7}",
     58368,        16,         0,    23.2,correlated_pymatching,4b15e9181b265f1bd4bb78e2597046c0bfb2f5ea7284d5a9b00c9dbde00cc6b8,"{""d"":7,""p"":0.001,""r"":7}","{""obs_mistake_mask=E"":16}"
     70656,         0,         0,    23.1,correlated_pymatching,ba9ef6fd67b86a3622e5664707c8edb6d9b7da2e0b74dac0b87e1334a0339531,"{""d"":7,""p"":0.00046415888336127773,""r"":7}",
     22440,         0,         0,    7.23,correlated_pymatching,abb2991e452f7d5e7b812c86182d9727735adb857ac5144af87483f02b1f408f,"{""d"":7,""p"":0.0001,""r"":7}",
     63104,         0,         0,    19.6,correlated_pymatching,6eeeec76c514f4890a9bac6f82eadc4dacda18094a665d9455c865cfa0493683,"{""d"":7,""p"":0.00021544346900318845,""r"":7}",
     22440,         0,         0,    7.48,correlated_pymatching,abb2991e452f7d5e7b812c86182d9727735adb857ac5144af87483f02b1f408f,"{""d"":7,""p"":0.0001,""r"":7}",
     51200,         0,         0,    17.2,correlated_pymatching,6eeeec76c514f4890a9bac6f82eadc4dacda18094a665d9455c865cfa0493683,"{""d"":7,""p"":0.00021544346900318845,""r"":7}",
     17408,         0,         0,    5.71,correlated_pymatching,abb2991e452f7d5e7b812c86182d9727735adb857ac5144af87483f02b1f408f,"{""d"":7,""p"":0.0001,""r"":7}",
     17408,         0,         0,    5.71,correlated_pymatching,abb2991e452f7d5e7b812c86182d9727735adb857ac5144af87483f02b1f408f,"{""d"":7,""p"":0.0001,""r"":7}",
     22016,         4,         0,    23.2,correlated_pymatching,4b15e9181b265f1bd4bb78e2597046c0bfb2f5ea7284d5a9b00c9dbde00cc6b8,"{""d"":7,""p"":0.001,""r"":7}","{""obs_mistake_mask=E"":4}"
     16830,         0,         0,    5.55,correlated_pymatching,abb2991e452f7d5e7b812c86182d9727735adb857ac5144af87483f02b1f408f,"{""d"":7,""p"":0.0001,""r"":7}",
      2227,         0,         0,   0.977,correlated_pymatching,abb2991e452f7d5e7b812c86182d9727735adb857ac5144af87483f02b1f408f,"{""d"":7,""p"":0.0001,""r"":7}",
     12288,         0,         0,    6.75,correlated_pymatching,abb2991e452f7d5e7b812c86182d9727735adb857ac5144af87483f02b1f408f,"{""d"":7,""p"":0.0001,""r"":7}",
     16830,         0,         0,    5.52,correlated_pymatching,abb2991e452f7d5e7b812c86182d9727735adb857ac5144af87483f02b1f408f,"{""d"":7,""p"":0.0001,""r"":7}",
     11264,         0,         0,    3.59,correlated_pymatching,abb2991e452f7d5e7b812c86182d9727735adb857ac5144af87483f02b1f408f,"{""d"":7,""p"":0.0001,""r"":7}",
      5120,         0,         0,    1.69,correlated_pymatching,abb2991e452f7d5e7b812c86182d9727735adb857ac5144af87483f02b1f408f,"{""d"":7,""p"":0.0001,""r"":7}",
      5120,         0,         0,    1.66,correlated_pymatching,abb2991e452f7d5e7b812c86182d9727735adb857ac5144af87483f02b1f408f,"{""d"":7,""p"":0.0001,""r"":7}",
       518,         0,         0,   0.313,correlated_pymatching,abb2991e452f7d5e7b812c86182d9727735adb857ac5144af87483f02b1f408f,"{""d"":7,""p"":0.0001,""r"":7}",
       490,         0,         0,   0.309,correlated_pymatching,abb2991e452f7d5e7b812c86182d9727735adb857ac5144af87483f02b1f408f,"{""d"":7,""p"":0.0001,""r"":7}",
      1381,         0,         0,   0.622,correlated_pymatching,abb2991e452f7d5e7b812c86182d9727735adb857ac5144af87483f02b1f408f,"{""d"":7,""p"":0.0001,""r"":7}",
      8192,         0,         0,    2.61,correlated_pymatching,abb2991e452f7d5e7b812c86182d9727735adb857ac5144af87483f02b1f408f,"{""d"":7,""p"":0.0001,""r"":7}",
      1336,         0,         0,   0.641,correlated_pymatching,abb2991e452f7d5e7b812c86182d9727735adb857ac5144af87483f02b1f408f,"{""d"":7,""p"":0.0001,""r"":7}",
      1682,         0,         0,   0.664,correlated_pymatching,abb2991e452f7d5e7b812c86182d9727735adb857ac5144af87483f02b1f408f,"{""d"":7,""p"":0.0001,""r"":7}",
      3642,         0,         0,    1.29,correlated_pymatching,abb2991e452f7d5e7b812c86182d9727735adb857ac5144af87483f02b1f408f,"{""d"":7,""p"":0.0001,""r"":7}",
    110925,         1,         0,    34.8,correlated_pymatching,ba9ef6fd67b86a3622e5664707c8edb6d9b7da2e0b74dac0b87e1334a0339531,"{""d"":7,""p"":0.00046415888336127773,""r"":7}","{""obs_mistake_mask=E"":1}"
      1406,         0,         0,   0.619,correlated_pymatching,abb2991e452f7d5e7b812c86182d9727735adb857ac5144af87483f02b1f408f,"{""d"":7,""p"":0.0001,""r"":7}",
       173,         0,         0,   0.304,correlated_pymatching,abb2991e452f7d5e7b812c86182d9727735adb857ac5144af87483f02b1f408f,"{""d"":7,""p"":0.0001,""r"":7}",
      3469,         0,         0,    1.28,correlated_pymatching,abb2991e452f7d5e7b812c86182d9727735adb857ac5144af87483f02b1f408f,"{""d"":7,""p"":0.0001,""r"":7}",
     23698,         0,         0,    8.21,correlated_pymatching,6eeeec76c514f4890a9bac6f82eadc4dacda18094a665d9455c865cfa0493683,"{""d"":7,""p"":0.00021544346900318845,""r"":7}",
       291,         0,         0,   0.297,correlated_pymatching,abb2991e452f7d5e7b812c86182d9727735adb857ac5144af87483f02b1f408f,"{""d"":7,""p"":0.0001,""r"":7}",
     24576,         0,         0,    8.29,correlated_pymatching,6eeeec76c514f4890a9bac6f82eadc4dacda18094a665d9455c865cfa0493683,"{""d"":7,""p"":0.00021544346900318845,""r"":7}",
      1406,         0,         0,   0.619,correlated_pymatching,abb2991e452f7d5e7b812c86182d9727735adb857ac5144af87483f02b1f408f,"{""d"":7,""p"":0.0001,""r"":7}",
      1613,         0,         0,   0.656,correlated_pymatching,abb2991e452f7d5e7b812c86182d9727735adb857ac5144af87483f02b1f408f,"{""d"":7,""p"":0.0001,""r"":7}",
    121856,         1,         0,    37.5,correlated_pymatching,ba9ef6fd67b86a3622e5664707c8edb6d9b7da2e0b74dac0b87e1334a0339531,"{""d"":7,""p"":0.00046415888336127773,""r"":7}","{""obs_mistake_mask=E"":1}"
    113664,         2,         0,    35.4,correlated_pymatching,ba9ef6fd67b86a3622e5664707c8edb6d9b7da2e0b74dac0b87e1334a0339531,"{""d"":7,""p"":0.00046415888336127773,""r"":7}","{""obs_mistake_mask=E"":2}"
      3072,         0,         0,    1.68,correlated_pymatching,abb2991e452f7d5e7b812c86182d9727735adb857ac5144af87483f02b1f408f,"{""d"":7,""p"":0.0001,""r"":7}",
     30720,         0,         0,    10.6,correlated_pymatching,6eeeec76c514f4890a9bac6f82eadc4dacda18094a665d9455c865cfa0493683,"{""d"":7,""p"":0.00021544346900318845,""r"":7}",
       900,         0,         0,   0.332,correlated_pymatching,abb2991e452f7d5e7b812c86182d9727735adb857ac5144af87483f02b1f408f,"{""d"":7,""p"":0.0001,""r"":7}",
       146,         0,         0,   0.287,correlated_pymatching,6eeeec76c514f4890a9bac6f82eadc4dacda18094a665d9455c865cfa0493683,"{""d"":7,""p"":0.00021544346900318845,""r"":7}",
        18,         0,         0,   0.288,correlated_pymatching,abb2991e452f7d5e7b812c86182d9727735adb857ac5144af87483f02b1f408f,"{""d"":7,""p"":0.0001,""r"":7}",
       184,         0,         0,   0.295,correlated_pymatching,abb2991e452f7d5e7b812c86182d9727735adb857ac5144af87483f02b1f408f,"{""d"":7,""p"":0.0001,""r"":7}",
       184,         0,         0,   0.297,correlated_pymatching,abb2991e452f7d5e7b812c86182d9727735adb857ac5144af87483f02b1f408f,"{""d"":7,""p"":0.0001,""r"":7}",
       184,         0,         0,   0.509,correlated_pymatching,abb2991e452f7d5e7b812c86182d9727735adb857ac5144af87483f02b1f408f,"{""d"":7,""p"":0.0001,""r"":7}",
     18432,         0,         0,    6.17,correlated_pymatching,6eeeec76c514f4890a9bac6f82eadc4dacda18094a665d9455c865cfa0493683,"{""d"":7,""p"":0.00021544346900318845,""r"":7}",
     18432,         0,         0,    6.36,correlated_pymatching,6eeeec76c514f4890a9bac6f82eadc4dacda18094a665d9455c865cfa0493683,"{""d"":7,""p"":0.00021544346900318845,""r"":7}",
     18432,         0,         0,    6.43,correlated_pymatching,6eeeec76c514f4890a9bac6f82eadc4dacda18094a665d9455c865cfa0493683,"{""d"":7,""p"":0.00021544346900318845,""r"":7}",
     11264,         0,         0,    3.92,correlated_pymatching,6eeeec76c514f4890a9bac6f82eadc4dacda18094a665d9455c865cfa0493683,"{""d"":7,""p"":0.00021544346900318845,""r"":7}",
     11645,         0,         0,    4.08,correlated_pymatching,6eeeec76c514f4890a9bac6f82eadc4dacda18094a665d9455c865cfa0493683,"{""d"":7,""p"":0.00021544346900318845,""r"":7}",
         1,         0,         0,   0.311,correlated_pymatching,6eeeec76c514f4890a9bac6f82eadc4dacda18094a665d9455c865cfa0493683,"{""d"":7,""p"":0.00021544346900318845,""r"":7}",
         1,         0,         0,   0.319,correlated_pymatching,ba9ef6fd67b86a3622e5664707c8edb6d9b7da2e0b74dac0b87e1334a0339531,"{""d"":7,""p"":0.00046415888336127773,""r"":7}",
         1,         0,         0,   0.323,correlated_pymatching,ba9ef6fd67b86a3622e5664707c8edb6d9b7da2e0b74dac0b87e1334a0339531,"{""d"":7,""p"":0.00046415888336127773,""r"":7}",
         1,         0,         0,   0.321,correlated_pymatching,ba9ef6fd67b86a3622e5664707c8edb6d9b7da2e0b74dac0b87e1334a0339531,"{""d"":7,""p"":0.00046415888336127773,""r"":7}",
         1,         0,         0,   0.327,correlated_pymatching,6eeeec76c514f4890a9bac6f82eadc4dacda18094a665d9455c865cfa0493683,"{""d"":7,""p"":0.00021544346900318845,""r"":7}",
         1,         0,         0,   0.323,correlated_pymatching,4b15e9181b265f1bd4bb78e2597046c0bfb2f5ea7284d5a9b00c9dbde00cc6b8,"{""d"":7,""p"":0.001,""r"":7}",
         1,         0,         0,   0.311,correlated_pymatching,4b15e9181b265f1bd4bb78e2597046c0bfb2f5ea7284d5a9b00c9dbde00cc6b8,"{""d"":7,""p"":0.001,""r"":7}",
       381,         0,         0,   0.318,correlated_pymatching,6eeeec76c514f4890a9bac6f82eadc4dacda18094a665d9455c865cfa0493683,"{""d"":7,""p"":0.00021544346900318845,""r"":7}",
         1,         0,         0,   0.288,correlated_pymatching,ba9ef6fd67b86a3622e5664707c8edb6d9b7da2e0b74dac0b87e1334a0339531,"{""d"":7,""p"":0.00046415888336127773,""r"":7}",
         1,         0,         0,   0.296,correlated_pymatching,6eeeec76c514f4890a9bac6f82eadc4dacda18094a665d9455c865cfa0493683,"{""d"":7,""p"":0.00021544346900318845,""r"":7}",
         1,         0,         0,   0.292,correlated_pymatching,ba9ef6fd67b86a3622e5664707c8edb6d9b7da2e0b74dac0b87e1334a0339531,"{""d"":7,""p"":0.00046415888336127773,""r"":7}",
         1,         0,         0,   0.296,correlated_pymatching,6eeeec76c514f4890a9bac6f82eadc4dacda18094a665d9455c865cfa0493683,"{""d"":7,""p"":0.00021544346900318845,""r"":7}",
         1,         0,         0,   0.300,correlated_pymatching,ba9ef6fd67b86a3622e5664707c8edb6d9b7da2e0b74dac0b87e1334a0339531,"{""d"":7,""p"":0.00046415888336127773,""r"":7}",
         1,         0,         0,   0.304,correlated_pymatching,4b15e9181b265f1bd4bb78e2597046c0bfb2f5ea7284d5a9b00c9dbde00cc6b8,"{""d"":7,""p"":0.001,""r"":7}",
         1,         0,         0,   0.304,correlated_pymatching,4b15e9181b265f1bd4bb78e2597046c0bfb2f5ea7284d5a9b00c9dbde00cc6b8,"{""d"":7,""p"":0.001,""r"":7}",
         1,         0,         0,   0.520,correlated_pymatching,6eeeec76c514f4890a9bac6f82eadc4dacda18094a665d9455c865cfa0493683,"{""d"":7,""p"":0.00021544346900318845,""r"":7}",
      4535,         0,         0,    1.69,correlated_pymatching,6eeeec76c514f4890a9bac6f82eadc4dacda18094a665d9455c865cfa0493683,"{""d"":7,""p"":0.00021544346900318845,""r"":7}",
      4535,         0,         0,    1.74,correlated_pymatching,6eeeec76c514f4890a9bac6f82eadc4dacda18094a665d9455c865cfa0493683,"{""d"":7,""p"":0.00021544346900318845,""r"":7}",
      4535,         0,         0,    1.68,correlated_pymatching,6eeeec76c514f4890a9bac6f82eadc4dacda18094a665d9455c865cfa0493683,"{""d"":7,""p"":0.00021544346900318845,""r"":7}",
         2,         0,         0,   0.296,correlated_pymatching,ba9ef6fd67b86a3622e5664707c8edb6d9b7da2e0b74dac0b87e1334a0339531,"{""d"":7,""p"":0.00046415888336127773,""r"":7}",
         2,         0,         0,   0.292,correlated_pymatching,6eeeec76c514f4890a9bac6f82eadc4dacda18094a665d9455c865cfa0493683,"{""d"":7,""p"":0.00021544346900318845,""r"":7}",
         2,         0,         0,   0.300,correlated_pymatching,ba9ef6fd67b86a3622e5664707c8edb6d9b7da2e0b74dac0b87e1334a0339531,"{""d"":7,""p"":0.00046415888336127773,""r"":7}",
         2,         0,         0,   0.308,correlated_pymatching,6eeeec76c514f4890a9bac6f82eadc4dacda18094a665d9455c865cfa0493683,"{""d"":7,""p"":0.00021544346900318845,""r"":7}",
         2,         0,         0,   0.308,correlated_pymatching,ba9ef6fd67b86a3622e5664707c8edb6d9b7da2e0b74dac0b87e1334a0339531,"{""d"":7,""p"":0.00046415888336127773,""r"":7}",
         1,         0,         0,   0.308,correlated_pymatching,4b15e9181b265f1bd4bb78e2597046c0bfb2f5ea7284d5a9b00c9dbde00cc6b8,"{""d"":7,""p"":0.001,""r"":7}",
         1,         0,         0,   0.308,correlated_pymatching,4b15e9181b265f1bd4bb78e2597046c0bfb2f5ea7284d5a9b00c9dbde00cc6b8,"{""d"":7,""p"":0.001,""r"":7}",
      4088,         0,         0,    1.37,correlated_pymatching,6eeeec76c514f4890a9bac6f82eadc4dacda18094a665d9455c865cfa0493683,"{""d"":7,""p"":0.00021544346900318845,""r"":7}",
       891,         0,         0,   0.329,correlated_pymatching,6eeeec76c514f4890a9bac6f82eadc4dacda18094a665d9455c865cfa0493683,"{""d"":7,""p"":0.00021544346900318845,""r"":7}",
         4,         0,         0,   0.292,correlated_pymatching,ba9ef6fd67b86a3622e5664707c8edb6d9b7da2e0b74dac0b87e1334a0339531,"{""d"":7,""p"":0.00046415888336127773,""r"":7}",
         4,         0,         0,   0.292,correlated_pymatching,6eeeec76c514f4890a9bac6f82eadc4dacda18094a665d9455c865cfa0493683,"{""d"":7,""p"":0.00021544346900318845,""r"":7}",
         1,         0,         0,   0.488,correlated_pymatching,6eeeec76c514f4890a9bac6f82eadc4dacda18094a665d9455c865cfa0493683,"{""d"":7,""p"":0.00021544346900318845,""r"":7}",
         2,         0,         0,   0.288,correlated_pymatching,6eeeec76c514f4890a9bac6f82eadc4dacda18094a665d9455c865cfa0493683,"{""d"":7,""p"":0.00021544346900318845,""r"":7}",
         4,         0,         0,   0.292,correlated_pymatching,ba9ef6fd67b86a3622e5664707c8edb6d9b7da2e0b74dac0b87e1334a0339531,"{""d"":7,""p"":0.00046415888336127773,""r"":7}",
       445,         0,         0,   0.301,correlated_pymatching,6eeeec76c514f4890a9bac6f82eadc4dacda18094a665d9455c865cfa0493683,"{""d"":7,""p"":0.00021544346900318845,""r"":7}",
       445,         0,         0,   0.313,correlated_pymatching,6eeeec76c514f4890a9bac6f82eadc4dacda18094a665d9455c865cfa0493683,"{""d"":7,""p"":0.00021544346900318845,""r"":7}",
         2,         0,         0,   0.304,correlated_pymatching,ba9ef6fd67b86a3622e5664707c8edb6d9b7da2e0b74dac0b87e1334a0339531,"{""d"":7,""p"":0.00046415888336127773,""r"":7}",
         1,         0,         0,   0.300,correlated_pymatching,4b15e9181b265f1bd4bb78e2597046c0bfb2f5ea7284d5a9b00c9dbde00cc6b8,"{""d"":7,""p"":0.001,""r"":7}",
         1,         0,         0,   0.304,correlated_pymatching,4b15e9181b265f1bd4bb78e2597046c0bfb2f5ea7284d5a9b00c9dbde00cc6b8,"{""d"":7,""p"":0.001,""r"":7}",
      4088,         0,         0,    1.41,correlated_pymatching,6eeeec76c514f4890a9bac6f82eadc4dacda18094a665d9455c865cfa0493683,"{""d"":7,""p"":0.00021544346900318845,""r"":7}",
      4088,         0,         0,    1.41,correlated_pymatching,6eeeec76c514f4890a9bac6f82eadc4dacda18094a665d9455c865cfa0493683,"{""d"":7,""p"":0.00021544346900318845,""r"":7}",
      3072,         0,         0,    1.07,correlated_pymatching,6eeeec76c514f4890a9bac6f82eadc4dacda18094a665d9455c865cfa0493683,"{""d"":7,""p"":0.00021544346900318845,""r"":7}",
        66,         0,         0,   0.300,correlated_pymatching,6eeeec76c514f4890a9bac6f82eadc4dacda18094a665d9455c865cfa0493683,"{""d"":7,""p"":0.00021544346900318845,""r"":7}",
      3676,         0,         0,    1.35,correlated_pymatching,6eeeec76c514f4890a9bac6f82eadc4dacda18094a665d9455c865cfa0493683,"{""d"":7,""p"":0.00021544346900318845,""r"":7}",
         8,         0,         0,   0.296,correlated_pymatching,ba9ef6fd67b86a3622e5664707c8edb6d9b7da2e0b74dac0b87e1334a0339531,"{""d"":7,""p"":0.00046415888336127773,""r"":7}",
         8,         0,         0,   0.296,correlated_pymatching,6eeeec76c514f4890a9bac6f82eadc4dacda18094a665d9455c865cfa0493683,"{""d"":7,""p"":0.00021544346900318845,""r"":7}",
         8,         0,         0,   0.296,correlated_pymatching,ba9ef6fd67b86a3622e5664707c8edb6d9b7da2e0b74dac0b87e1334a0339531,"{""d"":7,""p"":0.00046415888336127773,""r"":7}",
         4,         0,         0,   0.304,correlated_pymatching,6eeeec76c514f4890a9bac6f82eadc4dacda18094a665d9455c865cfa0493683,"{""d"":7,""p"":0.00021544346900318845,""r"":7}",
       823,         0,         0,   0.321,correlated_pymatching,6eeeec76c514f4890a9bac6f82eadc4dacda18094a665d9455c865cfa0493683,"{""d"":7,""p"":0.00021544346900318845,""r"":7}",
         2,         0,         0,   0.300,correlated_pymatching,ba9ef6fd67b86a3622e5664707c8edb6d9b7da2e0b74dac0b87e1334a0339531,"{""d"":7,""p"":0.00046415888336127773,""r"":7}",
       447,         0,         0,   0.320,correlated_pymatching,6eeeec76c514f4890a9bac6f82eadc4dacda18094a665d9455c865cfa0493683,"{""d"":7,""p"":0.00021544346900318845,""r"":7}",
         2,         0,         0,   0.304,correlated_pymatching,4b15e9181b265f1bd4bb78e2597046c0bfb2f5ea7284d5a9b00c9dbde00cc6b8,"{""d"":7,""p"":0.001,""r"":7}",
         1,         0,         0,   0.308,correlated_pymatching,4b15e9181b265f1bd4bb78e2597046c0bfb2f5ea7284d5a9b00c9dbde00cc6b8,"{""d"":7,""p"":0.001,""r"":7}",
       859,         0,         0,   0.348,correlated_pymatching,6eeeec76c514f4890a9bac6f82eadc4dacda18094a665d9455c865cfa0493683,"{""d"":7,""p"":0.00021544346900318845,""r"":7}",
         1,         0,         0,   0.500,correlated_pymatching,6eeeec76c514f4890a9bac6f82eadc4dacda18094a665d9455c865cfa0493683,"{""d"":7,""p"":0.00021544346900318845,""r"":7}",
         1,         0,         0,   0.293,correlated_pymatching,6eeeec76c514f4890a9bac6f82eadc4dacda18094a665d9455c865cfa0493683,"{""d"":7,""p"":0.00021544346900318845,""r"":7}",
      1016,         0,         0,   0.349,correlated_pymatching,6eeeec76c514f4890a9bac6f82eadc4dacda18094a665d9455c865cfa0493683,"{""d"":7,""p"":0.00021544346900318845,""r"":7}",
        16,         0,         0,   0.296,correlated_pymatching,ba9ef6fd67b86a3622e5664707c8edb6d9b7da2e0b74dac0b87e1334a0339531,"{""d"":7,""p"":0.00046415888336127773,""r"":7}",
        16,         0,         0,   0.296,correlated_pymatching,6eeeec76c514f4890a9bac6f82eadc4dacda18094a665d9455c865cfa0493683,"{""d"":7,""p"":0.00021544346900318845,""r"":7}",
        16,         0,         0,   0.296,correlated_pymatching,ba9ef6fd67b86a3622e5664707c8edb6d9b7da2e0b74dac0b87e1334a0339531,"{""d"":7,""p"":0.00046415888336127773,""r"":7}",
         4,         0,         0,   0.292,correlated_pymatching,6eeeec76c514f4890a9bac6f82eadc4dacda18094a665d9455c865cfa0493683,"{""d"":7,""p"":0.00021544346900318845,""r"":7}",
       902,         0,         0,   0.325,correlated_pymatching,6eeeec76c514f4890a9bac6f82eadc4dacda18094a665d9455c865cfa0493683,"{""d"":7,""p"":0.00021544346900318845,""r"":7}",
       532,         0,         0,   0.350,correlated_pymatching,6eeeec76c514f4890a9bac6f82eadc4dacda18094a665d9455c865cfa0493683,"{""d"":7,""p"":0.00021544346900318845,""r"":7}",
         1,         0,         0,   0.316,correlated_pymatching,4b15e9181b265f1bd4bb78e2597046c0bfb2f5ea7284d5a9b00c9dbde00cc6b8,"{""d"":7,""p"":0.001,""r"":7}",
         4,         0,         0,   0.336,correlated_pymatching,ba9ef6fd67b86a3622e5664707c8edb6d9b7da2e0b74dac0b87e1334a0339531,"{""d"":7,""p"":0.00046415888336127773,""r"":7}",
         2,         0,         0,   0.324,correlated_pymatching,4b15e9181b265f1bd4bb78e2597046c0bfb2f5ea7284d5a9b00c9dbde00cc6b8,"{""d"":7,""p"":0.001,""r"":7}",
       559,         0,         0,   0.314,correlated_pymatching,6eeeec76c514f4890a9bac6f82eadc4dacda18094a665d9455c865cfa0493683,"{""d"":7,""p"":0.00021544346900318845,""r"":7}",
        32,         0,         0,   0.300,correlated_pymatching,ba9ef6fd67b86a3622e5664707c8edb6d9b7da2e0b74dac0b87e1334a0339531,"{""d"":7,""p"":0.00046415888336127773,""r"":7}",
         8,         0,         0,   0.292,correlated_pymatching,6eeeec76c514f4890a9bac6f82eadc4dacda18094a665d9455c865cfa0493683,"{""d"":7,""p"":0.00021544346900318845,""r"":7}",
        32,         0,         0,   0.300,correlated_pymatching,6eeeec76c514f4890a9bac6f82eadc4dacda18094a665d9455c865cfa0493683,"{""d"":7,""p"":0.00021544346900318845,""r"":7}",
      1366,         0,         0,   0.659,correlated_pymatching,6eeeec76c514f4890a9bac6f82eadc4dacda18094a665d9455c865cfa0493683,"{""d"":7,""p"":0.00021544346900318845,""r"":7}",
       274,         0,         0,   0.315,correlated_pymatching,6eeeec76c514f4890a9bac6f82eadc4dacda18094a665d9455c865cfa0493683,"{""d"":7,""p"":0.00021544346900318845,""r"":7}",
        32,         0,         0,   0.304,correlated_pymatching,ba9ef6fd67b86a3622e5664707c8edb6d9b7da2e0b74dac0b87e1334a0339531,"{""d"":7,""p"":0.00046415888336127773,""r"":7}",
         2,         0,         0,   0.299,correlated_pymatching,4b15e9181b265f1bd4bb78e2597046c0bfb2f5ea7284d5a9b00c9dbde00cc6b8,"{""d"":7,""p"":0.001,""r"":7}",
         1,         0,         0,   0.299,correlated_pymatching,4b15e9181b265f1bd4bb78e2597046c0bfb2f5ea7284d5a9b00c9dbde00cc6b8,"{""d"":7,""p"":0.001,""r"":7}",
         4,         0,         0,   0.303,correlated_pymatching,ba9ef6fd67b86a3622e5664707c8edb6d9b7da2e0b74dac0b87e1334a0339531,"{""d"":7,""p"":0.00046415888336127773,""r"":7}",
       984,         0,         0,   0.381,correlated_pymatching,6eeeec76c514f4890a9bac6f82eadc4dacda18094a665d9455c865cfa0493683,"{""d"":7,""p"":0.00021544346900318845,""r"":7}",
      1024,         0,         0,   0.377,correlated_pymatching,6eeeec76c514f4890a9bac6f82eadc4dacda18094a665d9455c865cfa0493683,"{""d"":7,""p"":0.00021544346900318845,""r"":7}",
         1,         0,         0,   0.491,correlated_pymatching,6eeeec76c514f4890a9bac6f82eadc4dacda18094a665d9455c865cfa0493683,"{""d"":7,""p"":0.00021544346900318845,""r"":7}",
        92,         0,         0,   0.290,correlated_pymatching,6eeeec76c514f4890a9bac6f82eadc4dacda18094a665d9455c865cfa0493683,"{""d"":7,""p"":0.00021544346900318845,""r"":7}",
      1079,         0,         0,   0.652,correlated_pymatching,6eeeec76c514f4890a9bac6f82eadc4dacda18094a665d9455c865cfa0493683,"{""d"":7,""p"":0.00021544346900318845,""r"":7}",
        16,         0,         0,   0.296,correlated_pymatching,6eeeec76c514f4890a9bac6f82eadc4dacda18094a665d9455c865cfa0493683,"{""d"":7,""p"":0.00021544346900318845,""r"":7}",
        64,         0,         0,   0.304,correlated_pymatching,ba9ef6fd67b86a3622e5664707c8edb6d9b7da2e0b74dac0b87e1334a0339531,"{""d"":7,""p"":0.00046415888336127773,""r"":7}",
        64,         0,         0,   0.300,correlated_pymatching,6eeeec76c514f4890a9bac6f82eadc4dacda18094a665d9455c865cfa0493683,"{""d"":7,""p"":0.00021544346900318845,""r"":7}",
       272,         0,         0,   0.291,correlated_pymatching,6eeeec76c514f4890a9bac6f82eadc4dacda18094a665d9455c865cfa0493683,"{""d"":7,""p"":0.00021544346900318845,""r"":7}",
        32,         0,         0,   0.300,correlated_pymatching,ba9ef6fd67b86a3622e5664707c8edb6d9b7da2e0b74dac0b87e1334a0339531,"{""d"":7,""p"":0.00046415888336127773,""r"":7}",
       291,         0,         0,   0.303,correlated_pymatching,6eeeec76c514f4890a9bac6f82eadc4dacda18094a665d9455c865cfa0493683,"{""d"":7,""p"":0.00021544346900318845,""r"":7}",
         4,         0,         0,   0.300,correlated_pymatching,4b15e9181b265f1bd4bb78e2597046c0bfb2f5ea7284d5a9b00c9dbde00cc6b8,"{""d"":7,""p"":0.001,""r"":7}",
         2,         0,         0,   0.304,correlated_pymatching,4b15e9181b265f1bd4bb78e2597046c0bfb2f5ea7284d5a9b00c9dbde00cc6b8,"{""d"":7,""p"":0.001,""r"":7}",
         4,         0,         0,   0.304,correlated_pymatching,ba9ef6fd67b86a3622e5664707c8edb6d9b7da2e0b74dac0b87e1334a0339531,"{""d"":7,""p"":0.00046415888336127773,""r"":7}",
        65,         0,         0,   0.290,correlated_pymatching,6eeeec76c514f4890a9bac6f82eadc4dacda18094a665d9455c865cfa0493683,"{""d"":7,""p"":0.00021544346900318845,""r"":7}",
        39,         0,         0,   0.297,correlated_pymatching,6eeeec76c514f4890a9bac6f82eadc4dacda18094a665d9455c865cfa0493683,"{""d"":7,""p"":0.00021544346900318845,""r"":7}",
       560,         0,         0,   0.311,correlated_pymatching,6eeeec76c514f4890a9bac6f82eadc4dacda18094a665d9455c865cfa0493683,"{""d"":7,""p"":0.00021544346900318845,""r"":7}",
       560,         0,         0,   0.321,correlated_pymatching,6eeeec76c514f4890a9bac6f82eadc4dacda18094a665d9455c865cfa0493683,"{""d"":7,""p"":0.00021544346900318845,""r"":7}",
        95,         0,         0,   0.281,correlated_pymatching,6eeeec76c514f4890a9bac6f82eadc4dacda18094a665d9455c865cfa0493683,"{""d"":7,""p"":0.00021544346900318845,""r"":7}",
        32,         0,         0,   0.292,correlated_pymatching,6eeeec76c514f4890a9bac6f82eadc4dacda18094a665d9455c865cfa0493683,"{""d"":7,""p"":0.00021544346900318845,""r"":7}",
        64,         0,         0,   0.291,correlated_pymatching,6eeeec76c514f4890a9bac6f82eadc4dacda18094a665d9455c865cfa0493683,"{""d"":7,""p"":0.00021544346900318845,""r"":7}",
         1,         0,         0,   0.496,correlated_pymatching,6eeeec76c514f4890a9bac6f82eadc4dacda18094a665d9455c865cfa0493683,"{""d"":7,""p"":0.00021544346900318845,""r"":7}",
        64,         0,         0,   0.296,correlated_pymatching,ba9ef6fd67b86a3622e5664707c8edb6d9b7da2e0b74dac0b87e1334a0339531,"{""d"":7,""p"":0.00046415888336127773,""r"":7}",
        64,         0,         0,   0.300,correlated_pymatching,ba9ef6fd67b86a3622e5664707c8edb6d9b7da2e0b74dac0b87e1334a0339531,"{""d"":7,""p"":0.00046415888336127773,""r"":7}",
       277,         0,         0,   0.307,correlated_pymatching,6eeeec76c514f4890a9bac6f82eadc4dacda18094a665d9455c865cfa0493683,"{""d"":7,""p"":0.00021544346900318845,""r"":7}",
         4,         0,         0,   0.300,correlated_pymatching,ba9ef6fd67b86a3622e5664707c8edb6d9b7da2e0b74dac0b87e1334a0339531,"{""d"":7,""p"":0.00046415888336127773,""r"":7}",
         8,         0,         0,   0.308,correlated_pymatching,4b15e9181b265f1bd4bb78e2597046c0bfb2f5ea7284d5a9b00c9dbde00cc6b8,"{""d"":7,""p"":0.001,""r"":7}",
         2,         0,         0,   0.304,correlated_pymatching,4b15e9181b265f1bd4bb78e2597046c0bfb2f5ea7284d5a9b00c9dbde00cc6b8,"{""d"":7,""p"":0.001,""r"":7}",
        64,         0,         0,   0.296,correlated_pymatching,6eeeec76c514f4890a9bac6f82eadc4dacda18094a665d9455c865cfa0493683,"{""d"":7,""p"":0.00021544346900318845,""r"":7}",
       273,         0,         0,   0.298,correlated_pymatching,6eeeec76c514f4890a9bac6f82eadc4dacda18094a665d9455c865cfa0493683,"{""d"":7,""p"":0.00021544346900318845,""r"":7}",
       128,         0,         0,   0.300,correlated_pymatching,6eeeec76c514f4890a9bac6f82eadc4dacda18094a665d9455c865cfa0493683,"{""d"":7,""p"":0.00021544346900318845,""r"":7}",
        84,         0,         0,   0.291,correlated_pymatching,6eeeec76c514f4890a9bac6f82eadc4dacda18094a665d9455c865cfa0493683,"{""d"":7,""p"":0.00021544346900318845,""r"":7}",
        15,         0,         0,   0.301,correlated_pymatching,6eeeec76c514f4890a9bac6f82eadc4dacda18094a665d9455c865cfa0493683,"{""d"":7,""p"":0.00021544346900318845,""r"":7}",
       267,         0,         0,   0.302,correlated_pymatching,6eeeec76c514f4890a9bac6f82eadc4dacda18094a665d9455c865cfa0493683,"{""d"":7,""p"":0.00021544346900318845,""r"":7}",
       267,         0,         0,   0.300,correlated_pymatching,6eeeec76c514f4890a9bac6f82eadc4dacda18094a665d9455c865cfa0493683,"{""d"":7,""p"":0.00021544346900318845,""r"":7}",
       128,         0,         0,   0.308,correlated_pymatching,ba9ef6fd67b86a3622e5664707c8edb6d9b7da2e0b74dac0b87e1334a0339531,"{""d"":7,""p"":0.00046415888336127773,""r"":7}",
       267,         0,         0,   0.312,correlated_pymatching,6eeeec76c514f4890a9bac6f82eadc4dacda18094a665d9455c865cfa0493683,"{""d"":7,""p"":0.00021544346900318845,""r"":7}",
       150,         0,         0,   0.309,correlated_pymatching,6eeeec76c514f4890a9bac6f82eadc4dacda18094a665d9455c865cfa0493683,"{""d"":7,""p"":0.00021544346900318845,""r"":7}",
       128,         0,         0,   0.304,correlated_pymatching,ba9ef6fd67b86a3622e5664707c8edb6d9b7da2e0b74dac0b87e1334a0339531,"{""d"":7,""p"":0.00046415888336127773,""r"":7}",
         4,         0,         0,   0.304,correlated_pymatching,ba9ef6fd67b86a3622e5664707c8edb6d9b7da2e0b74dac0b87e1334a0339531,"{""d"":7,""p"":0.00046415888336127773,""r"":7}",
         8,         0,         0,   0.304,correlated_pymatching,4b15e9181b265f1bd4bb78e2597046c0bfb2f5ea7284d5a9b00c9dbde00cc6b8,"{""d"":7,""p"":0.001,""r"":7}",
         2,         0,         0,   0.308,correlated_pymatching,4b15e9181b265f1bd4bb78e2597046c0bfb2f5ea7284d5a9b00c9dbde00cc6b8,"{""d"":7,""p"":0.001,""r"":7}",
         1,         0,         0,   0.488,correlated_pymatching,6eeeec76c514f4890a9bac6f82eadc4dacda18094a665d9455c865cfa0493683,"{""d"":7,""p"":0.00021544346900318845,""r"":7}",
       148,         0,         0,   0.294,correlated_pymatching,6eeeec76c514f4890a9bac6f82eadc4dacda18094a665d9455c865cfa0493683,"{""d"":7,""p"":0.00021544346900318845,""r"":7}",
        91,         0,         0,   0.289,correlated_pymatching,6eeeec76c514f4890a9bac6f82eadc4dacda18094a665d9455c865cfa0493683,"{""d"":7,""p"":0.00021544346900318845,""r"":7}",
       128,         0,         0,   0.304,correlated_pymatching,6eeeec76c514f4890a9bac6f82eadc4dacda18094a665d9455c865cfa0493683,"{""d"":7,""p"":0.00021544346900318845,""r"":7}",
       139,         0,         0,   0.304,correlated_pymatching,6eeeec76c514f4890a9bac6f82eadc4dacda18094a665d9455c865cfa0493683,"{""d"":7,""p"":0.00021544346900318845,""r"":7}",
       128,         0,         0,   0.300,correlated_pymatching,ba9ef6fd67b86a3622e5664707c8edb6d9b7da2e0b74dac0b87e1334a0339531,"{""d"":7,""p"":0.00046415888336127773,""r"":7}",
       128,         0,         0,   0.308,correlated_pymatching,ba9ef6fd67b86a3622e5664707c8edb6d9b7da2e0b74dac0b87e1334a0339531,"{""d"":7,""p"":0.00046415888336127773,""r"":7}",
         4,         0,         0,   0.300,correlated_pymatching,ba9ef6fd67b86a3622e5664707c8edb6d9b7da2e0b74dac0b87e1334a0339531,"{""d"":7,""p"":0.00046415888336127773,""r"":7}",
         8,         0,         0,   0.304,correlated_pymatching,4b15e9181b265f1bd4bb78e2597046c0bfb2f5ea7284d5a9b00c9dbde00cc6b8,"{""d"":7,""p"":0.001,""r"":7}",
         2,         0,         0,   0.308,correlated_pymatching,4b15e9181b265f1bd4bb78e2597046c0bfb2f5ea7284d5a9b00c9dbde00cc6b8,"{""d"":7,""p"":0.001,""r"":7}",
       101,         0,         0,   0.299,correlated_pymatching,6eeeec76c514f4890a9bac6f82eadc4dacda18094a665d9455c865cfa0493683,"{""d"":7,""p"":0.00021544346900318845,""r"":7}",
       104,         0,         0,   0.297,correlated_pymatching,6eeeec76c514f4890a9bac6f82eadc4dacda18094a665d9455c865cfa0493683,"{""d"":7,""p"":0.00021544346900318845,""r"":7}",
       104,         0,         0,   0.302,correlated_pymatching,6eeeec76c514f4890a9bac6f82eadc4dacda18094a665d9455c865cfa0493683,"{""d"":7,""p"":0.00021544346900318845,""r"":7}",
        71,         0,         0,   0.292,correlated_pymatching,6eeeec76c514f4890a9bac6f82eadc4dacda18094a665d9455c865cfa0493683,"{""d"":7,""p"":0.00021544346900318845,""r"":7}",
        10,         0,         0,   0.286,correlated_pymatching,6eeeec76c514f4890a9bac6f82eadc4dacda18094a665d9455c865cfa0493683,"{""d"":7,""p"":0.00021544346900318845,""r"":7}",
         1,         0,         0,   0.504,correlated_pymatching,6eeeec76c514f4890a9bac6f82eadc4dacda18094a665d9455c865cfa0493683,"{""d"":7,""p"":0.00021544346900318845,""r"":7}",
       256,         0,         0,   0.612,correlated_pymatching,ba9ef6fd67b86a3622e5664707c8edb6d9b7da2e0b74dac0b87e1334a0339531,"{""d"":7,""p"":0.00046415888336127773,""r"":7}",
       512,         0,         0,   0.632,correlated_pymatching,ba9ef6fd67b86a3622e5664707c8edb6d9b7da2e0b74dac0b87e1334a0339531,"{""d"":7,""p"":0.00046415888336127773,""r"":7}",
        22,         0,         0,   0.284,correlated_pymatching,6eeeec76c514f4890a9bac6f82eadc4dacda18094a665d9455c865cfa0493683,"{""d"":7,""p"":0.00021544346900318845,""r"":7}",
        22,         0,         0,   0.284,correlated_pymatching,6eeeec76c514f4890a9bac6f82eadc4dacda18094a665d9455c865cfa0493683,"{""d"":7,""p"":0.00021544346900318845,""r"":7}",
         5,         0,         0,   0.282,correlated_pymatching,6eeeec76c514f4890a9bac6f82eadc4dacda18094a665d9455c865cfa0493683,"{""d"":7,""p"":0.00021544346900318845,""r"":7}",
        22,         0,         0,   0.289,correlated_pymatching,6eeeec76c514f4890a9bac6f82eadc4dacda18094a665d9455c865cfa0493683,"{""d"":7,""p"":0.00021544346900318845,""r"":7}",
        22,         0,         0,   0.297,correlated_pymatching,6eeeec76c514f4890a9bac6f82eadc4dacda18094a665d9455c865cfa0493683,"{""d"":7,""p"":0.00021544346900318845,""r"":7}",
        22,         0,         0,   0.297,correlated_pymatching,6eeeec76c514f4890a9bac6f82eadc4dacda18094a665d9455c865cfa0493683,"{""d"":7,""p"":0.00021544346900318845,""r"":7}",
        22,         0,         0,   0.301,correlated_pymatching,6eeeec76c514f4890a9bac6f82eadc4dacda18094a665d9455c865cfa0493683,"{""d"":7,""p"":0.00021544346900318845,""r"":7}",
        24,         0,         0,   0.604,correlated_pymatching,ba9ef6fd67b86a3622e5664707c8edb6d9b7da2e0b74dac0b87e1334a0339531,"{""d"":7,""p"":0.00046415888336127773,""r"":7}",
        16,         0,         0,   0.612,correlated_pymatching,4b15e9181b265f1bd4bb78e2597046c0bfb2f5ea7284d5a9b00c9dbde00cc6b8,"{""d"":7,""p"":0.001,""r"":7}",
         4,         0,         0,   0.612,correlated_pymatching,4b15e9181b265f1bd4bb78e2597046c0bfb2f5ea7284d5a9b00c9dbde00cc6b8,"{""d"":7,""p"":0.001,""r"":7}",
         1,         0,         0,   0.492,correlated_pymatching,6eeeec76c514f4890a9bac6f82eadc4dacda18094a665d9455c865cfa0493683,"{""d"":7,""p"":0.00021544346900318845,""r"":7}",
        10,         0,         0,   0.290,correlated_pymatching,6eeeec76c514f4890a9bac6f82eadc4dacda18094a665d9455c865cfa0493683,"{""d"":7,""p"":0.00021544346900318845,""r"":7}",
        10,         0,         0,   0.290,correlated_pymatching,6eeeec76c514f4890a9bac6f82eadc4dacda18094a665d9455c865cfa0493683,"{""d"":7,""p"":0.00021544346900318845,""r"":7}",
        10,         0,         0,   0.283,correlated_pymatching,6eeeec76c514f4890a9bac6f82eadc4dacda18094a665d9455c865cfa0493683,"{""d"":7,""p"":0.00021544346900318845,""r"":7}",
         1,         0,         0,   0.286,correlated_pymatching,6eeeec76c514f4890a9bac6f82eadc4dacda18094a665d9455c865cfa0493683,"{""d"":7,""p"":0.00021544346900318845,""r"":7}",
        10,         0,         0,   0.282,correlated_pymatching,6eeeec76c514f4890a9bac6f82eadc4dacda18094a665d9455c865cfa0493683,"{""d"":7,""p"":0.00021544346900318845,""r"":7}",
        10,         0,         0,   0.287,correlated_pymatching,6eeeec76c514f4890a9bac6f82eadc4dacda18094a665d9455c865cfa0493683,"{""d"":7,""p"":0.00021544346900318845,""r"":7}",
        10,         0,         0,   0.289,correlated_pymatching,6eeeec76c514f4890a9bac6f82eadc4dacda18094a665d9455c865cfa0493683,"{""d"":7,""p"":0.00021544346900318845,""r"":7}",
        10,         0,         0,   0.289,correlated_pymatching,6eeeec76c514f4890a9bac6f82eadc4dacda18094a665d9455c865cfa0493683,"{""d"":7,""p"":0.00021544346900318845,""r"":7}",
        10,         0,         0,   0.295,correlated_pymatching,6eeeec76c514f4890a9bac6f82eadc4dacda18094a665d9455c865cfa0493683,"{""d"":7,""p"":0.00021544346900318845,""r"":7}",
       256,         0,         0,   0.612,correlated_pymatching,ba9ef6fd67b86a3622e5664707c8edb6d9b7da2e0b74dac0b87e1334a0339531,"{""d"":7,""p"":0.00046415888336127773,""r"":7}",
       512,         0,         0,   0.632,correlated_pymatching,ba9ef6fd67b86a3622e5664707c8edb6d9b7da2e0b74dac0b87e1334a0339531,"{""d"":7,""p"":0.00046415888336127773,""r"":7}",
        32,         0,         0,   0.608,correlated_pymatching,ba9ef6fd67b86a3622e5664707c8edb6d9b7da2e0b74dac0b87e1334a0339531,"{""d"":7,""p"":0.00046415888336127773,""r"":7}",
        16,         0,         0,   0.604,correlated_pymatching,4b15e9181b265f1bd4bb78e2597046c0bfb2f5ea7284d5a9b00c9dbde00cc6b8,"{""d"":7,""p"":0.001,""r"":7}",
         6,         0,         0,   0.604,correlated_pymatching,4b15e9181b265f1bd4bb78e2597046c0bfb2f5ea7284d5a9b00c9dbde00cc6b8,"{""d"":7,""p"":0.001,""r"":7}",
         1,         0,         0,   0.492,correlated_pymatching,6eeeec76c514f4890a9bac6f82eadc4dacda18094a665d9455c865cfa0493683,"{""d"":7,""p"":0.00021544346900318845,""r"":7}",
         1,         0,         0,   0.285,correlated_pymatching,6eeeec76c514f4890a9bac6f82eadc4dacda18094a665d9455c865cfa0493683,"{""d"":7,""p"":0.00021544346900318845,""r"":7}",
         2,         0,         0,   0.286,correlated_pymatching,6eeeec76c514f4890a9bac6f82eadc4dacda18094a665d9455c865cfa0493683,"{""d"":7,""p"":0.00021544346900318845,""r"":7}",
         2,         0,         0,   0.293,correlated_pymatching,6eeeec76c514f4890a9bac6f82eadc4dacda18094a665d9455c865cfa0493683,"{""d"":7,""p"":0.00021544346900318845,""r"":7}",
         2,         0,         0,   0.301,correlated_pymatching,6eeeec76c514f4890a9bac6f82eadc4dacda18094a665d9455c865cfa0493683,"{""d"":7,""p"":0.00021544346900318845,""r"":7}",
         2,         0,         0,   0.297,correlated_pymatching,6eeeec76c514f4890a9bac6f82eadc4dacda18094a665d9455c865cfa0493683,"{""d"":7,""p"":0.00021544346900318845,""r"":7}",
         2,         0,         0,   0.297,correlated_pymatching,6eeeec76c514f4890a9bac6f82eadc4dacda18094a665d9455c865cfa0493683,"{""d"":7,""p"":0.00021544346900318845,""r"":7}",
         1,         0,         0,   0.504,correlated_pymatching,6eeeec76c514f4890a9bac6f82eadc4dacda18094a665d9455c865cfa0493683,"{""d"":7,""p"":0.00021544346900318845,""r"":7}",
         1,         0,         0,   0.284,correlated_pymatching,6eeeec76c514f4890a9bac6f82eadc4dacda18094a665d9455c865cfa0493683,"{""d"":7,""p"":0.00021544346900318845,""r"":7}",
         1,         0,         0,   0.285,correlated_pymatching,6eeeec76c514f4890a9bac6f82eadc4dacda18094a665d9455c865cfa0493683,"{""d"":7,""p"":0.00021544346900318845,""r"":7}",
         1,         0,         0,   0.289,correlated_pymatching,6eeeec76c514f4890a9bac6f82eadc4dacda18094a665d9455c865cfa0493683,"{""d"":7,""p"":0.00021544346900318845,""r"":7}",
         1,         0,         0,   0.297,correlated_pymatching,6eeeec76c514f4890a9bac6f82eadc4dacda18094a665d9455c865cfa0493683,"{""d"":7,""p"":0.00021544346900318845,""r"":7}",
         1,         0,         0,   0.291,correlated_pymatching,6eeeec76c514f4890a9bac6f82eadc4dacda18094a665d9455c865cfa0493683,"{""d"":7,""p"":0.00021544346900318845,""r"":7}",
         1,         0,         0,   0.297,correlated_pymatching,6eeeec76c514f4890a9bac6f82eadc4dacda18094a665d9455c865cfa0493683,"{""d"":7,""p"":0.00021544346900318845,""r"":7}",
       640,         0,         0,   0.936,correlated_pymatching,ba9ef6fd67b86a3622e5664707c8edb6d9b7da2e0b74dac0b87e1334a0339531,"{""d"":7,""p"":0.00046415888336127773,""r"":7}",
         1,         0,         0,   0.301,correlated_pymatching,6eeeec76c514f4890a9bac6f82eadc4dacda18094a665d9455c865cfa0493683,"{""d"":7,""p"":0.00021544346900318845,""r"":7}",
        48,         0,         0,   0.907,correlated_pymatching,ba9ef6fd67b86a3622e5664707c8edb6d9b7da2e0b74dac0b87e1334a0339531,"{""d"":7,""p"":0.00046415888336127773,""r"":7}",
       768,         0,         0,   0.948,correlated_pymatching,ba9ef6fd67b86a3622e5664707c8edb6d9b7da2e0b74dac0b87e1334a0339531,"{""d"":7,""p"":0.00046415888336127773,""r"":7}",
        48,         0,         0,   0.911,correlated_pymatching,4b15e9181b265f1bd4bb78e2597046c0bfb2f5ea7284d5a9b00c9dbde00cc6b8,"{""d"":7,""p"":0.001,""r"":7}",
        12,         0,         0,   0.920,correlated_pymatching,4b15e9181b265f1bd4bb78e2597046c0bfb2f5ea7284d5a9b00c9dbde00cc6b8,"{""d"":7,""p"":0.001,""r"":7}",
         1,         0,         0,   0.492,correlated_pymatching,6eeeec76c514f4890a9bac6f82eadc4dacda18094a665d9455c865cfa0493683,"{""d"":7,""p"":0.00021544346900318845,""r"":7}",
     45056,         0,         0,    17.2,correlated_pymatching,ba9ef6fd67b86a3622e5664707c8edb6d9b7da2e0b74dac0b87e1334a0339531,"{""d"":7,""p"":0.00046415888336127773,""r"":7}",
    117760,        17,         0,    44.3,correlated_pymatching,4b15e9181b265f1bd4bb78e2597046c0bfb2f5ea7284d5a9b00c9dbde00cc6b8,"{""d"":7,""p"":0.001,""r"":7}","{""obs_mistake_mask=E"":17}"
    106496,        18,         0,    41.6,correlated_pymatching,4b15e9181b265f1bd4bb78e2597046c0bfb2f5ea7284d5a9b00c9dbde00cc6b8,"{""d"":7,""p"":0.001,""r"":7}","{""obs_mistake_mask=E"":18}"
    103424,         8,         0,    41.1,correlated_pymatching,4b15e9181b265f1bd4bb78e2597046c0bfb2f5ea7284d5a9b00c9dbde00cc6b8,"{""d"":7,""p"":0.001,""r"":7}","{""obs_mistake_mask=E"":8}"
     48128,         0,         0,    17.7,correlated_pymatching,ba9ef6fd67b86a3622e5664707c8edb6d9b7da2e0b74dac0b87e1334a0339531,"{""d"":7,""p"":0.00046415888336127773,""r"":7}",
         8,         0,         0,   0.612,correlated_pymatching,4b15e9181b265f1bd4bb78e2597046c0bfb2f5ea7284d5a9b00c9dbde00cc6b8,"{""d"":7,""p"":0.001,""r"":7}",
        64,         0,         0,   0.632,correlated_pymatching,4b15e9181b265f1bd4bb78e2597046c0bfb2f5ea7284d5a9b00c9dbde00cc6b8,"{""d"":7,""p"":0.001,""r"":7}",
     37888,         5,         0,    17.5,correlated_pymatching,4b15e9181b265f1bd4bb78e2597046c0bfb2f5ea7284d5a9b00c9dbde00cc6b8,"{""d"":7,""p"":0.001,""r"":7}","{""obs_mistake_mask=E"":5}"
     24576,         7,         0,    11.4,correlated_pymatching,4b15e9181b265f1bd4bb78e2597046c0bfb2f5ea7284d5a9b00c9dbde00cc6b8,"{""d"":7,""p"":0.001,""r"":7}","{""obs_mistake_mask=E"":7}"
         1,         0,         0,   0.315,correlated_pymatching,ba9ef6fd67b86a3622e5664707c8edb6d9b7da2e0b74dac0b87e1334a0339531,"{""d"":7,""p"":0.00046415888336127773,""r"":7}",
         1,         0,         0,   0.323,correlated_pymatching,ba9ef6fd67b86a3622e5664707c8edb6d9b7da2e0b74dac0b87e1334a0339531,"{""d"":7,""p"":0.00046415888336127773,""r"":7}",
         1,         0,         0,   0.315,correlated_pymatching,ba9ef6fd67b86a3622e5664707c8edb6d9b7da2e0b74dac0b87e1334a0339531,"{""d"":7,""p"":0.00046415888336127773,""r"":7}",
         1,         0,         0,   0.323,correlated_pymatching,ba9ef6fd67b86a3622e5664707c8edb6d9b7da2e0b74dac0b87e1334a0339531,"{""d"":7,""p"":0.00046415888336127773,""r"":7}",
         1,         0,         0,   0.315,correlated_pymatching,ba9ef6fd67b86a3622e5664707c8edb6d9b7da2e0b74dac0b87e1334a0339531,"{""d"":7,""p"":0.00046415888336127773,""r"":7}",
     25600,         3,         0,    11.8,correlated_pymatching,4b15e9181b265f1bd4bb78e2597046c0bfb2f5ea7284d5a9b00c9dbde00cc6b8,"{""d"":7,""p"":0.001,""r"":7}","{""obs_mistake_mask=E"":3}"
      8192,         2,         0,    9.77,correlated_pymatching,4b15e9181b265f1bd4bb78e2597046c0bfb2f5ea7284d5a9b00c9dbde00cc6b8,"{""d"":7,""p"":0.001,""r"":7}","{""obs_mistake_mask=E"":2}"
     40960,         2,         0,    18.3,correlated_pymatching,4b15e9181b265f1bd4bb78e2597046c0bfb2f5ea7284d5a9b00c9dbde00cc6b8,"{""d"":7,""p"":0.001,""r"":7}","{""obs_mistake_mask=E"":2}"
     20480,         0,         0,    7.73,correlated_pymatching,ba9ef6fd67b86a3622e5664707c8edb6d9b7da2e0b74dac0b87e1334a0339531,"{""d"":7,""p"":0.00046415888336127773,""r"":7}",
         1,         0,         0,   0.292,correlated_pymatching,ba9ef6fd67b86a3622e5664707c8edb6d9b7da2e0b74dac0b87e1334a0339531,"{""d"":7,""p"":0.00046415888336127773,""r"":7}",
         1,         0,         0,   0.292,correlated_pymatching,ba9ef6fd67b86a3622e5664707c8edb6d9b7da2e0b74dac0b87e1334a0339531,"{""d"":7,""p"":0.00046415888336127773,""r"":7}",
         1,         0,         0,   0.300,correlated_pymatching,ba9ef6fd67b86a3622e5664707c8edb6d9b7da2e0b74dac0b87e1334a0339531,"{""d"":7,""p"":0.00046415888336127773,""r"":7}",
         1,         0,         0,   0.304,correlated_pymatching,ba9ef6fd67b86a3622e5664707c8edb6d9b7da2e0b74dac0b87e1334a0339531,"{""d"":7,""p"":0.00046415888336127773,""r"":7}",
         1,         0,         0,   0.292,correlated_pymatching,ba9ef6fd67b86a3622e5664707c8edb6d9b7da2e0b74dac0b87e1334a0339531,"{""d"":7,""p"":0.00046415888336127773,""r"":7}",
     32768,         0,         0,    12.5,correlated_pymatching,ba9ef6fd67b86a3622e5664707c8edb6d9b7da2e0b74dac0b87e1334a0339531,"{""d"":7,""p"":0.00046415888336127773,""r"":7}",
     20480,         1,         0,    7.66,correlated_pymatching,ba9ef6fd67b86a3622e5664707c8edb6d9b7da2e0b74dac0b87e1334a0339531,"{""d"":7,""p"":0.00046415888336127773,""r"":7}","{""obs_mistake_mask=E"":1}"
      1024,         0,         0,    1.27,correlated_pymatching,ba9ef6fd67b86a3622e5664707c8edb6d9b7da2e0b74dac0b87e1334a0339531,"{""d"":7,""p"":0.00046415888336127773,""r"":7}",
       160,         0,         0,    1.26,correlated_pymatching,ba9ef6fd67b86a3622e5664707c8edb6d9b7da2e0b74dac0b87e1334a0339531,"{""d"":7,""p"":0.00046415888336127773,""r"":7}",
      1024,         0,         0,    1.26,correlated_pymatching,ba9ef6fd67b86a3622e5664707c8edb6d9b7da2e0b74dac0b87e1334a0339531,"{""d"":7,""p"":0.00046415888336127773,""r"":7}",
     31744,         2,         0,    12.1,correlated_pymatching,ba9ef6fd67b86a3622e5664707c8edb6d9b7da2e0b74dac0b87e1334a0339531,"{""d"":7,""p"":0.00046415888336127773,""r"":7}","{""obs_mistake_mask=E"":2}"
     29696,         1,         0,    11.3,correlated_pymatching,ba9ef6fd67b86a3622e5664707c8edb6d9b7da2e0b74dac0b87e1334a0339531,"{""d"":7,""p"":0.00046415888336127773,""r"":7}","{""obs_mistake_mask=E"":1}"
     20480,         0,         0,    7.83,correlated_pymatching,ba9ef6fd67b86a3622e5664707c8edb6d9b7da2e0b74dac0b87e1334a0339531,"{""d"":7,""p"":0.00046415888336127773,""r"":7}",
         2,         0,         0,   0.288,correlated_pymatching,ba9ef6fd67b86a3622e5664707c8edb6d9b7da2e0b74dac0b87e1334a0339531,"{""d"":7,""p"":0.00046415888336127773,""r"":7}",
         2,         0,         0,   0.296,correlated_pymatching,ba9ef6fd67b86a3622e5664707c8edb6d9b7da2e0b74dac0b87e1334a0339531,"{""d"":7,""p"":0.00046415888336127773,""r"":7}",
         2,         0,         0,   0.292,correlated_pymatching,ba9ef6fd67b86a3622e5664707c8edb6d9b7da2e0b74dac0b87e1334a0339531,"{""d"":7,""p"":0.00046415888336127773,""r"":7}",
         2,         0,         0,   0.300,correlated_pymatching,ba9ef6fd67b86a3622e5664707c8edb6d9b7da2e0b74dac0b87e1334a0339531,"{""d"":7,""p"":0.00046415888336127773,""r"":7}",
         1,         0,         0,   0.300,correlated_pymatching,ba9ef6fd67b86a3622e5664707c8edb6d9b7da2e0b74dac0b87e1334a0339531,"{""d"":7,""p"":0.00046415888336127773,""r"":7}",
         4,         0,         0,   0.296,correlated_pymatching,ba9ef6fd67b86a3622e5664707c8edb6d9b7da2e0b74dac0b87e1334a0339531,"{""d"":7,""p"":0.00046415888336127773,""r"":7}",
         4,         0,         0,   0.292,correlated_pymatching,ba9ef6fd67b86a3622e5664707c8edb6d9b7da2e0b74dac0b87e1334a0339531,"{""d"":7,""p"":0.00046415888336127773,""r"":7}",
         4,         0,         0,   0.288,correlated_pymatching,ba9ef6fd67b86a3622e5664707c8edb6d9b7da2e0b74dac0b87e1334a0339531,"{""d"":7,""p"":0.00046415888336127773,""r"":7}",
         4,         0,         0,   0.312,correlated_pymatching,ba9ef6fd67b86a3622e5664707c8edb6d9b7da2e0b74dac0b87e1334a0339531,"{""d"":7,""p"":0.00046415888336127773,""r"":7}",
         2,         0,         0,   0.312,correlated_pymatching,ba9ef6fd67b86a3622e5664707c8edb6d9b7da2e0b74dac0b87e1334a0339531,"{""d"":7,""p"":0.00046415888336127773,""r"":7}",
         1,         0,         0,   0.319,correlated_pymatching,ba9ef6fd67b86a3622e5664707c8edb6d9b7da2e0b74dac0b87e1334a0339531,"{""d"":7,""p"":0.00046415888336127773,""r"":7}",
         1,         0,         0,   0.327,correlated_pymatching,ba9ef6fd67b86a3622e5664707c8edb6d9b7da2e0b74dac0b87e1334a0339531,"{""d"":7,""p"":0.00046415888336127773,""r"":7}",
         1,         0,         0,   0.317,correlated_pymatching,ba9ef6fd67b86a3622e5664707c8edb6d9b7da2e0b74dac0b87e1334a0339531,"{""d"":7,""p"":0.00046415888336127773,""r"":7}",
         1,         0,         0,   0.326,correlated_pymatching,ba9ef6fd67b86a3622e5664707c8edb6d9b7da2e0b74dac0b87e1334a0339531,"{""d"":7,""p"":0.00046415888336127773,""r"":7}",
         1,         0,         0,   0.327,correlated_pymatching,ba9ef6fd67b86a3622e5664707c8edb6d9b7da2e0b74dac0b87e1334a0339531,"{""d"":7,""p"":0.00046415888336127773,""r"":7}",
         1,         0,         0,   0.323,correlated_pymatching,ba9ef6fd67b86a3622e5664707c8edb6d9b7da2e0b74dac0b87e1334a0339531,"{""d"":7,""p"":0.00046415888336127773,""r"":7}",
         1,         0,         0,   0.343,correlated_pymatching,ba9ef6fd67b86a3622e5664707c8edb6d9b7da2e0b74dac0b87e1334a0339531,"{""d"":7,""p"":0.00046415888336127773,""r"":7}",
         1,         0,         0,   0.319,correlated_pymatching,ba9ef6fd67b86a3622e5664707c8edb6d9b7da2e0b74dac0b87e1334a0339531,"{""d"":7,""p"":0.00046415888336127773,""r"":7}",
         1,         0,         0,   0.321,correlated_pymatching,ba9ef6fd67b86a3622e5664707c8edb6d9b7da2e0b74dac0b87e1334a0339531,"{""d"":7,""p"":0.00046415888336127773,""r"":7}",
         1,         0,         0,   0.334,correlated_pymatching,ba9ef6fd67b86a3622e5664707c8edb6d9b7da2e0b74dac0b87e1334a0339531,"{""d"":7,""p"":0.00046415888336127773,""r"":7}",
         1,         0,         0,   0.335,correlated_pymatching,ba9ef6fd67b86a3622e5664707c8edb6d9b7da2e0b74dac0b87e1334a0339531,"{""d"":7,""p"":0.00046415888336127773,""r"":7}",
         1,         0,         0,   0.304,correlated_pymatching,ba9ef6fd67b86a3622e5664707c8edb6d9b7da2e0b74dac0b87e1334a0339531,"{""d"":7,""p"":0.00046415888336127773,""r"":7}",
         1,         0,         0,   0.327,correlated_pymatching,ba9ef6fd67b86a3622e5664707c8edb6d9b7da2e0b74dac0b87e1334a0339531,"{""d"":7,""p"":0.00046415888336127773,""r"":7}",
         1,         0,         0,   0.331,correlated_pymatching,ba9ef6fd67b86a3622e5664707c8edb6d9b7da2e0b74dac0b87e1334a0339531,"{""d"":7,""p"":0.00046415888336127773,""r"":7}",
         8,         0,         0,   0.292,correlated_pymatching,ba9ef6fd67b86a3622e5664707c8edb6d9b7da2e0b74dac0b87e1334a0339531,"{""d"":7,""p"":0.00046415888336127773,""r"":7}",
         8,         0,         0,   0.292,correlated_pymatching,ba9ef6fd67b86a3622e5664707c8edb6d9b7da2e0b74dac0b87e1334a0339531,"{""d"":7,""p"":0.00046415888336127773,""r"":7}",
         8,         0,         0,   0.300,correlated_pymatching,ba9ef6fd67b86a3622e5664707c8edb6d9b7da2e0b74dac0b87e1334a0339531,"{""d"":7,""p"":0.00046415888336127773,""r"":7}",
         4,         0,         0,   0.300,correlated_pymatching,ba9ef6fd67b86a3622e5664707c8edb6d9b7da2e0b74dac0b87e1334a0339531,"{""d"":7,""p"":0.00046415888336127773,""r"":7}",
         2,         0,         0,   0.308,correlated_pymatching,ba9ef6fd67b86a3622e5664707c8edb6d9b7da2e0b74dac0b87e1334a0339531,"{""d"":7,""p"":0.00046415888336127773,""r"":7}",
         1,         0,         0,   0.296,correlated_pymatching,ba9ef6fd67b86a3622e5664707c8edb6d9b7da2e0b74dac0b87e1334a0339531,"{""d"":7,""p"":0.00046415888336127773,""r"":7}",
         1,         0,         0,   0.296,correlated_pymatching,ba9ef6fd67b86a3622e5664707c8edb6d9b7da2e0b74dac0b87e1334a0339531,"{""d"":7,""p"":0.00046415888336127773,""r"":7}",
         1,         0,         0,   0.288,correlated_pymatching,ba9ef6fd67b86a3622e5664707c8edb6d9b7da2e0b74dac0b87e1334a0339531,"{""d"":7,""p"":0.00046415888336127773,""r"":7}",
         1,         0,         0,   0.304,correlated_pymatching,ba9ef6fd67b86a3622e5664707c8edb6d9b7da2e0b74dac0b87e1334a0339531,"{""d"":7,""p"":0.00046415888336127773,""r"":7}",
         1,         0,         0,   0.296,correlated_pymatching,ba9ef6fd67b86a3622e5664707c8edb6d9b7da2e0b74dac0b87e1334a0339531,"{""d"":7,""p"":0.00046415888336127773,""r"":7}",
         1,         0,         0,   0.292,correlated_pymatching,ba9ef6fd67b86a3622e5664707c8edb6d9b7da2e0b74dac0b87e1334a0339531,"{""d"":7,""p"":0.00046415888336127773,""r"":7}",
         1,         0,         0,   0.300,correlated_pymatching,ba9ef6fd67b86a3622e5664707c8edb6d9b7da2e0b74dac0b87e1334a0339531,"{""d"":7,""p"":0.00046415888336127773,""r"":7}",
         1,         0,         0,   0.304,correlated_pymatching,ba9ef6fd67b86a3622e5664707c8edb6d9b7da2e0b74dac0b87e1334a0339531,"{""d"":7,""p"":0.00046415888336127773,""r"":7}",
         1,         0,         0,   0.300,correlated_pymatching,ba9ef6fd67b86a3622e5664707c8edb6d9b7da2e0b74dac0b87e1334a0339531,"{""d"":7,""p"":0.00046415888336127773,""r"":7}",
         1,         0,         0,   0.308,correlated_pymatching,ba9ef6fd67b86a3622e5664707c8edb6d9b7da2e0b74dac0b87e1334a0339531,"{""d"":7,""p"":0.00046415888336127773,""r"":7}",
         1,         0,         0,   0.304,correlated_pymatching,ba9ef6fd67b86a3622e5664707c8edb6d9b7da2e0b74dac0b87e1334a0339531,"{""d"":7,""p"":0.00046415888336127773,""r"":7}",
         1,         0,         0,   0.304,correlated_pymatching,ba9ef6fd67b86a3622e5664707c8edb6d9b7da2e0b74dac0b87e1334a0339531,"{""d"":7,""p"":0.00046415888336127773,""r"":7}",
         1,         0,         0,   0.304,correlated_pymatching,ba9ef6fd67b86a3622e5664707c8edb6d9b7da2e0b74dac0b87e1334a0339531,"{""d"":7,""p"":0.00046415888336127773,""r"":7}",
         1,         0,         0,   0.312,correlated_pymatching,ba9ef6fd67b86a3622e5664707c8edb6d9b7da2e0b74dac0b87e1334a0339531,"{""d"":7,""p"":0.00046415888336127773,""r"":7}",
         1,         0,         0,   0.521,correlated_pymatching,ba9ef6fd67b86a3622e5664707c8edb6d9b7da2e0b74dac0b87e1334a0339531,"{""d"":7,""p"":0.00046415888336127773,""r"":7}",
         1,         0,         0,   0.512,correlated_pymatching,ba9ef6fd67b86a3622e5664707c8edb6d9b7da2e0b74dac0b87e1334a0339531,"{""d"":7,""p"":0.00046415888336127773,""r"":7}",
        16,         0,         0,   0.296,correlated_pymatching,ba9ef6fd67b86a3622e5664707c8edb6d9b7da2e0b74dac0b87e1334a0339531,"{""d"":7,""p"":0.00046415888336127773,""r"":7}",
        16,         0,         0,   0.300,correlated_pymatching,ba9ef6fd67b86a3622e5664707c8edb6d9b7da2e0b74dac0b87e1334a0339531,"{""d"":7,""p"":0.00046415888336127773,""r"":7}",
        16,         0,         0,   0.292,correlated_pymatching,ba9ef6fd67b86a3622e5664707c8edb6d9b7da2e0b74dac0b87e1334a0339531,"{""d"":7,""p"":0.00046415888336127773,""r"":7}",
         8,         0,         0,   0.300,correlated_pymatching,ba9ef6fd67b86a3622e5664707c8edb6d9b7da2e0b74dac0b87e1334a0339531,"{""d"":7,""p"":0.00046415888336127773,""r"":7}",
         2,         0,         0,   0.304,correlated_pymatching,ba9ef6fd67b86a3622e5664707c8edb6d9b7da2e0b74dac0b87e1334a0339531,"{""d"":7,""p"":0.00046415888336127773,""r"":7}",
         2,         0,         0,   0.296,correlated_pymatching,ba9ef6fd67b86a3622e5664707c8edb6d9b7da2e0b74dac0b87e1334a0339531,"{""d"":7,""p"":0.00046415888336127773,""r"":7}",
         2,         0,         0,   0.296,correlated_pymatching,ba9ef6fd67b86a3622e5664707c8edb6d9b7da2e0b74dac0b87e1334a0339531,"{""d"":7,""p"":0.00046415888336127773,""r"":7}",
         2,         0,         0,   0.300,correlated_pymatching,ba9ef6fd67b86a3622e5664707c8edb6d9b7da2e0b74dac0b87e1334a0339531,"{""d"":7,""p"":0.00046415888336127773,""r"":7}",
         2,         0,         0,   0.296,correlated_pymatching,ba9ef6fd67b86a3622e5664707c8edb6d9b7da2e0b74dac0b87e1334a0339531,"{""d"":7,""p"":0.00046415888336127773,""r"":7}",
         1,         0,         0,   0.300,correlated_pymatching,ba9ef6fd67b86a3622e5664707c8edb6d9b7da2e0b74dac0b87e1334a0339531,"{""d"":7,""p"":0.00046415888336127773,""r"":7}",
         2,         0,         0,   0.296,correlated_pymatching,ba9ef6fd67b86a3622e5664707c8edb6d9b7da2e0b74dac0b87e1334a0339531,"{""d"":7,""p"":0.00046415888336127773,""r"":7}",
         2,         0,         0,   0.300,correlated_pymatching,ba9ef6fd67b86a3622e5664707c8edb6d9b7da2e0b74dac0b87e1334a0339531,"{""d"":7,""p"":0.00046415888336127773,""r"":7}",
         1,         0,         0,   0.304,correlated_pymatching,ba9ef6fd67b86a3622e5664707c8edb6d9b7da2e0b74dac0b87e1334a0339531,"{""d"":7,""p"":0.00046415888336127773,""r"":7}",
         2,         0,         0,   0.304,correlated_pymatching,ba9ef6fd67b86a3622e5664707c8edb6d9b7da2e0b74dac0b87e1334a0339531,"{""d"":7,""p"":0.00046415888336127773,""r"":7}",
         1,         0,         0,   0.308,correlated_pymatching,ba9ef6fd67b86a3622e5664707c8edb6d9b7da2e0b74dac0b87e1334a0339531,"{""d"":7,""p"":0.00046415888336127773,""r"":7}",
         1,         0,         0,   0.312,correlated_pymatching,ba9ef6fd67b86a3622e5664707c8edb6d9b7da2e0b74dac0b87e1334a0339531,"{""d"":7,""p"":0.00046415888336127773,""r"":7}",
         1,         0,         0,   0.304,correlated_pymatching,ba9ef6fd67b86a3622e5664707c8edb6d9b7da2e0b74dac0b87e1334a0339531,"{""d"":7,""p"":0.00046415888336127773,""r"":7}",
         1,         0,         0,   0.312,correlated_pymatching,ba9ef6fd67b86a3622e5664707c8edb6d9b7da2e0b74dac0b87e1334a0339531,"{""d"":7,""p"":0.00046415888336127773,""r"":7}",
         1,         0,         0,   0.304,correlated_pymatching,ba9ef6fd67b86a3622e5664707c8edb6d9b7da2e0b74dac0b87e1334a0339531,"{""d"":7,""p"":0.00046415888336127773,""r"":7}",
        32,         0,         0,   0.292,correlated_pymatching,ba9ef6fd67b86a3622e5664707c8edb6d9b7da2e0b74dac0b87e1334a0339531,"{""d"":7,""p"":0.00046415888336127773,""r"":7}",
        32,         0,         0,   0.300,correlated_pymatching,ba9ef6fd67b86a3622e5664707c8edb6d9b7da2e0b74dac0b87e1334a0339531,"{""d"":7,""p"":0.00046415888336127773,""r"":7}",
        32,         0,         0,   0.328,correlated_pymatching,ba9ef6fd67b86a3622e5664707c8edb6d9b7da2e0b74dac0b87e1334a0339531,"{""d"":7,""p"":0.00046415888336127773,""r"":7}",
         1,         0,         0,   0.483,correlated_pymatching,ba9ef6fd67b86a3622e5664707c8edb6d9b7da2e0b74dac0b87e1334a0339531,"{""d"":7,""p"":0.00046415888336127773,""r"":7}",
        16,         0,         0,   0.308,correlated_pymatching,ba9ef6fd67b86a3622e5664707c8edb6d9b7da2e0b74dac0b87e1334a0339531,"{""d"":7,""p"":0.00046415888336127773,""r"":7}",
         1,         0,         0,   0.492,correlated_pymatching,ba9ef6fd67b86a3622e5664707c8edb6d9b7da2e0b74dac0b87e1334a0339531,"{""d"":7,""p"":0.00046415888336127773,""r"":7}",
         4,         0,         0,   0.296,correlated_pymatching,ba9ef6fd67b86a3622e5664707c8edb6d9b7da2e0b74dac0b87e1334a0339531,"{""d"":7,""p"":0.00046415888336127773,""r"":7}",
         4,         0,         0,   0.300,correlated_pymatching,ba9ef6fd67b86a3622e5664707c8edb6d9b7da2e0b74dac0b87e1334a0339531,"{""d"":7,""p"":0.00046415888336127773,""r"":7}",
         4,         0,         0,   0.296,correlated_pymatching,ba9ef6fd67b86a3622e5664707c8edb6d9b7da2e0b74dac0b87e1334a0339531,"{""d"":7,""p"":0.00046415888336127773,""r"":7}",
         4,         0,         0,   0.296,correlated_pymatching,ba9ef6fd67b86a3622e5664707c8edb6d9b7da2e0b74dac0b87e1334a0339531,"{""d"":7,""p"":0.00046415888336127773,""r"":7}",
         2,         0,         0,   0.308,correlated_pymatching,ba9ef6fd67b86a3622e5664707c8edb6d9b7da2e0b74dac0b87e1334a0339531,"{""d"":7,""p"":0.00046415888336127773,""r"":7}",
         4,         0,         0,   0.300,correlated_pymatching,ba9ef6fd67b86a3622e5664707c8edb6d9b7da2e0b74dac0b87e1334a0339531,"{""d"":7,""p"":0.00046415888336127773,""r"":7}",
         2,         0,         0,   0.304,correlated_pymatching,ba9ef6fd67b86a3622e5664707c8edb6d9b7da2e0b74dac0b87e1334a0339531,"{""d"":7,""p"":0.00046415888336127773,""r"":7}",
         4,         0,         0,   0.308,correlated_pymatching,ba9ef6fd67b86a3622e5664707c8edb6d9b7da2e0b74dac0b87e1334a0339531,"{""d"":7,""p"":0.00046415888336127773,""r"":7}",
         1,         0,         0,   0.300,correlated_pymatching,ba9ef6fd67b86a3622e5664707c8edb6d9b7da2e0b74dac0b87e1334a0339531,"{""d"":7,""p"":0.00046415888336127773,""r"":7}",
         1,         0,         0,   0.308,correlated_pymatching,ba9ef6fd67b86a3622e5664707c8edb6d9b7da2e0b74dac0b87e1334a0339531,"{""d"":7,""p"":0.00046415888336127773,""r"":7}",
         2,         0,         0,   0.308,correlated_pymatching,ba9ef6fd67b86a3622e5664707c8edb6d9b7da2e0b74dac0b87e1334a0339531,"{""d"":7,""p"":0.00046415888336127773,""r"":7}",
         1,         0,         0,   0.304,correlated_pymatching,ba9ef6fd67b86a3622e5664707c8edb6d9b7da2e0b74dac0b87e1334a0339531,"{""d"":7,""p"":0.00046415888336127773,""r"":7}",
         1,         0,         0,   0.304,correlated_pymatching,ba9ef6fd67b86a3622e5664707c8edb6d9b7da2e0b74dac0b87e1334a0339531,"{""d"":7,""p"":0.00046415888336127773,""r"":7}",
         1,         0,         0,   0.308,correlated_pymatching,ba9ef6fd67b86a3622e5664707c8edb6d9b7da2e0b74dac0b87e1334a0339531,"{""d"":7,""p"":0.00046415888336127773,""r"":7}",
         1,         0,         0,   0.312,correlated_pymatching,ba9ef6fd67b86a3622e5664707c8edb6d9b7da2e0b74dac0b87e1334a0339531,"{""d"":7,""p"":0.00046415888336127773,""r"":7}",
      1280,         0,         0,    1.58,correlated_pymatching,ba9ef6fd67b86a3622e5664707c8edb6d9b7da2e0b74dac0b87e1334a0339531,"{""d"":7,""p"":0.00046415888336127773,""r"":7}",
      1280,         0,         0,    1.58,correlated_pymatching,ba9ef6fd67b86a3622e5664707c8edb6d9b7da2e0b74dac0b87e1334a0339531,"{""d"":7,""p"":0.00046415888336127773,""r"":7}",
        64,         0,         0,   0.300,correlated_pymatching,ba9ef6fd67b86a3622e5664707c8edb6d9b7da2e0b74dac0b87e1334a0339531,"{""d"":7,""p"":0.00046415888336127773,""r"":7}",
        64,         0,         0,   0.304,correlated_pymatching,ba9ef6fd67b86a3622e5664707c8edb6d9b7da2e0b74dac0b87e1334a0339531,"{""d"":7,""p"":0.00046415888336127773,""r"":7}",
        32,         0,         0,   0.300,correlated_pymatching,ba9ef6fd67b86a3622e5664707c8edb6d9b7da2e0b74dac0b87e1334a0339531,"{""d"":7,""p"":0.00046415888336127773,""r"":7}",
         8,         0,         0,   0.288,correlated_pymatching,ba9ef6fd67b86a3622e5664707c8edb6d9b7da2e0b74dac0b87e1334a0339531,"{""d"":7,""p"":0.00046415888336127773,""r"":7}",
         8,         0,         0,   0.296,correlated_pymatching,ba9ef6fd67b86a3622e5664707c8edb6d9b7da2e0b74dac0b87e1334a0339531,"{""d"":7,""p"":0.00046415888336127773,""r"":7}",
        16,         0,         0,   0.308,correlated_pymatching,ba9ef6fd67b86a3622e5664707c8edb6d9b7da2e0b74dac0b87e1334a0339531,"{""d"":7,""p"":0.00046415888336127773,""r"":7}",
         8,         0,         0,   0.295,correlated_pymatching,ba9ef6fd67b86a3622e5664707c8edb6d9b7da2e0b74dac0b87e1334a0339531,"{""d"":7,""p"":0.00046415888336127773,""r"":7}",
         8,         0,         0,   0.296,correlated_pymatching,ba9ef6fd67b86a3622e5664707c8edb6d9b7da2e0b74dac0b87e1334a0339531,"{""d"":7,""p"":0.00046415888336127773,""r"":7}",
         8,         0,         0,   0.296,correlated_pymatching,ba9ef6fd67b86a3622e5664707c8edb6d9b7da2e0b74dac0b87e1334a0339531,"{""d"":7,""p"":0.00046415888336127773,""r"":7}",
         2,         0,         0,   0.304,correlated_pymatching,ba9ef6fd67b86a3622e5664707c8edb6d9b7da2e0b74dac0b87e1334a0339531,"{""d"":7,""p"":0.00046415888336127773,""r"":7}",
         2,         0,         0,   0.304,correlated_pymatching,ba9ef6fd67b86a3622e5664707c8edb6d9b7da2e0b74dac0b87e1334a0339531,"{""d"":7,""p"":0.00046415888336127773,""r"":7}",
         4,         0,         0,   0.304,correlated_pymatching,ba9ef6fd67b86a3622e5664707c8edb6d9b7da2e0b74dac0b87e1334a0339531,"{""d"":7,""p"":0.00046415888336127773,""r"":7}",
         2,         0,         0,   0.304,correlated_pymatching,ba9ef6fd67b86a3622e5664707c8edb6d9b7da2e0b74dac0b87e1334a0339531,"{""d"":7,""p"":0.00046415888336127773,""r"":7}",
         2,         0,         0,   0.308,correlated_pymatching,ba9ef6fd67b86a3622e5664707c8edb6d9b7da2e0b74dac0b87e1334a0339531,"{""d"":7,""p"":0.00046415888336127773,""r"":7}",
         1,         0,         0,   0.312,correlated_pymatching,ba9ef6fd67b86a3622e5664707c8edb6d9b7da2e0b74dac0b87e1334a0339531,"{""d"":7,""p"":0.00046415888336127773,""r"":7}",
         1,         0,         0,   0.312,correlated_pymatching,ba9ef6fd67b86a3622e5664707c8edb6d9b7da2e0b74dac0b87e1334a0339531,"{""d"":7,""p"":0.00046415888336127773,""r"":7}",
         1,         0,         0,   0.308,correlated_pymatching,ba9ef6fd67b86a3622e5664707c8edb6d9b7da2e0b74dac0b87e1334a0339531,"{""d"":7,""p"":0.00046415888336127773,""r"":7}",
         1,         0,         0,   0.304,correlated_pymatching,ba9ef6fd67b86a3622e5664707c8edb6d9b7da2e0b74dac0b87e1334a0339531,"{""d"":7,""p"":0.00046415888336127773,""r"":7}",
         1,         0,         0,   0.308,correlated_pymatching,ba9ef6fd67b86a3622e5664707c8edb6d9b7da2e0b74dac0b87e1334a0339531,"{""d"":7,""p"":0.00046415888336127773,""r"":7}",
       384,         0,         0,    1.86,correlated_pymatching,ba9ef6fd67b86a3622e5664707c8edb6d9b7da2e0b74dac0b87e1334a0339531,"{""d"":7,""p"":0.00046415888336127773,""r"":7}",
         1,         0,         0,   0.488,correlated_pymatching,ba9ef6fd67b86a3622e5664707c8edb6d9b7da2e0b74dac0b87e1334a0339531,"{""d"":7,""p"":0.00046415888336127773,""r"":7}",
         1,         0,         0,   0.496,correlated_pymatching,ba9ef6fd67b86a3622e5664707c8edb6d9b7da2e0b74dac0b87e1334a0339531,"{""d"":7,""p"":0.00046415888336127773,""r"":7}",
       128,         0,         0,   0.304,correlated_pymatching,ba9ef6fd67b86a3622e5664707c8edb6d9b7da2e0b74dac0b87e1334a0339531,"{""d"":7,""p"":0.00046415888336127773,""r"":7}",
        64,         0,         0,   0.296,correlated_pymatching,ba9ef6fd67b86a3622e5664707c8edb6d9b7da2e0b74dac0b87e1334a0339531,"{""d"":7,""p"":0.00046415888336127773,""r"":7}",
        64,         0,         0,   0.300,correlated_pymatching,ba9ef6fd67b86a3622e5664707c8edb6d9b7da2e0b74dac0b87e1334a0339531,"{""d"":7,""p"":0.00046415888336127773,""r"":7}",
        16,         0,         0,   0.296,correlated_pymatching,ba9ef6fd67b86a3622e5664707c8edb6d9b7da2e0b74dac0b87e1334a0339531,"{""d"":7,""p"":0.00046415888336127773,""r"":7}",
        16,         0,         0,   0.296,correlated_pymatching,ba9ef6fd67b86a3622e5664707c8edb6d9b7da2e0b74dac0b87e1334a0339531,"{""d"":7,""p"":0.00046415888336127773,""r"":7}",
        16,         0,         0,   0.300,correlated_pymatching,ba9ef6fd67b86a3622e5664707c8edb6d9b7da2e0b74dac0b87e1334a0339531,"{""d"":7,""p"":0.00046415888336127773,""r"":7}",
        16,         0,         0,   0.300,correlated_pymatching,ba9ef6fd67b86a3622e5664707c8edb6d9b7da2e0b74dac0b87e1334a0339531,"{""d"":7,""p"":0.00046415888336127773,""r"":7}",
        16,         0,         0,   0.300,correlated_pymatching,ba9ef6fd67b86a3622e5664707c8edb6d9b7da2e0b74dac0b87e1334a0339531,"{""d"":7,""p"":0.00046415888336127773,""r"":7}",
        16,         0,         0,   0.293,correlated_pymatching,ba9ef6fd67b86a3622e5664707c8edb6d9b7da2e0b74dac0b87e1334a0339531,"{""d"":7,""p"":0.00046415888336127773,""r"":7}",
         2,         0,         0,   0.308,correlated_pymatching,ba9ef6fd67b86a3622e5664707c8edb6d9b7da2e0b74dac0b87e1334a0339531,"{""d"":7,""p"":0.00046415888336127773,""r"":7}",
         2,         0,         0,   0.304,correlated_pymatching,ba9ef6fd67b86a3622e5664707c8edb6d9b7da2e0b74dac0b87e1334a0339531,"{""d"":7,""p"":0.00046415888336127773,""r"":7}",
         4,         0,         0,   0.304,correlated_pymatching,ba9ef6fd67b86a3622e5664707c8edb6d9b7da2e0b74dac0b87e1334a0339531,"{""d"":7,""p"":0.00046415888336127773,""r"":7}",
         2,         0,         0,   0.304,correlated_pymatching,ba9ef6fd67b86a3622e5664707c8edb6d9b7da2e0b74dac0b87e1334a0339531,"{""d"":7,""p"":0.00046415888336127773,""r"":7}",
         2,         0,         0,   0.304,correlated_pymatching,ba9ef6fd67b86a3622e5664707c8edb6d9b7da2e0b74dac0b87e1334a0339531,"{""d"":7,""p"":0.00046415888336127773,""r"":7}",
         1,         0,         0,   0.304,correlated_pymatching,ba9ef6fd67b86a3622e5664707c8edb6d9b7da2e0b74dac0b87e1334a0339531,"{""d"":7,""p"":0.00046415888336127773,""r"":7}",
         1,         0,         0,   0.308,correlated_pymatching,ba9ef6fd67b86a3622e5664707c8edb6d9b7da2e0b74dac0b87e1334a0339531,"{""d"":7,""p"":0.00046415888336127773,""r"":7}",
         1,         0,         0,   0.304,correlated_pymatching,ba9ef6fd67b86a3622e5664707c8edb6d9b7da2e0b74dac0b87e1334a0339531,"{""d"":7,""p"":0.00046415888336127773,""r"":7}",
         1,         0,         0,   0.304,correlated_pymatching,ba9ef6fd67b86a3622e5664707c8edb6d9b7da2e0b74dac0b87e1334a0339531,"{""d"":7,""p"":0.00046415888336127773,""r"":7}",
         1,         0,         0,   0.304,correlated_pymatching,ba9ef6fd67b86a3622e5664707c8edb6d9b7da2e0b74dac0b87e1334a0339531,"{""d"":7,""p"":0.00046415888336127773,""r"":7}",
      5211,         0,         0,    2.26,correlated_pymatching,ba9ef6fd67b86a3622e5664707c8edb6d9b7da2e0b74dac0b87e1334a0339531,"{""d"":7,""p"":0.00046415888336127773,""r"":7}",
       128,         0,         0,   0.312,correlated_pymatching,ba9ef6fd67b86a3622e5664707c8edb6d9b7da2e0b74dac0b87e1334a0339531,"{""d"":7,""p"":0.00046415888336127773,""r"":7}",
       128,         0,         0,   0.308,correlated_pymatching,ba9ef6fd67b86a3622e5664707c8edb6d9b7da2e0b74dac0b87e1334a0339531,"{""d"":7,""p"":0.00046415888336127773,""r"":7}",
        32,         0,         0,   0.304,correlated_pymatching,ba9ef6fd67b86a3622e5664707c8edb6d9b7da2e0b74dac0b87e1334a0339531,"{""d"":7,""p"":0.00046415888336127773,""r"":7}",
        32,         0,         0,   0.296,correlated_pymatching,ba9ef6fd67b86a3622e5664707c8edb6d9b7da2e0b74dac0b87e1334a0339531,"{""d"":7,""p"":0.00046415888336127773,""r"":7}",
        32,         0,         0,   0.291,correlated_pymatching,ba9ef6fd67b86a3622e5664707c8edb6d9b7da2e0b74dac0b87e1334a0339531,"{""d"":7,""p"":0.00046415888336127773,""r"":7}",
        32,         0,         0,   0.296,correlated_pymatching,ba9ef6fd67b86a3622e5664707c8edb6d9b7da2e0b74dac0b87e1334a0339531,"{""d"":7,""p"":0.00046415888336127773,""r"":7}",
       128,         0,         0,   0.324,correlated_pymatching,ba9ef6fd67b86a3622e5664707c8edb6d9b7da2e0b74dac0b87e1334a0339531,"{""d"":7,""p"":0.00046415888336127773,""r"":7}",
        32,         0,         0,   0.300,correlated_pymatching,ba9ef6fd67b86a3622e5664707c8edb6d9b7da2e0b74dac0b87e1334a0339531,"{""d"":7,""p"":0.00046415888336127773,""r"":7}",
        32,         0,         0,   0.312,correlated_pymatching,ba9ef6fd67b86a3622e5664707c8edb6d9b7da2e0b74dac0b87e1334a0339531,"{""d"":7,""p"":0.00046415888336127773,""r"":7}",
         2,         0,         0,   0.304,correlated_pymatching,ba9ef6fd67b86a3622e5664707c8edb6d9b7da2e0b74dac0b87e1334a0339531,"{""d"":7,""p"":0.00046415888336127773,""r"":7}",
         2,         0,         0,   0.304,correlated_pymatching,ba9ef6fd67b86a3622e5664707c8edb6d9b7da2e0b74dac0b87e1334a0339531,"{""d"":7,""p"":0.00046415888336127773,""r"":7}",
         4,         0,         0,   0.304,correlated_pymatching,ba9ef6fd67b86a3622e5664707c8edb6d9b7da2e0b74dac0b87e1334a0339531,"{""d"":7,""p"":0.00046415888336127773,""r"":7}",
         2,         0,         0,   0.304,correlated_pymatching,ba9ef6fd67b86a3622e5664707c8edb6d9b7da2e0b74dac0b87e1334a0339531,"{""d"":7,""p"":0.00046415888336127773,""r"":7}",
         2,         0,         0,   0.308,correlated_pymatching,ba9ef6fd67b86a3622e5664707c8edb6d9b7da2e0b74dac0b87e1334a0339531,"{""d"":7,""p"":0.00046415888336127773,""r"":7}",
         1,         0,         0,   0.484,correlated_pymatching,ba9ef6fd67b86a3622e5664707c8edb6d9b7da2e0b74dac0b87e1334a0339531,"{""d"":7,""p"":0.00046415888336127773,""r"":7}",
         1,         0,         0,   0.308,correlated_pymatching,ba9ef6fd67b86a3622e5664707c8edb6d9b7da2e0b74dac0b87e1334a0339531,"{""d"":7,""p"":0.00046415888336127773,""r"":7}",
      5467,         0,         0,    2.26,correlated_pymatching,ba9ef6fd67b86a3622e5664707c8edb6d9b7da2e0b74dac0b87e1334a0339531,"{""d"":7,""p"":0.00046415888336127773,""r"":7}",
         1,         0,         0,   0.304,correlated_pymatching,ba9ef6fd67b86a3622e5664707c8edb6d9b7da2e0b74dac0b87e1334a0339531,"{""d"":7,""p"":0.00046415888336127773,""r"":7}",
         1,         0,         0,   0.308,correlated_pymatching,ba9ef6fd67b86a3622e5664707c8edb6d9b7da2e0b74dac0b87e1334a0339531,"{""d"":7,""p"":0.00046415888336127773,""r"":7}",
         1,         0,         0,   0.308,correlated_pymatching,ba9ef6fd67b86a3622e5664707c8edb6d9b7da2e0b74dac0b87e1334a0339531,"{""d"":7,""p"":0.00046415888336127773,""r"":7}",
         1,         0,         0,   0.308,correlated_pymatching,ba9ef6fd67b86a3622e5664707c8edb6d9b7da2e0b74dac0b87e1334a0339531,"{""d"":7,""p"":0.00046415888336127773,""r"":7}",
         1,         0,         0,   0.492,correlated_pymatching,ba9ef6fd67b86a3622e5664707c8edb6d9b7da2e0b74dac0b87e1334a0339531,"{""d"":7,""p"":0.00046415888336127773,""r"":7}",
       128,         0,         0,   0.300,correlated_pymatching,ba9ef6fd67b86a3622e5664707c8edb6d9b7da2e0b74dac0b87e1334a0339531,"{""d"":7,""p"":0.00046415888336127773,""r"":7}",
       128,         0,         0,   0.308,correlated_pymatching,ba9ef6fd67b86a3622e5664707c8edb6d9b7da2e0b74dac0b87e1334a0339531,"{""d"":7,""p"":0.00046415888336127773,""r"":7}",
        32,         0,         0,   0.296,correlated_pymatching,ba9ef6fd67b86a3622e5664707c8edb6d9b7da2e0b74dac0b87e1334a0339531,"{""d"":7,""p"":0.00046415888336127773,""r"":7}",
       128,         0,         0,   0.292,correlated_pymatching,ba9ef6fd67b86a3622e5664707c8edb6d9b7da2e0b74dac0b87e1334a0339531,"{""d"":7,""p"":0.00046415888336127773,""r"":7}",
        64,         0,         0,   0.304,correlated_pymatching,ba9ef6fd67b86a3622e5664707c8edb6d9b7da2e0b74dac0b87e1334a0339531,"{""d"":7,""p"":0.00046415888336127773,""r"":7}",
        32,         0,         0,   0.299,correlated_pymatching,ba9ef6fd67b86a3622e5664707c8edb6d9b7da2e0b74dac0b87e1334a0339531,"{""d"":7,""p"":0.00046415888336127773,""r"":7}",
        64,         0,         0,   0.311,correlated_pymatching,ba9ef6fd67b86a3622e5664707c8edb6d9b7da2e0b74dac0b87e1334a0339531,"{""d"":7,""p"":0.00046415888336127773,""r"":7}",
        64,         0,         0,   0.312,correlated_pymatching,ba9ef6fd67b86a3622e5664707c8edb6d9b7da2e0b74dac0b87e1334a0339531,"{""d"":7,""p"":0.00046415888336127773,""r"":7}",
        32,         0,         0,   0.308,correlated_pymatching,ba9ef6fd67b86a3622e5664707c8edb6d9b7da2e0b74dac0b87e1334a0339531,"{""d"":7,""p"":0.00046415888336127773,""r"":7}",
         2,         0,         0,   0.308,correlated_pymatching,ba9ef6fd67b86a3622e5664707c8edb6d9b7da2e0b74dac0b87e1334a0339531,"{""d"":7,""p"":0.00046415888336127773,""r"":7}",
         2,         0,         0,   0.304,correlated_pymatching,ba9ef6fd67b86a3622e5664707c8edb6d9b7da2e0b74dac0b87e1334a0339531,"{""d"":7,""p"":0.00046415888336127773,""r"":7}",
         4,         0,         0,   0.300,correlated_pymatching,ba9ef6fd67b86a3622e5664707c8edb6d9b7da2e0b74dac0b87e1334a0339531,"{""d"":7,""p"":0.00046415888336127773,""r"":7}",
         2,         0,         0,   0.308,correlated_pymatching,ba9ef6fd67b86a3622e5664707c8edb6d9b7da2e0b74dac0b87e1334a0339531,"{""d"":7,""p"":0.00046415888336127773,""r"":7}",
         2,         0,         0,   0.308,correlated_pymatching,ba9ef6fd67b86a3622e5664707c8edb6d9b7da2e0b74dac0b87e1334a0339531,"{""d"":7,""p"":0.00046415888336127773,""r"":7}",
         1,         0,         0,   0.308,correlated_pymatching,ba9ef6fd67b86a3622e5664707c8edb6d9b7da2e0b74dac0b87e1334a0339531,"{""d"":7,""p"":0.00046415888336127773,""r"":7}",
         1,         0,         0,   0.304,correlated_pymatching,ba9ef6fd67b86a3622e5664707c8edb6d9b7da2e0b74dac0b87e1334a0339531,"{""d"":7,""p"":0.00046415888336127773,""r"":7}",
         1,         0,         0,   0.300,correlated_pymatching,ba9ef6fd67b86a3622e5664707c8edb6d9b7da2e0b74dac0b87e1334a0339531,"{""d"":7,""p"":0.00046415888336127773,""r"":7}",
         1,         0,         0,   0.308,correlated_pymatching,ba9ef6fd67b86a3622e5664707c8edb6d9b7da2e0b74dac0b87e1334a0339531,"{""d"":7,""p"":0.00046415888336127773,""r"":7}",
         1,         0,         0,   0.304,correlated_pymatching,ba9ef6fd67b86a3622e5664707c8edb6d9b7da2e0b74dac0b87e1334a0339531,"{""d"":7,""p"":0.00046415888336127773,""r"":7}",
         1,         0,         0,   0.484,correlated_pymatching,ba9ef6fd67b86a3622e5664707c8edb6d9b7da2e0b74dac0b87e1334a0339531,"{""d"":7,""p"":0.00046415888336127773,""r"":7}",
         1,         0,         0,   0.500,correlated_pymatching,ba9ef6fd67b86a3622e5664707c8edb6d9b7da2e0b74dac0b87e1334a0339531,"{""d"":7,""p"":0.00046415888336127773,""r"":7}",
        64,         0,         0,   0.304,correlated_pymatching,ba9ef6fd67b86a3622e5664707c8edb6d9b7da2e0b74dac0b87e1334a0339531,"{""d"":7,""p"":0.00046415888336127773,""r"":7}",
        64,         0,         0,   0.300,correlated_pymatching,ba9ef6fd67b86a3622e5664707c8edb6d9b7da2e0b74dac0b87e1334a0339531,"{""d"":7,""p"":0.00046415888336127773,""r"":7}",
        64,         0,         0,   0.300,correlated_pymatching,ba9ef6fd67b86a3622e5664707c8edb6d9b7da2e0b74dac0b87e1334a0339531,"{""d"":7,""p"":0.00046415888336127773,""r"":7}",
        64,         0,         0,   0.295,correlated_pymatching,ba9ef6fd67b86a3622e5664707c8edb6d9b7da2e0b74dac0b87e1334a0339531,"{""d"":7,""p"":0.00046415888336127773,""r"":7}",
        64,         0,         0,   0.316,correlated_pymatching,ba9ef6fd67b86a3622e5664707c8edb6d9b7da2e0b74dac0b87e1334a0339531,"{""d"":7,""p"":0.00046415888336127773,""r"":7}",
         2,         0,         0,   0.300,correlated_pymatching,ba9ef6fd67b86a3622e5664707c8edb6d9b7da2e0b74dac0b87e1334a0339531,"{""d"":7,""p"":0.00046415888336127773,""r"":7}",
         8,         0,         0,   0.308,correlated_pymatching,ba9ef6fd67b86a3622e5664707c8edb6d9b7da2e0b74dac0b87e1334a0339531,"{""d"":7,""p"":0.00046415888336127773,""r"":7}",
         2,         0,         0,   0.304,correlated_pymatching,ba9ef6fd67b86a3622e5664707c8edb6d9b7da2e0b74dac0b87e1334a0339531,"{""d"":7,""p"":0.00046415888336127773,""r"":7}",
         2,         0,         0,   0.308,correlated_pymatching,ba9ef6fd67b86a3622e5664707c8edb6d9b7da2e0b74dac0b87e1334a0339531,"{""d"":7,""p"":0.00046415888336127773,""r"":7}",
         1,         0,         0,   0.304,correlated_pymatching,ba9ef6fd67b86a3622e5664707c8edb6d9b7da2e0b74dac0b87e1334a0339531,"{""d"":7,""p"":0.00046415888336127773,""r"":7}",
         1,         0,         0,   0.300,correlated_pymatching,ba9ef6fd67b86a3622e5664707c8edb6d9b7da2e0b74dac0b87e1334a0339531,"{""d"":7,""p"":0.00046415888336127773,""r"":7}",
         2,         0,         0,   0.304,correlated_pymatching,ba9ef6fd67b86a3622e5664707c8edb6d9b7da2e0b74dac0b87e1334a0339531,"{""d"":7,""p"":0.00046415888336127773,""r"":7}",
         1,         0,         0,   0.316,correlated_pymatching,ba9ef6fd67b86a3622e5664707c8edb6d9b7da2e0b74dac0b87e1334a0339531,"{""d"":7,""p"":0.00046415888336127773,""r"":7}",
         1,         0,         0,   0.312,correlated_pymatching,ba9ef6fd67b86a3622e5664707c8edb6d9b7da2e0b74dac0b87e1334a0339531,"{""d"":7,""p"":0.00046415888336127773,""r"":7}",
       512,         0,         0,   0.628,correlated_pymatching,ba9ef6fd67b86a3622e5664707c8edb6d9b7da2e0b74dac0b87e1334a0339531,"{""d"":7,""p"":0.00046415888336127773,""r"":7}",
       256,         0,         0,   0.612,correlated_pymatching,ba9ef6fd67b86a3622e5664707c8edb6d9b7da2e0b74dac0b87e1334a0339531,"{""d"":7,""p"":0.00046415888336127773,""r"":7}",
        64,         0,         0,   0.300,correlated_pymatching,ba9ef6fd67b86a3622e5664707c8edb6d9b7da2e0b74dac0b87e1334a0339531,"{""d"":7,""p"":0.00046415888336127773,""r"":7}",
       128,         0,         0,   0.308,correlated_pymatching,ba9ef6fd67b86a3622e5664707c8edb6d9b7da2e0b74dac0b87e1334a0339531,"{""d"":7,""p"":0.00046415888336127773,""r"":7}",
     10861,         0,         0,    4.26,correlated_pymatching,ba9ef6fd67b86a3622e5664707c8edb6d9b7da2e0b74dac0b87e1334a0339531,"{""d"":7,""p"":0.00046415888336127773,""r"":7}",
       128,         0,         0,   0.304,correlated_pymatching,ba9ef6fd67b86a3622e5664707c8edb6d9b7da2e0b74dac0b87e1334a0339531,"{""d"":7,""p"":0.00046415888336127773,""r"":7}",
       128,         0,         0,   0.308,correlated_pymatching,ba9ef6fd67b86a3622e5664707c8edb6d9b7da2e0b74dac0b87e1334a0339531,"{""d"":7,""p"":0.00046415888336127773,""r"":7}",
        64,         0,         0,   0.300,correlated_pymatching,ba9ef6fd67b86a3622e5664707c8edb6d9b7da2e0b74dac0b87e1334a0339531,"{""d"":7,""p"":0.00046415888336127773,""r"":7}",
       512,         0,         0,   0.640,correlated_pymatching,ba9ef6fd67b86a3622e5664707c8edb6d9b7da2e0b74dac0b87e1334a0339531,"{""d"":7,""p"":0.00046415888336127773,""r"":7}",
        64,         0,         0,   0.611,correlated_pymatching,ba9ef6fd67b86a3622e5664707c8edb6d9b7da2e0b74dac0b87e1334a0339531,"{""d"":7,""p"":0.00046415888336127773,""r"":7}",
         4,         0,         0,   0.308,correlated_pymatching,ba9ef6fd67b86a3622e5664707c8edb6d9b7da2e0b74dac0b87e1334a0339531,"{""d"":7,""p"":0.00046415888336127773,""r"":7}",
         4,         0,         0,   0.616,correlated_pymatching,ba9ef6fd67b86a3622e5664707c8edb6d9b7da2e0b74dac0b87e1334a0339531,"{""d"":7,""p"":0.00046415888336127773,""r"":7}",
         8,         0,         0,   0.304,correlated_pymatching,ba9ef6fd67b86a3622e5664707c8edb6d9b7da2e0b74dac0b87e1334a0339531,"{""d"":7,""p"":0.00046415888336127773,""r"":7}",
         2,         0,         0,   0.308,correlated_pymatching,ba9ef6fd67b86a3622e5664707c8edb6d9b7da2e0b74dac0b87e1334a0339531,"{""d"":7,""p"":0.00046415888336127773,""r"":7}",
         2,         0,         0,   0.308,correlated_pymatching,ba9ef6fd67b86a3622e5664707c8edb6d9b7da2e0b74dac0b87e1334a0339531,"{""d"":7,""p"":0.00046415888336127773,""r"":7}",
         1,         0,         0,   0.308,correlated_pymatching,ba9ef6fd67b86a3622e5664707c8edb6d9b7da2e0b74dac0b87e1334a0339531,"{""d"":7,""p"":0.00046415888336127773,""r"":7}",
         2,         0,         0,   0.308,correlated_pymatching,ba9ef6fd67b86a3622e5664707c8edb6d9b7da2e0b74dac0b87e1334a0339531,"{""d"":7,""p"":0.00046415888336127773,""r"":7}",
         1,         0,         0,   0.304,correlated_pymatching,ba9ef6fd67b86a3622e5664707c8edb6d9b7da2e0b74dac0b87e1334a0339531,"{""d"":7,""p"":0.00046415888336127773,""r"":7}",
         2,         0,         0,   0.312,correlated_pymatching,ba9ef6fd67b86a3622e5664707c8edb6d9b7da2e0b74dac0b87e1334a0339531,"{""d"":7,""p"":0.00046415888336127773,""r"":7}",
         1,         0,         0,   0.304,correlated_pymatching,ba9ef6fd67b86a3622e5664707c8edb6d9b7da2e0b74dac0b87e1334a0339531,"{""d"":7,""p"":0.00046415888336127773,""r"":7}",
         1,         0,         0,   0.480,correlated_pymatching,ba9ef6fd67b86a3622e5664707c8edb6d9b7da2e0b74dac0b87e1334a0339531,"{""d"":7,""p"":0.00046415888336127773,""r"":7}",
         1,         0,         0,   0.496,correlated_pymatching,ba9ef6fd67b86a3622e5664707c8edb6d9b7da2e0b74dac0b87e1334a0339531,"{""d"":7,""p"":0.00046415888336127773,""r"":7}",
     10861,         1,         0,    4.11,correlated_pymatching,ba9ef6fd67b86a3622e5664707c8edb6d9b7da2e0b74dac0b87e1334a0339531,"{""d"":7,""p"":0.00046415888336127773,""r"":7}","{""obs_mistake_mask=E"":1}"
       128,         0,         0,   0.300,correlated_pymatching,ba9ef6fd67b86a3622e5664707c8edb6d9b7da2e0b74dac0b87e1334a0339531,"{""d"":7,""p"":0.00046415888336127773,""r"":7}",
       128,         0,         0,   0.304,correlated_pymatching,ba9ef6fd67b86a3622e5664707c8edb6d9b7da2e0b74dac0b87e1334a0339531,"{""d"":7,""p"":0.00046415888336127773,""r"":7}",
       128,         0,         0,   0.308,correlated_pymatching,ba9ef6fd67b86a3622e5664707c8edb6d9b7da2e0b74dac0b87e1334a0339531,"{""d"":7,""p"":0.00046415888336127773,""r"":7}",
       128,         0,         0,   0.312,correlated_pymatching,ba9ef6fd67b86a3622e5664707c8edb6d9b7da2e0b74dac0b87e1334a0339531,"{""d"":7,""p"":0.00046415888336127773,""r"":7}",
       128,         0,         0,   0.308,correlated_pymatching,ba9ef6fd67b86a3622e5664707c8edb6d9b7da2e0b74dac0b87e1334a0339531,"{""d"":7,""p"":0.00046415888336127773,""r"":7}",
         4,         0,         0,   0.300,correlated_pymatching,ba9ef6fd67b86a3622e5664707c8edb6d9b7da2e0b74dac0b87e1334a0339531,"{""d"":7,""p"":0.00046415888336127773,""r"":7}",
         8,         0,         0,   0.308,correlated_pymatching,ba9ef6fd67b86a3622e5664707c8edb6d9b7da2e0b74dac0b87e1334a0339531,"{""d"":7,""p"":0.00046415888336127773,""r"":7}",
       705,         0,         0,   0.353,correlated_pymatching,ba9ef6fd67b86a3622e5664707c8edb6d9b7da2e0b74dac0b87e1334a0339531,"{""d"":7,""p"":0.00046415888336127773,""r"":7}",
         2,         0,         0,   0.308,correlated_pymatching,ba9ef6fd67b86a3622e5664707c8edb6d9b7da2e0b74dac0b87e1334a0339531,"{""d"":7,""p"":0.00046415888336127773,""r"":7}",
         1,         0,         0,   0.304,correlated_pymatching,ba9ef6fd67b86a3622e5664707c8edb6d9b7da2e0b74dac0b87e1334a0339531,"{""d"":7,""p"":0.00046415888336127773,""r"":7}",
         2,         0,         0,   0.308,correlated_pymatching,ba9ef6fd67b86a3622e5664707c8edb6d9b7da2e0b74dac0b87e1334a0339531,"{""d"":7,""p"":0.00046415888336127773,""r"":7}",
         2,         0,         0,   0.308,correlated_pymatching,ba9ef6fd67b86a3622e5664707c8edb6d9b7da2e0b74dac0b87e1334a0339531,"{""d"":7,""p"":0.00046415888336127773,""r"":7}",
         1,         0,         0,   0.312,correlated_pymatching,ba9ef6fd67b86a3622e5664707c8edb6d9b7da2e0b74dac0b87e1334a0339531,"{""d"":7,""p"":0.00046415888336127773,""r"":7}",
         2,         0,         0,   0.312,correlated_pymatching,ba9ef6fd67b86a3622e5664707c8edb6d9b7da2e0b74dac0b87e1334a0339531,"{""d"":7,""p"":0.00046415888336127773,""r"":7}",
         1,         0,         0,   0.308,correlated_pymatching,ba9ef6fd67b86a3622e5664707c8edb6d9b7da2e0b74dac0b87e1334a0339531,"{""d"":7,""p"":0.00046415888336127773,""r"":7}",
      1792,         0,         0,    2.20,correlated_pymatching,ba9ef6fd67b86a3622e5664707c8edb6d9b7da2e0b74dac0b87e1334a0339531,"{""d"":7,""p"":0.00046415888336127773,""r"":7}",
     10240,         0,         0,    3.88,correlated_pymatching,ba9ef6fd67b86a3622e5664707c8edb6d9b7da2e0b74dac0b87e1334a0339531,"{""d"":7,""p"":0.00046415888336127773,""r"":7}",
       591,         0,         0,   0.333,correlated_pymatching,ba9ef6fd67b86a3622e5664707c8edb6d9b7da2e0b74dac0b87e1334a0339531,"{""d"":7,""p"":0.00046415888336127773,""r"":7}",
      1792,         0,         0,    2.20,correlated_pymatching,ba9ef6fd67b86a3622e5664707c8edb6d9b7da2e0b74dac0b87e1334a0339531,"{""d"":7,""p"":0.00046415888336127773,""r"":7}",
     10240,         1,         0,    3.83,correlated_pymatching,ba9ef6fd67b86a3622e5664707c8edb6d9b7da2e0b74dac0b87e1334a0339531,"{""d"":7,""p"":0.00046415888336127773,""r"":7}","{""obs_mistake_mask=E"":1}"
       256,         0,         0,   0.612,correlated_pymatching,ba9ef6fd67b86a3622e5664707c8edb6d9b7da2e0b74dac0b87e1334a0339531,"{""d"":7,""p"":0.00046415888336127773,""r"":7}",
         1,         0,         0,   0.476,correlated_pymatching,ba9ef6fd67b86a3622e5664707c8edb6d9b7da2e0b74dac0b87e1334a0339531,"{""d"":7,""p"":0.00046415888336127773,""r"":7}",
       512,         0,         0,   0.640,correlated_pymatching,ba9ef6fd67b86a3622e5664707c8edb6d9b7da2e0b74dac0b87e1334a0339531,"{""d"":7,""p"":0.00046415888336127773,""r"":7}",
        64,         0,         0,   0.615,correlated_pymatching,ba9ef6fd67b86a3622e5664707c8edb6d9b7da2e0b74dac0b87e1334a0339531,"{""d"":7,""p"":0.00046415888336127773,""r"":7}",
         4,         0,         0,   0.611,correlated_pymatching,ba9ef6fd67b86a3622e5664707c8edb6d9b7da2e0b74dac0b87e1334a0339531,"{""d"":7,""p"":0.00046415888336127773,""r"":7}",
       512,         0,         0,   0.636,correlated_pymatching,ba9ef6fd67b86a3622e5664707c8edb6d9b7da2e0b74dac0b87e1334a0339531,"{""d"":7,""p"":0.00046415888336127773,""r"":7}",
         1,         0,         0,   0.512,correlated_pymatching,ba9ef6fd67b86a3622e5664707c8edb6d9b7da2e0b74dac0b87e1334a0339531,"{""d"":7,""p"":0.00046415888336127773,""r"":7}",
      9902,         0,         0,    3.88,correlated_pymatching,ba9ef6fd67b86a3622e5664707c8edb6d9b7da2e0b74dac0b87e1334a0339531,"{""d"":7,""p"":0.00046415888336127773,""r"":7}",
        30,         0,         0,   0.293,correlated_pymatching,ba9ef6fd67b86a3622e5664707c8edb6d9b7da2e0b74dac0b87e1334a0339531,"{""d"":7,""p"":0.00046415888336127773,""r"":7}",
        30,         0,         0,   0.294,correlated_pymatching,ba9ef6fd67b86a3622e5664707c8edb6d9b7da2e0b74dac0b87e1334a0339531,"{""d"":7,""p"":0.00046415888336127773,""r"":7}",
       256,         0,         0,   0.608,correlated_pymatching,ba9ef6fd67b86a3622e5664707c8edb6d9b7da2e0b74dac0b87e1334a0339531,"{""d"":7,""p"":0.00046415888336127773,""r"":7}",
       512,         0,         0,   0.640,correlated_pymatching,ba9ef6fd67b86a3622e5664707c8edb6d9b7da2e0b74dac0b87e1334a0339531,"{""d"":7,""p"":0.00046415888336127773,""r"":7}",
       256,         0,         0,   0.616,correlated_pymatching,ba9ef6fd67b86a3622e5664707c8edb6d9b7da2e0b74dac0b87e1334a0339531,"{""d"":7,""p"":0.00046415888336127773,""r"":7}",
       256,         0,         0,   0.616,correlated_pymatching,ba9ef6fd67b86a3622e5664707c8edb6d9b7da2e0b74dac0b87e1334a0339531,"{""d"":7,""p"":0.00046415888336127773,""r"":7}",
       256,         0,         0,   0.616,correlated_pymatching,ba9ef6fd67b86a3622e5664707c8edb6d9b7da2e0b74dac0b87e1334a0339531,"{""d"":7,""p"":0.00046415888336127773,""r"":7}",
        16,         0,         0,   0.612,correlated_pymatching,ba9ef6fd67b86a3622e5664707c8edb6d9b7da2e0b74dac0b87e1334a0339531,"{""d"":7,""p"":0.00046415888336127773,""r"":7}",
        16,         0,         0,   0.612,correlated_pymatching,ba9ef6fd67b86a3622e5664707c8edb6d9b7da2e0b74dac0b87e1334a0339531,"{""d"":7,""p"":0.00046415888336127773,""r"":7}",
         4,         0,         0,   0.628,correlated_pymatching,ba9ef6fd67b86a3622e5664707c8edb6d9b7da2e0b74dac0b87e1334a0339531,"{""d"":7,""p"":0.00046415888336127773,""r"":7}",
     10270,         0,         0,    4.22,correlated_pymatching,ba9ef6fd67b86a3622e5664707c8edb6d9b7da2e0b74dac0b87e1334a0339531,"{""d"":7,""p"":0.00046415888336127773,""r"":7}",
         2,         0,         0,   0.616,correlated_pymatching,ba9ef6fd67b86a3622e5664707c8edb6d9b7da2e0b74dac0b87e1334a0339531,"{""d"":7,""p"":0.00046415888336127773,""r"":7}",
         2,         0,         0,   0.616,correlated_pymatching,ba9ef6fd67b86a3622e5664707c8edb6d9b7da2e0b74dac0b87e1334a0339531,"{""d"":7,""p"":0.00046415888336127773,""r"":7}",
         4,         0,         0,   0.632,correlated_pymatching,ba9ef6fd67b86a3622e5664707c8edb6d9b7da2e0b74dac0b87e1334a0339531,"{""d"":7,""p"":0.00046415888336127773,""r"":7}",
         4,         0,         0,   0.628,correlated_pymatching,ba9ef6fd67b86a3622e5664707c8edb6d9b7da2e0b74dac0b87e1334a0339531,"{""d"":7,""p"":0.00046415888336127773,""r"":7}",
         3,         0,         0,   0.636,correlated_pymatching,ba9ef6fd67b86a3622e5664707c8edb6d9b7da2e0b74dac0b87e1334a0339531,"{""d"":7,""p"":0.00046415888336127773,""r"":7}",
         4,         0,         0,   0.620,correlated_pymatching,ba9ef6fd67b86a3622e5664707c8edb6d9b7da2e0b74dac0b87e1334a0339531,"{""d"":7,""p"":0.00046415888336127773,""r"":7}",
         1,         0,         0,   0.480,correlated_pymatching,ba9ef6fd67b86a3622e5664707c8edb6d9b7da2e0b74dac0b87e1334a0339531,"{""d"":7,""p"":0.00046415888336127773,""r"":7}",
       512,         0,         0,    2.47,correlated_pymatching,ba9ef6fd67b86a3622e5664707c8edb6d9b7da2e0b74dac0b87e1334a0339531,"{""d"":7,""p"":0.00046415888336127773,""r"":7}",
         1,         0,         0,   0.487,correlated_pymatching,ba9ef6fd67b86a3622e5664707c8edb6d9b7da2e0b74dac0b87e1334a0339531,"{""d"":7,""p"":0.00046415888336127773,""r"":7}",
       368,         0,         0,   0.336,correlated_pymatching,ba9ef6fd67b86a3622e5664707c8edb6d9b7da2e0b74dac0b87e1334a0339531,"{""d"":7,""p"":0.00046415888336127773,""r"":7}",
       202,         0,         0,   0.320,correlated_pymatching,ba9ef6fd67b86a3622e5664707c8edb6d9b7da2e0b74dac0b87e1334a0339531,"{""d"":7,""p"":0.00046415888336127773,""r"":7}",
       384,         0,         0,   0.915,correlated_pymatching,ba9ef6fd67b86a3622e5664707c8edb6d9b7da2e0b74dac0b87e1334a0339531,"{""d"":7,""p"":0.00046415888336127773,""r"":7}",
       256,         0,         0,   0.607,correlated_pymatching,ba9ef6fd67b86a3622e5664707c8edb6d9b7da2e0b74dac0b87e1334a0339531,"{""d"":7,""p"":0.00046415888336127773,""r"":7}",
        16,         0,         0,   0.612,correlated_pymatching,ba9ef6fd67b86a3622e5664707c8edb6d9b7da2e0b74dac0b87e1334a0339531,"{""d"":7,""p"":0.00046415888336127773,""r"":7}",
       256,         0,         0,   0.624,correlated_pymatching,ba9ef6fd67b86a3622e5664707c8edb6d9b7da2e0b74dac0b87e1334a0339531,"{""d"":7,""p"":0.00046415888336127773,""r"":7}",
         1,         0,         0,   0.484,correlated_pymatching,ba9ef6fd67b86a3622e5664707c8edb6d9b7da2e0b74dac0b87e1334a0339531,"{""d"":7,""p"":0.00046415888336127773,""r"":7}",
       256,         0,         0,   0.644,correlated_pymatching,ba9ef6fd67b86a3622e5664707c8edb6d9b7da2e0b74dac0b87e1334a0339531,"{""d"":7,""p"":0.00046415888336127773,""r"":7}",
       768,         0,         0,   0.968,correlated_pymatching,ba9ef6fd67b86a3622e5664707c8edb6d9b7da2e0b74dac0b87e1334a0339531,"{""d"":7,""p"":0.00046415888336127773,""r"":7}",
       256,         0,         0,   0.636,correlated_pymatching,ba9ef6fd67b86a3622e5664707c8edb6d9b7da2e0b74dac0b87e1334a0339531,"{""d"":7,""p"":0.00046415888336127773,""r"":7}",
       512,         0,         0,   0.652,correlated_pymatching,ba9ef6fd67b86a3622e5664707c8edb6d9b7da2e0b74dac0b87e1334a0339531,"{""d"":7,""p"":0.00046415888336127773,""r"":7}",
        16,         0,         0,   0.636,correlated_pymatching,ba9ef6fd67b86a3622e5664707c8edb6d9b7da2e0b74dac0b87e1334a0339531,"{""d"":7,""p"":0.00046415888336127773,""r"":7}",
         6,         0,         0,   0.603,correlated_pymatching,ba9ef6fd67b86a3622e5664707c8edb6d9b7da2e0b74dac0b87e1334a0339531,"{""d"":7,""p"":0.00046415888336127773,""r"":7}",
         6,         0,         0,   0.955,correlated_pymatching,ba9ef6fd67b86a3622e5664707c8edb6d9b7da2e0b74dac0b87e1334a0339531,"{""d"":7,""p"":0.00046415888336127773,""r"":7}",
        96,         0,         0,   0.971,correlated_pymatching,ba9ef6fd67b86a3622e5664707c8edb6d9b7da2e0b74dac0b87e1334a0339531,"{""d"":7,""p"":0.00046415888336127773,""r"":7}",
       768,         0,         0,   0.955,correlated_pymatching,ba9ef6fd67b86a3622e5664707c8edb6d9b7da2e0b74dac0b87e1334a0339531,"{""d"":7,""p"":0.00046415888336127773,""r"":7}",
         2,         0,         0,   0.611,correlated_pymatching,ba9ef6fd67b86a3622e5664707c8edb6d9b7da2e0b74dac0b87e1334a0339531,"{""d"":7,""p"":0.00046415888336127773,""r"":7}",
         4,         0,         0,   0.607,correlated_pymatching,ba9ef6fd67b86a3622e5664707c8edb6d9b7da2e0b74dac0b87e1334a0339531,"{""d"":7,""p"":0.00046415888336127773,""r"":7}",
         4,         0,         0,   0.615,correlated_pymatching,ba9ef6fd67b86a3622e5664707c8edb6d9b7da2e0b74dac0b87e1334a0339531,"{""d"":7,""p"":0.00046415888336127773,""r"":7}",
         4,         0,         0,   0.620,correlated_pymatching,ba9ef6fd67b86a3622e5664707c8edb6d9b7da2e0b74dac0b87e1334a0339531,"{""d"":7,""p"":0.00046415888336127773,""r"":7}",
         4,         0,         0,   0.620,correlated_pymatching,ba9ef6fd67b86a3622e5664707c8edb6d9b7da2e0b74dac0b87e1334a0339531,"{""d"":7,""p"":0.00046415888336127773,""r"":7}",
         2,         0,         0,   0.624,correlated_pymatching,ba9ef6fd67b86a3622e5664707c8edb6d9b7da2e0b74dac0b87e1334a0339531,"{""d"":7,""p"":0.00046415888336127773,""r"":7}",
         1,         0,         0,   0.496,correlated_pymatching,ba9ef6fd67b86a3622e5664707c8edb6d9b7da2e0b74dac0b87e1334a0339531,"{""d"":7,""p"":0.00046415888336127773,""r"":7}",
         1,         0,         0,   0.471,correlated_pymatching,ba9ef6fd67b86a3622e5664707c8edb6d9b7da2e0b74dac0b87e1334a0339531,"{""d"":7,""p"":0.00046415888336127773,""r"":7}",
         1,         0,         0,   0.496,correlated_pymatching,ba9ef6fd67b86a3622e5664707c8edb6d9b7da2e0b74dac0b87e1334a0339531,"{""d"":7,""p"":0.00046415888336127773,""r"":7}",
      8365,         0,         0,    3.47,correlated_pymatching,ba9ef6fd67b86a3622e5664707c8edb6d9b7da2e0b74dac0b87e1334a0339531,"{""d"":7,""p"":0.00046415888336127773,""r"":7}",
       640,         0,         0,   0.939,correlated_pymatching,ba9ef6fd67b86a3622e5664707c8edb6d9b7da2e0b74dac0b87e1334a0339531,"{""d"":7,""p"":0.00046415888336127773,""r"":7}",
        40,         0,         0,   0.907,correlated_pymatching,ba9ef6fd67b86a3622e5664707c8edb6d9b7da2e0b74dac0b87e1334a0339531,"{""d"":7,""p"":0.00046415888336127773,""r"":7}",
       640,         0,         0,   0.923,correlated_pymatching,ba9ef6fd67b86a3622e5664707c8edb6d9b7da2e0b74dac0b87e1334a0339531,"{""d"":7,""p"":0.00046415888336127773,""r"":7}",
       384,         0,         0,   0.923,correlated_pymatching,ba9ef6fd67b86a3622e5664707c8edb6d9b7da2e0b74dac0b87e1334a0339531,"{""d"":7,""p"":0.00046415888336127773,""r"":7}",
       640,         0,         0,   0.927,correlated_pymatching,ba9ef6fd67b86a3622e5664707c8edb6d9b7da2e0b74dac0b87e1334a0339531,"{""d"":7,""p"":0.00046415888336127773,""r"":7}",
         1,         0,         0,   0.480,correlated_pymatching,ba9ef6fd67b86a3622e5664707c8edb6d9b7da2e0b74dac0b87e1334a0339531,"{""d"":7,""p"":0.00046415888336127773,""r"":7}",
        24,         0,         0,   0.919,correlated_pymatching,ba9ef6fd67b86a3622e5664707c8edb6d9b7da2e0b74dac0b87e1334a0339531,"{""d"":7,""p"":0.00046415888336127773,""r"":7}",
       768,         0,         0,   0.955,correlated_pymatching,ba9ef6fd67b86a3622e5664707c8edb6d9b7da2e0b74dac0b87e1334a0339531,"{""d"":7,""p"":0.00046415888336127773,""r"":7}",
         6,         0,         0,   0.911,correlated_pymatching,ba9ef6fd67b86a3622e5664707c8edb6d9b7da2e0b74dac0b87e1334a0339531,"{""d"":7,""p"":0.00046415888336127773,""r"":7}",
        12,         0,         0,   0.931,correlated_pymatching,ba9ef6fd67b86a3622e5664707c8edb6d9b7da2e0b74dac0b87e1334a0339531,"{""d"":7,""p"":0.00046415888336127773,""r"":7}",
         3,         0,         0,   0.920,correlated_pymatching,ba9ef6fd67b86a3622e5664707c8edb6d9b7da2e0b74dac0b87e1334a0339531,"{""d"":7,""p"":0.00046415888336127773,""r"":7}",
         6,         0,         0,   0.924,correlated_pymatching,ba9ef6fd67b86a3622e5664707c8edb6d9b7da2e0b74dac0b87e1334a0339531,"{""d"":7,""p"":0.00046415888336127773,""r"":7}",
         6,         0,         0,   0.920,correlated_pymatching,ba9ef6fd67b86a3622e5664707c8edb6d9b7da2e0b74dac0b87e1334a0339531,"{""d"":7,""p"":0.00046415888336127773,""r"":7}",
         6,         0,         0,   0.927,correlated_pymatching,ba9ef6fd67b86a3622e5664707c8edb6d9b7da2e0b74dac0b87e1334a0339531,"{""d"":7,""p"":0.00046415888336127773,""r"":7}",
         3,         0,         0,   0.928,correlated_pymatching,ba9ef6fd67b86a3622e5664707c8edb6d9b7da2e0b74dac0b87e1334a0339531,"{""d"":7,""p"":0.00046415888336127773,""r"":7}",
         1,         0,         0,   0.492,correlated_pymatching,ba9ef6fd67b86a3622e5664707c8edb6d9b7da2e0b74dac0b87e1334a0339531,"{""d"":7,""p"":0.00046415888336127773,""r"":7}",
      8737,         0,         0,    3.50,correlated_pymatching,ba9ef6fd67b86a3622e5664707c8edb6d9b7da2e0b74dac0b87e1334a0339531,"{""d"":7,""p"":0.00046415888336127773,""r"":7}",
       768,         0,         0,    1.25,correlated_pymatching,ba9ef6fd67b86a3622e5664707c8edb6d9b7da2e0b74dac0b87e1334a0339531,"{""d"":7,""p"":0.00046415888336127773,""r"":7}",
       562,         0,         0,   0.346,correlated_pymatching,ba9ef6fd67b86a3622e5664707c8edb6d9b7da2e0b74dac0b87e1334a0339531,"{""d"":7,""p"":0.00046415888336127773,""r"":7}",
         8,         0,         0,    1.24,correlated_pymatching,ba9ef6fd67b86a3622e5664707c8edb6d9b7da2e0b74dac0b87e1334a0339531,"{""d"":7,""p"":0.00046415888336127773,""r"":7}",
       128,         0,         0,    1.24,correlated_pymatching,ba9ef6fd67b86a3622e5664707c8edb6d9b7da2e0b74dac0b87e1334a0339531,"{""d"":7,""p"":0.00046415888336127773,""r"":7}",
      1024,         0,         0,    1.29,correlated_pymatching,ba9ef6fd67b86a3622e5664707c8edb6d9b7da2e0b74dac0b87e1334a0339531,"{""d"":7,""p"":0.00046415888336127773,""r"":7}",
      1024,         0,         0,    1.26,correlated_pymatching,ba9ef6fd67b86a3622e5664707c8edb6d9b7da2e0b74dac0b87e1334a0339531,"{""d"":7,""p"":0.00046415888336127773,""r"":7}",
         1,         0,         0,   0.479,correlated_pymatching,ba9ef6fd67b86a3622e5664707c8edb6d9b7da2e0b74dac0b87e1334a0339531,"{""d"":7,""p"":0.00046415888336127773,""r"":7}",
         1,         0,         0,   0.504,correlated_pymatching,ba9ef6fd67b86a3622e5664707c8edb6d9b7da2e0b74dac0b87e1334a0339531,"{""d"":7,""p"":0.00046415888336127773,""r"":7}",
      7956,         0,         0,    3.15,correlated_pymatching,ba9ef6fd67b86a3622e5664707c8edb6d9b7da2e0b74dac0b87e1334a0339531,"{""d"":7,""p"":0.00046415888336127773,""r"":7}",
      7458,         0,         0,    2.97,correlated_pymatching,ba9ef6fd67b86a3622e5664707c8edb6d9b7da2e0b74dac0b87e1334a0339531,"{""d"":7,""p"":0.00046415888336127773,""r"":7}",
      2560,         0,         0,    3.15,correlated_pymatching,ba9ef6fd67b86a3622e5664707c8edb6d9b7da2e0b74dac0b87e1334a0339531,"{""d"":7,""p"":0.00046415888336127773,""r"":7}",
        64,         0,         0,    1.24,correlated_pymatching,ba9ef6fd67b86a3622e5664707c8edb6d9b7da2e0b74dac0b87e1334a0339531,"{""d"":7,""p"":0.00046415888336127773,""r"":7}",
       512,         0,         0,    1.23,correlated_pymatching,ba9ef6fd67b86a3622e5664707c8edb6d9b7da2e0b74dac0b87e1334a0339531,"{""d"":7,""p"":0.00046415888336127773,""r"":7}",
      2560,         0,         0,    3.17,correlated_pymatching,ba9ef6fd67b86a3622e5664707c8edb6d9b7da2e0b74dac0b87e1334a0339531,"{""d"":7,""p"":0.00046415888336127773,""r"":7}",
      1024,         0,         0,    1.27,correlated_pymatching,ba9ef6fd67b86a3622e5664707c8edb6d9b7da2e0b74dac0b87e1334a0339531,"{""d"":7,""p"":0.00046415888336127773,""r"":7}",
        32,         0,         0,    1.22,correlated_pymatching,ba9ef6fd67b86a3622e5664707c8edb6d9b7da2e0b74dac0b87e1334a0339531,"{""d"":7,""p"":0.00046415888336127773,""r"":7}",
      1024,         0,         0,    1.26,correlated_pymatching,ba9ef6fd67b86a3622e5664707c8edb6d9b7da2e0b74dac0b87e1334a0339531,"{""d"":7,""p"":0.00046415888336127773,""r"":7}",
        16,         0,         0,    1.23,correlated_pymatching,ba9ef6fd67b86a3622e5664707c8edb6d9b7da2e0b74dac0b87e1334a0339531,"{""d"":7,""p"":0.00046415888336127773,""r"":7}",
      1024,         0,         0,    1.27,correlated_pymatching,ba9ef6fd67b86a3622e5664707c8edb6d9b7da2e0b74dac0b87e1334a0339531,"{""d"":7,""p"":0.00046415888336127773,""r"":7}",
        16,         0,         0,    1.24,correlated_pymatching,ba9ef6fd67b86a3622e5664707c8edb6d9b7da2e0b74dac0b87e1334a0339531,"{""d"":7,""p"":0.00046415888336127773,""r"":7}",
         8,         0,         0,    1.22,correlated_pymatching,ba9ef6fd67b86a3622e5664707c8edb6d9b7da2e0b74dac0b87e1334a0339531,"{""d"":7,""p"":0.00046415888336127773,""r"":7}",
         8,         0,         0,    1.23,correlated_pymatching,ba9ef6fd67b86a3622e5664707c8edb6d9b7da2e0b74dac0b87e1334a0339531,"{""d"":7,""p"":0.00046415888336127773,""r"":7}",
         4,         0,         0,    1.24,correlated_pymatching,ba9ef6fd67b86a3622e5664707c8edb6d9b7da2e0b74dac0b87e1334a0339531,"{""d"":7,""p"":0.00046415888336127773,""r"":7}",
         8,         0,         0,    1.23,correlated_pymatching,ba9ef6fd67b86a3622e5664707c8edb6d9b7da2e0b74dac0b87e1334a0339531,"{""d"":7,""p"":0.00046415888336127773,""r"":7}",
      1024,         0,         0,    1.27,correlated_pymatching,ba9ef6fd67b86a3622e5664707c8edb6d9b7da2e0b74dac0b87e1334a0339531,"{""d"":7,""p"":0.00046415888336127773,""r"":7}",
         4,         0,         0,    1.24,correlated_pymatching,ba9ef6fd67b86a3622e5664707c8edb6d9b7da2e0b74dac0b87e1334a0339531,"{""d"":7,""p"":0.00046415888336127773,""r"":7}",
       293,         0,         0,   0.323,correlated_pymatching,ba9ef6fd67b86a3622e5664707c8edb6d9b7da2e0b74dac0b87e1334a0339531,"{""d"":7,""p"":0.00046415888336127773,""r"":7}",
       358,         0,         0,   0.307,correlated_pymatching,ba9ef6fd67b86a3622e5664707c8edb6d9b7da2e0b74dac0b87e1334a0339531,"{""d"":7,""p"":0.00046415888336127773,""r"":7}",
      7168,         0,         0,    2.73,correlated_pymatching,ba9ef6fd67b86a3622e5664707c8edb6d9b7da2e0b74dac0b87e1334a0339531,"{""d"":7,""p"":0.00046415888336127773,""r"":7}",
      7225,         0,         0,    3.03,correlated_pymatching,ba9ef6fd67b86a3622e5664707c8edb6d9b7da2e0b74dac0b87e1334a0339531,"{""d"":7,""p"":0.00046415888336127773,""r"":7}",
         2,         0,         0,   0.960,correlated_pymatching,ba9ef6fd67b86a3622e5664707c8edb6d9b7da2e0b74dac0b87e1334a0339531,"{""d"":7,""p"":0.00046415888336127773,""r"":7}",
      7225,         0,         0,    3.04,correlated_pymatching,ba9ef6fd67b86a3622e5664707c8edb6d9b7da2e0b74dac0b87e1334a0339531,"{""d"":7,""p"":0.00046415888336127773,""r"":7}",
         2,         0,         0,   0.983,correlated_pymatching,ba9ef6fd67b86a3622e5664707c8edb6d9b7da2e0b74dac0b87e1334a0339531,"{""d"":7,""p"":0.00046415888336127773,""r"":7}",
      1088,         0,         0,    3.09,correlated_pymatching,ba9ef6fd67b86a3622e5664707c8edb6d9b7da2e0b74dac0b87e1334a0339531,"{""d"":7,""p"":0.00046415888336127773,""r"":7}",
      7225,         0,         0,    3.01,correlated_pymatching,ba9ef6fd67b86a3622e5664707c8edb6d9b7da2e0b74dac0b87e1334a0339531,"{""d"":7,""p"":0.00046415888336127773,""r"":7}",
        57,         0,         0,   0.298,correlated_pymatching,ba9ef6fd67b86a3622e5664707c8edb6d9b7da2e0b74dac0b87e1334a0339531,"{""d"":7,""p"":0.00046415888336127773,""r"":7}",
       357,         0,         0,   0.319,correlated_pymatching,ba9ef6fd67b86a3622e5664707c8edb6d9b7da2e0b74dac0b87e1334a0339531,"{""d"":7,""p"":0.00046415888336127773,""r"":7}",
      1280,         0,         0,    1.58,correlated_pymatching,ba9ef6fd67b86a3622e5664707c8edb6d9b7da2e0b74dac0b87e1334a0339531,"{""d"":7,""p"":0.00046415888336127773,""r"":7}",
      1280,         0,         0,    1.58,correlated_pymatching,ba9ef6fd67b86a3622e5664707c8edb6d9b7da2e0b74dac0b87e1334a0339531,"{""d"":7,""p"":0.00046415888336127773,""r"":7}",
      1280,         0,         0,    1.58,correlated_pymatching,ba9ef6fd67b86a3622e5664707c8edb6d9b7da2e0b74dac0b87e1334a0339531,"{""d"":7,""p"":0.00046415888336127773,""r"":7}",
       558,         0,         0,   0.334,correlated_pymatching,ba9ef6fd67b86a3622e5664707c8edb6d9b7da2e0b74dac0b87e1334a0339531,"{""d"":7,""p"":0.00046415888336127773,""r"":7}",
        12,         0,         0,    1.85,correlated_pymatching,ba9ef6fd67b86a3622e5664707c8edb6d9b7da2e0b74dac0b87e1334a0339531,"{""d"":7,""p"":0.00046415888336127773,""r"":7}",
       192,         0,         0,    1.86,correlated_pymatching,ba9ef6fd67b86a3622e5664707c8edb6d9b7da2e0b74dac0b87e1334a0339531,"{""d"":7,""p"":0.00046415888336127773,""r"":7}",
         2,         0,         0,   0.967,correlated_pymatching,ba9ef6fd67b86a3622e5664707c8edb6d9b7da2e0b74dac0b87e1334a0339531,"{""d"":7,""p"":0.00046415888336127773,""r"":7}",
         2,         0,         0,   0.975,correlated_pymatching,ba9ef6fd67b86a3622e5664707c8edb6d9b7da2e0b74dac0b87e1334a0339531,"{""d"":7,""p"":0.00046415888336127773,""r"":7}",
      5987,         0,         0,    2.34,correlated_pymatching,ba9ef6fd67b86a3622e5664707c8edb6d9b7da2e0b74dac0b87e1334a0339531,"{""d"":7,""p"":0.00046415888336127773,""r"":7}",
      1280,         0,         0,    1.58,correlated_pymatching,ba9ef6fd67b86a3622e5664707c8edb6d9b7da2e0b74dac0b87e1334a0339531,"{""d"":7,""p"":0.00046415888336127773,""r"":7}",
      1280,         0,         0,    1.58,correlated_pymatching,ba9ef6fd67b86a3622e5664707c8edb6d9b7da2e0b74dac0b87e1334a0339531,"{""d"":7,""p"":0.00046415888336127773,""r"":7}",
      1280,         0,         0,    1.58,correlated_pymatching,ba9ef6fd67b86a3622e5664707c8edb6d9b7da2e0b74dac0b87e1334a0339531,"{""d"":7,""p"":0.00046415888336127773,""r"":7}",
      1280,         0,         0,    1.58,correlated_pymatching,ba9ef6fd67b86a3622e5664707c8edb6d9b7da2e0b74dac0b87e1334a0339531,"{""d"":7,""p"":0.00046415888336127773,""r"":7}",
      6213,         0,         0,    2.64,correlated_pymatching,ba9ef6fd67b86a3622e5664707c8edb6d9b7da2e0b74dac0b87e1334a0339531,"{""d"":7,""p"":0.00046415888336127773,""r"":7}",
       224,         0,         0,    1.82,correlated_pymatching,ba9ef6fd67b86a3622e5664707c8edb6d9b7da2e0b74dac0b87e1334a0339531,"{""d"":7,""p"":0.00046415888336127773,""r"":7}",
       768,         0,         0,    1.83,correlated_pymatching,ba9ef6fd67b86a3622e5664707c8edb6d9b7da2e0b74dac0b87e1334a0339531,"{""d"":7,""p"":0.00046415888336127773,""r"":7}",
        48,         0,         0,    1.83,correlated_pymatching,ba9ef6fd67b86a3622e5664707c8edb6d9b7da2e0b74dac0b87e1334a0339531,"{""d"":7,""p"":0.00046415888336127773,""r"":7}",
       604,         0,         0,   0.343,correlated_pymatching,ba9ef6fd67b86a3622e5664707c8edb6d9b7da2e0b74dac0b87e1334a0339531,"{""d"":7,""p"":0.00046415888336127773,""r"":7}",
        36,         0,         0,    1.83,correlated_pymatching,ba9ef6fd67b86a3622e5664707c8edb6d9b7da2e0b74dac0b87e1334a0339531,"{""d"":7,""p"":0.00046415888336127773,""r"":7}",
        28,         0,         0,    1.83,correlated_pymatching,ba9ef6fd67b86a3622e5664707c8edb6d9b7da2e0b74dac0b87e1334a0339531,"{""d"":7,""p"":0.00046415888336127773,""r"":7}",
        22,         0,         0,    1.83,correlated_pymatching,ba9ef6fd67b86a3622e5664707c8edb6d9b7da2e0b74dac0b87e1334a0339531,"{""d"":7,""p"":0.00046415888336127773,""r"":7}",
         6,         0,         0,    1.83,correlated_pymatching,ba9ef6fd67b86a3622e5664707c8edb6d9b7da2e0b74dac0b87e1334a0339531,"{""d"":7,""p"":0.00046415888336127773,""r"":7}",
        16,         0,         0,    1.84,correlated_pymatching,ba9ef6fd67b86a3622e5664707c8edb6d9b7da2e0b74dac0b87e1334a0339531,"{""d"":7,""p"":0.00046415888336127773,""r"":7}",
        12,         0,         0,    1.85,correlated_pymatching,ba9ef6fd67b86a3622e5664707c8edb6d9b7da2e0b74dac0b87e1334a0339531,"{""d"":7,""p"":0.00046415888336127773,""r"":7}",
         6,         0,         0,    1.85,correlated_pymatching,ba9ef6fd67b86a3622e5664707c8edb6d9b7da2e0b74dac0b87e1334a0339531,"{""d"":7,""p"":0.00046415888336127773,""r"":7}",
       632,         0,         0,   0.347,correlated_pymatching,ba9ef6fd67b86a3622e5664707c8edb6d9b7da2e0b74dac0b87e1334a0339531,"{""d"":7,""p"":0.00046415888336127773,""r"":7}",
      5022,         0,         0,    1.89,correlated_pymatching,ba9ef6fd67b86a3622e5664707c8edb6d9b7da2e0b74dac0b87e1334a0339531,"{""d"":7,""p"":0.00046415888336127773,""r"":7}",
      5029,         0,         0,    1.93,correlated_pymatching,ba9ef6fd67b86a3622e5664707c8edb6d9b7da2e0b74dac0b87e1334a0339531,"{""d"":7,""p"":0.00046415888336127773,""r"":7}",
      4940,         0,         0,    1.92,correlated_pymatching,ba9ef6fd67b86a3622e5664707c8edb6d9b7da2e0b74dac0b87e1334a0339531,"{""d"":7,""p"":0.00046415888336127773,""r"":7}",
       232,         0,         0,   0.302,correlated_pymatching,ba9ef6fd67b86a3622e5664707c8edb6d9b7da2e0b74dac0b87e1334a0339531,"{""d"":7,""p"":0.00046415888336127773,""r"":7}",
         8,         0,         0,   0.285,correlated_pymatching,ba9ef6fd67b86a3622e5664707c8edb6d9b7da2e0b74dac0b87e1334a0339531,"{""d"":7,""p"":0.00046415888336127773,""r"":7}",
      5029,         0,         0,    1.91,correlated_pymatching,ba9ef6fd67b86a3622e5664707c8edb6d9b7da2e0b74dac0b87e1334a0339531,"{""d"":7,""p"":0.00046415888336127773,""r"":7}",
      4797,         0,         0,    1.93,correlated_pymatching,ba9ef6fd67b86a3622e5664707c8edb6d9b7da2e0b74dac0b87e1334a0339531,"{""d"":7,""p"":0.00046415888336127773,""r"":7}",
       140,         0,         0,   0.307,correlated_pymatching,ba9ef6fd67b86a3622e5664707c8edb6d9b7da2e0b74dac0b87e1334a0339531,"{""d"":7,""p"":0.00046415888336127773,""r"":7}",
         3,         0,         0,    1.46,correlated_pymatching,ba9ef6fd67b86a3622e5664707c8edb6d9b7da2e0b74dac0b87e1334a0339531,"{""d"":7,""p"":0.00046415888336127773,""r"":7}",
       315,         0,         0,   0.338,correlated_pymatching,ba9ef6fd67b86a3622e5664707c8edb6d9b7da2e0b74dac0b87e1334a0339531,"{""d"":7,""p"":0.00046415888336127773,""r"":7}",
      4640,         0,         0,    1.89,correlated_pymatching,ba9ef6fd67b86a3622e5664707c8edb6d9b7da2e0b74dac0b87e1334a0339531,"{""d"":7,""p"":0.00046415888336127773,""r"":7}",
      1792,         0,         0,    2.20,correlated_pymatching,ba9ef6fd67b86a3622e5664707c8edb6d9b7da2e0b74dac0b87e1334a0339531,"{""d"":7,""p"":0.00046415888336127773,""r"":7}",
       624,         0,         0,   0.342,correlated_pymatching,ba9ef6fd67b86a3622e5664707c8edb6d9b7da2e0b74dac0b87e1334a0339531,"{""d"":7,""p"":0.00046415888336127773,""r"":7}",
         3,         0,         0,    1.47,correlated_pymatching,ba9ef6fd67b86a3622e5664707c8edb6d9b7da2e0b74dac0b87e1334a0339531,"{""d"":7,""p"":0.00046415888336127773,""r"":7}",
      1792,         0,         0,    2.21,correlated_pymatching,ba9ef6fd67b86a3622e5664707c8edb6d9b7da2e0b74dac0b87e1334a0339531,"{""d"":7,""p"":0.00046415888336127773,""r"":7}",
      1792,         0,         0,    2.21,correlated_pymatching,ba9ef6fd67b86a3622e5664707c8edb6d9b7da2e0b74dac0b87e1334a0339531,"{""d"":7,""p"":0.00046415888336127773,""r"":7}",
       623,         0,         0,   0.341,correlated_pymatching,ba9ef6fd67b86a3622e5664707c8edb6d9b7da2e0b74dac0b87e1334a0339531,"{""d"":7,""p"":0.00046415888336127773,""r"":7}",
      4012,         0,         0,    1.57,correlated_pymatching,ba9ef6fd67b86a3622e5664707c8edb6d9b7da2e0b74dac0b87e1334a0339531,"{""d"":7,""p"":0.00046415888336127773,""r"":7}",
        16,         0,         0,    2.47,correlated_pymatching,ba9ef6fd67b86a3622e5664707c8edb6d9b7da2e0b74dac0b87e1334a0339531,"{""d"":7,""p"":0.00046415888336127773,""r"":7}",
       256,         0,         0,    2.47,correlated_pymatching,ba9ef6fd67b86a3622e5664707c8edb6d9b7da2e0b74dac0b87e1334a0339531,"{""d"":7,""p"":0.00046415888336127773,""r"":7}",
      4096,         0,         0,    1.55,correlated_pymatching,ba9ef6fd67b86a3622e5664707c8edb6d9b7da2e0b74dac0b87e1334a0339531,"{""d"":7,""p"":0.00046415888336127773,""r"":7}",
       333,         0,         0,   0.319,correlated_pymatching,ba9ef6fd67b86a3622e5664707c8edb6d9b7da2e0b74dac0b87e1334a0339531,"{""d"":7,""p"":0.00046415888336127773,""r"":7}",
      1792,         0,         0,    2.22,correlated_pymatching,ba9ef6fd67b86a3622e5664707c8edb6d9b7da2e0b74dac0b87e1334a0339531,"{""d"":7,""p"":0.00046415888336127773,""r"":7}",
      3266,         0,         0,    1.43,correlated_pymatching,ba9ef6fd67b86a3622e5664707c8edb6d9b7da2e0b74dac0b87e1334a0339531,"{""d"":7,""p"":0.00046415888336127773,""r"":7}",
      1792,         0,         0,    2.22,correlated_pymatching,ba9ef6fd67b86a3622e5664707c8edb6d9b7da2e0b74dac0b87e1334a0339531,"{""d"":7,""p"":0.00046415888336127773,""r"":7}",
      1792,         0,         0,    2.21,correlated_pymatching,ba9ef6fd67b86a3622e5664707c8edb6d9b7da2e0b74dac0b87e1334a0339531,"{""d"":7,""p"":0.00046415888336127773,""r"":7}",
      1792,         0,         0,    2.22,correlated_pymatching,ba9ef6fd67b86a3622e5664707c8edb6d9b7da2e0b74dac0b87e1334a0339531,"{""d"":7,""p"":0.00046415888336127773,""r"":7}",
        75,         0,         0,   0.298,correlated_pymatching,ba9ef6fd67b86a3622e5664707c8edb6d9b7da2e0b74dac0b87e1334a0339531,"{""d"":7,""p"":0.00046415888336127773,""r"":7}",
      3506,         0,         0,    1.51,correlated_pymatching,ba9ef6fd67b86a3622e5664707c8edb6d9b7da2e0b74dac0b87e1334a0339531,"{""d"":7,""p"":0.00046415888336127773,""r"":7}",
      3584,         0,         0,    4.13,correlated_pymatching,ba9ef6fd67b86a3622e5664707c8edb6d9b7da2e0b74dac0b87e1334a0339531,"{""d"":7,""p"":0.00046415888336127773,""r"":7}",
      3328,         0,         0,    4.11,correlated_pymatching,ba9ef6fd67b86a3622e5664707c8edb6d9b7da2e0b74dac0b87e1334a0339531,"{""d"":7,""p"":0.00046415888336127773,""r"":7}",
       305,         0,         0,   0.310,correlated_pymatching,ba9ef6fd67b86a3622e5664707c8edb6d9b7da2e0b74dac0b87e1334a0339531,"{""d"":7,""p"":0.00046415888336127773,""r"":7}",
      3486,         0,         0,    1.53,correlated_pymatching,ba9ef6fd67b86a3622e5664707c8edb6d9b7da2e0b74dac0b87e1334a0339531,"{""d"":7,""p"":0.00046415888336127773,""r"":7}",
      3267,         0,         0,    1.47,correlated_pymatching,ba9ef6fd67b86a3622e5664707c8edb6d9b7da2e0b74dac0b87e1334a0339531,"{""d"":7,""p"":0.00046415888336127773,""r"":7}",
       233,         0,         0,   0.311,correlated_pymatching,ba9ef6fd67b86a3622e5664707c8edb6d9b7da2e0b74dac0b87e1334a0339531,"{""d"":7,""p"":0.00046415888336127773,""r"":7}",
       376,         0,         0,    2.43,correlated_pymatching,ba9ef6fd67b86a3622e5664707c8edb6d9b7da2e0b74dac0b87e1334a0339531,"{""d"":7,""p"":0.00046415888336127773,""r"":7}",
       512,         0,         0,    2.49,correlated_pymatching,ba9ef6fd67b86a3622e5664707c8edb6d9b7da2e0b74dac0b87e1334a0339531,"{""d"":7,""p"":0.00046415888336127773,""r"":7}",
      3072,         0,         0,    1.15,correlated_pymatching,ba9ef6fd67b86a3622e5664707c8edb6d9b7da2e0b74dac0b87e1334a0339531,"{""d"":7,""p"":0.00046415888336127773,""r"":7}",
      1408,         0,         0,    2.48,correlated_pymatching,ba9ef6fd67b86a3622e5664707c8edb6d9b7da2e0b74dac0b87e1334a0339531,"{""d"":7,""p"":0.00046415888336127773,""r"":7}",
        80,         0,         0,    2.46,correlated_pymatching,ba9ef6fd67b86a3622e5664707c8edb6d9b7da2e0b74dac0b87e1334a0339531,"{""d"":7,""p"":0.00046415888336127773,""r"":7}",
      3374,         0,         0,    1.51,correlated_pymatching,ba9ef6fd67b86a3622e5664707c8edb6d9b7da2e0b74dac0b87e1334a0339531,"{""d"":7,""p"":0.00046415888336127773,""r"":7}",
       128,         0,         0,    2.46,correlated_pymatching,ba9ef6fd67b86a3622e5664707c8edb6d9b7da2e0b74dac0b87e1334a0339531,"{""d"":7,""p"":0.00046415888336127773,""r"":7}",
        60,         0,         0,    2.47,correlated_pymatching,ba9ef6fd67b86a3622e5664707c8edb6d9b7da2e0b74dac0b87e1334a0339531,"{""d"":7,""p"":0.00046415888336127773,""r"":7}",
        80,         0,         0,    2.49,correlated_pymatching,ba9ef6fd67b86a3622e5664707c8edb6d9b7da2e0b74dac0b87e1334a0339531,"{""d"":7,""p"":0.00046415888336127773,""r"":7}",
         8,         0,         0,    2.47,correlated_pymatching,ba9ef6fd67b86a3622e5664707c8edb6d9b7da2e0b74dac0b87e1334a0339531,"{""d"":7,""p"":0.00046415888336127773,""r"":7}",
        26,         0,         0,    2.47,correlated_pymatching,ba9ef6fd67b86a3622e5664707c8edb6d9b7da2e0b74dac0b87e1334a0339531,"{""d"":7,""p"":0.00046415888336127773,""r"":7}",
         8,         0,         0,    2.46,correlated_pymatching,ba9ef6fd67b86a3622e5664707c8edb6d9b7da2e0b74dac0b87e1334a0339531,"{""d"":7,""p"":0.00046415888336127773,""r"":7}",
       223,         0,         0,   0.309,correlated_pymatching,ba9ef6fd67b86a3622e5664707c8edb6d9b7da2e0b74dac0b87e1334a0339531,"{""d"":7,""p"":0.00046415888336127773,""r"":7}",
        46,         0,         0,   0.290,correlated_pymatching,ba9ef6fd67b86a3622e5664707c8edb6d9b7da2e0b74dac0b87e1334a0339531,"{""d"":7,""p"":0.00046415888336127773,""r"":7}",
       237,         0,         0,   0.315,correlated_pymatching,ba9ef6fd67b86a3622e5664707c8edb6d9b7da2e0b74dac0b87e1334a0339531,"{""d"":7,""p"":0.00046415888336127773,""r"":7}",
         4,         0,         0,    1.93,correlated_pymatching,ba9ef6fd67b86a3622e5664707c8edb6d9b7da2e0b74dac0b87e1334a0339531,"{""d"":7,""p"":0.00046415888336127773,""r"":7}",
        22,         0,         0,   0.289,correlated_pymatching,ba9ef6fd67b86a3622e5664707c8edb6d9b7da2e0b74dac0b87e1334a0339531,"{""d"":7,""p"":0.00046415888336127773,""r"":7}",
       614,         0,         0,   0.343,correlated_pymatching,ba9ef6fd67b86a3622e5664707c8edb6d9b7da2e0b74dac0b87e1334a0339531,"{""d"":7,""p"":0.00046415888336127773,""r"":7}",
      1970,         0,         0,   0.775,correlated_pymatching,ba9ef6fd67b86a3622e5664707c8edb6d9b7da2e0b74dac0b87e1334a0339531,"{""d"":7,""p"":0.00046415888336127773,""r"":7}",
       614,         0,         0,   0.349,correlated_pymatching,ba9ef6fd67b86a3622e5664707c8edb6d9b7da2e0b74dac0b87e1334a0339531,"{""d"":7,""p"":0.00046415888336127773,""r"":7}",
      1792,         1,         0,    4.37,correlated_pymatching,ba9ef6fd67b86a3622e5664707c8edb6d9b7da2e0b74dac0b87e1334a0339531,"{""d"":7,""p"":0.00046415888336127773,""r"":7}","{""obs_mistake_mask=E"":1}"
         4,         0,         0,    1.97,correlated_pymatching,ba9ef6fd67b86a3622e5664707c8edb6d9b7da2e0b74dac0b87e1334a0339531,"{""d"":7,""p"":0.00046415888336127773,""r"":7}",
      1634,         0,         0,   0.727,correlated_pymatching,ba9ef6fd67b86a3622e5664707c8edb6d9b7da2e0b74dac0b87e1334a0339531,"{""d"":7,""p"":0.00046415888336127773,""r"":7}",
      2658,         0,         0,    1.15,correlated_pymatching,ba9ef6fd67b86a3622e5664707c8edb6d9b7da2e0b74dac0b87e1334a0339531,"{""d"":7,""p"":0.00046415888336127773,""r"":7}",
      1669,         0,         0,   0.752,correlated_pymatching,ba9ef6fd67b86a3622e5664707c8edb6d9b7da2e0b74dac0b87e1334a0339531,"{""d"":7,""p"":0.00046415888336127773,""r"":7}",
       614,         0,         0,   0.336,correlated_pymatching,ba9ef6fd67b86a3622e5664707c8edb6d9b7da2e0b74dac0b87e1334a0339531,"{""d"":7,""p"":0.00046415888336127773,""r"":7}",
       190,         0,         0,   0.313,correlated_pymatching,ba9ef6fd67b86a3622e5664707c8edb6d9b7da2e0b74dac0b87e1334a0339531,"{""d"":7,""p"":0.00046415888336127773,""r"":7}",
      1881,         0,         0,   0.763,correlated_pymatching,ba9ef6fd67b86a3622e5664707c8edb6d9b7da2e0b74dac0b87e1334a0339531,"{""d"":7,""p"":0.00046415888336127773,""r"":7}",
       389,         0,         0,   0.336,correlated_pymatching,ba9ef6fd67b86a3622e5664707c8edb6d9b7da2e0b74dac0b87e1334a0339531,"{""d"":7,""p"":0.00046415888336127773,""r"":7}",
      2048,         0,         0,    2.54,correlated_pymatching,ba9ef6fd67b86a3622e5664707c8edb6d9b7da2e0b74dac0b87e1334a0339531,"{""d"":7,""p"":0.00046415888336127773,""r"":7}",
      2048,         0,         0,   0.763,correlated_pymatching,ba9ef6fd67b86a3622e5664707c8edb6d9b7da2e0b74dac0b87e1334a0339531,"{""d"":7,""p"":0.00046415888336127773,""r"":7}",
      2025,         0,         0,   0.787,correlated_pymatching,ba9ef6fd67b86a3622e5664707c8edb6d9b7da2e0b74dac0b87e1334a0339531,"{""d"":7,""p"":0.00046415888336127773,""r"":7}",
      2048,         0,         0,   0.775,correlated_pymatching,ba9ef6fd67b86a3622e5664707c8edb6d9b7da2e0b74dac0b87e1334a0339531,"{""d"":7,""p"":0.00046415888336127773,""r"":7}",
      1720,         0,         0,   0.748,correlated_pymatching,ba9ef6fd67b86a3622e5664707c8edb6d9b7da2e0b74dac0b87e1334a0339531,"{""d"":7,""p"":0.00046415888336127773,""r"":7}",
      2048,         0,         0,    2.54,correlated_pymatching,ba9ef6fd67b86a3622e5664707c8edb6d9b7da2e0b74dac0b87e1334a0339531,"{""d"":7,""p"":0.00046415888336127773,""r"":7}",
      2048,         0,         0,    2.51,correlated_pymatching,ba9ef6fd67b86a3622e5664707c8edb6d9b7da2e0b74dac0b87e1334a0339531,"{""d"":7,""p"":0.00046415888336127773,""r"":7}",
       929,         0,         0,   0.368,correlated_pymatching,ba9ef6fd67b86a3622e5664707c8edb6d9b7da2e0b74dac0b87e1334a0339531,"{""d"":7,""p"":0.00046415888336127773,""r"":7}",
       346,         0,         0,   0.327,correlated_pymatching,ba9ef6fd67b86a3622e5664707c8edb6d9b7da2e0b74dac0b87e1334a0339531,"{""d"":7,""p"":0.00046415888336127773,""r"":7}",
        10,         0,         0,   0.285,correlated_pymatching,ba9ef6fd67b86a3622e5664707c8edb6d9b7da2e0b74dac0b87e1334a0339531,"{""d"":7,""p"":0.00046415888336127773,""r"":7}",
       146,         0,         0,   0.306,correlated_pymatching,ba9ef6fd67b86a3622e5664707c8edb6d9b7da2e0b74dac0b87e1334a0339531,"{""d"":7,""p"":0.00046415888336127773,""r"":7}",
        40,         0,         0,   0.298,correlated_pymatching,ba9ef6fd67b86a3622e5664707c8edb6d9b7da2e0b74dac0b87e1334a0339531,"{""d"":7,""p"":0.00046415888336127773,""r"":7}",
      1719,         0,         0,    1.32,correlated_pymatching,ba9ef6fd67b86a3622e5664707c8edb6d9b7da2e0b74dac0b87e1334a0339531,"{""d"":7,""p"":0.00046415888336127773,""r"":7}",
      1922,         0,         0,    1.33,correlated_pymatching,ba9ef6fd67b86a3622e5664707c8edb6d9b7da2e0b74dac0b87e1334a0339531,"{""d"":7,""p"":0.00046415888336127773,""r"":7}",
        10,         0,         0,   0.293,correlated_pymatching,ba9ef6fd67b86a3622e5664707c8edb6d9b7da2e0b74dac0b87e1334a0339531,"{""d"":7,""p"":0.00046415888336127773,""r"":7}",
        10,         0,         0,   0.294,correlated_pymatching,ba9ef6fd67b86a3622e5664707c8edb6d9b7da2e0b74dac0b87e1334a0339531,"{""d"":7,""p"":0.00046415888336127773,""r"":7}",
        10,         0,         0,   0.289,correlated_pymatching,ba9ef6fd67b86a3622e5664707c8edb6d9b7da2e0b74dac0b87e1334a0339531,"{""d"":7,""p"":0.00046415888336127773,""r"":7}",
       136,         0,         0,   0.291,correlated_pymatching,ba9ef6fd67b86a3622e5664707c8edb6d9b7da2e0b74dac0b87e1334a0339531,"{""d"":7,""p"":0.00046415888336127773,""r"":7}",
       346,         0,         0,   0.324,correlated_pymatching,ba9ef6fd67b86a3622e5664707c8edb6d9b7da2e0b74dac0b87e1334a0339531,"{""d"":7,""p"":0.00046415888336127773,""r"":7}",
       353,         0,         0,   0.324,correlated_pymatching,ba9ef6fd67b86a3622e5664707c8edb6d9b7da2e0b74dac0b87e1334a0339531,"{""d"":7,""p"":0.00046415888336127773,""r"":7}",
      1473,         0,         0,   0.747,correlated_pymatching,ba9ef6fd67b86a3622e5664707c8edb6d9b7da2e0b74dac0b87e1334a0339531,"{""d"":7,""p"":0.00046415888336127773,""r"":7}",
       952,         0,         0,   0.391,correlated_pymatching,ba9ef6fd67b86a3622e5664707c8edb6d9b7da2e0b74dac0b87e1334a0339531,"{""d"":7,""p"":0.00046415888336127773,""r"":7}",
      1719,         0,         0,    2.19,correlated_pymatching,ba9ef6fd67b86a3622e5664707c8edb6d9b7da2e0b74dac0b87e1334a0339531,"{""d"":7,""p"":0.00046415888336127773,""r"":7}",
       339,         0,         0,   0.328,correlated_pymatching,ba9ef6fd67b86a3622e5664707c8edb6d9b7da2e0b74dac0b87e1334a0339531,"{""d"":7,""p"":0.00046415888336127773,""r"":7}",
      1719,         0,         0,    2.20,correlated_pymatching,ba9ef6fd67b86a3622e5664707c8edb6d9b7da2e0b74dac0b87e1334a0339531,"{""d"":7,""p"":0.00046415888336127773,""r"":7}",
      1719,         0,         0,    2.21,correlated_pymatching,ba9ef6fd67b86a3622e5664707c8edb6d9b7da2e0b74dac0b87e1334a0339531,"{""d"":7,""p"":0.00046415888336127773,""r"":7}",
      1473,         0,         0,   0.731,correlated_pymatching,ba9ef6fd67b86a3622e5664707c8edb6d9b7da2e0b74dac0b87e1334a0339531,"{""d"":7,""p"":0.00046415888336127773,""r"":7}",
       392,         0,         0,   0.336,correlated_pymatching,ba9ef6fd67b86a3622e5664707c8edb6d9b7da2e0b74dac0b87e1334a0339531,"{""d"":7,""p"":0.00046415888336127773,""r"":7}",
      1601,         0,         0,    2.19,correlated_pymatching,ba9ef6fd67b86a3622e5664707c8edb6d9b7da2e0b74dac0b87e1334a0339531,"{""d"":7,""p"":0.00046415888336127773,""r"":7}",
       321,         0,         0,   0.309,correlated_pymatching,ba9ef6fd67b86a3622e5664707c8edb6d9b7da2e0b74dac0b87e1334a0339531,"{""d"":7,""p"":0.00046415888336127773,""r"":7}",
       321,         0,         0,   0.315,correlated_pymatching,ba9ef6fd67b86a3622e5664707c8edb6d9b7da2e0b74dac0b87e1334a0339531,"{""d"":7,""p"":0.00046415888336127773,""r"":7}",
       460,         0,         0,   0.340,correlated_pymatching,ba9ef6fd67b86a3622e5664707c8edb6d9b7da2e0b74dac0b87e1334a0339531,"{""d"":7,""p"":0.00046415888336127773,""r"":7}",
       475,         0,         0,   0.340,correlated_pymatching,ba9ef6fd67b86a3622e5664707c8edb6d9b7da2e0b74dac0b87e1334a0339531,"{""d"":7,""p"":0.00046415888336127773,""r"":7}",
       549,         0,         0,   0.348,correlated_pymatching,ba9ef6fd67b86a3622e5664707c8edb6d9b7da2e0b74dac0b87e1334a0339531,"{""d"":7,""p"":0.00046415888336127773,""r"":7}",
       406,         0,         0,   0.324,correlated_pymatching,ba9ef6fd67b86a3622e5664707c8edb6d9b7da2e0b74dac0b87e1334a0339531,"{""d"":7,""p"":0.00046415888336127773,""r"":7}",
       203,         0,         0,   0.304,correlated_pymatching,ba9ef6fd67b86a3622e5664707c8edb6d9b7da2e0b74dac0b87e1334a0339531,"{""d"":7,""p"":0.00046415888336127773,""r"":7}",
      1373,         0,         0,    1.87,correlated_pymatching,ba9ef6fd67b86a3622e5664707c8edb6d9b7da2e0b74dac0b87e1334a0339531,"{""d"":7,""p"":0.00046415888336127773,""r"":7}",
       549,         0,         0,   0.344,correlated_pymatching,ba9ef6fd67b86a3622e5664707c8edb6d9b7da2e0b74dac0b87e1334a0339531,"{""d"":7,""p"":0.00046415888336127773,""r"":7}",
       549,         0,         0,   0.339,correlated_pymatching,ba9ef6fd67b86a3622e5664707c8edb6d9b7da2e0b74dac0b87e1334a0339531,"{""d"":7,""p"":0.00046415888336127773,""r"":7}",
        38,         0,         0,   0.294,correlated_pymatching,ba9ef6fd67b86a3622e5664707c8edb6d9b7da2e0b74dac0b87e1334a0339531,"{""d"":7,""p"":0.00046415888336127773,""r"":7}",
       288,         0,         0,   0.317,correlated_pymatching,ba9ef6fd67b86a3622e5664707c8edb6d9b7da2e0b74dac0b87e1334a0339531,"{""d"":7,""p"":0.00046415888336127773,""r"":7}",
       133,         0,         0,   0.296,correlated_pymatching,ba9ef6fd67b86a3622e5664707c8edb6d9b7da2e0b74dac0b87e1334a0339531,"{""d"":7,""p"":0.00046415888336127773,""r"":7}",
       133,         0,         0,   0.312,correlated_pymatching,ba9ef6fd67b86a3622e5664707c8edb6d9b7da2e0b74dac0b87e1334a0339531,"{""d"":7,""p"":0.00046415888336127773,""r"":7}",
       647,         0,         0,   0.380,correlated_pymatching,ba9ef6fd67b86a3622e5664707c8edb6d9b7da2e0b74dac0b87e1334a0339531,"{""d"":7,""p"":0.00046415888336127773,""r"":7}",
       346,         0,         0,   0.348,correlated_pymatching,ba9ef6fd67b86a3622e5664707c8edb6d9b7da2e0b74dac0b87e1334a0339531,"{""d"":7,""p"":0.00046415888336127773,""r"":7}",
       346,         0,         0,   0.348,correlated_pymatching,ba9ef6fd67b86a3622e5664707c8edb6d9b7da2e0b74dac0b87e1334a0339531,"{""d"":7,""p"":0.00046415888336127773,""r"":7}",
         6,         0,         0,   0.313,correlated_pymatching,ba9ef6fd67b86a3622e5664707c8edb6d9b7da2e0b74dac0b87e1334a0339531,"{""d"":7,""p"":0.00046415888336127773,""r"":7}",
       346,         0,         0,   0.360,correlated_pymatching,ba9ef6fd67b86a3622e5664707c8edb6d9b7da2e0b74dac0b87e1334a0339531,"{""d"":7,""p"":0.00046415888336127773,""r"":7}",
        14,         0,         0,   0.290,correlated_pymatching,ba9ef6fd67b86a3622e5664707c8edb6d9b7da2e0b74dac0b87e1334a0339531,"{""d"":7,""p"":0.00046415888336127773,""r"":7}",
       133,         0,         0,   0.293,correlated_pymatching,ba9ef6fd67b86a3622e5664707c8edb6d9b7da2e0b74dac0b87e1334a0339531,"{""d"":7,""p"":0.00046415888336127773,""r"":7}",
       678,         0,         0,   0.352,correlated_pymatching,ba9ef6fd67b86a3622e5664707c8edb6d9b7da2e0b74dac0b87e1334a0339531,"{""d"":7,""p"":0.00046415888336127773,""r"":7}",
        38,         0,         0,    3.10,correlated_pymatching,ba9ef6fd67b86a3622e5664707c8edb6d9b7da2e0b74dac0b87e1334a0339531,"{""d"":7,""p"":0.00046415888336127773,""r"":7}",
       448,         0,         0,    3.09,correlated_pymatching,ba9ef6fd67b86a3622e5664707c8edb6d9b7da2e0b74dac0b87e1334a0339531,"{""d"":7,""p"":0.00046415888336127773,""r"":7}",
       549,         0,         0,   0.632,correlated_pymatching,ba9ef6fd67b86a3622e5664707c8edb6d9b7da2e0b74dac0b87e1334a0339531,"{""d"":7,""p"":0.00046415888336127773,""r"":7}",
       768,         0,         0,    1.87,correlated_pymatching,ba9ef6fd67b86a3622e5664707c8edb6d9b7da2e0b74dac0b87e1334a0339531,"{""d"":7,""p"":0.00046415888336127773,""r"":7}",
       612,         0,         0,   0.352,correlated_pymatching,ba9ef6fd67b86a3622e5664707c8edb6d9b7da2e0b74dac0b87e1334a0339531,"{""d"":7,""p"":0.00046415888336127773,""r"":7}",
       393,         0,         0,   0.327,correlated_pymatching,ba9ef6fd67b86a3622e5664707c8edb6d9b7da2e0b74dac0b87e1334a0339531,"{""d"":7,""p"":0.00046415888336127773,""r"":7}",
       549,         0,         0,   0.652,correlated_pymatching,ba9ef6fd67b86a3622e5664707c8edb6d9b7da2e0b74dac0b87e1334a0339531,"{""d"":7,""p"":0.00046415888336127773,""r"":7}",
       549,         0,         0,   0.644,correlated_pymatching,ba9ef6fd67b86a3622e5664707c8edb6d9b7da2e0b74dac0b87e1334a0339531,"{""d"":7,""p"":0.00046415888336127773,""r"":7}",
       133,         0,         0,   0.291,correlated_pymatching,ba9ef6fd67b86a3622e5664707c8edb6d9b7da2e0b74dac0b87e1334a0339531,"{""d"":7,""p"":0.00046415888336127773,""r"":7}",
       133,         0,         0,   0.295,correlated_pymatching,ba9ef6fd67b86a3622e5664707c8edb6d9b7da2e0b74dac0b87e1334a0339531,"{""d"":7,""p"":0.00046415888336127773,""r"":7}",
       686,         0,         0,   0.648,correlated_pymatching,ba9ef6fd67b86a3622e5664707c8edb6d9b7da2e0b74dac0b87e1334a0339531,"{""d"":7,""p"":0.00046415888336127773,""r"":7}",
       133,         0,         0,   0.304,correlated_pymatching,ba9ef6fd67b86a3622e5664707c8edb6d9b7da2e0b74dac0b87e1334a0339531,"{""d"":7,""p"":0.00046415888336127773,""r"":7}",
       389,         0,         0,   0.327,correlated_pymatching,ba9ef6fd67b86a3622e5664707c8edb6d9b7da2e0b74dac0b87e1334a0339531,"{""d"":7,""p"":0.00046415888336127773,""r"":7}",
       376,         0,         0,   0.328,correlated_pymatching,ba9ef6fd67b86a3622e5664707c8edb6d9b7da2e0b74dac0b87e1334a0339531,"{""d"":7,""p"":0.00046415888336127773,""r"":7}",
       266,         0,         0,   0.320,correlated_pymatching,ba9ef6fd67b86a3622e5664707c8edb6d9b7da2e0b74dac0b87e1334a0339531,"{""d"":7,""p"":0.00046415888336127773,""r"":7}",
       227,         0,         0,   0.325,correlated_pymatching,ba9ef6fd67b86a3622e5664707c8edb6d9b7da2e0b74dac0b87e1334a0339531,"{""d"":7,""p"":0.00046415888336127773,""r"":7}",
       455,         0,         0,   0.334,correlated_pymatching,ba9ef6fd67b86a3622e5664707c8edb6d9b7da2e0b74dac0b87e1334a0339531,"{""d"":7,""p"":0.00046415888336127773,""r"":7}",
       455,         0,         0,   0.319,correlated_pymatching,ba9ef6fd67b86a3622e5664707c8edb6d9b7da2e0b74dac0b87e1334a0339531,"{""d"":7,""p"":0.00046415888336127773,""r"":7}",
       455,         0,         0,   0.318,correlated_pymatching,ba9ef6fd67b86a3622e5664707c8edb6d9b7da2e0b74dac0b87e1334a0339531,"{""d"":7,""p"":0.00046415888336127773,""r"":7}",
       455,         0,         0,   0.335,correlated_pymatching,ba9ef6fd67b86a3622e5664707c8edb6d9b7da2e0b74dac0b87e1334a0339531,"{""d"":7,""p"":0.00046415888336127773,""r"":7}",
         5,         0,         0,    2.39,correlated_pymatching,ba9ef6fd67b86a3622e5664707c8edb6d9b7da2e0b74dac0b87e1334a0339531,"{""d"":7,""p"":0.00046415888336127773,""r"":7}",
         5,         0,         0,   0.287,correlated_pymatching,ba9ef6fd67b86a3622e5664707c8edb6d9b7da2e0b74dac0b87e1334a0339531,"{""d"":7,""p"":0.00046415888336127773,""r"":7}",
         5,         0,         0,   0.293,correlated_pymatching,ba9ef6fd67b86a3622e5664707c8edb6d9b7da2e0b74dac0b87e1334a0339531,"{""d"":7,""p"":0.00046415888336127773,""r"":7}",
       157,         0,         0,   0.293,correlated_pymatching,ba9ef6fd67b86a3622e5664707c8edb6d9b7da2e0b74dac0b87e1334a0339531,"{""d"":7,""p"":0.00046415888336127773,""r"":7}",
       144,         0,         0,   0.295,correlated_pymatching,ba9ef6fd67b86a3622e5664707c8edb6d9b7da2e0b74dac0b87e1334a0339531,"{""d"":7,""p"":0.00046415888336127773,""r"":7}",
       359,         0,         0,   0.611,correlated_pymatching,ba9ef6fd67b86a3622e5664707c8edb6d9b7da2e0b74dac0b87e1334a0339531,"{""d"":7,""p"":0.00046415888336127773,""r"":7}",
       576,         0,         0,    2.79,correlated_pymatching,ba9ef6fd67b86a3622e5664707c8edb6d9b7da2e0b74dac0b87e1334a0339531,"{""d"":7,""p"":0.00046415888336127773,""r"":7}",
       576,         0,         0,    2.77,correlated_pymatching,ba9ef6fd67b86a3622e5664707c8edb6d9b7da2e0b74dac0b87e1334a0339531,"{""d"":7,""p"":0.00046415888336127773,""r"":7}",
       450,         0,         0,   0.336,correlated_pymatching,ba9ef6fd67b86a3622e5664707c8edb6d9b7da2e0b74dac0b87e1334a0339531,"{""d"":7,""p"":0.00046415888336127773,""r"":7}",
       450,         0,         0,   0.340,correlated_pymatching,ba9ef6fd67b86a3622e5664707c8edb6d9b7da2e0b74dac0b87e1334a0339531,"{""d"":7,""p"":0.00046415888336127773,""r"":7}",
         5,         0,         0,   0.294,correlated_pymatching,ba9ef6fd67b86a3622e5664707c8edb6d9b7da2e0b74dac0b87e1334a0339531,"{""d"":7,""p"":0.00046415888336127773,""r"":7}",
        17,         0,         0,   0.294,correlated_pymatching,ba9ef6fd67b86a3622e5664707c8edb6d9b7da2e0b74dac0b87e1334a0339531,"{""d"":7,""p"":0.00046415888336127773,""r"":7}",
        93,         0,         0,   0.291,correlated_pymatching,ba9ef6fd67b86a3622e5664707c8edb6d9b7da2e0b74dac0b87e1334a0339531,"{""d"":7,""p"":0.00046415888336127773,""r"":7}",
        17,         0,         0,   0.287,correlated_pymatching,ba9ef6fd67b86a3622e5664707c8edb6d9b7da2e0b74dac0b87e1334a0339531,"{""d"":7,""p"":0.00046415888336127773,""r"":7}",
       372,         0,         0,   0.320,correlated_pymatching,ba9ef6fd67b86a3622e5664707c8edb6d9b7da2e0b74dac0b87e1334a0339531,"{""d"":7,""p"":0.00046415888336127773,""r"":7}",
       450,         0,         0,   0.336,correlated_pymatching,ba9ef6fd67b86a3622e5664707c8edb6d9b7da2e0b74dac0b87e1334a0339531,"{""d"":7,""p"":0.00046415888336127773,""r"":7}",
       114,         0,         0,   0.310,correlated_pymatching,ba9ef6fd67b86a3622e5664707c8edb6d9b7da2e0b74dac0b87e1334a0339531,"{""d"":7,""p"":0.00046415888336127773,""r"":7}",
       411,         0,         0,   0.340,correlated_pymatching,ba9ef6fd67b86a3622e5664707c8edb6d9b7da2e0b74dac0b87e1334a0339531,"{""d"":7,""p"":0.00046415888336127773,""r"":7}",
       109,         0,         0,   0.302,correlated_pymatching,ba9ef6fd67b86a3622e5664707c8edb6d9b7da2e0b74dac0b87e1334a0339531,"{""d"":7,""p"":0.00046415888336127773,""r"":7}",
       147,         0,         0,   0.298,correlated_pymatching,ba9ef6fd67b86a3622e5664707c8edb6d9b7da2e0b74dac0b87e1334a0339531,"{""d"":7,""p"":0.00046415888336127773,""r"":7}",
       418,         0,         0,   0.334,correlated_pymatching,ba9ef6fd67b86a3622e5664707c8edb6d9b7da2e0b74dac0b87e1334a0339531,"{""d"":7,""p"":0.00046415888336127773,""r"":7}",
       152,         0,         0,   0.605,correlated_pymatching,ba9ef6fd67b86a3622e5664707c8edb6d9b7da2e0b74dac0b87e1334a0339531,"{""d"":7,""p"":0.00046415888336127773,""r"":7}",
         5,         0,         0,    2.50,correlated_pymatching,ba9ef6fd67b86a3622e5664707c8edb6d9b7da2e0b74dac0b87e1334a0339531,"{""d"":7,""p"":0.00046415888336127773,""r"":7}",
       147,         0,         0,   0.320,correlated_pymatching,ba9ef6fd67b86a3622e5664707c8edb6d9b7da2e0b74dac0b87e1334a0339531,"{""d"":7,""p"":0.00046415888336127773,""r"":7}",
       442,         0,         0,   0.336,correlated_pymatching,ba9ef6fd67b86a3622e5664707c8edb6d9b7da2e0b74dac0b87e1334a0339531,"{""d"":7,""p"":0.00046415888336127773,""r"":7}",
       131,         0,         0,   0.294,correlated_pymatching,ba9ef6fd67b86a3622e5664707c8edb6d9b7da2e0b74dac0b87e1334a0339531,"{""d"":7,""p"":0.00046415888336127773,""r"":7}",
       131,         0,         0,   0.299,correlated_pymatching,ba9ef6fd67b86a3622e5664707c8edb6d9b7da2e0b74dac0b87e1334a0339531,"{""d"":7,""p"":0.00046415888336127773,""r"":7}",
        36,         0,         0,   0.296,correlated_pymatching,ba9ef6fd67b86a3622e5664707c8edb6d9b7da2e0b74dac0b87e1334a0339531,"{""d"":7,""p"":0.00046415888336127773,""r"":7}",
       106,         0,         0,   0.312,correlated_pymatching,ba9ef6fd67b86a3622e5664707c8edb6d9b7da2e0b74dac0b87e1334a0339531,"{""d"":7,""p"":0.00046415888336127773,""r"":7}",
       147,         0,         0,   0.304,correlated_pymatching,ba9ef6fd67b86a3622e5664707c8edb6d9b7da2e0b74dac0b87e1334a0339531,"{""d"":7,""p"":0.00046415888336127773,""r"":7}",
       147,         0,         0,   0.316,correlated_pymatching,ba9ef6fd67b86a3622e5664707c8edb6d9b7da2e0b74dac0b87e1334a0339531,"{""d"":7,""p"":0.00046415888336127773,""r"":7}",
       160,         0,         0,    3.08,correlated_pymatching,ba9ef6fd67b86a3622e5664707c8edb6d9b7da2e0b74dac0b87e1334a0339531,"{""d"":7,""p"":0.00046415888336127773,""r"":7}",
        14,         0,         0,    3.07,correlated_pymatching,ba9ef6fd67b86a3622e5664707c8edb6d9b7da2e0b74dac0b87e1334a0339531,"{""d"":7,""p"":0.00046415888336127773,""r"":7}",
       224,         0,         0,   0.299,correlated_pymatching,ba9ef6fd67b86a3622e5664707c8edb6d9b7da2e0b74dac0b87e1334a0339531,"{""d"":7,""p"":0.00046415888336127773,""r"":7}",
       191,         0,         0,   0.301,correlated_pymatching,ba9ef6fd67b86a3622e5664707c8edb6d9b7da2e0b74dac0b87e1334a0339531,"{""d"":7,""p"":0.00046415888336127773,""r"":7}",
       136,         0,         0,    3.09,correlated_pymatching,ba9ef6fd67b86a3622e5664707c8edb6d9b7da2e0b74dac0b87e1334a0339531,"{""d"":7,""p"":0.00046415888336127773,""r"":7}",
       160,         0,         0,    3.09,correlated_pymatching,ba9ef6fd67b86a3622e5664707c8edb6d9b7da2e0b74dac0b87e1334a0339531,"{""d"":7,""p"":0.00046415888336127773,""r"":7}",
       191,         0,         0,   0.301,correlated_pymatching,ba9ef6fd67b86a3622e5664707c8edb6d9b7da2e0b74dac0b87e1334a0339531,"{""d"":7,""p"":0.00046415888336127773,""r"":7}",
       320,         0,         0,    3.11,correlated_pymatching,ba9ef6fd67b86a3622e5664707c8edb6d9b7da2e0b74dac0b87e1334a0339531,"{""d"":7,""p"":0.00046415888336127773,""r"":7}",
         4,         0,         0,   0.283,correlated_pymatching,ba9ef6fd67b86a3622e5664707c8edb6d9b7da2e0b74dac0b87e1334a0339531,"{""d"":7,""p"":0.00046415888336127773,""r"":7}",
        10,         0,         0,    3.09,correlated_pymatching,ba9ef6fd67b86a3622e5664707c8edb6d9b7da2e0b74dac0b87e1334a0339531,"{""d"":7,""p"":0.00046415888336127773,""r"":7}",
       220,         0,         0,   0.302,correlated_pymatching,ba9ef6fd67b86a3622e5664707c8edb6d9b7da2e0b74dac0b87e1334a0339531,"{""d"":7,""p"":0.00046415888336127773,""r"":7}",
       205,         0,         0,   0.317,correlated_pymatching,ba9ef6fd67b86a3622e5664707c8edb6d9b7da2e0b74dac0b87e1334a0339531,"{""d"":7,""p"":0.00046415888336127773,""r"":7}",
        40,         0,         0,    3.10,correlated_pymatching,ba9ef6fd67b86a3622e5664707c8edb6d9b7da2e0b74dac0b87e1334a0339531,"{""d"":7,""p"":0.00046415888336127773,""r"":7}",
       205,         0,         0,   0.314,correlated_pymatching,ba9ef6fd67b86a3622e5664707c8edb6d9b7da2e0b74dac0b87e1334a0339531,"{""d"":7,""p"":0.00046415888336127773,""r"":7}",
        63,         0,         0,   0.292,correlated_pymatching,ba9ef6fd67b86a3622e5664707c8edb6d9b7da2e0b74dac0b87e1334a0339531,"{""d"":7,""p"":0.00046415888336127773,""r"":7}",
       261,         0,         0,   0.309,correlated_pymatching,ba9ef6fd67b86a3622e5664707c8edb6d9b7da2e0b74dac0b87e1334a0339531,"{""d"":7,""p"":0.00046415888336127773,""r"":7}",
       153,         0,         0,   0.303,correlated_pymatching,ba9ef6fd67b86a3622e5664707c8edb6d9b7da2e0b74dac0b87e1334a0339531,"{""d"":7,""p"":0.00046415888336127773,""r"":7}",
        66,         0,         0,   0.288,correlated_pymatching,ba9ef6fd67b86a3622e5664707c8edb6d9b7da2e0b74dac0b87e1334a0339531,"{""d"":7,""p"":0.00046415888336127773,""r"":7}",
         6,         0,         0,   0.285,correlated_pymatching,ba9ef6fd67b86a3622e5664707c8edb6d9b7da2e0b74dac0b87e1334a0339531,"{""d"":7,""p"":0.00046415888336127773,""r"":7}",
         2,         0,         0,   0.303,correlated_pymatching,ba9ef6fd67b86a3622e5664707c8edb6d9b7da2e0b74dac0b87e1334a0339531,"{""d"":7,""p"":0.00046415888336127773,""r"":7}",
       144,         0,         0,   0.305,correlated_pymatching,ba9ef6fd67b86a3622e5664707c8edb6d9b7da2e0b74dac0b87e1334a0339531,"{""d"":7,""p"":0.00046415888336127773,""r"":7}",
       144,         0,         0,   0.297,correlated_pymatching,ba9ef6fd67b86a3622e5664707c8edb6d9b7da2e0b74dac0b87e1334a0339531,"{""d"":7,""p"":0.00046415888336127773,""r"":7}",
       144,         0,         0,   0.301,correlated_pymatching,ba9ef6fd67b86a3622e5664707c8edb6d9b7da2e0b74dac0b87e1334a0339531,"{""d"":7,""p"":0.00046415888336127773,""r"":7}",
       154,         0,         0,   0.295,correlated_pymatching,ba9ef6fd67b86a3622e5664707c8edb6d9b7da2e0b74dac0b87e1334a0339531,"{""d"":7,""p"":0.00046415888336127773,""r"":7}",
       202,         0,         0,   0.314,correlated_pymatching,ba9ef6fd67b86a3622e5664707c8edb6d9b7da2e0b74dac0b87e1334a0339531,"{""d"":7,""p"":0.00046415888336127773,""r"":7}",
       133,         0,         0,   0.298,correlated_pymatching,ba9ef6fd67b86a3622e5664707c8edb6d9b7da2e0b74dac0b87e1334a0339531,"{""d"":7,""p"":0.00046415888336127773,""r"":7}",
       139,         0,         0,   0.297,correlated_pymatching,ba9ef6fd67b86a3622e5664707c8edb6d9b7da2e0b74dac0b87e1334a0339531,"{""d"":7,""p"":0.00046415888336127773,""r"":7}",
       256,         0,         0,    1.26,correlated_pymatching,ba9ef6fd67b86a3622e5664707c8edb6d9b7da2e0b74dac0b87e1334a0339531,"{""d"":7,""p"":0.00046415888336127773,""r"":7}",
        54,         0,         0,   0.303,correlated_pymatching,ba9ef6fd67b86a3622e5664707c8edb6d9b7da2e0b74dac0b87e1334a0339531,"{""d"":7,""p"":0.00046415888336127773,""r"":7}",
         2,         0,         0,   0.291,correlated_pymatching,ba9ef6fd67b86a3622e5664707c8edb6d9b7da2e0b74dac0b87e1334a0339531,"{""d"":7,""p"":0.00046415888336127773,""r"":7}",
         6,         0,         0,   0.289,correlated_pymatching,ba9ef6fd67b86a3622e5664707c8edb6d9b7da2e0b74dac0b87e1334a0339531,"{""d"":7,""p"":0.00046415888336127773,""r"":7}",
       192,         0,         0,   0.921,correlated_pymatching,ba9ef6fd67b86a3622e5664707c8edb6d9b7da2e0b74dac0b87e1334a0339531,"{""d"":7,""p"":0.00046415888336127773,""r"":7}",
         9,         0,         0,   0.278,correlated_pymatching,ba9ef6fd67b86a3622e5664707c8edb6d9b7da2e0b74dac0b87e1334a0339531,"{""d"":7,""p"":0.00046415888336127773,""r"":7}",
        74,         0,         0,   0.298,correlated_pymatching,ba9ef6fd67b86a3622e5664707c8edb6d9b7da2e0b74dac0b87e1334a0339531,"{""d"":7,""p"":0.00046415888336127773,""r"":7}",
        28,         0,         0,   0.302,correlated_pymatching,ba9ef6fd67b86a3622e5664707c8edb6d9b7da2e0b74dac0b87e1334a0339531,"{""d"":7,""p"":0.00046415888336127773,""r"":7}",
         2,         0,         0,   0.290,correlated_pymatching,ba9ef6fd67b86a3622e5664707c8edb6d9b7da2e0b74dac0b87e1334a0339531,"{""d"":7,""p"":0.00046415888336127773,""r"":7}",
         4,         0,         0,   0.310,correlated_pymatching,ba9ef6fd67b86a3622e5664707c8edb6d9b7da2e0b74dac0b87e1334a0339531,"{""d"":7,""p"":0.00046415888336127773,""r"":7}",
       192,         0,         0,   0.934,correlated_pymatching,ba9ef6fd67b86a3622e5664707c8edb6d9b7da2e0b74dac0b87e1334a0339531,"{""d"":7,""p"":0.00046415888336127773,""r"":7}",
         2,         0,         0,   0.310,correlated_pymatching,ba9ef6fd67b86a3622e5664707c8edb6d9b7da2e0b74dac0b87e1334a0339531,"{""d"":7,""p"":0.00046415888336127773,""r"":7}",
        92,         0,         0,   0.294,correlated_pymatching,ba9ef6fd67b86a3622e5664707c8edb6d9b7da2e0b74dac0b87e1334a0339531,"{""d"":7,""p"":0.00046415888336127773,""r"":7}",
         4,         0,         0,   0.296,correlated_pymatching,ba9ef6fd67b86a3622e5664707c8edb6d9b7da2e0b74dac0b87e1334a0339531,"{""d"":7,""p"":0.00046415888336127773,""r"":7}",
        77,         0,         0,   0.290,correlated_pymatching,ba9ef6fd67b86a3622e5664707c8edb6d9b7da2e0b74dac0b87e1334a0339531,"{""d"":7,""p"":0.00046415888336127773,""r"":7}",
       110,         0,         0,   0.309,correlated_pymatching,ba9ef6fd67b86a3622e5664707c8edb6d9b7da2e0b74dac0b87e1334a0339531,"{""d"":7,""p"":0.00046415888336127773,""r"":7}",
         3,         0,         0,   0.285,correlated_pymatching,ba9ef6fd67b86a3622e5664707c8edb6d9b7da2e0b74dac0b87e1334a0339531,"{""d"":7,""p"":0.00046415888336127773,""r"":7}",
        23,         0,         0,   0.297,correlated_pymatching,ba9ef6fd67b86a3622e5664707c8edb6d9b7da2e0b74dac0b87e1334a0339531,"{""d"":7,""p"":0.00046415888336127773,""r"":7}",
        96,         0,         0,   0.297,correlated_pymatching,ba9ef6fd67b86a3622e5664707c8edb6d9b7da2e0b74dac0b87e1334a0339531,"{""d"":7,""p"":0.00046415888336127773,""r"":7}",
        96,         0,         0,   0.311,correlated_pymatching,ba9ef6fd67b86a3622e5664707c8edb6d9b7da2e0b74dac0b87e1334a0339531,"{""d"":7,""p"":0.00046415888336127773,""r"":7}",
        13,         0,         0,   0.283,correlated_pymatching,ba9ef6fd67b86a3622e5664707c8edb6d9b7da2e0b74dac0b87e1334a0339531,"{""d"":7,""p"":0.00046415888336127773,""r"":7}",
        96,         0,         0,   0.286,correlated_pymatching,ba9ef6fd67b86a3622e5664707c8edb6d9b7da2e0b74dac0b87e1334a0339531,"{""d"":7,""p"":0.00046415888336127773,""r"":7}",
        96,         0,         0,   0.293,correlated_pymatching,ba9ef6fd67b86a3622e5664707c8edb6d9b7da2e0b74dac0b87e1334a0339531,"{""d"":7,""p"":0.00046415888336127773,""r"":7}",
        22,         0,         0,   0.290,correlated_pymatching,ba9ef6fd67b86a3622e5664707c8edb6d9b7da2e0b74dac0b87e1334a0339531,"{""d"":7,""p"":0.00046415888336127773,""r"":7}",
        16,         0,         0,   0.316,correlated_pymatching,ba9ef6fd67b86a3622e5664707c8edb6d9b7da2e0b74dac0b87e1334a0339531,"{""d"":7,""p"":0.00046415888336127773,""r"":7}",
        29,         0,         0,   0.283,correlated_pymatching,ba9ef6fd67b86a3622e5664707c8edb6d9b7da2e0b74dac0b87e1334a0339531,"{""d"":7,""p"":0.00046415888336127773,""r"":7}",
         7,         0,         0,   0.298,correlated_pymatching,ba9ef6fd67b86a3622e5664707c8edb6d9b7da2e0b74dac0b87e1334a0339531,"{""d"":7,""p"":0.00046415888336127773,""r"":7}",
        76,         0,         0,   0.306,correlated_pymatching,ba9ef6fd67b86a3622e5664707c8edb6d9b7da2e0b74dac0b87e1334a0339531,"{""d"":7,""p"":0.00046415888336127773,""r"":7}",
        67,         0,         0,   0.286,correlated_pymatching,ba9ef6fd67b86a3622e5664707c8edb6d9b7da2e0b74dac0b87e1334a0339531,"{""d"":7,""p"":0.00046415888336127773,""r"":7}",
        57,         0,         0,   0.289,correlated_pymatching,ba9ef6fd67b86a3622e5664707c8edb6d9b7da2e0b74dac0b87e1334a0339531,"{""d"":7,""p"":0.00046415888336127773,""r"":7}",
        63,         0,         0,   0.297,correlated_pymatching,ba9ef6fd67b86a3622e5664707c8edb6d9b7da2e0b74dac0b87e1334a0339531,"{""d"":7,""p"":0.00046415888336127773,""r"":7}",
        23,         0,         0,   0.301,correlated_pymatching,ba9ef6fd67b86a3622e5664707c8edb6d9b7da2e0b74dac0b87e1334a0339531,"{""d"":7,""p"":0.00046415888336127773,""r"":7}",
        15,         0,         0,   0.294,correlated_pymatching,ba9ef6fd67b86a3622e5664707c8edb6d9b7da2e0b74dac0b87e1334a0339531,"{""d"":7,""p"":0.00046415888336127773,""r"":7}",
        96,         0,         0,   0.921,correlated_pymatching,ba9ef6fd67b86a3622e5664707c8edb6d9b7da2e0b74dac0b87e1334a0339531,"{""d"":7,""p"":0.00046415888336127773,""r"":7}",
        49,         1,         0,   0.283,correlated_pymatching,ba9ef6fd67b86a3622e5664707c8edb6d9b7da2e0b74dac0b87e1334a0339531,"{""d"":7,""p"":0.00046415888336127773,""r"":7}","{""obs_mistake_mask=E"":1}"
        58,         0,         0,   0.305,correlated_pymatching,ba9ef6fd67b86a3622e5664707c8edb6d9b7da2e0b74dac0b87e1334a0339531,"{""d"":7,""p"":0.00046415888336127773,""r"":7}",
        58,         0,         0,   0.306,correlated_pymatching,ba9ef6fd67b86a3622e5664707c8edb6d9b7da2e0b74dac0b87e1334a0339531,"{""d"":7,""p"":0.00046415888336127773,""r"":7}",
        46,         0,         0,   0.290,correlated_pymatching,ba9ef6fd67b86a3622e5664707c8edb6d9b7da2e0b74dac0b87e1334a0339531,"{""d"":7,""p"":0.00046415888336127773,""r"":7}",
        64,         0,         0,    1.22,correlated_pymatching,ba9ef6fd67b86a3622e5664707c8edb6d9b7da2e0b74dac0b87e1334a0339531,"{""d"":7,""p"":0.00046415888336127773,""r"":7}",
        48,         0,         0,   0.286,correlated_pymatching,ba9ef6fd67b86a3622e5664707c8edb6d9b7da2e0b74dac0b87e1334a0339531,"{""d"":7,""p"":0.00046415888336127773,""r"":7}",
         6,         0,         0,   0.281,correlated_pymatching,ba9ef6fd67b86a3622e5664707c8edb6d9b7da2e0b74dac0b87e1334a0339531,"{""d"":7,""p"":0.00046415888336127773,""r"":7}",
        53,         0,         0,   0.302,correlated_pymatching,ba9ef6fd67b86a3622e5664707c8edb6d9b7da2e0b74dac0b87e1334a0339531,"{""d"":7,""p"":0.00046415888336127773,""r"":7}",
        64,         0,         0,    1.22,correlated_pymatching,ba9ef6fd67b86a3622e5664707c8edb6d9b7da2e0b74dac0b87e1334a0339531,"{""d"":7,""p"":0.00046415888336127773,""r"":7}",
        51,         0,         0,   0.305,correlated_pymatching,ba9ef6fd67b86a3622e5664707c8edb6d9b7da2e0b74dac0b87e1334a0339531,"{""d"":7,""p"":0.00046415888336127773,""r"":7}",
        64,         0,         0,    1.24,correlated_pymatching,ba9ef6fd67b86a3622e5664707c8edb6d9b7da2e0b74dac0b87e1334a0339531,"{""d"":7,""p"":0.00046415888336127773,""r"":7}",
        34,         0,         0,   0.298,correlated_pymatching,ba9ef6fd67b86a3622e5664707c8edb6d9b7da2e0b74dac0b87e1334a0339531,"{""d"":7,""p"":0.00046415888336127773,""r"":7}",
        39,         0,         0,   0.299,correlated_pymatching,ba9ef6fd67b86a3622e5664707c8edb6d9b7da2e0b74dac0b87e1334a0339531,"{""d"":7,""p"":0.00046415888336127773,""r"":7}",
        14,         0,         0,   0.298,correlated_pymatching,ba9ef6fd67b86a3622e5664707c8edb6d9b7da2e0b74dac0b87e1334a0339531,"{""d"":7,""p"":0.00046415888336127773,""r"":7}",
        34,         0,         0,   0.300,correlated_pymatching,ba9ef6fd67b86a3622e5664707c8edb6d9b7da2e0b74dac0b87e1334a0339531,"{""d"":7,""p"":0.00046415888336127773,""r"":7}",
        26,         0,         0,   0.283,correlated_pymatching,ba9ef6fd67b86a3622e5664707c8edb6d9b7da2e0b74dac0b87e1334a0339531,"{""d"":7,""p"":0.00046415888336127773,""r"":7}",
        43,         0,         0,   0.289,correlated_pymatching,ba9ef6fd67b86a3622e5664707c8edb6d9b7da2e0b74dac0b87e1334a0339531,"{""d"":7,""p"":0.00046415888336127773,""r"":7}",
        43,         0,         0,   0.287,correlated_pymatching,ba9ef6fd67b86a3622e5664707c8edb6d9b7da2e0b74dac0b87e1334a0339531,"{""d"":7,""p"":0.00046415888336127773,""r"":7}",
        31,         0,         0,   0.291,correlated_pymatching,ba9ef6fd67b86a3622e5664707c8edb6d9b7da2e0b74dac0b87e1334a0339531,"{""d"":7,""p"":0.00046415888336127773,""r"":7}",
        22,         0,         0,   0.287,correlated_pymatching,ba9ef6fd67b86a3622e5664707c8edb6d9b7da2e0b74dac0b87e1334a0339531,"{""d"":7,""p"":0.00046415888336127773,""r"":7}",
        29,         0,         0,   0.283,correlated_pymatching,ba9ef6fd67b86a3622e5664707c8edb6d9b7da2e0b74dac0b87e1334a0339531,"{""d"":7,""p"":0.00046415888336127773,""r"":7}",
        13,         0,         0,   0.295,correlated_pymatching,ba9ef6fd67b86a3622e5664707c8edb6d9b7da2e0b74dac0b87e1334a0339531,"{""d"":7,""p"":0.00046415888336127773,""r"":7}",
         5,         0,         0,   0.281,correlated_pymatching,ba9ef6fd67b86a3622e5664707c8edb6d9b7da2e0b74dac0b87e1334a0339531,"{""d"":7,""p"":0.00046415888336127773,""r"":7}",
         2,         0,         0,   0.290,correlated_pymatching,ba9ef6fd67b86a3622e5664707c8edb6d9b7da2e0b74dac0b87e1334a0339531,"{""d"":7,""p"":0.00046415888336127773,""r"":7}",
        36,         0,         0,    2.46,correlated_pymatching,ba9ef6fd67b86a3622e5664707c8edb6d9b7da2e0b74dac0b87e1334a0339531,"{""d"":7,""p"":0.00046415888336127773,""r"":7}",
        22,         0,         0,   0.282,correlated_pymatching,ba9ef6fd67b86a3622e5664707c8edb6d9b7da2e0b74dac0b87e1334a0339531,"{""d"":7,""p"":0.00046415888336127773,""r"":7}",
        25,         0,         0,   0.298,correlated_pymatching,ba9ef6fd67b86a3622e5664707c8edb6d9b7da2e0b74dac0b87e1334a0339531,"{""d"":7,""p"":0.00046415888336127773,""r"":7}",
         7,         0,         0,   0.298,correlated_pymatching,ba9ef6fd67b86a3622e5664707c8edb6d9b7da2e0b74dac0b87e1334a0339531,"{""d"":7,""p"":0.00046415888336127773,""r"":7}",
         1,         0,         0,   0.278,correlated_pymatching,ba9ef6fd67b86a3622e5664707c8edb6d9b7da2e0b74dac0b87e1334a0339531,"{""d"":7,""p"":0.00046415888336127773,""r"":7}",
         5,         0,         0,   0.298,correlated_pymatching,ba9ef6fd67b86a3622e5664707c8edb6d9b7da2e0b74dac0b87e1334a0339531,"{""d"":7,""p"":0.00046415888336127773,""r"":7}",
        22,         0,         0,   0.298,correlated_pymatching,ba9ef6fd67b86a3622e5664707c8edb6d9b7da2e0b74dac0b87e1334a0339531,"{""d"":7,""p"":0.00046415888336127773,""r"":7}",
         1,         0,         0,   0.294,correlated_pymatching,ba9ef6fd67b86a3622e5664707c8edb6d9b7da2e0b74dac0b87e1334a0339531,"{""d"":7,""p"":0.00046415888336127773,""r"":7}",
        18,         0,         0,   0.281,correlated_pymatching,ba9ef6fd67b86a3622e5664707c8edb6d9b7da2e0b74dac0b87e1334a0339531,"{""d"":7,""p"":0.00046415888336127773,""r"":7}",
        18,         0,         0,   0.282,correlated_pymatching,ba9ef6fd67b86a3622e5664707c8edb6d9b7da2e0b74dac0b87e1334a0339531,"{""d"":7,""p"":0.00046415888336127773,""r"":7}",
         2,         0,         0,   0.292,correlated_pymatching,ba9ef6fd67b86a3622e5664707c8edb6d9b7da2e0b74dac0b87e1334a0339531,"{""d"":7,""p"":0.00046415888336127773,""r"":7}",
        16,         0,         0,   0.287,correlated_pymatching,ba9ef6fd67b86a3622e5664707c8edb6d9b7da2e0b74dac0b87e1334a0339531,"{""d"":7,""p"":0.00046415888336127773,""r"":7}",
        18,         0,         0,   0.295,correlated_pymatching,ba9ef6fd67b86a3622e5664707c8edb6d9b7da2e0b74dac0b87e1334a0339531,"{""d"":7,""p"":0.00046415888336127773,""r"":7}",
        15,         0,         0,   0.283,correlated_pymatching,ba9ef6fd67b86a3622e5664707c8edb6d9b7da2e0b74dac0b87e1334a0339531,"{""d"":7,""p"":0.00046415888336127773,""r"":7}",
        10,         0,         0,   0.281,correlated_pymatching,ba9ef6fd67b86a3622e5664707c8edb6d9b7da2e0b74dac0b87e1334a0339531,"{""d"":7,""p"":0.00046415888336127773,""r"":7}",
        12,         0,         0,   0.295,correlated_pymatching,ba9ef6fd67b86a3622e5664707c8edb6d9b7da2e0b74dac0b87e1334a0339531,"{""d"":7,""p"":0.00046415888336127773,""r"":7}",
        18,         0,         0,    1.85,correlated_pymatching,ba9ef6fd67b86a3622e5664707c8edb6d9b7da2e0b74dac0b87e1334a0339531,"{""d"":7,""p"":0.00046415888336127773,""r"":7}",
         1,         0,         0,   0.289,correlated_pymatching,ba9ef6fd67b86a3622e5664707c8edb6d9b7da2e0b74dac0b87e1334a0339531,"{""d"":7,""p"":0.00046415888336127773,""r"":7}",
         9,         0,         0,   0.298,correlated_pymatching,ba9ef6fd67b86a3622e5664707c8edb6d9b7da2e0b74dac0b87e1334a0339531,"{""d"":7,""p"":0.00046415888336127773,""r"":7}",
        23,         0,         0,    1.84,correlated_pymatching,ba9ef6fd67b86a3622e5664707c8edb6d9b7da2e0b74dac0b87e1334a0339531,"{""d"":7,""p"":0.00046415888336127773,""r"":7}",
         9,         0,         0,   0.297,correlated_pymatching,ba9ef6fd67b86a3622e5664707c8edb6d9b7da2e0b74dac0b87e1334a0339531,"{""d"":7,""p"":0.00046415888336127773,""r"":7}",
        11,         0,         0,   0.299,correlated_pymatching,ba9ef6fd67b86a3622e5664707c8edb6d9b7da2e0b74dac0b87e1334a0339531,"{""d"":7,""p"":0.00046415888336127773,""r"":7}",
        11,         0,         0,   0.303,correlated_pymatching,ba9ef6fd67b86a3622e5664707c8edb6d9b7da2e0b74dac0b87e1334a0339531,"{""d"":7,""p"":0.00046415888336127773,""r"":7}",
         1,         0,         0,   0.275,correlated_pymatching,ba9ef6fd67b86a3622e5664707c8edb6d9b7da2e0b74dac0b87e1334a0339531,"{""d"":7,""p"":0.00046415888336127773,""r"":7}",
         1,         0,         0,   0.295,correlated_pymatching,ba9ef6fd67b86a3622e5664707c8edb6d9b7da2e0b74dac0b87e1334a0339531,"{""d"":7,""p"":0.00046415888336127773,""r"":7}",
        17,         0,         0,   0.597,correlated_pymatching,ba9ef6fd67b86a3622e5664707c8edb6d9b7da2e0b74dac0b87e1334a0339531,"{""d"":7,""p"":0.00046415888336127773,""r"":7}",
         4,         0,         0,   0.278,correlated_pymatching,ba9ef6fd67b86a3622e5664707c8edb6d9b7da2e0b74dac0b87e1334a0339531,"{""d"":7,""p"":0.00046415888336127773,""r"":7}",
         8,         0,         0,   0.289,correlated_pymatching,ba9ef6fd67b86a3622e5664707c8edb6d9b7da2e0b74dac0b87e1334a0339531,"{""d"":7,""p"":0.00046415888336127773,""r"":7}",
         7,         0,         0,   0.285,correlated_pymatching,ba9ef6fd67b86a3622e5664707c8edb6d9b7da2e0b74dac0b87e1334a0339531,"{""d"":7,""p"":0.00046415888336127773,""r"":7}",
         1,         0,         0,   0.288,correlated_pymatching,ba9ef6fd67b86a3622e5664707c8edb6d9b7da2e0b74dac0b87e1334a0339531,"{""d"":7,""p"":0.00046415888336127773,""r"":7}",
         1,         0,         0,   0.279,correlated_pymatching,ba9ef6fd67b86a3622e5664707c8edb6d9b7da2e0b74dac0b87e1334a0339531,"{""d"":7,""p"":0.00046415888336127773,""r"":7}",
         7,         0,         0,   0.287,correlated_pymatching,ba9ef6fd67b86a3622e5664707c8edb6d9b7da2e0b74dac0b87e1334a0339531,"{""d"":7,""p"":0.00046415888336127773,""r"":7}",
         7,         0,         0,   0.298,correlated_pymatching,ba9ef6fd67b86a3622e5664707c8edb6d9b7da2e0b74dac0b87e1334a0339531,"{""d"":7,""p"":0.00046415888336127773,""r"":7}",
         7,         0,         0,   0.293,correlated_pymatching,ba9ef6fd67b86a3622e5664707c8edb6d9b7da2e0b74dac0b87e1334a0339531,"{""d"":7,""p"":0.00046415888336127773,""r"":7}",
         1,         0,         0,   0.290,correlated_pymatching,ba9ef6fd67b86a3622e5664707c8edb6d9b7da2e0b74dac0b87e1334a0339531,"{""d"":7,""p"":0.00046415888336127773,""r"":7}",
         7,         0,         0,   0.300,correlated_pymatching,ba9ef6fd67b86a3622e5664707c8edb6d9b7da2e0b74dac0b87e1334a0339531,"{""d"":7,""p"":0.00046415888336127773,""r"":7}",
         1,         0,         0,   0.298,correlated_pymatching,ba9ef6fd67b86a3622e5664707c8edb6d9b7da2e0b74dac0b87e1334a0339531,"{""d"":7,""p"":0.00046415888336127773,""r"":7}",
         6,         0,         0,   0.293,correlated_pymatching,ba9ef6fd67b86a3622e5664707c8edb6d9b7da2e0b74dac0b87e1334a0339531,"{""d"":7,""p"":0.00046415888336127773,""r"":7}",
         7,         0,         0,    2.15,correlated_pymatching,ba9ef6fd67b86a3622e5664707c8edb6d9b7da2e0b74dac0b87e1334a0339531,"{""d"":7,""p"":0.00046415888336127773,""r"":7}",
         4,         0,         0,   0.301,correlated_pymatching,ba9ef6fd67b86a3622e5664707c8edb6d9b7da2e0b74dac0b87e1334a0339531,"{""d"":7,""p"":0.00046415888336127773,""r"":7}",
         1,         0,         0,   0.298,correlated_pymatching,ba9ef6fd67b86a3622e5664707c8edb6d9b7da2e0b74dac0b87e1334a0339531,"{""d"":7,""p"":0.00046415888336127773,""r"":7}",
         5,         0,         0,   0.290,correlated_pymatching,ba9ef6fd67b86a3622e5664707c8edb6d9b7da2e0b74dac0b87e1334a0339531,"{""d"":7,""p"":0.00046415888336127773,""r"":7}",
         5,         0,         0,   0.293,correlated_pymatching,ba9ef6fd67b86a3622e5664707c8edb6d9b7da2e0b74dac0b87e1334a0339531,"{""d"":7,""p"":0.00046415888336127773,""r"":7}",
         5,         0,         0,   0.291,correlated_pymatching,ba9ef6fd67b86a3622e5664707c8edb6d9b7da2e0b74dac0b87e1334a0339531,"{""d"":7,""p"":0.00046415888336127773,""r"":7}",
         5,         0,         0,   0.293,correlated_pymatching,ba9ef6fd67b86a3622e5664707c8edb6d9b7da2e0b74dac0b87e1334a0339531,"{""d"":7,""p"":0.00046415888336127773,""r"":7}",
         5,         0,         0,   0.297,correlated_pymatching,ba9ef6fd67b86a3622e5664707c8edb6d9b7da2e0b74dac0b87e1334a0339531,"{""d"":7,""p"":0.00046415888336127773,""r"":7}",
         6,         0,         0,    2.89,correlated_pymatching,ba9ef6fd67b86a3622e5664707c8edb6d9b7da2e0b74dac0b87e1334a0339531,"{""d"":7,""p"":0.00046415888336127773,""r"":7}",
         1,         0,         0,   0.285,correlated_pymatching,ba9ef6fd67b86a3622e5664707c8edb6d9b7da2e0b74dac0b87e1334a0339531,"{""d"":7,""p"":0.00046415888336127773,""r"":7}",
         3,         0,         0,   0.287,correlated_pymatching,ba9ef6fd67b86a3622e5664707c8edb6d9b7da2e0b74dac0b87e1334a0339531,"{""d"":7,""p"":0.00046415888336127773,""r"":7}",
         1,         0,         0,   0.287,correlated_pymatching,ba9ef6fd67b86a3622e5664707c8edb6d9b7da2e0b74dac0b87e1334a0339531,"{""d"":7,""p"":0.00046415888336127773,""r"":7}",
         2,         0,         0,   0.275,correlated_pymatching,ba9ef6fd67b86a3622e5664707c8edb6d9b7da2e0b74dac0b87e1334a0339531,"{""d"":7,""p"":0.00046415888336127773,""r"":7}",
         2,         0,         0,   0.296,correlated_pymatching,ba9ef6fd67b86a3622e5664707c8edb6d9b7da2e0b74dac0b87e1334a0339531,"{""d"":7,""p"":0.00046415888336127773,""r"":7}",
         2,         0,         0,   0.294,correlated_pymatching,ba9ef6fd67b86a3622e5664707c8edb6d9b7da2e0b74dac0b87e1334a0339531,"{""d"":7,""p"":0.00046415888336127773,""r"":7}",
         2,         0,         0,   0.296,correlated_pymatching,ba9ef6fd67b86a3622e5664707c8edb6d9b7da2e0b74dac0b87e1334a0339531,"{""d"":7,""p"":0.00046415888336127773,""r"":7}",
         2,         0,         0,   0.302,correlated_pymatching,ba9ef6fd67b86a3622e5664707c8edb6d9b7da2e0b74dac0b87e1334a0339531,"{""d"":7,""p"":0.00046415888336127773,""r"":7}",
         2,         0,         0,   0.279,correlated_pymatching,ba9ef6fd67b86a3622e5664707c8edb6d9b7da2e0b74dac0b87e1334a0339531,"{""d"":7,""p"":0.00046415888336127773,""r"":7}",
         2,         0,         0,   0.285,correlated_pymatching,ba9ef6fd67b86a3622e5664707c8edb6d9b7da2e0b74dac0b87e1334a0339531,"{""d"":7,""p"":0.00046415888336127773,""r"":7}",
         2,         0,         0,   0.286,correlated_pymatching,ba9ef6fd67b86a3622e5664707c8edb6d9b7da2e0b74dac0b87e1334a0339531,"{""d"":7,""p"":0.00046415888336127773,""r"":7}",
         2,         0,         0,   0.297,correlated_pymatching,ba9ef6fd67b86a3622e5664707c8edb6d9b7da2e0b74dac0b87e1334a0339531,"{""d"":7,""p"":0.00046415888336127773,""r"":7}",
         2,         0,         0,   0.296,correlated_pymatching,ba9ef6fd67b86a3622e5664707c8edb6d9b7da2e0b74dac0b87e1334a0339531,"{""d"":7,""p"":0.00046415888336127773,""r"":7}",
         2,         0,         0,   0.294,correlated_pymatching,ba9ef6fd67b86a3622e5664707c8edb6d9b7da2e0b74dac0b87e1334a0339531,"{""d"":7,""p"":0.00046415888336127773,""r"":7}",
         6,         0,         0,    2.93,correlated_pymatching,ba9ef6fd67b86a3622e5664707c8edb6d9b7da2e0b74dac0b87e1334a0339531,"{""d"":7,""p"":0.00046415888336127773,""r"":7}",
         1,         0,         0,   0.286,correlated_pymatching,ba9ef6fd67b86a3622e5664707c8edb6d9b7da2e0b74dac0b87e1334a0339531,"{""d"":7,""p"":0.00046415888336127773,""r"":7}",
         1,         0,         0,   0.283,correlated_pymatching,ba9ef6fd67b86a3622e5664707c8edb6d9b7da2e0b74dac0b87e1334a0339531,"{""d"":7,""p"":0.00046415888336127773,""r"":7}",
